"../../../Engine/Content/EditorResources/S_Actor.ubulk" 0
"../../../Engine/Content/EditorResources/S_Actor.uasset" 1
"../../../Engine/Content/EditorResources/S_Actor.uexp" 2
"../../../Engine/Content/EditorResources/S_BoxReflectionCapture.uasset" 3
"../../../Engine/Content/EditorResources/S_BoxReflectionCapture.uexp" 4
"../../../Engine/Content/EngineResources/DefaultTexture.ubulk" 5
"../../../Engine/Content/EngineResources/DefaultTexture.uasset" 6
"../../../Engine/Content/EngineResources/DefaultTexture.uexp" 7
"../../../Engine/Content/EngineResources/DefaultTextureCube.uasset" 8
"../../../Engine/Content/EngineResources/DefaultTextureCube.uexp" 9
"../../../Engine/Content/EngineResources/DefaultVolumeTexture2D.uasset" 10
"../../../Engine/Content/EngineResources/DefaultVolumeTexture2D.uexp" 11
"../../../Engine/Content/EngineResources/DefaultVolumeTexture.uasset" 12
"../../../Engine/Content/EngineResources/DefaultVolumeTexture.uexp" 13
"../../../Engine/Content/EditorResources/S_Trigger.ubulk" 14
"../../../Engine/Content/EditorResources/S_Trigger.uasset" 15
"../../../Engine/Content/EditorResources/S_Trigger.uexp" 16
"../../../Engine/Content/EditorResources/S_TriggerBox.uasset" 17
"../../../Engine/Content/EditorResources/S_TriggerBox.uexp" 18
"../../../Engine/Content/EditorResources/S_TriggerCapsule.uasset" 19
"../../../Engine/Content/EditorResources/S_TriggerCapsule.uexp" 20
"../../../Engine/Content/EditorResources/S_TriggerSphere.uasset" 21
"../../../Engine/Content/EditorResources/S_TriggerSphere.uexp" 22
"../../../Engine/Content/EngineMeshes/Sphere.ubulk" 23
"../../../Engine/Content/EngineMeshes/Sphere.uasset" 24
"../../../Engine/Content/EngineMeshes/Sphere.uexp" 25
"../../../Engine/Content/EngineResources/GradientTexture0.uasset" 26
"../../../Engine/Content/EngineResources/GradientTexture0.uexp" 27
"../../../Engine/Content/VREditor/LaserPointer/VR_LaserPower_01.ubulk" 28
"../../../Engine/Content/VREditor/LaserPointer/VR_LaserPower_01.uasset" 29
"../../../Engine/Content/VREditor/LaserPointer/VR_LaserPower_01.uexp" 30
"../../../Engine/Content/VREditor/TransformGizmo/TransformGizmoMaterial.uasset" 31
"../../../Engine/Content/VREditor/TransformGizmo/TransformGizmoMaterial.uexp" 32
"../../../Engine/Content/VREditor/TransformGizmo/TranslucentTransformGizmoMaterial.uasset" 33
"../../../Engine/Content/VREditor/TransformGizmo/TranslucentTransformGizmoMaterial.uexp" 34
"../../../Engine/Content/VREditor/TransformGizmo/PlaneTranslationHandle.ubulk" 35
"../../../Engine/Content/VREditor/TransformGizmo/PlaneTranslationHandle.uasset" 36
"../../../Engine/Content/VREditor/TransformGizmo/PlaneTranslationHandle.uexp" 37
"../../../Engine/Content/VREditor/TransformGizmo/BoundingBoxCorner.ubulk" 38
"../../../Engine/Content/VREditor/TransformGizmo/BoundingBoxCorner.uasset" 39
"../../../Engine/Content/VREditor/TransformGizmo/BoundingBoxCorner.uexp" 40
"../../../Engine/Content/VREditor/TransformGizmo/BoundingBoxEdge.ubulk" 41
"../../../Engine/Content/VREditor/TransformGizmo/BoundingBoxEdge.uasset" 42
"../../../Engine/Content/VREditor/TransformGizmo/BoundingBoxEdge.uexp" 43
"../../../Engine/Content/VREditor/TransformGizmo/Main.uasset" 44
"../../../Engine/Content/VREditor/TransformGizmo/Main.uexp" 45
"../../../Engine/Content/VREditor/TransformGizmo/Xray.uasset" 46
"../../../Engine/Content/VREditor/TransformGizmo/Xray.uexp" 47
"../../../Engine/Content/VREditor/TransformGizmo/SM_Sequencer_Node.ubulk" 48
"../../../Engine/Content/VREditor/TransformGizmo/SM_Sequencer_Node.uasset" 49
"../../../Engine/Content/VREditor/TransformGizmo/SM_Sequencer_Node.uexp" 50
"../../../Engine/Content/EditorMaterials/Camera/CineMat.uasset" 51
"../../../Engine/Content/EditorMaterials/Camera/CineMat.uexp" 52
"../../../Engine/Content/EditorMaterials/Camera/MI_CineMat_Rig.uasset" 53
"../../../Engine/Content/EditorMaterials/Camera/MI_CineMat_Rig.uexp" 54
"../../../Engine/Content/EditorMeshes/Camera/SM_CraneRig_Base.ubulk" 55
"../../../Engine/Content/EditorMeshes/Camera/SM_CraneRig_Base.uasset" 56
"../../../Engine/Content/EditorMeshes/Camera/SM_CraneRig_Base.uexp" 57
"../../../Engine/Content/EditorMeshes/Camera/SM_CraneRig_Arm.ubulk" 58
"../../../Engine/Content/EditorMeshes/Camera/SM_CraneRig_Arm.uasset" 59
"../../../Engine/Content/EditorMeshes/Camera/SM_CraneRig_Arm.uexp" 60
"../../../Engine/Content/EditorMeshes/Camera/SM_CraneRig_Mount.ubulk" 61
"../../../Engine/Content/EditorMeshes/Camera/SM_CraneRig_Mount.uasset" 62
"../../../Engine/Content/EditorMeshes/Camera/SM_CraneRig_Mount.uexp" 63
"../../../Engine/Content/EditorMeshes/Camera/SM_CraneRig_Body.ubulk" 64
"../../../Engine/Content/EditorMeshes/Camera/SM_CraneRig_Body.uasset" 65
"../../../Engine/Content/EditorMeshes/Camera/SM_CraneRig_Body.uexp" 66
"../../../Engine/Content/EditorMeshes/Camera/SM_RailRig_Track.ubulk" 67
"../../../Engine/Content/EditorMeshes/Camera/SM_RailRig_Track.uasset" 68
"../../../Engine/Content/EditorMeshes/Camera/SM_RailRig_Track.uexp" 69
"../../../Engine/Content/EditorMeshes/Camera/SM_RailRig_Mount.ubulk" 70
"../../../Engine/Content/EditorMeshes/Camera/SM_RailRig_Mount.uasset" 71
"../../../Engine/Content/EditorMeshes/Camera/SM_RailRig_Mount.uexp" 72
"../../../Engine/Content/EngineMaterials/T_Default_Material_Grid_M.ubulk" 73
"../../../Engine/Content/EngineMaterials/T_Default_Material_Grid_M.uasset" 74
"../../../Engine/Content/EngineMaterials/T_Default_Material_Grid_M.uexp" 75
"../../../Engine/Content/EngineMaterials/T_Default_Material_Grid_N.ubulk" 76
"../../../Engine/Content/EngineMaterials/T_Default_Material_Grid_N.uasset" 77
"../../../Engine/Content/EngineMaterials/T_Default_Material_Grid_N.uexp" 78
"../../../Engine/Content/Functions/Engine_MaterialFunctions01/Opacity/CameraDepthFade.uasset" 79
"../../../Engine/Content/Functions/Engine_MaterialFunctions01/Opacity/CameraDepthFade.uexp" 80
"../../../Engine/Content/EngineMaterials/WorldGridMaterial.uasset" 81
"../../../Engine/Content/EngineMaterials/WorldGridMaterial.uexp" 82
"../../../Engine/Content/ArtTools/RenderToTexture/Meshes/S_1_Unit_Plane.ubulk" 83
"../../../Engine/Content/ArtTools/RenderToTexture/Meshes/S_1_Unit_Plane.uasset" 84
"../../../Engine/Content/ArtTools/RenderToTexture/Meshes/S_1_Unit_Plane.uexp" 85
"../../../Engine/Content/EditorMaterials/ParticleSystems/PSysThumbnail_NoImage.ubulk" 86
"../../../Engine/Content/EditorMaterials/ParticleSystems/PSysThumbnail_NoImage.uasset" 87
"../../../Engine/Content/EditorMaterials/ParticleSystems/PSysThumbnail_NoImage.uexp" 88
"../../../Engine/Content/EditorMaterials/ParticleSystems/PSysThumbnail_OOD.ubulk" 89
"../../../Engine/Content/EditorMaterials/ParticleSystems/PSysThumbnail_OOD.uasset" 90
"../../../Engine/Content/EditorMaterials/ParticleSystems/PSysThumbnail_OOD.uexp" 91
"../../../Engine/Content/EditorLandscapeResources/SplineEditorMeshMat.uasset" 92
"../../../Engine/Content/EditorLandscapeResources/SplineEditorMeshMat.uexp" 93
"../../../Engine/Content/EditorLandscapeResources/SplineEditorMesh.ubulk" 94
"../../../Engine/Content/EditorLandscapeResources/SplineEditorMesh.uasset" 95
"../../../Engine/Content/EditorLandscapeResources/SplineEditorMesh.uexp" 96
"../../../Engine/Content/EditorResources/S_Solver.ubulk" 97
"../../../Engine/Content/EditorResources/S_Solver.uasset" 98
"../../../Engine/Content/EditorResources/S_Solver.uexp" 99
"../../../Engine/Plugins/Media/MediaPlate/Content/SM_MediaPlateScreen.ubulk" 100
"../../../Engine/Plugins/Media/MediaPlate/Content/SM_MediaPlateScreen.uasset" 101
"../../../Engine/Plugins/Media/MediaPlate/Content/SM_MediaPlateScreen.uexp" 102
"../../../Engine/Content/EngineMaterials/DefaultBokeh.uasset" 103
"../../../Engine/Content/EngineMaterials/DefaultBokeh.uexp" 104
"../../../Engine/Content/EngineMaterials/PreintegratedSkinBRDF.uasset" 105
"../../../Engine/Content/EngineMaterials/PreintegratedSkinBRDF.uexp" 106
"../../../Engine/Content/EngineMaterials/MiniFont.uasset" 107
"../../../Engine/Content/EngineMaterials/MiniFont.uexp" 108
"../../../Engine/Content/EngineMaterials/WeightMapPlaceholderTexture.uasset" 109
"../../../Engine/Content/EngineMaterials/WeightMapPlaceholderTexture.uexp" 110
"../../../Engine/Content/EngineMaterials/DefaultWhiteGrid.ubulk" 111
"../../../Engine/Content/EngineMaterials/DefaultWhiteGrid.uasset" 112
"../../../Engine/Content/EngineMaterials/DefaultWhiteGrid.uexp" 113
"../../../Engine/Plugins/2D/Paper2D/Content/PlaceholderTextures/DummySpriteTexture.ubulk" 114
"../../../Engine/Plugins/2D/Paper2D/Content/PlaceholderTextures/DummySpriteTexture.uasset" 115
"../../../Engine/Plugins/2D/Paper2D/Content/PlaceholderTextures/DummySpriteTexture.uexp" 116
"../../../Engine/Plugins/2D/Paper2D/Content/DefaultSpriteMaterial.uasset" 117
"../../../Engine/Plugins/2D/Paper2D/Content/DefaultSpriteMaterial.uexp" 118
"../../../Engine/Plugins/2D/Paper2D/Content/OpaqueUnlitSpriteMaterial.uasset" 119
"../../../Engine/Plugins/2D/Paper2D/Content/OpaqueUnlitSpriteMaterial.uexp" 120
"../../../Engine/Plugins/2D/Paper2D/Content/MaskedUnlitSpriteMaterial.uasset" 121
"../../../Engine/Plugins/2D/Paper2D/Content/MaskedUnlitSpriteMaterial.uexp" 122
"../../../Engine/Plugins/2D/Paper2D/Content/DummySprite.uasset" 123
"../../../Engine/Plugins/2D/Paper2D/Content/DummySprite.uexp" 124
"../../../Engine/Plugins/2D/Paper2D/Content/DefaultPaperTerrainMaterial.uasset" 125
"../../../Engine/Plugins/2D/Paper2D/Content/DefaultPaperTerrainMaterial.uexp" 126
"../../../Engine/Content/Functions/Engine_MaterialFunctions02/WorldPositionOffset/CameraOffset.uasset" 127
"../../../Engine/Content/Functions/Engine_MaterialFunctions02/WorldPositionOffset/CameraOffset.uexp" 128
"../../../Engine/Plugins/Animation/ControlRig/Content/M_Manip.uasset" 129
"../../../Engine/Plugins/Animation/ControlRig/Content/M_Manip.uexp" 130
"../../../Engine/Content/Animation/DefaultRecorderBoneCompression.uasset" 131
"../../../Engine/Content/Animation/DefaultRecorderBoneCompression.uexp" 132
"../../../Engine/Plugins/Interchange/Runtime/Content/Pipelines/DefaultTexturePipeline.uasset" 133
"../../../Engine/Plugins/Interchange/Runtime/Content/Pipelines/DefaultTexturePipeline.uexp" 134
"../../../Engine/Plugins/Interchange/Runtime/Content/Pipelines/DefaultSceneLevelPipeline.uasset" 135
"../../../Engine/Plugins/Interchange/Runtime/Content/Pipelines/DefaultSceneLevelPipeline.uexp" 136
"../../../Engine/Plugins/Interchange/Runtime/Content/Pipelines/DefaultSceneAssetsPipeline.uasset" 137
"../../../Engine/Plugins/Interchange/Runtime/Content/Pipelines/DefaultSceneAssetsPipeline.uexp" 138
"../../../Engine/Plugins/Interchange/Runtime/Content/Pipelines/DefaultMaterialPipeline.uasset" 139
"../../../Engine/Plugins/Interchange/Runtime/Content/Pipelines/DefaultMaterialPipeline.uexp" 140
"../../../Engine/Plugins/Interchange/Runtime/Content/Pipelines/DefaultAssetsPipeline.uasset" 141
"../../../Engine/Plugins/Interchange/Runtime/Content/Pipelines/DefaultAssetsPipeline.uexp" 142
"../../../Engine/Plugins/Runtime/MeshModelingToolset/Content/Materials/M_DynamicMeshComponentVtxColor.uasset" 143
"../../../Engine/Plugins/Runtime/MeshModelingToolset/Content/Materials/M_DynamicMeshComponentVtxColor.uexp" 144
"../../../Engine/Plugins/Editor/SpeedTreeImporter/Content/SpeedTree9/game_wind_noise.ubulk" 145
"../../../Engine/Plugins/Editor/SpeedTreeImporter/Content/SpeedTree9/game_wind_noise.uasset" 146
"../../../Engine/Plugins/Editor/SpeedTreeImporter/Content/SpeedTree9/game_wind_noise.uexp" 147
"../../../Engine/Plugins/Editor/SpeedTreeImporter/Content/SpeedTree9/UnpackDirection.uasset" 148
"../../../Engine/Plugins/Editor/SpeedTreeImporter/Content/SpeedTree9/UnpackDirection.uexp" 149
"../../../Engine/Content/Functions/Engine_MaterialFunctions02/ObjectLocalBounds.uasset" 150
"../../../Engine/Content/Functions/Engine_MaterialFunctions02/ObjectLocalBounds.uexp" 151
"../../../Engine/Content/Functions/Engine_MaterialFunctions02/Utility/BreakOutFloat3Components.uasset" 152
"../../../Engine/Content/Functions/Engine_MaterialFunctions02/Utility/BreakOutFloat3Components.uexp" 153
"../../../Engine/Content/Functions/Engine_MaterialFunctions02/UVs/BoundingBoxBased_0-1_UVW.uasset" 154
"../../../Engine/Content/Functions/Engine_MaterialFunctions02/UVs/BoundingBoxBased_0-1_UVW.uexp" 155
"../../../Engine/Content/Functions/Engine_MaterialFunctions02/Utility/VectorLength.uasset" 156
"../../../Engine/Content/Functions/Engine_MaterialFunctions02/Utility/VectorLength.uexp" 157
"../../../Engine/Plugins/Editor/SpeedTreeImporter/Content/SpeedTree9/UnpackInteger3.uasset" 158
"../../../Engine/Plugins/Editor/SpeedTreeImporter/Content/SpeedTree9/UnpackInteger3.uexp" 159
"../../../Engine/Plugins/Editor/SpeedTreeImporter/Content/SpeedTree9/SpeedTreeCameraFacing.uasset" 160
"../../../Engine/Plugins/Editor/SpeedTreeImporter/Content/SpeedTree9/SpeedTreeCameraFacing.uexp" 161
"../../../Engine/Content/Functions/Engine_MaterialFunctions02/WorldPositionOffset/ObjectScale.uasset" 162
"../../../Engine/Content/Functions/Engine_MaterialFunctions02/WorldPositionOffset/ObjectScale.uexp" 163
"../../../Engine/Content/Functions/Engine_MaterialFunctions02/SafeNormalize.uasset" 164
"../../../Engine/Content/Functions/Engine_MaterialFunctions02/SafeNormalize.uexp" 165
"../../../Engine/Plugins/Editor/SpeedTreeImporter/Content/SpeedTree9/SpeedTreeWindMotion.uasset" 166
"../../../Engine/Plugins/Editor/SpeedTreeImporter/Content/SpeedTree9/SpeedTreeWindMotion.uexp" 167
"../../../Engine/Plugins/Editor/SpeedTreeImporter/Content/SpeedTree9/SpeedTreeBranchMotion.uasset" 168
"../../../Engine/Plugins/Editor/SpeedTreeImporter/Content/SpeedTree9/SpeedTreeBranchMotion.uexp" 169
"../../../Engine/Plugins/Editor/SpeedTreeImporter/Content/SpeedTree9/SpeedTreeWind.uasset" 170
"../../../Engine/Plugins/Editor/SpeedTreeImporter/Content/SpeedTree9/SpeedTreeWind.uexp" 171
"../../../Engine/Plugins/Editor/SpeedTreeImporter/Content/SpeedTree9/EmptyNormal.uasset" 172
"../../../Engine/Plugins/Editor/SpeedTreeImporter/Content/SpeedTree9/EmptyNormal.uexp" 173
"../../../Engine/Plugins/Editor/SpeedTreeImporter/Content/SpeedTree9/Empty.uasset" 174
"../../../Engine/Plugins/Editor/SpeedTreeImporter/Content/SpeedTree9/Empty.uexp" 175
"../../../Engine/Plugins/Editor/SpeedTreeImporter/Content/SpeedTree9/SpeedTreeMaster.uasset" 176
"../../../Engine/Plugins/Editor/SpeedTreeImporter/Content/SpeedTree9/SpeedTreeMaster.uexp" 177
"../../../Engine/Plugins/Editor/SpeedTreeImporter/Content/SpeedTree9/SpeedTreeBillboard.uasset" 178
"../../../Engine/Plugins/Editor/SpeedTreeImporter/Content/SpeedTree9/SpeedTreeBillboard.uexp" 179
"../../../Engine/Plugins/Editor/SpeedTreeImporter/Content/SpeedTree9/SpeedTreeBillboardMaster.uasset" 180
"../../../Engine/Plugins/Editor/SpeedTreeImporter/Content/SpeedTree9/SpeedTreeBillboardMaster.uexp" 181
"../../../Engine/Plugins/Animation/ControlRig/Content/Controls/DefaultGizmoLibraryNormalized.uasset" 182
"../../../Engine/Plugins/Animation/ControlRig/Content/Controls/DefaultGizmoLibraryNormalized.uexp" 183
"../../../Engine/Plugins/Animation/ControlRig/Content/Controls/ControlRig_Wedge_solid.ubulk" 184
"../../../Engine/Plugins/Animation/ControlRig/Content/Controls/ControlRig_Wedge_solid.uasset" 185
"../../../Engine/Plugins/Animation/ControlRig/Content/Controls/ControlRig_Wedge_solid.uexp" 186
"../../../Engine/Plugins/Animation/ControlRig/Content/Controls/ControlRig_Wedge_3mm.ubulk" 187
"../../../Engine/Plugins/Animation/ControlRig/Content/Controls/ControlRig_Wedge_3mm.uasset" 188
"../../../Engine/Plugins/Animation/ControlRig/Content/Controls/ControlRig_Wedge_3mm.uexp" 189
"../../../Engine/Plugins/Animation/ControlRig/Content/Controls/ControlRig_Wedge_1mm.ubulk" 190
"../../../Engine/Plugins/Animation/ControlRig/Content/Controls/ControlRig_Wedge_1mm.uasset" 191
"../../../Engine/Plugins/Animation/ControlRig/Content/Controls/ControlRig_Wedge_1mm.uexp" 192
"../../../Engine/Plugins/Animation/ControlRig/Content/Controls/ControlRig_Triangle_solid.ubulk" 193
"../../../Engine/Plugins/Animation/ControlRig/Content/Controls/ControlRig_Triangle_solid.uasset" 194
"../../../Engine/Plugins/Animation/ControlRig/Content/Controls/ControlRig_Triangle_solid.uexp" 195
"../../../Engine/Plugins/Animation/ControlRig/Content/Controls/ControlRig_Triangle_3mm.ubulk" 196
"../../../Engine/Plugins/Animation/ControlRig/Content/Controls/ControlRig_Triangle_3mm.uasset" 197
"../../../Engine/Plugins/Animation/ControlRig/Content/Controls/ControlRig_Triangle_3mm.uexp" 198
"../../../Engine/Plugins/Animation/ControlRig/Content/Controls/ControlRig_Triangle_1mm.ubulk" 199
"../../../Engine/Plugins/Animation/ControlRig/Content/Controls/ControlRig_Triangle_1mm.uasset" 200
"../../../Engine/Plugins/Animation/ControlRig/Content/Controls/ControlRig_Triangle_1mm.uexp" 201
"../../../Engine/Plugins/Animation/ControlRig/Content/Controls/ControlRig_Star4_solid.ubulk" 202
"../../../Engine/Plugins/Animation/ControlRig/Content/Controls/ControlRig_Star4_solid.uasset" 203
"../../../Engine/Plugins/Animation/ControlRig/Content/Controls/ControlRig_Star4_solid.uexp" 204
"../../../Engine/Plugins/Animation/ControlRig/Content/Controls/ControlRig_Star4_3mm.ubulk" 205
"../../../Engine/Plugins/Animation/ControlRig/Content/Controls/ControlRig_Star4_3mm.uasset" 206
"../../../Engine/Plugins/Animation/ControlRig/Content/Controls/ControlRig_Star4_3mm.uexp" 207
"../../../Engine/Plugins/Animation/ControlRig/Content/Controls/ControlRig_Star4_1mm.ubulk" 208
"../../../Engine/Plugins/Animation/ControlRig/Content/Controls/ControlRig_Star4_1mm.uasset" 209
"../../../Engine/Plugins/Animation/ControlRig/Content/Controls/ControlRig_Star4_1mm.uexp" 210
"../../../Engine/Plugins/Animation/ControlRig/Content/Controls/ControlRig_Square_solid.ubulk" 211
"../../../Engine/Plugins/Animation/ControlRig/Content/Controls/ControlRig_Square_solid.uasset" 212
"../../../Engine/Plugins/Animation/ControlRig/Content/Controls/ControlRig_Square_solid.uexp" 213
"../../../Engine/Plugins/Animation/ControlRig/Content/Controls/ControlRig_Square_3mm.ubulk" 214
"../../../Engine/Plugins/Animation/ControlRig/Content/Controls/ControlRig_Square_3mm.uasset" 215
"../../../Engine/Plugins/Animation/ControlRig/Content/Controls/ControlRig_Square_3mm.uexp" 216
"../../../Engine/Plugins/Animation/ControlRig/Content/Controls/ControlRig_Square_1mm.ubulk" 217
"../../../Engine/Plugins/Animation/ControlRig/Content/Controls/ControlRig_Square_1mm.uasset" 218
"../../../Engine/Plugins/Animation/ControlRig/Content/Controls/ControlRig_Square_1mm.uexp" 219
"../../../Engine/Plugins/Animation/ControlRig/Content/Controls/ControlRig_Sphere_solid.ubulk" 220
"../../../Engine/Plugins/Animation/ControlRig/Content/Controls/ControlRig_Sphere_solid.uasset" 221
"../../../Engine/Plugins/Animation/ControlRig/Content/Controls/ControlRig_Sphere_solid.uexp" 222
"../../../Engine/Plugins/Animation/ControlRig/Content/Controls/ControlRig_Sphere_3mm.ubulk" 223
"../../../Engine/Plugins/Animation/ControlRig/Content/Controls/ControlRig_Sphere_3mm.uasset" 224
"../../../Engine/Plugins/Animation/ControlRig/Content/Controls/ControlRig_Sphere_3mm.uexp" 225
"../../../Engine/Plugins/Animation/ControlRig/Content/Controls/ControlRig_Sphere_1mm.ubulk" 226
"../../../Engine/Plugins/Animation/ControlRig/Content/Controls/ControlRig_Sphere_1mm.uasset" 227
"../../../Engine/Plugins/Animation/ControlRig/Content/Controls/ControlRig_Sphere_1mm.uexp" 228
"../../../Engine/Plugins/Animation/ControlRig/Content/Controls/ControlRig_RoundedTriangle_solid.ubulk" 229
"../../../Engine/Plugins/Animation/ControlRig/Content/Controls/ControlRig_RoundedTriangle_solid.uasset" 230
"../../../Engine/Plugins/Animation/ControlRig/Content/Controls/ControlRig_RoundedTriangle_solid.uexp" 231
"../../../Engine/Plugins/Animation/ControlRig/Content/Controls/ControlRig_RoundedTriangle_3mm.ubulk" 232
"../../../Engine/Plugins/Animation/ControlRig/Content/Controls/ControlRig_RoundedTriangle_3mm.uasset" 233
"../../../Engine/Plugins/Animation/ControlRig/Content/Controls/ControlRig_RoundedTriangle_3mm.uexp" 234
"../../../Engine/Plugins/Animation/ControlRig/Content/Controls/ControlRig_RoundedTriangle_1mm.ubulk" 235
"../../../Engine/Plugins/Animation/ControlRig/Content/Controls/ControlRig_RoundedTriangle_1mm.uasset" 236
"../../../Engine/Plugins/Animation/ControlRig/Content/Controls/ControlRig_RoundedTriangle_1mm.uexp" 237
"../../../Engine/Plugins/Animation/ControlRig/Content/Controls/ControlRig_RoundedSquare_solid.ubulk" 238
"../../../Engine/Plugins/Animation/ControlRig/Content/Controls/ControlRig_RoundedSquare_solid.uasset" 239
"../../../Engine/Plugins/Animation/ControlRig/Content/Controls/ControlRig_RoundedSquare_solid.uexp" 240
"../../../Engine/Plugins/Animation/ControlRig/Content/Controls/ControlRig_RoundedSquare_3mm.ubulk" 241
"../../../Engine/Plugins/Animation/ControlRig/Content/Controls/ControlRig_RoundedSquare_3mm.uasset" 242
"../../../Engine/Plugins/Animation/ControlRig/Content/Controls/ControlRig_RoundedSquare_3mm.uexp" 243
"../../../Engine/Plugins/Animation/ControlRig/Content/Controls/ControlRig_RoundedSquare_1mm.ubulk" 244
"../../../Engine/Plugins/Animation/ControlRig/Content/Controls/ControlRig_RoundedSquare_1mm.uasset" 245
"../../../Engine/Plugins/Animation/ControlRig/Content/Controls/ControlRig_RoundedSquare_1mm.uexp" 246
"../../../Engine/Plugins/Animation/ControlRig/Content/Controls/ControlRig_QuarterCircle_solid.ubulk" 247
"../../../Engine/Plugins/Animation/ControlRig/Content/Controls/ControlRig_QuarterCircle_solid.uasset" 248
"../../../Engine/Plugins/Animation/ControlRig/Content/Controls/ControlRig_QuarterCircle_solid.uexp" 249
"../../../Engine/Plugins/Animation/ControlRig/Content/Controls/ControlRig_QuarterCircle_3mm.ubulk" 250
"../../../Engine/Plugins/Animation/ControlRig/Content/Controls/ControlRig_QuarterCircle_3mm.uasset" 251
"../../../Engine/Plugins/Animation/ControlRig/Content/Controls/ControlRig_QuarterCircle_3mm.uexp" 252
"../../../Engine/Plugins/Animation/ControlRig/Content/Controls/ControlRig_QuarterCircle_1mm.ubulk" 253
"../../../Engine/Plugins/Animation/ControlRig/Content/Controls/ControlRig_QuarterCircle_1mm.uasset" 254
"../../../Engine/Plugins/Animation/ControlRig/Content/Controls/ControlRig_QuarterCircle_1mm.uexp" 255
"../../../Engine/Plugins/Animation/ControlRig/Content/Controls/ControlRig_Pyramid_solid.ubulk" 256
"../../../Engine/Plugins/Animation/ControlRig/Content/Controls/ControlRig_Pyramid_solid.uasset" 257
"../../../Engine/Plugins/Animation/ControlRig/Content/Controls/ControlRig_Pyramid_solid.uexp" 258
"../../../Engine/Plugins/Animation/ControlRig/Content/Controls/ControlRig_Pyramid_3mm.ubulk" 259
"../../../Engine/Plugins/Animation/ControlRig/Content/Controls/ControlRig_Pyramid_3mm.uasset" 260
"../../../Engine/Plugins/Animation/ControlRig/Content/Controls/ControlRig_Pyramid_3mm.uexp" 261
"../../../Engine/Plugins/Animation/ControlRig/Content/Controls/ControlRig_Pyramid_1mm.ubulk" 262
"../../../Engine/Plugins/Animation/ControlRig/Content/Controls/ControlRig_Pyramid_1mm.uasset" 263
"../../../Engine/Plugins/Animation/ControlRig/Content/Controls/ControlRig_Pyramid_1mm.uexp" 264
"../../../Engine/Plugins/Animation/ControlRig/Content/Controls/ControlRig_Octagon_solid.ubulk" 265
"../../../Engine/Plugins/Animation/ControlRig/Content/Controls/ControlRig_Octagon_solid.uasset" 266
"../../../Engine/Plugins/Animation/ControlRig/Content/Controls/ControlRig_Octagon_solid.uexp" 267
"../../../Engine/Plugins/Animation/ControlRig/Content/Controls/ControlRig_Octagon_3mm.ubulk" 268
"../../../Engine/Plugins/Animation/ControlRig/Content/Controls/ControlRig_Octagon_3mm.uasset" 269
"../../../Engine/Plugins/Animation/ControlRig/Content/Controls/ControlRig_Octagon_3mm.uexp" 270
"../../../Engine/Plugins/Animation/ControlRig/Content/Controls/ControlRig_Octagon_1mm.ubulk" 271
"../../../Engine/Plugins/Animation/ControlRig/Content/Controls/ControlRig_Octagon_1mm.uasset" 272
"../../../Engine/Plugins/Animation/ControlRig/Content/Controls/ControlRig_Octagon_1mm.uexp" 273
"../../../Engine/Plugins/Animation/ControlRig/Content/Controls/ControlRig_Hexagon_solid.ubulk" 274
"../../../Engine/Plugins/Animation/ControlRig/Content/Controls/ControlRig_Hexagon_solid.uasset" 275
"../../../Engine/Plugins/Animation/ControlRig/Content/Controls/ControlRig_Hexagon_solid.uexp" 276
"../../../Engine/Plugins/Animation/ControlRig/Content/Controls/ControlRig_Hexagon_3mm.ubulk" 277
"../../../Engine/Plugins/Animation/ControlRig/Content/Controls/ControlRig_Hexagon_3mm.uasset" 278
"../../../Engine/Plugins/Animation/ControlRig/Content/Controls/ControlRig_Hexagon_3mm.uexp" 279
"../../../Engine/Plugins/Animation/ControlRig/Content/Controls/ControlRig_Hexagon_1mm.ubulk" 280
"../../../Engine/Plugins/Animation/ControlRig/Content/Controls/ControlRig_Hexagon_1mm.uasset" 281
"../../../Engine/Plugins/Animation/ControlRig/Content/Controls/ControlRig_Hexagon_1mm.uexp" 282
"../../../Engine/Plugins/Animation/ControlRig/Content/Controls/ControlRig_HalfCircle_solid.ubulk" 283
"../../../Engine/Plugins/Animation/ControlRig/Content/Controls/ControlRig_HalfCircle_solid.uasset" 284
"../../../Engine/Plugins/Animation/ControlRig/Content/Controls/ControlRig_HalfCircle_solid.uexp" 285
"../../../Engine/Plugins/Animation/ControlRig/Content/Controls/ControlRig_HalfCircle_3mm.ubulk" 286
"../../../Engine/Plugins/Animation/ControlRig/Content/Controls/ControlRig_HalfCircle_3mm.uasset" 287
"../../../Engine/Plugins/Animation/ControlRig/Content/Controls/ControlRig_HalfCircle_3mm.uexp" 288
"../../../Engine/Plugins/Animation/ControlRig/Content/Controls/ControlRig_HalfCircle_1mm.ubulk" 289
"../../../Engine/Plugins/Animation/ControlRig/Content/Controls/ControlRig_HalfCircle_1mm.uasset" 290
"../../../Engine/Plugins/Animation/ControlRig/Content/Controls/ControlRig_HalfCircle_1mm.uexp" 291
"../../../Engine/Plugins/Animation/ControlRig/Content/Controls/ControlRig_Diamond_solid.ubulk" 292
"../../../Engine/Plugins/Animation/ControlRig/Content/Controls/ControlRig_Diamond_solid.uasset" 293
"../../../Engine/Plugins/Animation/ControlRig/Content/Controls/ControlRig_Diamond_solid.uexp" 294
"../../../Engine/Plugins/Animation/ControlRig/Content/Controls/ControlRig_Diamond_3mm.ubulk" 295
"../../../Engine/Plugins/Animation/ControlRig/Content/Controls/ControlRig_Diamond_3mm.uasset" 296
"../../../Engine/Plugins/Animation/ControlRig/Content/Controls/ControlRig_Diamond_3mm.uexp" 297
"../../../Engine/Plugins/Animation/ControlRig/Content/Controls/ControlRig_Diamond_1mm.ubulk" 298
"../../../Engine/Plugins/Animation/ControlRig/Content/Controls/ControlRig_Diamond_1mm.uasset" 299
"../../../Engine/Plugins/Animation/ControlRig/Content/Controls/ControlRig_Diamond_1mm.uexp" 300
"../../../Engine/Plugins/Animation/ControlRig/Content/Controls/ControlRig_Circle_solid.ubulk" 301
"../../../Engine/Plugins/Animation/ControlRig/Content/Controls/ControlRig_Circle_solid.uasset" 302
"../../../Engine/Plugins/Animation/ControlRig/Content/Controls/ControlRig_Circle_solid.uexp" 303
"../../../Engine/Plugins/Animation/ControlRig/Content/Controls/ControlRig_Circle_3mm.ubulk" 304
"../../../Engine/Plugins/Animation/ControlRig/Content/Controls/ControlRig_Circle_3mm.uasset" 305
"../../../Engine/Plugins/Animation/ControlRig/Content/Controls/ControlRig_Circle_3mm.uexp" 306
"../../../Engine/Plugins/Animation/ControlRig/Content/Controls/ControlRig_Circle_1mm.ubulk" 307
"../../../Engine/Plugins/Animation/ControlRig/Content/Controls/ControlRig_Circle_1mm.uasset" 308
"../../../Engine/Plugins/Animation/ControlRig/Content/Controls/ControlRig_Circle_1mm.uexp" 309
"../../../Engine/Plugins/Animation/ControlRig/Content/Controls/ControlRig_Box_solid.ubulk" 310
"../../../Engine/Plugins/Animation/ControlRig/Content/Controls/ControlRig_Box_solid.uasset" 311
"../../../Engine/Plugins/Animation/ControlRig/Content/Controls/ControlRig_Box_solid.uexp" 312
"../../../Engine/Plugins/Animation/ControlRig/Content/Controls/ControlRig_Box_3mm.ubulk" 313
"../../../Engine/Plugins/Animation/ControlRig/Content/Controls/ControlRig_Box_3mm.uasset" 314
"../../../Engine/Plugins/Animation/ControlRig/Content/Controls/ControlRig_Box_3mm.uexp" 315
"../../../Engine/Plugins/Animation/ControlRig/Content/Controls/ControlRig_Box_1mm.ubulk" 316
"../../../Engine/Plugins/Animation/ControlRig/Content/Controls/ControlRig_Box_1mm.uasset" 317
"../../../Engine/Plugins/Animation/ControlRig/Content/Controls/ControlRig_Box_1mm.uexp" 318
"../../../Engine/Plugins/Animation/ControlRig/Content/Controls/ControlRig_Arrow_solid.ubulk" 319
"../../../Engine/Plugins/Animation/ControlRig/Content/Controls/ControlRig_Arrow_solid.uasset" 320
"../../../Engine/Plugins/Animation/ControlRig/Content/Controls/ControlRig_Arrow_solid.uexp" 321
"../../../Engine/Plugins/Animation/ControlRig/Content/Controls/ControlRig_Arrow_3mm.ubulk" 322
"../../../Engine/Plugins/Animation/ControlRig/Content/Controls/ControlRig_Arrow_3mm.uasset" 323
"../../../Engine/Plugins/Animation/ControlRig/Content/Controls/ControlRig_Arrow_3mm.uexp" 324
"../../../Engine/Plugins/Animation/ControlRig/Content/Controls/ControlRig_Arrow_1mm.ubulk" 325
"../../../Engine/Plugins/Animation/ControlRig/Content/Controls/ControlRig_Arrow_1mm.uasset" 326
"../../../Engine/Plugins/Animation/ControlRig/Content/Controls/ControlRig_Arrow_1mm.uexp" 327
"../../../Engine/Plugins/Animation/ControlRig/Content/Controls/ControlRig_Arrow4_solid.ubulk" 328
"../../../Engine/Plugins/Animation/ControlRig/Content/Controls/ControlRig_Arrow4_solid.uasset" 329
"../../../Engine/Plugins/Animation/ControlRig/Content/Controls/ControlRig_Arrow4_solid.uexp" 330
"../../../Engine/Plugins/Animation/ControlRig/Content/Controls/ControlRig_Arrow4_3mm.ubulk" 331
"../../../Engine/Plugins/Animation/ControlRig/Content/Controls/ControlRig_Arrow4_3mm.uasset" 332
"../../../Engine/Plugins/Animation/ControlRig/Content/Controls/ControlRig_Arrow4_3mm.uexp" 333
"../../../Engine/Plugins/Animation/ControlRig/Content/Controls/ControlRig_Arrow4_1mm.ubulk" 334
"../../../Engine/Plugins/Animation/ControlRig/Content/Controls/ControlRig_Arrow4_1mm.uasset" 335
"../../../Engine/Plugins/Animation/ControlRig/Content/Controls/ControlRig_Arrow4_1mm.uexp" 336
"../../../Engine/Plugins/Animation/ControlRig/Content/Controls/ControlRig_Arrow2_solid.ubulk" 337
"../../../Engine/Plugins/Animation/ControlRig/Content/Controls/ControlRig_Arrow2_solid.uasset" 338
"../../../Engine/Plugins/Animation/ControlRig/Content/Controls/ControlRig_Arrow2_solid.uexp" 339
"../../../Engine/Plugins/Animation/ControlRig/Content/Controls/ControlRig_Arrow2_3mm.ubulk" 340
"../../../Engine/Plugins/Animation/ControlRig/Content/Controls/ControlRig_Arrow2_3mm.uasset" 341
"../../../Engine/Plugins/Animation/ControlRig/Content/Controls/ControlRig_Arrow2_3mm.uexp" 342
"../../../Engine/Plugins/Animation/ControlRig/Content/Controls/ControlRig_Arrow2_1mm.ubulk" 343
"../../../Engine/Plugins/Animation/ControlRig/Content/Controls/ControlRig_Arrow2_1mm.uasset" 344
"../../../Engine/Plugins/Animation/ControlRig/Content/Controls/ControlRig_Arrow2_1mm.uexp" 345
"../../../Engine/Plugins/Animation/ControlRig/Content/Controls/ControlRigXRayMaterial.uasset" 346
"../../../Engine/Plugins/Animation/ControlRig/Content/Controls/ControlRigXRayMaterial.uexp" 347
"../../../Engine/Plugins/Animation/ControlRig/Content/Controls/ControlRigGizmoMaterial.uasset" 348
"../../../Engine/Plugins/Animation/ControlRig/Content/Controls/ControlRigGizmoMaterial.uexp" 349
"../../../Engine/Content/EngineResources/WhiteSquareTexture.uasset" 350
"../../../Engine/Content/EngineResources/WhiteSquareTexture.uexp" 351
"../../../Engine/Content/EngineMaterials/Widget3DPassThrough.uasset" 352
"../../../Engine/Content/EngineMaterials/Widget3DPassThrough.uexp" 353
"../../../Engine/Content/EngineMaterials/Widget3DPassThrough_Translucent.uasset" 354
"../../../Engine/Content/EngineMaterials/Widget3DPassThrough_Translucent.uexp" 355
"../../../Engine/Content/EngineMaterials/Widget3DPassThrough_Translucent_OneSided.uasset" 356
"../../../Engine/Content/EngineMaterials/Widget3DPassThrough_Translucent_OneSided.uexp" 357
"../../../Engine/Content/EngineMaterials/Widget3DPassThrough_Opaque.uasset" 358
"../../../Engine/Content/EngineMaterials/Widget3DPassThrough_Opaque.uexp" 359
"../../../Engine/Content/EngineMaterials/Widget3DPassThrough_Opaque_OneSided.uasset" 360
"../../../Engine/Content/EngineMaterials/Widget3DPassThrough_Opaque_OneSided.uexp" 361
"../../../Engine/Content/EngineMaterials/Widget3DPassThrough_Masked_OneSided.uasset" 362
"../../../Engine/Content/EngineMaterials/Widget3DPassThrough_Masked_OneSided.uexp" 363
"../../../Engine/Content/EngineMaterials/Widget3DPassThrough_Masked.uasset" 364
"../../../Engine/Content/EngineMaterials/Widget3DPassThrough_Masked.uexp" 365
"../../../Engine/Content/EngineMaterials/STBlueNoise_vec2_128x128x64.uasset" 366
"../../../Engine/Content/EngineMaterials/STBlueNoise_vec2_128x128x64.uexp" 367
"../../../Engine/Content/EngineMaterials/STBlueNoise_scalar_128x128x64.uasset" 368
"../../../Engine/Content/EngineMaterials/STBlueNoise_scalar_128x128x64.uexp" 369
"../../../Engine/Content/EngineMaterials/RemoveSurfaceMaterial.uasset" 370
"../../../Engine/Content/EngineMaterials/RemoveSurfaceMaterial.uexp" 371
"../../../Engine/Content/EngineMaterials/DefaultCalibrationGrayscale.uasset" 372
"../../../Engine/Content/EngineMaterials/DefaultCalibrationGrayscale.uexp" 373
"../../../Engine/Content/EngineMaterials/PPM_DefaultCalibrationGrayscale.uasset" 374
"../../../Engine/Content/EngineMaterials/PPM_DefaultCalibrationGrayscale.uexp" 375
"../../../Engine/Content/EngineMaterials/DefaultCalibrationColor.uasset" 376
"../../../Engine/Content/EngineMaterials/DefaultCalibrationColor.uexp" 377
"../../../Engine/Content/EngineMaterials/PPM_DefaultCalibrationColor.uasset" 378
"../../../Engine/Content/EngineMaterials/PPM_DefaultCalibrationColor.uexp" 379
"../../../Engine/Content/EngineMaterials/PhAT_JointLimitMaterial.uasset" 380
"../../../Engine/Content/EngineMaterials/PhAT_JointLimitMaterial.uexp" 381
"../../../Engine/Content/EngineMaterials/NaniteHiddenSectionMaterial.uasset" 382
"../../../Engine/Content/EngineMaterials/NaniteHiddenSectionMaterial.uexp" 383
"../../../Engine/Content/EngineMaterials/InvalidLightmapSettings.ubulk" 384
"../../../Engine/Content/EngineMaterials/InvalidLightmapSettings.uasset" 385
"../../../Engine/Content/EngineMaterials/InvalidLightmapSettings.uexp" 386
"../../../Engine/Content/EngineMaterials/M_InvalidLightmapSettings.uasset" 387
"../../../Engine/Content/EngineMaterials/M_InvalidLightmapSettings.uexp" 388
"../../../Engine/Content/EngineMaterials/GizmoMaterial.uasset" 389
"../../../Engine/Content/EngineMaterials/GizmoMaterial.uexp" 390
"../../../Engine/Content/EngineMaterials/BaseFlattenEmissiveMap_VT.ubulk" 391
"../../../Engine/Content/EngineMaterials/BaseFlattenEmissiveMap_VT.uasset" 392
"../../../Engine/Content/EngineMaterials/BaseFlattenEmissiveMap_VT.uexp" 393
"../../../Engine/Content/EngineMaterials/BaseFlattenGrayscaleMap_VT.ubulk" 394
"../../../Engine/Content/EngineMaterials/BaseFlattenGrayscaleMap_VT.uasset" 395
"../../../Engine/Content/EngineMaterials/BaseFlattenGrayscaleMap_VT.uexp" 396
"../../../Engine/Content/EngineMaterials/BaseFlattenLinearColor_VT.ubulk" 397
"../../../Engine/Content/EngineMaterials/BaseFlattenLinearColor_VT.uasset" 398
"../../../Engine/Content/EngineMaterials/BaseFlattenLinearColor_VT.uexp" 399
"../../../Engine/Content/EngineMaterials/Black_1x1_EXR_Texture_VT.ubulk" 400
"../../../Engine/Content/EngineMaterials/Black_1x1_EXR_Texture_VT.uasset" 401
"../../../Engine/Content/EngineMaterials/Black_1x1_EXR_Texture_VT.uexp" 402
"../../../Engine/Content/EngineMaterials/BaseFlattenDiffuseMap_VT.ubulk" 403
"../../../Engine/Content/EngineMaterials/BaseFlattenDiffuseMap_VT.uasset" 404
"../../../Engine/Content/EngineMaterials/BaseFlattenDiffuseMap_VT.uexp" 405
"../../../Engine/Content/EngineMaterials/BaseFlattenNormalMap_VT.ubulk" 406
"../../../Engine/Content/EngineMaterials/BaseFlattenNormalMap_VT.uasset" 407
"../../../Engine/Content/EngineMaterials/BaseFlattenNormalMap_VT.uexp" 408
"../../../Engine/Content/EngineMaterials/FlattenMaterial_WS_Normal_VT.uasset" 409
"../../../Engine/Content/EngineMaterials/FlattenMaterial_WS_Normal_VT.uexp" 410
"../../../Engine/Content/EngineMaterials/FlattenMaterial_VT.uasset" 411
"../../../Engine/Content/EngineMaterials/FlattenMaterial_VT.uexp" 412
"../../../Engine/Content/EngineMaterials/DefaultWhiteGrid_Low.uasset" 413
"../../../Engine/Content/EngineMaterials/DefaultWhiteGrid_Low.uexp" 414
"../../../Engine/Content/EngineMaterials/EmissiveMeshMaterial.uasset" 415
"../../../Engine/Content/EngineMaterials/EmissiveMeshMaterial.uexp" 416
"../../../Engine/Content/EngineFonts/RobotoDistanceField.uasset" 417
"../../../Engine/Content/EngineFonts/RobotoDistanceField.uexp" 418
"../../../Engine/Content/EngineMaterials/DefaultTextMaterialOpaque.uasset" 419
"../../../Engine/Content/EngineMaterials/DefaultTextMaterialOpaque.uexp" 420
"../../../Engine/Content/EngineMaterials/DefaultDiffuse.ubulk" 421
"../../../Engine/Content/EngineMaterials/DefaultDiffuse.uasset" 422
"../../../Engine/Content/EngineMaterials/DefaultDiffuse.uexp" 423
"../../../Engine/Content/Functions/Engine_MaterialFunctions02/Utility/BreakOutFloat2Components.uasset" 424
"../../../Engine/Content/Functions/Engine_MaterialFunctions02/Utility/BreakOutFloat2Components.uexp" 425
"../../../Engine/Content/EngineMaterials/DefaultPostProcessMaterial.uasset" 426
"../../../Engine/Content/EngineMaterials/DefaultPostProcessMaterial.uexp" 427
"../../../Engine/Content/EngineMaterials/DefaultLightFunctionMaterial.uasset" 428
"../../../Engine/Content/EngineMaterials/DefaultLightFunctionMaterial.uexp" 429
"../../../Engine/Content/EngineMaterials/DefaultDestructiblePhysicalMaterial.uasset" 430
"../../../Engine/Content/EngineMaterials/DefaultDestructiblePhysicalMaterial.uexp" 431
"../../../Engine/Content/EngineMaterials/DefaultDeferredDecalMaterial.uasset" 432
"../../../Engine/Content/EngineMaterials/DefaultDeferredDecalMaterial.uexp" 433
"../../../Engine/Content/EngineMaterials/DefaultBloomKernel.uasset" 434
"../../../Engine/Content/EngineMaterials/DefaultBloomKernel.uexp" 435
"../../../Engine/Content/EngineFonts/Faces/RobotoLight.uexp" 436
"../../../Engine/Content/EngineFonts/Faces/RobotoLight.uasset" 437
"../../../Engine/Content/EngineFonts/Faces/RobotoLight.ufont" 438
"../../../Engine/Content/EngineFonts/Faces/RobotoBold.uexp" 439
"../../../Engine/Content/EngineFonts/Faces/RobotoBold.uasset" 440
"../../../Engine/Content/EngineFonts/Faces/RobotoBold.ufont" 441
"../../../Engine/Content/EngineFonts/Faces/RobotoRegular.uexp" 442
"../../../Engine/Content/EngineFonts/Faces/RobotoRegular.uasset" 443
"../../../Engine/Content/EngineFonts/Faces/RobotoRegular.ufont" 444
"../../../Engine/Content/EngineFonts/Faces/DroidSansFallback.uexp" 445
"../../../Engine/Content/EngineFonts/Faces/DroidSansFallback.uasset" 446
"../../../Engine/Content/EngineFonts/Faces/DroidSansFallback.ufont" 447
"../../../Engine/Content/EngineFonts/Faces/RobotoItalic.uexp" 448
"../../../Engine/Content/EngineFonts/Faces/RobotoItalic.uasset" 449
"../../../Engine/Content/EngineFonts/Faces/RobotoItalic.ufont" 450
"../../../Engine/Content/EngineFonts/Faces/RobotoBoldItalic.uexp" 451
"../../../Engine/Content/EngineFonts/Faces/RobotoBoldItalic.uasset" 452
"../../../Engine/Content/EngineFonts/Faces/RobotoBoldItalic.ufont" 453
"../../../Engine/Content/EngineFonts/Roboto.uasset" 454
"../../../Engine/Content/EngineFonts/Roboto.uexp" 455
"../../../Engine/Content/Functions/Engine_MaterialFunctions02/Utility/CameraDirectionVector.uasset" 456
"../../../Engine/Content/Functions/Engine_MaterialFunctions02/Utility/CameraDirectionVector.uexp" 457
"../../../Engine/Content/EngineDebugMaterials/VolumeToRender.uasset" 458
"../../../Engine/Content/EngineDebugMaterials/VolumeToRender.uexp" 459
"../../../Engine/Content/EngineDebugMaterials/M_VolumeRenderSphereTracePP.uasset" 460
"../../../Engine/Content/EngineDebugMaterials/M_VolumeRenderSphereTracePP.uexp" 461
"../../../Engine/Content/EngineDebugMaterials/M_SimpleUnlitTranslucent.uasset" 462
"../../../Engine/Content/EngineDebugMaterials/M_SimpleUnlitTranslucent.uexp" 463
"../../../Engine/Content/EngineDebugMaterials/DebugMeshMaterial.uasset" 464
"../../../Engine/Content/EngineDebugMaterials/DebugMeshMaterial.uexp" 465
"../../../Engine/Content/EngineDebugMaterials/DebugEditorMaterial.uasset" 466
"../../../Engine/Content/EngineDebugMaterials/DebugEditorMaterial.uexp" 467
"../../../Engine/Content/EngineDamageTypes/DmgTypeBP_Environmental.uasset" 468
"../../../Engine/Content/EngineDamageTypes/DmgTypeBP_Environmental.uexp" 469
"../../../Engine/Content/EditorResources/S_Terrain.ubulk" 470
"../../../Engine/Content/EditorResources/S_Terrain.uasset" 471
"../../../Engine/Content/EditorResources/S_Terrain.uexp" 472
"../../../Engine/Content/EditorResources/EmptyActor.uasset" 473
"../../../Engine/Content/EditorResources/EmptyActor.uexp" 474
"../../../Engine/Content/EditorResources/BSPVertex.uasset" 475
"../../../Engine/Content/EditorResources/BSPVertex.uexp" 476
"../../../Engine/Content/EditorMaterials/PreviewShadowIndicator.ubulk" 477
"../../../Engine/Content/EditorMaterials/PreviewShadowIndicator.uasset" 478
"../../../Engine/Content/EditorMaterials/PreviewShadowIndicator.uexp" 479
"../../../Engine/Content/EditorMaterials/PreviewShadowIndicatorMaterial.uasset" 480
"../../../Engine/Content/EditorMaterials/PreviewShadowIndicatorMaterial.uexp" 481
"../../../Engine/Content/EditorMaterials/PhAT_UnselectedMaterial.uasset" 482
"../../../Engine/Content/EditorMaterials/PhAT_UnselectedMaterial.uexp" 483
"../../../Engine/Content/EditorMaterials/PhAT_NoCollisionMaterial.uasset" 484
"../../../Engine/Content/EditorMaterials/PhAT_NoCollisionMaterial.uexp" 485
"../../../Engine/Content/EditorLandscapeResources/DefaultAlphaTexture.uasset" 486
"../../../Engine/Content/EditorLandscapeResources/DefaultAlphaTexture.uexp" 487
"../../../Engine/Content/EditorLandscapeResources/DataLayer.uasset" 488
"../../../Engine/Content/EditorLandscapeResources/DataLayer.uexp" 489
"../../../Engine/Content/BasicShapes/Plane.ubulk" 490
"../../../Engine/Content/BasicShapes/Plane.uasset" 491
"../../../Engine/Content/BasicShapes/Plane.uexp" 492
"../../../Engine/Content/EngineMaterials/DefaultMaterial.uasset" 493
"../../../Engine/Content/EngineMaterials/DefaultMaterial.uexp" 494
"../../../Engine/Content/BasicShapes/Cone.ubulk" 495
"../../../Engine/Content/BasicShapes/Cone.uasset" 496
"../../../Engine/Content/BasicShapes/Cone.uexp" 497
"../../../Engine/Content/MobileResources/HUD/VirtualJoystick_Background.uasset" 498
"../../../Engine/Content/MobileResources/HUD/VirtualJoystick_Background.uexp" 499
"../../../Engine/Content/MobileResources/HUD/VirtualJoystick_Thumb.uasset" 500
"../../../Engine/Content/MobileResources/HUD/VirtualJoystick_Thumb.uexp" 501
"../../../Engine/Content/MobileResources/HUD/LeftVirtualJoystickOnly.uasset" 502
"../../../Engine/Content/MobileResources/HUD/LeftVirtualJoystickOnly.uexp" 503
"../../../Engine/Content/EngineSky/VolumetricClouds/CloudWeatherTexture.uasset" 504
"../../../Engine/Content/EngineSky/VolumetricClouds/CloudWeatherTexture.uexp" 505
"../../../Engine/Content/Functions/Engine_MaterialFunctions02/Utility/MakeFloat2.uasset" 506
"../../../Engine/Content/Functions/Engine_MaterialFunctions02/Utility/MakeFloat2.uexp" 507
"../../../Engine/Content/EngineSky/VolumetricClouds/CloudGradientTexture.uasset" 508
"../../../Engine/Content/EngineSky/VolumetricClouds/CloudGradientTexture.uexp" 509
"../../../Engine/Content/EngineSky/VolumetricClouds/T_NoiseShape64.ubulk" 510
"../../../Engine/Content/EngineSky/VolumetricClouds/T_NoiseShape64.uasset" 511
"../../../Engine/Content/EngineSky/VolumetricClouds/T_NoiseShape64.uexp" 512
"../../../Engine/Content/EngineSky/VolumetricClouds/T_VolumeNoiseShape64.uasset" 513
"../../../Engine/Content/EngineSky/VolumetricClouds/T_VolumeNoiseShape64.uexp" 514
"../../../Engine/Content/EngineSky/VolumetricClouds/T_NoiseErosion.ubulk" 515
"../../../Engine/Content/EngineSky/VolumetricClouds/T_NoiseErosion.uasset" 516
"../../../Engine/Content/EngineSky/VolumetricClouds/T_NoiseErosion.uexp" 517
"../../../Engine/Content/EngineSky/VolumetricClouds/T_VolumeNoiseErosion32.uasset" 518
"../../../Engine/Content/EngineSky/VolumetricClouds/T_VolumeNoiseErosion32.uexp" 519
"../../../Engine/Content/EngineSky/VolumetricClouds/m_SimpleVolumetricCloud.uasset" 520
"../../../Engine/Content/EngineSky/VolumetricClouds/m_SimpleVolumetricCloud.uexp" 521
"../../../Engine/Content/EngineSky/VolumetricClouds/m_SimpleVolumetricCloud_Inst.uasset" 522
"../../../Engine/Content/EngineSky/VolumetricClouds/m_SimpleVolumetricCloud_Inst.uexp" 523
"../../../Engine/Content/EngineResources/FilmGrains/Marcie_Grain_v3_128_M2_000.uasset" 524
"../../../Engine/Content/EngineResources/FilmGrains/Marcie_Grain_v3_128_M2_000.uexp" 525
"../../../Engine/Content/Functions/Engine_MaterialFunctions01/Shading/PowerToRoughness.uasset" 526
"../../../Engine/Content/Functions/Engine_MaterialFunctions01/Shading/PowerToRoughness.uexp" 527
"../../../Engine/Content/Functions/Engine_MaterialFunctions01/Shading/ConvertFromDiffSpec.uasset" 528
"../../../Engine/Content/Functions/Engine_MaterialFunctions01/Shading/ConvertFromDiffSpec.uexp" 529
"E:/Projects/EcoBots/Content/Assets/Orasot_Bundle/StylizedForestLandscape/Textures/T_Rock_Scatter.ubulk" 530
"E:/Projects/EcoBots/Content/Assets/Orasot_Bundle/StylizedForestLandscape/Textures/T_Rock_Scatter.uasset" 531
"E:/Projects/EcoBots/Content/Assets/Orasot_Bundle/StylizedForestLandscape/Textures/T_Rock_Scatter.uexp" 532
"E:/Projects/EcoBots/Content/Assets/Orasot_Bundle/StylizedForestLandscape/Textures/T_Rock_Scatter_normal.ubulk" 533
"E:/Projects/EcoBots/Content/Assets/Orasot_Bundle/StylizedForestLandscape/Textures/T_Rock_Scatter_normal.uasset" 534
"E:/Projects/EcoBots/Content/Assets/Orasot_Bundle/StylizedForestLandscape/Textures/T_Rock_Scatter_normal.uexp" 535
"E:/Projects/EcoBots/Content/Assets/Orasot_Bundle/StylizedForestLandscape/Textures/T_Moss.ubulk" 536
"E:/Projects/EcoBots/Content/Assets/Orasot_Bundle/StylizedForestLandscape/Textures/T_Moss.uasset" 537
"E:/Projects/EcoBots/Content/Assets/Orasot_Bundle/StylizedForestLandscape/Textures/T_Moss.uexp" 538
"../../../Engine/Content/EngineMaterials/BlendFunc_DefBlend.uasset" 539
"../../../Engine/Content/EngineMaterials/BlendFunc_DefBlend.uexp" 540
"../../../Engine/Content/EngineMaterials/BlendFunc_DefBase.uasset" 541
"../../../Engine/Content/EngineMaterials/BlendFunc_DefBase.uexp" 542
"../../../Engine/Content/Functions/Engine_MaterialFunctions03/Blends/Blend_Overlay.uasset" 543
"../../../Engine/Content/Functions/Engine_MaterialFunctions03/Blends/Blend_Overlay.uexp" 544
"../../../Engine/Content/EngineMaterials/Good64x64TilingNoiseHighFreq.uasset" 545
"../../../Engine/Content/EngineMaterials/Good64x64TilingNoiseHighFreq.uexp" 546
"../../../Engine/Content/Functions/Engine_MaterialFunctions02/Texturing/ScreenAlignedPixelToPixelUVs.uasset" 547
"../../../Engine/Content/Functions/Engine_MaterialFunctions02/Texturing/ScreenAlignedPixelToPixelUVs.uexp" 548
"../../../Engine/Content/Functions/Engine_MaterialFunctions02/Utility/DitherTemporalAA.uasset" 549
"../../../Engine/Content/Functions/Engine_MaterialFunctions02/Utility/DitherTemporalAA.uexp" 550
"../../../Engine/Content/Functions/Engine_MaterialFunctions01/AlphaBlend/WorldAlignedBlend.uasset" 551
"../../../Engine/Content/Functions/Engine_MaterialFunctions01/AlphaBlend/WorldAlignedBlend.uexp" 552
"E:/Projects/EcoBots/Content/Assets/Orasot_Bundle/StylizedForestLandscape/Textures/T_paint_noise.ubulk" 553
"E:/Projects/EcoBots/Content/Assets/Orasot_Bundle/StylizedForestLandscape/Textures/T_paint_noise.uasset" 554
"E:/Projects/EcoBots/Content/Assets/Orasot_Bundle/StylizedForestLandscape/Textures/T_paint_noise.uexp" 555
"../../../Engine/Content/Functions/Engine_MaterialFunctions01/Gradient/LinearGradient.uasset" 556
"../../../Engine/Content/Functions/Engine_MaterialFunctions01/Gradient/LinearGradient.uexp" 557
"../../../Engine/Content/Functions/Engine_MaterialFunctions01/ImageAdjustment/CheapContrast.uasset" 558
"../../../Engine/Content/Functions/Engine_MaterialFunctions01/ImageAdjustment/CheapContrast.uexp" 559
"../../../Engine/Content/Functions/Engine_MaterialFunctions01/Texturing/WorldAlignedTexture.uasset" 560
"../../../Engine/Content/Functions/Engine_MaterialFunctions01/Texturing/WorldAlignedTexture.uexp" 561
"E:/Projects/EcoBots/Content/Assets/Orasot_Bundle/StylizedForestLandscape/Material_Functions/MF_Paint_Noise.uasset" 562
"E:/Projects/EcoBots/Content/Assets/Orasot_Bundle/StylizedForestLandscape/Material_Functions/MF_Paint_Noise.uexp" 563
"../../../Engine/Content/EngineMaterials/T_Default_Normal.ubulk" 564
"../../../Engine/Content/EngineMaterials/T_Default_Normal.uasset" 565
"../../../Engine/Content/EngineMaterials/T_Default_Normal.uexp" 566
"../../../Engine/Content/EngineResources/DefaultTexture_Low.uasset" 567
"../../../Engine/Content/EngineResources/DefaultTexture_Low.uexp" 568
"E:/Projects/EcoBots/Content/Assets/Orasot_Bundle/StylizedForestLandscape/Materials/M_Master_Material_Prop.uasset" 569
"E:/Projects/EcoBots/Content/Assets/Orasot_Bundle/StylizedForestLandscape/Materials/M_Master_Material_Prop.uexp" 570
"E:/Projects/EcoBots/Content/Assets/Orasot_Bundle/StylizedForestLandscape/Material_Instances/MI_Rock_Scatter.uasset" 571
"E:/Projects/EcoBots/Content/Assets/Orasot_Bundle/StylizedForestLandscape/Material_Instances/MI_Rock_Scatter.uexp" 572
"E:/Projects/EcoBots/Content/Assets/Orasot_Bundle/StylizedForestLandscape/Meshes/SM_Scatter_1.ubulk" 573
"E:/Projects/EcoBots/Content/Assets/Orasot_Bundle/StylizedForestLandscape/Meshes/SM_Scatter_1.uasset" 574
"E:/Projects/EcoBots/Content/Assets/Orasot_Bundle/StylizedForestLandscape/Meshes/SM_Scatter_1.uexp" 575
"E:/Projects/EcoBots/Content/Assets/Orasot_Bundle/StylizedForestLandscape/Textures/T_Rock_Scatter_2.ubulk" 576
"E:/Projects/EcoBots/Content/Assets/Orasot_Bundle/StylizedForestLandscape/Textures/T_Rock_Scatter_2.uasset" 577
"E:/Projects/EcoBots/Content/Assets/Orasot_Bundle/StylizedForestLandscape/Textures/T_Rock_Scatter_2.uexp" 578
"E:/Projects/EcoBots/Content/Assets/Orasot_Bundle/StylizedForestLandscape/Textures/T_Rock_Scatter_2_normal.ubulk" 579
"E:/Projects/EcoBots/Content/Assets/Orasot_Bundle/StylizedForestLandscape/Textures/T_Rock_Scatter_2_normal.uasset" 580
"E:/Projects/EcoBots/Content/Assets/Orasot_Bundle/StylizedForestLandscape/Textures/T_Rock_Scatter_2_normal.uexp" 581
"E:/Projects/EcoBots/Content/Assets/Orasot_Bundle/StylizedForestLandscape/Material_Instances/MI_Rock_Scatter_2.uasset" 582
"E:/Projects/EcoBots/Content/Assets/Orasot_Bundle/StylizedForestLandscape/Material_Instances/MI_Rock_Scatter_2.uexp" 583
"E:/Projects/EcoBots/Content/Assets/Orasot_Bundle/StylizedForestLandscape/Meshes/SM_Rock_Scatter_2.ubulk" 584
"E:/Projects/EcoBots/Content/Assets/Orasot_Bundle/StylizedForestLandscape/Meshes/SM_Rock_Scatter_2.uasset" 585
"E:/Projects/EcoBots/Content/Assets/Orasot_Bundle/StylizedForestLandscape/Meshes/SM_Rock_Scatter_2.uexp" 586
"E:/Projects/EcoBots/Content/Assets/Orasot_Bundle/StylizedForestLandscape/Textures/T_Big_Rock_3.ubulk" 587
"E:/Projects/EcoBots/Content/Assets/Orasot_Bundle/StylizedForestLandscape/Textures/T_Big_Rock_3.uasset" 588
"E:/Projects/EcoBots/Content/Assets/Orasot_Bundle/StylizedForestLandscape/Textures/T_Big_Rock_3.uexp" 589
"E:/Projects/EcoBots/Content/Assets/Orasot_Bundle/StylizedForestLandscape/Textures/T_Big_Rock_3_normal.ubulk" 590
"E:/Projects/EcoBots/Content/Assets/Orasot_Bundle/StylizedForestLandscape/Textures/T_Big_Rock_3_normal.uasset" 591
"E:/Projects/EcoBots/Content/Assets/Orasot_Bundle/StylizedForestLandscape/Textures/T_Big_Rock_3_normal.uexp" 592
"E:/Projects/EcoBots/Content/Assets/Orasot_Bundle/StylizedForestLandscape/Material_Instances/MI_Big_Rock_3.uasset" 593
"E:/Projects/EcoBots/Content/Assets/Orasot_Bundle/StylizedForestLandscape/Material_Instances/MI_Big_Rock_3.uexp" 594
"E:/Projects/EcoBots/Content/Assets/Orasot_Bundle/StylizedForestLandscape/Meshes/SM_Big_Rock_3.ubulk" 595
"E:/Projects/EcoBots/Content/Assets/Orasot_Bundle/StylizedForestLandscape/Meshes/SM_Big_Rock_3.uasset" 596
"E:/Projects/EcoBots/Content/Assets/Orasot_Bundle/StylizedForestLandscape/Meshes/SM_Big_Rock_3.uexp" 597
"../../../Engine/Content/EditorResources/SequenceRecorder/RecordingIndicator.uasset" 598
"../../../Engine/Content/EditorResources/SequenceRecorder/RecordingIndicator.uexp" 599
"../../../Engine/Content/EditorResources/SequenceRecorder/Countdown.uasset" 600
"../../../Engine/Content/EditorResources/SequenceRecorder/Countdown.uexp" 601
"../../../Engine/Content/EditorResources/LightIcons/S_LightError.uasset" 602
"../../../Engine/Content/EditorResources/LightIcons/S_LightError.uexp" 603
"../../../Engine/Content/BasicShapes/Cube.ubulk" 604
"../../../Engine/Content/BasicShapes/Cube.uasset" 605
"../../../Engine/Content/BasicShapes/Cube.uexp" 606
"E:/Projects/EcoBots/Content/Assets/LUSH_StylizedEnvironmentSet/_SharedAssets/T_Tree_Leaves_03.ubulk" 607
"E:/Projects/EcoBots/Content/Assets/LUSH_StylizedEnvironmentSet/_SharedAssets/T_Tree_Leaves_03.uasset" 608
"E:/Projects/EcoBots/Content/Assets/LUSH_StylizedEnvironmentSet/_SharedAssets/T_Tree_Leaves_03.uexp" 609
"../../../Engine/Content/EngineMaterials/BaseFlattenNormalMap.uasset" 610
"../../../Engine/Content/EngineMaterials/BaseFlattenNormalMap.uexp" 611
"../../../Engine/Content/Functions/Engine_MaterialFunctions01/WorldPositionOffset/SimpleGrassWind.uasset" 612
"../../../Engine/Content/Functions/Engine_MaterialFunctions01/WorldPositionOffset/SimpleGrassWind.uexp" 613
"../../../Engine/Content/Functions/Engine_MaterialFunctions02/HueShift.uasset" 614
"../../../Engine/Content/Functions/Engine_MaterialFunctions02/HueShift.uexp" 615
"E:/Projects/EcoBots/Content/Assets/LUSH_StylizedEnvironmentSet/_SharedAssets/T_Tree_Leaves_02.ubulk" 616
"E:/Projects/EcoBots/Content/Assets/LUSH_StylizedEnvironmentSet/_SharedAssets/T_Tree_Leaves_02.uasset" 617
"E:/Projects/EcoBots/Content/Assets/LUSH_StylizedEnvironmentSet/_SharedAssets/T_Tree_Leaves_02.uexp" 618
"E:/Projects/EcoBots/Content/Assets/LUSH_StylizedEnvironmentSet/_SharedAssets/Materials/M_Leaves_Base.uasset" 619
"E:/Projects/EcoBots/Content/Assets/LUSH_StylizedEnvironmentSet/_SharedAssets/Materials/M_Leaves_Base.uexp" 620
"E:/Projects/EcoBots/Content/Assets/LUSH_StylizedEnvironmentSet/Foliage/Trees/Materials/MI_Leaves_SwampTree_01.uasset" 621
"E:/Projects/EcoBots/Content/Assets/LUSH_StylizedEnvironmentSet/Foliage/Trees/Materials/MI_Leaves_SwampTree_01.uexp" 622
"E:/Projects/EcoBots/Content/Assets/LUSH_StylizedEnvironmentSet/Foliage/Trees/Textures/T_Trunk_04_Moss_RAOH.ubulk" 623
"E:/Projects/EcoBots/Content/Assets/LUSH_StylizedEnvironmentSet/Foliage/Trees/Textures/T_Trunk_04_Moss_RAOH.uasset" 624
"E:/Projects/EcoBots/Content/Assets/LUSH_StylizedEnvironmentSet/Foliage/Trees/Textures/T_Trunk_04_Moss_RAOH.uexp" 625
"E:/Projects/EcoBots/Content/Assets/LUSH_StylizedEnvironmentSet/Foliage/Trees/Textures/T_Trunk_04_Moss_D.ubulk" 626
"E:/Projects/EcoBots/Content/Assets/LUSH_StylizedEnvironmentSet/Foliage/Trees/Textures/T_Trunk_04_Moss_D.uasset" 627
"E:/Projects/EcoBots/Content/Assets/LUSH_StylizedEnvironmentSet/Foliage/Trees/Textures/T_Trunk_04_Moss_D.uexp" 628
"E:/Projects/EcoBots/Content/Assets/LUSH_StylizedEnvironmentSet/Foliage/Trees/Textures/T_Trunk_04_Moss_N.ubulk" 629
"E:/Projects/EcoBots/Content/Assets/LUSH_StylizedEnvironmentSet/Foliage/Trees/Textures/T_Trunk_04_Moss_N.uasset" 630
"E:/Projects/EcoBots/Content/Assets/LUSH_StylizedEnvironmentSet/Foliage/Trees/Textures/T_Trunk_04_Moss_N.uexp" 631
"E:/Projects/EcoBots/Content/Assets/LUSH_StylizedEnvironmentSet/Foliage/Trees/Textures/T_Bark_01_D.ubulk" 632
"E:/Projects/EcoBots/Content/Assets/LUSH_StylizedEnvironmentSet/Foliage/Trees/Textures/T_Bark_01_D.uasset" 633
"E:/Projects/EcoBots/Content/Assets/LUSH_StylizedEnvironmentSet/Foliage/Trees/Textures/T_Bark_01_D.uexp" 634
"E:/Projects/EcoBots/Content/Assets/LUSH_StylizedEnvironmentSet/Foliage/Trees/Textures/T_Bark_01_N.ubulk" 635
"E:/Projects/EcoBots/Content/Assets/LUSH_StylizedEnvironmentSet/Foliage/Trees/Textures/T_Bark_01_N.uasset" 636
"E:/Projects/EcoBots/Content/Assets/LUSH_StylizedEnvironmentSet/Foliage/Trees/Textures/T_Bark_01_N.uexp" 637
"E:/Projects/EcoBots/Content/Assets/LUSH_StylizedEnvironmentSet/Foliage/Trees/Textures/T_Bark_01_RAOH.ubulk" 638
"E:/Projects/EcoBots/Content/Assets/LUSH_StylizedEnvironmentSet/Foliage/Trees/Textures/T_Bark_01_RAOH.uasset" 639
"E:/Projects/EcoBots/Content/Assets/LUSH_StylizedEnvironmentSet/Foliage/Trees/Textures/T_Bark_01_RAOH.uexp" 640
"E:/Projects/EcoBots/Content/Assets/LUSH_StylizedEnvironmentSet/Foliage/Trees/Materials/M_Bark_Base.uasset" 641
"E:/Projects/EcoBots/Content/Assets/LUSH_StylizedEnvironmentSet/Foliage/Trees/Materials/M_Bark_Base.uexp" 642
"E:/Projects/EcoBots/Content/Assets/LUSH_StylizedEnvironmentSet/Foliage/Trees/Materials/MI_Bark_04_Moss.uasset" 643
"E:/Projects/EcoBots/Content/Assets/LUSH_StylizedEnvironmentSet/Foliage/Trees/Materials/MI_Bark_04_Moss.uexp" 644
"E:/Projects/EcoBots/Content/Assets/LUSH_StylizedEnvironmentSet/Foliage/Trees/SM_SwampTree_02.ubulk" 645
"E:/Projects/EcoBots/Content/Assets/LUSH_StylizedEnvironmentSet/Foliage/Trees/SM_SwampTree_02.uasset" 646
"E:/Projects/EcoBots/Content/Assets/LUSH_StylizedEnvironmentSet/Foliage/Trees/SM_SwampTree_02.uexp" 647
"E:/Projects/EcoBots/Content/Assets/LUSH_StylizedEnvironmentSet/Foliage/Trees/SMF_Swamp_Tree_02.uasset" 648
"E:/Projects/EcoBots/Content/Assets/LUSH_StylizedEnvironmentSet/Foliage/Trees/SMF_Swamp_Tree_02.uexp" 649
"E:/Projects/EcoBots/Content/Assets/LUSH_StylizedEnvironmentSet/Foliage/Bushes/Materials/MI_Leaves_Bushes.uasset" 650
"E:/Projects/EcoBots/Content/Assets/LUSH_StylizedEnvironmentSet/Foliage/Bushes/Materials/MI_Leaves_Bushes.uexp" 651
"E:/Projects/EcoBots/Content/Assets/LUSH_StylizedEnvironmentSet/Foliage/Bushes/SM_Bush_Medium_01.ubulk" 652
"E:/Projects/EcoBots/Content/Assets/LUSH_StylizedEnvironmentSet/Foliage/Bushes/SM_Bush_Medium_01.uasset" 653
"E:/Projects/EcoBots/Content/Assets/LUSH_StylizedEnvironmentSet/Foliage/Bushes/SM_Bush_Medium_01.uexp" 654
"../../../Engine/Content/EngineMaterials/FlatNormal.uasset" 655
"../../../Engine/Content/EngineMaterials/FlatNormal.uexp" 656
"E:/Projects/EcoBots/Content/Assets/LUSH_StylizedEnvironmentSet/Foliage/Flowers/Textures/T_Flowers_01_D.ubulk" 657
"E:/Projects/EcoBots/Content/Assets/LUSH_StylizedEnvironmentSet/Foliage/Flowers/Textures/T_Flowers_01_D.uasset" 658
"E:/Projects/EcoBots/Content/Assets/LUSH_StylizedEnvironmentSet/Foliage/Flowers/Textures/T_Flowers_01_D.uexp" 659
"E:/Projects/EcoBots/Content/Assets/LUSH_StylizedEnvironmentSet/_SharedAssets/T_Leaves_01.ubulk" 660
"E:/Projects/EcoBots/Content/Assets/LUSH_StylizedEnvironmentSet/_SharedAssets/T_Leaves_01.uasset" 661
"E:/Projects/EcoBots/Content/Assets/LUSH_StylizedEnvironmentSet/_SharedAssets/T_Leaves_01.uexp" 662
"E:/Projects/EcoBots/Content/Assets/LUSH_StylizedEnvironmentSet/Foliage/Trees/Textures/T_BananaLeaf_02_RAOH.ubulk" 663
"E:/Projects/EcoBots/Content/Assets/LUSH_StylizedEnvironmentSet/Foliage/Trees/Textures/T_BananaLeaf_02_RAOH.uasset" 664
"E:/Projects/EcoBots/Content/Assets/LUSH_StylizedEnvironmentSet/Foliage/Trees/Textures/T_BananaLeaf_02_RAOH.uexp" 665
"E:/Projects/EcoBots/Content/Assets/LUSH_StylizedEnvironmentSet/_SharedAssets/Textures/T_Default_D.ubulk" 666
"E:/Projects/EcoBots/Content/Assets/LUSH_StylizedEnvironmentSet/_SharedAssets/Textures/T_Default_D.uasset" 667
"E:/Projects/EcoBots/Content/Assets/LUSH_StylizedEnvironmentSet/_SharedAssets/Textures/T_Default_D.uexp" 668
"E:/Projects/EcoBots/Content/Assets/LUSH_StylizedEnvironmentSet/_SharedAssets/Textures/T_Default_N.ubulk" 669
"E:/Projects/EcoBots/Content/Assets/LUSH_StylizedEnvironmentSet/_SharedAssets/Textures/T_Default_N.uasset" 670
"E:/Projects/EcoBots/Content/Assets/LUSH_StylizedEnvironmentSet/_SharedAssets/Textures/T_Default_N.uexp" 671
"E:/Projects/EcoBots/Content/Assets/LUSH_StylizedEnvironmentSet/_SharedAssets/Materials/MF_LeafGradient.uasset" 672
"E:/Projects/EcoBots/Content/Assets/LUSH_StylizedEnvironmentSet/_SharedAssets/Materials/MF_LeafGradient.uexp" 673
"E:/Projects/EcoBots/Content/Assets/LUSH_StylizedEnvironmentSet/_SharedAssets/Materials/M_Plants_Base.uasset" 674
"E:/Projects/EcoBots/Content/Assets/LUSH_StylizedEnvironmentSet/_SharedAssets/Materials/M_Plants_Base.uexp" 675
"E:/Projects/EcoBots/Content/Assets/LUSH_StylizedEnvironmentSet/Foliage/Flowers/Materials/MI_Flowers_01.uasset" 676
"E:/Projects/EcoBots/Content/Assets/LUSH_StylizedEnvironmentSet/Foliage/Flowers/Materials/MI_Flowers_01.uexp" 677
"E:/Projects/EcoBots/Content/Assets/LUSH_StylizedEnvironmentSet/Foliage/Flowers/SM_FlowerClump_C_01.uasset" 678
"E:/Projects/EcoBots/Content/Assets/LUSH_StylizedEnvironmentSet/Foliage/Flowers/SM_FlowerClump_C_01.uexp" 679
"../../../Engine/Content/Functions/Engine_MaterialFunctions02/Utility/MakeFloat3.uasset" 680
"../../../Engine/Content/Functions/Engine_MaterialFunctions02/Utility/MakeFloat3.uexp" 681
"E:/Projects/EcoBots/Content/Assets/StackOBot/FX/Spawn/MF_SpawnEffect.uasset" 682
"E:/Projects/EcoBots/Content/Assets/StackOBot/FX/Spawn/MF_SpawnEffect.uexp" 683
"E:/Projects/EcoBots/Content/Assets/StackOBot/Characters/Bot/Textures/T_Bot_Normal.ubulk" 684
"E:/Projects/EcoBots/Content/Assets/StackOBot/Characters/Bot/Textures/T_Bot_Normal.uasset" 685
"E:/Projects/EcoBots/Content/Assets/StackOBot/Characters/Bot/Textures/T_Bot_Normal.uexp" 686
"E:/Projects/EcoBots/Content/Assets/StackOBot/Characters/Bot/Textures/T_Bot_Masks.ubulk" 687
"E:/Projects/EcoBots/Content/Assets/StackOBot/Characters/Bot/Textures/T_Bot_Masks.uasset" 688
"E:/Projects/EcoBots/Content/Assets/StackOBot/Characters/Bot/Textures/T_Bot_Masks.uexp" 689
"E:/Projects/EcoBots/Content/Assets/StackOBot/Characters/Bot/Textures/T_Bot_Albedo.ubulk" 690
"E:/Projects/EcoBots/Content/Assets/StackOBot/Characters/Bot/Textures/T_Bot_Albedo.uasset" 691
"E:/Projects/EcoBots/Content/Assets/StackOBot/Characters/Bot/Textures/T_Bot_Albedo.uexp" 692
"E:/Projects/EcoBots/Content/Assets/StackOBot/Characters/Bot/Textures/T_Bot_M_R_AO.ubulk" 693
"E:/Projects/EcoBots/Content/Assets/StackOBot/Characters/Bot/Textures/T_Bot_M_R_AO.uasset" 694
"E:/Projects/EcoBots/Content/Assets/StackOBot/Characters/Bot/Textures/T_Bot_M_R_AO.uexp" 695
"E:/Projects/EcoBots/Content/Assets/StackOBot/Characters/Bot/Materials/M_BotWhite.uasset" 696
"E:/Projects/EcoBots/Content/Assets/StackOBot/Characters/Bot/Materials/M_BotWhite.uexp" 697
"E:/Projects/EcoBots/Content/Assets/LUSH_StylizedEnvironmentSet/Foliage/Trees/Textures/T_Palm_B_Bark_N.ubulk" 698
"E:/Projects/EcoBots/Content/Assets/LUSH_StylizedEnvironmentSet/Foliage/Trees/Textures/T_Palm_B_Bark_N.uasset" 699
"E:/Projects/EcoBots/Content/Assets/LUSH_StylizedEnvironmentSet/Foliage/Trees/Textures/T_Palm_B_Bark_N.uexp" 700
"E:/Projects/EcoBots/Content/Assets/LUSH_StylizedEnvironmentSet/Foliage/Trees/Textures/T_Palm_B_Bark_D.ubulk" 701
"E:/Projects/EcoBots/Content/Assets/LUSH_StylizedEnvironmentSet/Foliage/Trees/Textures/T_Palm_B_Bark_D.uasset" 702
"E:/Projects/EcoBots/Content/Assets/LUSH_StylizedEnvironmentSet/Foliage/Trees/Textures/T_Palm_B_Bark_D.uexp" 703
"E:/Projects/EcoBots/Content/Assets/LUSH_StylizedEnvironmentSet/Foliage/Trees/Textures/T_Palm_B_Bark_RAOH.ubulk" 704
"E:/Projects/EcoBots/Content/Assets/LUSH_StylizedEnvironmentSet/Foliage/Trees/Textures/T_Palm_B_Bark_RAOH.uasset" 705
"E:/Projects/EcoBots/Content/Assets/LUSH_StylizedEnvironmentSet/Foliage/Trees/Textures/T_Palm_B_Bark_RAOH.uexp" 706
"E:/Projects/EcoBots/Content/Assets/LUSH_StylizedEnvironmentSet/Foliage/Trees/Materials/MI_Palm_B_Bark_01.uasset" 707
"E:/Projects/EcoBots/Content/Assets/LUSH_StylizedEnvironmentSet/Foliage/Trees/Materials/MI_Palm_B_Bark_01.uexp" 708
"E:/Projects/EcoBots/Content/Assets/LUSH_StylizedEnvironmentSet/_SharedAssets/Textures/T_Default_RAOH.ubulk" 709
"E:/Projects/EcoBots/Content/Assets/LUSH_StylizedEnvironmentSet/_SharedAssets/Textures/T_Default_RAOH.uasset" 710
"E:/Projects/EcoBots/Content/Assets/LUSH_StylizedEnvironmentSet/_SharedAssets/Textures/T_Default_RAOH.uexp" 711
"E:/Projects/EcoBots/Content/Assets/LUSH_StylizedEnvironmentSet/Foliage/Trees/Textures/T_Palm_B_Leaf_N.ubulk" 712
"E:/Projects/EcoBots/Content/Assets/LUSH_StylizedEnvironmentSet/Foliage/Trees/Textures/T_Palm_B_Leaf_N.uasset" 713
"E:/Projects/EcoBots/Content/Assets/LUSH_StylizedEnvironmentSet/Foliage/Trees/Textures/T_Palm_B_Leaf_N.uexp" 714
"E:/Projects/EcoBots/Content/Assets/LUSH_StylizedEnvironmentSet/Foliage/Trees/Textures/T_Palm_B_Leaf_D.ubulk" 715
"E:/Projects/EcoBots/Content/Assets/LUSH_StylizedEnvironmentSet/Foliage/Trees/Textures/T_Palm_B_Leaf_D.uasset" 716
"E:/Projects/EcoBots/Content/Assets/LUSH_StylizedEnvironmentSet/Foliage/Trees/Textures/T_Palm_B_Leaf_D.uexp" 717
"E:/Projects/EcoBots/Content/Assets/LUSH_StylizedEnvironmentSet/Foliage/Trees/Materials/MI_Palm_B_Leaf_01.uasset" 718
"E:/Projects/EcoBots/Content/Assets/LUSH_StylizedEnvironmentSet/Foliage/Trees/Materials/MI_Palm_B_Leaf_01.uexp" 719
"E:/Projects/EcoBots/Content/Assets/LUSH_StylizedEnvironmentSet/Foliage/Trees/SM_Palm_B_04.ubulk" 720
"E:/Projects/EcoBots/Content/Assets/LUSH_StylizedEnvironmentSet/Foliage/Trees/SM_Palm_B_04.uasset" 721
"E:/Projects/EcoBots/Content/Assets/LUSH_StylizedEnvironmentSet/Foliage/Trees/SM_Palm_B_04.uexp" 722
"E:/Projects/EcoBots/Content/Assets/LUSH_StylizedEnvironmentSet/Foliage/Trees/Textures/T_Palm_A_Bark_N.ubulk" 723
"E:/Projects/EcoBots/Content/Assets/LUSH_StylizedEnvironmentSet/Foliage/Trees/Textures/T_Palm_A_Bark_N.uasset" 724
"E:/Projects/EcoBots/Content/Assets/LUSH_StylizedEnvironmentSet/Foliage/Trees/Textures/T_Palm_A_Bark_N.uexp" 725
"E:/Projects/EcoBots/Content/Assets/LUSH_StylizedEnvironmentSet/Foliage/Trees/Textures/T_Palm_A_Bark_D.ubulk" 726
"E:/Projects/EcoBots/Content/Assets/LUSH_StylizedEnvironmentSet/Foliage/Trees/Textures/T_Palm_A_Bark_D.uasset" 727
"E:/Projects/EcoBots/Content/Assets/LUSH_StylizedEnvironmentSet/Foliage/Trees/Textures/T_Palm_A_Bark_D.uexp" 728
"E:/Projects/EcoBots/Content/Assets/LUSH_StylizedEnvironmentSet/Foliage/Trees/Textures/T_Palm_A_Bark_RAOH.ubulk" 729
"E:/Projects/EcoBots/Content/Assets/LUSH_StylizedEnvironmentSet/Foliage/Trees/Textures/T_Palm_A_Bark_RAOH.uasset" 730
"E:/Projects/EcoBots/Content/Assets/LUSH_StylizedEnvironmentSet/Foliage/Trees/Textures/T_Palm_A_Bark_RAOH.uexp" 731
"E:/Projects/EcoBots/Content/Assets/LUSH_StylizedEnvironmentSet/Foliage/Trees/Materials/MI_Palm_A_Bark_01.uasset" 732
"E:/Projects/EcoBots/Content/Assets/LUSH_StylizedEnvironmentSet/Foliage/Trees/Materials/MI_Palm_A_Bark_01.uexp" 733
"E:/Projects/EcoBots/Content/Assets/LUSH_StylizedEnvironmentSet/Foliage/Trees/Textures/T_Palm_A_Leaf_D.ubulk" 734
"E:/Projects/EcoBots/Content/Assets/LUSH_StylizedEnvironmentSet/Foliage/Trees/Textures/T_Palm_A_Leaf_D.uasset" 735
"E:/Projects/EcoBots/Content/Assets/LUSH_StylizedEnvironmentSet/Foliage/Trees/Textures/T_Palm_A_Leaf_D.uexp" 736
"E:/Projects/EcoBots/Content/Assets/LUSH_StylizedEnvironmentSet/Foliage/Trees/Textures/T_Palm_A_Leaf_N.ubulk" 737
"E:/Projects/EcoBots/Content/Assets/LUSH_StylizedEnvironmentSet/Foliage/Trees/Textures/T_Palm_A_Leaf_N.uasset" 738
"E:/Projects/EcoBots/Content/Assets/LUSH_StylizedEnvironmentSet/Foliage/Trees/Textures/T_Palm_A_Leaf_N.uexp" 739
"E:/Projects/EcoBots/Content/Assets/LUSH_StylizedEnvironmentSet/Foliage/Trees/Materials/MI_Palm_A_Leaf_01.uasset" 740
"E:/Projects/EcoBots/Content/Assets/LUSH_StylizedEnvironmentSet/Foliage/Trees/Materials/MI_Palm_A_Leaf_01.uexp" 741
"E:/Projects/EcoBots/Content/Assets/LUSH_StylizedEnvironmentSet/Foliage/Trees/SM_Palm_A_01.ubulk" 742
"E:/Projects/EcoBots/Content/Assets/LUSH_StylizedEnvironmentSet/Foliage/Trees/SM_Palm_A_01.uasset" 743
"E:/Projects/EcoBots/Content/Assets/LUSH_StylizedEnvironmentSet/Foliage/Trees/SM_Palm_A_01.uexp" 744
"E:/Projects/EcoBots/Content/Assets/LUSH_StylizedEnvironmentSet/Foliage/Trees/SMF_Palm_A_01.uasset" 745
"E:/Projects/EcoBots/Content/Assets/LUSH_StylizedEnvironmentSet/Foliage/Trees/SMF_Palm_A_01.uexp" 746
"E:/Projects/EcoBots/Content/Assets/LUSH_StylizedEnvironmentSet/Foliage/Trees/SM_Palm_A_03.ubulk" 747
"E:/Projects/EcoBots/Content/Assets/LUSH_StylizedEnvironmentSet/Foliage/Trees/SM_Palm_A_03.uasset" 748
"E:/Projects/EcoBots/Content/Assets/LUSH_StylizedEnvironmentSet/Foliage/Trees/SM_Palm_A_03.uexp" 749
"E:/Projects/EcoBots/Content/Assets/LUSH_StylizedEnvironmentSet/Foliage/Trees/SMF_Palm_A_03.uasset" 750
"E:/Projects/EcoBots/Content/Assets/LUSH_StylizedEnvironmentSet/Foliage/Trees/SMF_Palm_A_03.uexp" 751
"E:/Projects/EcoBots/Content/StarterContent/Textures/T_Wood_Pine_D.ubulk" 752
"E:/Projects/EcoBots/Content/StarterContent/Textures/T_Wood_Pine_D.uasset" 753
"E:/Projects/EcoBots/Content/StarterContent/Textures/T_Wood_Pine_D.uexp" 754
"E:/Projects/EcoBots/Content/StarterContent/Textures/T_Wood_Pine_N.ubulk" 755
"E:/Projects/EcoBots/Content/StarterContent/Textures/T_Wood_Pine_N.uasset" 756
"E:/Projects/EcoBots/Content/StarterContent/Textures/T_Wood_Pine_N.uexp" 757
"E:/Projects/EcoBots/Content/StarterContent/Textures/T_Perlin_Noise_M.ubulk" 758
"E:/Projects/EcoBots/Content/StarterContent/Textures/T_Perlin_Noise_M.uasset" 759
"E:/Projects/EcoBots/Content/StarterContent/Textures/T_Perlin_Noise_M.uexp" 760
"E:/Projects/EcoBots/Content/StarterContent/Textures/T_MacroVariation.uasset" 761
"E:/Projects/EcoBots/Content/StarterContent/Textures/T_MacroVariation.uexp" 762
"E:/Projects/EcoBots/Content/StarterContent/Materials/M_Wood_Pine.uasset" 763
"E:/Projects/EcoBots/Content/StarterContent/Materials/M_Wood_Pine.uexp" 764
"E:/Projects/EcoBots/Content/Assets/Boat/body_1.uasset" 765
"E:/Projects/EcoBots/Content/Assets/Boat/body_1.uexp" 766
"E:/Projects/EcoBots/Content/Assets/Boat/Boat_body_1.ubulk" 767
"E:/Projects/EcoBots/Content/Assets/Boat/Boat_body_1.uasset" 768
"E:/Projects/EcoBots/Content/Assets/Boat/Boat_body_1.uexp" 769
"E:/Projects/EcoBots/Content/Assets/Boat/body_2.uasset" 770
"E:/Projects/EcoBots/Content/Assets/Boat/body_2.uexp" 771
"E:/Projects/EcoBots/Content/Assets/Boat/Boat_body_2.ubulk" 772
"E:/Projects/EcoBots/Content/Assets/Boat/Boat_body_2.uasset" 773
"E:/Projects/EcoBots/Content/Assets/Boat/Boat_body_2.uexp" 774
"E:/Projects/EcoBots/Content/Assets/Boat/paddle_.uasset" 775
"E:/Projects/EcoBots/Content/Assets/Boat/paddle_.uexp" 776
"E:/Projects/EcoBots/Content/Assets/Boat/Boat_paddle_1.ubulk" 777
"E:/Projects/EcoBots/Content/Assets/Boat/Boat_paddle_1.uasset" 778
"E:/Projects/EcoBots/Content/Assets/Boat/Boat_paddle_1.uexp" 779
"E:/Projects/EcoBots/Content/Assets/Boat/Boat_paddle_2.ubulk" 780
"E:/Projects/EcoBots/Content/Assets/Boat/Boat_paddle_2.uasset" 781
"E:/Projects/EcoBots/Content/Assets/Boat/Boat_paddle_2.uexp" 782
"E:/Projects/EcoBots/Content/StarterContent/Textures/T_Wood_Oak_N.ubulk" 783
"E:/Projects/EcoBots/Content/StarterContent/Textures/T_Wood_Oak_N.uasset" 784
"E:/Projects/EcoBots/Content/StarterContent/Textures/T_Wood_Oak_N.uexp" 785
"E:/Projects/EcoBots/Content/StarterContent/Textures/T_Wood_Oak_D.ubulk" 786
"E:/Projects/EcoBots/Content/StarterContent/Textures/T_Wood_Oak_D.uasset" 787
"E:/Projects/EcoBots/Content/StarterContent/Textures/T_Wood_Oak_D.uexp" 788
"E:/Projects/EcoBots/Content/StarterContent/Materials/M_Wood_Oak.uasset" 789
"E:/Projects/EcoBots/Content/StarterContent/Materials/M_Wood_Oak.uexp" 790
"E:/Projects/EcoBots/Content/Assets/Boat/bottom.uasset" 791
"E:/Projects/EcoBots/Content/Assets/Boat/bottom.uexp" 792
"E:/Projects/EcoBots/Content/Assets/Boat/Boat_bottom.ubulk" 793
"E:/Projects/EcoBots/Content/Assets/Boat/Boat_bottom.uasset" 794
"E:/Projects/EcoBots/Content/Assets/Boat/Boat_bottom.uexp" 795
"E:/Projects/EcoBots/Content/Blueprints/Miscellaneous/BP_Boat.uasset" 796
"E:/Projects/EcoBots/Content/Blueprints/Miscellaneous/BP_Boat.uexp" 797
"E:/Projects/EcoBots/Content/Assets/LUSH_StylizedEnvironmentSet/Foliage/Trees/Textures/T_Banana_Bark_D.ubulk" 798
"E:/Projects/EcoBots/Content/Assets/LUSH_StylizedEnvironmentSet/Foliage/Trees/Textures/T_Banana_Bark_D.uasset" 799
"E:/Projects/EcoBots/Content/Assets/LUSH_StylizedEnvironmentSet/Foliage/Trees/Textures/T_Banana_Bark_D.uexp" 800
"E:/Projects/EcoBots/Content/Assets/LUSH_StylizedEnvironmentSet/Foliage/Trees/Textures/T_Banana_Bark_RHAO.ubulk" 801
"E:/Projects/EcoBots/Content/Assets/LUSH_StylizedEnvironmentSet/Foliage/Trees/Textures/T_Banana_Bark_RHAO.uasset" 802
"E:/Projects/EcoBots/Content/Assets/LUSH_StylizedEnvironmentSet/Foliage/Trees/Textures/T_Banana_Bark_RHAO.uexp" 803
"E:/Projects/EcoBots/Content/Assets/LUSH_StylizedEnvironmentSet/Foliage/Trees/Textures/T_Banana_Bark_N.ubulk" 804
"E:/Projects/EcoBots/Content/Assets/LUSH_StylizedEnvironmentSet/Foliage/Trees/Textures/T_Banana_Bark_N.uasset" 805
"E:/Projects/EcoBots/Content/Assets/LUSH_StylizedEnvironmentSet/Foliage/Trees/Textures/T_Banana_Bark_N.uexp" 806
"E:/Projects/EcoBots/Content/Assets/LUSH_StylizedEnvironmentSet/Foliage/Trees/Materials/MI_Bark_BananaTree.uasset" 807
"E:/Projects/EcoBots/Content/Assets/LUSH_StylizedEnvironmentSet/Foliage/Trees/Materials/MI_Bark_BananaTree.uexp" 808
"E:/Projects/EcoBots/Content/Assets/LUSH_StylizedEnvironmentSet/Foliage/Trees/Textures/T_BananaLeaf_02_D.ubulk" 809
"E:/Projects/EcoBots/Content/Assets/LUSH_StylizedEnvironmentSet/Foliage/Trees/Textures/T_BananaLeaf_02_D.uasset" 810
"E:/Projects/EcoBots/Content/Assets/LUSH_StylizedEnvironmentSet/Foliage/Trees/Textures/T_BananaLeaf_02_D.uexp" 811
"E:/Projects/EcoBots/Content/Assets/LUSH_StylizedEnvironmentSet/Foliage/Trees/Textures/T_BananaLeaf_02_N.ubulk" 812
"E:/Projects/EcoBots/Content/Assets/LUSH_StylizedEnvironmentSet/Foliage/Trees/Textures/T_BananaLeaf_02_N.uasset" 813
"E:/Projects/EcoBots/Content/Assets/LUSH_StylizedEnvironmentSet/Foliage/Trees/Textures/T_BananaLeaf_02_N.uexp" 814
"E:/Projects/EcoBots/Content/Assets/LUSH_StylizedEnvironmentSet/Foliage/Trees/Materials/MI_BananaLeaf_01.uasset" 815
"E:/Projects/EcoBots/Content/Assets/LUSH_StylizedEnvironmentSet/Foliage/Trees/Materials/MI_BananaLeaf_01.uexp" 816
"E:/Projects/EcoBots/Content/Assets/LUSH_StylizedEnvironmentSet/Foliage/Trees/SM_BananaTree_01.ubulk" 817
"E:/Projects/EcoBots/Content/Assets/LUSH_StylizedEnvironmentSet/Foliage/Trees/SM_BananaTree_01.uasset" 818
"E:/Projects/EcoBots/Content/Assets/LUSH_StylizedEnvironmentSet/Foliage/Trees/SM_BananaTree_01.uexp" 819
"E:/Projects/EcoBots/Content/Assets/LUSH_StylizedEnvironmentSet/Foliage/Trees/SMF_BananaTree_01.uasset" 820
"E:/Projects/EcoBots/Content/Assets/LUSH_StylizedEnvironmentSet/Foliage/Trees/SMF_BananaTree_01.uexp" 821
"E:/Projects/EcoBots/Content/StarterContent/Textures/T_Lamp_N.ubulk" 822
"E:/Projects/EcoBots/Content/StarterContent/Textures/T_Lamp_N.uasset" 823
"E:/Projects/EcoBots/Content/StarterContent/Textures/T_Lamp_N.uexp" 824
"E:/Projects/EcoBots/Content/StarterContent/Textures/T_Lamp_M.ubulk" 825
"E:/Projects/EcoBots/Content/StarterContent/Textures/T_Lamp_M.uasset" 826
"E:/Projects/EcoBots/Content/StarterContent/Textures/T_Lamp_M.uexp" 827
"E:/Projects/EcoBots/Content/StarterContent/Props/Materials/M_Lamp.uasset" 828
"E:/Projects/EcoBots/Content/StarterContent/Props/Materials/M_Lamp.uexp" 829
"E:/Projects/EcoBots/Content/StarterContent/Props/SM_Lamp_Ceiling.ubulk" 830
"E:/Projects/EcoBots/Content/StarterContent/Props/SM_Lamp_Ceiling.uasset" 831
"E:/Projects/EcoBots/Content/StarterContent/Props/SM_Lamp_Ceiling.uexp" 832
"E:/Projects/EcoBots/Content/Assets/LUSH_StylizedEnvironmentSet/StylizedWaterComponent/Texture/T_WaterWaves_01_N.ubulk" 833
"E:/Projects/EcoBots/Content/Assets/LUSH_StylizedEnvironmentSet/StylizedWaterComponent/Texture/T_WaterWaves_01_N.uasset" 834
"E:/Projects/EcoBots/Content/Assets/LUSH_StylizedEnvironmentSet/StylizedWaterComponent/Texture/T_WaterWaves_01_N.uexp" 835
"../../../Engine/Content/Functions/Engine_MaterialFunctions02/Utility/VectorToRadialValue.uasset" 836
"../../../Engine/Content/Functions/Engine_MaterialFunctions02/Utility/VectorToRadialValue.uexp" 837
"E:/Projects/EcoBots/Content/Assets/LUSH_StylizedEnvironmentSet/StylizedWaterComponent/MaterialFunctions/MF_WorldPositionBehindWater.uasset" 838
"E:/Projects/EcoBots/Content/Assets/LUSH_StylizedEnvironmentSet/StylizedWaterComponent/MaterialFunctions/MF_WorldPositionBehindWater.uexp" 839
"E:/Projects/EcoBots/Content/Assets/LUSH_StylizedEnvironmentSet/StylizedWaterComponent/Texture/T_WaterWaves_01_H.ubulk" 840
"E:/Projects/EcoBots/Content/Assets/LUSH_StylizedEnvironmentSet/StylizedWaterComponent/Texture/T_WaterWaves_01_H.uasset" 841
"E:/Projects/EcoBots/Content/Assets/LUSH_StylizedEnvironmentSet/StylizedWaterComponent/Texture/T_WaterWaves_01_H.uexp" 842
"../../../Engine/Content/Functions/Engine_MaterialFunctions01/Density/ExponentialDensity.uasset" 843
"../../../Engine/Content/Functions/Engine_MaterialFunctions01/Density/ExponentialDensity.uexp" 844
"../../../Engine/Content/Functions/Engine_MaterialFunctions01/Gradient/RadialGradientExponential.uasset" 845
"../../../Engine/Content/Functions/Engine_MaterialFunctions01/Gradient/RadialGradientExponential.uexp" 846
"E:/Projects/EcoBots/Content/Assets/LUSH_StylizedEnvironmentSet/StylizedWaterComponent/Texture/T_FX_Waves.ubulk" 847
"E:/Projects/EcoBots/Content/Assets/LUSH_StylizedEnvironmentSet/StylizedWaterComponent/Texture/T_FX_Waves.uasset" 848
"E:/Projects/EcoBots/Content/Assets/LUSH_StylizedEnvironmentSet/StylizedWaterComponent/Texture/T_FX_Waves.uexp" 849
"../../../Engine/Content/Functions/Engine_MaterialFunctions02/Math/DeriveNormalZ_Function.uasset" 850
"../../../Engine/Content/Functions/Engine_MaterialFunctions02/Math/DeriveNormalZ_Function.uexp" 851
"E:/Projects/EcoBots/Content/Assets/LUSH_StylizedEnvironmentSet/StylizedWaterComponent/Materials/M_Water_Base.uasset" 852
"E:/Projects/EcoBots/Content/Assets/LUSH_StylizedEnvironmentSet/StylizedWaterComponent/Materials/M_Water_Base.uexp" 853
"E:/Projects/EcoBots/Content/Assets/Mat/MI_Water_02_WavesEnabled.uasset" 854
"E:/Projects/EcoBots/Content/Assets/Mat/MI_Water_02_WavesEnabled.uexp" 855
"E:/Projects/EcoBots/Content/Assets/LUSH_StylizedEnvironmentSet/Foliage/Bushes/SM_Bush_Medium_04.ubulk" 856
"E:/Projects/EcoBots/Content/Assets/LUSH_StylizedEnvironmentSet/Foliage/Bushes/SM_Bush_Medium_04.uasset" 857
"E:/Projects/EcoBots/Content/Assets/LUSH_StylizedEnvironmentSet/Foliage/Bushes/SM_Bush_Medium_04.uexp" 858
"E:/Projects/EcoBots/Content/Assets/LUSH_StylizedEnvironmentSet/Foliage/Trees/SM_SwampTree_01.ubulk" 859
"E:/Projects/EcoBots/Content/Assets/LUSH_StylizedEnvironmentSet/Foliage/Trees/SM_SwampTree_01.uasset" 860
"E:/Projects/EcoBots/Content/Assets/LUSH_StylizedEnvironmentSet/Foliage/Trees/SM_SwampTree_01.uexp" 861
"E:/Projects/EcoBots/Content/Assets/LUSH_StylizedEnvironmentSet/Foliage/Trees/SMF_Swamp_Tree_01.uasset" 862
"E:/Projects/EcoBots/Content/Assets/LUSH_StylizedEnvironmentSet/Foliage/Trees/SMF_Swamp_Tree_01.uexp" 863
"E:/Projects/EcoBots/Content/Assets/LUSH_StylizedEnvironmentSet/Foliage/Trees/SM_BananaTree_03.ubulk" 864
"E:/Projects/EcoBots/Content/Assets/LUSH_StylizedEnvironmentSet/Foliage/Trees/SM_BananaTree_03.uasset" 865
"E:/Projects/EcoBots/Content/Assets/LUSH_StylizedEnvironmentSet/Foliage/Trees/SM_BananaTree_03.uexp" 866
"E:/Projects/EcoBots/Content/Assets/LUSH_StylizedEnvironmentSet/Foliage/Bushes/SM_Bush_Medium_02.ubulk" 867
"E:/Projects/EcoBots/Content/Assets/LUSH_StylizedEnvironmentSet/Foliage/Bushes/SM_Bush_Medium_02.uasset" 868
"E:/Projects/EcoBots/Content/Assets/LUSH_StylizedEnvironmentSet/Foliage/Bushes/SM_Bush_Medium_02.uexp" 869
"E:/Projects/EcoBots/Content/Assets/LUSH_StylizedEnvironmentSet/Foliage/Bushes/SMF_Bush_Medium_02.uasset" 870
"E:/Projects/EcoBots/Content/Assets/LUSH_StylizedEnvironmentSet/Foliage/Bushes/SMF_Bush_Medium_02.uexp" 871
"E:/Projects/EcoBots/Content/Assets/LUSH_StylizedEnvironmentSet/Foliage/Trees/Materials/MI_Leaves_Tree_01.uasset" 872
"E:/Projects/EcoBots/Content/Assets/LUSH_StylizedEnvironmentSet/Foliage/Trees/Materials/MI_Leaves_Tree_01.uexp" 873
"E:/Projects/EcoBots/Content/Assets/LUSH_StylizedEnvironmentSet/Foliage/Trees/SM_Tree_Medium_02.ubulk" 874
"E:/Projects/EcoBots/Content/Assets/LUSH_StylizedEnvironmentSet/Foliage/Trees/SM_Tree_Medium_02.uasset" 875
"E:/Projects/EcoBots/Content/Assets/LUSH_StylizedEnvironmentSet/Foliage/Trees/SM_Tree_Medium_02.uexp" 876
"E:/Projects/EcoBots/Content/Assets/LUSH_StylizedEnvironmentSet/Foliage/Bushes/SM_Bush_Medium_03.ubulk" 877
"E:/Projects/EcoBots/Content/Assets/LUSH_StylizedEnvironmentSet/Foliage/Bushes/SM_Bush_Medium_03.uasset" 878
"E:/Projects/EcoBots/Content/Assets/LUSH_StylizedEnvironmentSet/Foliage/Bushes/SM_Bush_Medium_03.uexp" 879
"E:/Projects/EcoBots/Content/Assets/LUSH_StylizedEnvironmentSet/Foliage/Bushes/SMF_Bush_Medium_03.uasset" 880
"E:/Projects/EcoBots/Content/Assets/LUSH_StylizedEnvironmentSet/Foliage/Bushes/SMF_Bush_Medium_03.uexp" 881
"E:/Projects/EcoBots/Content/Assets/StackOBot/Characters/Bot/Materials/M_BotPink.uasset" 882
"E:/Projects/EcoBots/Content/Assets/StackOBot/Characters/Bot/Materials/M_BotPink.uexp" 883
"../../../Engine/Content/EngineSky/T_Sky_Stars.ubulk" 884
"../../../Engine/Content/EngineSky/T_Sky_Stars.uasset" 885
"../../../Engine/Content/EngineSky/T_Sky_Stars.uexp" 886
"../../../Engine/Content/EngineSky/T_Sky_Clouds_M.ubulk" 887
"../../../Engine/Content/EngineSky/T_Sky_Clouds_M.uasset" 888
"../../../Engine/Content/EngineSky/T_Sky_Clouds_M.uexp" 889
"../../../Engine/Content/EngineSky/T_Sky_Blue.ubulk" 890
"../../../Engine/Content/EngineSky/T_Sky_Blue.uasset" 891
"../../../Engine/Content/EngineSky/T_Sky_Blue.uexp" 892
"../../../Engine/Content/EngineSky/M_Sky_Panning_Clouds2.uasset" 893
"../../../Engine/Content/EngineSky/M_Sky_Panning_Clouds2.uexp" 894
"../../../Engine/Content/EngineSky/SM_SkySphere.ubulk" 895
"../../../Engine/Content/EngineSky/SM_SkySphere.uasset" 896
"../../../Engine/Content/EngineSky/SM_SkySphere.uexp" 897
"E:/Projects/EcoBots/Content/Assets/LUSH_StylizedEnvironmentSet/Foliage/Trees/SMF_BananaTree_03.uasset" 898
"E:/Projects/EcoBots/Content/Assets/LUSH_StylizedEnvironmentSet/Foliage/Trees/SMF_BananaTree_03.uexp" 899
"E:/Projects/EcoBots/Content/Assets/LUSH_StylizedEnvironmentSet/Foliage/Trees/SMF_Palm_B_04.uasset" 900
"E:/Projects/EcoBots/Content/Assets/LUSH_StylizedEnvironmentSet/Foliage/Trees/SMF_Palm_B_04.uexp" 901
"E:/Projects/EcoBots/Content/Assets/LUSH_StylizedEnvironmentSet/Foliage/Trees/SM_Palm_A_02.ubulk" 902
"E:/Projects/EcoBots/Content/Assets/LUSH_StylizedEnvironmentSet/Foliage/Trees/SM_Palm_A_02.uasset" 903
"E:/Projects/EcoBots/Content/Assets/LUSH_StylizedEnvironmentSet/Foliage/Trees/SM_Palm_A_02.uexp" 904
"E:/Projects/EcoBots/Content/Assets/LUSH_StylizedEnvironmentSet/Foliage/Flowers/SMF_Flowers_C_01.uasset" 905
"E:/Projects/EcoBots/Content/Assets/LUSH_StylizedEnvironmentSet/Foliage/Flowers/SMF_Flowers_C_01.uexp" 906
"E:/Projects/EcoBots/Content/Assets/LUSH_StylizedEnvironmentSet/Foliage/Trees/SM_Tree_Medium_01.ubulk" 907
"E:/Projects/EcoBots/Content/Assets/LUSH_StylizedEnvironmentSet/Foliage/Trees/SM_Tree_Medium_01.uasset" 908
"E:/Projects/EcoBots/Content/Assets/LUSH_StylizedEnvironmentSet/Foliage/Trees/SM_Tree_Medium_01.uexp" 909
"E:/Projects/EcoBots/Content/Assets/LUSH_StylizedEnvironmentSet/Foliage/Trees/SMF_Tree_Medium_01.uasset" 910
"E:/Projects/EcoBots/Content/Assets/LUSH_StylizedEnvironmentSet/Foliage/Trees/SMF_Tree_Medium_01.uexp" 911
"E:/Projects/EcoBots/Content/Assets/LUSH_StylizedEnvironmentSet/_SharedAssets/Materials/M_Plants_Base_TangentSpace.uasset" 912
"E:/Projects/EcoBots/Content/Assets/LUSH_StylizedEnvironmentSet/_SharedAssets/Materials/M_Plants_Base_TangentSpace.uexp" 913
"E:/Projects/EcoBots/Content/Assets/LUSH_StylizedEnvironmentSet/Foliage/Plants/Textures/T_eleplant_leaf_01.ubulk" 914
"E:/Projects/EcoBots/Content/Assets/LUSH_StylizedEnvironmentSet/Foliage/Plants/Textures/T_eleplant_leaf_01.uasset" 915
"E:/Projects/EcoBots/Content/Assets/LUSH_StylizedEnvironmentSet/Foliage/Plants/Textures/T_eleplant_leaf_01.uexp" 916
"E:/Projects/EcoBots/Content/Assets/LUSH_StylizedEnvironmentSet/Foliage/Plants/Textures/T_eleplant_leaf_01_N.ubulk" 917
"E:/Projects/EcoBots/Content/Assets/LUSH_StylizedEnvironmentSet/Foliage/Plants/Textures/T_eleplant_leaf_01_N.uasset" 918
"E:/Projects/EcoBots/Content/Assets/LUSH_StylizedEnvironmentSet/Foliage/Plants/Textures/T_eleplant_leaf_01_N.uexp" 919
"E:/Projects/EcoBots/Content/Assets/LUSH_StylizedEnvironmentSet/Foliage/Plants/Materials/MI_Plant_Taro.uasset" 920
"E:/Projects/EcoBots/Content/Assets/LUSH_StylizedEnvironmentSet/Foliage/Plants/Materials/MI_Plant_Taro.uexp" 921
"E:/Projects/EcoBots/Content/Assets/LUSH_StylizedEnvironmentSet/Foliage/Plants/SM_Plant_Taro_02.ubulk" 922
"E:/Projects/EcoBots/Content/Assets/LUSH_StylizedEnvironmentSet/Foliage/Plants/SM_Plant_Taro_02.uasset" 923
"E:/Projects/EcoBots/Content/Assets/LUSH_StylizedEnvironmentSet/Foliage/Plants/SM_Plant_Taro_02.uexp" 924
"E:/Projects/EcoBots/Content/Assets/LUSH_StylizedEnvironmentSet/Foliage/Plants/SMF_Plant_Taro_02.uasset" 925
"E:/Projects/EcoBots/Content/Assets/LUSH_StylizedEnvironmentSet/Foliage/Plants/SMF_Plant_Taro_02.uexp" 926
"E:/Projects/EcoBots/Content/Assets/LUSH_StylizedEnvironmentSet/Foliage/Flowers/SM_FlowerClump_B_01.uasset" 927
"E:/Projects/EcoBots/Content/Assets/LUSH_StylizedEnvironmentSet/Foliage/Flowers/SM_FlowerClump_B_01.uexp" 928
"E:/Projects/EcoBots/Content/Assets/LUSH_StylizedEnvironmentSet/Foliage/Flowers/SMF_Flowers_B_01.uasset" 929
"E:/Projects/EcoBots/Content/Assets/LUSH_StylizedEnvironmentSet/Foliage/Flowers/SMF_Flowers_B_01.uexp" 930
"E:/Projects/EcoBots/Content/Assets/LUSH_StylizedEnvironmentSet/Foliage/Trees/SM_Palm_B_02.ubulk" 931
"E:/Projects/EcoBots/Content/Assets/LUSH_StylizedEnvironmentSet/Foliage/Trees/SM_Palm_B_02.uasset" 932
"E:/Projects/EcoBots/Content/Assets/LUSH_StylizedEnvironmentSet/Foliage/Trees/SM_Palm_B_02.uexp" 933
"E:/Projects/EcoBots/Content/Assets/LUSH_StylizedEnvironmentSet/Foliage/Trees/SMF_Palm_B_02.uasset" 934
"E:/Projects/EcoBots/Content/Assets/LUSH_StylizedEnvironmentSet/Foliage/Trees/SMF_Palm_B_02.uexp" 935
"E:/Projects/EcoBots/Content/Assets/LUSH_StylizedEnvironmentSet/Foliage/Bushes/SM_Bush_Large.ubulk" 936
"E:/Projects/EcoBots/Content/Assets/LUSH_StylizedEnvironmentSet/Foliage/Bushes/SM_Bush_Large.uasset" 937
"E:/Projects/EcoBots/Content/Assets/LUSH_StylizedEnvironmentSet/Foliage/Bushes/SM_Bush_Large.uexp" 938
"E:/Projects/EcoBots/Content/Assets/LUSH_StylizedEnvironmentSet/Foliage/Trees/SM_BananaTree_02.ubulk" 939
"E:/Projects/EcoBots/Content/Assets/LUSH_StylizedEnvironmentSet/Foliage/Trees/SM_BananaTree_02.uasset" 940
"E:/Projects/EcoBots/Content/Assets/LUSH_StylizedEnvironmentSet/Foliage/Trees/SM_BananaTree_02.uexp" 941
"E:/Projects/EcoBots/Content/Assets/LUSH_StylizedEnvironmentSet/Foliage/Trees/SMF_BananaTree_02.uasset" 942
"E:/Projects/EcoBots/Content/Assets/LUSH_StylizedEnvironmentSet/Foliage/Trees/SMF_BananaTree_02.uexp" 943
"E:/Projects/EcoBots/Content/Blueprints/Managers/BP_DayNightManagers.uasset" 944
"E:/Projects/EcoBots/Content/Blueprints/Managers/BP_DayNightManagers.uexp" 945
"E:/Projects/EcoBots/Content/Assets/StackOBot/Characters/Bot/Materials/M_BotBaseRed.uasset" 946
"E:/Projects/EcoBots/Content/Assets/StackOBot/Characters/Bot/Materials/M_BotBaseRed.uexp" 947
"E:/Projects/EcoBots/Content/Assets/LUSH_StylizedEnvironmentSet/Foliage/Flowers/SM_FlowerClump_D_01.uasset" 948
"E:/Projects/EcoBots/Content/Assets/LUSH_StylizedEnvironmentSet/Foliage/Flowers/SM_FlowerClump_D_01.uexp" 949
"E:/Projects/EcoBots/Content/Assets/LUSH_StylizedEnvironmentSet/Foliage/Flowers/SMF_Flowers_D_01.uasset" 950
"E:/Projects/EcoBots/Content/Assets/LUSH_StylizedEnvironmentSet/Foliage/Flowers/SMF_Flowers_D_01.uexp" 951
"E:/Projects/EcoBots/Content/Assets/LUSH_StylizedEnvironmentSet/Foliage/Trees/SM_BananaTree_04.ubulk" 952
"E:/Projects/EcoBots/Content/Assets/LUSH_StylizedEnvironmentSet/Foliage/Trees/SM_BananaTree_04.uasset" 953
"E:/Projects/EcoBots/Content/Assets/LUSH_StylizedEnvironmentSet/Foliage/Trees/SM_BananaTree_04.uexp" 954
"E:/Projects/EcoBots/Content/Assets/media/fonts/LEAFLETS.uexp" 955
"E:/Projects/EcoBots/Content/Assets/media/fonts/LEAFLETS.uasset" 956
"E:/Projects/EcoBots/Content/Assets/media/fonts/LEAFLETS.ufont" 957
"E:/Projects/EcoBots/Content/Assets/media/fonts/LEAFLETS_Font.uasset" 958
"E:/Projects/EcoBots/Content/Assets/media/fonts/LEAFLETS_Font.uexp" 959
"E:/Projects/EcoBots/Content/Blueprints/Audio/SC_Music.uasset" 960
"E:/Projects/EcoBots/Content/Blueprints/Audio/SC_Music.uexp" 961
"E:/Projects/EcoBots/Content/Blueprints/Audio/SCM_Master.uasset" 962
"E:/Projects/EcoBots/Content/Blueprints/Audio/SCM_Master.uexp" 963
"E:/Projects/EcoBots/Content/Blueprints/Audio/SC_Master.uasset" 964
"E:/Projects/EcoBots/Content/Blueprints/Audio/SC_Master.uexp" 965
"E:/Projects/EcoBots/Content/Assets/media/wavs/woodenclick.ubulk" 966
"E:/Projects/EcoBots/Content/Assets/media/wavs/woodenclick.uasset" 967
"E:/Projects/EcoBots/Content/Assets/media/wavs/woodenclick.uexp" 968
"E:/Projects/EcoBots/Content/Assets/media/fonts/Robot-Regular.uexp" 969
"E:/Projects/EcoBots/Content/Assets/media/fonts/Robot-Regular.uasset" 970
"E:/Projects/EcoBots/Content/Assets/media/fonts/Robot-Regular.ufont" 971
"E:/Projects/EcoBots/Content/Assets/media/fonts/Robot-Regular_Font.uasset" 972
"E:/Projects/EcoBots/Content/Assets/media/fonts/Robot-Regular_Font.uexp" 973
"E:/Projects/EcoBots/Content/Assets/media/fonts/LEAFLETS_0_Font.uasset" 974
"E:/Projects/EcoBots/Content/Assets/media/fonts/LEAFLETS_0_Font.uexp" 975
"E:/Projects/EcoBots/Content/Assets/StackOBot/Environment/Materials/Textures/T_ConcreteTileable_M.ubulk" 976
"E:/Projects/EcoBots/Content/Assets/StackOBot/Environment/Materials/Textures/T_ConcreteTileable_M.uasset" 977
"E:/Projects/EcoBots/Content/Assets/StackOBot/Environment/Materials/Textures/T_ConcreteTileable_M.uexp" 978
"../../../Engine/Content/ArtTools/RenderToTexture/Textures/127grey.uasset" 979
"../../../Engine/Content/ArtTools/RenderToTexture/Textures/127grey.uexp" 980
"E:/Projects/EcoBots/Content/Assets/StackOBot/Environment/Materials/Textures/T_ConcreteTileable_N.ubulk" 981
"E:/Projects/EcoBots/Content/Assets/StackOBot/Environment/Materials/Textures/T_ConcreteTileable_N.uasset" 982
"E:/Projects/EcoBots/Content/Assets/StackOBot/Environment/Materials/Textures/T_ConcreteTileable_N.uexp" 983
"E:/Projects/EcoBots/Content/Assets/StackOBot/Environment/Landscape/Textures/RVT_Crater_H.uasset" 984
"E:/Projects/EcoBots/Content/Assets/StackOBot/Environment/Landscape/Textures/RVT_Crater_H.uexp" 985
"E:/Projects/EcoBots/Content/Assets/StackOBot/Environment/Foilage/Textures/Wind.ubulk" 986
"E:/Projects/EcoBots/Content/Assets/StackOBot/Environment/Foilage/Textures/Wind.uasset" 987
"E:/Projects/EcoBots/Content/Assets/StackOBot/Environment/Foilage/Textures/Wind.uexp" 988
"../../../Engine/Content/Functions/Engine_MaterialFunctions02/Utility/BlendAngleCorrectedNormals.uasset" 989
"../../../Engine/Content/Functions/Engine_MaterialFunctions02/Utility/BlendAngleCorrectedNormals.uexp" 990
"../../../Engine/Content/Functions/Engine_MaterialFunctions01/Texturing/FlattenNormal.uasset" 991
"../../../Engine/Content/Functions/Engine_MaterialFunctions01/Texturing/FlattenNormal.uexp" 992
"E:/Projects/EcoBots/Content/Assets/StackOBot/Environment/Materials/MF_WorldSpaceUV.uasset" 993
"E:/Projects/EcoBots/Content/Assets/StackOBot/Environment/Materials/MF_WorldSpaceUV.uexp" 994
"E:/Projects/EcoBots/Content/Assets/StackOBot/Environment/Materials/Textures/T_SandTileabe_BC.ubulk" 995
"E:/Projects/EcoBots/Content/Assets/StackOBot/Environment/Materials/Textures/T_SandTileabe_BC.uasset" 996
"E:/Projects/EcoBots/Content/Assets/StackOBot/Environment/Materials/Textures/T_SandTileabe_BC.uexp" 997
"E:/Projects/EcoBots/Content/Assets/StackOBot/Environment/Materials/MPC_DataSet.uasset" 998
"E:/Projects/EcoBots/Content/Assets/StackOBot/Environment/Materials/MPC_DataSet.uexp" 999
"E:/Projects/EcoBots/Content/Assets/StackOBot/Environment/Materials/ML_Base.uasset" 1000
"E:/Projects/EcoBots/Content/Assets/StackOBot/Environment/Materials/ML_Base.uexp" 1001
"E:/Projects/EcoBots/Content/Assets/StackOBot/Environment/Materials/M_TileMaster.uasset" 1002
"E:/Projects/EcoBots/Content/Assets/StackOBot/Environment/Materials/M_TileMaster.uexp" 1003
"E:/Projects/EcoBots/Content/Assets/StackOBot/Environment/Materials/MI_Metal.uasset" 1004
"E:/Projects/EcoBots/Content/Assets/StackOBot/Environment/Materials/MI_Metal.uexp" 1005
"../../../Engine/Content/VREditor/LaserPointer/LaserPointerMaterial.uasset" 1006
"../../../Engine/Content/VREditor/LaserPointer/LaserPointerMaterial.uexp" 1007
"../../../Engine/Content/VREditor/LaserPointer/LaserPointerMaterial_Inst.uasset" 1008
"../../../Engine/Content/VREditor/LaserPointer/LaserPointerMaterial_Inst.uexp" 1009
"E:/Projects/EcoBots/Content/Assets/StackOBot/Environment/Materials/Textures/T_Grunge_A.ubulk" 1010
"E:/Projects/EcoBots/Content/Assets/StackOBot/Environment/Materials/Textures/T_Grunge_A.uasset" 1011
"E:/Projects/EcoBots/Content/Assets/StackOBot/Environment/Materials/Textures/T_Grunge_A.uexp" 1012
"E:/Projects/EcoBots/Content/Assets/StackOBot/Environment/Materials/Textures/T_Metal_Painted_N.ubulk" 1013
"E:/Projects/EcoBots/Content/Assets/StackOBot/Environment/Materials/Textures/T_Metal_Painted_N.uasset" 1014
"E:/Projects/EcoBots/Content/Assets/StackOBot/Environment/Materials/Textures/T_Metal_Painted_N.uexp" 1015
"E:/Projects/EcoBots/Content/Assets/StackOBot/Environment/Materials/MI_Plastic.uasset" 1016
"E:/Projects/EcoBots/Content/Assets/StackOBot/Environment/Materials/MI_Plastic.uexp" 1017
"E:/Projects/EcoBots/Content/Assets/StackOBot/Environment/Props/SM_SpawnPad_Ring.ubulk" 1018
"E:/Projects/EcoBots/Content/Assets/StackOBot/Environment/Props/SM_SpawnPad_Ring.uasset" 1019
"E:/Projects/EcoBots/Content/Assets/StackOBot/Environment/Props/SM_SpawnPad_Ring.uexp" 1020
"E:/Projects/EcoBots/Content/Assets/media/img/IronItemIcon.ubulk" 1021
"E:/Projects/EcoBots/Content/Assets/media/img/IronItemIcon.uasset" 1022
"E:/Projects/EcoBots/Content/Assets/media/img/IronItemIcon.uexp" 1023
"E:/Projects/EcoBots/Content/Blueprints/Items/InventoryItems/BP_IronInventoryItem.uasset" 1024
"E:/Projects/EcoBots/Content/Blueprints/Items/InventoryItems/BP_IronInventoryItem.uexp" 1025
"E:/Projects/EcoBots/Content/Assets/LUSH_StylizedEnvironmentSet/Meshes/Rocks/Textures/T_RockSurface_D_02.ubulk" 1026
"E:/Projects/EcoBots/Content/Assets/LUSH_StylizedEnvironmentSet/Meshes/Rocks/Textures/T_RockSurface_D_02.uasset" 1027
"E:/Projects/EcoBots/Content/Assets/LUSH_StylizedEnvironmentSet/Meshes/Rocks/Textures/T_RockSurface_D_02.uexp" 1028
"E:/Projects/EcoBots/Content/Assets/LUSH_StylizedEnvironmentSet/Meshes/Rocks/Textures/T_Rock_03_N.ubulk" 1029
"E:/Projects/EcoBots/Content/Assets/LUSH_StylizedEnvironmentSet/Meshes/Rocks/Textures/T_Rock_03_N.uasset" 1030
"E:/Projects/EcoBots/Content/Assets/LUSH_StylizedEnvironmentSet/Meshes/Rocks/Textures/T_Rock_03_N.uexp" 1031
"E:/Projects/EcoBots/Content/Assets/LUSH_StylizedEnvironmentSet/Landscape/Textures/RVT_BaseColor.uasset" 1032
"E:/Projects/EcoBots/Content/Assets/LUSH_StylizedEnvironmentSet/Landscape/Textures/RVT_BaseColor.uexp" 1033
"E:/Projects/EcoBots/Content/Assets/LUSH_StylizedEnvironmentSet/Landscape/Textures/T_TropicalCliff_D.ubulk" 1034
"E:/Projects/EcoBots/Content/Assets/LUSH_StylizedEnvironmentSet/Landscape/Textures/T_TropicalCliff_D.uasset" 1035
"E:/Projects/EcoBots/Content/Assets/LUSH_StylizedEnvironmentSet/Landscape/Textures/T_TropicalCliff_D.uexp" 1036
"E:/Projects/EcoBots/Content/Assets/LUSH_StylizedEnvironmentSet/Meshes/Rocks/Textures/T_StylizedMoss_D.ubulk" 1037
"E:/Projects/EcoBots/Content/Assets/LUSH_StylizedEnvironmentSet/Meshes/Rocks/Textures/T_StylizedMoss_D.uasset" 1038
"E:/Projects/EcoBots/Content/Assets/LUSH_StylizedEnvironmentSet/Meshes/Rocks/Textures/T_StylizedMoss_D.uexp" 1039
"E:/Projects/EcoBots/Content/Assets/LUSH_StylizedEnvironmentSet/Landscape/Textures/RVT_Height.uasset" 1040
"E:/Projects/EcoBots/Content/Assets/LUSH_StylizedEnvironmentSet/Landscape/Textures/RVT_Height.uexp" 1041
"E:/Projects/EcoBots/Content/Assets/LUSH_StylizedEnvironmentSet/_SharedAssets/Materials/M_Rock_Base.uasset" 1042
"E:/Projects/EcoBots/Content/Assets/LUSH_StylizedEnvironmentSet/_SharedAssets/Materials/M_Rock_Base.uexp" 1043
"E:/Projects/EcoBots/Content/Assets/LUSH_StylizedEnvironmentSet/Meshes/Rocks/Materials/MI_Rock_03_A.uasset" 1044
"E:/Projects/EcoBots/Content/Assets/LUSH_StylizedEnvironmentSet/Meshes/Rocks/Materials/MI_Rock_03_A.uexp" 1045
"E:/Projects/EcoBots/Content/Assets/LUSH_StylizedEnvironmentSet/Meshes/Rocks/SM_Rock_03.ubulk" 1046
"E:/Projects/EcoBots/Content/Assets/LUSH_StylizedEnvironmentSet/Meshes/Rocks/SM_Rock_03.uasset" 1047
"E:/Projects/EcoBots/Content/Assets/LUSH_StylizedEnvironmentSet/Meshes/Rocks/SM_Rock_03.uexp" 1048
"E:/Projects/EcoBots/Content/Blueprints/Items/BP_IronItem.uasset" 1049
"E:/Projects/EcoBots/Content/Blueprints/Items/BP_IronItem.uexp" 1050
"../../../Engine/Content/BasicShapes/Sphere.ubulk" 1051
"../../../Engine/Content/BasicShapes/Sphere.uasset" 1052
"../../../Engine/Content/BasicShapes/Sphere.uexp" 1053
"E:/Projects/EcoBots/Content/Assets/Realistic_Starter_VFX_Pack_Vol2/Textures/T_Flies.ubulk" 1054
"E:/Projects/EcoBots/Content/Assets/Realistic_Starter_VFX_Pack_Vol2/Textures/T_Flies.uasset" 1055
"E:/Projects/EcoBots/Content/Assets/Realistic_Starter_VFX_Pack_Vol2/Textures/T_Flies.uexp" 1056
"E:/Projects/EcoBots/Content/Assets/Realistic_Starter_VFX_Pack_Vol2/Textures/T_Fireflies_Emms.ubulk" 1057
"E:/Projects/EcoBots/Content/Assets/Realistic_Starter_VFX_Pack_Vol2/Textures/T_Fireflies_Emms.uasset" 1058
"E:/Projects/EcoBots/Content/Assets/Realistic_Starter_VFX_Pack_Vol2/Textures/T_Fireflies_Emms.uexp" 1059
"E:/Projects/EcoBots/Content/Assets/Realistic_Starter_VFX_Pack_Vol2/Materials/M_Flies.uasset" 1060
"E:/Projects/EcoBots/Content/Assets/Realistic_Starter_VFX_Pack_Vol2/Materials/M_Flies.uexp" 1061
"E:/Projects/EcoBots/Content/Assets/Realistic_Starter_VFX_Pack_Vol2/Vectorfields/VectorField_C.uasset" 1062
"E:/Projects/EcoBots/Content/Assets/Realistic_Starter_VFX_Pack_Vol2/Vectorfields/VectorField_C.uexp" 1063
"E:/Projects/EcoBots/Content/Assets/Realistic_Starter_VFX_Pack_Vol2/Particles/Environment/P_Fireflies.uasset" 1064
"E:/Projects/EcoBots/Content/Assets/Realistic_Starter_VFX_Pack_Vol2/Particles/Environment/P_Fireflies.uexp" 1065
"E:/Projects/EcoBots/Content/Assets/Orasot_Bundle/StylizedForestLandscape/Textures/T_Big_Rock.ubulk" 1066
"E:/Projects/EcoBots/Content/Assets/Orasot_Bundle/StylizedForestLandscape/Textures/T_Big_Rock.uasset" 1067
"E:/Projects/EcoBots/Content/Assets/Orasot_Bundle/StylizedForestLandscape/Textures/T_Big_Rock.uexp" 1068
"E:/Projects/EcoBots/Content/Assets/Orasot_Bundle/StylizedForestLandscape/Textures/T_Big_Rock_normal.ubulk" 1069
"E:/Projects/EcoBots/Content/Assets/Orasot_Bundle/StylizedForestLandscape/Textures/T_Big_Rock_normal.uasset" 1070
"E:/Projects/EcoBots/Content/Assets/Orasot_Bundle/StylizedForestLandscape/Textures/T_Big_Rock_normal.uexp" 1071
"E:/Projects/EcoBots/Content/Assets/Orasot_Bundle/StylizedForestLandscape/Material_Instances/MI_Big_Rock_1.uasset" 1072
"E:/Projects/EcoBots/Content/Assets/Orasot_Bundle/StylizedForestLandscape/Material_Instances/MI_Big_Rock_1.uexp" 1073
"E:/Projects/EcoBots/Content/Assets/Orasot_Bundle/StylizedForestLandscape/Textures/T_Big_Rock_2.ubulk" 1074
"E:/Projects/EcoBots/Content/Assets/Orasot_Bundle/StylizedForestLandscape/Textures/T_Big_Rock_2.uasset" 1075
"E:/Projects/EcoBots/Content/Assets/Orasot_Bundle/StylizedForestLandscape/Textures/T_Big_Rock_2.uexp" 1076
"E:/Projects/EcoBots/Content/Assets/Orasot_Bundle/StylizedForestLandscape/Textures/T_Big_Rock_2_normal.ubulk" 1077
"E:/Projects/EcoBots/Content/Assets/Orasot_Bundle/StylizedForestLandscape/Textures/T_Big_Rock_2_normal.uasset" 1078
"E:/Projects/EcoBots/Content/Assets/Orasot_Bundle/StylizedForestLandscape/Textures/T_Big_Rock_2_normal.uexp" 1079
"E:/Projects/EcoBots/Content/Assets/Orasot_Bundle/StylizedForestLandscape/Material_Instances/MI_Big_Rock_2.uasset" 1080
"E:/Projects/EcoBots/Content/Assets/Orasot_Bundle/StylizedForestLandscape/Material_Instances/MI_Big_Rock_2.uexp" 1081
"E:/Projects/EcoBots/Content/Assets/LUSH_StylizedEnvironmentSet/Foliage/GroundIvy/Textures/T_GroundIvy_N.ubulk" 1082
"E:/Projects/EcoBots/Content/Assets/LUSH_StylizedEnvironmentSet/Foliage/GroundIvy/Textures/T_GroundIvy_N.uasset" 1083
"E:/Projects/EcoBots/Content/Assets/LUSH_StylizedEnvironmentSet/Foliage/GroundIvy/Textures/T_GroundIvy_N.uexp" 1084
"E:/Projects/EcoBots/Content/Assets/LUSH_StylizedEnvironmentSet/Foliage/GroundIvy/Textures/T_GroundIvy_D.ubulk" 1085
"E:/Projects/EcoBots/Content/Assets/LUSH_StylizedEnvironmentSet/Foliage/GroundIvy/Textures/T_GroundIvy_D.uasset" 1086
"E:/Projects/EcoBots/Content/Assets/LUSH_StylizedEnvironmentSet/Foliage/GroundIvy/Textures/T_GroundIvy_D.uexp" 1087
"E:/Projects/EcoBots/Content/Assets/LUSH_StylizedEnvironmentSet/Foliage/GroundIvy/Materials/MI_GroundIvy.uasset" 1088
"E:/Projects/EcoBots/Content/Assets/LUSH_StylizedEnvironmentSet/Foliage/GroundIvy/Materials/MI_GroundIvy.uexp" 1089
"E:/Projects/EcoBots/Content/Assets/LUSH_StylizedEnvironmentSet/Foliage/GroundIvy/SM_GroundIvy_03.ubulk" 1090
"E:/Projects/EcoBots/Content/Assets/LUSH_StylizedEnvironmentSet/Foliage/GroundIvy/SM_GroundIvy_03.uasset" 1091
"E:/Projects/EcoBots/Content/Assets/LUSH_StylizedEnvironmentSet/Foliage/GroundIvy/SM_GroundIvy_03.uexp" 1092
"../../../Engine/Content/BasicShapes/Cylinder.ubulk" 1093
"../../../Engine/Content/BasicShapes/Cylinder.uasset" 1094
"../../../Engine/Content/BasicShapes/Cylinder.uexp" 1095
"../../../Engine/Content/TemplateResources/M_Template_Master.uasset" 1096
"../../../Engine/Content/TemplateResources/M_Template_Master.uexp" 1097
"../../../Engine/Content/TemplateResources/MI_Template_BaseGray_02_Metal.uasset" 1098
"../../../Engine/Content/TemplateResources/MI_Template_BaseGray_02_Metal.uexp" 1099
"../../../Engine/Content/TemplateResources/MI_Template_BaseGray_Metal.uasset" 1100
"../../../Engine/Content/TemplateResources/MI_Template_BaseGray_Metal.uexp" 1101
"../../../Engine/Content/TemplateResources/MI_Template_BaseOrange_Metal.uasset" 1102
"../../../Engine/Content/TemplateResources/MI_Template_BaseOrange_Metal.uexp" 1103
"E:/Projects/EcoBots/Content/Assets/media/img/BatteryItemIcon.ubulk" 1104
"E:/Projects/EcoBots/Content/Assets/media/img/BatteryItemIcon.uasset" 1105
"E:/Projects/EcoBots/Content/Assets/media/img/BatteryItemIcon.uexp" 1106
"E:/Projects/EcoBots/Content/Blueprints/Items/InventoryItems/BP_BatteryInventoryItem.uasset" 1107
"E:/Projects/EcoBots/Content/Blueprints/Items/InventoryItems/BP_BatteryInventoryItem.uexp" 1108
"E:/Projects/EcoBots/Content/Blueprints/Items/BP_BatteryItem.uasset" 1109
"E:/Projects/EcoBots/Content/Blueprints/Items/BP_BatteryItem.uexp" 1110
"E:/Projects/EcoBots/Content/Blueprints/Spawners/BP_BatterySpawner.uasset" 1111
"E:/Projects/EcoBots/Content/Blueprints/Spawners/BP_BatterySpawner.uexp" 1112
"E:/Projects/EcoBots/Content/Assets/LUSH_StylizedEnvironmentSet/Foliage/GroundIvy/SM_GroundIvy_04.ubulk" 1113
"E:/Projects/EcoBots/Content/Assets/LUSH_StylizedEnvironmentSet/Foliage/GroundIvy/SM_GroundIvy_04.uasset" 1114
"E:/Projects/EcoBots/Content/Assets/LUSH_StylizedEnvironmentSet/Foliage/GroundIvy/SM_GroundIvy_04.uexp" 1115
"E:/Projects/EcoBots/Content/Blueprints/LevelPieces/TropicalBiome/Terrains/BP_TropicalTerrain2.uasset" 1116
"E:/Projects/EcoBots/Content/Blueprints/LevelPieces/TropicalBiome/Terrains/BP_TropicalTerrain2.uexp" 1117
"E:/Projects/EcoBots/Content/StarterContent/Materials/M_Basic_Wall.uasset" 1118
"E:/Projects/EcoBots/Content/StarterContent/Materials/M_Basic_Wall.uexp" 1119
"E:/Projects/EcoBots/Content/StarterContent/Shapes/Shape_Cylinder.ubulk" 1120
"E:/Projects/EcoBots/Content/StarterContent/Shapes/Shape_Cylinder.uasset" 1121
"E:/Projects/EcoBots/Content/StarterContent/Shapes/Shape_Cylinder.uexp" 1122
"E:/Projects/EcoBots/Content/Assets/LUSH_StylizedEnvironmentSet/Foliage/Trees/Textures/T_Bark_02_D.ubulk" 1123
"E:/Projects/EcoBots/Content/Assets/LUSH_StylizedEnvironmentSet/Foliage/Trees/Textures/T_Bark_02_D.uasset" 1124
"E:/Projects/EcoBots/Content/Assets/LUSH_StylizedEnvironmentSet/Foliage/Trees/Textures/T_Bark_02_D.uexp" 1125
"E:/Projects/EcoBots/Content/Assets/LUSH_StylizedEnvironmentSet/Foliage/Trees/Textures/T_Bark_02_RAOH.ubulk" 1126
"E:/Projects/EcoBots/Content/Assets/LUSH_StylizedEnvironmentSet/Foliage/Trees/Textures/T_Bark_02_RAOH.uasset" 1127
"E:/Projects/EcoBots/Content/Assets/LUSH_StylizedEnvironmentSet/Foliage/Trees/Textures/T_Bark_02_RAOH.uexp" 1128
"E:/Projects/EcoBots/Content/Assets/LUSH_StylizedEnvironmentSet/Foliage/Trees/Textures/T_Bark_02_N.ubulk" 1129
"E:/Projects/EcoBots/Content/Assets/LUSH_StylizedEnvironmentSet/Foliage/Trees/Textures/T_Bark_02_N.uasset" 1130
"E:/Projects/EcoBots/Content/Assets/LUSH_StylizedEnvironmentSet/Foliage/Trees/Textures/T_Bark_02_N.uexp" 1131
"E:/Projects/EcoBots/Content/Assets/LUSH_StylizedEnvironmentSet/Foliage/Trees/Materials/MI_Bark_05.uasset" 1132
"E:/Projects/EcoBots/Content/Assets/LUSH_StylizedEnvironmentSet/Foliage/Trees/Materials/MI_Bark_05.uexp" 1133
"E:/Projects/EcoBots/Content/Assets/Orasot_Bundle/StylizedForestLandscape/Textures/T_Noise_for_normal.ubulk" 1134
"E:/Projects/EcoBots/Content/Assets/Orasot_Bundle/StylizedForestLandscape/Textures/T_Noise_for_normal.uasset" 1135
"E:/Projects/EcoBots/Content/Assets/Orasot_Bundle/StylizedForestLandscape/Textures/T_Noise_for_normal.uexp" 1136
"../../../Engine/Content/Functions/Engine_MaterialFunctions03/Procedurals/NormalFromHeightmap.uasset" 1137
"../../../Engine/Content/Functions/Engine_MaterialFunctions03/Procedurals/NormalFromHeightmap.uexp" 1138
"E:/Projects/EcoBots/Content/Assets/Orasot_Bundle/StylizedForestLandscape/Material_Functions/MF_Noise_Heightmap_Normal.uasset" 1139
"E:/Projects/EcoBots/Content/Assets/Orasot_Bundle/StylizedForestLandscape/Material_Functions/MF_Noise_Heightmap_Normal.uexp" 1140
"E:/Projects/EcoBots/Content/Assets/Orasot_Bundle/StylizedForestLandscape/Textures/T_Leaf.ubulk" 1141
"E:/Projects/EcoBots/Content/Assets/Orasot_Bundle/StylizedForestLandscape/Textures/T_Leaf.uasset" 1142
"E:/Projects/EcoBots/Content/Assets/Orasot_Bundle/StylizedForestLandscape/Textures/T_Leaf.uexp" 1143
"E:/Projects/EcoBots/Content/Assets/Orasot_Bundle/StylizedForestLandscape/Materials/M_Leaf_Master.uasset" 1144
"E:/Projects/EcoBots/Content/Assets/Orasot_Bundle/StylizedForestLandscape/Materials/M_Leaf_Master.uexp" 1145
"E:/Projects/EcoBots/Content/Assets/Orasot_Bundle/StylizedForestLandscape/Textures/T_Leaf_Poplar.ubulk" 1146
"E:/Projects/EcoBots/Content/Assets/Orasot_Bundle/StylizedForestLandscape/Textures/T_Leaf_Poplar.uasset" 1147
"E:/Projects/EcoBots/Content/Assets/Orasot_Bundle/StylizedForestLandscape/Textures/T_Leaf_Poplar.uexp" 1148
"E:/Projects/EcoBots/Content/Assets/Mat/MI_SnowPoplar_Leaf_2.uasset" 1149
"E:/Projects/EcoBots/Content/Assets/Mat/MI_SnowPoplar_Leaf_2.uexp" 1150
"E:/Projects/EcoBots/Content/Assets/media/img/WoodItemIcon.ubulk" 1151
"E:/Projects/EcoBots/Content/Assets/media/img/WoodItemIcon.uasset" 1152
"E:/Projects/EcoBots/Content/Assets/media/img/WoodItemIcon.uexp" 1153
"E:/Projects/EcoBots/Content/Blueprints/Items/InventoryItems/BP_WoodInventoryItem.uasset" 1154
"E:/Projects/EcoBots/Content/Blueprints/Items/InventoryItems/BP_WoodInventoryItem.uexp" 1155
"E:/Projects/EcoBots/Content/Blueprints/Items/BP_WoodItem.uasset" 1156
"E:/Projects/EcoBots/Content/Blueprints/Items/BP_WoodItem.uexp" 1157
"E:/Projects/EcoBots/Content/Blueprints/Interactables/Snow/BP_SnowInteractableTree.uasset" 1158
"E:/Projects/EcoBots/Content/Blueprints/Interactables/Snow/BP_SnowInteractableTree.uexp" 1159
"E:/Projects/EcoBots/Content/Blueprints/Interactables/Snow/BP_SnowCuttedTree.uasset" 1160
"E:/Projects/EcoBots/Content/Blueprints/Interactables/Snow/BP_SnowCuttedTree.uexp" 1161
"../../../Engine/Content/Functions/Engine_MaterialFunctions02/Texturing/CustomRotator.uasset" 1162
"../../../Engine/Content/Functions/Engine_MaterialFunctions02/Texturing/CustomRotator.uexp" 1163
"E:/Projects/EcoBots/Content/Assets/Realistic_Starter_VFX_Pack_Vol2/Textures/T_Fish_NM.ubulk" 1164
"E:/Projects/EcoBots/Content/Assets/Realistic_Starter_VFX_Pack_Vol2/Textures/T_Fish_NM.uasset" 1165
"E:/Projects/EcoBots/Content/Assets/Realistic_Starter_VFX_Pack_Vol2/Textures/T_Fish_NM.uexp" 1166
"E:/Projects/EcoBots/Content/Assets/Realistic_Starter_VFX_Pack_Vol2/Textures/T_Fish.ubulk" 1167
"E:/Projects/EcoBots/Content/Assets/Realistic_Starter_VFX_Pack_Vol2/Textures/T_Fish.uasset" 1168
"E:/Projects/EcoBots/Content/Assets/Realistic_Starter_VFX_Pack_Vol2/Textures/T_Fish.uexp" 1169
"../../../Engine/Content/Functions/Engine_MaterialFunctions02/WorldPositionOffset/ObjectPivotPoint.uasset" 1170
"../../../Engine/Content/Functions/Engine_MaterialFunctions02/WorldPositionOffset/ObjectPivotPoint.uexp" 1171
"../../../Engine/Content/Functions/Engine_MaterialFunctions02/WorldPositionOffset/RotateAboutWorldAxis_cheap.uasset" 1172
"../../../Engine/Content/Functions/Engine_MaterialFunctions02/WorldPositionOffset/RotateAboutWorldAxis_cheap.uexp" 1173
"E:/Projects/EcoBots/Content/Assets/Realistic_Starter_VFX_Pack_Vol2/Materials/M_Fish_A.uasset" 1174
"E:/Projects/EcoBots/Content/Assets/Realistic_Starter_VFX_Pack_Vol2/Materials/M_Fish_A.uexp" 1175
"E:/Projects/EcoBots/Content/Assets/Realistic_Starter_VFX_Pack_Vol2/Textures/T_Bubble.ubulk" 1176
"E:/Projects/EcoBots/Content/Assets/Realistic_Starter_VFX_Pack_Vol2/Textures/T_Bubble.uasset" 1177
"E:/Projects/EcoBots/Content/Assets/Realistic_Starter_VFX_Pack_Vol2/Textures/T_Bubble.uexp" 1178
"E:/Projects/EcoBots/Content/Assets/Realistic_Starter_VFX_Pack_Vol2/Materials/M_Bubble.uasset" 1179
"E:/Projects/EcoBots/Content/Assets/Realistic_Starter_VFX_Pack_Vol2/Materials/M_Bubble.uexp" 1180
"E:/Projects/EcoBots/Content/Assets/Realistic_Starter_VFX_Pack_Vol2/Vectorfields/VectorField_D.uasset" 1181
"E:/Projects/EcoBots/Content/Assets/Realistic_Starter_VFX_Pack_Vol2/Vectorfields/VectorField_D.uexp" 1182
"E:/Projects/EcoBots/Content/Assets/Realistic_Starter_VFX_Pack_Vol2/Particles/Environment/P_Fish_A.uasset" 1183
"E:/Projects/EcoBots/Content/Assets/Realistic_Starter_VFX_Pack_Vol2/Particles/Environment/P_Fish_A.uexp" 1184
"../../../Engine/Content/Functions/Engine_MaterialFunctions02/ExampleContent/DebugNumberStrip.uasset" 1185
"../../../Engine/Content/Functions/Engine_MaterialFunctions02/ExampleContent/DebugNumberStrip.uexp" 1186
"../../../Engine/Content/Functions/Engine_MaterialFunctions01/Texturing/ComputeMipLevel.uasset" 1187
"../../../Engine/Content/Functions/Engine_MaterialFunctions01/Texturing/ComputeMipLevel.uexp" 1188
"../../../Engine/Content/Functions/Engine_MaterialFunctions01/Texturing/TextureCropping.uasset" 1189
"../../../Engine/Content/Functions/Engine_MaterialFunctions01/Texturing/TextureCropping.uexp" 1190
"../../../Engine/Content/Functions/Engine_MaterialFunctions02/ExampleContent/Textures/DebugNumberPeriod.uasset" 1191
"../../../Engine/Content/Functions/Engine_MaterialFunctions02/ExampleContent/Textures/DebugNumberPeriod.uexp" 1192
"../../../Engine/Content/Functions/Engine_MaterialFunctions02/Utility/DebugScalarValues.uasset" 1193
"../../../Engine/Content/Functions/Engine_MaterialFunctions02/Utility/DebugScalarValues.uexp" 1194
"../../../Engine/Content/Functions/Engine_MaterialFunctions02/Utility/DebugFloat2Values.uasset" 1195
"../../../Engine/Content/Functions/Engine_MaterialFunctions02/Utility/DebugFloat2Values.uexp" 1196
"../../../Engine/Content/Functions/Engine_MaterialFunctions02/ExampleContent/Textures/flipbook.ubulk" 1197
"../../../Engine/Content/Functions/Engine_MaterialFunctions02/ExampleContent/Textures/flipbook.uasset" 1198
"../../../Engine/Content/Functions/Engine_MaterialFunctions02/ExampleContent/Textures/flipbook.uexp" 1199
"../../../Engine/Content/Functions/Engine_MaterialFunctions02/Texturing/FlipBook.uasset" 1200
"../../../Engine/Content/Functions/Engine_MaterialFunctions02/Texturing/FlipBook.uexp" 1201
"E:/Projects/EcoBots/Content/Assets/StackOBot/Characters/Bot/Textures/T_Eyes_Atlas.uasset" 1202
"E:/Projects/EcoBots/Content/Assets/StackOBot/Characters/Bot/Textures/T_Eyes_Atlas.uexp" 1203
"E:/Projects/EcoBots/Content/Assets/StackOBot/Characters/Bot/Textures/T_Bot_FaceBG.ubulk" 1204
"E:/Projects/EcoBots/Content/Assets/StackOBot/Characters/Bot/Textures/T_Bot_FaceBG.uasset" 1205
"E:/Projects/EcoBots/Content/Assets/StackOBot/Characters/Bot/Textures/T_Bot_FaceBG.uexp" 1206
"E:/Projects/EcoBots/Content/Assets/StackOBot/Characters/Bot/Materials/M_BotLedOrange.uasset" 1207
"E:/Projects/EcoBots/Content/Assets/StackOBot/Characters/Bot/Materials/M_BotLedOrange.uexp" 1208
"E:/Projects/EcoBots/Content/Assets/Orasot_Bundle/Stylized_Landscape_5_Bioms/Biom_Red/Bridge/Assets/Textures/T_Rope_n.ubulk" 1209
"E:/Projects/EcoBots/Content/Assets/Orasot_Bundle/Stylized_Landscape_5_Bioms/Biom_Red/Bridge/Assets/Textures/T_Rope_n.uasset" 1210
"E:/Projects/EcoBots/Content/Assets/Orasot_Bundle/Stylized_Landscape_5_Bioms/Biom_Red/Bridge/Assets/Textures/T_Rope_n.uexp" 1211
"E:/Projects/EcoBots/Content/Assets/Orasot_Bundle/Stylized_Landscape_5_Bioms/Global/RVT/RVT_Landscape_Height.uasset" 1212
"E:/Projects/EcoBots/Content/Assets/Orasot_Bundle/Stylized_Landscape_5_Bioms/Global/RVT/RVT_Landscape_Height.uexp" 1213
"E:/Projects/EcoBots/Content/Assets/Orasot_Bundle/Stylized_Landscape_5_Bioms/Global/RVT/RVT_Landscape_Material.uasset" 1214
"E:/Projects/EcoBots/Content/Assets/Orasot_Bundle/Stylized_Landscape_5_Bioms/Global/RVT/RVT_Landscape_Material.uexp" 1215
"E:/Projects/EcoBots/Content/Assets/Orasot_Bundle/Stylized_Landscape_5_Bioms/Biom_Green/Textures/T_Gravel_1_h.ubulk" 1216
"E:/Projects/EcoBots/Content/Assets/Orasot_Bundle/Stylized_Landscape_5_Bioms/Biom_Green/Textures/T_Gravel_1_h.uasset" 1217
"E:/Projects/EcoBots/Content/Assets/Orasot_Bundle/Stylized_Landscape_5_Bioms/Biom_Green/Textures/T_Gravel_1_h.uexp" 1218
"E:/Projects/EcoBots/Content/Assets/Orasot_Bundle/Stylized_Landscape_5_Bioms/Global/Material_Functions/MF_RVT.uasset" 1219
"E:/Projects/EcoBots/Content/Assets/Orasot_Bundle/Stylized_Landscape_5_Bioms/Global/Material_Functions/MF_RVT.uexp" 1220
"../../../Engine/Content/EngineMaterials/BaseFlattenGrayscaleMap.uasset" 1221
"../../../Engine/Content/EngineMaterials/BaseFlattenGrayscaleMap.uexp" 1222
"../../../Engine/Content/EngineMaterials/BaseFlattenDiffuseMap.uasset" 1223
"../../../Engine/Content/EngineMaterials/BaseFlattenDiffuseMap.uexp" 1224
"../../../Engine/Content/Functions/Engine_MaterialFunctions02/PivotPainter2/Black_1x1_EXR_Texture.uasset" 1225
"../../../Engine/Content/Functions/Engine_MaterialFunctions02/PivotPainter2/Black_1x1_EXR_Texture.uexp" 1226
"../../../Engine/Content/EngineMaterials/BaseFlattenEmissiveMap.uasset" 1227
"../../../Engine/Content/EngineMaterials/BaseFlattenEmissiveMap.uexp" 1228
"../../../Engine/Content/EngineMaterials/BaseFlattenLinearColor.uasset" 1229
"../../../Engine/Content/EngineMaterials/BaseFlattenLinearColor.uexp" 1230
"../../../Engine/Content/EngineMaterials/FlattenMaterial.uasset" 1231
"../../../Engine/Content/EngineMaterials/FlattenMaterial.uexp" 1232
"../../../Engine/Content/BasicShapes/M_Cube_WorldGridMaterial_8D67460644F5AEE976EC80B26230FFEB.ubulk" 1233
"../../../Engine/Content/BasicShapes/M_Cube_WorldGridMaterial_8D67460644F5AEE976EC80B26230FFEB.uasset" 1234
"../../../Engine/Content/BasicShapes/M_Cube_WorldGridMaterial_8D67460644F5AEE976EC80B26230FFEB.uexp" 1235
"../../../Engine/Content/EngineMaterials/DefaultNormal.ubulk" 1236
"../../../Engine/Content/EngineMaterials/DefaultNormal.uasset" 1237
"../../../Engine/Content/EngineMaterials/DefaultNormal.uexp" 1238
"E:/Projects/EcoBots/Content/Assets/Orasot_Bundle/Stylized_Landscape_5_Bioms/Global/Material_Functions/MF_Normal_Intensity.uasset" 1239
"E:/Projects/EcoBots/Content/Assets/Orasot_Bundle/Stylized_Landscape_5_Bioms/Global/Material_Functions/MF_Normal_Intensity.uexp" 1240
"E:/Projects/EcoBots/Content/Assets/Orasot_Bundle/Stylized_Landscape_5_Bioms/Global/Materials/M_Assets_MasterMat.uasset" 1241
"E:/Projects/EcoBots/Content/Assets/Orasot_Bundle/Stylized_Landscape_5_Bioms/Global/Materials/M_Assets_MasterMat.uexp" 1242
"E:/Projects/EcoBots/Content/Assets/Orasot_Bundle/Stylized_Landscape_5_Bioms/Biom_Red/Bridge/Assets/Textures/T_Rope.ubulk" 1243
"E:/Projects/EcoBots/Content/Assets/Orasot_Bundle/Stylized_Landscape_5_Bioms/Biom_Red/Bridge/Assets/Textures/T_Rope.uasset" 1244
"E:/Projects/EcoBots/Content/Assets/Orasot_Bundle/Stylized_Landscape_5_Bioms/Biom_Red/Bridge/Assets/Textures/T_Rope.uexp" 1245
"E:/Projects/EcoBots/Content/Assets/Orasot_Bundle/Stylized_Landscape_5_Bioms/Biom_Red/Bridge/Assets/Material_Instances/MI_Rope.uasset" 1246
"E:/Projects/EcoBots/Content/Assets/Orasot_Bundle/Stylized_Landscape_5_Bioms/Biom_Red/Bridge/Assets/Material_Instances/MI_Rope.uexp" 1247
"E:/Projects/EcoBots/Content/Assets/Orasot_Bundle/Stylized_Landscape_5_Bioms/Biom_Red/Bridge/Assets/StaticMeshes/SM_Rope.ubulk" 1248
"E:/Projects/EcoBots/Content/Assets/Orasot_Bundle/Stylized_Landscape_5_Bioms/Biom_Red/Bridge/Assets/StaticMeshes/SM_Rope.uasset" 1249
"E:/Projects/EcoBots/Content/Assets/Orasot_Bundle/Stylized_Landscape_5_Bioms/Biom_Red/Bridge/Assets/StaticMeshes/SM_Rope.uexp" 1250
"E:/Projects/EcoBots/Content/Assets/Orasot_Bundle/Stylized_Landscape_5_Bioms/Biom_Desert/Textures/Tree_1/T_Impostor_Tree_1_n.ubulk" 1251
"E:/Projects/EcoBots/Content/Assets/Orasot_Bundle/Stylized_Landscape_5_Bioms/Biom_Desert/Textures/Tree_1/T_Impostor_Tree_1_n.uasset" 1252
"E:/Projects/EcoBots/Content/Assets/Orasot_Bundle/Stylized_Landscape_5_Bioms/Biom_Desert/Textures/Tree_1/T_Impostor_Tree_1_n.uexp" 1253
"E:/Projects/EcoBots/Content/Assets/Orasot_Bundle/Stylized_Landscape_5_Bioms/Biom_Red/Textures/Imposter_Tree_3/T_Impostor_Tree_3_s.ubulk" 1254
"E:/Projects/EcoBots/Content/Assets/Orasot_Bundle/Stylized_Landscape_5_Bioms/Biom_Red/Textures/Imposter_Tree_3/T_Impostor_Tree_3_s.uasset" 1255
"E:/Projects/EcoBots/Content/Assets/Orasot_Bundle/Stylized_Landscape_5_Bioms/Biom_Red/Textures/Imposter_Tree_3/T_Impostor_Tree_3_s.uexp" 1256
"E:/Projects/EcoBots/Content/Assets/Orasot_Bundle/Stylized_Landscape_5_Bioms/Global/Material_Functions/MF_Imposter_TriangleInterpolator.uasset" 1257
"E:/Projects/EcoBots/Content/Assets/Orasot_Bundle/Stylized_Landscape_5_Bioms/Global/Material_Functions/MF_Imposter_TriangleInterpolator.uexp" 1258
"E:/Projects/EcoBots/Content/Assets/Orasot_Bundle/Stylized_Landscape_5_Bioms/Global/Material_Functions/MF_Imposter_HemiOctahedronToUnitVector.uasset" 1259
"E:/Projects/EcoBots/Content/Assets/Orasot_Bundle/Stylized_Landscape_5_Bioms/Global/Material_Functions/MF_Imposter_HemiOctahedronToUnitVector.uexp" 1260
"../../../Engine/Content/Functions/Engine_MaterialFunctions01/Vectors/OctahedronToUnitVector.uasset" 1261
"../../../Engine/Content/Functions/Engine_MaterialFunctions01/Vectors/OctahedronToUnitVector.uexp" 1262
"E:/Projects/EcoBots/Content/Assets/Orasot_Bundle/Stylized_Landscape_5_Bioms/Global/Material_Functions/MF_Imposter_ImposterFrameTransform_Setup.uasset" 1263
"E:/Projects/EcoBots/Content/Assets/Orasot_Bundle/Stylized_Landscape_5_Bioms/Global/Material_Functions/MF_Imposter_ImposterFrameTransform_Setup.uexp" 1264
"E:/Projects/EcoBots/Content/Assets/Orasot_Bundle/Stylized_Landscape_5_Bioms/Global/Material_Functions/MF_Imposter_OverrideMobile.uasset" 1265
"E:/Projects/EcoBots/Content/Assets/Orasot_Bundle/Stylized_Landscape_5_Bioms/Global/Material_Functions/MF_Imposter_OverrideMobile.uexp" 1266
"../../../Engine/Content/Functions/Engine_MaterialFunctions02/Math/InverseTransformMatrix.uasset" 1267
"../../../Engine/Content/Functions/Engine_MaterialFunctions02/Math/InverseTransformMatrix.uexp" 1268
"E:/Projects/EcoBots/Content/Assets/Orasot_Bundle/Stylized_Landscape_5_Bioms/Global/Material_Functions/MF_Imposter_UnitVectorToHemiOctahedra.uasset" 1269
"E:/Projects/EcoBots/Content/Assets/Orasot_Bundle/Stylized_Landscape_5_Bioms/Global/Material_Functions/MF_Imposter_UnitVectorToHemiOctahedra.uexp" 1270
"E:/Projects/EcoBots/Content/Assets/Orasot_Bundle/Stylized_Landscape_5_Bioms/Global/Material_Functions/MF_Imposter_ImpostorInfo.uasset" 1271
"E:/Projects/EcoBots/Content/Assets/Orasot_Bundle/Stylized_Landscape_5_Bioms/Global/Material_Functions/MF_Imposter_ImpostorInfo.uexp" 1272
"../../../Engine/Content/EngineResources/Black.uasset" 1273
"../../../Engine/Content/EngineResources/Black.uexp" 1274
"E:/Projects/EcoBots/Content/Assets/Orasot_Bundle/Stylized_Landscape_5_Bioms/Global/Material_Functions/MF_Imposter_Impostor_SingleFrameVersion.uasset" 1275
"E:/Projects/EcoBots/Content/Assets/Orasot_Bundle/Stylized_Landscape_5_Bioms/Global/Material_Functions/MF_Imposter_Impostor_SingleFrameVersion.uexp" 1276
"../../../Engine/Content/Functions/Engine_MaterialFunctions02/Math/CreateThirdOrthogonalVector.uasset" 1277
"../../../Engine/Content/Functions/Engine_MaterialFunctions02/Math/CreateThirdOrthogonalVector.uexp" 1278
"E:/Projects/EcoBots/Content/Assets/Orasot_Bundle/Stylized_Landscape_5_Bioms/Global/Material_Functions/MF_Imposter_VirtualPlaneCoordinates_Imposter.uasset" 1279
"E:/Projects/EcoBots/Content/Assets/Orasot_Bundle/Stylized_Landscape_5_Bioms/Global/Material_Functions/MF_Imposter_VirtualPlaneCoordinates_Imposter.uexp" 1280
"E:/Projects/EcoBots/Content/Assets/Orasot_Bundle/Stylized_Landscape_5_Bioms/Global/Material_Functions/MF_Imposter_ImposterFrameTransform.uasset" 1281
"E:/Projects/EcoBots/Content/Assets/Orasot_Bundle/Stylized_Landscape_5_Bioms/Global/Material_Functions/MF_Imposter_ImposterFrameTransform.uexp" 1282
"../../../Engine/Content/Functions/Engine_MaterialFunctions01/Vectors/UnitVectorToOctahedron.uasset" 1283
"../../../Engine/Content/Functions/Engine_MaterialFunctions01/Vectors/UnitVectorToOctahedron.uexp" 1284
"../../../Engine/Content/Functions/Engine_MaterialFunctions02/WorldPositionOffset/ComponentPivotLocation.uasset" 1285
"../../../Engine/Content/Functions/Engine_MaterialFunctions02/WorldPositionOffset/ComponentPivotLocation.uexp" 1286
"E:/Projects/EcoBots/Content/Assets/Orasot_Bundle/Stylized_Landscape_5_Bioms/Global/Material_Functions/MF_Imposter_Sprite_PositionBased.uasset" 1287
"E:/Projects/EcoBots/Content/Assets/Orasot_Bundle/Stylized_Landscape_5_Bioms/Global/Material_Functions/MF_Imposter_Sprite_PositionBased.uexp" 1288
"../../../Engine/Content/Functions/Engine_MaterialFunctions02/WorldPositionOffset/Sprite.uasset" 1289
"../../../Engine/Content/Functions/Engine_MaterialFunctions02/WorldPositionOffset/Sprite.uexp" 1290
"E:/Projects/EcoBots/Content/Assets/Orasot_Bundle/Stylized_Landscape_5_Bioms/Global/Material_Functions/MF_Imposter_FrameBlendWeights.uasset" 1291
"E:/Projects/EcoBots/Content/Assets/Orasot_Bundle/Stylized_Landscape_5_Bioms/Global/Material_Functions/MF_Imposter_FrameBlendWeights.uexp" 1292
"E:/Projects/EcoBots/Content/Assets/Orasot_Bundle/Stylized_Landscape_5_Bioms/Global/Material_Functions/MF_Imposter_FrameBlendWeights_TextureObject.uasset" 1293
"E:/Projects/EcoBots/Content/Assets/Orasot_Bundle/Stylized_Landscape_5_Bioms/Global/Material_Functions/MF_Imposter_FrameBlendWeights_TextureObject.uexp" 1294
"E:/Projects/EcoBots/Content/Assets/Orasot_Bundle/Stylized_Landscape_5_Bioms/Global/Material_Functions/MF_Impostor.uasset" 1295
"E:/Projects/EcoBots/Content/Assets/Orasot_Bundle/Stylized_Landscape_5_Bioms/Global/Material_Functions/MF_Impostor.uexp" 1296
"E:/Projects/EcoBots/Content/Assets/Orasot_Bundle/Stylized_Landscape_5_Bioms/Biom_Bamboo/Textures/Imposter_Bamboo_2/T_Impostor_Bamboo_2_e.ubulk" 1297
"E:/Projects/EcoBots/Content/Assets/Orasot_Bundle/Stylized_Landscape_5_Bioms/Biom_Bamboo/Textures/Imposter_Bamboo_2/T_Impostor_Bamboo_2_e.uasset" 1298
"E:/Projects/EcoBots/Content/Assets/Orasot_Bundle/Stylized_Landscape_5_Bioms/Biom_Bamboo/Textures/Imposter_Bamboo_2/T_Impostor_Bamboo_2_e.uexp" 1299
"E:/Projects/EcoBots/Content/Assets/Orasot_Bundle/Stylized_Landscape_5_Bioms/Global/Materials/M_Impostor_SimpleOffset.uasset" 1300
"E:/Projects/EcoBots/Content/Assets/Orasot_Bundle/Stylized_Landscape_5_Bioms/Global/Materials/M_Impostor_SimpleOffset.uexp" 1301
"E:/Projects/EcoBots/Content/Assets/Orasot_Bundle/Stylized_Landscape_5_Bioms/Biom_Desert/Textures/Tree_1/T_Impostor_Tree_1_e.ubulk" 1302
"E:/Projects/EcoBots/Content/Assets/Orasot_Bundle/Stylized_Landscape_5_Bioms/Biom_Desert/Textures/Tree_1/T_Impostor_Tree_1_e.uasset" 1303
"E:/Projects/EcoBots/Content/Assets/Orasot_Bundle/Stylized_Landscape_5_Bioms/Biom_Desert/Textures/Tree_1/T_Impostor_Tree_1_e.uexp" 1304
"E:/Projects/EcoBots/Content/Assets/Orasot_Bundle/Stylized_Landscape_5_Bioms/Biom_Desert/Textures/Tree_1/T_Impostor_Tree_1.ubulk" 1305
"E:/Projects/EcoBots/Content/Assets/Orasot_Bundle/Stylized_Landscape_5_Bioms/Biom_Desert/Textures/Tree_1/T_Impostor_Tree_1.uasset" 1306
"E:/Projects/EcoBots/Content/Assets/Orasot_Bundle/Stylized_Landscape_5_Bioms/Biom_Desert/Textures/Tree_1/T_Impostor_Tree_1.uexp" 1307
"E:/Projects/EcoBots/Content/Assets/Orasot_Bundle/Stylized_Landscape_5_Bioms/Biom_Desert/Material_Instances/MI_Impostor_Tree_1.uasset" 1308
"E:/Projects/EcoBots/Content/Assets/Orasot_Bundle/Stylized_Landscape_5_Bioms/Biom_Desert/Material_Instances/MI_Impostor_Tree_1.uexp" 1309
"../../../Engine/Content/Functions/Engine_MaterialFunctions02/SplitComponents.uasset" 1310
"../../../Engine/Content/Functions/Engine_MaterialFunctions02/SplitComponents.uexp" 1311
"E:/Projects/EcoBots/Content/Assets/Orasot_Bundle/Stylized_Landscape_5_Bioms/Global/Textures/T_Noise.ubulk" 1312
"E:/Projects/EcoBots/Content/Assets/Orasot_Bundle/Stylized_Landscape_5_Bioms/Global/Textures/T_Noise.uasset" 1313
"E:/Projects/EcoBots/Content/Assets/Orasot_Bundle/Stylized_Landscape_5_Bioms/Global/Textures/T_Noise.uexp" 1314
"../../../Engine/Content/Functions/Engine_MaterialFunctions02/Utility/AppendMany.uasset" 1315
"../../../Engine/Content/Functions/Engine_MaterialFunctions02/Utility/AppendMany.uexp" 1316
"E:/Projects/EcoBots/Content/Assets/Orasot_Bundle/Stylized_Landscape_5_Bioms/Global/Material_Functions/MF_Wind.uasset" 1317
"E:/Projects/EcoBots/Content/Assets/Orasot_Bundle/Stylized_Landscape_5_Bioms/Global/Material_Functions/MF_Wind.uexp" 1318
"E:/Projects/EcoBots/Content/Assets/Orasot_Bundle/Stylized_Landscape_5_Bioms/Biom_Green/Textures/T_Leaf.uasset" 1319
"E:/Projects/EcoBots/Content/Assets/Orasot_Bundle/Stylized_Landscape_5_Bioms/Biom_Green/Textures/T_Leaf.uexp" 1320
"E:/Projects/EcoBots/Content/Assets/Orasot_Bundle/Stylized_Landscape_5_Bioms/Global/Materials/M_Master_Leaf.uasset" 1321
"E:/Projects/EcoBots/Content/Assets/Orasot_Bundle/Stylized_Landscape_5_Bioms/Global/Materials/M_Master_Leaf.uexp" 1322
"E:/Projects/EcoBots/Content/Assets/Orasot_Bundle/Stylized_Landscape_5_Bioms/Biom_Green/Textures/T_Bush_Card.ubulk" 1323
"E:/Projects/EcoBots/Content/Assets/Orasot_Bundle/Stylized_Landscape_5_Bioms/Biom_Green/Textures/T_Bush_Card.uasset" 1324
"E:/Projects/EcoBots/Content/Assets/Orasot_Bundle/Stylized_Landscape_5_Bioms/Biom_Green/Textures/T_Bush_Card.uexp" 1325
"E:/Projects/EcoBots/Content/Assets/Orasot_Bundle/Stylized_Landscape_5_Bioms/Biom_Desert/Material_Instances/MI_Leaves_A_light_orange.uasset" 1326
"E:/Projects/EcoBots/Content/Assets/Orasot_Bundle/Stylized_Landscape_5_Bioms/Biom_Desert/Material_Instances/MI_Leaves_A_light_orange.uexp" 1327
"E:/Projects/EcoBots/Content/Assets/Orasot_Bundle/Stylized_Landscape_5_Bioms/Biom_Green/Textures/T_Tree_BarL_h.ubulk" 1328
"E:/Projects/EcoBots/Content/Assets/Orasot_Bundle/Stylized_Landscape_5_Bioms/Biom_Green/Textures/T_Tree_BarL_h.uasset" 1329
"E:/Projects/EcoBots/Content/Assets/Orasot_Bundle/Stylized_Landscape_5_Bioms/Biom_Green/Textures/T_Tree_BarL_h.uexp" 1330
"E:/Projects/EcoBots/Content/Assets/Orasot_Bundle/Stylized_Landscape_5_Bioms/Biom_Green/Textures/T_Bark_n.ubulk" 1331
"E:/Projects/EcoBots/Content/Assets/Orasot_Bundle/Stylized_Landscape_5_Bioms/Biom_Green/Textures/T_Bark_n.uasset" 1332
"E:/Projects/EcoBots/Content/Assets/Orasot_Bundle/Stylized_Landscape_5_Bioms/Biom_Green/Textures/T_Bark_n.uexp" 1333
"E:/Projects/EcoBots/Content/Assets/Orasot_Bundle/Stylized_Landscape_5_Bioms/Biom_Green/Textures/T_Bark.ubulk" 1334
"E:/Projects/EcoBots/Content/Assets/Orasot_Bundle/Stylized_Landscape_5_Bioms/Biom_Green/Textures/T_Bark.uasset" 1335
"E:/Projects/EcoBots/Content/Assets/Orasot_Bundle/Stylized_Landscape_5_Bioms/Biom_Green/Textures/T_Bark.uexp" 1336
"E:/Projects/EcoBots/Content/Assets/Orasot_Bundle/Stylized_Landscape_5_Bioms/Biom_Desert/Textures/T_Palm.ubulk" 1337
"E:/Projects/EcoBots/Content/Assets/Orasot_Bundle/Stylized_Landscape_5_Bioms/Biom_Desert/Textures/T_Palm.uasset" 1338
"E:/Projects/EcoBots/Content/Assets/Orasot_Bundle/Stylized_Landscape_5_Bioms/Biom_Desert/Textures/T_Palm.uexp" 1339
"E:/Projects/EcoBots/Content/Assets/Orasot_Bundle/Stylized_Landscape_5_Bioms/Biom_Desert/Textures/T_Palm_n.ubulk" 1340
"E:/Projects/EcoBots/Content/Assets/Orasot_Bundle/Stylized_Landscape_5_Bioms/Biom_Desert/Textures/T_Palm_n.uasset" 1341
"E:/Projects/EcoBots/Content/Assets/Orasot_Bundle/Stylized_Landscape_5_Bioms/Biom_Desert/Textures/T_Palm_n.uexp" 1342
"E:/Projects/EcoBots/Content/Assets/Orasot_Bundle/Stylized_Landscape_5_Bioms/Biom_Desert/Material_Instances/MI_Palm_Bark.uasset" 1343
"E:/Projects/EcoBots/Content/Assets/Orasot_Bundle/Stylized_Landscape_5_Bioms/Biom_Desert/Material_Instances/MI_Palm_Bark.uexp" 1344
"E:/Projects/EcoBots/Content/Assets/Orasot_Bundle/Stylized_Landscape_5_Bioms/Biom_Green/Material_Instances/MI_Tree_Bark.uasset" 1345
"E:/Projects/EcoBots/Content/Assets/Orasot_Bundle/Stylized_Landscape_5_Bioms/Biom_Green/Material_Instances/MI_Tree_Bark.uexp" 1346
"E:/Projects/EcoBots/Content/Assets/Orasot_Bundle/Stylized_Landscape_5_Bioms/Biom_Desert/StaticMeshes/SM_Hero_Tree_1_with_Roots.ubulk" 1347
"E:/Projects/EcoBots/Content/Assets/Orasot_Bundle/Stylized_Landscape_5_Bioms/Biom_Desert/StaticMeshes/SM_Hero_Tree_1_with_Roots.uasset" 1348
"E:/Projects/EcoBots/Content/Assets/Orasot_Bundle/Stylized_Landscape_5_Bioms/Biom_Desert/StaticMeshes/SM_Hero_Tree_1_with_Roots.uexp" 1349
"../../../Engine/Content/MapTemplates/Sky/DaylightAmbientCubemap.uasset" 1350
"../../../Engine/Content/MapTemplates/Sky/DaylightAmbientCubemap.uexp" 1351
"../../../Engine/Content/Functions/Engine_MaterialFunctions02/ExampleContent/Textures/newhplaneAlphaMap.ubulk" 1352
"../../../Engine/Content/Functions/Engine_MaterialFunctions02/ExampleContent/Textures/newhplaneAlphaMap.uasset" 1353
"../../../Engine/Content/Functions/Engine_MaterialFunctions02/ExampleContent/Textures/newhplaneAlphaMap.uexp" 1354
"../../../Engine/Content/Functions/Engine_MaterialFunctions02/ExampleContent/Textures/newhplaneNormalsMap.ubulk" 1355
"../../../Engine/Content/Functions/Engine_MaterialFunctions02/ExampleContent/Textures/newhplaneNormalsMap.uasset" 1356
"../../../Engine/Content/Functions/Engine_MaterialFunctions02/ExampleContent/Textures/newhplaneNormalsMap.uexp" 1357
"../../../Engine/Content/Functions/Engine_MaterialFunctions02/ExampleContent/Textures/newhplaneHeightMap.ubulk" 1358
"../../../Engine/Content/Functions/Engine_MaterialFunctions02/ExampleContent/Textures/newhplaneHeightMap.uasset" 1359
"../../../Engine/Content/Functions/Engine_MaterialFunctions02/ExampleContent/Textures/newhplaneHeightMap.uexp" 1360
"../../../Engine/Content/Functions/Engine_MaterialFunctions02/Texturing/3dParticleOpacity.uasset" 1361
"../../../Engine/Content/Functions/Engine_MaterialFunctions02/Texturing/3dParticleOpacity.uexp" 1362
"../../../Engine/Content/Functions/Engine_MaterialFunctions02/ExampleContent/Textures/newhplaneLightingMap.ubulk" 1363
"../../../Engine/Content/Functions/Engine_MaterialFunctions02/ExampleContent/Textures/newhplaneLightingMap.uasset" 1364
"../../../Engine/Content/Functions/Engine_MaterialFunctions02/ExampleContent/Textures/newhplaneLightingMap.uexp" 1365
"../../../Engine/Content/Functions/Engine_MaterialFunctions02/ExampleContent/3dParticleOpacity_Mat.uasset" 1366
"../../../Engine/Content/Functions/Engine_MaterialFunctions02/ExampleContent/3dParticleOpacity_Mat.uexp" 1367
"E:/Projects/EcoBots/Content/Blueprints/Items/BP_RootRopeItem.uasset" 1368
"E:/Projects/EcoBots/Content/Blueprints/Items/BP_RootRopeItem.uexp" 1369
"E:/Projects/EcoBots/Content/Assets/media/img/RootRope.uasset" 1370
"E:/Projects/EcoBots/Content/Assets/media/img/RootRope.uexp" 1371
"E:/Projects/EcoBots/Content/Blueprints/Items/InventoryItems/BP_RootRopeInventoryItem.uasset" 1372
"E:/Projects/EcoBots/Content/Blueprints/Items/InventoryItems/BP_RootRopeInventoryItem.uexp" 1373
"E:/Projects/EcoBots/Content/Assets/media/img/CraftableFenceIcon.uasset" 1374
"E:/Projects/EcoBots/Content/Assets/media/img/CraftableFenceIcon.uexp" 1375
"E:/Projects/EcoBots/Content/Assets/media/fonts/Robot_Roc.uexp" 1376
"E:/Projects/EcoBots/Content/Assets/media/fonts/Robot_Roc.uasset" 1377
"E:/Projects/EcoBots/Content/Assets/media/fonts/Robot_Roc.ufont" 1378
"E:/Projects/EcoBots/Content/Assets/media/fonts/Robot_Roc_Font.uasset" 1379
"E:/Projects/EcoBots/Content/Assets/media/fonts/Robot_Roc_Font.uexp" 1380
"../../../Engine/Content/EditorBlueprintResources/StandardMacros.uasset" 1381
"../../../Engine/Content/EditorBlueprintResources/StandardMacros.uexp" 1382
"E:/Projects/EcoBots/Content/Blueprints/Widgets/InGame/BP_CraftablePreviewWidget.uasset" 1383
"E:/Projects/EcoBots/Content/Blueprints/Widgets/InGame/BP_CraftablePreviewWidget.uexp" 1384
"E:/Projects/EcoBots/Content/Assets/Orasot_Bundle/Stylized_Landscape_5_Bioms/Biom_Bamboo/Textures/T_Bamboo_Fence_n.ubulk" 1385
"E:/Projects/EcoBots/Content/Assets/Orasot_Bundle/Stylized_Landscape_5_Bioms/Biom_Bamboo/Textures/T_Bamboo_Fence_n.uasset" 1386
"E:/Projects/EcoBots/Content/Assets/Orasot_Bundle/Stylized_Landscape_5_Bioms/Biom_Bamboo/Textures/T_Bamboo_Fence_n.uexp" 1387
"E:/Projects/EcoBots/Content/Assets/Orasot_Bundle/Stylized_Landscape_5_Bioms/Biom_Bamboo/Textures/T_Bamboo_Fence.ubulk" 1388
"E:/Projects/EcoBots/Content/Assets/Orasot_Bundle/Stylized_Landscape_5_Bioms/Biom_Bamboo/Textures/T_Bamboo_Fence.uasset" 1389
"E:/Projects/EcoBots/Content/Assets/Orasot_Bundle/Stylized_Landscape_5_Bioms/Biom_Bamboo/Textures/T_Bamboo_Fence.uexp" 1390
"E:/Projects/EcoBots/Content/Assets/Orasot_Bundle/Stylized_Landscape_5_Bioms/Biom_Bamboo/Material_Instances/MI_Bamboo_Fence.uasset" 1391
"E:/Projects/EcoBots/Content/Assets/Orasot_Bundle/Stylized_Landscape_5_Bioms/Biom_Bamboo/Material_Instances/MI_Bamboo_Fence.uexp" 1392
"E:/Projects/EcoBots/Content/Assets/Orasot_Bundle/Stylized_Landscape_5_Bioms/Biom_Bamboo/StaticMeshes/SM_Bamboo_fence.ubulk" 1393
"E:/Projects/EcoBots/Content/Assets/Orasot_Bundle/Stylized_Landscape_5_Bioms/Biom_Bamboo/StaticMeshes/SM_Bamboo_fence.uasset" 1394
"E:/Projects/EcoBots/Content/Assets/Orasot_Bundle/Stylized_Landscape_5_Bioms/Biom_Bamboo/StaticMeshes/SM_Bamboo_fence.uexp" 1395
"E:/Projects/EcoBots/Content/Assets/Mat/M_CraftablePreview2.uasset" 1396
"E:/Projects/EcoBots/Content/Assets/Mat/M_CraftablePreview2.uexp" 1397
"E:/Projects/EcoBots/Content/Blueprints/Craftables/BP_CraftableFence.uasset" 1398
"E:/Projects/EcoBots/Content/Blueprints/Craftables/BP_CraftableFence.uexp" 1399
"E:/Projects/EcoBots/Content/Blueprints/Craftables/CraftPreviews/BP_PreviewFence.uasset" 1400
"E:/Projects/EcoBots/Content/Blueprints/Craftables/CraftPreviews/BP_PreviewFence.uexp" 1401
"E:/Projects/EcoBots/Content/Blueprints/Craftables/CraftRecipes/BP_FenceRecipe.uasset" 1402
"E:/Projects/EcoBots/Content/Blueprints/Craftables/CraftRecipes/BP_FenceRecipe.uexp" 1403
"E:/Projects/EcoBots/Content/Blueprints/Widgets/InGame/BP_BuddyPhrasesWidget.uasset" 1404
"E:/Projects/EcoBots/Content/Blueprints/Widgets/InGame/BP_BuddyPhrasesWidget.uexp" 1405
"E:/Projects/EcoBots/Content/Blueprints/Interactables/BP_BuddyInteractableComponent.uasset" 1406
"E:/Projects/EcoBots/Content/Blueprints/Interactables/BP_BuddyInteractableComponent.uexp" 1407
"E:/Projects/EcoBots/Content/Assets/StackOBot/Characters/Backpack/Mesh/SK_Backpack.uasset" 1408
"E:/Projects/EcoBots/Content/Assets/StackOBot/Characters/Backpack/Mesh/SK_Backpack.uexp" 1409
"E:/Projects/EcoBots/Content/Assets/StackOBot/Characters/Backpack/Textures/T_Backpack_Normal.ubulk" 1410
"E:/Projects/EcoBots/Content/Assets/StackOBot/Characters/Backpack/Textures/T_Backpack_Normal.uasset" 1411
"E:/Projects/EcoBots/Content/Assets/StackOBot/Characters/Backpack/Textures/T_Backpack_Normal.uexp" 1412
"E:/Projects/EcoBots/Content/Assets/StackOBot/Characters/Backpack/Textures/T_Backpack_Masks.ubulk" 1413
"E:/Projects/EcoBots/Content/Assets/StackOBot/Characters/Backpack/Textures/T_Backpack_Masks.uasset" 1414
"E:/Projects/EcoBots/Content/Assets/StackOBot/Characters/Backpack/Textures/T_Backpack_Masks.uexp" 1415
"E:/Projects/EcoBots/Content/Assets/StackOBot/Characters/Backpack/Textures/T_Backpack_Albedo.ubulk" 1416
"E:/Projects/EcoBots/Content/Assets/StackOBot/Characters/Backpack/Textures/T_Backpack_Albedo.uasset" 1417
"E:/Projects/EcoBots/Content/Assets/StackOBot/Characters/Backpack/Textures/T_Backpack_Albedo.uexp" 1418
"E:/Projects/EcoBots/Content/Assets/StackOBot/Characters/Backpack/Textures/T_Backpack_M_R_AO.ubulk" 1419
"E:/Projects/EcoBots/Content/Assets/StackOBot/Characters/Backpack/Textures/T_Backpack_M_R_AO.uasset" 1420
"E:/Projects/EcoBots/Content/Assets/StackOBot/Characters/Backpack/Textures/T_Backpack_M_R_AO.uexp" 1421
"E:/Projects/EcoBots/Content/Assets/StackOBot/Characters/Bot/Materials/M_BotBaseOrange.uasset" 1422
"E:/Projects/EcoBots/Content/Assets/StackOBot/Characters/Bot/Materials/M_BotBaseOrange.uexp" 1423
"E:/Projects/EcoBots/Content/Assets/StackOBot/Characters/Backpack/Materials/MI_Backpack.uasset" 1424
"E:/Projects/EcoBots/Content/Assets/StackOBot/Characters/Backpack/Materials/MI_Backpack.uexp" 1425
"E:/Projects/EcoBots/Content/Assets/StackOBot/Characters/Backpack/Mesh/SKM_Backpack.uasset" 1426
"E:/Projects/EcoBots/Content/Assets/StackOBot/Characters/Backpack/Mesh/SKM_Backpack.uexp" 1427
"../../../Engine/Content/Animation/DefaultAnimCurveCompressionSettings.uasset" 1428
"../../../Engine/Content/Animation/DefaultAnimCurveCompressionSettings.uexp" 1429
"../../../Engine/Content/EngineMeshes/Humanoid.uasset" 1430
"../../../Engine/Content/EngineMeshes/Humanoid.uexp" 1431
"E:/Projects/EcoBots/Content/Assets/StackOBot/Characters/Bot/Mesh/SK_Bot.uasset" 1432
"E:/Projects/EcoBots/Content/Assets/StackOBot/Characters/Bot/Mesh/SK_Bot.uexp" 1433
"../../../Engine/Content/Animation/DefaultAnimBoneCompressionSettings.uasset" 1434
"../../../Engine/Content/Animation/DefaultAnimBoneCompressionSettings.uexp" 1435
"E:/Projects/EcoBots/Content/Assets/StackOBot/Characters/Bot/Animations/A_Bot_Fall.uasset" 1436
"E:/Projects/EcoBots/Content/Assets/StackOBot/Characters/Bot/Animations/A_Bot_Fall.uexp" 1437
"E:/Projects/EcoBots/Content/Blueprints/Audio/SA_MasterAttenuation.uasset" 1438
"E:/Projects/EcoBots/Content/Blueprints/Audio/SA_MasterAttenuation.uexp" 1439
"E:/Projects/EcoBots/Content/Assets/media/wavs/singlestep.ubulk" 1440
"E:/Projects/EcoBots/Content/Assets/media/wavs/singlestep.uasset" 1441
"E:/Projects/EcoBots/Content/Assets/media/wavs/singlestep.uexp" 1442
"E:/Projects/EcoBots/Content/Blueprints/Audio/MetaSounds/MS_Steps.uasset" 1443
"E:/Projects/EcoBots/Content/Blueprints/Audio/MetaSounds/MS_Steps.uexp" 1444
"E:/Projects/EcoBots/Content/Assets/StackOBot/Characters/Bot/Animations/A_Bot_Run.uasset" 1445
"E:/Projects/EcoBots/Content/Assets/StackOBot/Characters/Bot/Animations/A_Bot_Run.uexp" 1446
"E:/Projects/EcoBots/Content/Assets/StackOBot/Characters/Bot/Animations/A_Bot_Idle.uasset" 1447
"E:/Projects/EcoBots/Content/Assets/StackOBot/Characters/Bot/Animations/A_Bot_Idle.uexp" 1448
"E:/Projects/EcoBots/Content/Assets/media/wavs/JetpackLoop.ubulk" 1449
"E:/Projects/EcoBots/Content/Assets/media/wavs/JetpackLoop.uasset" 1450
"E:/Projects/EcoBots/Content/Assets/media/wavs/JetpackLoop.uexp" 1451
"E:/Projects/EcoBots/Content/Blueprints/Audio/MetaSounds/MS_JetPack.uasset" 1452
"E:/Projects/EcoBots/Content/Blueprints/Audio/MetaSounds/MS_JetPack.uexp" 1453
"E:/Projects/EcoBots/Content/Assets/StackOBot/Characters/Bot/Animations/A_Bot_Flying.uasset" 1454
"E:/Projects/EcoBots/Content/Assets/StackOBot/Characters/Bot/Animations/A_Bot_Flying.uexp" 1455
"E:/Projects/EcoBots/Content/Assets/StackOBot/Characters/Bot/Animations/A_Bot_Interact_PressButton.uasset" 1456
"E:/Projects/EcoBots/Content/Assets/StackOBot/Characters/Bot/Animations/A_Bot_Interact_PressButton.uexp" 1457
"E:/Projects/EcoBots/Content/Assets/StackOBot/Characters/Bot/Animations/A_Bot_IdleJump.uasset" 1458
"E:/Projects/EcoBots/Content/Assets/StackOBot/Characters/Bot/Animations/A_Bot_IdleJump.uexp" 1459
"E:/Projects/EcoBots/Content/Assets/StackOBot/Characters/Bot/Animations/A_Bot_RunJump.uasset" 1460
"E:/Projects/EcoBots/Content/Assets/StackOBot/Characters/Bot/Animations/A_Bot_RunJump.uexp" 1461
"E:/Projects/EcoBots/Content/Assets/StackOBot/Characters/Bot/Animations/BS_Bot_RunIdleJump.uasset" 1462
"E:/Projects/EcoBots/Content/Assets/StackOBot/Characters/Bot/Animations/BS_Bot_RunIdleJump.uexp" 1463
"E:/Projects/EcoBots/Content/Assets/StackOBot/Characters/Bot/Animations/A_Bot_Walk.uasset" 1464
"E:/Projects/EcoBots/Content/Assets/StackOBot/Characters/Bot/Animations/A_Bot_Walk.uexp" 1465
"E:/Projects/EcoBots/Content/Assets/StackOBot/Characters/Bot/Animations/A_Bot_LandIdle.uasset" 1466
"E:/Projects/EcoBots/Content/Assets/StackOBot/Characters/Bot/Animations/A_Bot_LandIdle.uexp" 1467
"E:/Projects/EcoBots/Content/Blueprints/Characters/Anim/ABP_EcobotAnim.uasset" 1468
"E:/Projects/EcoBots/Content/Blueprints/Characters/Anim/ABP_EcobotAnim.uexp" 1469
"E:/Projects/EcoBots/Content/Assets/StackOBot/Characters/Bot/Materials/M_BotBaseBuddy.uasset" 1470
"E:/Projects/EcoBots/Content/Assets/StackOBot/Characters/Bot/Materials/M_BotBaseBuddy.uexp" 1471
"E:/Projects/EcoBots/Content/Blueprints/Characters/AI/BB_Buddy.uasset" 1472
"E:/Projects/EcoBots/Content/Blueprints/Characters/AI/BB_Buddy.uexp" 1473
"E:/Projects/EcoBots/Content/Blueprints/Characters/AI/BT_Buddy.uasset" 1474
"E:/Projects/EcoBots/Content/Blueprints/Characters/AI/BT_Buddy.uexp" 1475
"E:/Projects/EcoBots/Content/Blueprints/Characters/AI/BP_BuddyAIController.uasset" 1476
"E:/Projects/EcoBots/Content/Blueprints/Characters/AI/BP_BuddyAIController.uexp" 1477
"../../../Engine/Plugins/FX/Niagara/Content/Enums/ENiagaraSocketSamplingMode.uasset" 1478
"../../../Engine/Plugins/FX/Niagara/Content/Enums/ENiagaraSocketSamplingMode.uexp" 1479
"../../../Engine/Plugins/FX/Niagara/Content/Enums/ENiagaraRandomnessMode.uasset" 1480
"../../../Engine/Plugins/FX/Niagara/Content/Enums/ENiagaraRandomnessMode.uexp" 1481
"../../../Engine/Plugins/FX/Niagara/Content/Enums/ENiagaraRandomnessEvaluation.uasset" 1482
"../../../Engine/Plugins/FX/Niagara/Content/Enums/ENiagaraRandomnessEvaluation.uexp" 1483
"../../../Engine/Plugins/FX/Niagara/Content/Enums/ENiagara_MassInitializationMode.uasset" 1484
"../../../Engine/Plugins/FX/Niagara/Content/Enums/ENiagara_MassInitializationMode.uexp" 1485
"../../../Engine/Plugins/FX/Niagara/Content/Enums/ENiagaraVertexSamplingMode.uasset" 1486
"../../../Engine/Plugins/FX/Niagara/Content/Enums/ENiagaraVertexSamplingMode.uexp" 1487
"../../../Engine/Plugins/FX/Niagara/Content/Enums/ENiagaraMeshTransforms.uasset" 1488
"../../../Engine/Plugins/FX/Niagara/Content/Enums/ENiagaraMeshTransforms.uexp" 1489
"../../../Engine/Plugins/FX/Niagara/Content/Enums/ENiagara_PositionInitializationMode.uasset" 1490
"../../../Engine/Plugins/FX/Niagara/Content/Enums/ENiagara_PositionInitializationMode.uexp" 1491
"../../../Engine/Plugins/FX/Niagara/Content/Icons/Modules/T_Icon_Solver_LimitSpeed.uasset" 1492
"../../../Engine/Plugins/FX/Niagara/Content/Icons/Modules/T_Icon_Solver_LimitSpeed.uexp" 1493
"../../../Engine/Plugins/FX/Niagara/Content/Icons/Modules/T_Icon_Solver_RotationalSolve.uasset" 1494
"../../../Engine/Plugins/FX/Niagara/Content/Icons/Modules/T_Icon_Solver_RotationalSolve.uexp" 1495
"../../../Engine/Plugins/FX/Niagara/Content/Icons/Modules/T_Icon_Solver_LimitAccel.uasset" 1496
"../../../Engine/Plugins/FX/Niagara/Content/Icons/Modules/T_Icon_Solver_LimitAccel.uexp" 1497
"../../../Engine/Plugins/FX/Niagara/Content/Enums/ENiagaraScaleColorMode.uasset" 1498
"../../../Engine/Plugins/FX/Niagara/Content/Enums/ENiagaraScaleColorMode.uexp" 1499
"../../../Engine/Plugins/FX/Niagara/Content/Enums/ENiagara_SizeScaleMode.uasset" 1500
"../../../Engine/Plugins/FX/Niagara/Content/Enums/ENiagara_SizeScaleMode.uexp" 1501
"../../../Engine/Plugins/FX/Niagara/Content/Enums/ENiagara_UVFlippingMode.uasset" 1502
"../../../Engine/Plugins/FX/Niagara/Content/Enums/ENiagara_UVFlippingMode.uexp" 1503
"../../../Engine/Plugins/FX/Niagara/Content/Enums/ENiagaraBoneSocketSamplingMode.uasset" 1504
"../../../Engine/Plugins/FX/Niagara/Content/Enums/ENiagaraBoneSocketSamplingMode.uexp" 1505
"../../../Engine/Plugins/FX/Niagara/Content/Enums/Ribbons/ENiagara_UnsetDirectSetRandom.uasset" 1506
"../../../Engine/Plugins/FX/Niagara/Content/Enums/Ribbons/ENiagara_UnsetDirectSetRandom.uexp" 1507
"../../../Engine/Plugins/FX/Niagara/Content/Enums/ENiagara_LifetimeMode.uasset" 1508
"../../../Engine/Plugins/FX/Niagara/Content/Enums/ENiagara_LifetimeMode.uexp" 1509
"../../../Engine/Plugins/FX/Niagara/Content/Enums/Ribbons/ENiagara_UnsetDirectSet.uasset" 1510
"../../../Engine/Plugins/FX/Niagara/Content/Enums/Ribbons/ENiagara_UnsetDirectSet.uexp" 1511
"../../../Engine/Plugins/FX/Niagara/Content/Enums/ENiagara_SpriteRotationMode.uasset" 1512
"../../../Engine/Plugins/FX/Niagara/Content/Enums/ENiagara_SpriteRotationMode.uexp" 1513
"../../../Engine/Plugins/FX/Niagara/Content/Enums/ENiagara_ColorInitializationMode.uasset" 1514
"../../../Engine/Plugins/FX/Niagara/Content/Enums/ENiagara_ColorInitializationMode.uexp" 1515
"../../../Engine/Plugins/FX/Niagara/Content/Enums/ENiagaraChannelCorrelation.uasset" 1516
"../../../Engine/Plugins/FX/Niagara/Content/Enums/ENiagaraChannelCorrelation.uexp" 1517
"E:/Projects/EcoBots/Content/Assets/StackOBot/FX/JetpackThruster/M_JetpackThrusterEfect.uasset" 1518
"E:/Projects/EcoBots/Content/Assets/StackOBot/FX/JetpackThruster/M_JetpackThrusterEfect.uexp" 1519
"../../../Engine/Plugins/FX/Niagara/Content/Enums/ENiagaraTriangleSamplingMode.uasset" 1520
"../../../Engine/Plugins/FX/Niagara/Content/Enums/ENiagaraTriangleSamplingMode.uexp" 1521
"../../../Engine/Plugins/FX/Niagara/Content/Enums/ENiagaraEmitterLifeCycleMode.uasset" 1522
"../../../Engine/Plugins/FX/Niagara/Content/Enums/ENiagaraEmitterLifeCycleMode.uexp" 1523
"../../../Engine/Plugins/FX/Niagara/Content/Enums/ENiagara_InfiniteLoopDuration.uasset" 1524
"../../../Engine/Plugins/FX/Niagara/Content/Enums/ENiagara_InfiniteLoopDuration.uexp" 1525
"../../../Engine/Plugins/FX/Niagara/Content/Enums/ENiagara_EmitterStateOptions.uasset" 1526
"../../../Engine/Plugins/FX/Niagara/Content/Enums/ENiagara_EmitterStateOptions.uexp" 1527
"../../../Engine/Plugins/FX/Niagara/Content/Enums/ENiagaraInactiveMode.uasset" 1528
"../../../Engine/Plugins/FX/Niagara/Content/Enums/ENiagaraInactiveMode.uexp" 1529
"../../../Engine/Plugins/FX/Niagara/Content/Enums/ENiagaraExecutionStateManagement.uasset" 1530
"../../../Engine/Plugins/FX/Niagara/Content/Enums/ENiagaraExecutionStateManagement.uexp" 1531
"../../../Engine/Plugins/FX/Niagara/Content/Enums/ENiagaraEmitterScalabilityMode_Limited.uasset" 1532
"../../../Engine/Plugins/FX/Niagara/Content/Enums/ENiagaraEmitterScalabilityMode_Limited.uexp" 1533
"../../../Engine/Plugins/FX/Niagara/Content/Enums/ENiagaraSkelMeshPositionSamplingMode.uasset" 1534
"../../../Engine/Plugins/FX/Niagara/Content/Enums/ENiagaraSkelMeshPositionSamplingMode.uexp" 1535
"../../../Engine/Plugins/FX/Niagara/Content/Enums/ENiagara_AttributeSamplingApplyOutput.uasset" 1536
"../../../Engine/Plugins/FX/Niagara/Content/Enums/ENiagara_AttributeSamplingApplyOutput.uexp" 1537
"../../../Engine/Plugins/FX/Niagara/Content/Enums/ENiagaraSkelMeshTransforms.uasset" 1538
"../../../Engine/Plugins/FX/Niagara/Content/Enums/ENiagaraSkelMeshTransforms.uexp" 1539
"../../../Engine/Plugins/FX/Niagara/Content/Enums/ENiagaraSkelSamplingModeFull.uasset" 1540
"../../../Engine/Plugins/FX/Niagara/Content/Enums/ENiagaraSkelSamplingModeFull.uexp" 1541
"../../../Engine/Plugins/FX/Niagara/Content/Enums/ENiagaraBoneSamplingMode.uasset" 1542
"../../../Engine/Plugins/FX/Niagara/Content/Enums/ENiagaraBoneSamplingMode.uexp" 1543
"../../../Engine/Plugins/FX/Niagara/Content/Enums/ENiagaraSystemInactiveMode.uasset" 1544
"../../../Engine/Plugins/FX/Niagara/Content/Enums/ENiagaraSystemInactiveMode.uexp" 1545
"../../../Engine/Plugins/FX/Niagara/Content/Enums/Angles/ENiagara_AngleInput.uasset" 1546
"../../../Engine/Plugins/FX/Niagara/Content/Enums/Angles/ENiagara_AngleInput.uexp" 1547
"../../../Engine/Plugins/FX/Niagara/Content/Icons/Modules/T_Icon_Particle_InfiniteLife.uasset" 1548
"../../../Engine/Plugins/FX/Niagara/Content/Icons/Modules/T_Icon_Particle_InfiniteLife.uexp" 1549
"../../../Engine/Plugins/FX/Niagara/Content/Enums/SpriteRenderer/ENiagara_ScaleSpriteSize.uasset" 1550
"../../../Engine/Plugins/FX/Niagara/Content/Enums/SpriteRenderer/ENiagara_ScaleSpriteSize.uexp" 1551
"E:/Projects/EcoBots/Content/Assets/StackOBot/FX/JetpackThruster/FX_JetpackThruster.uasset" 1552
"E:/Projects/EcoBots/Content/Assets/StackOBot/FX/JetpackThruster/FX_JetpackThruster.uexp" 1553
"E:/Projects/EcoBots/Content/Assets/StackOBot/Characters/Bot/Materials/M_BotLedGreen.uasset" 1554
"E:/Projects/EcoBots/Content/Assets/StackOBot/Characters/Bot/Materials/M_BotLedGreen.uexp" 1555
"E:/Projects/EcoBots/Content/Assets/StackOBot/Characters/Bot/Materials/MI_BotFaceGreen.uasset" 1556
"E:/Projects/EcoBots/Content/Assets/StackOBot/Characters/Bot/Materials/MI_BotFaceGreen.uexp" 1557
"E:/Projects/EcoBots/Content/Assets/StackOBot/Characters/Bot/Rig/PhA_Bot.uasset" 1558
"E:/Projects/EcoBots/Content/Assets/StackOBot/Characters/Bot/Rig/PhA_Bot.uexp" 1559
"E:/Projects/EcoBots/Content/Assets/StackOBot/Characters/Bot/Mesh/SKM_Bot.uasset" 1560
"E:/Projects/EcoBots/Content/Assets/StackOBot/Characters/Bot/Mesh/SKM_Bot.uexp" 1561
"E:/Projects/EcoBots/Content/Blueprints/Characters/AI/BP_EcoBotBuddy.uasset" 1562
"E:/Projects/EcoBots/Content/Blueprints/Characters/AI/BP_EcoBotBuddy.uexp" 1563
"E:/Projects/EcoBots/Content/Blueprints/Interactables/BP_Water.uasset" 1564
"E:/Projects/EcoBots/Content/Blueprints/Interactables/BP_Water.uexp" 1565
"E:/Projects/EcoBots/Content/Blueprints/LevelPieces/DesertBiome/Terrains/BP_DesertTerrain3.uasset" 1566
"E:/Projects/EcoBots/Content/Blueprints/LevelPieces/DesertBiome/Terrains/BP_DesertTerrain3.uexp" 1567
"E:/Projects/EcoBots/Content/Blueprints/LevelPieces/TropicalBiome/Terrains/BP_TropicalTerrain4.uasset" 1568
"E:/Projects/EcoBots/Content/Blueprints/LevelPieces/TropicalBiome/Terrains/BP_TropicalTerrain4.uexp" 1569
"E:/Projects/EcoBots/Content/Assets/media/img/CoconutItemIcon.uasset" 1570
"E:/Projects/EcoBots/Content/Assets/media/img/CoconutItemIcon.uexp" 1571
"E:/Projects/EcoBots/Content/Blueprints/Items/InventoryItems/BP_CoconutInventoryItem.uasset" 1572
"E:/Projects/EcoBots/Content/Blueprints/Items/InventoryItems/BP_CoconutInventoryItem.uexp" 1573
"E:/Projects/EcoBots/Content/Blueprints/Items/BP_CoconutItem.uasset" 1574
"E:/Projects/EcoBots/Content/Blueprints/Items/BP_CoconutItem.uexp" 1575
"E:/Projects/EcoBots/Content/Assets/Orasot_Bundle/StylizedForestLandscape/Material_Instances/MI_Leaf.uasset" 1576
"E:/Projects/EcoBots/Content/Assets/Orasot_Bundle/StylizedForestLandscape/Material_Instances/MI_Leaf.uexp" 1577
"E:/Projects/EcoBots/Content/Assets/Orasot_Bundle/StylizedForestLandscape/Textures/T_Birch_Trunk_normal.ubulk" 1578
"E:/Projects/EcoBots/Content/Assets/Orasot_Bundle/StylizedForestLandscape/Textures/T_Birch_Trunk_normal.uasset" 1579
"E:/Projects/EcoBots/Content/Assets/Orasot_Bundle/StylizedForestLandscape/Textures/T_Birch_Trunk_normal.uexp" 1580
"E:/Projects/EcoBots/Content/Assets/Orasot_Bundle/StylizedForestLandscape/Material_Functions/MF_Linear_Gradient.uasset" 1581
"E:/Projects/EcoBots/Content/Assets/Orasot_Bundle/StylizedForestLandscape/Material_Functions/MF_Linear_Gradient.uexp" 1582
"E:/Projects/EcoBots/Content/Assets/Orasot_Bundle/StylizedForestLandscape/Textures/T_Birch_Trunk.ubulk" 1583
"E:/Projects/EcoBots/Content/Assets/Orasot_Bundle/StylizedForestLandscape/Textures/T_Birch_Trunk.uasset" 1584
"E:/Projects/EcoBots/Content/Assets/Orasot_Bundle/StylizedForestLandscape/Textures/T_Birch_Trunk.uexp" 1585
"E:/Projects/EcoBots/Content/Assets/Orasot_Bundle/StylizedForestLandscape/Materials/M_Bark_Master.uasset" 1586
"E:/Projects/EcoBots/Content/Assets/Orasot_Bundle/StylizedForestLandscape/Materials/M_Bark_Master.uexp" 1587
"E:/Projects/EcoBots/Content/Assets/Orasot_Bundle/StylizedForestLandscape/Material_Instances/MI_Birch.uasset" 1588
"E:/Projects/EcoBots/Content/Assets/Orasot_Bundle/StylizedForestLandscape/Material_Instances/MI_Birch.uexp" 1589
"E:/Projects/EcoBots/Content/Assets/Orasot_Bundle/StylizedForestLandscape/Meshes/SM_Bush_2.ubulk" 1590
"E:/Projects/EcoBots/Content/Assets/Orasot_Bundle/StylizedForestLandscape/Meshes/SM_Bush_2.uasset" 1591
"E:/Projects/EcoBots/Content/Assets/Orasot_Bundle/StylizedForestLandscape/Meshes/SM_Bush_2.uexp" 1592
"E:/Projects/EcoBots/Content/Blueprints/Interactables/Tropical/BP_TropicalCuttedBush.uasset" 1593
"E:/Projects/EcoBots/Content/Blueprints/Interactables/Tropical/BP_TropicalCuttedBush.uexp" 1594
"../../../Engine/Content/MapTemplates/Materials/BasicAsset01.uasset" 1595
"../../../Engine/Content/MapTemplates/Materials/BasicAsset01.uexp" 1596
"E:/Projects/EcoBots/Content/Assets/media/img/BerryItem.uasset" 1597
"E:/Projects/EcoBots/Content/Assets/media/img/BerryItem.uexp" 1598
"E:/Projects/EcoBots/Content/Blueprints/Items/InventoryItems/BP_BerryInventoryItem.uasset" 1599
"E:/Projects/EcoBots/Content/Blueprints/Items/InventoryItems/BP_BerryInventoryItem.uexp" 1600
"E:/Projects/EcoBots/Content/Blueprints/Items/BP_BerryItem.uasset" 1601
"E:/Projects/EcoBots/Content/Blueprints/Items/BP_BerryItem.uexp" 1602
"E:/Projects/EcoBots/Content/Blueprints/Interactables/Tropical/BP_TropicalInteractableBush_2.uasset" 1603
"E:/Projects/EcoBots/Content/Blueprints/Interactables/Tropical/BP_TropicalInteractableBush_2.uexp" 1604
"E:/Projects/EcoBots/Content/Blueprints/Interactables/Desert/BP_DesertCuttedBush.uasset" 1605
"E:/Projects/EcoBots/Content/Blueprints/Interactables/Desert/BP_DesertCuttedBush.uexp" 1606
"E:/Projects/EcoBots/Content/Assets/Orasot_Bundle/StylizedForestLandscape/Meshes/SM_Bush.ubulk" 1607
"E:/Projects/EcoBots/Content/Assets/Orasot_Bundle/StylizedForestLandscape/Meshes/SM_Bush.uasset" 1608
"E:/Projects/EcoBots/Content/Assets/Orasot_Bundle/StylizedForestLandscape/Meshes/SM_Bush.uexp" 1609
"E:/Projects/EcoBots/Content/Blueprints/Interactables/Tropical/BP_TropicalCuttedBush2.uasset" 1610
"E:/Projects/EcoBots/Content/Blueprints/Interactables/Tropical/BP_TropicalCuttedBush2.uexp" 1611
"E:/Projects/EcoBots/Content/Blueprints/Interactables/Tropical/BP_TropicalInteractableBush.uasset" 1612
"E:/Projects/EcoBots/Content/Blueprints/Interactables/Tropical/BP_TropicalInteractableBush.uexp" 1613
"E:/Projects/EcoBots/Content/Blueprints/Interactables/Desert/BP_DesertCuttedBush2.uasset" 1614
"E:/Projects/EcoBots/Content/Blueprints/Interactables/Desert/BP_DesertCuttedBush2.uexp" 1615
"E:/Projects/EcoBots/Content/Assets/Orasot_Bundle/StylizedForestLandscape/Material_Instances/MI_Poplar_Leaf_2.uasset" 1616
"E:/Projects/EcoBots/Content/Assets/Orasot_Bundle/StylizedForestLandscape/Material_Instances/MI_Poplar_Leaf_2.uexp" 1617
"E:/Projects/EcoBots/Content/Blueprints/Interactables/Tropical/BP_TropicalInteractableTree.uasset" 1618
"E:/Projects/EcoBots/Content/Blueprints/Interactables/Tropical/BP_TropicalInteractableTree.uexp" 1619
"E:/Projects/EcoBots/Content/Blueprints/Interactables/Tropical/BP_TropicalCuttedTree.uasset" 1620
"E:/Projects/EcoBots/Content/Blueprints/Interactables/Tropical/BP_TropicalCuttedTree.uexp" 1621
"E:/Projects/EcoBots/Content/Assets/LUSH_StylizedEnvironmentSet/Meshes/Rocks/Textures/T_Rock_01_N.ubulk" 1622
"E:/Projects/EcoBots/Content/Assets/LUSH_StylizedEnvironmentSet/Meshes/Rocks/Textures/T_Rock_01_N.uasset" 1623
"E:/Projects/EcoBots/Content/Assets/LUSH_StylizedEnvironmentSet/Meshes/Rocks/Textures/T_Rock_01_N.uexp" 1624
"E:/Projects/EcoBots/Content/Assets/LUSH_StylizedEnvironmentSet/Meshes/Rocks/Materials/MI_Rock_01_A.uasset" 1625
"E:/Projects/EcoBots/Content/Assets/LUSH_StylizedEnvironmentSet/Meshes/Rocks/Materials/MI_Rock_01_A.uexp" 1626
"E:/Projects/EcoBots/Content/Assets/LUSH_StylizedEnvironmentSet/Meshes/Rocks/SM_Rock_01.ubulk" 1627
"E:/Projects/EcoBots/Content/Assets/LUSH_StylizedEnvironmentSet/Meshes/Rocks/SM_Rock_01.uasset" 1628
"E:/Projects/EcoBots/Content/Assets/LUSH_StylizedEnvironmentSet/Meshes/Rocks/SM_Rock_01.uexp" 1629
"E:/Projects/EcoBots/Content/Assets/media/img/RockItemIcon.uasset" 1630
"E:/Projects/EcoBots/Content/Assets/media/img/RockItemIcon.uexp" 1631
"E:/Projects/EcoBots/Content/Blueprints/Items/InventoryItems/BP_RockInventoryItem.uasset" 1632
"E:/Projects/EcoBots/Content/Blueprints/Items/InventoryItems/BP_RockInventoryItem.uexp" 1633
"E:/Projects/EcoBots/Content/Blueprints/Items/BP_RockItem.uasset" 1634
"E:/Projects/EcoBots/Content/Blueprints/Items/BP_RockItem.uexp" 1635
"E:/Projects/EcoBots/Content/Blueprints/Interactables/Snow/BP_SnowInteractableRock.uasset" 1636
"E:/Projects/EcoBots/Content/Blueprints/Interactables/Snow/BP_SnowInteractableRock.uexp" 1637
"E:/Projects/EcoBots/Content/Assets/StackOBot/Environment/Materials/Textures/T_RockTileable_BC.ubulk" 1638
"E:/Projects/EcoBots/Content/Assets/StackOBot/Environment/Materials/Textures/T_RockTileable_BC.uasset" 1639
"E:/Projects/EcoBots/Content/Assets/StackOBot/Environment/Materials/Textures/T_RockTileable_BC.uexp" 1640
"E:/Projects/EcoBots/Content/Assets/StackOBot/Environment/Landscape/Textures/RVT_Crater.uasset" 1641
"E:/Projects/EcoBots/Content/Assets/StackOBot/Environment/Landscape/Textures/RVT_Crater.uexp" 1642
"E:/Projects/EcoBots/Content/Assets/StackOBot/Environment/Materials/Textures/T_RockTint.ubulk" 1643
"E:/Projects/EcoBots/Content/Assets/StackOBot/Environment/Materials/Textures/T_RockTint.uasset" 1644
"E:/Projects/EcoBots/Content/Assets/StackOBot/Environment/Materials/Textures/T_RockTint.uexp" 1645
"E:/Projects/EcoBots/Content/Assets/StackOBot/Environment/Landscape/Materials/M_Rock.uasset" 1646
"E:/Projects/EcoBots/Content/Assets/StackOBot/Environment/Landscape/Materials/M_Rock.uexp" 1647
"E:/Projects/EcoBots/Content/Assets/StackOBot/Environment/Landscape/Materials/MI_Boulder.uasset" 1648
"E:/Projects/EcoBots/Content/Assets/StackOBot/Environment/Landscape/Materials/MI_Boulder.uexp" 1649
"E:/Projects/EcoBots/Content/Assets/StackOBot/Environment/Rocks/SM_Boulder.ubulk" 1650
"E:/Projects/EcoBots/Content/Assets/StackOBot/Environment/Rocks/SM_Boulder.uasset" 1651
"E:/Projects/EcoBots/Content/Assets/StackOBot/Environment/Rocks/SM_Boulder.uexp" 1652
"E:/Projects/EcoBots/Content/Blueprints/Interactables/Snow/BP_SnowInteractableRock_2.uasset" 1653
"E:/Projects/EcoBots/Content/Blueprints/Interactables/Snow/BP_SnowInteractableRock_2.uexp" 1654
"E:/Projects/EcoBots/Content/Assets/Orasot_Bundle/StylizedForestLandscape/Textures/T_Pine_Leaf.ubulk" 1655
"E:/Projects/EcoBots/Content/Assets/Orasot_Bundle/StylizedForestLandscape/Textures/T_Pine_Leaf.uasset" 1656
"E:/Projects/EcoBots/Content/Assets/Orasot_Bundle/StylizedForestLandscape/Textures/T_Pine_Leaf.uexp" 1657
"E:/Projects/EcoBots/Content/Assets/Mat/MI_SnowPIne_Leaf.uasset" 1658
"E:/Projects/EcoBots/Content/Assets/Mat/MI_SnowPIne_Leaf.uexp" 1659
"E:/Projects/EcoBots/Content/Blueprints/Interactables/Snow/BP_SnowInteractableTree_2.uasset" 1660
"E:/Projects/EcoBots/Content/Blueprints/Interactables/Snow/BP_SnowInteractableTree_2.uexp" 1661
"E:/Projects/EcoBots/Content/Assets/Mat/MI_Snow1.uasset" 1662
"E:/Projects/EcoBots/Content/Assets/Mat/MI_Snow1.uexp" 1663
"E:/Projects/EcoBots/Content/Blueprints/LevelPieces/FrostBiome/Terrains/BP_FrostTerrain2.uasset" 1664
"E:/Projects/EcoBots/Content/Blueprints/LevelPieces/FrostBiome/Terrains/BP_FrostTerrain2.uexp" 1665
"E:/Projects/EcoBots/Content/Assets/Orasot_Bundle/Stylized_Landscape_5_Bioms/Biom_Green/Textures/T_Plant_1.ubulk" 1666
"E:/Projects/EcoBots/Content/Assets/Orasot_Bundle/Stylized_Landscape_5_Bioms/Biom_Green/Textures/T_Plant_1.uasset" 1667
"E:/Projects/EcoBots/Content/Assets/Orasot_Bundle/Stylized_Landscape_5_Bioms/Biom_Green/Textures/T_Plant_1.uexp" 1668
"E:/Projects/EcoBots/Content/Assets/Orasot_Bundle/Stylized_Landscape_5_Bioms/Biom_Desert/Material_Instances/MI_Leaves_A_light_orange_2.uasset" 1669
"E:/Projects/EcoBots/Content/Assets/Orasot_Bundle/Stylized_Landscape_5_Bioms/Biom_Desert/Material_Instances/MI_Leaves_A_light_orange_2.uexp" 1670
"E:/Projects/EcoBots/Content/Blueprints/Interactables/Desert/BP_DesertInteractableBush.uasset" 1671
"E:/Projects/EcoBots/Content/Blueprints/Interactables/Desert/BP_DesertInteractableBush.uexp" 1672
"E:/Projects/EcoBots/Content/Blueprints/Interactables/Desert/BP_DesertInteractableBush_2.uasset" 1673
"E:/Projects/EcoBots/Content/Blueprints/Interactables/Desert/BP_DesertInteractableBush_2.uexp" 1674
"E:/Projects/EcoBots/Content/Assets/Realistic_Starter_VFX_Pack_Vol2/Particles/Environment/P_Fish_B.uasset" 1675
"E:/Projects/EcoBots/Content/Assets/Realistic_Starter_VFX_Pack_Vol2/Particles/Environment/P_Fish_B.uexp" 1676
"E:/Projects/EcoBots/Content/Blueprints/LevelPieces/TropicalBiome/Terrains/BP_TropicalTerrain3.uasset" 1677
"E:/Projects/EcoBots/Content/Blueprints/LevelPieces/TropicalBiome/Terrains/BP_TropicalTerrain3.uexp" 1678
"E:/Projects/EcoBots/Content/StarterContent/Textures/T_Wood_Floor_Walnut_M.ubulk" 1679
"E:/Projects/EcoBots/Content/StarterContent/Textures/T_Wood_Floor_Walnut_M.uasset" 1680
"E:/Projects/EcoBots/Content/StarterContent/Textures/T_Wood_Floor_Walnut_M.uexp" 1681
"E:/Projects/EcoBots/Content/StarterContent/Textures/T_Wood_Floor_Walnut_D.ubulk" 1682
"E:/Projects/EcoBots/Content/StarterContent/Textures/T_Wood_Floor_Walnut_D.uasset" 1683
"E:/Projects/EcoBots/Content/StarterContent/Textures/T_Wood_Floor_Walnut_D.uexp" 1684
"E:/Projects/EcoBots/Content/StarterContent/Textures/T_Wood_Floor_Walnut_N.ubulk" 1685
"E:/Projects/EcoBots/Content/StarterContent/Textures/T_Wood_Floor_Walnut_N.uasset" 1686
"E:/Projects/EcoBots/Content/StarterContent/Textures/T_Wood_Floor_Walnut_N.uexp" 1687
"E:/Projects/EcoBots/Content/StarterContent/Materials/M_Wood_Floor_Walnut_Polished.uasset" 1688
"E:/Projects/EcoBots/Content/StarterContent/Materials/M_Wood_Floor_Walnut_Polished.uexp" 1689
"E:/Projects/EcoBots/Content/Blueprints/Craftables/BP_CraftableWoodWall.uasset" 1690
"E:/Projects/EcoBots/Content/Blueprints/Craftables/BP_CraftableWoodWall.uexp" 1691
"E:/Projects/EcoBots/Content/Assets/Mat/MI_SnowLeaf.uasset" 1692
"E:/Projects/EcoBots/Content/Assets/Mat/MI_SnowLeaf.uexp" 1693
"E:/Projects/EcoBots/Content/Blueprints/Interactables/Snow/BP_SnowInteractableBush.uasset" 1694
"E:/Projects/EcoBots/Content/Blueprints/Interactables/Snow/BP_SnowInteractableBush.uexp" 1695
"E:/Projects/EcoBots/Content/Blueprints/Interactables/Snow/BP_SnowCuttedBush2.uasset" 1696
"E:/Projects/EcoBots/Content/Blueprints/Interactables/Snow/BP_SnowCuttedBush2.uexp" 1697
"E:/Projects/EcoBots/Content/Blueprints/Craftables/BP_CraftableRockWall.uasset" 1698
"E:/Projects/EcoBots/Content/Blueprints/Craftables/BP_CraftableRockWall.uexp" 1699
"E:/Projects/EcoBots/Content/StarterContent/Textures/T_Rock_Sandstone_N.ubulk" 1700
"E:/Projects/EcoBots/Content/StarterContent/Textures/T_Rock_Sandstone_N.uasset" 1701
"E:/Projects/EcoBots/Content/StarterContent/Textures/T_Rock_Sandstone_N.uexp" 1702
"E:/Projects/EcoBots/Content/StarterContent/Textures/T_Rock_Sandstone_D.ubulk" 1703
"E:/Projects/EcoBots/Content/StarterContent/Textures/T_Rock_Sandstone_D.uasset" 1704
"E:/Projects/EcoBots/Content/StarterContent/Textures/T_Rock_Sandstone_D.uexp" 1705
"E:/Projects/EcoBots/Content/StarterContent/Materials/M_Rock_Sandstone.uasset" 1706
"E:/Projects/EcoBots/Content/StarterContent/Materials/M_Rock_Sandstone.uexp" 1707
"E:/Projects/EcoBots/Content/Blueprints/LevelPieces/DesertBiome/Terrains/BP_DesertTerrain4.uasset" 1708
"E:/Projects/EcoBots/Content/Blueprints/LevelPieces/DesertBiome/Terrains/BP_DesertTerrain4.uexp" 1709
"E:/Projects/EcoBots/Content/StarterContent/Textures/T_Statue_M.ubulk" 1710
"E:/Projects/EcoBots/Content/StarterContent/Textures/T_Statue_M.uasset" 1711
"E:/Projects/EcoBots/Content/StarterContent/Textures/T_Statue_M.uexp" 1712
"E:/Projects/EcoBots/Content/StarterContent/Textures/T_Statue_N.ubulk" 1713
"E:/Projects/EcoBots/Content/StarterContent/Textures/T_Statue_N.uasset" 1714
"E:/Projects/EcoBots/Content/StarterContent/Textures/T_Statue_N.uexp" 1715
"E:/Projects/EcoBots/Content/StarterContent/Props/Materials/M_StatueGlass.uasset" 1716
"E:/Projects/EcoBots/Content/StarterContent/Props/Materials/M_StatueGlass.uexp" 1717
"E:/Projects/EcoBots/Content/Blueprints/LevelPieces/FrostBiome/Terrains/BP_FrostTerrain3.uasset" 1718
"E:/Projects/EcoBots/Content/Blueprints/LevelPieces/FrostBiome/Terrains/BP_FrostTerrain3.uexp" 1719
"E:/Projects/EcoBots/Content/Blueprints/Interactables/Snow/BP_SnowInteractableBush_2.uasset" 1720
"E:/Projects/EcoBots/Content/Blueprints/Interactables/Snow/BP_SnowInteractableBush_2.uexp" 1721
"E:/Projects/EcoBots/Content/Blueprints/Interactables/Snow/BP_SnowCuttedBush.uasset" 1722
"E:/Projects/EcoBots/Content/Blueprints/Interactables/Snow/BP_SnowCuttedBush.uexp" 1723
"E:/Projects/EcoBots/Content/Blueprints/Interactables/Desert/BP_DesertCuttedTree.uasset" 1724
"E:/Projects/EcoBots/Content/Blueprints/Interactables/Desert/BP_DesertCuttedTree.uexp" 1725
"E:/Projects/EcoBots/Content/Blueprints/LevelPieces/FrostBiome/Terrains/BP_FrostTerrain1.uasset" 1726
"E:/Projects/EcoBots/Content/Blueprints/LevelPieces/FrostBiome/Terrains/BP_FrostTerrain1.uexp" 1727
"E:/Projects/EcoBots/Content/Blueprints/Interactables/Tropical/BP_TropicalInteractableRock.uasset" 1728
"E:/Projects/EcoBots/Content/Blueprints/Interactables/Tropical/BP_TropicalInteractableRock.uexp" 1729
"E:/Projects/EcoBots/Content/Blueprints/Interactables/Tropical/BP_TropicalInteractableRock_2.uasset" 1730
"E:/Projects/EcoBots/Content/Blueprints/Interactables/Tropical/BP_TropicalInteractableRock_2.uexp" 1731
"E:/Projects/EcoBots/Content/Assets/Orasot_Bundle/StylizedForestLandscape/Material_Instances/MI_PIne_Leaf.uasset" 1732
"E:/Projects/EcoBots/Content/Assets/Orasot_Bundle/StylizedForestLandscape/Material_Instances/MI_PIne_Leaf.uexp" 1733
"E:/Projects/EcoBots/Content/Blueprints/Interactables/Tropical/BP_TropicalInteractableTree_2.uasset" 1734
"E:/Projects/EcoBots/Content/Blueprints/Interactables/Tropical/BP_TropicalInteractableTree_2.uexp" 1735
"E:/Projects/EcoBots/Content/Blueprints/LevelPieces/TropicalBiome/Terrains/BP_TropicalTerrain1.uasset" 1736
"E:/Projects/EcoBots/Content/Blueprints/LevelPieces/TropicalBiome/Terrains/BP_TropicalTerrain1.uexp" 1737
"E:/Projects/EcoBots/Content/Blueprints/LevelPieces/DesertBiome/Terrains/BP_DesertTerrain2.uasset" 1738
"E:/Projects/EcoBots/Content/Blueprints/LevelPieces/DesertBiome/Terrains/BP_DesertTerrain2.uexp" 1739
"E:/Projects/EcoBots/Content/Assets/StackOBot/Environment/Materials/MI_Glow.uasset" 1740
"E:/Projects/EcoBots/Content/Assets/StackOBot/Environment/Materials/MI_Glow.uexp" 1741
"E:/Projects/EcoBots/Content/Assets/StackOBot/Environment/Materials/Textures/T_Ribbing_N.uasset" 1742
"E:/Projects/EcoBots/Content/Assets/StackOBot/Environment/Materials/Textures/T_Ribbing_N.uexp" 1743
"E:/Projects/EcoBots/Content/Assets/StackOBot/Environment/Materials/Textures/T_Ribbing_A.uasset" 1744
"E:/Projects/EcoBots/Content/Assets/StackOBot/Environment/Materials/Textures/T_Ribbing_A.uexp" 1745
"E:/Projects/EcoBots/Content/Assets/StackOBot/Environment/Materials/MI_Carbon.uasset" 1746
"E:/Projects/EcoBots/Content/Assets/StackOBot/Environment/Materials/MI_Carbon.uexp" 1747
"E:/Projects/EcoBots/Content/Assets/StackOBot/Environment/Props/SM_GenericMachine_Engine.ubulk" 1748
"E:/Projects/EcoBots/Content/Assets/StackOBot/Environment/Props/SM_GenericMachine_Engine.uasset" 1749
"E:/Projects/EcoBots/Content/Assets/StackOBot/Environment/Props/SM_GenericMachine_Engine.uexp" 1750
"E:/Projects/EcoBots/Content/Assets/StackOBot/Characters/Bot/Materials/M_BotLightBlue.uasset" 1751
"E:/Projects/EcoBots/Content/Assets/StackOBot/Characters/Bot/Materials/M_BotLightBlue.uexp" 1752
"E:/Projects/EcoBots/Content/Assets/media/wavs/Catastrophe.ubulk" 1753
"E:/Projects/EcoBots/Content/Assets/media/wavs/Catastrophe.uasset" 1754
"E:/Projects/EcoBots/Content/Assets/media/wavs/Catastrophe.uexp" 1755
"E:/Projects/EcoBots/Content/Blueprints/Audio/MetaSounds/MS_Catastrophe.uasset" 1756
"E:/Projects/EcoBots/Content/Blueprints/Audio/MetaSounds/MS_Catastrophe.uexp" 1757
"E:/Projects/EcoBots/Content/Assets/media/wavs/woodenhover.ubulk" 1758
"E:/Projects/EcoBots/Content/Assets/media/wavs/woodenhover.uasset" 1759
"E:/Projects/EcoBots/Content/Assets/media/wavs/woodenhover.uexp" 1760
"E:/Projects/EcoBots/Content/Blueprints/Widgets/InGame/BP_OptionsGameWidget.uasset" 1761
"E:/Projects/EcoBots/Content/Blueprints/Widgets/InGame/BP_OptionsGameWidget.uexp" 1762
"E:/Projects/EcoBots/Content/Blueprints/Widgets/InGame/BP_CraftMaterialCostItem.uasset" 1763
"E:/Projects/EcoBots/Content/Blueprints/Widgets/InGame/BP_CraftMaterialCostItem.uexp" 1764
"E:/Projects/EcoBots/Content/Assets/media/fonts/Robot_Roc_Not_a_Tilter.uexp" 1765
"E:/Projects/EcoBots/Content/Assets/media/fonts/Robot_Roc_Not_a_Tilter.uasset" 1766
"E:/Projects/EcoBots/Content/Assets/media/fonts/Robot_Roc_Not_a_Tilter.ufont" 1767
"E:/Projects/EcoBots/Content/Assets/media/fonts/Robot_Roc_Not_a_Tilter_Font.uasset" 1768
"E:/Projects/EcoBots/Content/Assets/media/fonts/Robot_Roc_Not_a_Tilter_Font.uexp" 1769
"E:/Projects/EcoBots/Content/Blueprints/Widgets/InGame/BP_CraftRecipeWidget.uasset" 1770
"E:/Projects/EcoBots/Content/Blueprints/Widgets/InGame/BP_CraftRecipeWidget.uexp" 1771
"E:/Projects/EcoBots/Content/Assets/media/img/InventoryBg.uasset" 1772
"E:/Projects/EcoBots/Content/Assets/media/img/InventoryBg.uexp" 1773
"E:/Projects/EcoBots/Content/Assets/media/img/ExitIco.uasset" 1774
"E:/Projects/EcoBots/Content/Assets/media/img/ExitIco.uexp" 1775
"E:/Projects/EcoBots/Content/Blueprints/Widgets/InGame/BP_CraftWidget.uasset" 1776
"E:/Projects/EcoBots/Content/Blueprints/Widgets/InGame/BP_CraftWidget.uexp" 1777
"E:/Projects/EcoBots/Content/Blueprints/Widgets/InGame/BP_InventorySlotWidget.uasset" 1778
"E:/Projects/EcoBots/Content/Blueprints/Widgets/InGame/BP_InventorySlotWidget.uexp" 1779
"E:/Projects/EcoBots/Content/Blueprints/Widgets/InGame/BP_InventoryWidget.uasset" 1780
"E:/Projects/EcoBots/Content/Blueprints/Widgets/InGame/BP_InventoryWidget.uexp" 1781
"E:/Projects/EcoBots/Content/Assets/media/img/PauseIco.ubulk" 1782
"E:/Projects/EcoBots/Content/Assets/media/img/PauseIco.uasset" 1783
"E:/Projects/EcoBots/Content/Assets/media/img/PauseIco.uexp" 1784
"E:/Projects/EcoBots/Content/Assets/media/img/MoneyIco.ubulk" 1785
"E:/Projects/EcoBots/Content/Assets/media/img/MoneyIco.uasset" 1786
"E:/Projects/EcoBots/Content/Assets/media/img/MoneyIco.uexp" 1787
"../../../Engine/Content/EngineFonts/Faces/RobotoTiny.uexp" 1788
"../../../Engine/Content/EngineFonts/Faces/RobotoTiny.uasset" 1789
"../../../Engine/Content/EngineFonts/Faces/RobotoTiny.ufont" 1790
"../../../Engine/Content/EngineFonts/RobotoTiny.uasset" 1791
"../../../Engine/Content/EngineFonts/RobotoTiny.uexp" 1792
"E:/Projects/EcoBots/Content/Assets/media/img/HealthIco.ubulk" 1793
"E:/Projects/EcoBots/Content/Assets/media/img/HealthIco.uasset" 1794
"E:/Projects/EcoBots/Content/Assets/media/img/HealthIco.uexp" 1795
"E:/Projects/EcoBots/Content/Blueprints/Characters/MiniMap/MiniMapTextureRenderTarget2D.uasset" 1796
"E:/Projects/EcoBots/Content/Blueprints/Characters/MiniMap/MiniMapTextureRenderTarget2D.uexp" 1797
"E:/Projects/EcoBots/Content/Blueprints/Characters/MiniMap/M_MiniMapTextureRenderTarget2D_Mat.uasset" 1798
"E:/Projects/EcoBots/Content/Blueprints/Characters/MiniMap/M_MiniMapTextureRenderTarget2D_Mat.uexp" 1799
"E:/Projects/EcoBots/Content/Assets/media/img/InventoryIco.ubulk" 1800
"E:/Projects/EcoBots/Content/Assets/media/img/InventoryIco.uasset" 1801
"E:/Projects/EcoBots/Content/Assets/media/img/InventoryIco.uexp" 1802
"E:/Projects/EcoBots/Content/Assets/media/img/OptionsIco.uasset" 1803
"E:/Projects/EcoBots/Content/Assets/media/img/OptionsIco.uexp" 1804
"E:/Projects/EcoBots/Content/Assets/media/img/foodIco.uasset" 1805
"E:/Projects/EcoBots/Content/Assets/media/img/foodIco.uexp" 1806
"E:/Projects/EcoBots/Content/Assets/media/img/ThirstIco.ubulk" 1807
"E:/Projects/EcoBots/Content/Assets/media/img/ThirstIco.uasset" 1808
"E:/Projects/EcoBots/Content/Assets/media/img/ThirstIco.uexp" 1809
"E:/Projects/EcoBots/Content/Assets/media/img/CraftBookIco.ubulk" 1810
"E:/Projects/EcoBots/Content/Assets/media/img/CraftBookIco.uasset" 1811
"E:/Projects/EcoBots/Content/Assets/media/img/CraftBookIco.uexp" 1812
"E:/Projects/EcoBots/Content/Assets/media/img/WorldHealth.ubulk" 1813
"E:/Projects/EcoBots/Content/Assets/media/img/WorldHealth.uasset" 1814
"E:/Projects/EcoBots/Content/Assets/media/img/WorldHealth.uexp" 1815
"E:/Projects/EcoBots/Content/Blueprints/Widgets/InGame/BP_EcoBotWidget.uasset" 1816
"E:/Projects/EcoBots/Content/Blueprints/Widgets/InGame/BP_EcoBotWidget.uexp" 1817
"E:/Projects/EcoBots/Content/Blueprints/Widgets/InGame/BP_MainGameWidget.uasset" 1818
"E:/Projects/EcoBots/Content/Blueprints/Widgets/InGame/BP_MainGameWidget.uexp" 1819
"E:/Projects/EcoBots/Content/Blueprints/Managers/BP_WorldCatastrophesManager.uasset" 1820
"E:/Projects/EcoBots/Content/Blueprints/Managers/BP_WorldCatastrophesManager.uexp" 1821
"E:/Projects/EcoBots/Content/Blueprints/Craftables/BP_CraftableAirPurifier.uasset" 1822
"E:/Projects/EcoBots/Content/Blueprints/Craftables/BP_CraftableAirPurifier.uexp" 1823
"E:/Projects/EcoBots/Content/Assets/Mat/MI_Snow2.uasset" 1824
"E:/Projects/EcoBots/Content/Assets/Mat/MI_Snow2.uexp" 1825
"E:/Projects/EcoBots/Content/Blueprints/LevelPieces/FrostBiome/Terrains/BP_FrostTerrain4.uasset" 1826
"E:/Projects/EcoBots/Content/Blueprints/LevelPieces/FrostBiome/Terrains/BP_FrostTerrain4.uexp" 1827
"E:/Projects/EcoBots/Content/StarterContent/Textures/T_Fire_Tiled_D.ubulk" 1828
"E:/Projects/EcoBots/Content/StarterContent/Textures/T_Fire_Tiled_D.uasset" 1829
"E:/Projects/EcoBots/Content/StarterContent/Textures/T_Fire_Tiled_D.uexp" 1830
"E:/Projects/EcoBots/Content/StarterContent/Textures/T_Fire_SubUV.ubulk" 1831
"E:/Projects/EcoBots/Content/StarterContent/Textures/T_Fire_SubUV.uasset" 1832
"E:/Projects/EcoBots/Content/StarterContent/Textures/T_Fire_SubUV.uexp" 1833
"E:/Projects/EcoBots/Content/StarterContent/Particles/Materials/M_Fire_SubUV.uasset" 1834
"E:/Projects/EcoBots/Content/StarterContent/Particles/Materials/M_Fire_SubUV.uexp" 1835
"E:/Projects/EcoBots/Content/StarterContent/Textures/T_Smoke_SubUV.ubulk" 1836
"E:/Projects/EcoBots/Content/StarterContent/Textures/T_Smoke_SubUV.uasset" 1837
"E:/Projects/EcoBots/Content/StarterContent/Textures/T_Smoke_SubUV.uexp" 1838
"E:/Projects/EcoBots/Content/StarterContent/Textures/T_Smoke_Tiled_D.ubulk" 1839
"E:/Projects/EcoBots/Content/StarterContent/Textures/T_Smoke_Tiled_D.uasset" 1840
"E:/Projects/EcoBots/Content/StarterContent/Textures/T_Smoke_Tiled_D.uexp" 1841
"E:/Projects/EcoBots/Content/StarterContent/Particles/Materials/M_smoke_subUV.uasset" 1842
"E:/Projects/EcoBots/Content/StarterContent/Particles/Materials/M_smoke_subUV.uexp" 1843
"E:/Projects/EcoBots/Content/StarterContent/Textures/T_Water_N.ubulk" 1844
"E:/Projects/EcoBots/Content/StarterContent/Textures/T_Water_N.uasset" 1845
"E:/Projects/EcoBots/Content/StarterContent/Textures/T_Water_N.uexp" 1846
"E:/Projects/EcoBots/Content/StarterContent/Particles/Materials/M_Heat_Distortion.uasset" 1847
"E:/Projects/EcoBots/Content/StarterContent/Particles/Materials/M_Heat_Distortion.uexp" 1848
"../../../Engine/Content/Functions/Engine_MaterialFunctions01/Gradient/RadialGradient.uasset" 1849
"../../../Engine/Content/Functions/Engine_MaterialFunctions01/Gradient/RadialGradient.uexp" 1850
"E:/Projects/EcoBots/Content/StarterContent/Particles/Materials/M_Radial_Gradient.uasset" 1851
"E:/Projects/EcoBots/Content/StarterContent/Particles/Materials/M_Radial_Gradient.uexp" 1852
"E:/Projects/EcoBots/Content/StarterContent/Particles/P_Fire.uasset" 1853
"E:/Projects/EcoBots/Content/StarterContent/Particles/P_Fire.uexp" 1854
"E:/Projects/EcoBots/Content/Assets/LUSH_StylizedEnvironmentSet/Foliage/Trees/Materials/MI_Bark_01.uasset" 1855
"E:/Projects/EcoBots/Content/Assets/LUSH_StylizedEnvironmentSet/Foliage/Trees/Materials/MI_Bark_01.uexp" 1856
"E:/Projects/EcoBots/Content/Blueprints/Craftables/BP_CraftableCampFire.uasset" 1857
"E:/Projects/EcoBots/Content/Blueprints/Craftables/BP_CraftableCampFire.uexp" 1858
"E:/Projects/EcoBots/Content/Blueprints/Interactables/Desert/BP_DesertInteractableRock.uasset" 1859
"E:/Projects/EcoBots/Content/Blueprints/Interactables/Desert/BP_DesertInteractableRock.uexp" 1860
"E:/Projects/EcoBots/Content/Blueprints/Interactables/Desert/BP_DesertInteractableRock_2.uasset" 1861
"E:/Projects/EcoBots/Content/Blueprints/Interactables/Desert/BP_DesertInteractableRock_2.uexp" 1862
"E:/Projects/EcoBots/Content/Blueprints/LevelPieces/DesertBiome/Terrains/BP_DesertTerrain1.uasset" 1863
"E:/Projects/EcoBots/Content/Blueprints/LevelPieces/DesertBiome/Terrains/BP_DesertTerrain1.uexp" 1864
"E:/Projects/EcoBots/Content/Assets/Orasot_Bundle/Stylized_Landscape_5_Bioms/Biom_Desert/Material_Instances/MI_Leaves_A_red.uasset" 1865
"E:/Projects/EcoBots/Content/Assets/Orasot_Bundle/Stylized_Landscape_5_Bioms/Biom_Desert/Material_Instances/MI_Leaves_A_red.uexp" 1866
"E:/Projects/EcoBots/Content/Blueprints/Interactables/Desert/BP_DesertInteractableTree.uasset" 1867
"E:/Projects/EcoBots/Content/Blueprints/Interactables/Desert/BP_DesertInteractableTree.uexp" 1868
"E:/Projects/EcoBots/Content/Assets/Orasot_Bundle/Stylized_Landscape_5_Bioms/Biom_Red/Textures/T_Leaf_base.ubulk" 1869
"E:/Projects/EcoBots/Content/Assets/Orasot_Bundle/Stylized_Landscape_5_Bioms/Biom_Red/Textures/T_Leaf_base.uasset" 1870
"E:/Projects/EcoBots/Content/Assets/Orasot_Bundle/Stylized_Landscape_5_Bioms/Biom_Red/Textures/T_Leaf_base.uexp" 1871
"E:/Projects/EcoBots/Content/Assets/Orasot_Bundle/Stylized_Landscape_5_Bioms/Biom_Red/Material_Instances/MI_Leaves_A_4.uasset" 1872
"E:/Projects/EcoBots/Content/Assets/Orasot_Bundle/Stylized_Landscape_5_Bioms/Biom_Red/Material_Instances/MI_Leaves_A_4.uexp" 1873
"E:/Projects/EcoBots/Content/Blueprints/Interactables/Desert/BP_DesertInteractableTree_2.uasset" 1874
"E:/Projects/EcoBots/Content/Blueprints/Interactables/Desert/BP_DesertInteractableTree_2.uexp" 1875
"E:/Projects/EcoBots/Content/Blueprints/Managers/BP_VillageSavingsManager.uasset" 1876
"E:/Projects/EcoBots/Content/Blueprints/Managers/BP_VillageSavingsManager.uexp" 1877
"E:/Projects/EcoBots/Content/Blueprints/Widgets/InGame/BP_PauseWidget.uasset" 1878
"E:/Projects/EcoBots/Content/Blueprints/Widgets/InGame/BP_PauseWidget.uexp" 1879
"E:/Projects/EcoBots/Content/Assets/media/img/AirPurifierIcon.ubulk" 1880
"E:/Projects/EcoBots/Content/Assets/media/img/AirPurifierIcon.uasset" 1881
"E:/Projects/EcoBots/Content/Assets/media/img/AirPurifierIcon.uexp" 1882
"E:/Projects/EcoBots/Content/Blueprints/Craftables/CraftRecipes/BP_AirPurifierRecipe.uasset" 1883
"E:/Projects/EcoBots/Content/Blueprints/Craftables/CraftRecipes/BP_AirPurifierRecipe.uexp" 1884
"E:/Projects/EcoBots/Content/StarterContent/Textures/T_Spark_Core.ubulk" 1885
"E:/Projects/EcoBots/Content/StarterContent/Textures/T_Spark_Core.uasset" 1886
"E:/Projects/EcoBots/Content/StarterContent/Textures/T_Spark_Core.uexp" 1887
"E:/Projects/EcoBots/Content/StarterContent/Particles/Materials/M_Spark.uasset" 1888
"E:/Projects/EcoBots/Content/StarterContent/Particles/Materials/M_Spark.uexp" 1889
"E:/Projects/EcoBots/Content/StarterContent/Particles/P_Sparks.uasset" 1890
"E:/Projects/EcoBots/Content/StarterContent/Particles/P_Sparks.uexp" 1891
"../../../Engine/Plugins/2D/Paper2D/Content/TranslucentUnlitSpriteMaterial.uasset" 1892
"../../../Engine/Plugins/2D/Paper2D/Content/TranslucentUnlitSpriteMaterial.uexp" 1893
"E:/Projects/EcoBots/Content/Assets/StackOBot/UI/Textures/T_Bot_ThumbsUp_Circle_Background.uasset" 1894
"E:/Projects/EcoBots/Content/Assets/StackOBot/UI/Textures/T_Bot_ThumbsUp_Circle_Background.uexp" 1895
"E:/Projects/EcoBots/Content/Assets/media/img/T_Bot_ThumbsUp_Circle_Background_Sprite.uasset" 1896
"E:/Projects/EcoBots/Content/Assets/media/img/T_Bot_ThumbsUp_Circle_Background_Sprite.uexp" 1897
"E:/Projects/EcoBots/Content/Assets/media/img/WoodPlate.uasset" 1898
"E:/Projects/EcoBots/Content/Assets/media/img/WoodPlate.uexp" 1899
"E:/Projects/EcoBots/Content/Blueprints/Craftables/CraftRecipes/BP_WoodWallRecipe.uasset" 1900
"E:/Projects/EcoBots/Content/Blueprints/Craftables/CraftRecipes/BP_WoodWallRecipe.uexp" 1901
"E:/Projects/EcoBots/Content/Assets/StackOBot/Characters/Bot/Materials/M_BotLedWhite.uasset" 1902
"E:/Projects/EcoBots/Content/Assets/StackOBot/Characters/Bot/Materials/M_BotLedWhite.uexp" 1903
"E:/Projects/EcoBots/Content/Assets/StackOBot/Characters/Bot/Materials/MI_BotFaceWhite.uasset" 1904
"E:/Projects/EcoBots/Content/Assets/StackOBot/Characters/Bot/Materials/MI_BotFaceWhite.uexp" 1905
"E:/Projects/EcoBots/Content/Assets/media/img/RockwallIcon.uasset" 1906
"E:/Projects/EcoBots/Content/Assets/media/img/RockwallIcon.uexp" 1907
"E:/Projects/EcoBots/Content/Blueprints/Craftables/CraftRecipes/BP_RockWallRecipe.uasset" 1908
"E:/Projects/EcoBots/Content/Blueprints/Craftables/CraftRecipes/BP_RockWallRecipe.uexp" 1909
"E:/Projects/EcoBots/Content/Assets/StackOBot/Characters/Bot/Materials/M_BotBaseGreen.uasset" 1910
"E:/Projects/EcoBots/Content/Assets/StackOBot/Characters/Bot/Materials/M_BotBaseGreen.uexp" 1911
"E:/Projects/EcoBots/Content/Assets/media/img/CampFireIcon.ubulk" 1912
"E:/Projects/EcoBots/Content/Assets/media/img/CampFireIcon.uasset" 1913
"E:/Projects/EcoBots/Content/Assets/media/img/CampFireIcon.uexp" 1914
"E:/Projects/EcoBots/Content/Blueprints/Craftables/CraftPreviews/BP_PreviewCampFire.uasset" 1915
"E:/Projects/EcoBots/Content/Blueprints/Craftables/CraftPreviews/BP_PreviewCampFire.uexp" 1916
"E:/Projects/EcoBots/Content/Blueprints/Craftables/CraftRecipes/BP_CampFireRecipe.uasset" 1917
"E:/Projects/EcoBots/Content/Blueprints/Craftables/CraftRecipes/BP_CampFireRecipe.uexp" 1918
"E:/Projects/EcoBots/Content/Blueprints/Characters/BP_EcoBotCharacter.uasset" 1919
"E:/Projects/EcoBots/Content/Blueprints/Characters/BP_EcoBotCharacter.uexp" 1920
"E:/Projects/EcoBots/Content/Assets/LUSH_StylizedEnvironmentSet/Foliage/Bushes/SMF_Bush_Medium_01.uasset" 1921
"E:/Projects/EcoBots/Content/Assets/LUSH_StylizedEnvironmentSet/Foliage/Bushes/SMF_Bush_Medium_01.uexp" 1922
"E:/Projects/EcoBots/Content/Assets/LUSH_StylizedEnvironmentSet/Foliage/Trees/SMF_Palm_A_02.uasset" 1923
"E:/Projects/EcoBots/Content/Assets/LUSH_StylizedEnvironmentSet/Foliage/Trees/SMF_Palm_A_02.uexp" 1924
"E:/Projects/EcoBots/Content/Assets/LUSH_StylizedEnvironmentSet/Foliage/Trees/Textures/T_Bark_04_D.ubulk" 1925
"E:/Projects/EcoBots/Content/Assets/LUSH_StylizedEnvironmentSet/Foliage/Trees/Textures/T_Bark_04_D.uasset" 1926
"E:/Projects/EcoBots/Content/Assets/LUSH_StylizedEnvironmentSet/Foliage/Trees/Textures/T_Bark_04_D.uexp" 1927
"E:/Projects/EcoBots/Content/Assets/LUSH_StylizedEnvironmentSet/Foliage/Trees/Textures/T_Bark_04_N.ubulk" 1928
"E:/Projects/EcoBots/Content/Assets/LUSH_StylizedEnvironmentSet/Foliage/Trees/Textures/T_Bark_04_N.uasset" 1929
"E:/Projects/EcoBots/Content/Assets/LUSH_StylizedEnvironmentSet/Foliage/Trees/Textures/T_Bark_04_N.uexp" 1930
"E:/Projects/EcoBots/Content/Assets/LUSH_StylizedEnvironmentSet/Foliage/Trees/Textures/T_Bark_04_RAOH.ubulk" 1931
"E:/Projects/EcoBots/Content/Assets/LUSH_StylizedEnvironmentSet/Foliage/Trees/Textures/T_Bark_04_RAOH.uasset" 1932
"E:/Projects/EcoBots/Content/Assets/LUSH_StylizedEnvironmentSet/Foliage/Trees/Textures/T_Bark_04_RAOH.uexp" 1933
"E:/Projects/EcoBots/Content/Assets/LUSH_StylizedEnvironmentSet/Foliage/Trees/Materials/MI_Tree_Large_Bark.uasset" 1934
"E:/Projects/EcoBots/Content/Assets/LUSH_StylizedEnvironmentSet/Foliage/Trees/Materials/MI_Tree_Large_Bark.uexp" 1935
"E:/Projects/EcoBots/Content/Assets/LUSH_StylizedEnvironmentSet/Foliage/Trees/SM_Tree_Large_01.ubulk" 1936
"E:/Projects/EcoBots/Content/Assets/LUSH_StylizedEnvironmentSet/Foliage/Trees/SM_Tree_Large_01.uasset" 1937
"E:/Projects/EcoBots/Content/Assets/LUSH_StylizedEnvironmentSet/Foliage/Trees/SM_Tree_Large_01.uexp" 1938
"E:/Projects/EcoBots/Content/Assets/LUSH_StylizedEnvironmentSet/Foliage/Plants/SM_Plant_Taro_01.ubulk" 1939
"E:/Projects/EcoBots/Content/Assets/LUSH_StylizedEnvironmentSet/Foliage/Plants/SM_Plant_Taro_01.uasset" 1940
"E:/Projects/EcoBots/Content/Assets/LUSH_StylizedEnvironmentSet/Foliage/Plants/SM_Plant_Taro_01.uexp" 1941
"E:/Projects/EcoBots/Content/Assets/LUSH_StylizedEnvironmentSet/Foliage/Plants/SMF_Plant_Taro_01.uasset" 1942
"E:/Projects/EcoBots/Content/Assets/LUSH_StylizedEnvironmentSet/Foliage/Plants/SMF_Plant_Taro_01.uexp" 1943
"E:/Projects/EcoBots/Content/Assets/StackOBot/Characters/Bot/Materials/M_BotYellow.uasset" 1944
"E:/Projects/EcoBots/Content/Assets/StackOBot/Characters/Bot/Materials/M_BotYellow.uexp" 1945
"E:/Projects/EcoBots/Content/Assets/LUSH_StylizedEnvironmentSet/Landscape/Textures/T_LushGrass_D.ubulk" 1946
"E:/Projects/EcoBots/Content/Assets/LUSH_StylizedEnvironmentSet/Landscape/Textures/T_LushGrass_D.uasset" 1947
"E:/Projects/EcoBots/Content/Assets/LUSH_StylizedEnvironmentSet/Landscape/Textures/T_LushGrass_D.uexp" 1948
"E:/Projects/EcoBots/Content/Assets/LUSH_StylizedEnvironmentSet/_SharedAssets/Materials/M_Grass_Base.uasset" 1949
"E:/Projects/EcoBots/Content/Assets/LUSH_StylizedEnvironmentSet/_SharedAssets/Materials/M_Grass_Base.uexp" 1950
"E:/Projects/EcoBots/Content/Assets/LUSH_StylizedEnvironmentSet/Foliage/Grass/Materials/MI_Grass_01.uasset" 1951
"E:/Projects/EcoBots/Content/Assets/LUSH_StylizedEnvironmentSet/Foliage/Grass/Materials/MI_Grass_01.uexp" 1952
"E:/Projects/EcoBots/Content/Assets/LUSH_StylizedEnvironmentSet/Foliage/Grass/Materials/MI_Grass_Tiny_A.uasset" 1953
"E:/Projects/EcoBots/Content/Assets/LUSH_StylizedEnvironmentSet/Foliage/Grass/Materials/MI_Grass_Tiny_A.uexp" 1954
"E:/Projects/EcoBots/Content/Assets/LUSH_StylizedEnvironmentSet/Foliage/Grass/SM_Grass_Tiny.ubulk" 1955
"E:/Projects/EcoBots/Content/Assets/LUSH_StylizedEnvironmentSet/Foliage/Grass/SM_Grass_Tiny.uasset" 1956
"E:/Projects/EcoBots/Content/Assets/LUSH_StylizedEnvironmentSet/Foliage/Grass/SM_Grass_Tiny.uexp" 1957
"E:/Projects/EcoBots/Content/Assets/LUSH_StylizedEnvironmentSet/Foliage/Grass/SMF_TinyGrass.uasset" 1958
"E:/Projects/EcoBots/Content/Assets/LUSH_StylizedEnvironmentSet/Foliage/Grass/SMF_TinyGrass.uexp" 1959
"E:/Projects/EcoBots/Content/Blueprints/Widgets/Menu/BP_GameOverWidget.uasset" 1960
"E:/Projects/EcoBots/Content/Blueprints/Widgets/Menu/BP_GameOverWidget.uexp" 1961
"E:/Projects/EcoBots/Content/Blueprints/Characters/BP_CameraPawn.uasset" 1962
"E:/Projects/EcoBots/Content/Blueprints/Characters/BP_CameraPawn.uexp" 1963
"E:/Projects/EcoBots/Content/Blueprints/Gamemodes/BP_MenuGameMode.uasset" 1964
"E:/Projects/EcoBots/Content/Blueprints/Gamemodes/BP_MenuGameMode.uexp" 1965
"E:/Projects/EcoBots/Content/Assets/LUSH_StylizedEnvironmentSet/Foliage/Flowers/SM_FlowerClump_A_01.uasset" 1966
"E:/Projects/EcoBots/Content/Assets/LUSH_StylizedEnvironmentSet/Foliage/Flowers/SM_FlowerClump_A_01.uexp" 1967
"../../../Engine/Content/MapTemplates/Sky/T_Sky_Stars.ubulk" 1968
"../../../Engine/Content/MapTemplates/Sky/T_Sky_Stars.uasset" 1969
"../../../Engine/Content/MapTemplates/Sky/T_Sky_Stars.uexp" 1970
"../../../Engine/Content/MapTemplates/Sky/T_UDK_Sky_CloudMask01_N.ubulk" 1971
"../../../Engine/Content/MapTemplates/Sky/T_UDK_Sky_CloudMask01_N.uasset" 1972
"../../../Engine/Content/MapTemplates/Sky/T_UDK_Sky_CloudMask01_N.uexp" 1973
"../../../Engine/Content/MapTemplates/T_UDK_Sky_CloudMask03.ubulk" 1974
"../../../Engine/Content/MapTemplates/T_UDK_Sky_CloudMask03.uasset" 1975
"../../../Engine/Content/MapTemplates/T_UDK_Sky_CloudMask03.uexp" 1976
"../../../Engine/Content/MapTemplates/Sky/M_Procedural_Sky_MASTER02.uasset" 1977
"../../../Engine/Content/MapTemplates/Sky/M_Procedural_Sky_MASTER02.uexp" 1978
"../../../Engine/Content/MapTemplates/Sky/M_Procedural_Sky_Night.uasset" 1979
"../../../Engine/Content/MapTemplates/Sky/M_Procedural_Sky_Night.uexp" 1980
"E:/Projects/EcoBots/Content/Assets/LUSH_StylizedEnvironmentSet/Foliage/Trees/SM_Palm_A_04.ubulk" 1981
"E:/Projects/EcoBots/Content/Assets/LUSH_StylizedEnvironmentSet/Foliage/Trees/SM_Palm_A_04.uasset" 1982
"E:/Projects/EcoBots/Content/Assets/LUSH_StylizedEnvironmentSet/Foliage/Trees/SM_Palm_A_04.uexp" 1983
"E:/Projects/EcoBots/Content/Assets/LUSH_StylizedEnvironmentSet/Foliage/Bushes/SMF_Bush_Medium_04.uasset" 1984
"E:/Projects/EcoBots/Content/Assets/LUSH_StylizedEnvironmentSet/Foliage/Bushes/SMF_Bush_Medium_04.uexp" 1985
"E:/Projects/EcoBots/Content/Assets/LUSH_StylizedEnvironmentSet/Foliage/Trees/SM_Palm_B_01.ubulk" 1986
"E:/Projects/EcoBots/Content/Assets/LUSH_StylizedEnvironmentSet/Foliage/Trees/SM_Palm_B_01.uasset" 1987
"E:/Projects/EcoBots/Content/Assets/LUSH_StylizedEnvironmentSet/Foliage/Trees/SM_Palm_B_01.uexp" 1988
"E:/Projects/EcoBots/Content/Assets/LUSH_StylizedEnvironmentSet/Foliage/Trees/SMF_Palm_B_01.uasset" 1989
"E:/Projects/EcoBots/Content/Assets/LUSH_StylizedEnvironmentSet/Foliage/Trees/SMF_Palm_B_01.uexp" 1990
"E:/Projects/EcoBots/Content/Assets/LUSH_StylizedEnvironmentSet/Foliage/Trees/SMF_Tree_Medium_02.uasset" 1991
"E:/Projects/EcoBots/Content/Assets/LUSH_StylizedEnvironmentSet/Foliage/Trees/SMF_Tree_Medium_02.uexp" 1992
"E:/Projects/EcoBots/Content/Assets/LUSH_StylizedEnvironmentSet/Foliage/Trees/SM_Palm_B_03.ubulk" 1993
"E:/Projects/EcoBots/Content/Assets/LUSH_StylizedEnvironmentSet/Foliage/Trees/SM_Palm_B_03.uasset" 1994
"E:/Projects/EcoBots/Content/Assets/LUSH_StylizedEnvironmentSet/Foliage/Trees/SM_Palm_B_03.uexp" 1995
"E:/Projects/EcoBots/Content/Assets/LUSH_StylizedEnvironmentSet/Foliage/Trees/SMF_Palm_B_03.uasset" 1996
"E:/Projects/EcoBots/Content/Assets/LUSH_StylizedEnvironmentSet/Foliage/Trees/SMF_Palm_B_03.uexp" 1997
"E:/Projects/EcoBots/Content/Assets/media/wavs/GameOver.ubulk" 1998
"E:/Projects/EcoBots/Content/Assets/media/wavs/GameOver.uasset" 1999
"E:/Projects/EcoBots/Content/Assets/media/wavs/GameOver.uexp" 2000
"E:/Projects/EcoBots/Content/Blueprints/Audio/MetaSounds/MS_GameOver.uasset" 2001
"E:/Projects/EcoBots/Content/Blueprints/Audio/MetaSounds/MS_GameOver.uexp" 2002
"E:/Projects/EcoBots/Content/Assets/LUSH_StylizedEnvironmentSet/Foliage/Trees/SMF_BananaTree_04.uasset" 2003
"E:/Projects/EcoBots/Content/Assets/LUSH_StylizedEnvironmentSet/Foliage/Trees/SMF_BananaTree_04.uexp" 2004
"E:/Projects/EcoBots/Content/Assets/LUSH_StylizedEnvironmentSet/Foliage/Flowers/SMF_Flowers_A_01.uasset" 2005
"E:/Projects/EcoBots/Content/Assets/LUSH_StylizedEnvironmentSet/Foliage/Flowers/SMF_Flowers_A_01.uexp" 2006
"E:/Projects/EcoBots/Content/Assets/LUSH_StylizedEnvironmentSet/Foliage/Trees/SMF_Palm_A_04.uasset" 2007
"E:/Projects/EcoBots/Content/Assets/LUSH_StylizedEnvironmentSet/Foliage/Trees/SMF_Palm_A_04.uexp" 2008
"E:/Projects/EcoBots/Content/Assets/LUSH_StylizedEnvironmentSet/Foliage/Bushes/SMF_Bush_Large.uasset" 2009
"E:/Projects/EcoBots/Content/Assets/LUSH_StylizedEnvironmentSet/Foliage/Bushes/SMF_Bush_Large.uexp" 2010
"E:/Projects/EcoBots/Content/Assets/LUSH_StylizedEnvironmentSet/Foliage/Trees/SMF_Tree_Large_01.uasset" 2011
"E:/Projects/EcoBots/Content/Assets/LUSH_StylizedEnvironmentSet/Foliage/Trees/SMF_Tree_Large_01.uexp" 2012
"E:/Projects/EcoBots/Content/Levels/Menu/GameOverMenu.uexp" 2013
"E:/Projects/EcoBots/Content/Levels/Menu/GameOverMenu.umap" 2014
"../../../Engine/Content/EngineMaterials/DefaultPhysicalMaterial.uasset" 2015
"../../../Engine/Content/EngineMaterials/DefaultPhysicalMaterial.uexp" 2016
"E:/Projects/EcoBots/Content/Blueprints/LevelPieces/DesertBiome/BP_DesertPiece3.uasset" 2017
"E:/Projects/EcoBots/Content/Blueprints/LevelPieces/DesertBiome/BP_DesertPiece3.uexp" 2018
"E:/Projects/EcoBots/Content/Assets/StackOBot/Environment/Foilage/Textures/T_Leaves_N.ubulk" 2019
"E:/Projects/EcoBots/Content/Assets/StackOBot/Environment/Foilage/Textures/T_Leaves_N.uasset" 2020
"E:/Projects/EcoBots/Content/Assets/StackOBot/Environment/Foilage/Textures/T_Leaves_N.uexp" 2021
"../../../Engine/Content/Functions/Engine_MaterialFunctions03/Texturing/TwoSidedTexturing.uasset" 2022
"../../../Engine/Content/Functions/Engine_MaterialFunctions03/Texturing/TwoSidedTexturing.uexp" 2023
"E:/Projects/EcoBots/Content/Assets/StackOBot/Environment/Foilage/Materials/M_TreeBaseNOWPO.uasset" 2024
"E:/Projects/EcoBots/Content/Assets/StackOBot/Environment/Foilage/Materials/M_TreeBaseNOWPO.uexp" 2025
"E:/Projects/EcoBots/Content/Assets/StackOBot/Environment/Materials/Textures/T_Bark_D.ubulk" 2026
"E:/Projects/EcoBots/Content/Assets/StackOBot/Environment/Materials/Textures/T_Bark_D.uasset" 2027
"E:/Projects/EcoBots/Content/Assets/StackOBot/Environment/Materials/Textures/T_Bark_D.uexp" 2028
"E:/Projects/EcoBots/Content/Assets/StackOBot/Environment/Materials/Textures/T_Bark_N.ubulk" 2029
"E:/Projects/EcoBots/Content/Assets/StackOBot/Environment/Materials/Textures/T_Bark_N.uasset" 2030
"E:/Projects/EcoBots/Content/Assets/StackOBot/Environment/Materials/Textures/T_Bark_N.uexp" 2031
"E:/Projects/EcoBots/Content/Assets/StackOBot/Environment/Foilage/Materials/M_CyberTrunk_NoWPO.uasset" 2032
"E:/Projects/EcoBots/Content/Assets/StackOBot/Environment/Foilage/Materials/M_CyberTrunk_NoWPO.uexp" 2033
"E:/Projects/EcoBots/Content/Assets/StackOBot/Environment/Foilage/Textures/T_Leaves_M.ubulk" 2034
"E:/Projects/EcoBots/Content/Assets/StackOBot/Environment/Foilage/Textures/T_Leaves_M.uasset" 2035
"E:/Projects/EcoBots/Content/Assets/StackOBot/Environment/Foilage/Textures/T_Leaves_M.uexp" 2036
"E:/Projects/EcoBots/Content/Assets/StackOBot/Environment/Foilage/Textures/T_Leaves_D.ubulk" 2037
"E:/Projects/EcoBots/Content/Assets/StackOBot/Environment/Foilage/Textures/T_Leaves_D.uasset" 2038
"E:/Projects/EcoBots/Content/Assets/StackOBot/Environment/Foilage/Textures/T_Leaves_D.uexp" 2039
"E:/Projects/EcoBots/Content/Assets/StackOBot/Environment/Foilage/Materials/M_CyberFern_NoWPO.uasset" 2040
"E:/Projects/EcoBots/Content/Assets/StackOBot/Environment/Foilage/Materials/M_CyberFern_NoWPO.uexp" 2041
"E:/Projects/EcoBots/Content/Assets/StackOBot/Environment/Foilage/Materials/MF_TreeWind.uasset" 2042
"E:/Projects/EcoBots/Content/Assets/StackOBot/Environment/Foilage/Materials/MF_TreeWind.uexp" 2043
"E:/Projects/EcoBots/Content/Assets/StackOBot/Environment/Foilage/Materials/MF_RotateAwayPoint.uasset" 2044
"E:/Projects/EcoBots/Content/Assets/StackOBot/Environment/Foilage/Materials/MF_RotateAwayPoint.uexp" 2045
"E:/Projects/EcoBots/Content/Assets/StackOBot/Environment/Foilage/Materials/M_TreeBase.uasset" 2046
"E:/Projects/EcoBots/Content/Assets/StackOBot/Environment/Foilage/Materials/M_TreeBase.uexp" 2047
"E:/Projects/EcoBots/Content/Assets/StackOBot/Environment/Foilage/Materials/M_CyberTrunk.uasset" 2048
"E:/Projects/EcoBots/Content/Assets/StackOBot/Environment/Foilage/Materials/M_CyberTrunk.uexp" 2049
"E:/Projects/EcoBots/Content/Assets/StackOBot/Environment/Foilage/Materials/M_CyberFern.uasset" 2050
"E:/Projects/EcoBots/Content/Assets/StackOBot/Environment/Foilage/Materials/M_CyberFern.uexp" 2051
"E:/Projects/EcoBots/Content/Assets/StackOBot/Environment/Foilage/Meshes/SM_Bush.ubulk" 2052
"E:/Projects/EcoBots/Content/Assets/StackOBot/Environment/Foilage/Meshes/SM_Bush.uasset" 2053
"E:/Projects/EcoBots/Content/Assets/StackOBot/Environment/Foilage/Meshes/SM_Bush.uexp" 2054
"E:/Projects/EcoBots/Content/Blueprints/LevelPieces/FrostBiome/BP_SnowPiece7.uasset" 2055
"E:/Projects/EcoBots/Content/Blueprints/LevelPieces/FrostBiome/BP_SnowPiece7.uexp" 2056
"E:/Projects/EcoBots/Content/Blueprints/LevelPieces/DesertBiome/BP_DesertPiece9.uasset" 2057
"E:/Projects/EcoBots/Content/Blueprints/LevelPieces/DesertBiome/BP_DesertPiece9.uexp" 2058
"E:/Projects/EcoBots/Content/Assets/LUSH_StylizedEnvironmentSet/Foliage/GroundIvy/SM_GroundIvy_01.ubulk" 2059
"E:/Projects/EcoBots/Content/Assets/LUSH_StylizedEnvironmentSet/Foliage/GroundIvy/SM_GroundIvy_01.uasset" 2060
"E:/Projects/EcoBots/Content/Assets/LUSH_StylizedEnvironmentSet/Foliage/GroundIvy/SM_GroundIvy_01.uexp" 2061
"E:/Projects/EcoBots/Content/Blueprints/LevelPieces/TropicalBiome/BP_TropicalPiece6.uasset" 2062
"E:/Projects/EcoBots/Content/Blueprints/LevelPieces/TropicalBiome/BP_TropicalPiece6.uexp" 2063
"E:/Projects/EcoBots/Content/Blueprints/LevelPieces/TropicalBiome/BP_TropicalPiece5.uasset" 2064
"E:/Projects/EcoBots/Content/Blueprints/LevelPieces/TropicalBiome/BP_TropicalPiece5.uexp" 2065
"E:/Projects/EcoBots/Content/Blueprints/LevelPieces/FrostBiome/BP_SnowPiece9.uasset" 2066
"E:/Projects/EcoBots/Content/Blueprints/LevelPieces/FrostBiome/BP_SnowPiece9.uexp" 2067
"E:/Projects/EcoBots/Content/Blueprints/LevelPieces/TropicalBiome/BP_TropicalPiece7.uasset" 2068
"E:/Projects/EcoBots/Content/Blueprints/LevelPieces/TropicalBiome/BP_TropicalPiece7.uexp" 2069
"E:/Projects/EcoBots/Content/Blueprints/LevelPieces/DesertBiome/BP_DesertPiece1.uasset" 2070
"E:/Projects/EcoBots/Content/Blueprints/LevelPieces/DesertBiome/BP_DesertPiece1.uexp" 2071
"E:/Projects/EcoBots/Content/Blueprints/LevelPieces/DesertBiome/BP_DesertPiece7.uasset" 2072
"E:/Projects/EcoBots/Content/Blueprints/LevelPieces/DesertBiome/BP_DesertPiece7.uexp" 2073
"E:/Projects/EcoBots/Content/Blueprints/LevelPieces/DesertBiome/BP_DesertPiece2.uasset" 2074
"E:/Projects/EcoBots/Content/Blueprints/LevelPieces/DesertBiome/BP_DesertPiece2.uexp" 2075
"E:/Projects/EcoBots/Content/Blueprints/LevelPieces/FrostBiome/BP_SnowPiece6.uasset" 2076
"E:/Projects/EcoBots/Content/Blueprints/LevelPieces/FrostBiome/BP_SnowPiece6.uexp" 2077
"E:/Projects/EcoBots/Content/Blueprints/LevelPieces/FrostBiome/BP_SnowPiece8.uasset" 2078
"E:/Projects/EcoBots/Content/Blueprints/LevelPieces/FrostBiome/BP_SnowPiece8.uexp" 2079
"E:/Projects/EcoBots/Content/Blueprints/LevelPieces/DesertBiome/BP_DesertPiece6.uasset" 2080
"E:/Projects/EcoBots/Content/Blueprints/LevelPieces/DesertBiome/BP_DesertPiece6.uexp" 2081
"E:/Projects/EcoBots/Content/Blueprints/LevelPieces/TropicalBiome/BP_TropicalPiece9.uasset" 2082
"E:/Projects/EcoBots/Content/Blueprints/LevelPieces/TropicalBiome/BP_TropicalPiece9.uexp" 2083
"E:/Projects/EcoBots/Content/Blueprints/LevelPieces/DesertBiome/BP_DesertPiece4.uasset" 2084
"E:/Projects/EcoBots/Content/Blueprints/LevelPieces/DesertBiome/BP_DesertPiece4.uexp" 2085
"E:/Projects/EcoBots/Content/Blueprints/LevelPieces/FrostBiome/BP_SnowPiece1.uasset" 2086
"E:/Projects/EcoBots/Content/Blueprints/LevelPieces/FrostBiome/BP_SnowPiece1.uexp" 2087
"E:/Projects/EcoBots/Content/Blueprints/LevelPieces/FrostBiome/BP_SnowPiece4.uasset" 2088
"E:/Projects/EcoBots/Content/Blueprints/LevelPieces/FrostBiome/BP_SnowPiece4.uexp" 2089
"E:/Projects/EcoBots/Content/Blueprints/LevelPieces/FrostBiome/BP_SnowPiece3.uasset" 2090
"E:/Projects/EcoBots/Content/Blueprints/LevelPieces/FrostBiome/BP_SnowPiece3.uexp" 2091
"E:/Projects/EcoBots/Content/Blueprints/LevelPieces/DesertBiome/BP_DesertPiece8.uasset" 2092
"E:/Projects/EcoBots/Content/Blueprints/LevelPieces/DesertBiome/BP_DesertPiece8.uexp" 2093
"E:/Projects/EcoBots/Content/Blueprints/LevelPieces/TropicalBiome/BP_TropicalPiece8.uasset" 2094
"E:/Projects/EcoBots/Content/Blueprints/LevelPieces/TropicalBiome/BP_TropicalPiece8.uexp" 2095
"E:/Projects/EcoBots/Content/Blueprints/LevelPieces/TropicalBiome/BP_TropicalPiece4.uasset" 2096
"E:/Projects/EcoBots/Content/Blueprints/LevelPieces/TropicalBiome/BP_TropicalPiece4.uexp" 2097
"E:/Projects/EcoBots/Content/Blueprints/LevelPieces/TropicalBiome/BP_TropicalPiece2.uasset" 2098
"E:/Projects/EcoBots/Content/Blueprints/LevelPieces/TropicalBiome/BP_TropicalPiece2.uexp" 2099
"E:/Projects/EcoBots/Content/Blueprints/LevelPieces/DesertBiome/BP_DesertPiece5.uasset" 2100
"E:/Projects/EcoBots/Content/Blueprints/LevelPieces/DesertBiome/BP_DesertPiece5.uexp" 2101
"E:/Projects/EcoBots/Content/Blueprints/LevelPieces/FrostBiome/BP_SnowPiece5.uasset" 2102
"E:/Projects/EcoBots/Content/Blueprints/LevelPieces/FrostBiome/BP_SnowPiece5.uexp" 2103
"E:/Projects/EcoBots/Content/Blueprints/LevelPieces/TropicalBiome/BP_TropicalPiece1.uasset" 2104
"E:/Projects/EcoBots/Content/Blueprints/LevelPieces/TropicalBiome/BP_TropicalPiece1.uexp" 2105
"E:/Projects/EcoBots/Content/Blueprints/LevelPieces/TropicalBiome/BP_TropicalPiece3.uasset" 2106
"E:/Projects/EcoBots/Content/Blueprints/LevelPieces/TropicalBiome/BP_TropicalPiece3.uexp" 2107
"E:/Projects/EcoBots/Content/Blueprints/LevelPieces/FrostBiome/BP_SnowPiece2.uasset" 2108
"E:/Projects/EcoBots/Content/Blueprints/LevelPieces/FrostBiome/BP_SnowPiece2.uexp" 2109
"E:/Projects/EcoBots/Content/Blueprints/Managers/BP_VillageGeneratorManager.uasset" 2110
"E:/Projects/EcoBots/Content/Blueprints/Managers/BP_VillageGeneratorManager.uexp" 2111
"../../../Engine/Content/OpenWorldTemplate/LandscapeMaterial/T_GridChecker_A.ubulk" 2112
"../../../Engine/Content/OpenWorldTemplate/LandscapeMaterial/T_GridChecker_A.uasset" 2113
"../../../Engine/Content/OpenWorldTemplate/LandscapeMaterial/T_GridChecker_A.uexp" 2114
"../../../Engine/Content/OpenWorldTemplate/LandscapeMaterial/MF_ProcGrid.uasset" 2115
"../../../Engine/Content/OpenWorldTemplate/LandscapeMaterial/MF_ProcGrid.uexp" 2116
"../../../Engine/Content/OpenWorldTemplate/LandscapeMaterial/M_ProcGrid.uasset" 2117
"../../../Engine/Content/OpenWorldTemplate/LandscapeMaterial/M_ProcGrid.uexp" 2118
"E:/Projects/EcoBots/Content/Assets/media/wavs/NightTrack2.ubulk" 2119
"E:/Projects/EcoBots/Content/Assets/media/wavs/NightTrack2.uasset" 2120
"E:/Projects/EcoBots/Content/Assets/media/wavs/NightTrack2.uexp" 2121
"E:/Projects/EcoBots/Content/Assets/media/wavs/NightTrack1.ubulk" 2122
"E:/Projects/EcoBots/Content/Assets/media/wavs/NightTrack1.uasset" 2123
"E:/Projects/EcoBots/Content/Assets/media/wavs/NightTrack1.uexp" 2124
"E:/Projects/EcoBots/Content/Assets/media/wavs/NightTrack4.ubulk" 2125
"E:/Projects/EcoBots/Content/Assets/media/wavs/NightTrack4.uasset" 2126
"E:/Projects/EcoBots/Content/Assets/media/wavs/NightTrack4.uexp" 2127
"E:/Projects/EcoBots/Content/Assets/media/wavs/NightTrack3.ubulk" 2128
"E:/Projects/EcoBots/Content/Assets/media/wavs/NightTrack3.uasset" 2129
"E:/Projects/EcoBots/Content/Assets/media/wavs/NightTrack3.uexp" 2130
"E:/Projects/EcoBots/Content/Blueprints/Audio/MetaSounds/MS_NightMusic.uasset" 2131
"E:/Projects/EcoBots/Content/Blueprints/Audio/MetaSounds/MS_NightMusic.uexp" 2132
"E:/Projects/EcoBots/Content/Blueprints/Characters/Controllers/InputActions/Interact.uasset" 2133
"E:/Projects/EcoBots/Content/Blueprints/Characters/Controllers/InputActions/Interact.uexp" 2134
"E:/Projects/EcoBots/Content/Blueprints/Characters/Controllers/InputActions/Jump.uasset" 2135
"E:/Projects/EcoBots/Content/Blueprints/Characters/Controllers/InputActions/Jump.uexp" 2136
"E:/Projects/EcoBots/Content/Blueprints/Characters/Controllers/InputActions/Run.uasset" 2137
"E:/Projects/EcoBots/Content/Blueprints/Characters/Controllers/InputActions/Run.uexp" 2138
"E:/Projects/EcoBots/Content/Blueprints/Characters/Controllers/InputActions/Move.uasset" 2139
"E:/Projects/EcoBots/Content/Blueprints/Characters/Controllers/InputActions/Move.uexp" 2140
"E:/Projects/EcoBots/Content/Blueprints/Characters/Controllers/IMC_EcoBot.uasset" 2141
"E:/Projects/EcoBots/Content/Blueprints/Characters/Controllers/IMC_EcoBot.uexp" 2142
"E:/Projects/EcoBots/Content/Blueprints/Characters/Controllers/DA_PlayerInputData.uasset" 2143
"E:/Projects/EcoBots/Content/Blueprints/Characters/Controllers/DA_PlayerInputData.uexp" 2144
"E:/Projects/EcoBots/Content/Blueprints/Characters/Controllers/BP_EcoBotController.uasset" 2145
"E:/Projects/EcoBots/Content/Blueprints/Characters/Controllers/BP_EcoBotController.uexp" 2146
"E:/Projects/EcoBots/Content/Assets/media/wavs/DayTrack2.ubulk" 2147
"E:/Projects/EcoBots/Content/Assets/media/wavs/DayTrack2.uasset" 2148
"E:/Projects/EcoBots/Content/Assets/media/wavs/DayTrack2.uexp" 2149
"E:/Projects/EcoBots/Content/Assets/media/wavs/DayTrack4.ubulk" 2150
"E:/Projects/EcoBots/Content/Assets/media/wavs/DayTrack4.uasset" 2151
"E:/Projects/EcoBots/Content/Assets/media/wavs/DayTrack4.uexp" 2152
"E:/Projects/EcoBots/Content/Assets/media/wavs/DayTrack1.ubulk" 2153
"E:/Projects/EcoBots/Content/Assets/media/wavs/DayTrack1.uasset" 2154
"E:/Projects/EcoBots/Content/Assets/media/wavs/DayTrack1.uexp" 2155
"E:/Projects/EcoBots/Content/Assets/media/wavs/DayTrack3.ubulk" 2156
"E:/Projects/EcoBots/Content/Assets/media/wavs/DayTrack3.uasset" 2157
"E:/Projects/EcoBots/Content/Assets/media/wavs/DayTrack3.uexp" 2158
"E:/Projects/EcoBots/Content/Blueprints/Audio/MetaSounds/MS_DayMusic.uasset" 2159
"E:/Projects/EcoBots/Content/Blueprints/Audio/MetaSounds/MS_DayMusic.uexp" 2160
"E:/Projects/EcoBots/Content/Blueprints/Gamemodes/BP_EcoBotGamemode.uasset" 2161
"E:/Projects/EcoBots/Content/Blueprints/Gamemodes/BP_EcoBotGamemode.uexp" 2162
"E:/Projects/EcoBots/Content/Levels/InGame/EcoBotGen.uexp" 2163
"E:/Projects/EcoBots/Content/Levels/InGame/EcoBotGen.umap" 2164
"E:/Projects/EcoBots/Content/Levels/InGame/EcoBotGame.uexp" 2165
"E:/Projects/EcoBots/Content/Levels/InGame/EcoBotGame.umap" 2166
"E:/Projects/EcoBots/Content/Assets/LUSH_StylizedEnvironmentSet/Maps/DemoMap_sharedassets/RiverBed_LayerInfo.uasset" 2167
"E:/Projects/EcoBots/Content/Assets/LUSH_StylizedEnvironmentSet/Maps/DemoMap_sharedassets/RiverBed_LayerInfo.uexp" 2168
"E:/Projects/EcoBots/Content/Assets/StackOBot/Characters/Bot/Materials/MI_BotFaceOrange.uasset" 2169
"E:/Projects/EcoBots/Content/Assets/StackOBot/Characters/Bot/Materials/MI_BotFaceOrange.uexp" 2170
"E:/Projects/EcoBots/Content/Assets/StackOBot/Characters/Bot/Materials/M_BotLedRed.uasset" 2171
"E:/Projects/EcoBots/Content/Assets/StackOBot/Characters/Bot/Materials/M_BotLedRed.uexp" 2172
"E:/Projects/EcoBots/Content/Assets/StackOBot/Characters/Bot/Materials/MI_BotFaceRed.uasset" 2173
"E:/Projects/EcoBots/Content/Assets/StackOBot/Characters/Bot/Materials/MI_BotFaceRed.uexp" 2174
"E:/Projects/EcoBots/Content/Assets/StackOBot/Characters/Bot/Materials/M_BotLedYellow.uasset" 2175
"E:/Projects/EcoBots/Content/Assets/StackOBot/Characters/Bot/Materials/M_BotLedYellow.uexp" 2176
"E:/Projects/EcoBots/Content/Assets/StackOBot/Characters/Bot/Materials/MI_BotFaceYellow.uasset" 2177
"E:/Projects/EcoBots/Content/Assets/StackOBot/Characters/Bot/Materials/MI_BotFaceYellow.uexp" 2178
"E:/Projects/EcoBots/Content/Assets/StackOBot/Characters/Bot/Materials/M_BotLedPink.uasset" 2179
"E:/Projects/EcoBots/Content/Assets/StackOBot/Characters/Bot/Materials/M_BotLedPink.uexp" 2180
"E:/Projects/EcoBots/Content/Assets/StackOBot/Characters/Bot/Materials/MI_BotFacePink.uasset" 2181
"E:/Projects/EcoBots/Content/Assets/StackOBot/Characters/Bot/Materials/MI_BotFacePink.uexp" 2182
"E:/Projects/EcoBots/Content/Assets/StackOBot/Characters/Bot/Materials/M_BotLedLightBlue.uasset" 2183
"E:/Projects/EcoBots/Content/Assets/StackOBot/Characters/Bot/Materials/M_BotLedLightBlue.uexp" 2184
"E:/Projects/EcoBots/Content/Assets/StackOBot/Characters/Bot/Materials/MI_BotFaceLightBlue.uasset" 2185
"E:/Projects/EcoBots/Content/Assets/StackOBot/Characters/Bot/Materials/MI_BotFaceLightBlue.uexp" 2186
"E:/Projects/EcoBots/Content/Blueprints/Widgets/Menu/BP_NewGameWidget.uasset" 2187
"E:/Projects/EcoBots/Content/Blueprints/Widgets/Menu/BP_NewGameWidget.uexp" 2188
"E:/Projects/EcoBots/Content/Blueprints/Characters/BP_PersonalizationCam.uasset" 2189
"E:/Projects/EcoBots/Content/Blueprints/Characters/BP_PersonalizationCam.uexp" 2190
"E:/Projects/EcoBots/Content/Blueprints/Widgets/Menu/BP_SelectSlotMenu.uasset" 2191
"E:/Projects/EcoBots/Content/Blueprints/Widgets/Menu/BP_SelectSlotMenu.uexp" 2192
"E:/Projects/EcoBots/Content/Blueprints/Widgets/Menu/BP_HowToWidget.uasset" 2193
"E:/Projects/EcoBots/Content/Blueprints/Widgets/Menu/BP_HowToWidget.uexp" 2194
"E:/Projects/EcoBots/Content/Blueprints/Widgets/Menu/BP_ControlsMenuWidget.uasset" 2195
"E:/Projects/EcoBots/Content/Blueprints/Widgets/Menu/BP_ControlsMenuWidget.uexp" 2196
"E:/Projects/EcoBots/Content/Blueprints/Widgets/Menu/BP_OptionsMenuWidget.uasset" 2197
"E:/Projects/EcoBots/Content/Blueprints/Widgets/Menu/BP_OptionsMenuWidget.uexp" 2198
"E:/Projects/EcoBots/Content/Blueprints/Widgets/Menu/BP_MainMenuWidget.uasset" 2199
"E:/Projects/EcoBots/Content/Blueprints/Widgets/Menu/BP_MainMenuWidget.uexp" 2200
"E:/Projects/EcoBots/Content/Assets/LUSH_StylizedEnvironmentSet/Maps/DemoMap_sharedassets/Gravel_LayerInfo.uasset" 2201
"E:/Projects/EcoBots/Content/Assets/LUSH_StylizedEnvironmentSet/Maps/DemoMap_sharedassets/Gravel_LayerInfo.uexp" 2202
"E:/Projects/EcoBots/Content/Assets/LUSH_StylizedEnvironmentSet/Foliage/GroundIvy/SM_GroundIvy_02.ubulk" 2203
"E:/Projects/EcoBots/Content/Assets/LUSH_StylizedEnvironmentSet/Foliage/GroundIvy/SM_GroundIvy_02.uasset" 2204
"E:/Projects/EcoBots/Content/Assets/LUSH_StylizedEnvironmentSet/Foliage/GroundIvy/SM_GroundIvy_02.uexp" 2205
"E:/Projects/EcoBots/Content/Assets/LUSH_StylizedEnvironmentSet/Foliage/GroundIvy/LG_GroundIvy.uasset" 2206
"E:/Projects/EcoBots/Content/Assets/LUSH_StylizedEnvironmentSet/Foliage/GroundIvy/LG_GroundIvy.uexp" 2207
"E:/Projects/EcoBots/Content/Assets/LUSH_StylizedEnvironmentSet/Maps/DemoMap_sharedassets/Mud_LayerInfo.uasset" 2208
"E:/Projects/EcoBots/Content/Assets/LUSH_StylizedEnvironmentSet/Maps/DemoMap_sharedassets/Mud_LayerInfo.uexp" 2209
"E:/Projects/EcoBots/Content/Assets/LUSH_StylizedEnvironmentSet/Maps/DemoMap_sharedassets/Sand_LayerInfo.uasset" 2210
"E:/Projects/EcoBots/Content/Assets/LUSH_StylizedEnvironmentSet/Maps/DemoMap_sharedassets/Sand_LayerInfo.uexp" 2211
"E:/Projects/EcoBots/Content/Assets/LUSH_StylizedEnvironmentSet/Maps/DemoMap_sharedassets/Grass_LayerInfo.uasset" 2212
"E:/Projects/EcoBots/Content/Assets/LUSH_StylizedEnvironmentSet/Maps/DemoMap_sharedassets/Grass_LayerInfo.uexp" 2213
"E:/Projects/EcoBots/Content/Assets/LUSH_StylizedEnvironmentSet/Foliage/Grass/SM_Grass_Generic.uasset" 2214
"E:/Projects/EcoBots/Content/Assets/LUSH_StylizedEnvironmentSet/Foliage/Grass/SM_Grass_Generic.uexp" 2215
"E:/Projects/EcoBots/Content/Assets/LUSH_StylizedEnvironmentSet/Foliage/Grass/LG_AutoGrass.uasset" 2216
"E:/Projects/EcoBots/Content/Assets/LUSH_StylizedEnvironmentSet/Foliage/Grass/LG_AutoGrass.uexp" 2217
"E:/Projects/EcoBots/Content/Assets/media/wavs/MainMenu.ubulk" 2218
"E:/Projects/EcoBots/Content/Assets/media/wavs/MainMenu.uasset" 2219
"E:/Projects/EcoBots/Content/Assets/media/wavs/MainMenu.uexp" 2220
"E:/Projects/EcoBots/Content/Blueprints/Audio/MetaSounds/MS_MainMenu.uasset" 2221
"E:/Projects/EcoBots/Content/Blueprints/Audio/MetaSounds/MS_MainMenu.uexp" 2222
"E:/Projects/EcoBots/Content/Assets/LUSH_StylizedEnvironmentSet/Maps/DemoMap_sharedassets/GrassOnly_LayerInfo.uasset" 2223
"E:/Projects/EcoBots/Content/Assets/LUSH_StylizedEnvironmentSet/Maps/DemoMap_sharedassets/GrassOnly_LayerInfo.uexp" 2224
"E:/Projects/EcoBots/Content/Assets/LUSH_StylizedEnvironmentSet/Landscape/Textures/T_SandBank_RAOH.ubulk" 2225
"E:/Projects/EcoBots/Content/Assets/LUSH_StylizedEnvironmentSet/Landscape/Textures/T_SandBank_RAOH.uasset" 2226
"E:/Projects/EcoBots/Content/Assets/LUSH_StylizedEnvironmentSet/Landscape/Textures/T_SandBank_RAOH.uexp" 2227
"E:/Projects/EcoBots/Content/Assets/LUSH_StylizedEnvironmentSet/Landscape/Textures/T_LushGrass_RAOH.ubulk" 2228
"E:/Projects/EcoBots/Content/Assets/LUSH_StylizedEnvironmentSet/Landscape/Textures/T_LushGrass_RAOH.uasset" 2229
"E:/Projects/EcoBots/Content/Assets/LUSH_StylizedEnvironmentSet/Landscape/Textures/T_LushGrass_RAOH.uexp" 2230
"E:/Projects/EcoBots/Content/Assets/LUSH_StylizedEnvironmentSet/Landscape/Textures/T_RiverBed_N.ubulk" 2231
"E:/Projects/EcoBots/Content/Assets/LUSH_StylizedEnvironmentSet/Landscape/Textures/T_RiverBed_N.uasset" 2232
"E:/Projects/EcoBots/Content/Assets/LUSH_StylizedEnvironmentSet/Landscape/Textures/T_RiverBed_N.uexp" 2233
"E:/Projects/EcoBots/Content/Assets/LUSH_StylizedEnvironmentSet/Landscape/Textures/T_GenericGravel_D.ubulk" 2234
"E:/Projects/EcoBots/Content/Assets/LUSH_StylizedEnvironmentSet/Landscape/Textures/T_GenericGravel_D.uasset" 2235
"E:/Projects/EcoBots/Content/Assets/LUSH_StylizedEnvironmentSet/Landscape/Textures/T_GenericGravel_D.uexp" 2236
"E:/Projects/EcoBots/Content/Assets/LUSH_StylizedEnvironmentSet/Landscape/Textures/T_SwampMud_N.ubulk" 2237
"E:/Projects/EcoBots/Content/Assets/LUSH_StylizedEnvironmentSet/Landscape/Textures/T_SwampMud_N.uasset" 2238
"E:/Projects/EcoBots/Content/Assets/LUSH_StylizedEnvironmentSet/Landscape/Textures/T_SwampMud_N.uexp" 2239
"E:/Projects/EcoBots/Content/Assets/LUSH_StylizedEnvironmentSet/Landscape/Textures/T_GenericGravel_N.ubulk" 2240
"E:/Projects/EcoBots/Content/Assets/LUSH_StylizedEnvironmentSet/Landscape/Textures/T_GenericGravel_N.uasset" 2241
"E:/Projects/EcoBots/Content/Assets/LUSH_StylizedEnvironmentSet/Landscape/Textures/T_GenericGravel_N.uexp" 2242
"E:/Projects/EcoBots/Content/Assets/LUSH_StylizedEnvironmentSet/Landscape/Textures/T_SwampMud_D.ubulk" 2243
"E:/Projects/EcoBots/Content/Assets/LUSH_StylizedEnvironmentSet/Landscape/Textures/T_SwampMud_D.uasset" 2244
"E:/Projects/EcoBots/Content/Assets/LUSH_StylizedEnvironmentSet/Landscape/Textures/T_SwampMud_D.uexp" 2245
"E:/Projects/EcoBots/Content/Assets/LUSH_StylizedEnvironmentSet/Landscape/Textures/T_SandBank_D.ubulk" 2246
"E:/Projects/EcoBots/Content/Assets/LUSH_StylizedEnvironmentSet/Landscape/Textures/T_SandBank_D.uasset" 2247
"E:/Projects/EcoBots/Content/Assets/LUSH_StylizedEnvironmentSet/Landscape/Textures/T_SandBank_D.uexp" 2248
"E:/Projects/EcoBots/Content/Assets/LUSH_StylizedEnvironmentSet/_SharedAssets/Textures/T_FX_Clouds.ubulk" 2249
"E:/Projects/EcoBots/Content/Assets/LUSH_StylizedEnvironmentSet/_SharedAssets/Textures/T_FX_Clouds.uasset" 2250
"E:/Projects/EcoBots/Content/Assets/LUSH_StylizedEnvironmentSet/_SharedAssets/Textures/T_FX_Clouds.uexp" 2251
"E:/Projects/EcoBots/Content/Assets/LUSH_StylizedEnvironmentSet/Landscape/Textures/T_RiverBed_RAOH.ubulk" 2252
"E:/Projects/EcoBots/Content/Assets/LUSH_StylizedEnvironmentSet/Landscape/Textures/T_RiverBed_RAOH.uasset" 2253
"E:/Projects/EcoBots/Content/Assets/LUSH_StylizedEnvironmentSet/Landscape/Textures/T_RiverBed_RAOH.uexp" 2254
"E:/Projects/EcoBots/Content/Assets/LUSH_StylizedEnvironmentSet/Landscape/Textures/T_RiverBed_D.ubulk" 2255
"E:/Projects/EcoBots/Content/Assets/LUSH_StylizedEnvironmentSet/Landscape/Textures/T_RiverBed_D.uasset" 2256
"E:/Projects/EcoBots/Content/Assets/LUSH_StylizedEnvironmentSet/Landscape/Textures/T_RiverBed_D.uexp" 2257
"E:/Projects/EcoBots/Content/Assets/LUSH_StylizedEnvironmentSet/Landscape/Textures/T_TropicalCliff_RAOH.ubulk" 2258
"E:/Projects/EcoBots/Content/Assets/LUSH_StylizedEnvironmentSet/Landscape/Textures/T_TropicalCliff_RAOH.uasset" 2259
"E:/Projects/EcoBots/Content/Assets/LUSH_StylizedEnvironmentSet/Landscape/Textures/T_TropicalCliff_RAOH.uexp" 2260
"E:/Projects/EcoBots/Content/Assets/LUSH_StylizedEnvironmentSet/Landscape/Textures/T_GenericGravel_RAOH.ubulk" 2261
"E:/Projects/EcoBots/Content/Assets/LUSH_StylizedEnvironmentSet/Landscape/Textures/T_GenericGravel_RAOH.uasset" 2262
"E:/Projects/EcoBots/Content/Assets/LUSH_StylizedEnvironmentSet/Landscape/Textures/T_GenericGravel_RAOH.uexp" 2263
"E:/Projects/EcoBots/Content/Assets/LUSH_StylizedEnvironmentSet/Landscape/Textures/T_TropicalCliff_ND.ubulk" 2264
"E:/Projects/EcoBots/Content/Assets/LUSH_StylizedEnvironmentSet/Landscape/Textures/T_TropicalCliff_ND.uasset" 2265
"E:/Projects/EcoBots/Content/Assets/LUSH_StylizedEnvironmentSet/Landscape/Textures/T_TropicalCliff_ND.uexp" 2266
"E:/Projects/EcoBots/Content/Assets/LUSH_StylizedEnvironmentSet/Landscape/Textures/T_SwampMud_RAOH.ubulk" 2267
"E:/Projects/EcoBots/Content/Assets/LUSH_StylizedEnvironmentSet/Landscape/Textures/T_SwampMud_RAOH.uasset" 2268
"E:/Projects/EcoBots/Content/Assets/LUSH_StylizedEnvironmentSet/Landscape/Textures/T_SwampMud_RAOH.uexp" 2269
"E:/Projects/EcoBots/Content/Assets/LUSH_StylizedEnvironmentSet/Landscape/Textures/T_SandBank_N.ubulk" 2270
"E:/Projects/EcoBots/Content/Assets/LUSH_StylizedEnvironmentSet/Landscape/Textures/T_SandBank_N.uasset" 2271
"E:/Projects/EcoBots/Content/Assets/LUSH_StylizedEnvironmentSet/Landscape/Textures/T_SandBank_N.uexp" 2272
"E:/Projects/EcoBots/Content/Assets/LUSH_StylizedEnvironmentSet/Landscape/Textures/T_LushGrass_N.ubulk" 2273
"E:/Projects/EcoBots/Content/Assets/LUSH_StylizedEnvironmentSet/Landscape/Textures/T_LushGrass_N.uasset" 2274
"E:/Projects/EcoBots/Content/Assets/LUSH_StylizedEnvironmentSet/Landscape/Textures/T_LushGrass_N.uexp" 2275
"E:/Projects/EcoBots/Content/Assets/LUSH_StylizedEnvironmentSet/Landscape/MaterialFunctions/MF_ResetWPO.uasset" 2276
"E:/Projects/EcoBots/Content/Assets/LUSH_StylizedEnvironmentSet/Landscape/MaterialFunctions/MF_ResetWPO.uexp" 2277
"E:/Projects/EcoBots/Content/Assets/LUSH_StylizedEnvironmentSet/Landscape/MaterialLayers/ML_Grass.uasset" 2278
"E:/Projects/EcoBots/Content/Assets/LUSH_StylizedEnvironmentSet/Landscape/MaterialLayers/ML_Grass.uexp" 2279
"E:/Projects/EcoBots/Content/Assets/LUSH_StylizedEnvironmentSet/Landscape/MaterialLayers/ML_RiverBed.uasset" 2280
"E:/Projects/EcoBots/Content/Assets/LUSH_StylizedEnvironmentSet/Landscape/MaterialLayers/ML_RiverBed.uexp" 2281
"E:/Projects/EcoBots/Content/Assets/LUSH_StylizedEnvironmentSet/Landscape/MaterialLayers/ML_Gravel.uasset" 2282
"E:/Projects/EcoBots/Content/Assets/LUSH_StylizedEnvironmentSet/Landscape/MaterialLayers/ML_Gravel.uexp" 2283
"E:/Projects/EcoBots/Content/Assets/LUSH_StylizedEnvironmentSet/Foliage/Grass/LG_Grass.uasset" 2284
"E:/Projects/EcoBots/Content/Assets/LUSH_StylizedEnvironmentSet/Foliage/Grass/LG_Grass.uexp" 2285
"E:/Projects/EcoBots/Content/Assets/LUSH_StylizedEnvironmentSet/Landscape/MaterialLayers/ML_Sand.uasset" 2286
"E:/Projects/EcoBots/Content/Assets/LUSH_StylizedEnvironmentSet/Landscape/MaterialLayers/ML_Sand.uexp" 2287
"E:/Projects/EcoBots/Content/Assets/LUSH_StylizedEnvironmentSet/Landscape/MaterialLayers/ML_Mud.uasset" 2288
"E:/Projects/EcoBots/Content/Assets/LUSH_StylizedEnvironmentSet/Landscape/MaterialLayers/ML_Mud.uexp" 2289
"E:/Projects/EcoBots/Content/Assets/LUSH_StylizedEnvironmentSet/Landscape/MaterialLayers/ML_Cliff.uasset" 2290
"E:/Projects/EcoBots/Content/Assets/LUSH_StylizedEnvironmentSet/Landscape/MaterialLayers/ML_Cliff.uexp" 2291
"E:/Projects/EcoBots/Content/Assets/LUSH_StylizedEnvironmentSet/Landscape/M_LND_Base.uasset" 2292
"E:/Projects/EcoBots/Content/Assets/LUSH_StylizedEnvironmentSet/Landscape/M_LND_Base.uexp" 2293
"E:/Projects/EcoBots/Content/Assets/LUSH_StylizedEnvironmentSet/Landscape/MI_LND_01.uasset" 2294
"E:/Projects/EcoBots/Content/Assets/LUSH_StylizedEnvironmentSet/Landscape/MI_LND_01.uexp" 2295
"E:/Projects/EcoBots/Content/Assets/LUSH_StylizedEnvironmentSet/Maps/DemoMap_sharedassets/Cliff_LayerInfo.uasset" 2296
"E:/Projects/EcoBots/Content/Assets/LUSH_StylizedEnvironmentSet/Maps/DemoMap_sharedassets/Cliff_LayerInfo.uexp" 2297
"E:/Projects/EcoBots/Content/Levels/Menu/MainMenu.uexp" 2298
"E:/Projects/EcoBots/Content/Levels/Menu/MainMenu.ubulk" 2299
"E:/Projects/EcoBots/Content/Levels/Menu/MainMenu.umap" 2300
