"E:/Projects/EcoBots/EcoBots.uproject" 1
"E:/Projects/EcoBots/Binaries/Win64/UnrealEditor.modules" 2
"../../../Engine/Plugins/Bridge/Bridge.uplugin" 3
"../../../Engine/Plugins/EnhancedInput/EnhancedInput.uplugin" 4
"../../../Engine/Plugins/AudioGameplayVolume/AudioGameplayVolume.uplugin" 5
"../../../Engine/Plugins/FastBuildController/FastBuildController.uplugin" 6
"../../../Engine/Plugins/JsonBlueprintUtilities/JsonBlueprintUtilities.uplugin" 7
"../../../Engine/Plugins/LightWeightInstancesEditor/LightWeightInstancesEditor.uplugin" 8
"../../../Engine/Plugins/MemoryUsageQueries/MemoryUsageQueries.uplugin" 9
"../../../Engine/Plugins/RenderGraphInsights/RenderGraphInsights.uplugin" 10
"../../../Engine/Plugins/MeshPainting/MeshPainting.uplugin" 11
"../../../Engine/Plugins/ScriptPlugin/ScriptPlugin.uplugin" 12
"../../../Engine/Plugins/AI/AISupport/AISupport.uplugin" 13
"../../../Engine/Plugins/AI/HTNPlanner/HTNPlanner.uplugin" 14
"../../../Engine/Plugins/AI/MassCrowd/MassCrowd.uplugin" 15
"../../../Engine/Plugins/AI/MLAdapter/MLAdapter.uplugin" 16
"../../../Engine/Plugins/AudioGameplay/AudioGameplay.uplugin" 17
"../../../Engine/Plugins/Animation/AnimationData/AnimationData.uplugin" 18
"../../../Engine/Plugins/Animation/AnimationLocomotionLibrary/AnimationLocomotionLibrary.uplugin" 19
"../../../Engine/Plugins/Animation/AnimationModifierLibrary/AnimationModifierLibrary.uplugin" 20
"../../../Engine/Plugins/Animation/AnimationWarping/AnimationWarping.uplugin" 21
"../../../Engine/Plugins/Animation/AnimToTexture/AnimToTexture.uplugin" 22
"../../../Engine/Plugins/Animation/ControlRig/ControlRig.uplugin" 23
"../../../Engine/Plugins/AI/MassAI/MassAI.uplugin" 24
"../../../Engine/Plugins/Animation/BlendSpaceMotionAnalysis/BlendSpaceMotionAnalysis.uplugin" 25
"../../../Engine/Plugins/Animation/ControlRigSpline/ControlRigSpline.uplugin" 26
"../../../Engine/Plugins/Animation/DeformerGraph/DeformerGraph.uplugin" 27
"../../../Engine/Plugins/Animation/GameplayInsights/GameplayInsights.uplugin" 28
"../../../Engine/Plugins/Animation/LiveLink/LiveLink.uplugin" 29
"../../../Engine/Plugins/BlueprintFileUtils/BlueprintFileUtils.uplugin" 30
"../../../Engine/Plugins/Animation/MotionWarping/MotionWarping.uplugin" 31
"../../../Engine/Plugins/Animation/RigLogic/RigLogic.uplugin" 32
"../../../Engine/Plugins/Importers/AlembicImporter/AlembicImporter.uplugin" 33
"../../../Engine/Plugins/Importers/AlembicHairImporter/AlembicHairImporter.uplugin" 34
"../../../Engine/Plugins/XGEController/XGEController.uplugin" 35
"../../../Engine/Plugins/Importers/USDImporter/USDImporter.uplugin" 36
"../../../Engine/Plugins/Importers/USDMultiUser/USDMultiUser.uplugin" 37
"../../../Engine/Plugins/TraceUtilities/TraceUtilities.uplugin" 38
"../../../Engine/Plugins/NetcodeUnitTest/NetcodeUnitTest/NetcodeUnitTest.uplugin" 39
"../../../Engine/Plugins/Performance/PerformanceMonitor/PerformanceMonitor.uplugin" 40
"../../../Engine/Plugins/Animation/IKRig/IKRig.uplugin" 41
"../../../Engine/Plugins/Runtime/ActorLayerUtilities/ActorLayerUtilities.uplugin" 42
"../../../Engine/Plugins/Protocols/MQTT/MQTT.uplugin" 43
"../../../Engine/Plugins/Runtime/AndroidBackgroundService/AndroidBackgroundService.uplugin" 44
"../../../Engine/Plugins/Runtime/AndroidDeviceProfileSelector/AndroidDeviceProfileSelector.uplugin" 45
"../../../Engine/Plugins/Runtime/AndroidFileServer/AndroidFileServer.uplugin" 46
"../../../Engine/Plugins/Animation/LiveLinkCurveDebugUI/LiveLinkCurveDebugUI.uplugin" 47
"../../../Engine/Plugins/Runtime/AndroidMoviePlayer/AndroidMoviePlayer.uplugin" 48
"../../../Engine/Plugins/Runtime/AndroidPermission/AndroidPermission.uplugin" 49
"../../../Engine/Plugins/Runtime/ApexDestruction/ApexDestruction.uplugin" 50
"../../../Engine/Plugins/Runtime/AnimationBudgetAllocator/AnimationBudgetAllocator.uplugin" 51
"../../../Engine/Plugins/Runtime/AppleImageUtils/AppleImageUtils.uplugin" 52
"../../../Engine/Plugins/Runtime/AppleMoviePlayer/AppleMoviePlayer.uplugin" 53
"../../../Engine/Plugins/Runtime/ArchVisCharacter/ArchVisCharacter.uplugin" 54
"../../../Engine/Plugins/Runtime/AssetTags/AssetTags.uplugin" 55
"../../../Engine/Plugins/Runtime/AudioModulation/AudioModulation.uplugin" 56
"../../../Engine/Plugins/Runtime/AudioMotorSim/AudioMotorSim.uplugin" 57
"../../../Engine/Plugins/Runtime/AudioSynesthesia/AudioSynesthesia.uplugin" 58
"../../../Engine/Plugins/Runtime/AudioWidgets/AudioWidgets.uplugin" 59
"../../../Engine/Plugins/Runtime/CableComponent/CableComponent.uplugin" 60
"../../../Engine/Plugins/Runtime/ChunkDownloader/ChunkDownloader.uplugin" 61
"../../../Engine/Plugins/Runtime/ComputeFramework/ComputeFramework.uplugin" 62
"../../../Engine/Plugins/Runtime/CustomMeshComponent/CustomMeshComponent.uplugin" 63
"../../../Engine/Plugins/Runtime/AudioCapture/AudioCapture.uplugin" 64
"../../../Engine/Plugins/Runtime/DataRegistry/DataRegistry.uplugin" 65
"../../../Engine/Plugins/Runtime/ExampleDeviceProfileSelector/ExampleDeviceProfileSelector.uplugin" 66
"../../../Engine/Plugins/Runtime/GameplayAbilities/GameplayAbilities.uplugin" 67
"../../../Engine/Plugins/AI/EnvironmentQueryEditor/EnvironmentQueryEditor.uplugin" 68
"../../../Engine/Plugins/Runtime/GameplayBehaviorSmartObjects/GameplayBehaviorSmartObjects.uplugin" 69
"../../../Engine/Plugins/Runtime/GameplayInteractions/GameplayInteractions.uplugin" 70
"../../../Engine/Plugins/Runtime/GameplayStateTree/GameplayStateTree.uplugin" 71
"../../../Engine/Plugins/Runtime/GeometryCache/GeometryCache.uplugin" 72
"../../../Engine/Plugins/Runtime/GeometryProcessing/GeometryProcessing.uplugin" 73
"../../../Engine/Plugins/Runtime/GoogleCloudMessaging/GoogleCloudMessaging.uplugin" 74
"../../../Engine/Plugins/Runtime/GeoReferencing/GeoReferencing.uplugin" 75
"../../../Engine/Plugins/Runtime/GooglePAD/GooglePAD.uplugin" 76
"../../../Engine/Plugins/Runtime/HairStrands/HairStrands.uplugin" 77
"../../../Engine/Plugins/Runtime/HDRIBackdrop/HDRIBackdrop.uplugin" 78
"../../../Engine/Plugins/Runtime/HPMotionController/HPMotionController.uplugin" 79
"../../../Engine/Plugins/Runtime/HTTPChunkInstaller/HTTPChunkInstaller.uplugin" 80
"../../../Engine/Plugins/Runtime/InputDebugging/InputDebugging.uplugin" 81
"../../../Engine/Plugins/Runtime/IOSReplayKit/IOSReplayKit.uplugin" 82
"../../../Engine/Plugins/Runtime/LinuxDeviceProfileSelector/LinuxDeviceProfileSelector.uplugin" 83
"../../../Engine/Plugins/Runtime/LiveLinkOvernDisplay/LiveLinkOverNDisplay.uplugin" 84
"../../../Engine/Plugins/Runtime/LocationServicesBPLibrary/LocationServicesBPLibrary.uplugin" 85
"../../../Engine/Plugins/Runtime/IOSDeviceProfileSelector/IOSDeviceProfileSelector.uplugin" 86
"../../../Engine/Plugins/Runtime/LocationServicesIOSImpl/LocationServicesIOSImpl.uplugin" 87
"../../../Engine/Plugins/Runtime/MassEntity/MassEntity.uplugin" 88
"../../../Engine/Plugins/Runtime/MassGameplay/MassGameplay.uplugin" 89
"../../../Engine/Plugins/Runtime/LocationServicesAndroidImpl/LocationServicesAndroidImpl.uplugin" 90
"../../../Engine/Plugins/Runtime/MicrosoftSpatialAudio/MicroSoftSpatialSound.uplugin" 91
"../../../Engine/Plugins/Runtime/MeshModelingToolset/MeshModelingToolset.uplugin" 92
"../../../Engine/Plugins/Runtime/MIDIDevice/MIDIDevice.uplugin" 93
"../../../Engine/Plugins/Runtime/Metasound/Metasound.uplugin" 94
"../../../Engine/Plugins/Runtime/MobileFSR/MobileFSR.uplugin" 95
"../../../Engine/Plugins/Runtime/MixedRealityCaptureFramework/MixedRealityCaptureFramework.uplugin" 96
"../../../Engine/Plugins/Runtime/MobilePatchingUtils/MobilePatchingUtils.uplugin" 97
"../../../Engine/Plugins/Runtime/ModelViewViewModel/ModelViewViewModel.uplugin" 98
"../../../Engine/Plugins/Runtime/NavCorridor/NavCorridor.uplugin" 99
"../../../Engine/Plugins/Runtime/NetworkPrediction/NetworkPrediction.uplugin" 100
"../../../Engine/Plugins/Runtime/NetworkPredictionExtras/NetworkPredictionExtras.uplugin" 101
"../../../Engine/Plugins/Runtime/OpenCV/OpenCV.uplugin" 102
"../../../Engine/Plugins/Runtime/OpenXR/OpenXR.uplugin" 103
"../../../Engine/Plugins/Runtime/NetworkPredictionInsights/NetworkPredictionInsights.uplugin" 104
"../../../Engine/Plugins/Runtime/OpenXRHandTracking/OpenXRHandTracking.uplugin" 105
"../../../Engine/Plugins/Runtime/OpenXRMsftHandInteraction/OpenXRMsftHandInteraction.uplugin" 106
"../../../Engine/Plugins/Runtime/OpenXREyeTracker/OpenXREyeTracker.uplugin" 107
"../../../Engine/Plugins/Runtime/OpenXRViveTracker/OpenXRViveTracker.uplugin" 108
"../../../Engine/Plugins/Runtime/OSC/OSC.uplugin" 109
"../../../Engine/Plugins/Runtime/OptionalMobileFeaturesBPLibrary/OptionalMobileFeaturesBPLibrary.uplugin" 110
"../../../Engine/Plugins/Runtime/OSCModulationMixing/OSCModulationMixing.uplugin" 111
"../../../Engine/Plugins/NetcodeUnitTest/NUTUnrealEngine/NUTUnrealEngine.uplugin" 112
"../../../Engine/Plugins/Runtime/PreLoadScreenMoviePlayer/PreLoadScreenMoviePlayer.uplugin" 113
"../../../Engine/Plugins/Runtime/ProceduralMeshComponent/ProceduralMeshComponent.uplugin" 114
"../../../Engine/Plugins/Runtime/ReplicationGraph/ReplicationGraph.uplugin" 115
"../../../Engine/Plugins/Runtime/PropertyAccess/PropertyAccessEditor.uplugin" 116
"../../../Engine/Plugins/Runtime/RenderTrace/RenderTrace.uplugin" 117
"../../../Engine/Plugins/Runtime/ResonanceAudio/ResonanceAudio.uplugin" 118
"../../../Engine/Plugins/Runtime/SignificanceManager/SignificanceManager.uplugin" 119
"../../../Engine/Plugins/Runtime/SkeletalMerging/SkeletalMerging.uplugin" 120
"../../../Engine/Plugins/Runtime/SmartObjects/SmartObjects.uplugin" 121
"../../../Engine/Plugins/Runtime/SoundCueTemplates/SoundCueTemplates.uplugin" 122
"../../../Engine/Plugins/Runtime/SoundMod/SoundMod.uplugin" 123
"../../../Engine/Plugins/Runtime/SoundFields/SoundFields.uplugin" 124
"../../../Engine/Plugins/Runtime/Soundscape/Soundscape.uplugin" 125
"../../../Engine/Plugins/Runtime/SoundUtilities/SoundUtilities.uplugin" 126
"../../../Engine/Plugins/Runtime/Spatialization/Spatialization.uplugin" 127
"../../../Engine/Plugins/Runtime/StateTree/StateTree.uplugin" 128
"../../../Engine/Plugins/Runtime/SunPosition/SunPosition.uplugin" 129
"../../../Engine/Plugins/Runtime/WarpUtils/WarpUtils.uplugin" 130
"../../../Engine/Plugins/Runtime/WaveTable/WaveTable.uplugin" 131
"../../../Engine/Plugins/Runtime/WebBrowserNativeProxy/WebBrowserNativeProxy.uplugin" 132
"../../../Engine/Plugins/Runtime/WebBrowserWidget/WebBrowserWidget.uplugin" 133
"../../../Engine/Plugins/Runtime/WebMMoviePlayer/WebMMoviePlayer.uplugin" 134
"../../../Engine/Plugins/Runtime/WindowsDeviceProfileSelector/WindowsDeviceProfileSelector.uplugin" 135
"../../../Engine/Plugins/Runtime/WindowsMoviePlayer/WindowsMoviePlayer.uplugin" 136
"../../../Engine/Plugins/Runtime/WorldConditions/WorldConditions.uplugin" 137
"../../../Engine/Plugins/Runtime/ZoneGraph/ZoneGraph.uplugin" 138
"../../../Engine/Plugins/Runtime/ZoneGraphAnnotations/ZoneGraphAnnotations.uplugin" 139
"../../../Engine/Plugins/Web/HttpBlueprint/HttpBlueprint.uplugin" 140
"../../../Engine/Plugins/Cameras/CameraShakePreviewer/CameraShakePreviewer.uplugin" 141
"../../../Engine/Plugins/Cameras/GameplayCameras/GameplayCameras.uplugin" 142
"../../../Engine/Plugins/Compositing/OpenColorIO/OpenColorIO.uplugin" 143
"../../../Engine/Plugins/Compositing/Composure/Composure.uplugin" 144
"../../../Engine/Plugins/Compositing/OpenCVLensDistortion/OpenCVLensDistortion.uplugin" 145
"../../../Engine/Plugins/Compression/OodleNetwork/OodleNetwork.uplugin" 146
"../../../Engine/Plugins/Developer/AnimationSharing/AnimationSharing.uplugin" 147
"../../../Engine/Plugins/Developer/BlankPlugin/BlankPlugin.uplugin" 148
"../../../Engine/Plugins/Developer/CLionSourceCodeAccess/CLionSourceCodeAccess.uplugin" 149
"../../../Engine/Plugins/Runtime/Synthesis/Synthesis.uplugin" 150
"../../../Engine/Plugins/Developer/CodeLiteSourceCodeAccess/CodeLiteSourceCodeAccess.uplugin" 151
"../../../Engine/Plugins/Developer/DumpGPUServices/DumpGPUServices.uplugin" 152
"../../../Engine/Plugins/Developer/GitSourceControl/GitSourceControl.uplugin" 153
"../../../Engine/Plugins/Developer/KDevelopSourceCodeAccess/KDevelopSourceCodeAccess.uplugin" 154
"../../../Engine/Plugins/Developer/NullSourceCodeAccess/NullSourceCodeAccess.uplugin" 155
"../../../Engine/Plugins/Developer/PerforceSourceControl/PerforceSourceControl.uplugin" 156
"../../../Engine/Plugins/Developer/OneSkyLocalizationService/OneSkyLocalizationService.uplugin" 157
"../../../Engine/Plugins/Developer/PixWinPlugin/PixWinPlugin.uplugin" 158
"../../../Engine/Plugins/Developer/PlasticSourceControl/PlasticSourceControl.uplugin" 159
"../../../Engine/Plugins/Developer/PropertyAccessNode/PropertyAccessNode.uplugin" 160
"../../../Engine/Plugins/Developer/RenderDocPlugin/RenderDocPlugin.uplugin" 161
"../../../Engine/Plugins/Developer/PluginUtils/PluginUtils.uplugin" 162
"../../../Engine/Plugins/Developer/RiderSourceCodeAccess/RiderSourceCodeAccess.uplugin" 163
"../../../Engine/Plugins/Developer/SubversionSourceControl/SubversionSourceControl.uplugin" 164
"../../../Engine/Plugins/Developer/TraceDataFiltering/TraceDataFilters.uplugin" 165
"../../../Engine/Plugins/Developer/TraceSourceFiltering/TraceSourceFilters.uplugin" 166
"../../../Engine/Plugins/Runtime/ReplicationSystemTestPlugin/ReplicationSystemTestPlugin.uplugin" 167
"../../../Engine/Plugins/Developer/UObjectPlugin/UObjectPlugin.uplugin" 168
"../../../Engine/Plugins/Developer/VisualStudioSourceCodeAccess/VisualStudioSourceCodeAccess.uplugin" 169
"../../../Engine/Plugins/Compositing/LensDistortion/LensDistortion.uplugin" 170
"../../../Engine/Plugins/Developer/TextureFormatOodle/TextureFormatOodle.uplugin" 171
"../../../Engine/Plugins/Developer/XcodeGPUDebuggerPlugin/XcodeGPUDebuggerPlugin.uplugin" 172
"../../../Engine/Plugins/Developer/XCodeSourceCodeAccess/XCodeSourceCodeAccess.uplugin" 173
"../../../Engine/Plugins/Editor/AssetManagerEditor/AssetManagerEditor.uplugin" 174
"../../../Engine/Plugins/Editor/AssetRegistryExport/AssetRegistryExport.uplugin" 175
"../../../Engine/Plugins/Editor/AssetReferenceRestrictions/AssetReferenceRestrictions.uplugin" 176
"../../../Engine/Plugins/Editor/AssetSearch/AssetSearch.uplugin" 177
"../../../Engine/Plugins/Editor/BlueprintHeaderView/BlueprintHeaderView.uplugin" 178
"../../../Engine/Plugins/Developer/VisualStudioCodeSourceCodeAccess/VisualStudioCodeSourceCodeAccess.uplugin" 179
"../../../Engine/Plugins/Editor/ChangelistReview/ChangelistReview.uplugin" 180
"../../../Engine/Plugins/Editor/ConsoleVariablesEditor/ConsoleVariables.uplugin" 181
"../../../Engine/Plugins/Editor/CryptoKeys/CryptoKeys.uplugin" 182
"../../../Engine/Plugins/Editor/DataValidation/DataValidation.uplugin" 183
"../../../Engine/Plugins/Editor/CurveEditorTools/CurveEditorTools.uplugin" 184
"../../../Engine/Plugins/Editor/EditorDebugTools/EditorDebugTools.uplugin" 185
"../../../Engine/Plugins/Editor/DisplayClusterLaunch/DisplayClusterLaunch.uplugin" 186
"../../../Engine/Plugins/Editor/EditorScriptingUtilities/EditorScriptingUtilities.uplugin" 187
"../../../Engine/Plugins/Editor/EngineAssetDefinitions/EngineAssetDefinitions.uplugin" 188
"../../../Engine/Plugins/Editor/FacialAnimation/FacialAnimation.uplugin" 189
"../../../Engine/Plugins/Editor/GameplayTagsEditor/GameplayTagsEditor.uplugin" 190
"../../../Engine/Plugins/Editor/GeometryMode/GeometryMode.uplugin" 191
"../../../Engine/Plugins/Editor/GLTFImporter/GLTFImporter.uplugin" 192
"../../../Engine/Plugins/Editor/GuidedTutorials/GuidedTutorials.uplugin" 193
"../../../Engine/Plugins/Editor/LiveUpdateForSlate/LiveUpdateForSlate.uplugin" 194
"../../../Engine/Plugins/Editor/MacGraphicsSwitching/MacGraphicsSwitching.uplugin" 195
"../../../Engine/Plugins/Editor/MakeCookedEditorAsDLC/MakeCookedEditorAsDLC.uplugin" 196
"../../../Engine/Plugins/Editor/MaterialAnalyzer/MaterialAnalyzer.uplugin" 197
"../../../Engine/Plugins/Editor/ModelingToolsEditorMode/ModelingToolsEditorMode.uplugin" 198
"../../../Engine/Plugins/Editor/MobileLauncherProfileWizard/MobileLauncherProfileWizard.uplugin" 199
"../../../Engine/Plugins/Editor/PluginBrowser/PluginBrowser.uplugin" 200
"../../../Engine/Plugins/Editor/SequencerAnimTools/SequencerAnimTools.uplugin" 201
"../../../Engine/Plugins/Editor/SpeedTreeImporter/SpeedTreeImporter.uplugin" 202
"../../../Engine/Plugins/Editor/StylusInput/StylusInput.uplugin" 203
"../../../Engine/Plugins/Editor/WaveformEditor/WaveformEditor.uplugin" 204
"../../../Engine/Plugins/Editor/WorldPartitionHLODUtilities/WorldPartitionHLODUtilities.uplugin" 205
"../../../Engine/Plugins/Enterprise/DataprepEditor/DataprepEditor.uplugin" 206
"../../../Engine/Plugins/Enterprise/AxFImporter/AxFImporter.uplugin" 207
"../../../Engine/Plugins/Enterprise/DatasmithC4DImporter/DatasmithC4DImporter.uplugin" 208
"../../../Engine/Plugins/Enterprise/DatasmithCADImporter/DatasmithCADImporter.uplugin" 209
"../../../Engine/Plugins/Enterprise/DatasmithContent/DatasmithContent.uplugin" 210
"../../../Engine/Plugins/Enterprise/DatasmithGLTFImporter/DatasmithGLTFImporter.uplugin" 211
"../../../Engine/Plugins/Enterprise/DatasmithIFCImporter/DatasmithIFCImporter.uplugin" 212
"../../../Engine/Plugins/Enterprise/DatasmithFBXImporter/DatasmithFBXImporter.uplugin" 213
"../../../Engine/Plugins/Enterprise/DatasmithImporter/DatasmithImporter.uplugin" 214
"../../../Engine/Plugins/Enterprise/GLTFExporter/GLTFExporter.uplugin" 215
"../../../Engine/Plugins/Enterprise/LidarPointCloud/LidarPointCloud.uplugin" 216
"../../../Engine/Plugins/Enterprise/MDLImporter/MDLImporter.uplugin" 217
"../../../Engine/Plugins/Enterprise/VariantManager/VariantManager.uplugin" 218
"../../../Engine/Plugins/Enterprise/VariantManagerContent/VariantManagerContent.uplugin" 219
"../../../Engine/Plugins/Experimental/ActorPalette/ActorPalette.uplugin" 220
"../../../Engine/Plugins/Experimental/AbilitySystemGameFeatureActions/AbilitySystemGameFeatureActions.uplugin" 221
"../../../Engine/Plugins/Experimental/AnimNext/AnimNext.uplugin" 222
"../../../Engine/Plugins/Experimental/AssetPlacementEdMode/AssetPlacementEdMode.uplugin" 223
"../../../Engine/Plugins/Experimental/AutomationUtils/AutomationUtils.uplugin" 224
"../../../Engine/Plugins/Experimental/AppleVision/AppleVision.uplugin" 225
"../../../Engine/Plugins/Experimental/BackChannel/BackChannel.uplugin" 226
"../../../Engine/Plugins/Experimental/BlueprintSnapNodes/BlueprintSnapNodes.uplugin" 227
"../../../Engine/Plugins/Experimental/BlueprintStats/BlueprintStats.uplugin" 228
"../../../Engine/Plugins/Experimental/ChaosCaching/ChaosCaching.uplugin" 229
"../../../Engine/Plugins/Experimental/ChaosCloth/ChaosCloth.uplugin" 230
"../../../Engine/Plugins/Experimental/ChaosClothAssetEditor/ChaosClothAssetEditor.uplugin" 231
"../../../Engine/Plugins/Experimental/ChaosEditor/ChaosEditor.uplugin" 232
"../../../Engine/Plugins/Experimental/ChaosNiagara/ChaosNiagara.uplugin" 233
"../../../Engine/Plugins/Experimental/ChaosFlesh/ChaosFlesh.uplugin" 234
"../../../Engine/Plugins/Experimental/ChaosClothAsset/ChaosClothAsset.uplugin" 235
"../../../Engine/Plugins/Experimental/ChaosUserDataPT/ChaosUserDataPT.uplugin" 236
"../../../Engine/Plugins/Experimental/ChaosVehiclesPlugin/ChaosVehiclesPlugin.uplugin" 237
"../../../Engine/Plugins/Experimental/ChaosSolverPlugin/ChaosSolverPlugin.uplugin" 238
"../../../Engine/Plugins/Experimental/CharacterAI/CharacterAI.uplugin" 239
"../../../Engine/Plugins/Experimental/Chooser/Chooser.uplugin" 240
"../../../Engine/Plugins/Experimental/ChaosClothEditor/ChaosClothEditor.uplugin" 241
"../../../Engine/Plugins/Experimental/CineCameraRigs/CineCameraRigs.uplugin" 242
"../../../Engine/Plugins/Experimental/CinematicPrestreaming/CinematicPrestreaming.uplugin" 243
"../../../Engine/Plugins/Experimental/CodeView/CodeView.uplugin" 244
"../../../Engine/Plugins/Experimental/ColorCorrectRegions/ColorCorrectRegions.uplugin" 245
"../../../Engine/Plugins/Experimental/CodeEditor/CodeEditor.uplugin" 246
"../../../Engine/Plugins/Experimental/CommonConversation/CommonConversation.uplugin" 247
"../../../Engine/Plugins/Experimental/ControlFlows/ControlFlows.uplugin" 248
"../../../Engine/Plugins/Experimental/CommonUI/CommonUI.uplugin" 249
"../../../Engine/Plugins/Experimental/Dataflow/Dataflow.uplugin" 250
"../../../Engine/Plugins/Experimental/FieldSystemPlugin/FieldSystemPlugin.uplugin" 251
"../../../Engine/Plugins/Experimental/Fracture/Fracture.uplugin" 252
"../../../Engine/Plugins/Experimental/GameFeatures/GameFeatures.uplugin" 253
"../../../Engine/Plugins/Experimental/DefaultInstallBundleManager/DefaultInstallBundleManager.uplugin" 254
"../../../Engine/Plugins/Experimental/GameplayBehaviors/GameplayBehaviors.uplugin" 255
"../../../Engine/Plugins/Experimental/GameplayTargetingSystem/TargetingSystem.uplugin" 256
"../../../Engine/Plugins/Experimental/FullBodyIK/FullBodyIK.uplugin" 257
"../../../Engine/Plugins/Experimental/GeometryCacheAbcFile/GeometryCacheAbcFile.uplugin" 258
"../../../Engine/Plugins/Experimental/GeometryCollectionPlugin/GeometryCollectionPlugin.uplugin" 259
"../../../Engine/Plugins/Experimental/GeometryFlow/GeometryFlow.uplugin" 260
"../../../Engine/Plugins/Experimental/GeometryScripting/GeometryScripting.uplugin" 261
"../../../Engine/Plugins/Experimental/GizmoEdMode/GizmoEdMode.uplugin" 262
"../../../Engine/Plugins/Experimental/GizmoFramework/GizmoFramework.uplugin" 263
"../../../Engine/Plugins/Experimental/GPULightmass/GPULightmass.uplugin" 264
"../../../Engine/Plugins/Experimental/HairModelingToolset/HairModelingToolset.uplugin" 265
"../../../Engine/Plugins/Experimental/ImagePlate/ImagePlate.uplugin" 266
"../../../Engine/Plugins/Experimental/ImpostorBaker/ImpostorBaker.uplugin" 267
"../../../Engine/Plugins/Experimental/Iris/Iris.uplugin" 268
"../../../Engine/Plugins/Experimental/JWT/JWT.uplugin" 269
"../../../Engine/Plugins/Experimental/Landmass/Landmass.uplugin" 270
"../../../Engine/Plugins/Experimental/LandscapePatch/LandscapePatch.uplugin" 271
"../../../Engine/Plugins/Experimental/LiveLinkFaceImporter/LiveLinkFaceImporter.uplugin" 272
"../../../Engine/Plugins/Experimental/MeshModelingToolsetExp/MeshModelingToolsetExp.uplugin" 273
"../../../Engine/Plugins/Experimental/MeshLODToolset/MeshLODToolset.uplugin" 274
"../../../Engine/Plugins/Experimental/LiveLinkControlRig/LiveLinkControlRig.uplugin" 275
"../../../Engine/Plugins/Experimental/MotorSimOutputMotoSynth/MotorSimOutputMotoSynth.uplugin" 276
"../../../Engine/Plugins/Experimental/ModularGameplay/ModularGameplay.uplugin" 277
"../../../Engine/Plugins/Experimental/MotoSynth/MotoSynth.uplugin" 278
"../../../Engine/Plugins/Experimental/Mutable/Mutable.uplugin" 279
"../../../Engine/Plugins/Runtime/nDisplayModularFeatures/nDisplayModularFeatures.uplugin" 280
"../../../Engine/Plugins/Experimental/NaniteDisplacedMesh/NaniteDisplacedMesh.uplugin" 281
"../../../Engine/Plugins/Experimental/NNE/NNE.uplugin" 282
"../../../Engine/Plugins/Experimental/NNI/NeuralNetworkInference.uplugin" 283
"../../../Engine/Plugins/Experimental/OptiXDenoise/OptiXDenoise.uplugin" 284
"../../../Engine/Plugins/Experimental/PCGGeometryScriptInterop/PCGGeometryScriptInterop.uplugin" 285
"../../../Engine/Plugins/Experimental/PanoramicCapture/PanoramicCapture.uplugin" 286
"../../../Engine/Plugins/Experimental/OpenImageDenoise/OpenImageDenoise.uplugin" 287
"../../../Engine/Plugins/Experimental/PixelStreamingPlayer/PixelStreamingPlayer.uplugin" 288
"../../../Engine/Plugins/Runtime/nDisplay/nDisplay.uplugin" 289
"../../../Engine/Plugins/Experimental/PlanarCutPlugin/PlanarCut.uplugin" 290
"../../../Engine/Plugins/Experimental/Gauntlet/Gauntlet.uplugin" 291
"../../../Engine/Plugins/Experimental/PhysicsControl/PhysicsControl.uplugin" 292
"../../../Engine/Plugins/Experimental/ProxyLODPlugin/ProxyLODPlugin.uplugin" 293
"../../../Engine/Plugins/Experimental/PythonFoundationPackages/PythonFoundationPackages.uplugin" 294
"../../../Engine/Plugins/Experimental/PythonScriptPlugin/PythonScriptPlugin.uplugin" 295
"../../../Engine/Plugins/Experimental/RawInput/RawInput.uplugin" 296
"../../../Engine/Plugins/Experimental/RemoteSession/RemoteSession.uplugin" 297
"../../../Engine/Plugins/Experimental/RenderGrid/RenderGrid.uplugin" 298
"../../../Engine/Plugins/Experimental/SampleToolsEditorMode/SampleToolsEditorMode.uplugin" 299
"../../../Engine/Plugins/Experimental/PlatformCrypto/PlatformCrypto.uplugin" 300
"../../../Engine/Plugins/Experimental/ScreenReader/ScreenReader.uplugin" 301
"../../../Engine/Plugins/Experimental/ScriptableToolsFramework/ScriptableToolsFramework.uplugin" 302
"../../../Engine/Plugins/Experimental/Shotgrid/Shotgrid.uplugin" 303
"../../../Engine/Plugins/Experimental/ScriptableToolsEditorMode/ScriptableToolsEditorMode.uplugin" 304
"../../../Engine/Plugins/Experimental/SimpleHMD/SimpleHMD.uplugin" 305
"../../../Engine/Plugins/Experimental/SkeletalReduction/SkeletalReduction.uplugin" 306
"../../../Engine/Plugins/Experimental/SlateScreenReader/SlateScreenReader.uplugin" 307
"../../../Engine/Plugins/Experimental/StaticMeshEditorModeling/StaticMeshEditorModeling.uplugin" 308
"../../../Engine/Plugins/Experimental/StructUtils/StructUtils.uplugin" 309
"../../../Engine/Plugins/Experimental/TetMeshing/TetMeshing.uplugin" 310
"../../../Engine/Plugins/Experimental/Text3D/Text3D.uplugin" 311
"../../../Engine/Plugins/Experimental/ToolPresets/ToolPresets.uplugin" 312
"../../../Engine/Plugins/Experimental/UIFramework/UIFramework.uplugin" 313
"../../../Engine/Plugins/Experimental/UserToolBoxCore/UserToolBoxCore.uplugin" 314
"../../../Engine/Plugins/Experimental/TextureMediaPlayer/TextureMediaPlayer.uplugin" 315
"../../../Engine/Plugins/Experimental/UVEditor/UVEditor.uplugin" 316
"../../../Engine/Plugins/Experimental/UserToolBoxBasicCommand/UserToolBoxBasicCommand.uplugin" 317
"../../../Engine/Plugins/Experimental/VirtualCameraCore/VirtualCameraCore.uplugin" 318
"../../../Engine/Plugins/Experimental/VirtualCamera/VirtualCamera.uplugin" 319
"../../../Engine/Plugins/Experimental/VirtualHeightfieldMesh/VirtualHeightfieldMesh.uplugin" 320
"../../../Engine/Plugins/Experimental/TextToSpeech/TextToSpeech.uplugin" 321
"../../../Engine/Plugins/Experimental/VirtualProductionUtilities/VirtualProductionUtilities.uplugin" 322
"../../../Engine/Plugins/Editor/BlueprintMaterialTextureNodes/BlueprintMaterialTextureNodes.uplugin" 323
"../../../Engine/Plugins/Experimental/VirtualScouting/VirtualScouting.uplugin" 324
"../../../Engine/Plugins/Experimental/Volumetrics/Volumetrics.uplugin" 325
"../../../Engine/Plugins/Experimental/Water/Water.uplugin" 326
"../../../Engine/Plugins/Experimental/PCG/PCG.uplugin" 327
"../../../Engine/Plugins/Experimental/WaveFunctionCollapse/WaveFunctionCollapse.uplugin" 328
"../../../Engine/Plugins/Experimental/WebSocketNetworking/WebSocketNetworking.uplugin" 329
"../../../Engine/Plugins/Experimental/WidgetEditorToolPalette/WidgetEditorToolPalette.uplugin" 330
"../../../Engine/Plugins/Experimental/XRCreativeFramework/XRCreativeFramework.uplugin" 331
"../../../Engine/Plugins/Media/AndroidCamera/AndroidCamera.uplugin" 332
"../../../Engine/Plugins/Media/AjaMedia/AjaMedia.uplugin" 333
"../../../Engine/Plugins/Media/AndroidMedia/AndroidMedia.uplugin" 334
"../../../Engine/Plugins/Media/AudioCaptureTimecodeProvider/AudioCaptureTimecodeProvider.uplugin" 335
"../../../Engine/Plugins/Media/AvfMedia/AvfMedia.uplugin" 336
"../../../Engine/Plugins/Media/AvidDNxMedia/AvidDNxMedia.uplugin" 337
"../../../Engine/Plugins/Media/BinkMedia/BinkMedia.uplugin" 338
"../../../Engine/Plugins/Media/AppleProResMedia/AppleProResMedia.uplugin" 339
"../../../Engine/Plugins/Media/BlackmagicMedia/BlackmagicMedia.uplugin" 340
"../../../Engine/Plugins/Media/ElectraPlayer/ElectraPlayer.uplugin" 341
"../../../Engine/Plugins/Media/ElectraCDM/ElectraCDM.uplugin" 342
"../../../Engine/Plugins/Media/ElectraUtil/ElectraUtil.uplugin" 343
"../../../Engine/Plugins/Media/ElectraSubtitles/ElectraSubtitles.uplugin" 344
"../../../Engine/Plugins/Media/HAPMedia/HAPMedia.uplugin" 345
"../../../Engine/Plugins/Media/HardwareEncoders/HardwareEncoders.uplugin" 346
"../../../Engine/Plugins/Media/HLMedia/HLMedia.uplugin" 347
"../../../Engine/Plugins/Media/MediaCompositing/MediaCompositing.uplugin" 348
"../../../Engine/Plugins/Media/MediaIOFramework/MediaIOFramework.uplugin" 349
"../../../Engine/Plugins/Media/ImgMedia/ImgMedia.uplugin" 350
"../../../Engine/Plugins/Media/MediaMovieStreamer/MediaMovieStreamer.uplugin" 351
"../../../Engine/Plugins/Media/MediaPlate/MediaPlate.uplugin" 352
"../../../Engine/Plugins/Media/MfMedia/MfMedia.uplugin" 353
"../../../Engine/Plugins/Media/PixelCapture/PixelCapture.uplugin" 354
"../../../Engine/Plugins/Media/PixelStreaming/PixelStreaming.uplugin" 355
"../../../Engine/Plugins/Media/WebMMedia/WebMMedia.uplugin" 356
"../../../Engine/Plugins/Media/MediaPlayerEditor/MediaPlayerEditor.uplugin" 357
"../../../Engine/Plugins/Media/TimecodeSynchronizer/TimecodeSynchronizer.uplugin" 358
"../../../Engine/Plugins/Media/WmfMedia/WmfMedia.uplugin" 359
"../../../Engine/Plugins/Messaging/MessagingDebugger/MessagingDebugger.uplugin" 360
"../../../Engine/Plugins/Messaging/TcpMessaging/TcpMessaging.uplugin" 361
"../../../Engine/Plugins/Messaging/UdpMessaging/UdpMessaging.uplugin" 362
"../../../Engine/Plugins/Online/EOSShared/EOSShared.uplugin" 363
"../../../Engine/Plugins/Online/OnlineBase/OnlineBase.uplugin" 364
"../../../Engine/Plugins/Media/LinearTimecode/LinearTimecode.uplugin" 365
"../../../Engine/Plugins/Online/OnlineServices/OnlineServices.uplugin" 366
"../../../Engine/Plugins/Online/OnlineFramework/OnlineFramework.uplugin" 367
"../../../Engine/Plugins/Online/OnlineServicesEOSGS/OnlineServicesEOSGS.uplugin" 368
"../../../Engine/Plugins/Online/OnlineServicesNull/OnlineServicesNull.uplugin" 369
"../../../Engine/Plugins/Online/OnlineServicesOSSAdapter/OnlineServicesOSSAdapter.uplugin" 370
"../../../Engine/Plugins/Online/OnlineServicesEOS/OnlineServicesEOS.uplugin" 371
"../../../Engine/Plugins/Online/OnlineSubsystem/OnlineSubsystem.uplugin" 372
"../../../Engine/Plugins/Online/OnlineSubsystemAmazon/OnlineSubsystemAmazon.uplugin" 373
"../../../Engine/Plugins/Online/OnlineSubsystemEOS/OnlineSubsystemEOS.uplugin" 374
"../../../Engine/Plugins/Experimental/WaterExtras/WaterExtras.uplugin" 375
"../../../Engine/Plugins/Online/OnlineSubsystemNull/OnlineSubsystemNull.uplugin" 376
"../../../Engine/Plugins/Online/OnlineSubsystemGoogle/OnlineSubsystemGoogle.uplugin" 377
"../../../Engine/Plugins/Online/OnlineSubsystemFacebook/OnlineSubsystemFacebook.uplugin" 378
"../../../Engine/Plugins/Online/OnlineSubsystemApple/OnlineSubsystemApple.uplugin" 379
"../../../Engine/Plugins/Online/OnlineSubsystemSteam/OnlineSubsystemSteam.uplugin" 380
"../../../Engine/Plugins/Online/OnlineSubsystemOculus/OnlineSubsystemOculus.uplugin" 381
"../../../Engine/Plugins/Online/OnlineSubsystemTencent/OnlineSubsystemTencent.uplugin" 382
"../../../Engine/Plugins/Online/OnlineSubsystemUtils/OnlineSubsystemUtils.uplugin" 383
"../../../Engine/Plugins/Online/SocketSubsystemEOS/SocketSubsystemEOS.uplugin" 384
"../../../Engine/Plugins/Online/WebAuth/WebAuth.uplugin" 385
"../../../Engine/Plugins/Slate/SlateInsights/SlateInsights.uplugin" 386
"../../../Engine/Plugins/Slate/SlateScripting/SlateScripting.uplugin" 387
"../../../Engine/Plugins/Tests/AutomationDriverTests/AutomationDriverTests.uplugin" 388
"../../../Engine/Plugins/Tests/EditorTests/EditorTests.uplugin" 389
"../../../Engine/Plugins/Tests/FbxAutomationTestBuilder/FbxAutomationTestBuilder.uplugin" 390
"../../../Engine/Plugins/Tests/FunctionalTestingEditor/FunctionalTestingEditor.uplugin" 391
"../../../Engine/Plugins/Tests/InterchangeTests/InterchangeTests.uplugin" 392
"../../../Engine/Plugins/Tests/PythonAutomationTest/PythonAutomationTest.uplugin" 393
"../../../Engine/Plugins/Tests/RHITests/RHITests.uplugin" 394
"../../../Engine/Plugins/Tests/RuntimeTests/RuntimeTests.uplugin" 395
"../../../Engine/Plugins/Tests/TestSamples/TestSamples.uplugin" 396
"../../../Engine/Plugins/VirtualProduction/CameraCalibration/CameraCalibration.uplugin" 397
"../../../Engine/Plugins/VirtualProduction/CompositePlane/CompositePlane.uplugin" 398
"../../../Engine/Plugins/VirtualProduction/DataCharts/DataCharts.uplugin" 399
"../../../Engine/Plugins/VirtualProduction/EpicStageApp/EpicStageApp.uplugin" 400
"../../../Engine/Plugins/VirtualProduction/ICVFX/ICVFX.uplugin" 401
"../../../Engine/Plugins/VirtualProduction/CameraCalibrationCore/CameraCalibrationCore.uplugin" 402
"../../../Engine/Plugins/VirtualProduction/LevelSnapshots/LevelSnapshots.uplugin" 403
"../../../Engine/Plugins/VirtualProduction/LiveLinkCamera/LiveLinkCamera.uplugin" 404
"../../../Engine/Plugins/VirtualProduction/LiveLinkFreeD/LiveLinkFreeD.uplugin" 405
"../../../Engine/Plugins/VirtualProduction/LiveLinkMasterLockit/LiveLinkMasterLockit.uplugin" 406
"../../../Engine/Plugins/VirtualProduction/LiveLinkPrestonMDR/LiveLinkPrestonMDR.uplugin" 407
"../../../Engine/Plugins/VirtualProduction/LiveLinkLens/LiveLinkLens.uplugin" 408
"../../../Engine/Plugins/VirtualProduction/LiveLinkVRPN/LiveLinkVRPN.uplugin" 409
"../../../Engine/Plugins/VirtualProduction/RemoteControl/RemoteControl.uplugin" 410
"../../../Engine/Plugins/VirtualProduction/LiveLinkXR/LiveLinkXR.uplugin" 411
"../../../Engine/Plugins/VirtualProduction/MultiUserTakes/MultiUserTakes.uplugin" 412
"../../../Engine/Plugins/VirtualProduction/RemoteControlProtocolDMX/RemoteControlProtocolDMX.uplugin" 413
"../../../Engine/Plugins/VirtualProduction/RemoteControlProtocolMIDI/RemoteControlProtocolMIDI.uplugin" 414
"../../../Engine/Plugins/VirtualProduction/SequencerPlaylists/SequencerPlaylists.uplugin" 415
"../../../Engine/Plugins/VirtualProduction/RemoteControlProtocolOSC/RemoteControlProtocolOSC.uplugin" 416
"../../../Engine/Plugins/VirtualProduction/RemoteControlInterception/RemoteControlInterception.uplugin" 417
"../../../Engine/Plugins/VirtualProduction/StageMonitoring/StageMonitoring.uplugin" 418
"../../../Engine/Plugins/VirtualProduction/Switchboard/Switchboard.uplugin" 419
"../../../Engine/Plugins/VirtualProduction/Takes/Takes.uplugin" 420
"../../../Engine/Plugins/VirtualProduction/TextureShare/TextureShare.uplugin" 421
"../../../Engine/Plugins/VirtualProduction/TimedDataMonitor/TimedDataMonitor.uplugin" 422
"../../../Engine/Plugins/FX/CascadeToNiagaraConverter/CascadeToNiagaraConverter.uplugin" 423
"../../../Engine/Plugins/FX/ExampleCustomDataInterface/ExampleCustomDataInterface.uplugin" 424
"../../../Engine/Plugins/FX/Niagara/Niagara.uplugin" 425
"../../../Engine/Plugins/FX/NiagaraFluids/NiagaraFluids.uplugin" 426
"../../../Engine/Plugins/2D/Paper2D/Paper2D.uplugin" 427
"../../../Engine/Plugins/FX/NiagaraSimCaching/NiagaraSimCaching.uplugin" 428
"../../../Engine/Plugins/Interchange/Editor/InterchangeEditor.uplugin" 429
"../../../Engine/Plugins/Interchange/Runtime/Interchange.uplugin" 430
"../../../Engine/Plugins/Marketplace/AsyncLoadingScreen/AsyncLoadingScreen.uplugin" 431
"../../../Engine/Plugins/Marketplace/MACSClasses/MACS.uplugin" 432
"../../../Engine/Plugins/Marketplace/ProceduralNPCCrowds/Pedestrian_System.uplugin" 433
"../../../Engine/Plugins/MovieScene/ActorSequence/ActorSequence.uplugin" 434
"../../../Engine/Plugins/MovieScene/CustomizableSequencerTracks/CustomizableSequencerTracks.uplugin" 435
"../../../Engine/Plugins/MovieScene/LevelSequenceEditor/LevelSequenceEditor.uplugin" 436
"../../../Engine/Plugins/MovieScene/MoviePipelineMaskRenderPass/MoviePipelineMaskRenderPass.uplugin" 437
"../../../Engine/Plugins/MovieScene/MovieRenderPipeline/MovieRenderPipeline.uplugin" 438
"../../../Engine/Plugins/MovieScene/ReplayTracks/ReplayTracks.uplugin" 439
"../../../Engine/Plugins/MovieScene/SequencerScripting/SequencerScripting.uplugin" 440
"../../../Engine/Plugins/Marketplace/ReadyPlayerMe/ReadyPlayerMe.uplugin" 441
"../../../Engine/Plugins/MovieScene/TemplateSequence/TemplateSequence.uplugin" 442
"../../../Engine/Plugins/Portal/LauncherChunkInstaller/LauncherChunkInstaller.uplugin" 443
"../../../Engine/Plugins/Runtime/Firebase/Firebase.uplugin" 444
"../../../Engine/Plugins/Media/MediaFrameworkUtilities/MediaFrameworkUtilities.uplugin" 445
"../../../Engine/Plugins/Experimental/TypedElementsDataStorage/TypedElementsDataStorage.uplugin" 446
"../../../Engine/Plugins/Online/VoiceChat/VoiceChat/VoiceChat.uplugin" 447
"../../../Engine/Plugins/Runtime/Windows/WinDualShock/WinDualShock.uplugin" 448
"../../../Engine/Plugins/Online/VoiceChat/EOSVoiceChat/EOSVoiceChat.uplugin" 449
"../../../Engine/Plugins/VirtualProduction/DMX/DatasmithMVR/DatasmithMVR.uplugin" 450
"../../../Engine/Plugins/VirtualProduction/DMX/DMXControlConsole/DMXControlConsole.uplugin" 451
"../../../Engine/Plugins/VirtualProduction/DMX/DMXDisplayCluster/DMXDisplayCluster.uplugin" 452
"../../../Engine/Plugins/VirtualProduction/DMX/DMXFixtures/DMXFixtures.uplugin" 453
"../../../Engine/Plugins/VirtualProduction/DMX/DMXModularFeatures/DMXModularFeatures.uplugin" 454
"../../../Engine/Plugins/VirtualProduction/DMX/DMXEngine/DMXEngine.uplugin" 455
"../../../Engine/Plugins/VirtualProduction/DMX/DMXPixelMapping/DMXPixelMapping.uplugin" 456
"../../../Engine/Plugins/VirtualProduction/DMX/DMXProtocol/DMXProtocol.uplugin" 457
"../../../Engine/Plugins/Animation/MLDeformer/MLDeformerFramework/MLDeformerFramework.uplugin" 458
"../../../Engine/Plugins/Animation/MLDeformer/NeuralMorphModel/NeuralMorphModel.uplugin" 459
"../../../Engine/Plugins/Animation/MLDeformer/VertexDeltaModel/VertexDeltaModel.uplugin" 460
"../../../Engine/Plugins/Animation/MLDeformer/NearestNeighborModel/NearestNeighborModel.uplugin" 461
"../../../Engine/Plugins/Runtime/Analytics/AnalyticsBlueprintLibrary/AnalyticsBlueprintLibrary.uplugin" 462
"../../../Engine/Plugins/Runtime/Analytics/Adjust/Adjust.uplugin" 463
"../../../Engine/Plugins/Runtime/Analytics/FileLogging/FileLogging.uplugin" 464
"../../../Engine/Plugins/Runtime/Database/ADOSupport/ADOSupport.uplugin" 465
"../../../Engine/Plugins/Runtime/Analytics/Flurry/Flurry.uplugin" 466
"../../../Engine/Plugins/Runtime/Database/DatabaseSupport/DatabaseSupport.uplugin" 467
"../../../Engine/Plugins/Runtime/Database/RemoteDatabaseSupport/RemoteDatabaseSupport.uplugin" 468
"../../../Engine/Plugins/Runtime/Database/SQLiteCore/SQLiteCore.uplugin" 469
"../../../Engine/Plugins/Runtime/Database/SQLiteSupport/SQLiteSupport.uplugin" 470
"../../../Engine/Plugins/Runtime/Oculus/OculusAudio/OculusAudio.uplugin" 471
"../../../Engine/Plugins/Runtime/Oculus/OculusVR/OculusVR.uplugin" 472
"../../../Engine/Plugins/Runtime/Analytics/AnalyticsMulticast/AnalyticsMulticast.uplugin" 473
"../../../Engine/Plugins/Experimental/Animation/ContextualAnimation/ContextualAnimation.uplugin" 474
"../../../Engine/Plugins/Developer/Concert/ConcertMain/ConcertMain.uplugin" 475
"../../../Engine/Plugins/Experimental/Animation/MotionTrajectory/MotionTrajectory.uplugin" 476
"../../../Engine/Plugins/Experimental/Animation/Optimus/Optimus.uplugin" 477
"../../../Engine/Plugins/Experimental/Animation/PoseCorrectives/PoseCorrectives.uplugin" 478
"../../../Engine/Plugins/Experimental/Animation/SkeletalMeshModelingTools/SkeletalMeshModelingTools.uplugin" 479
"../../../Engine/Plugins/Experimental/Animation/CurveExpression/CurveExpression.uplugin" 480
"../../../Engine/Plugins/Experimental/AVCodecs/AMFCodecs/AMFCodecs.uplugin" 481
"../../../Engine/Plugins/Experimental/AVCodecs/AVCodecsCore/AVCodecsCore.uplugin" 482
"../../../Engine/Plugins/Experimental/AVCodecs/NVCodecs/NVCodecs.uplugin" 483
"../../../Engine/Plugins/Experimental/Enterprise/DataprepGeometryOperations/DataprepGeometryOperations.uplugin" 484
"../../../Engine/Plugins/Experimental/Enterprise/DatasmithRuntime/DatasmithRuntime.uplugin" 485
"../../../Engine/Plugins/Experimental/Enterprise/DatasmithInterchange/DatasmithInterchange.uplugin" 486
"../../../Engine/Plugins/Experimental/Animation/PoseSearch/PoseSearch.uplugin" 487
"../../../Engine/Plugins/Experimental/VirtualProduction/LedWallCalibration/LedWallCalibration.uplugin" 488
"../../../Engine/Plugins/Experimental/VirtualProduction/VPRoles/VPRoles.uplugin" 489
"../../../Engine/Plugins/Online/IOS/OnlineSubsystemIOS/OnlineSubsystemIOS.uplugin" 490
"../../../Engine/Plugins/Marketplace/Developer/RiderLink/RiderLink.uplugin" 491
"../../../Engine/Plugins/Runtime/MeshReconstruction/DummyMeshReconstructor/DummyMeshReconstructor.uplugin" 492
"../../../Engine/Plugins/Runtime/Nvidia/GeForceNOWWrapper/GeForceNOWWrapper.uplugin" 493
"../../../Engine/Plugins/Runtime/Nvidia/Reflex/Reflex.uplugin" 494
"../../../Engine/Plugins/Experimental/AVCodecs/WMFCodecs/WMFCodecs.uplugin" 495
"../../../Engine/Plugins/Runtime/PacketHandlers/AESGCMHandlerComponent/AESGCMHandlerComponent.uplugin" 496
"../../../Engine/Plugins/Runtime/PacketHandlers/DTLSHandlerComponent/DTLSHandlerComponent.uplugin" 497
"../../../Engine/Plugins/Runtime/PacketHandlers/AESHandlerComponent/AESHandlerComponent.uplugin" 498
"../../../Engine/Plugins/Runtime/Steam/SteamAudio/SteamAudio.uplugin" 499
"../../../Engine/Plugins/Runtime/Steam/SteamShared/SteamShared.uplugin" 500
"../../../Engine/Plugins/Runtime/Steam/SteamController/SteamController.uplugin" 501
"../../../Engine/Plugins/Runtime/Steam/SteamSockets/SteamSockets.uplugin" 502
"../../../Engine/Plugins/VirtualProduction/RemoteControlWebInterface/RemoteControlWebInterface.uplugin" 503
"../../../Engine/Plugins/Runtime/XR/XRVisualization/XRVisualization.uplugin" 504
"../../../Engine/Plugins/Editor/ContentBrowser/ContentBrowserAssetDataSource/ContentBrowserAssetDataSource.uplugin" 505
"../../../Engine/Plugins/Editor/ContentBrowser/ContentBrowserAliasDataSoure/ContentBrowserAliasDataSource.uplugin" 506
"../../../Engine/Plugins/Editor/ContentBrowser/ContentBrowserFileDataSource/ContentBrowserFileDataSource.uplugin" 507
"../../../Engine/Plugins/Editor/ContentBrowser/ContentBrowserClassDataSource/ContentBrowserClassDataSource.uplugin" 508
"../../../Engine/Plugins/Editor/ObjectMixer/LightMixer/LightMixer.uplugin" 509
"../../../Engine/Plugins/Editor/ObjectMixer/ObjectMixer/ObjectMixer.uplugin" 510
"../../../Engine/Plugins/Experimental/AR/PointCloud/PointCloud.uplugin" 511
"../../../Engine/Plugins/Experimental/CharacterFXEditor/BaseCharacterFXEditor/BaseCharacterFXEditor.uplugin" 512
"../../../Engine/Plugins/Experimental/CharacterFXEditor/ExampleCharacterFXEditor/ExampleCharacterFXEditor.uplugin" 513
"../../../Engine/Plugins/Experimental/Web/WebAPI/WebAPI.uplugin" 514
"../../../Engine/Plugins/Online/Android/AndroidFetchBackgroundDownload/AndroidFetchBackgroundDownload.uplugin" 515
"../../../Engine/Plugins/Online/Android/OnlineSubsystemGooglePlay/OnlineSubsystemGooglePlay.uplugin" 516
"../../../Engine/Plugins/VirtualProduction/Rivermax/RivermaxMedia/RivermaxMedia.uplugin" 517
"../../../Engine/Plugins/VirtualProduction/Rivermax/RivermaxCore/RivermaxCore.uplugin" 518
"../../../Engine/Plugins/Runtime/Advertising/IOSTapJoy/IOSTapJoy.uplugin" 519
"../../../Engine/Plugins/Runtime/AR/AzureSpatialAnchors/AzureSpatialAnchors.uplugin" 520
"../../../Engine/Plugins/Runtime/AR/ARUtilities/ARUtilities.uplugin" 521
"../../../Engine/Plugins/Runtime/AR/AzureSpatialAnchorsForARCore/AzureSpatialAnchorsForARCore.uplugin" 522
"../../../Engine/Plugins/Runtime/AR/AzureSpatialAnchorsForARKit/AzureSpatialAnchorsForARKit.uplugin" 523
"../../../Engine/Plugins/Runtime/Steam/SteamVR/SteamVR.uplugin" 524
"../../../Engine/Plugins/Developer/Concert/ConcertApp/MultiUserClient/MultiUserClient.uplugin" 525
"../../../Engine/Plugins/Developer/Concert/ConcertApp/DisasterRecoveryClient/DisasterRecoveryClient.uplugin" 526
"../../../Engine/Plugins/Developer/Concert/ConcertApp/MultiUserServer/MultiUserServer.uplugin" 527
"../../../Engine/Plugins/Developer/Concert/ConcertUI/ConcertSharedSlate/ConcertSharedSlate.uplugin" 528
"../../../Engine/Plugins/Runtime/AR/Google/GoogleARCore/GoogleARCore.uplugin" 529
"../../../Engine/Plugins/Developer/Concert/ConcertUI/ConcertClientSharedSlate/ConcertClientSharedSlate.uplugin" 530
"../../../Engine/Plugins/Runtime/AR/Google/GoogleARCoreServices/GoogleARCoreServices.uplugin" 531
"../../../Engine/Plugins/Runtime/AR/AppleAR/AppleARKit/AppleARKit.uplugin" 532
"../../../Engine/Plugins/Runtime/AR/AppleAR/AppleARKitFaceSupport/AppleARKitFaceSupport.uplugin" 533
"../../../Engine/Plugins/Developer/Concert/ConcertSync/ConcertSyncClient/ConcertSyncClient.uplugin" 534
"../../../Engine/Plugins/Developer/Concert/ConcertSync/ConcertSyncServer/ConcertSyncServer.uplugin" 535
"../../../Engine/Plugins/Developer/Concert/ConcertSync/ConcertSyncCore/ConcertSyncCore.uplugin" 536
"../../../Engine/Plugins/Developer/Concert/ConcertSync/ConcertSyncTest/ConcertSyncTest.uplugin" 537
"../../../Engine/Plugins/Experimental/VirtualProduction/VPSettings/VPSettings.uplugin" 538
"../../../Engine/Platforms/HoloLens/Plugins/Media/HLMedia/HLMedia_HoloLens.uplugin" 539
"../../../Engine/Platforms/HoloLens/Plugins/Online/OnlineServicesEOS/OnlineServicesEOS_HoloLens.uplugin" 540
"../../../Engine/Platforms/HoloLens/Plugins/Media/MfMedia/MfMedia_HoloLens.uplugin" 541
"../../../Engine/Platforms/HoloLens/Plugins/Runtime/MicrosoftSpatialAudio/MicroSoftSpatialSound_HoloLens.uplugin" 542
"../../../Engine/Platforms/HoloLens/Plugins/Runtime/OpenXRMsftHandInteraction/OpenXRMsftHandInteraction_HoloLens.uplugin" 543
"../../../Engine/Platforms/HoloLens/Plugins/Online/OnlineServicesEOSGS/OnlineServicesEOSGS_HoloLens.uplugin" 544
"../../../Engine/Platforms/HoloLens/Plugins/Media/BinkMedia/BinkMedia_HoloLens.uplugin" 545
"../../../Engine/Platforms/HoloLens/Plugins/Runtime/OpenXREyeTracker/OpenXREyeTracker_HoloLens.uplugin" 546
"../../../Engine/Platforms/HoloLens/Plugins/Runtime/OpenXRHandTracking/OpenXRHandTracking_HoloLens.uplugin" 547
"../../../Engine/Platforms/HoloLens/Plugins/Runtime/OpenXR/OpenXR_HoloLens.uplugin" 548
"../../../Engine/Platforms/HoloLens/Plugins/Runtime/ApexDestruction/ApexDestruction_HoloLens.uplugin" 549
"../../../Engine/Platforms/HoloLens/Plugins/Runtime/AR/AzureSpatialAnchors/AzureSpatialAnchors_HoloLens.uplugin" 550
"../../../Engine/Platforms/HoloLens/Plugins/Compression/OodleNetwork/OodleNetwork_HoloLens.uplugin" 551
"../../../Engine/Platforms/HoloLens/Plugins/Runtime/GeoReferencing/GeoReferencing_HoloLens.uplugin" 552
"../../../Engine/Content/Internationalization/icudt64l/cnvalias.icu" 553
"../../../Engine/Content/Internationalization/icudt64l/res_index.res" 554
"../../../Engine/Content/Internationalization/icudt64l/plurals.res" 555
"../../../Engine/Content/Internationalization/icudt64l/lang/it.res" 556
"../../../Engine/Content/Internationalization/icudt64l/lang/pool.res" 557
"../../../Engine/Content/Internationalization/icudt64l/lang/root.res" 558
"../../../Engine/Content/Internationalization/icudt64l/region/it.res" 559
"../../../Engine/Content/Internationalization/icudt64l/region/pool.res" 560
"../../../Engine/Content/Internationalization/icudt64l/region/root.res" 561
"../../../Engine/Content/Internationalization/icudt64l/lang/en.res" 562
"../../../Engine/Content/Internationalization/icudt64l/region/en.res" 563
"../../../Engine/Content/Internationalization/icudt64l/windowsZones.res" 564
"../../../Engine/Content/Internationalization/icudt64l/zoneinfo64.res" 565
"../../../Engine/Content/Internationalization/icudt64l/keyTypeData.res" 566
"../../../Engine/Content/Internationalization/icudt64l/timezoneTypes.res" 567
"../../../Engine/Content/Internationalization/icudt64l/likelySubtags.res" 568
"../../../Engine/Content/Internationalization/icudt64l/it_IT.res" 569
"../../../Engine/Content/Internationalization/icudt64l/pool.res" 570
"../../../Engine/Content/Internationalization/icudt64l/it.res" 571
"../../../Engine/Content/Internationalization/icudt64l/root.res" 572
"../../../Engine/Content/Internationalization/icudt64l/supplementalData.res" 573
"../../../Engine/Config/ConfigRedirects.ini" 574
"C:/Users/emanu/AppData/Local/UnrealEngine/5.2/Saved/Config/WindowsEditor/Manifest.ini" 575
"../../../Engine/Config/Base.ini" 576
"../../../Engine/Config/BaseEngine.ini" 577
"../../../Engine/Config/IOS/BaseIOSEngine.ini" 578
"E:/Projects/EcoBots/Config/DefaultEngine.ini" 579
"../../../Engine/Config/IOS/IOSEngine.ini" 580
"C:/Users/emanu/AppData/Local/Unreal Engine/Engine/Config/UserEngine.ini" 581
"../../../Engine/Config/BaseGame.ini" 582
"../../../Engine/Config/IOS/BaseIOSGame.ini" 583
"E:/Projects/EcoBots/Config/DefaultGame.ini" 584
"../../../Engine/Config/Windows/BaseWindowsEngine.ini" 585
"../../../Engine/Config/IOS/IOSGame.ini" 586
"../../../Engine/Config/BaseInput.ini" 587
"../../../Engine/Config/Windows/WindowsEngine.ini" 588
"../../../Engine/Platforms/HoloLens/Config/BaseHoloLensEngine.ini" 589
"E:/Projects/EcoBots/Config/DefaultInput.ini" 590
"../../../Engine/Config/HoloLens/HoloLensEngine.ini" 591
"E:/Projects/EcoBots/Saved/Config/WindowsEditor/Engine.ini" 592
"E:/Projects/EcoBots/Platforms/HoloLens/Config/HoloLensEngine.ini" 593
"../../../Engine/Config/HoloLens/HoloLensGame.ini" 594
"../../../Engine/Config/Android/BaseAndroidEngine.ini" 595
"../../../Engine/Config/Android/AndroidEngine.ini" 596
"../../../Engine/Config/Android/BaseAndroidGame.ini" 597
"../../../Engine/Config/BaseDeviceProfiles.ini" 598
"../../../Engine/Config/BaseGameUserSettings.ini" 599
"../../../Engine/Config/BaseScalability.ini" 600
"../../../Engine/Config/Android/AndroidScalability.ini" 601
"../../../Engine/Config/BaseRuntimeOptions.ini" 602
"../../../Engine/Config/BaseInstallBundle.ini" 603
"../../../Engine/Config/BaseHardware.ini" 604
"../../../Engine/Config/Android/BaseAndroidInstallBundle.ini" 605
"../../../Engine/Config/IOS/IOSScalability.ini" 606
"../../../Engine/Config/Windows/WindowsGame.ini" 607
"../../../Engine/Config/Linux/BaseLinuxEngine.ini" 608
"E:/Projects/EcoBots/Saved/Config/WindowsEditor/Game.ini" 609
"../../../Engine/Config/LinuxArm64/BaseLinuxArm64Engine.ini" 610
"../../../Engine/Config/Unix/UnixEngine.ini" 611
"../../../Engine/Config/Linux/LinuxEngine.ini" 612
"../../../Engine/Config/Mac/BaseMacEngine.ini" 613
"../../../Engine/Config/LinuxArm64/LinuxArm64Engine.ini" 614
"../../../Engine/Config/Mac/MacEngine.ini" 615
"../../../Engine/Config/Windows/WindowsInput.ini" 616
"E:/Projects/EcoBots/Saved/Config/WindowsEditor/Input.ini" 617
"../../../Engine/Config/Linux/LinuxGame.ini" 618
"../../../Engine/Config/Mac/MacGame.ini" 619
"E:/Projects/EcoBots/Saved/Config/WindowsEditor/DeviceProfiles.ini" 620
"E:/Projects/EcoBots/Saved/Config/WindowsEditor/GameUserSettings.ini" 621
"../../../Engine/Config/TVOS/TVOSEngine.ini" 622
"E:/Projects/EcoBots/Saved/Config/WindowsEditor/Scalability.ini" 623
"E:/Projects/EcoBots/Saved/Config/WindowsEditor/RuntimeOptions.ini" 624
"E:/Projects/EcoBots/Saved/Config/WindowsEditor/InstallBundle.ini" 625
"E:/Projects/EcoBots/Saved/Config/WindowsEditor/Hardware.ini" 626
"../../../Engine/Config/BaseCompat.ini" 627
"E:/Projects/EcoBots/Saved/Config/WindowsEditor/Compat.ini" 628
"../../../Engine/Config/BaseLightmass.ini" 629
"E:/Projects/EcoBots/Saved/Config/WindowsEditor/Lightmass.ini" 630
"../../../Engine/Config/BaseEditor.ini" 631
"E:/Projects/EcoBots/Config/DefaultEditor.ini" 632
"E:/Projects/EcoBots/Saved/Config/WindowsEditor/Editor.ini" 633
"../../../Engine/Config/BaseEditorPerProjectUserSettings.ini" 634
"../../../Engine/Config/Windows/WindowsEditorPerProjectUserSettings.ini" 635
"E:/Projects/EcoBots/Saved/Config/WindowsEditor/EditorPerProjectUserSettings.ini" 636
"../../../Engine/Config/BaseEditorSettings.ini" 637
"C:/Users/emanu/AppData/Local/UnrealEngine/5.2/Saved/Config/WindowsEditor/EditorSettings.ini" 638
"../../../Engine/Config/BaseEditorKeyBindings.ini" 639
"C:/Users/emanu/AppData/Local/UnrealEngine/5.2/Saved/Config/WindowsEditor/EditorKeyBindings.ini" 640
"C:/Users/emanu/AppData/Local/UnrealEngine/5.2/Saved/Config/WindowsEditor/EditorLayout.ini" 641
"E:/Projects/EcoBots/Binaries/Win64/EcoBots-Win64-Shipping.target" 642
"E:/Projects/EcoBots/Binaries/Win64/EcoBotsEditor.target" 643
"../../../Engine/Plugins/Bridge/Config/BaseBridge.ini" 644
"E:/Projects/EcoBots/Saved/Config/WindowsEditor/Bridge.ini" 645
"../../../Engine/Plugins/EnhancedInput/Config/BaseEnhancedInput.ini" 646
"E:/Projects/EcoBots/Saved/Config/WindowsEditor/EnhancedInput.ini" 647
"../../../Engine/Plugins/EnhancedInput/Config/Input.ini" 648
"../../../Engine/Plugins/TraceUtilities/Config/BaseTraceUtilities.ini" 649
"E:/Projects/EcoBots/Saved/Config/WindowsEditor/TraceUtilities.ini" 650
"../../../Engine/Plugins/Animation/ControlRig/Config/BaseControlRig.ini" 651
"E:/Projects/EcoBots/Saved/Config/WindowsEditor/ControlRig.ini" 652
"../../../Engine/Plugins/Animation/IKRig/Config/BaseIKRig.ini" 653
"E:/Projects/EcoBots/Saved/Config/WindowsEditor/IKRig.ini" 654
"../../../Engine/Plugins/Runtime/InputDebugging/Config/Input.ini" 655
"../../../Engine/Plugins/Runtime/Metasound/Config/BaseMetasound.ini" 656
"E:/Projects/EcoBots/Saved/Config/WindowsEditor/Metasound.ini" 657
"../../../Engine/Plugins/Runtime/Synthesis/Config/BaseSynthesis.ini" 658
"E:/Projects/EcoBots/Saved/Config/WindowsEditor/Synthesis.ini" 659
"../../../Engine/Plugins/Developer/TraceDataFiltering/Config/BaseTraceDataFilters.ini" 660
"E:/Projects/EcoBots/Saved/Config/WindowsEditor/TraceDataFilters.ini" 661
"../../../Engine/Plugins/Editor/EditorScriptingUtilities/Config/BaseEditorScriptingUtilities.ini" 662
"E:/Projects/EcoBots/Saved/Config/WindowsEditor/EditorScriptingUtilities.ini" 663
"../../../Engine/Plugins/Enterprise/DatasmithContent/Config/BaseDatasmithContent.ini" 664
"E:/Projects/EcoBots/Saved/Config/WindowsEditor/DatasmithContent.ini" 665
"../../../Engine/Plugins/Enterprise/GLTFExporter/Config/BaseGLTFExporter.ini" 666
"../../../Engine/Plugins/Enterprise/GLTFExporter/Config/DefaultGLTFExporter.ini" 667
"E:/Projects/EcoBots/Saved/Config/WindowsEditor/GLTFExporter.ini" 668
"../../../Engine/Plugins/Enterprise/VariantManagerContent/Config/BaseVariantManagerContent.ini" 669
"E:/Projects/EcoBots/Saved/Config/WindowsEditor/VariantManagerContent.ini" 670
"../../../Engine/Plugins/Experimental/FullBodyIK/Config/BaseFullBodyIK.ini" 671
"E:/Projects/EcoBots/Saved/Config/WindowsEditor/FullBodyIK.ini" 672
"../../../Engine/Plugins/2D/Paper2D/Config/BasePaper2D.ini" 673
"E:/Projects/EcoBots/Saved/Config/WindowsEditor/Paper2D.ini" 674
"../../../Engine/Plugins/FX/Niagara/Config/BaseNiagara.ini" 675
"E:/Projects/EcoBots/Saved/Config/WindowsEditor/Niagara.ini" 676
"../../../Engine/Plugins/Interchange/Runtime/Config/BaseInterchange.ini" 677
"E:/Projects/EcoBots/Saved/Config/WindowsEditor/Interchange.ini" 678
"../../../Engine/Plugins/Editor/ModelingToolsEditorMode/Binaries/Win64/UnrealEditor.modules" 679
"../../../Engine/Plugins/Runtime/MeshModelingToolset/Binaries/Win64/UnrealEditor.modules" 680
"../../../Engine/Plugins/Experimental/MeshModelingToolsetExp/Binaries/Win64/UnrealEditor.modules" 681
"../../../Engine/Plugins/Experimental/MeshLODToolset/Binaries/Win64/UnrealEditor.modules" 682
"../../../Engine/Plugins/Editor/StylusInput/Binaries/Win64/UnrealEditor.modules" 683
"../../../Engine/Plugins/Experimental/ToolPresets/Binaries/Win64/UnrealEditor.modules" 684
"../../../Engine/Plugins/Runtime/GeometryProcessing/Binaries/Win64/UnrealEditor.modules" 685
"../../../Engine/Plugins/Experimental/ProxyLODPlugin/Binaries/Win64/UnrealEditor.modules" 686
"../../../Engine/Plugins/Experimental/GeometryFlow/Binaries/Win64/UnrealEditor.modules" 687
"../../../Engine/Plugins/Editor/EditorScriptingUtilities/Binaries/Win64/UnrealEditor.modules" 688
"../../../Engine/Plugins/Bridge/Binaries/Win64/UnrealEditor.modules" 689
"../../../Engine/Plugins/EnhancedInput/Binaries/Win64/UnrealEditor.modules" 690
"../../../Engine/Plugins/FastBuildController/Binaries/Win64/UnrealEditor.modules" 691
"../../../Engine/Plugins/MeshPainting/Binaries/Win64/UnrealEditor.modules" 692
"../../../Engine/Plugins/Interchange/Editor/Binaries/Win64/UnrealEditor.modules" 693
"../../../Engine/Plugins/Interchange/Runtime/Binaries/Win64/UnrealEditor.modules" 694
"../../../Engine/Plugins/Editor/GLTFImporter/Binaries/Win64/UnrealEditor.modules" 695
"../../../Engine/Plugins/Enterprise/VariantManagerContent/Binaries/Win64/UnrealEditor.modules" 696
"../../../Engine/Plugins/Enterprise/VariantManager/Binaries/Win64/UnrealEditor.modules" 697
"../../../Engine/Plugins/TraceUtilities/Binaries/Win64/UnrealEditor.modules" 698
"../../../Engine/Plugins/XGEController/Binaries/Win64/UnrealEditor.modules" 699
"../../../Engine/Plugins/AI/AISupport/Binaries/Win64/UnrealEditor.modules" 700
"../../../Engine/Plugins/Animation/AnimationData/Binaries/Win64/UnrealEditor.modules" 701
"../../../Engine/Plugins/Animation/ControlRig/Binaries/Win64/UnrealEditor.modules" 702
"../../../Engine/Plugins/Experimental/PythonScriptPlugin/Binaries/Win64/UnrealEditor.modules" 703
"../../../Engine/Plugins/MovieScene/LevelSequenceEditor/Binaries/Win64/UnrealEditor.modules" 704
"../../../Engine/Plugins/Runtime/PropertyAccess/Binaries/Win64/UnrealEditor.modules" 705
"../../../Engine/Plugins/MovieScene/SequencerScripting/Binaries/Win64/UnrealEditor.modules" 706
"../../../Engine/Plugins/Editor/ContentBrowser/ContentBrowserFileDataSource/Binaries/Win64/UnrealEditor.modules" 707
"../../../Engine/Plugins/Animation/AnimationModifierLibrary/Binaries/Win64/UnrealEditor.modules" 708
"../../../Engine/Plugins/Animation/BlendSpaceMotionAnalysis/Binaries/Win64/UnrealEditor.modules" 709
"../../../Engine/Plugins/Animation/ControlRigSpline/Binaries/Win64/UnrealEditor.modules" 710
"../../../Engine/Plugins/Importers/AlembicImporter/Binaries/Win64/UnrealEditor.modules" 711
"../../../Engine/Plugins/Runtime/GeometryCache/Binaries/Win64/UnrealEditor.modules" 712
"../../../Engine/Plugins/FX/Niagara/Binaries/Win64/UnrealEditor.modules" 713
"../../../Engine/Plugins/Animation/IKRig/Binaries/Win64/UnrealEditor.modules" 714
"../../../Engine/Plugins/Experimental/FullBodyIK/Binaries/Win64/UnrealEditor.modules" 715
"../../../Engine/Plugins/Runtime/ActorLayerUtilities/Binaries/Win64/UnrealEditor.modules" 716
"../../../Engine/Plugins/Runtime/AndroidDeviceProfileSelector/Binaries/Win64/UnrealEditor.modules" 717
"../../../Engine/Plugins/Runtime/AndroidFileServer/Binaries/Win64/UnrealEditor.modules" 718
"../../../Engine/Plugins/Runtime/AndroidPermission/Binaries/Win64/UnrealEditor.modules" 719
"../../../Engine/Plugins/Runtime/AppleImageUtils/Binaries/Win64/UnrealEditor.modules" 720
"../../../Engine/Plugins/Runtime/ArchVisCharacter/Binaries/Win64/UnrealEditor.modules" 721
"../../../Engine/Plugins/Runtime/AssetTags/Binaries/Win64/UnrealEditor.modules" 722
"../../../Engine/Plugins/Runtime/CableComponent/Binaries/Win64/UnrealEditor.modules" 723
"../../../Engine/Plugins/Runtime/ChunkDownloader/Binaries/Win64/UnrealEditor.modules" 724
"../../../Engine/Plugins/Runtime/CustomMeshComponent/Binaries/Win64/UnrealEditor.modules" 725
"../../../Engine/Plugins/Runtime/AudioCapture/Binaries/Win64/UnrealEditor.modules" 726
"../../../Engine/Plugins/Runtime/ExampleDeviceProfileSelector/Binaries/Win64/UnrealEditor.modules" 727
"../../../Engine/Plugins/AI/EnvironmentQueryEditor/Binaries/Win64/UnrealEditor.modules" 728
"../../../Engine/Plugins/Runtime/GooglePAD/Binaries/Win64/UnrealEditor.modules" 729
"../../../Engine/Plugins/Runtime/InputDebugging/Binaries/Win64/UnrealEditor.modules" 730
"../../../Engine/Plugins/Runtime/LocationServicesBPLibrary/Binaries/Win64/UnrealEditor.modules" 731
"../../../Engine/Plugins/Runtime/Metasound/Binaries/Win64/UnrealEditor.modules" 732
"../../../Engine/Plugins/Runtime/AudioWidgets/Binaries/Win64/UnrealEditor.modules" 733
"../../../Engine/Plugins/Runtime/AudioSynesthesia/Binaries/Win64/UnrealEditor.modules" 734
"../../../Engine/Plugins/Runtime/WaveTable/Binaries/Win64/UnrealEditor.modules" 735
"../../../Engine/Plugins/Runtime/MobilePatchingUtils/Binaries/Win64/UnrealEditor.modules" 736
"../../../Engine/Plugins/Runtime/ProceduralMeshComponent/Binaries/Win64/UnrealEditor.modules" 737
"../../../Engine/Plugins/Runtime/ResonanceAudio/Binaries/Win64/UnrealEditor.modules" 738
"../../../Engine/Plugins/Runtime/SoundFields/Binaries/Win64/UnrealEditor.modules" 739
"../../../Engine/Plugins/Runtime/WebMMoviePlayer/Binaries/Win64/UnrealEditor.modules" 740
"../../../Engine/Plugins/Media/WebMMedia/Binaries/Win64/UnrealEditor.modules" 741
"../../../Engine/Plugins/Runtime/WindowsDeviceProfileSelector/Binaries/Win64/UnrealEditor.modules" 742
"../../../Engine/Plugins/Runtime/WindowsMoviePlayer/Binaries/Win64/UnrealEditor.modules" 743
"../../../Engine/Plugins/Cameras/CameraShakePreviewer/Binaries/Win64/UnrealEditor.modules" 744
"../../../Engine/Plugins/Cameras/GameplayCameras/Binaries/Win64/UnrealEditor.modules" 745
"../../../Engine/Plugins/MovieScene/TemplateSequence/Binaries/Win64/UnrealEditor.modules" 746
"../../../Engine/Plugins/Compression/OodleNetwork/Binaries/Win64/UnrealEditor.modules" 747
"../../../Engine/Plugins/Developer/AnimationSharing/Binaries/Win64/UnrealEditor.modules" 748
"../../../Engine/Plugins/Runtime/SignificanceManager/Binaries/Win64/UnrealEditor.modules" 749
"../../../Engine/Plugins/Developer/CLionSourceCodeAccess/Binaries/Win64/UnrealEditor.modules" 750
"../../../Engine/Plugins/Runtime/Synthesis/Binaries/Win64/UnrealEditor.modules" 751
"../../../Engine/Plugins/Developer/DumpGPUServices/Binaries/Win64/UnrealEditor.modules" 752
"../../../Engine/Plugins/Developer/GitSourceControl/Binaries/Win64/UnrealEditor.modules" 753
"../../../Engine/Plugins/Developer/PerforceSourceControl/Binaries/Win64/UnrealEditor.modules" 754
"../../../Engine/Plugins/Developer/PixWinPlugin/Binaries/Win64/UnrealEditor.modules" 755
"../../../Engine/Plugins/Developer/PlasticSourceControl/Binaries/Win64/UnrealEditor.modules" 756
"../../../Engine/Plugins/Developer/PluginUtils/Binaries/Win64/UnrealEditor.modules" 757
"../../../Engine/Plugins/Developer/PropertyAccessNode/Binaries/Win64/UnrealEditor.modules" 758
"../../../Engine/Plugins/Developer/RenderDocPlugin/Binaries/Win64/UnrealEditor.modules" 759
"../../../Engine/Plugins/Developer/RiderSourceCodeAccess/Binaries/Win64/UnrealEditor.modules" 760
"../../../Engine/Plugins/Developer/SubversionSourceControl/Binaries/Win64/UnrealEditor.modules" 761
"../../../Engine/Plugins/Developer/TextureFormatOodle/Binaries/Win64/UnrealEditor.modules" 762
"../../../Engine/Plugins/Developer/TraceDataFiltering/Binaries/Win64/UnrealEditor.modules" 763
"../../../Engine/Plugins/Developer/UObjectPlugin/Binaries/Win64/UnrealEditor.modules" 764
"../../../Engine/Plugins/Developer/VisualStudioSourceCodeAccess/Binaries/Win64/UnrealEditor.modules" 765
"../../../Engine/Plugins/Editor/AssetManagerEditor/Binaries/Win64/UnrealEditor.modules" 766
"../../../Engine/Plugins/Editor/BlueprintHeaderView/Binaries/Win64/UnrealEditor.modules" 767
"../../../Engine/Plugins/Developer/VisualStudioCodeSourceCodeAccess/Binaries/Win64/UnrealEditor.modules" 768
"../../../Engine/Plugins/Editor/ChangelistReview/Binaries/Win64/UnrealEditor.modules" 769
"../../../Engine/Plugins/Editor/CryptoKeys/Binaries/Win64/UnrealEditor.modules" 770
"../../../Engine/Plugins/Editor/DataValidation/Binaries/Win64/UnrealEditor.modules" 771
"../../../Engine/Plugins/Editor/CurveEditorTools/Binaries/Win64/UnrealEditor.modules" 772
"../../../Engine/Plugins/Editor/EditorDebugTools/Binaries/Win64/UnrealEditor.modules" 773
"../../../Engine/Plugins/Editor/EngineAssetDefinitions/Binaries/Win64/UnrealEditor.modules" 774
"../../../Engine/Plugins/Editor/FacialAnimation/Binaries/Win64/UnrealEditor.modules" 775
"../../../Engine/Plugins/Editor/GameplayTagsEditor/Binaries/Win64/UnrealEditor.modules" 776
"../../../Engine/Plugins/Editor/GeometryMode/Binaries/Win64/UnrealEditor.modules" 777
"../../../Engine/Plugins/Editor/MaterialAnalyzer/Binaries/Win64/UnrealEditor.modules" 778
"../../../Engine/Plugins/Editor/MobileLauncherProfileWizard/Binaries/Win64/UnrealEditor.modules" 779
"../../../Engine/Plugins/Editor/PluginBrowser/Binaries/Win64/UnrealEditor.modules" 780
"../../../Engine/Plugins/Editor/SequencerAnimTools/Binaries/Win64/UnrealEditor.modules" 781
"../../../Engine/Plugins/Editor/SpeedTreeImporter/Binaries/Win64/UnrealEditor.modules" 782
"../../../Engine/Plugins/Editor/WorldPartitionHLODUtilities/Binaries/Win64/UnrealEditor.modules" 783
"../../../Engine/Plugins/Enterprise/DatasmithContent/Binaries/Win64/UnrealEditor.modules" 784
"../../../Engine/Plugins/Enterprise/GLTFExporter/Binaries/Win64/UnrealEditor.modules" 785
"../../../Engine/Plugins/Experimental/AutomationUtils/Binaries/Win64/UnrealEditor.modules" 786
"../../../Engine/Plugins/Experimental/BackChannel/Binaries/Win64/UnrealEditor.modules" 787
"../../../Engine/Plugins/Experimental/ChaosCloth/Binaries/Win64/UnrealEditor.modules" 788
"../../../Engine/Plugins/Experimental/ChaosCaching/Binaries/Win64/UnrealEditor.modules" 789
"../../../Engine/Plugins/VirtualProduction/Takes/Binaries/Win64/UnrealEditor.modules" 790
"../../../Engine/Plugins/Experimental/ChaosEditor/Binaries/Win64/UnrealEditor.modules" 791
"../../../Engine/Plugins/Experimental/PlanarCutPlugin/Binaries/Win64/UnrealEditor.modules" 792
"../../../Engine/Plugins/Experimental/GeometryCollectionPlugin/Binaries/Win64/UnrealEditor.modules" 793
"../../../Engine/Plugins/Experimental/Fracture/Binaries/Win64/UnrealEditor.modules" 794
"../../../Engine/Plugins/Experimental/ChaosSolverPlugin/Binaries/Win64/UnrealEditor.modules" 795
"../../../Engine/Plugins/Experimental/Dataflow/Binaries/Win64/UnrealEditor.modules" 796
"../../../Engine/Plugins/Experimental/ChaosNiagara/Binaries/Win64/UnrealEditor.modules" 797
"../../../Engine/Plugins/Experimental/ChaosUserDataPT/Binaries/Win64/UnrealEditor.modules" 798
"../../../Engine/Plugins/Experimental/CharacterAI/Binaries/Win64/UnrealEditor.modules" 799
"../../../Engine/Plugins/Experimental/ChaosClothEditor/Binaries/Win64/UnrealEditor.modules" 800
"../../../Engine/Plugins/Experimental/OpenImageDenoise/Binaries/Win64/UnrealEditor.modules" 801
"../../../Engine/Plugins/Experimental/PlatformCrypto/Binaries/Win64/UnrealEditor.modules" 802
"../../../Engine/Plugins/Experimental/SkeletalReduction/Binaries/Win64/UnrealEditor.modules" 803
"../../../Engine/Plugins/Experimental/UVEditor/Binaries/Win64/UnrealEditor.modules" 804
"../../../Engine/Plugins/Media/AndroidMedia/Binaries/Win64/UnrealEditor.modules" 805
"../../../Engine/Plugins/Media/AvfMedia/Binaries/Win64/UnrealEditor.modules" 806
"../../../Engine/Plugins/Media/ImgMedia/Binaries/Win64/UnrealEditor.modules" 807
"../../../Engine/Plugins/Media/MediaPlayerEditor/Binaries/Win64/UnrealEditor.modules" 808
"../../../Engine/Plugins/Media/MediaCompositing/Binaries/Win64/UnrealEditor.modules" 809
"../../../Engine/Plugins/Media/MediaPlate/Binaries/Win64/UnrealEditor.modules" 810
"../../../Engine/Plugins/Media/WmfMedia/Binaries/Win64/UnrealEditor.modules" 811
"../../../Engine/Plugins/Messaging/TcpMessaging/Binaries/Win64/UnrealEditor.modules" 812
"../../../Engine/Plugins/Messaging/UdpMessaging/Binaries/Win64/UnrealEditor.modules" 813
"../../../Engine/Plugins/Online/OnlineBase/Binaries/Win64/UnrealEditor.modules" 814
"../../../Engine/Plugins/Online/OnlineSubsystem/Binaries/Win64/UnrealEditor.modules" 815
"../../../Engine/Plugins/Online/OnlineSubsystemNull/Binaries/Win64/UnrealEditor.modules" 816
"../../../Engine/Plugins/Online/OnlineSubsystemUtils/Binaries/Win64/UnrealEditor.modules" 817
"../../../Engine/Plugins/Online/OnlineServices/Binaries/Win64/UnrealEditor.modules" 818
"../../../Engine/Plugins/Tests/InterchangeTests/Binaries/Win64/UnrealEditor.modules" 819
"../../../Engine/Plugins/2D/Paper2D/Binaries/Win64/UnrealEditor.modules" 820
"../../../Engine/Plugins/MovieScene/ActorSequence/Binaries/Win64/UnrealEditor.modules" 821
"../../../Engine/Plugins/Portal/LauncherChunkInstaller/Binaries/Win64/UnrealEditor.modules" 822
"../../../Engine/Plugins/Marketplace/Developer/RiderLink/Binaries/Win64/UnrealEditor.modules" 823
"../../../Engine/Plugins/Editor/ContentBrowser/ContentBrowserAssetDataSource/Binaries/Win64/UnrealEditor.modules" 824
"../../../Engine/Plugins/Editor/ContentBrowser/ContentBrowserClassDataSource/Binaries/Win64/UnrealEditor.modules" 825
"../../../Engine/Plugins/Editor/ObjectMixer/LightMixer/Binaries/Win64/UnrealEditor.modules" 826
"../../../Engine/Plugins/Editor/ObjectMixer/ObjectMixer/Binaries/Win64/UnrealEditor.modules" 827
"C:/Users/emanu/AppData/Local/UnrealEngine/5.2/Saved/Config/WindowsEditor/SourceControlSettings.ini" 828
"../../../Engine/Content/Certificates/ThirdParty/cacert.pem" 829
"../../../Engine/Config/ConsoleVariables.ini" 830
"../../../Engine/Binaries/Win64/Android/UnrealEditor.modules" 831
"../../../Engine/Binaries/Win64/IOS/UnrealEditor.modules" 832
"../../../Engine/Binaries/Win64/Linux/UnrealEditor.modules" 833
"../../../Engine/Binaries/Win64/LinuxArm64/UnrealEditor.modules" 834
"../../../Engine/Plugins/Online/OnlineSubsystem/Content/Localization/OnlineSubsystem/it/OnlineSubsystem.locres" 835
"../../../Engine/Plugins/Online/OnlineSubsystemUtils/Content/Localization/OnlineSubsystemUtils/it/OnlineSubsystemUtils.locres" 836
"../../../Engine/Plugins/Online/IOS/OnlineSubsystemIOS/Content/Localization/OnlineSubsystemIOS/it/OnlineSubsystemIOS.locres" 837
"../../../Engine/Plugins/Online/Android/OnlineSubsystemGooglePlay/Content/Localization/OnlineSubsystemGooglePlay/it/OnlineSubsystemGooglePlay.locres" 838
"../../../Engine/Content/Internationalization/icudt64l/numberingSystems.res" 839
"../../../Engine/Content/Internationalization/icudt64l/curr/supplementalData.res" 840
"../../../Engine/Content/Internationalization/icudt64l/curr/it.res" 841
"../../../Engine/Content/Internationalization/icudt64l/curr/pool.res" 842
"../../../Engine/Content/Internationalization/icudt64l/curr/root.res" 843
"../../../Engine/Content/Internationalization/icudt64l/lang/af.res" 844
"../../../Engine/Content/Internationalization/icudt64l/region/af.res" 845
"../../../Engine/Content/Internationalization/icudt64l/lang/agq.res" 846
"../../../Engine/Content/Internationalization/icudt64l/region/agq.res" 847
"../../../Engine/Content/Internationalization/icudt64l/lang/ak.res" 848
"../../../Engine/Content/Internationalization/icudt64l/region/ak.res" 849
"../../../Engine/Content/Internationalization/icudt64l/lang/am.res" 850
"../../../Engine/Content/Internationalization/icudt64l/region/am.res" 851
"../../../Engine/Content/Internationalization/icudt64l/lang/ar.res" 852
"../../../Engine/Content/Internationalization/icudt64l/region/ar.res" 853
"../../../Engine/Content/Internationalization/icudt64l/region/ar_AE.res" 854
"../../../Engine/Content/Internationalization/icudt64l/lang/ar_EG.res" 855
"../../../Engine/Content/Internationalization/icudt64l/lang/ar_LY.res" 856
"../../../Engine/Content/Internationalization/icudt64l/region/ar_LY.res" 857
"../../../Engine/Content/Internationalization/icudt64l/lang/ar_SA.res" 858
"../../../Engine/Content/Internationalization/icudt64l/region/ar_SA.res" 859
"../../../Engine/Content/Internationalization/icudt64l/lang/as.res" 860
"../../../Engine/Content/Internationalization/icudt64l/region/as.res" 861
"../../../Engine/Content/Internationalization/icudt64l/lang/asa.res" 862
"../../../Engine/Content/Internationalization/icudt64l/region/asa.res" 863
"../../../Engine/Content/Internationalization/icudt64l/lang/ast.res" 864
"../../../Engine/Content/Internationalization/icudt64l/region/ast.res" 865
"../../../Engine/Content/Internationalization/icudt64l/lang/az.res" 866
"../../../Engine/Content/Internationalization/icudt64l/lang/az_Cyrl.res" 867
"../../../Engine/Content/Internationalization/icudt64l/lang/az_AZ.res" 868
"../../../Engine/Content/Internationalization/icudt64l/lang/az_Latn_AZ.res" 869
"../../../Engine/Content/Internationalization/icudt64l/lang/az_Latn.res" 870
"../../../Engine/Content/Internationalization/icudt64l/region/az_AZ.res" 871
"../../../Engine/Content/Internationalization/icudt64l/region/az_Latn_AZ.res" 872
"../../../Engine/Content/Internationalization/icudt64l/region/az_Latn.res" 873
"../../../Engine/Content/Internationalization/icudt64l/region/az.res" 874
"../../../Engine/Content/Internationalization/icudt64l/region/az_Cyrl.res" 875
"../../../Engine/Content/Internationalization/icudt64l/lang/bas.res" 876
"../../../Engine/Content/Internationalization/icudt64l/region/bas.res" 877
"../../../Engine/Content/Internationalization/icudt64l/lang/be.res" 878
"../../../Engine/Content/Internationalization/icudt64l/region/be.res" 879
"../../../Engine/Content/Internationalization/icudt64l/lang/bem.res" 880
"../../../Engine/Content/Internationalization/icudt64l/region/bem.res" 881
"../../../Engine/Content/Internationalization/icudt64l/lang/bez.res" 882
"../../../Engine/Content/Internationalization/icudt64l/region/bez.res" 883
"../../../Engine/Content/Internationalization/icudt64l/lang/bg.res" 884
"../../../Engine/Content/Internationalization/icudt64l/region/bg.res" 885
"../../../Engine/Content/Internationalization/icudt64l/lang/bm.res" 886
"../../../Engine/Content/Internationalization/icudt64l/region/bm.res" 887
"../../../Engine/Content/Internationalization/icudt64l/lang/bn.res" 888
"../../../Engine/Content/Internationalization/icudt64l/region/bn.res" 889
"../../../Engine/Content/Internationalization/icudt64l/lang/bn_IN.res" 890
"../../../Engine/Content/Internationalization/icudt64l/region/bn_IN.res" 891
"../../../Engine/Content/Internationalization/icudt64l/lang/bo.res" 892
"../../../Engine/Content/Internationalization/icudt64l/region/bo.res" 893
"../../../Engine/Content/Internationalization/icudt64l/region/bo_IN.res" 894
"../../../Engine/Content/Internationalization/icudt64l/lang/br.res" 895
"../../../Engine/Content/Internationalization/icudt64l/region/br.res" 896
"../../../Engine/Content/Internationalization/icudt64l/lang/brx.res" 897
"../../../Engine/Content/Internationalization/icudt64l/region/brx.res" 898
"../../../Engine/Content/Internationalization/icudt64l/lang/bs.res" 899
"../../../Engine/Content/Internationalization/icudt64l/lang/bs_Cyrl.res" 900
"../../../Engine/Content/Internationalization/icudt64l/lang/bs_BA.res" 901
"../../../Engine/Content/Internationalization/icudt64l/lang/bs_Latn_BA.res" 902
"../../../Engine/Content/Internationalization/icudt64l/lang/bs_Latn.res" 903
"../../../Engine/Content/Internationalization/icudt64l/region/bs_BA.res" 904
"../../../Engine/Content/Internationalization/icudt64l/region/bs_Latn_BA.res" 905
"../../../Engine/Content/Internationalization/icudt64l/region/bs_Latn.res" 906
"../../../Engine/Content/Internationalization/icudt64l/region/bs.res" 907
"../../../Engine/Content/Internationalization/icudt64l/region/bs_Cyrl.res" 908
"../../../Engine/Content/Internationalization/icudt64l/lang/ca.res" 909
"../../../Engine/Content/Internationalization/icudt64l/region/ca.res" 910
"../../../Engine/Content/Internationalization/icudt64l/lang/ccp.res" 911
"../../../Engine/Content/Internationalization/icudt64l/region/ccp.res" 912
"../../../Engine/Content/Internationalization/icudt64l/lang/ce.res" 913
"../../../Engine/Content/Internationalization/icudt64l/region/ce.res" 914
"../../../Engine/Content/Internationalization/icudt64l/lang/ceb.res" 915
"../../../Engine/Content/Internationalization/icudt64l/region/ceb.res" 916
"../../../Engine/Content/Internationalization/icudt64l/lang/cgg.res" 917
"../../../Engine/Content/Internationalization/icudt64l/region/cgg.res" 918
"../../../Engine/Content/Internationalization/icudt64l/lang/chr.res" 919
"../../../Engine/Content/Internationalization/icudt64l/region/chr.res" 920
"../../../Engine/Content/Internationalization/icudt64l/lang/ckb.res" 921
"../../../Engine/Content/Internationalization/icudt64l/region/ckb.res" 922
"../../../Engine/Content/Internationalization/icudt64l/lang/cs.res" 923
"../../../Engine/Content/Internationalization/icudt64l/region/cs.res" 924
"../../../Engine/Content/Internationalization/icudt64l/lang/cy.res" 925
"../../../Engine/Content/Internationalization/icudt64l/region/cy.res" 926
"../../../Engine/Content/Internationalization/icudt64l/lang/da.res" 927
"../../../Engine/Content/Internationalization/icudt64l/region/da.res" 928
"../../../Engine/Content/Internationalization/icudt64l/lang/dav.res" 929
"../../../Engine/Content/Internationalization/icudt64l/region/dav.res" 930
"../../../Engine/Content/Internationalization/icudt64l/lang/de.res" 931
"../../../Engine/Content/Internationalization/icudt64l/lang/de_AT.res" 932
"../../../Engine/Content/Internationalization/icudt64l/region/de_AT.res" 933
"../../../Engine/Content/Internationalization/icudt64l/region/de.res" 934
"../../../Engine/Content/Internationalization/icudt64l/lang/de_CH.res" 935
"../../../Engine/Content/Internationalization/icudt64l/region/de_CH.res" 936
"../../../Engine/Content/Internationalization/icudt64l/lang/de_LU.res" 937
"../../../Engine/Content/Internationalization/icudt64l/lang/dje.res" 938
"../../../Engine/Content/Internationalization/icudt64l/region/dje.res" 939
"../../../Engine/Content/Internationalization/icudt64l/lang/dsb.res" 940
"../../../Engine/Content/Internationalization/icudt64l/region/dsb.res" 941
"../../../Engine/Content/Internationalization/icudt64l/lang/dua.res" 942
"../../../Engine/Content/Internationalization/icudt64l/region/dua.res" 943
"../../../Engine/Content/Internationalization/icudt64l/lang/dyo.res" 944
"../../../Engine/Content/Internationalization/icudt64l/region/dyo.res" 945
"../../../Engine/Content/Internationalization/icudt64l/lang/dz.res" 946
"../../../Engine/Content/Internationalization/icudt64l/region/dz.res" 947
"../../../Engine/Content/Internationalization/icudt64l/lang/ebu.res" 948
"../../../Engine/Content/Internationalization/icudt64l/region/ebu.res" 949
"../../../Engine/Content/Internationalization/icudt64l/lang/ee.res" 950
"../../../Engine/Content/Internationalization/icudt64l/region/ee.res" 951
"../../../Engine/Content/Internationalization/icudt64l/lang/el.res" 952
"../../../Engine/Content/Internationalization/icudt64l/region/el.res" 953
"../../../Engine/Content/Internationalization/icudt64l/lang/en_001.res" 954
"../../../Engine/Content/Internationalization/icudt64l/lang/en_150.res" 955
"../../../Engine/Content/Internationalization/icudt64l/region/en_150.res" 956
"../../../Engine/Content/Internationalization/icudt64l/lang/en_AG.res" 957
"../../../Engine/Content/Internationalization/icudt64l/region/en_AG.res" 958
"../../../Engine/Content/Internationalization/icudt64l/lang/en_AI.res" 959
"../../../Engine/Content/Internationalization/icudt64l/region/en_AI.res" 960
"../../../Engine/Content/Internationalization/icudt64l/lang/en_AT.res" 961
"../../../Engine/Content/Internationalization/icudt64l/region/en_AT.res" 962
"../../../Engine/Content/Internationalization/icudt64l/lang/en_AU.res" 963
"../../../Engine/Content/Internationalization/icudt64l/region/en_AU.res" 964
"../../../Engine/Content/Internationalization/icudt64l/lang/en_BB.res" 965
"../../../Engine/Content/Internationalization/icudt64l/region/en_BB.res" 966
"../../../Engine/Content/Internationalization/icudt64l/lang/en_BE.res" 967
"../../../Engine/Content/Internationalization/icudt64l/region/en_BE.res" 968
"../../../Engine/Content/Internationalization/icudt64l/lang/en_BM.res" 969
"../../../Engine/Content/Internationalization/icudt64l/region/en_BM.res" 970
"../../../Engine/Content/Internationalization/icudt64l/lang/en_BS.res" 971
"../../../Engine/Content/Internationalization/icudt64l/region/en_BS.res" 972
"../../../Engine/Content/Internationalization/icudt64l/lang/en_BW.res" 973
"../../../Engine/Content/Internationalization/icudt64l/region/en_BW.res" 974
"../../../Engine/Content/Internationalization/icudt64l/lang/en_BZ.res" 975
"../../../Engine/Content/Internationalization/icudt64l/region/en_BZ.res" 976
"../../../Engine/Content/Internationalization/icudt64l/lang/en_CA.res" 977
"../../../Engine/Content/Internationalization/icudt64l/region/en_CA.res" 978
"../../../Engine/Content/Internationalization/icudt64l/lang/en_CC.res" 979
"../../../Engine/Content/Internationalization/icudt64l/region/en_CC.res" 980
"../../../Engine/Content/Internationalization/icudt64l/lang/en_CH.res" 981
"../../../Engine/Content/Internationalization/icudt64l/region/en_CH.res" 982
"../../../Engine/Content/Internationalization/icudt64l/lang/en_CK.res" 983
"../../../Engine/Content/Internationalization/icudt64l/region/en_CK.res" 984
"../../../Engine/Content/Internationalization/icudt64l/lang/en_CM.res" 985
"../../../Engine/Content/Internationalization/icudt64l/region/en_CM.res" 986
"../../../Engine/Content/Internationalization/icudt64l/lang/en_CX.res" 987
"../../../Engine/Content/Internationalization/icudt64l/region/en_CX.res" 988
"../../../Engine/Content/Internationalization/icudt64l/lang/en_CY.res" 989
"../../../Engine/Content/Internationalization/icudt64l/region/en_CY.res" 990
"../../../Engine/Content/Internationalization/icudt64l/lang/en_DE.res" 991
"../../../Engine/Content/Internationalization/icudt64l/region/en_DE.res" 992
"../../../Engine/Content/Internationalization/icudt64l/lang/en_DG.res" 993
"../../../Engine/Content/Internationalization/icudt64l/region/en_DG.res" 994
"../../../Engine/Content/Internationalization/icudt64l/lang/en_DK.res" 995
"../../../Engine/Content/Internationalization/icudt64l/region/en_DK.res" 996
"../../../Engine/Content/Internationalization/icudt64l/lang/en_DM.res" 997
"../../../Engine/Content/Internationalization/icudt64l/region/en_DM.res" 998
"../../../Engine/Content/Internationalization/icudt64l/lang/en_ER.res" 999
"../../../Engine/Content/Internationalization/icudt64l/region/en_ER.res" 1000
"../../../Engine/Content/Internationalization/icudt64l/lang/en_FI.res" 1001
"../../../Engine/Content/Internationalization/icudt64l/region/en_FI.res" 1002
"../../../Engine/Content/Internationalization/icudt64l/lang/en_FJ.res" 1003
"../../../Engine/Content/Internationalization/icudt64l/region/en_FJ.res" 1004
"../../../Engine/Content/Internationalization/icudt64l/lang/en_FK.res" 1005
"../../../Engine/Content/Internationalization/icudt64l/region/en_FK.res" 1006
"../../../Engine/Content/Internationalization/icudt64l/lang/en_FM.res" 1007
"../../../Engine/Content/Internationalization/icudt64l/region/en_FM.res" 1008
"../../../Engine/Content/Internationalization/icudt64l/lang/en_GB.res" 1009
"../../../Engine/Content/Internationalization/icudt64l/region/en_GB.res" 1010
"../../../Engine/Content/Internationalization/icudt64l/lang/en_GD.res" 1011
"../../../Engine/Content/Internationalization/icudt64l/region/en_GD.res" 1012
"../../../Engine/Content/Internationalization/icudt64l/lang/en_GG.res" 1013
"../../../Engine/Content/Internationalization/icudt64l/region/en_GG.res" 1014
"../../../Engine/Content/Internationalization/icudt64l/lang/en_GH.res" 1015
"../../../Engine/Content/Internationalization/icudt64l/region/en_GH.res" 1016
"../../../Engine/Content/Internationalization/icudt64l/lang/en_GI.res" 1017
"../../../Engine/Content/Internationalization/icudt64l/region/en_GI.res" 1018
"../../../Engine/Content/Internationalization/icudt64l/lang/en_GM.res" 1019
"../../../Engine/Content/Internationalization/icudt64l/region/en_GM.res" 1020
"../../../Engine/Content/Internationalization/icudt64l/lang/en_GY.res" 1021
"../../../Engine/Content/Internationalization/icudt64l/region/en_GY.res" 1022
"../../../Engine/Content/Internationalization/icudt64l/lang/en_HK.res" 1023
"../../../Engine/Content/Internationalization/icudt64l/region/en_HK.res" 1024
"../../../Engine/Content/Internationalization/icudt64l/lang/en_IE.res" 1025
"../../../Engine/Content/Internationalization/icudt64l/region/en_IE.res" 1026
"../../../Engine/Content/Internationalization/icudt64l/lang/en_IL.res" 1027
"../../../Engine/Content/Internationalization/icudt64l/region/en_IL.res" 1028
"../../../Engine/Content/Internationalization/icudt64l/lang/en_IM.res" 1029
"../../../Engine/Content/Internationalization/icudt64l/region/en_IM.res" 1030
"../../../Engine/Content/Internationalization/icudt64l/lang/en_IN.res" 1031
"../../../Engine/Content/Internationalization/icudt64l/region/en_IN.res" 1032
"../../../Engine/Content/Internationalization/icudt64l/lang/en_IO.res" 1033
"../../../Engine/Content/Internationalization/icudt64l/region/en_IO.res" 1034
"../../../Engine/Content/Internationalization/icudt64l/lang/en_JE.res" 1035
"../../../Engine/Content/Internationalization/icudt64l/region/en_JE.res" 1036
"../../../Engine/Content/Internationalization/icudt64l/lang/en_JM.res" 1037
"../../../Engine/Content/Internationalization/icudt64l/region/en_JM.res" 1038
"../../../Engine/Content/Internationalization/icudt64l/lang/en_KE.res" 1039
"../../../Engine/Content/Internationalization/icudt64l/region/en_KE.res" 1040
"../../../Engine/Content/Internationalization/icudt64l/lang/en_KI.res" 1041
"../../../Engine/Content/Internationalization/icudt64l/region/en_KI.res" 1042
"../../../Engine/Content/Internationalization/icudt64l/lang/en_KN.res" 1043
"../../../Engine/Content/Internationalization/icudt64l/region/en_KN.res" 1044
"../../../Engine/Content/Internationalization/icudt64l/lang/en_KY.res" 1045
"../../../Engine/Content/Internationalization/icudt64l/region/en_KY.res" 1046
"../../../Engine/Content/Internationalization/icudt64l/lang/en_LC.res" 1047
"../../../Engine/Content/Internationalization/icudt64l/region/en_LC.res" 1048
"../../../Engine/Content/Internationalization/icudt64l/lang/en_LR.res" 1049
"../../../Engine/Content/Internationalization/icudt64l/region/en_LR.res" 1050
"../../../Engine/Content/Internationalization/icudt64l/lang/en_LS.res" 1051
"../../../Engine/Content/Internationalization/icudt64l/region/en_LS.res" 1052
"../../../Engine/Content/Internationalization/icudt64l/lang/en_MG.res" 1053
"../../../Engine/Content/Internationalization/icudt64l/region/en_MG.res" 1054
"../../../Engine/Content/Internationalization/icudt64l/lang/en_MO.res" 1055
"../../../Engine/Content/Internationalization/icudt64l/region/en_MO.res" 1056
"../../../Engine/Content/Internationalization/icudt64l/lang/en_MS.res" 1057
"../../../Engine/Content/Internationalization/icudt64l/region/en_MS.res" 1058
"../../../Engine/Content/Internationalization/icudt64l/lang/en_MT.res" 1059
"../../../Engine/Content/Internationalization/icudt64l/region/en_MT.res" 1060
"../../../Engine/Content/Internationalization/icudt64l/lang/en_MU.res" 1061
"../../../Engine/Content/Internationalization/icudt64l/region/en_MU.res" 1062
"../../../Engine/Content/Internationalization/icudt64l/lang/en_MW.res" 1063
"../../../Engine/Content/Internationalization/icudt64l/region/en_MW.res" 1064
"../../../Engine/Content/Internationalization/icudt64l/lang/en_MY.res" 1065
"../../../Engine/Content/Internationalization/icudt64l/region/en_MY.res" 1066
"../../../Engine/Content/Internationalization/icudt64l/lang/en_NA.res" 1067
"../../../Engine/Content/Internationalization/icudt64l/region/en_NA.res" 1068
"../../../Engine/Content/Internationalization/icudt64l/lang/en_NF.res" 1069
"../../../Engine/Content/Internationalization/icudt64l/region/en_NF.res" 1070
"../../../Engine/Content/Internationalization/icudt64l/lang/en_NG.res" 1071
"../../../Engine/Content/Internationalization/icudt64l/region/en_NG.res" 1072
"../../../Engine/Content/Internationalization/icudt64l/lang/en_NL.res" 1073
"../../../Engine/Content/Internationalization/icudt64l/region/en_NL.res" 1074
"../../../Engine/Content/Internationalization/icudt64l/lang/en_NR.res" 1075
"../../../Engine/Content/Internationalization/icudt64l/region/en_NR.res" 1076
"../../../Engine/Content/Internationalization/icudt64l/lang/en_NU.res" 1077
"../../../Engine/Content/Internationalization/icudt64l/region/en_NU.res" 1078
"../../../Engine/Content/Internationalization/icudt64l/lang/en_NZ.res" 1079
"../../../Engine/Content/Internationalization/icudt64l/region/en_NZ.res" 1080
"../../../Engine/Content/Internationalization/icudt64l/lang/en_PG.res" 1081
"../../../Engine/Content/Internationalization/icudt64l/region/en_PG.res" 1082
"../../../Engine/Content/Internationalization/icudt64l/lang/en_PH.res" 1083
"../../../Engine/Content/Internationalization/icudt64l/region/en_PH.res" 1084
"../../../Engine/Content/Internationalization/icudt64l/lang/en_PK.res" 1085
"../../../Engine/Content/Internationalization/icudt64l/region/en_PK.res" 1086
"../../../Engine/Content/Internationalization/icudt64l/lang/en_PN.res" 1087
"../../../Engine/Content/Internationalization/icudt64l/region/en_PN.res" 1088
"../../../Engine/Content/Internationalization/icudt64l/lang/en_PW.res" 1089
"../../../Engine/Content/Internationalization/icudt64l/region/en_PW.res" 1090
"../../../Engine/Content/Internationalization/icudt64l/lang/en_RW.res" 1091
"../../../Engine/Content/Internationalization/icudt64l/region/en_RW.res" 1092
"../../../Engine/Content/Internationalization/icudt64l/lang/en_SB.res" 1093
"../../../Engine/Content/Internationalization/icudt64l/region/en_SB.res" 1094
"../../../Engine/Content/Internationalization/icudt64l/lang/en_SC.res" 1095
"../../../Engine/Content/Internationalization/icudt64l/region/en_SC.res" 1096
"../../../Engine/Content/Internationalization/icudt64l/lang/en_SD.res" 1097
"../../../Engine/Content/Internationalization/icudt64l/region/en_SD.res" 1098
"../../../Engine/Content/Internationalization/icudt64l/lang/en_SE.res" 1099
"../../../Engine/Content/Internationalization/icudt64l/region/en_SE.res" 1100
"../../../Engine/Content/Internationalization/icudt64l/lang/en_SG.res" 1101
"../../../Engine/Content/Internationalization/icudt64l/region/en_SG.res" 1102
"../../../Engine/Content/Internationalization/icudt64l/lang/en_SH.res" 1103
"../../../Engine/Content/Internationalization/icudt64l/region/en_SH.res" 1104
"../../../Engine/Content/Internationalization/icudt64l/lang/en_SI.res" 1105
"../../../Engine/Content/Internationalization/icudt64l/region/en_SI.res" 1106
"../../../Engine/Content/Internationalization/icudt64l/lang/en_SL.res" 1107
"../../../Engine/Content/Internationalization/icudt64l/region/en_SL.res" 1108
"../../../Engine/Content/Internationalization/icudt64l/lang/en_SS.res" 1109
"../../../Engine/Content/Internationalization/icudt64l/region/en_SS.res" 1110
"../../../Engine/Content/Internationalization/icudt64l/lang/en_SX.res" 1111
"../../../Engine/Content/Internationalization/icudt64l/region/en_SX.res" 1112
"../../../Engine/Content/Internationalization/icudt64l/lang/en_SZ.res" 1113
"../../../Engine/Content/Internationalization/icudt64l/region/en_SZ.res" 1114
"../../../Engine/Content/Internationalization/icudt64l/lang/en_TC.res" 1115
"../../../Engine/Content/Internationalization/icudt64l/region/en_TC.res" 1116
"../../../Engine/Content/Internationalization/icudt64l/lang/en_TK.res" 1117
"../../../Engine/Content/Internationalization/icudt64l/region/en_TK.res" 1118
"../../../Engine/Content/Internationalization/icudt64l/lang/en_TO.res" 1119
"../../../Engine/Content/Internationalization/icudt64l/region/en_TO.res" 1120
"../../../Engine/Content/Internationalization/icudt64l/lang/en_TT.res" 1121
"../../../Engine/Content/Internationalization/icudt64l/region/en_TT.res" 1122
"../../../Engine/Content/Internationalization/icudt64l/lang/en_TV.res" 1123
"../../../Engine/Content/Internationalization/icudt64l/region/en_TV.res" 1124
"../../../Engine/Content/Internationalization/icudt64l/lang/en_TZ.res" 1125
"../../../Engine/Content/Internationalization/icudt64l/region/en_TZ.res" 1126
"../../../Engine/Content/Internationalization/icudt64l/lang/en_UG.res" 1127
"../../../Engine/Content/Internationalization/icudt64l/region/en_UG.res" 1128
"../../../Engine/Content/Internationalization/icudt64l/lang/en_VC.res" 1129
"../../../Engine/Content/Internationalization/icudt64l/region/en_VC.res" 1130
"../../../Engine/Content/Internationalization/icudt64l/lang/en_VG.res" 1131
"../../../Engine/Content/Internationalization/icudt64l/region/en_VG.res" 1132
"../../../Engine/Content/Internationalization/icudt64l/lang/en_VU.res" 1133
"../../../Engine/Content/Internationalization/icudt64l/region/en_VU.res" 1134
"../../../Engine/Content/Internationalization/icudt64l/lang/en_WS.res" 1135
"../../../Engine/Content/Internationalization/icudt64l/region/en_WS.res" 1136
"../../../Engine/Content/Internationalization/icudt64l/lang/en_ZA.res" 1137
"../../../Engine/Content/Internationalization/icudt64l/region/en_ZA.res" 1138
"../../../Engine/Content/Internationalization/icudt64l/lang/en_ZM.res" 1139
"../../../Engine/Content/Internationalization/icudt64l/region/en_ZM.res" 1140
"../../../Engine/Content/Internationalization/icudt64l/lang/en_ZW.res" 1141
"../../../Engine/Content/Internationalization/icudt64l/region/en_ZW.res" 1142
"../../../Engine/Content/Internationalization/icudt64l/lang/eo.res" 1143
"../../../Engine/Content/Internationalization/icudt64l/region/eo.res" 1144
"../../../Engine/Content/Internationalization/icudt64l/lang/es.res" 1145
"../../../Engine/Content/Internationalization/icudt64l/lang/es_419.res" 1146
"../../../Engine/Content/Internationalization/icudt64l/region/es_419.res" 1147
"../../../Engine/Content/Internationalization/icudt64l/region/es.res" 1148
"../../../Engine/Content/Internationalization/icudt64l/lang/es_AR.res" 1149
"../../../Engine/Content/Internationalization/icudt64l/region/es_AR.res" 1150
"../../../Engine/Content/Internationalization/icudt64l/lang/es_BO.res" 1151
"../../../Engine/Content/Internationalization/icudt64l/region/es_BO.res" 1152
"../../../Engine/Content/Internationalization/icudt64l/lang/es_BR.res" 1153
"../../../Engine/Content/Internationalization/icudt64l/region/es_BR.res" 1154
"../../../Engine/Content/Internationalization/icudt64l/lang/es_BZ.res" 1155
"../../../Engine/Content/Internationalization/icudt64l/region/es_BZ.res" 1156
"../../../Engine/Content/Internationalization/icudt64l/lang/es_CL.res" 1157
"../../../Engine/Content/Internationalization/icudt64l/region/es_CL.res" 1158
"../../../Engine/Content/Internationalization/icudt64l/lang/es_CO.res" 1159
"../../../Engine/Content/Internationalization/icudt64l/region/es_CO.res" 1160
"../../../Engine/Content/Internationalization/icudt64l/lang/es_CR.res" 1161
"../../../Engine/Content/Internationalization/icudt64l/region/es_CR.res" 1162
"../../../Engine/Content/Internationalization/icudt64l/lang/es_CU.res" 1163
"../../../Engine/Content/Internationalization/icudt64l/region/es_CU.res" 1164
"../../../Engine/Content/Internationalization/icudt64l/lang/es_DO.res" 1165
"../../../Engine/Content/Internationalization/icudt64l/region/es_DO.res" 1166
"../../../Engine/Content/Internationalization/icudt64l/lang/es_EC.res" 1167
"../../../Engine/Content/Internationalization/icudt64l/region/es_EC.res" 1168
"../../../Engine/Content/Internationalization/icudt64l/lang/es_GT.res" 1169
"../../../Engine/Content/Internationalization/icudt64l/region/es_GT.res" 1170
"../../../Engine/Content/Internationalization/icudt64l/lang/es_HN.res" 1171
"../../../Engine/Content/Internationalization/icudt64l/region/es_HN.res" 1172
"../../../Engine/Content/Internationalization/icudt64l/lang/es_MX.res" 1173
"../../../Engine/Content/Internationalization/icudt64l/region/es_MX.res" 1174
"../../../Engine/Content/Internationalization/icudt64l/lang/es_NI.res" 1175
"../../../Engine/Content/Internationalization/icudt64l/region/es_NI.res" 1176
"../../../Engine/Content/Internationalization/icudt64l/lang/es_PA.res" 1177
"../../../Engine/Content/Internationalization/icudt64l/region/es_PA.res" 1178
"../../../Engine/Content/Internationalization/icudt64l/lang/es_PE.res" 1179
"../../../Engine/Content/Internationalization/icudt64l/region/es_PE.res" 1180
"../../../Engine/Content/Internationalization/icudt64l/lang/es_PR.res" 1181
"../../../Engine/Content/Internationalization/icudt64l/region/es_PR.res" 1182
"../../../Engine/Content/Internationalization/icudt64l/lang/es_PY.res" 1183
"../../../Engine/Content/Internationalization/icudt64l/region/es_PY.res" 1184
"../../../Engine/Content/Internationalization/icudt64l/lang/es_SV.res" 1185
"../../../Engine/Content/Internationalization/icudt64l/region/es_SV.res" 1186
"../../../Engine/Content/Internationalization/icudt64l/lang/es_US.res" 1187
"../../../Engine/Content/Internationalization/icudt64l/region/es_US.res" 1188
"../../../Engine/Content/Internationalization/icudt64l/lang/es_UY.res" 1189
"../../../Engine/Content/Internationalization/icudt64l/region/es_UY.res" 1190
"../../../Engine/Content/Internationalization/icudt64l/lang/es_VE.res" 1191
"../../../Engine/Content/Internationalization/icudt64l/region/es_VE.res" 1192
"../../../Engine/Content/Internationalization/icudt64l/lang/et.res" 1193
"../../../Engine/Content/Internationalization/icudt64l/region/et.res" 1194
"../../../Engine/Content/Internationalization/icudt64l/lang/eu.res" 1195
"../../../Engine/Content/Internationalization/icudt64l/region/eu.res" 1196
"../../../Engine/Content/Internationalization/icudt64l/lang/ewo.res" 1197
"../../../Engine/Content/Internationalization/icudt64l/region/ewo.res" 1198
"../../../Engine/Content/Internationalization/icudt64l/lang/fa.res" 1199
"../../../Engine/Content/Internationalization/icudt64l/lang/fa_AF.res" 1200
"../../../Engine/Content/Internationalization/icudt64l/region/fa_AF.res" 1201
"../../../Engine/Content/Internationalization/icudt64l/region/fa.res" 1202
"../../../Engine/Content/Internationalization/icudt64l/lang/ff.res" 1203
"../../../Engine/Content/Internationalization/icudt64l/lang/ff_Latn.res" 1204
"../../../Engine/Content/Internationalization/icudt64l/region/ff.res" 1205
"../../../Engine/Content/Internationalization/icudt64l/region/ff_Latn.res" 1206
"../../../Engine/Content/Internationalization/icudt64l/lang/ff_CM.res" 1207
"../../../Engine/Content/Internationalization/icudt64l/lang/ff_Latn_CM.res" 1208
"../../../Engine/Content/Internationalization/icudt64l/region/ff_CM.res" 1209
"../../../Engine/Content/Internationalization/icudt64l/region/ff_Latn_CM.res" 1210
"../../../Engine/Content/Internationalization/icudt64l/lang/ff_GN.res" 1211
"../../../Engine/Content/Internationalization/icudt64l/lang/ff_Latn_GN.res" 1212
"../../../Engine/Content/Internationalization/icudt64l/region/ff_GN.res" 1213
"../../../Engine/Content/Internationalization/icudt64l/region/ff_Latn_GN.res" 1214
"../../../Engine/Content/Internationalization/icudt64l/lang/ff_MR.res" 1215
"../../../Engine/Content/Internationalization/icudt64l/lang/ff_Latn_MR.res" 1216
"../../../Engine/Content/Internationalization/icudt64l/region/ff_MR.res" 1217
"../../../Engine/Content/Internationalization/icudt64l/region/ff_Latn_MR.res" 1218
"../../../Engine/Content/Internationalization/icudt64l/lang/ff_SN.res" 1219
"../../../Engine/Content/Internationalization/icudt64l/lang/ff_Latn_SN.res" 1220
"../../../Engine/Content/Internationalization/icudt64l/region/ff_SN.res" 1221
"../../../Engine/Content/Internationalization/icudt64l/region/ff_Latn_SN.res" 1222
"../../../Engine/Content/Internationalization/icudt64l/lang/fi.res" 1223
"../../../Engine/Content/Internationalization/icudt64l/region/fi.res" 1224
"../../../Engine/Content/Internationalization/icudt64l/lang/fil.res" 1225
"../../../Engine/Content/Internationalization/icudt64l/lang/fil_PH.res" 1226
"../../../Engine/Content/Internationalization/icudt64l/region/fil_PH.res" 1227
"../../../Engine/Content/Internationalization/icudt64l/region/fil.res" 1228
"../../../Engine/Content/Internationalization/icudt64l/lang/fo.res" 1229
"../../../Engine/Content/Internationalization/icudt64l/region/fo.res" 1230
"../../../Engine/Content/Internationalization/icudt64l/lang/fr.res" 1231
"../../../Engine/Content/Internationalization/icudt64l/lang/fr_BE.res" 1232
"../../../Engine/Content/Internationalization/icudt64l/region/fr_BE.res" 1233
"../../../Engine/Content/Internationalization/icudt64l/region/fr.res" 1234
"../../../Engine/Content/Internationalization/icudt64l/lang/fr_CA.res" 1235
"../../../Engine/Content/Internationalization/icudt64l/region/fr_CA.res" 1236
"../../../Engine/Content/Internationalization/icudt64l/lang/fr_CH.res" 1237
"../../../Engine/Content/Internationalization/icudt64l/lang/fur.res" 1238
"../../../Engine/Content/Internationalization/icudt64l/region/fur.res" 1239
"../../../Engine/Content/Internationalization/icudt64l/lang/fy.res" 1240
"../../../Engine/Content/Internationalization/icudt64l/region/fy.res" 1241
"../../../Engine/Content/Internationalization/icudt64l/lang/ga.res" 1242
"../../../Engine/Content/Internationalization/icudt64l/region/ga.res" 1243
"../../../Engine/Content/Internationalization/icudt64l/lang/gd.res" 1244
"../../../Engine/Content/Internationalization/icudt64l/region/gd.res" 1245
"../../../Engine/Content/Internationalization/icudt64l/lang/gl.res" 1246
"../../../Engine/Content/Internationalization/icudt64l/region/gl.res" 1247
"../../../Engine/Content/Internationalization/icudt64l/lang/gsw.res" 1248
"../../../Engine/Content/Internationalization/icudt64l/region/gsw.res" 1249
"../../../Engine/Content/Internationalization/icudt64l/lang/gu.res" 1250
"../../../Engine/Content/Internationalization/icudt64l/region/gu.res" 1251
"../../../Engine/Content/Internationalization/icudt64l/lang/guz.res" 1252
"../../../Engine/Content/Internationalization/icudt64l/region/guz.res" 1253
"../../../Engine/Content/Internationalization/icudt64l/lang/gv.res" 1254
"../../../Engine/Content/Internationalization/icudt64l/region/gv.res" 1255
"../../../Engine/Content/Internationalization/icudt64l/lang/ha.res" 1256
"../../../Engine/Content/Internationalization/icudt64l/region/ha.res" 1257
"../../../Engine/Content/Internationalization/icudt64l/lang/ha_NE.res" 1258
"../../../Engine/Content/Internationalization/icudt64l/region/ha_NE.res" 1259
"../../../Engine/Content/Internationalization/icudt64l/lang/haw.res" 1260
"../../../Engine/Content/Internationalization/icudt64l/region/haw.res" 1261
"../../../Engine/Content/Internationalization/icudt64l/lang/he.res" 1262
"../../../Engine/Content/Internationalization/icudt64l/lang/he_IL.res" 1263
"../../../Engine/Content/Internationalization/icudt64l/region/he_IL.res" 1264
"../../../Engine/Content/Internationalization/icudt64l/region/he.res" 1265
"../../../Engine/Content/Internationalization/icudt64l/lang/hi.res" 1266
"../../../Engine/Content/Internationalization/icudt64l/region/hi.res" 1267
"../../../Engine/Content/Internationalization/icudt64l/lang/hr.res" 1268
"../../../Engine/Content/Internationalization/icudt64l/region/hr.res" 1269
"../../../Engine/Content/Internationalization/icudt64l/lang/hsb.res" 1270
"../../../Engine/Content/Internationalization/icudt64l/region/hsb.res" 1271
"../../../Engine/Content/Internationalization/icudt64l/lang/hu.res" 1272
"../../../Engine/Content/Internationalization/icudt64l/region/hu.res" 1273
"../../../Engine/Content/Internationalization/icudt64l/lang/hy.res" 1274
"../../../Engine/Content/Internationalization/icudt64l/region/hy.res" 1275
"../../../Engine/Content/Internationalization/icudt64l/lang/ia.res" 1276
"../../../Engine/Content/Internationalization/icudt64l/region/ia.res" 1277
"../../../Engine/Content/Internationalization/icudt64l/lang/id.res" 1278
"../../../Engine/Content/Internationalization/icudt64l/lang/id_ID.res" 1279
"../../../Engine/Content/Internationalization/icudt64l/region/id_ID.res" 1280
"../../../Engine/Content/Internationalization/icudt64l/region/id.res" 1281
"../../../Engine/Content/Internationalization/icudt64l/lang/ig.res" 1282
"../../../Engine/Content/Internationalization/icudt64l/region/ig.res" 1283
"../../../Engine/Content/Internationalization/icudt64l/lang/ii.res" 1284
"../../../Engine/Content/Internationalization/icudt64l/region/ii.res" 1285
"../../../Engine/Content/Internationalization/icudt64l/lang/is.res" 1286
"../../../Engine/Content/Internationalization/icudt64l/region/is.res" 1287
"../../../Engine/Content/Internationalization/icudt64l/lang/ja.res" 1288
"../../../Engine/Content/Internationalization/icudt64l/lang/ja_JP.res" 1289
"../../../Engine/Content/Internationalization/icudt64l/region/ja_JP.res" 1290
"../../../Engine/Content/Internationalization/icudt64l/region/ja.res" 1291
"../../../Engine/Content/Internationalization/icudt64l/lang/jgo.res" 1292
"../../../Engine/Content/Internationalization/icudt64l/region/jgo.res" 1293
"../../../Engine/Content/Internationalization/icudt64l/lang/jmc.res" 1294
"../../../Engine/Content/Internationalization/icudt64l/region/jmc.res" 1295
"../../../Engine/Content/Internationalization/icudt64l/lang/jv.res" 1296
"../../../Engine/Content/Internationalization/icudt64l/region/jv.res" 1297
"../../../Engine/Content/Internationalization/icudt64l/lang/ka.res" 1298
"../../../Engine/Content/Internationalization/icudt64l/region/ka.res" 1299
"../../../Engine/Content/Internationalization/icudt64l/lang/kab.res" 1300
"../../../Engine/Content/Internationalization/icudt64l/region/kab.res" 1301
"../../../Engine/Content/Internationalization/icudt64l/lang/kam.res" 1302
"../../../Engine/Content/Internationalization/icudt64l/region/kam.res" 1303
"../../../Engine/Content/Internationalization/icudt64l/lang/kde.res" 1304
"../../../Engine/Content/Internationalization/icudt64l/region/kde.res" 1305
"../../../Engine/Content/Internationalization/icudt64l/lang/kea.res" 1306
"../../../Engine/Content/Internationalization/icudt64l/region/kea.res" 1307
"../../../Engine/Content/Internationalization/icudt64l/lang/khq.res" 1308
"../../../Engine/Content/Internationalization/icudt64l/region/khq.res" 1309
"../../../Engine/Content/Internationalization/icudt64l/lang/ki.res" 1310
"../../../Engine/Content/Internationalization/icudt64l/region/ki.res" 1311
"../../../Engine/Content/Internationalization/icudt64l/lang/kk.res" 1312
"../../../Engine/Content/Internationalization/icudt64l/region/kk.res" 1313
"../../../Engine/Content/Internationalization/icudt64l/lang/kkj.res" 1314
"../../../Engine/Content/Internationalization/icudt64l/region/kkj.res" 1315
"../../../Engine/Content/Internationalization/icudt64l/lang/kl.res" 1316
"../../../Engine/Content/Internationalization/icudt64l/region/kl.res" 1317
"../../../Engine/Content/Internationalization/icudt64l/lang/kln.res" 1318
"../../../Engine/Content/Internationalization/icudt64l/region/kln.res" 1319
"../../../Engine/Content/Internationalization/icudt64l/lang/km.res" 1320
"../../../Engine/Content/Internationalization/icudt64l/region/km.res" 1321
"../../../Engine/Content/Internationalization/icudt64l/lang/kn.res" 1322
"../../../Engine/Content/Internationalization/icudt64l/region/kn.res" 1323
"../../../Engine/Content/Internationalization/icudt64l/lang/ko.res" 1324
"../../../Engine/Content/Internationalization/icudt64l/region/ko_KP.res" 1325
"../../../Engine/Content/Internationalization/icudt64l/region/ko.res" 1326
"../../../Engine/Content/Internationalization/icudt64l/lang/kok.res" 1327
"../../../Engine/Content/Internationalization/icudt64l/region/kok.res" 1328
"../../../Engine/Content/Internationalization/icudt64l/lang/ks.res" 1329
"../../../Engine/Content/Internationalization/icudt64l/region/ks.res" 1330
"../../../Engine/Content/Internationalization/icudt64l/lang/ksb.res" 1331
"../../../Engine/Content/Internationalization/icudt64l/region/ksb.res" 1332
"../../../Engine/Content/Internationalization/icudt64l/lang/ksf.res" 1333
"../../../Engine/Content/Internationalization/icudt64l/region/ksf.res" 1334
"../../../Engine/Content/Internationalization/icudt64l/lang/ksh.res" 1335
"../../../Engine/Content/Internationalization/icudt64l/region/ksh.res" 1336
"../../../Engine/Content/Internationalization/icudt64l/lang/ku.res" 1337
"../../../Engine/Content/Internationalization/icudt64l/region/ku.res" 1338
"../../../Engine/Content/Internationalization/icudt64l/lang/kw.res" 1339
"../../../Engine/Content/Internationalization/icudt64l/region/kw.res" 1340
"../../../Engine/Content/Internationalization/icudt64l/lang/ky.res" 1341
"../../../Engine/Content/Internationalization/icudt64l/region/ky.res" 1342
"../../../Engine/Content/Internationalization/icudt64l/lang/lag.res" 1343
"../../../Engine/Content/Internationalization/icudt64l/region/lag.res" 1344
"../../../Engine/Content/Internationalization/icudt64l/lang/lb.res" 1345
"../../../Engine/Content/Internationalization/icudt64l/region/lb.res" 1346
"../../../Engine/Content/Internationalization/icudt64l/lang/lg.res" 1347
"../../../Engine/Content/Internationalization/icudt64l/region/lg.res" 1348
"../../../Engine/Content/Internationalization/icudt64l/lang/lkt.res" 1349
"../../../Engine/Content/Internationalization/icudt64l/region/lkt.res" 1350
"../../../Engine/Content/Internationalization/icudt64l/lang/ln.res" 1351
"../../../Engine/Content/Internationalization/icudt64l/region/ln.res" 1352
"../../../Engine/Content/Internationalization/icudt64l/lang/lo.res" 1353
"../../../Engine/Content/Internationalization/icudt64l/region/lo.res" 1354
"../../../Engine/Content/Internationalization/icudt64l/lang/lrc.res" 1355
"../../../Engine/Content/Internationalization/icudt64l/region/lrc.res" 1356
"../../../Engine/Content/Internationalization/icudt64l/lang/lt.res" 1357
"../../../Engine/Content/Internationalization/icudt64l/region/lt.res" 1358
"../../../Engine/Content/Internationalization/icudt64l/lang/lu.res" 1359
"../../../Engine/Content/Internationalization/icudt64l/region/lu.res" 1360
"../../../Engine/Content/Internationalization/icudt64l/lang/luo.res" 1361
"../../../Engine/Content/Internationalization/icudt64l/region/luo.res" 1362
"../../../Engine/Content/Internationalization/icudt64l/lang/luy.res" 1363
"../../../Engine/Content/Internationalization/icudt64l/region/luy.res" 1364
"../../../Engine/Content/Internationalization/icudt64l/lang/lv.res" 1365
"../../../Engine/Content/Internationalization/icudt64l/region/lv.res" 1366
"../../../Engine/Content/Internationalization/icudt64l/lang/mas.res" 1367
"../../../Engine/Content/Internationalization/icudt64l/region/mas.res" 1368
"../../../Engine/Content/Internationalization/icudt64l/lang/mer.res" 1369
"../../../Engine/Content/Internationalization/icudt64l/region/mer.res" 1370
"../../../Engine/Content/Internationalization/icudt64l/lang/mfe.res" 1371
"../../../Engine/Content/Internationalization/icudt64l/region/mfe.res" 1372
"../../../Engine/Content/Internationalization/icudt64l/lang/mg.res" 1373
"../../../Engine/Content/Internationalization/icudt64l/region/mg.res" 1374
"../../../Engine/Content/Internationalization/icudt64l/lang/mgh.res" 1375
"../../../Engine/Content/Internationalization/icudt64l/region/mgh.res" 1376
"../../../Engine/Content/Internationalization/icudt64l/lang/mgo.res" 1377
"../../../Engine/Content/Internationalization/icudt64l/region/mgo.res" 1378
"../../../Engine/Content/Internationalization/icudt64l/lang/mi.res" 1379
"../../../Engine/Content/Internationalization/icudt64l/region/mi.res" 1380
"../../../Engine/Content/Internationalization/icudt64l/lang/mk.res" 1381
"../../../Engine/Content/Internationalization/icudt64l/region/mk.res" 1382
"../../../Engine/Content/Internationalization/icudt64l/lang/ml.res" 1383
"../../../Engine/Content/Internationalization/icudt64l/region/ml.res" 1384
"../../../Engine/Content/Internationalization/icudt64l/lang/mn.res" 1385
"../../../Engine/Content/Internationalization/icudt64l/region/mn.res" 1386
"../../../Engine/Content/Internationalization/icudt64l/lang/mr.res" 1387
"../../../Engine/Content/Internationalization/icudt64l/region/mr.res" 1388
"../../../Engine/Content/Internationalization/icudt64l/lang/ms.res" 1389
"../../../Engine/Content/Internationalization/icudt64l/region/ms.res" 1390
"../../../Engine/Content/Internationalization/icudt64l/lang/mt.res" 1391
"../../../Engine/Content/Internationalization/icudt64l/region/mt.res" 1392
"../../../Engine/Content/Internationalization/icudt64l/lang/mua.res" 1393
"../../../Engine/Content/Internationalization/icudt64l/region/mua.res" 1394
"../../../Engine/Content/Internationalization/icudt64l/lang/my.res" 1395
"../../../Engine/Content/Internationalization/icudt64l/region/my.res" 1396
"../../../Engine/Content/Internationalization/icudt64l/lang/mzn.res" 1397
"../../../Engine/Content/Internationalization/icudt64l/region/mzn.res" 1398
"../../../Engine/Content/Internationalization/icudt64l/lang/naq.res" 1399
"../../../Engine/Content/Internationalization/icudt64l/region/naq.res" 1400
"../../../Engine/Content/Internationalization/icudt64l/lang/nb.res" 1401
"../../../Engine/Content/Internationalization/icudt64l/lang/nb_NO.res" 1402
"../../../Engine/Content/Internationalization/icudt64l/region/nb_NO.res" 1403
"../../../Engine/Content/Internationalization/icudt64l/region/nb.res" 1404
"../../../Engine/Content/Internationalization/icudt64l/lang/nd.res" 1405
"../../../Engine/Content/Internationalization/icudt64l/region/nd.res" 1406
"../../../Engine/Content/Internationalization/icudt64l/lang/nds.res" 1407
"../../../Engine/Content/Internationalization/icudt64l/region/nds.res" 1408
"../../../Engine/Content/Internationalization/icudt64l/lang/ne.res" 1409
"../../../Engine/Content/Internationalization/icudt64l/region/ne.res" 1410
"../../../Engine/Content/Internationalization/icudt64l/lang/nl.res" 1411
"../../../Engine/Content/Internationalization/icudt64l/region/nl.res" 1412
"../../../Engine/Content/Internationalization/icudt64l/lang/nmg.res" 1413
"../../../Engine/Content/Internationalization/icudt64l/region/nmg.res" 1414
"../../../Engine/Content/Internationalization/icudt64l/lang/nn.res" 1415
"../../../Engine/Content/Internationalization/icudt64l/lang/nn_NO.res" 1416
"../../../Engine/Content/Internationalization/icudt64l/region/nn_NO.res" 1417
"../../../Engine/Content/Internationalization/icudt64l/region/nn.res" 1418
"../../../Engine/Content/Internationalization/icudt64l/lang/nnh.res" 1419
"../../../Engine/Content/Internationalization/icudt64l/region/nnh.res" 1420
"../../../Engine/Content/Internationalization/icudt64l/lang/nus.res" 1421
"../../../Engine/Content/Internationalization/icudt64l/region/nus.res" 1422
"../../../Engine/Content/Internationalization/icudt64l/lang/nyn.res" 1423
"../../../Engine/Content/Internationalization/icudt64l/region/nyn.res" 1424
"../../../Engine/Content/Internationalization/icudt64l/lang/om.res" 1425
"../../../Engine/Content/Internationalization/icudt64l/region/om.res" 1426
"../../../Engine/Content/Internationalization/icudt64l/lang/or.res" 1427
"../../../Engine/Content/Internationalization/icudt64l/region/or.res" 1428
"../../../Engine/Content/Internationalization/icudt64l/lang/os.res" 1429
"../../../Engine/Content/Internationalization/icudt64l/region/os.res" 1430
"../../../Engine/Content/Internationalization/icudt64l/lang/pa.res" 1431
"../../../Engine/Content/Internationalization/icudt64l/lang/pa_Arab.res" 1432
"../../../Engine/Content/Internationalization/icudt64l/lang/pa_PK.res" 1433
"../../../Engine/Content/Internationalization/icudt64l/lang/pa_Arab_PK.res" 1434
"../../../Engine/Content/Internationalization/icudt64l/region/pa_PK.res" 1435
"../../../Engine/Content/Internationalization/icudt64l/region/pa_Arab_PK.res" 1436
"../../../Engine/Content/Internationalization/icudt64l/region/pa_Arab.res" 1437
"../../../Engine/Content/Internationalization/icudt64l/lang/pa_Guru.res" 1438
"../../../Engine/Content/Internationalization/icudt64l/lang/pa_IN.res" 1439
"../../../Engine/Content/Internationalization/icudt64l/lang/pa_Guru_IN.res" 1440
"../../../Engine/Content/Internationalization/icudt64l/region/pa_IN.res" 1441
"../../../Engine/Content/Internationalization/icudt64l/region/pa_Guru_IN.res" 1442
"../../../Engine/Content/Internationalization/icudt64l/region/pa_Guru.res" 1443
"../../../Engine/Content/Internationalization/icudt64l/region/pa.res" 1444
"../../../Engine/Content/Internationalization/icudt64l/lang/pl.res" 1445
"../../../Engine/Content/Internationalization/icudt64l/region/pl.res" 1446
"../../../Engine/Content/Internationalization/icudt64l/lang/ps.res" 1447
"../../../Engine/Content/Internationalization/icudt64l/region/ps.res" 1448
"../../../Engine/Content/Internationalization/icudt64l/lang/ps_PK.res" 1449
"../../../Engine/Content/Internationalization/icudt64l/region/ps_PK.res" 1450
"../../../Engine/Content/Internationalization/icudt64l/lang/pt.res" 1451
"../../../Engine/Content/Internationalization/icudt64l/lang/pt_AO.res" 1452
"../../../Engine/Content/Internationalization/icudt64l/lang/pt_PT.res" 1453
"../../../Engine/Content/Internationalization/icudt64l/region/pt_AO.res" 1454
"../../../Engine/Content/Internationalization/icudt64l/region/pt_PT.res" 1455
"../../../Engine/Content/Internationalization/icudt64l/region/pt.res" 1456
"../../../Engine/Content/Internationalization/icudt64l/lang/pt_CH.res" 1457
"../../../Engine/Content/Internationalization/icudt64l/region/pt_CH.res" 1458
"../../../Engine/Content/Internationalization/icudt64l/lang/pt_CV.res" 1459
"../../../Engine/Content/Internationalization/icudt64l/region/pt_CV.res" 1460
"../../../Engine/Content/Internationalization/icudt64l/lang/pt_GQ.res" 1461
"../../../Engine/Content/Internationalization/icudt64l/region/pt_GQ.res" 1462
"../../../Engine/Content/Internationalization/icudt64l/lang/pt_GW.res" 1463
"../../../Engine/Content/Internationalization/icudt64l/region/pt_GW.res" 1464
"../../../Engine/Content/Internationalization/icudt64l/lang/pt_LU.res" 1465
"../../../Engine/Content/Internationalization/icudt64l/region/pt_LU.res" 1466
"../../../Engine/Content/Internationalization/icudt64l/lang/pt_MO.res" 1467
"../../../Engine/Content/Internationalization/icudt64l/region/pt_MO.res" 1468
"../../../Engine/Content/Internationalization/icudt64l/lang/pt_MZ.res" 1469
"../../../Engine/Content/Internationalization/icudt64l/region/pt_MZ.res" 1470
"../../../Engine/Content/Internationalization/icudt64l/lang/pt_ST.res" 1471
"../../../Engine/Content/Internationalization/icudt64l/region/pt_ST.res" 1472
"../../../Engine/Content/Internationalization/icudt64l/lang/pt_TL.res" 1473
"../../../Engine/Content/Internationalization/icudt64l/region/pt_TL.res" 1474
"../../../Engine/Content/Internationalization/icudt64l/lang/qu.res" 1475
"../../../Engine/Content/Internationalization/icudt64l/region/qu.res" 1476
"../../../Engine/Content/Internationalization/icudt64l/lang/rm.res" 1477
"../../../Engine/Content/Internationalization/icudt64l/region/rm.res" 1478
"../../../Engine/Content/Internationalization/icudt64l/lang/rn.res" 1479
"../../../Engine/Content/Internationalization/icudt64l/region/rn.res" 1480
"../../../Engine/Content/Internationalization/icudt64l/lang/ro.res" 1481
"../../../Engine/Content/Internationalization/icudt64l/lang/ro_MD.res" 1482
"../../../Engine/Content/Internationalization/icudt64l/region/ro_MD.res" 1483
"../../../Engine/Content/Internationalization/icudt64l/region/ro.res" 1484
"../../../Engine/Content/Internationalization/icudt64l/lang/rof.res" 1485
"../../../Engine/Content/Internationalization/icudt64l/region/rof.res" 1486
"../../../Engine/Content/Internationalization/icudt64l/lang/ru.res" 1487
"../../../Engine/Content/Internationalization/icudt64l/region/ru.res" 1488
"../../../Engine/Content/Internationalization/icudt64l/region/ru_UA.res" 1489
"../../../Engine/Content/Internationalization/icudt64l/lang/rw.res" 1490
"../../../Engine/Content/Internationalization/icudt64l/region/rw.res" 1491
"../../../Engine/Content/Internationalization/icudt64l/lang/rwk.res" 1492
"../../../Engine/Content/Internationalization/icudt64l/region/rwk.res" 1493
"../../../Engine/Content/Internationalization/icudt64l/lang/sah.res" 1494
"../../../Engine/Content/Internationalization/icudt64l/region/sah.res" 1495
"../../../Engine/Content/Internationalization/icudt64l/lang/saq.res" 1496
"../../../Engine/Content/Internationalization/icudt64l/region/saq.res" 1497
"../../../Engine/Content/Internationalization/icudt64l/lang/sbp.res" 1498
"../../../Engine/Content/Internationalization/icudt64l/region/sbp.res" 1499
"../../../Engine/Content/Internationalization/icudt64l/lang/sd.res" 1500
"../../../Engine/Content/Internationalization/icudt64l/region/sd.res" 1501
"../../../Engine/Content/Internationalization/icudt64l/lang/se.res" 1502
"../../../Engine/Content/Internationalization/icudt64l/lang/se_FI.res" 1503
"../../../Engine/Content/Internationalization/icudt64l/region/se_FI.res" 1504
"../../../Engine/Content/Internationalization/icudt64l/region/se.res" 1505
"../../../Engine/Content/Internationalization/icudt64l/lang/seh.res" 1506
"../../../Engine/Content/Internationalization/icudt64l/region/seh.res" 1507
"../../../Engine/Content/Internationalization/icudt64l/lang/ses.res" 1508
"../../../Engine/Content/Internationalization/icudt64l/region/ses.res" 1509
"../../../Engine/Content/Internationalization/icudt64l/lang/sg.res" 1510
"../../../Engine/Content/Internationalization/icudt64l/region/sg.res" 1511
"../../../Engine/Content/Internationalization/icudt64l/lang/shi.res" 1512
"../../../Engine/Content/Internationalization/icudt64l/lang/shi_Latn.res" 1513
"../../../Engine/Content/Internationalization/icudt64l/lang/shi_MA.res" 1514
"../../../Engine/Content/Internationalization/icudt64l/lang/shi_Tfng_MA.res" 1515
"../../../Engine/Content/Internationalization/icudt64l/lang/shi_Tfng.res" 1516
"../../../Engine/Content/Internationalization/icudt64l/region/shi_MA.res" 1517
"../../../Engine/Content/Internationalization/icudt64l/region/shi_Tfng_MA.res" 1518
"../../../Engine/Content/Internationalization/icudt64l/region/shi_Tfng.res" 1519
"../../../Engine/Content/Internationalization/icudt64l/region/shi.res" 1520
"../../../Engine/Content/Internationalization/icudt64l/region/shi_Latn.res" 1521
"../../../Engine/Content/Internationalization/icudt64l/lang/si.res" 1522
"../../../Engine/Content/Internationalization/icudt64l/region/si.res" 1523
"../../../Engine/Content/Internationalization/icudt64l/lang/sk.res" 1524
"../../../Engine/Content/Internationalization/icudt64l/region/sk.res" 1525
"../../../Engine/Content/Internationalization/icudt64l/lang/sl.res" 1526
"../../../Engine/Content/Internationalization/icudt64l/region/sl.res" 1527
"../../../Engine/Content/Internationalization/icudt64l/lang/smn.res" 1528
"../../../Engine/Content/Internationalization/icudt64l/region/smn.res" 1529
"../../../Engine/Content/Internationalization/icudt64l/lang/sn.res" 1530
"../../../Engine/Content/Internationalization/icudt64l/region/sn.res" 1531
"../../../Engine/Content/Internationalization/icudt64l/lang/so.res" 1532
"../../../Engine/Content/Internationalization/icudt64l/region/so.res" 1533
"../../../Engine/Content/Internationalization/icudt64l/lang/sq.res" 1534
"../../../Engine/Content/Internationalization/icudt64l/region/sq.res" 1535
"../../../Engine/Content/Internationalization/icudt64l/lang/sr.res" 1536
"../../../Engine/Content/Internationalization/icudt64l/lang/sr_Cyrl.res" 1537
"../../../Engine/Content/Internationalization/icudt64l/lang/sr_BA.res" 1538
"../../../Engine/Content/Internationalization/icudt64l/lang/sr_Cyrl_BA.res" 1539
"../../../Engine/Content/Internationalization/icudt64l/region/sr_BA.res" 1540
"../../../Engine/Content/Internationalization/icudt64l/region/sr_Cyrl_BA.res" 1541
"../../../Engine/Content/Internationalization/icudt64l/region/sr_Cyrl.res" 1542
"../../../Engine/Content/Internationalization/icudt64l/region/sr.res" 1543
"../../../Engine/Content/Internationalization/icudt64l/lang/sr_ME.res" 1544
"../../../Engine/Content/Internationalization/icudt64l/lang/sr_Latn_ME.res" 1545
"../../../Engine/Content/Internationalization/icudt64l/lang/sr_Latn.res" 1546
"../../../Engine/Content/Internationalization/icudt64l/region/sr_ME.res" 1547
"../../../Engine/Content/Internationalization/icudt64l/region/sr_Latn_ME.res" 1548
"../../../Engine/Content/Internationalization/icudt64l/region/sr_Latn.res" 1549
"../../../Engine/Content/Internationalization/icudt64l/lang/sr_Cyrl_ME.res" 1550
"../../../Engine/Content/Internationalization/icudt64l/region/sr_Cyrl_ME.res" 1551
"../../../Engine/Content/Internationalization/icudt64l/lang/sr_RS.res" 1552
"../../../Engine/Content/Internationalization/icudt64l/lang/sr_Cyrl_RS.res" 1553
"../../../Engine/Content/Internationalization/icudt64l/region/sr_RS.res" 1554
"../../../Engine/Content/Internationalization/icudt64l/region/sr_Cyrl_RS.res" 1555
"../../../Engine/Content/Internationalization/icudt64l/lang/sr_XK.res" 1556
"../../../Engine/Content/Internationalization/icudt64l/lang/sr_Cyrl_XK.res" 1557
"../../../Engine/Content/Internationalization/icudt64l/region/sr_XK.res" 1558
"../../../Engine/Content/Internationalization/icudt64l/region/sr_Cyrl_XK.res" 1559
"../../../Engine/Content/Internationalization/icudt64l/lang/sr_Latn_BA.res" 1560
"../../../Engine/Content/Internationalization/icudt64l/region/sr_Latn_BA.res" 1561
"../../../Engine/Content/Internationalization/icudt64l/lang/sr_Latn_RS.res" 1562
"../../../Engine/Content/Internationalization/icudt64l/region/sr_Latn_RS.res" 1563
"../../../Engine/Content/Internationalization/icudt64l/lang/sr_Latn_XK.res" 1564
"../../../Engine/Content/Internationalization/icudt64l/region/sr_Latn_XK.res" 1565
"../../../Engine/Content/Internationalization/icudt64l/lang/sv.res" 1566
"../../../Engine/Content/Internationalization/icudt64l/region/sv.res" 1567
"../../../Engine/Content/Internationalization/icudt64l/lang/sv_FI.res" 1568
"../../../Engine/Content/Internationalization/icudt64l/lang/sw.res" 1569
"../../../Engine/Content/Internationalization/icudt64l/lang/sw_CD.res" 1570
"../../../Engine/Content/Internationalization/icudt64l/region/sw_CD.res" 1571
"../../../Engine/Content/Internationalization/icudt64l/region/sw.res" 1572
"../../../Engine/Content/Internationalization/icudt64l/lang/sw_KE.res" 1573
"../../../Engine/Content/Internationalization/icudt64l/region/sw_KE.res" 1574
"../../../Engine/Content/Internationalization/icudt64l/lang/ta.res" 1575
"../../../Engine/Content/Internationalization/icudt64l/region/ta.res" 1576
"../../../Engine/Content/Internationalization/icudt64l/lang/te.res" 1577
"../../../Engine/Content/Internationalization/icudt64l/region/te.res" 1578
"../../../Engine/Content/Internationalization/icudt64l/lang/teo.res" 1579
"../../../Engine/Content/Internationalization/icudt64l/region/teo.res" 1580
"../../../Engine/Content/Internationalization/icudt64l/lang/tg.res" 1581
"../../../Engine/Content/Internationalization/icudt64l/region/tg.res" 1582
"../../../Engine/Content/Internationalization/icudt64l/lang/th.res" 1583
"../../../Engine/Content/Internationalization/icudt64l/lang/th_TH.res" 1584
"../../../Engine/Content/Internationalization/icudt64l/region/th_TH.res" 1585
"../../../Engine/Content/Internationalization/icudt64l/region/th.res" 1586
"../../../Engine/Content/Internationalization/icudt64l/lang/ti.res" 1587
"../../../Engine/Content/Internationalization/icudt64l/region/ti.res" 1588
"../../../Engine/Content/Internationalization/icudt64l/lang/tk.res" 1589
"../../../Engine/Content/Internationalization/icudt64l/region/tk.res" 1590
"../../../Engine/Content/Internationalization/icudt64l/lang/to.res" 1591
"../../../Engine/Content/Internationalization/icudt64l/region/to.res" 1592
"../../../Engine/Content/Internationalization/icudt64l/lang/tr.res" 1593
"../../../Engine/Content/Internationalization/icudt64l/region/tr.res" 1594
"../../../Engine/Content/Internationalization/icudt64l/lang/tt.res" 1595
"../../../Engine/Content/Internationalization/icudt64l/region/tt.res" 1596
"../../../Engine/Content/Internationalization/icudt64l/lang/twq.res" 1597
"../../../Engine/Content/Internationalization/icudt64l/region/twq.res" 1598
"../../../Engine/Content/Internationalization/icudt64l/lang/tzm.res" 1599
"../../../Engine/Content/Internationalization/icudt64l/region/tzm.res" 1600
"../../../Engine/Content/Internationalization/icudt64l/lang/ug.res" 1601
"../../../Engine/Content/Internationalization/icudt64l/region/ug.res" 1602
"../../../Engine/Content/Internationalization/icudt64l/lang/uk.res" 1603
"../../../Engine/Content/Internationalization/icudt64l/region/uk.res" 1604
"../../../Engine/Content/Internationalization/icudt64l/lang/ur.res" 1605
"../../../Engine/Content/Internationalization/icudt64l/lang/ur_IN.res" 1606
"../../../Engine/Content/Internationalization/icudt64l/region/ur_IN.res" 1607
"../../../Engine/Content/Internationalization/icudt64l/region/ur.res" 1608
"../../../Engine/Content/Internationalization/icudt64l/lang/uz.res" 1609
"../../../Engine/Content/Internationalization/icudt64l/lang/uz_Arab.res" 1610
"../../../Engine/Content/Internationalization/icudt64l/lang/uz_AF.res" 1611
"../../../Engine/Content/Internationalization/icudt64l/lang/uz_Arab_AF.res" 1612
"../../../Engine/Content/Internationalization/icudt64l/region/uz_AF.res" 1613
"../../../Engine/Content/Internationalization/icudt64l/region/uz_Arab_AF.res" 1614
"../../../Engine/Content/Internationalization/icudt64l/region/uz_Arab.res" 1615
"../../../Engine/Content/Internationalization/icudt64l/lang/uz_Cyrl.res" 1616
"../../../Engine/Content/Internationalization/icudt64l/lang/uz_UZ.res" 1617
"../../../Engine/Content/Internationalization/icudt64l/lang/uz_Latn_UZ.res" 1618
"../../../Engine/Content/Internationalization/icudt64l/lang/uz_Latn.res" 1619
"../../../Engine/Content/Internationalization/icudt64l/region/uz_UZ.res" 1620
"../../../Engine/Content/Internationalization/icudt64l/region/uz_Latn_UZ.res" 1621
"../../../Engine/Content/Internationalization/icudt64l/region/uz_Latn.res" 1622
"../../../Engine/Content/Internationalization/icudt64l/region/uz.res" 1623
"../../../Engine/Content/Internationalization/icudt64l/region/uz_Cyrl.res" 1624
"../../../Engine/Content/Internationalization/icudt64l/lang/vai.res" 1625
"../../../Engine/Content/Internationalization/icudt64l/lang/vai_Latn.res" 1626
"../../../Engine/Content/Internationalization/icudt64l/lang/vai_LR.res" 1627
"../../../Engine/Content/Internationalization/icudt64l/lang/vai_Vaii_LR.res" 1628
"../../../Engine/Content/Internationalization/icudt64l/lang/vai_Vaii.res" 1629
"../../../Engine/Content/Internationalization/icudt64l/region/vai_LR.res" 1630
"../../../Engine/Content/Internationalization/icudt64l/region/vai_Vaii_LR.res" 1631
"../../../Engine/Content/Internationalization/icudt64l/region/vai_Vaii.res" 1632
"../../../Engine/Content/Internationalization/icudt64l/region/vai.res" 1633
"../../../Engine/Content/Internationalization/icudt64l/region/vai_Latn.res" 1634
"../../../Engine/Content/Internationalization/icudt64l/lang/vi.res" 1635
"../../../Engine/Content/Internationalization/icudt64l/region/vi.res" 1636
"../../../Engine/Content/Internationalization/icudt64l/lang/vun.res" 1637
"../../../Engine/Content/Internationalization/icudt64l/region/vun.res" 1638
"../../../Engine/Content/Internationalization/icudt64l/lang/wae.res" 1639
"../../../Engine/Content/Internationalization/icudt64l/region/wae.res" 1640
"../../../Engine/Content/Internationalization/icudt64l/lang/wo.res" 1641
"../../../Engine/Content/Internationalization/icudt64l/region/wo.res" 1642
"../../../Engine/Content/Internationalization/icudt64l/lang/xh.res" 1643
"../../../Engine/Content/Internationalization/icudt64l/region/xh.res" 1644
"../../../Engine/Content/Internationalization/icudt64l/lang/xog.res" 1645
"../../../Engine/Content/Internationalization/icudt64l/region/xog.res" 1646
"../../../Engine/Content/Internationalization/icudt64l/lang/yav.res" 1647
"../../../Engine/Content/Internationalization/icudt64l/region/yav.res" 1648
"../../../Engine/Content/Internationalization/icudt64l/lang/yi.res" 1649
"../../../Engine/Content/Internationalization/icudt64l/region/yi.res" 1650
"../../../Engine/Content/Internationalization/icudt64l/lang/yo.res" 1651
"../../../Engine/Content/Internationalization/icudt64l/lang/yo_BJ.res" 1652
"../../../Engine/Content/Internationalization/icudt64l/region/yo_BJ.res" 1653
"../../../Engine/Content/Internationalization/icudt64l/region/yo.res" 1654
"../../../Engine/Content/Internationalization/icudt64l/lang/yue.res" 1655
"../../../Engine/Content/Internationalization/icudt64l/lang/yue_Hans.res" 1656
"../../../Engine/Content/Internationalization/icudt64l/lang/yue_CN.res" 1657
"../../../Engine/Content/Internationalization/icudt64l/lang/yue_Hans_CN.res" 1658
"../../../Engine/Content/Internationalization/icudt64l/region/yue_CN.res" 1659
"../../../Engine/Content/Internationalization/icudt64l/region/yue_Hans_CN.res" 1660
"../../../Engine/Content/Internationalization/icudt64l/region/yue_Hans.res" 1661
"../../../Engine/Content/Internationalization/icudt64l/lang/yue_Hant.res" 1662
"../../../Engine/Content/Internationalization/icudt64l/lang/yue_HK.res" 1663
"../../../Engine/Content/Internationalization/icudt64l/lang/yue_Hant_HK.res" 1664
"../../../Engine/Content/Internationalization/icudt64l/region/yue_HK.res" 1665
"../../../Engine/Content/Internationalization/icudt64l/region/yue_Hant_HK.res" 1666
"../../../Engine/Content/Internationalization/icudt64l/region/yue_Hant.res" 1667
"../../../Engine/Content/Internationalization/icudt64l/region/yue.res" 1668
"../../../Engine/Content/Internationalization/icudt64l/lang/zgh.res" 1669
"../../../Engine/Content/Internationalization/icudt64l/region/zgh.res" 1670
"../../../Engine/Content/Internationalization/icudt64l/lang/zh.res" 1671
"../../../Engine/Content/Internationalization/icudt64l/lang/zh_Hans.res" 1672
"../../../Engine/Content/Internationalization/icudt64l/lang/zh_CN.res" 1673
"../../../Engine/Content/Internationalization/icudt64l/lang/zh_Hans_CN.res" 1674
"../../../Engine/Content/Internationalization/icudt64l/region/zh_CN.res" 1675
"../../../Engine/Content/Internationalization/icudt64l/region/zh_Hans_CN.res" 1676
"../../../Engine/Content/Internationalization/icudt64l/region/zh_Hans.res" 1677
"../../../Engine/Content/Internationalization/icudt64l/region/zh.res" 1678
"../../../Engine/Content/Internationalization/icudt64l/lang/zh_HK.res" 1679
"../../../Engine/Content/Internationalization/icudt64l/lang/zh_Hant_HK.res" 1680
"../../../Engine/Content/Internationalization/icudt64l/lang/zh_Hant.res" 1681
"../../../Engine/Content/Internationalization/icudt64l/region/zh_HK.res" 1682
"../../../Engine/Content/Internationalization/icudt64l/region/zh_Hant_HK.res" 1683
"../../../Engine/Content/Internationalization/icudt64l/region/zh_Hant.res" 1684
"../../../Engine/Content/Internationalization/icudt64l/lang/zh_MO.res" 1685
"../../../Engine/Content/Internationalization/icudt64l/lang/zh_Hant_MO.res" 1686
"../../../Engine/Content/Internationalization/icudt64l/region/zh_MO.res" 1687
"../../../Engine/Content/Internationalization/icudt64l/region/zh_Hant_MO.res" 1688
"../../../Engine/Content/Internationalization/icudt64l/lang/zh_SG.res" 1689
"../../../Engine/Content/Internationalization/icudt64l/lang/zh_Hans_SG.res" 1690
"../../../Engine/Content/Internationalization/icudt64l/region/zh_SG.res" 1691
"../../../Engine/Content/Internationalization/icudt64l/region/zh_Hans_SG.res" 1692
"../../../Engine/Content/Internationalization/icudt64l/lang/zh_TW.res" 1693
"../../../Engine/Content/Internationalization/icudt64l/lang/zh_Hant_TW.res" 1694
"../../../Engine/Content/Internationalization/icudt64l/region/zh_TW.res" 1695
"../../../Engine/Content/Internationalization/icudt64l/region/zh_Hant_TW.res" 1696
"../../../Engine/Content/Internationalization/icudt64l/lang/zu.res" 1697
"../../../Engine/Content/Internationalization/icudt64l/region/zu.res" 1698
"../../../Engine/Content/Internationalization/icudt64l/lang/no.res" 1699
"../../../Engine/Content/Internationalization/icudt64l/lang/tl.res" 1700
"../../../Engine/Config/Android/DataDrivenPlatformInfo.ini" 1701
"../../../Engine/Config/HoloLens/DataDrivenPlatformInfo.ini" 1702
"../../../Engine/Config/IOS/DataDrivenPlatformInfo.ini" 1703
"../../../Engine/Config/Linux/DataDrivenPlatformInfo.ini" 1704
"../../../Engine/Config/LinuxArm64/DataDrivenPlatformInfo.ini" 1705
"../../../Engine/Config/Mac/DataDrivenPlatformInfo.ini" 1706
"../../../Engine/Config/TVOS/DataDrivenPlatformInfo.ini" 1707
"../../../Engine/Config/Unix/DataDrivenPlatformInfo.ini" 1708
"../../../Engine/Config/VulkanPC/DataDrivenPlatformInfo.ini" 1709
"../../../Engine/Config/Windows/DataDrivenPlatformInfo.ini" 1710
"../../../Engine/DerivedDataCache/Compressed.ddp" 1711
"C:/Users/emanu/AppData/Local/UnrealEngine/Common/DerivedDataCache/TestData/0/TestData_4kb.dat" 1712
"C:/Users/emanu/AppData/Local/UnrealEngine/Common/DerivedDataCache/TestData/1/TestData_4kb.dat" 1713
"C:/Users/emanu/AppData/Local/UnrealEngine/Common/DerivedDataCache/TestData/0/TestData_8kb.dat" 1714
"C:/Users/emanu/AppData/Local/UnrealEngine/Common/DerivedDataCache/TestData/1/TestData_8kb.dat" 1715
"C:/Users/emanu/AppData/Local/UnrealEngine/Common/DerivedDataCache/TestData/0/TestData_16kb.dat" 1716
"C:/Users/emanu/AppData/Local/UnrealEngine/Common/DerivedDataCache/TestData/1/TestData_16kb.dat" 1717
"C:/Users/emanu/AppData/Local/UnrealEngine/Common/DerivedDataCache/TestData/0/TestData_64kb.dat" 1718
"C:/Users/emanu/AppData/Local/UnrealEngine/Common/DerivedDataCache/TestData/1/TestData_64kb.dat" 1719
"C:/Users/emanu/AppData/Local/UnrealEngine/Common/DerivedDataCache/TestData/0/TestData_128kb.dat" 1720
"C:/Users/emanu/AppData/Local/UnrealEngine/Common/DerivedDataCache/TestData/1/TestData_128kb.dat" 1721
"C:/Users/emanu/AppData/Local/UnrealEngine/Common/DerivedDataCache/TestData/0/TestData_256kb.dat" 1722
"C:/Users/emanu/AppData/Local/UnrealEngine/Common/DerivedDataCache/TestData/1/TestData_256kb.dat" 1723
"../../../Engine/Plugins/FX/Niagara/Shaders/Private/NiagaraSpriteVertexFactory.ush" 1724
"../../../Engine/Shaders/Private/VertexFactoryCommon.ush" 1725
"../../../Engine/Shaders/Private/Common.ush" 1726
"../../../Engine/Shaders/Public/Platform.ush" 1727
"../../../Engine/Shaders/Public/FP16Math.ush" 1728
"../../../Engine/Shaders/Public/Platform/D3D/D3DCommon.ush" 1729
"../../../Engine/Shaders/Public/BindlessResources.ush" 1730
"../../../Engine/Shaders/Public/ShaderVersion.ush" 1731
"../../../Engine/Shaders/Private/GeneratedUniformBufferTypes.ush" 1732
"../../../Engine/Shaders/Private/Nanite/NanitePackedNaniteView.ush" 1733
"../../../Engine/Shaders/Private/HairStrands/HairStrandsVisibilityCommonStruct.ush" 1734
"../../../Engine/Shaders/Private/HairStrands/HairStrandsVoxelPageCommonStruct.ush" 1735
"../../../Engine/Shaders/Private/HairStrands/HairStrandsDeepShadowCommonStruct.ush" 1736
"../../../Engine/Shaders/Private/CommonViewUniformBuffer.ush" 1737
"../../../Engine/Shaders/Private/LargeWorldCoordinates.ush" 1738
"../../../Engine/Shaders/Private/LWCOperations.ush" 1739
"../../../Engine/Shaders/Private/InstancedStereo.ush" 1740
"../../../Engine/Shaders/Private/Definitions.usf" 1741
"../../../Engine/Shaders/Private/AssertionMacros.ush" 1742
"../../../Engine/Shaders/Private/FastMath.ush" 1743
"../../../Engine/Shaders/Private/FastMathThirdParty.ush" 1744
"../../../Engine/Shaders/Private/Random.ush" 1745
"../../../Engine/Shaders/Private/SceneData.ush" 1746
"../../../Engine/Shaders/Private/OctahedralCommon.ush" 1747
"../../../Engine/Shaders/Shared/LightSceneData.h" 1748
"../../../Engine/Shaders/Shared/HLSLTypeAliases.h" 1749
"../../../Engine/Shaders/Private/ParticleVertexFactoryCommon.ush" 1750
"../../../Engine/Plugins/FX/Niagara/Shaders/Private/NiagaraVFCommon.usf" 1751
"../../../Engine/Plugins/FX/Niagara/Shaders/Private/NiagaraVFParticleAccess.usf" 1752
"../../../Engine/Plugins/FX/Niagara/Shaders/Private/NiagaraParticleAccess.ush" 1753
"../../../Engine/Shaders/Private/VertexFactoryDefaultInterface.ush" 1754
"../../../Engine/Plugins/FX/Niagara/Shaders/Private/NiagaraRibbonVertexFactory.ush" 1755
"../../../Engine/Plugins/FX/Niagara/Shaders/Private/NiagaraMeshVertexFactory.ush" 1756
"../../../Engine/Plugins/FX/Niagara/Shaders/Private/NiagaraCommon.ush" 1757
"../../../Engine/Plugins/FX/Niagara/Shaders/Private/NiagaraMeshParticleUtils.ush" 1758
"../../../Engine/Shaders/Private/RayTracing/RayTracingCommon.ush" 1759
"../../../Engine/Shaders/Private/ShadingCommon.ush" 1760
"../../../Engine/Shaders/Shared/RayTracingDefinitions.h" 1761
"../../../Engine/Shaders/Shared/RayTracingPayloadType.h" 1762
"../../../Engine/Shaders/Shared/HLSLStaticAssert.h" 1763
"../../../Engine/Shaders/Private/RayTracing/RayTracingRayCone.ush" 1764
"../../../Engine/Shaders/Private/Strata/Strata.ush" 1765
"../../../Engine/Shaders/Private/ShadingEnergyConservation.ush" 1766
"../../../Engine/Shaders/Private/ShadingEnergyConservationTemplate.ush" 1767
"../../../Engine/Shaders/Private/BRDF.ush" 1768
"../../../Engine/Shaders/Private/ColorSpace.ush" 1769
"../../../Engine/Shaders/Private/DeferredShadingCommon.ush" 1770
"../../../Engine/Shaders/Private/LightAccumulator.ush" 1771
"../../../Engine/Shaders/Private/SceneTexturesCommon.ush" 1772
"../../../Engine/Shaders/Private/MonteCarlo.ush" 1773
"../../../Engine/Shaders/Private/GBufferHelpers.ush" 1774
"../../../Engine/Shaders/Private/SceneTextureParameters.ush" 1775
"E:/Projects/EcoBots/Intermediate/ShaderAutogen/PCD3D_SM5/AutogenShaderHeaders.ush" 1776
"../../../Engine/Shaders/Private/ParticipatingMediaCommon.ush" 1777
"../../../Engine/Shaders/Private/ThinFilmBSDF.ush" 1778
"../../../Engine/Shaders/Private/MortonCode.ush" 1779
"../../../Engine/Shaders/Private/SubsurfaceProfileCommon.ush" 1780
"../../../Engine/Shaders/Private/BurleyNormalizedSSSCommon.ush" 1781
"../../../Engine/Shaders/Private/GammaCorrectionCommon.ush" 1782
"../../../Engine/Shaders/Shared/StrataDefinitions.h" 1783
"../../../Engine/Shaders/Private/Strata/StrataStatisticalOperators.ush" 1784
"../../../Engine/Shaders/Private/RayTracing/RayTracingCommonMetal.ush" 1785
"../../../Engine/Shaders/Private/PositionReconstructionCommon.ush" 1786
"../../../Engine/Shaders/Private/RayTracing/RayTracingHitGroupCommon.ush" 1787
"../../../Engine/Shaders/Shared/RayTracingBuiltInResources.h" 1788
"../../../Engine/Shaders/Private/VectorFieldVisualizationVertexFactory.ush" 1789
"../../../Engine/Shaders/Private/Nanite/NaniteVertexFactory.ush" 1790
"../../../Engine/Shaders/Private/LightmapData.ush" 1791
"../../../Engine/Shaders/Private/Nanite/NaniteDataDecode.ush" 1792
"../../../Engine/Shaders/Private/BitPacking.ush" 1793
"../../../Engine/Shaders/Private/BitStreamReaderImplementation.ush" 1794
"../../../Engine/Shaders/Shared/NaniteDefinitions.h" 1795
"../../../Engine/Shaders/Private/Nanite/NaniteAttributeDecode.ush" 1796
"../../../Engine/Shaders/Private/ParticleSpriteVertexFactory.ush" 1797
"../../../Engine/Shaders/Private/ParticleGPUSpriteVertexFactory.ush" 1798
"../../../Engine/Shaders/Private/ParticleBeamTrailVertexFactory.ush" 1799
"../../../Engine/Shaders/Private/MeshParticleVertexFactory.ush" 1800
"../../../Engine/Shaders/Private/LocalVertexFactory.ush" 1801
"../../../Engine/Shaders/Private/LocalVertexFactoryCommon.ush" 1802
"../../../Engine/Shaders/Private/GpuSkinCommon.ush" 1803
"../../../Engine/Shaders/Private/GpuSkinVertexFactory.ush" 1804
"../../../Engine/Shaders/Private/GeometryCollectionVertexFactory.ush" 1805
"../../../Engine/Shaders/Private/GeometryCacheVertexFactory.ush" 1806
"../../../Engine/Shaders/Private/LandscapeVertexFactory.ush" 1807
"../../../Engine/Plugins/FX/Niagara/Shaders/Private/NiagaraFillIntBuffer.usf" 1808
"../../../Engine/Plugins/FX/Niagara/Shaders/Private/NiagaraComputeFreeIDs.usf" 1809
"../../../Engine/Plugins/FX/Niagara/Shaders/Private/NiagaraInitFreeIDBuffer.usf" 1810
"../../../Engine/Plugins/FX/Niagara/Shaders/Private/NiagaraEmitterInstanceShader.usf" 1811
"../../../Engine/Plugins/FX/Niagara/Shaders/Private/NiagaraShaderVersion.ush" 1812
"../../../Engine/Shaders/Private/DistanceField/GlobalDistanceFieldShared.ush" 1813
"../../../Engine/Plugins/FX/Niagara/Shaders/Private/NiagaraPhysicsCommon.ush" 1814
"../../../Engine/Plugins/FX/Niagara/Shaders/Private/Ribbons/NiagaraRibbonGenerateIndices.usf" 1815
"../../../Engine/Plugins/FX/Niagara/Shaders/Private/Ribbons/NiagaraRibbonCommon.ush" 1816
"../../../Engine/Plugins/FX/Niagara/Shaders/Private/Ribbons/NiagaraRibbonInitializeIndices.usf" 1817
"../../../Engine/Plugins/FX/Niagara/Shaders/Private/Ribbons/NiagaraRibbonRibbonUVParamCalculation.usf" 1818
"../../../Engine/Plugins/FX/Niagara/Shaders/Private/Ribbons/NiagaraRibbonVertexReductionFinalization.usf" 1819
"../../../Engine/Plugins/FX/Niagara/Shaders/Private/Ribbons/NiagaraRibbonVertexReductionPropagation.usf" 1820
"../../../Engine/Plugins/FX/Niagara/Shaders/Private/Ribbons/NiagaraRibbonVertexReductionInitialization.usf" 1821
"../../../Engine/Plugins/FX/Niagara/Shaders/Private/Ribbons/NiagaraRibbonSortParticles.usf" 1822
"../../../Engine/Plugins/FX/Niagara/Shaders/Private/NiagaraUpdateMeshGPUSceneInstances.usf" 1823
"../../../Engine/Shaders/Private/ComputeShaderUtils.ush" 1824
"../../../Engine/Shaders/Private/GPUScene/GPUSceneWriter.ush" 1825
"../../../Engine/Plugins/FX/Niagara/Shaders/Private/NiagaraGenerateMips.usf" 1826
"../../../Engine/Plugins/FX/Niagara/Shaders/Private/NiagaraDebugDraw.usf" 1827
"../../../Engine/Plugins/FX/Niagara/Shaders/Private/NiagaraDebugDraw.ush" 1828
"../../../Engine/Plugins/FX/Niagara/Shaders/Private/NiagaraVisualizeTexture.usf" 1829
"../../../Engine/Plugins/FX/Niagara/Shaders/Private/NiagaraClearCounts.usf" 1830
"../../../Engine/Plugins/FX/Niagara/Shaders/Private/NiagaraBatchedElements.usf" 1831
"../../../Engine/Plugins/FX/Niagara/Shaders/Private/NiagaraRayTracingShaders.usf" 1832
"../../../Engine/Plugins/FX/Niagara/Shaders/Private/NiagaraAsyncGpuTraceCommon.ush" 1833
"../../../Engine/Shaders/Private/HashTable.ush" 1834
"../../../Engine/Shaders/Private/Hash.ush" 1835
"../../../Engine/Shaders/Private/RayTracing/VFXTraceRay.ush" 1836
"../../../Engine/Plugins/FX/Niagara/Shaders/Private/NiagaraRayMarchingShaders.usf" 1837
"../../../Engine/Plugins/FX/Niagara/Shaders/Private/NiagaraRayTraceCollisionGroupShaders.usf" 1838
"../../../Engine/Plugins/FX/Niagara/Shaders/Private/NiagaraAsyncGpuTraceUtils.usf" 1839
"../../../Engine/Plugins/FX/Niagara/Shaders/Private/NiagaraSortKeyGen.usf" 1840
"../../../Engine/Plugins/FX/Niagara/Shaders/Private/NiagaraGPURayTracingTransforms.usf" 1841
"../../../Engine/Plugins/FX/Niagara/Shaders/Private/NiagaraDrawIndirectArgsGen.usf" 1842
"../../../Engine/Plugins/FX/Niagara/Shaders/Private/NiagaraDispatchIndirectArgsGen.usf" 1843
"../../../Engine/Plugins/Media/WmfMedia/Shaders/Private/MediaHardwareVideoDecoding.usf" 1844
"../../../Engine/Shaders/Private/ColorUtils.ush" 1845
"../../../Engine/Plugins/Media/ImgMedia/Shaders/Private/ExrSwizzler.usf" 1846
"../../../Engine/Plugins/Enterprise/GLTFExporter/Shaders/Private/SimpleTexture2DPS.usf" 1847
"../../../Engine/Shaders/Private/SimpleElementNormalMapPixelShader.usf" 1848
"../../../Engine/Shaders/Private/SlateElementPixelShader.usf" 1849
"../../../Engine/Shaders/Private/SlateShaderCommon.ush" 1850
"../../../Engine/Shaders/Private/MaterialTemplate.ush" 1851
"../../../Engine/Shaders/Private/EyeAdaptationCommon.ush" 1852
"../../../Engine/Shaders/Private/SobolRandom.ush" 1853
"../../../Engine/Shaders/Private/DepthOfFieldCommon.ush" 1854
"../../../Engine/Shaders/Private/CircleDOFCommon.ush" 1855
"../../../Engine/Shaders/Private/PhysicsFieldSampler.ush" 1856
"../../../Engine/Shaders/Private/PhysicsFieldShared.ush" 1857
"../../../Engine/Shaders/Private/HairShadingCommon.ush" 1858
"../../../Engine/Shaders/Private/HairStrands/HairCardsAttributeCommon.ush" 1859
"../../../Engine/Shaders/Private/HairStrands/HairStrandsVertexFactoryCommon.ush" 1860
"../../../Engine/Shaders/Shared/HairStrandsDefinitions.h" 1861
"../../../Engine/Shaders/Private/HairStrands/HairStrandsAttributeCommon.ush" 1862
"../../../Engine/Shaders/Private/SpeedTreeCommon.ush" 1863
"../../../Engine/Shaders/Private/VirtualTextureCommon.ush" 1864
"../../../Engine/Shaders/Private/MaterialTexture.ush" 1865
"../../../Engine/Shaders/Private/MinMaterialTexCoords.ush" 1866
"../../../Engine/Shaders/Private/SkyAtmosphereCommon.ush" 1867
"../../../Engine/Shaders/Private/SingleLayerWaterCommon.ush" 1868
"../../../Engine/Shaders/Private/TextureSampling.ush" 1869
"../../../Engine/Shaders/Private/PaniniProjection.ush" 1870
"../../../Engine/Shaders/Private/DBufferNormalReprojection.ush" 1871
"../../../Engine/Shaders/Private/Strata/StrataTree.ush" 1872
"../../../Engine/Shaders/Private/Strata/StrataEvaluation.ush" 1873
"../../../Engine/Shaders/Private/SHCommon.ush" 1874
"../../../Engine/Shaders/Private/ShadingModels.ush" 1875
"../../../Engine/Shaders/Private/CapsuleLight.ush" 1876
"../../../Engine/Shaders/Private/RectLight.ush" 1877
"../../../Engine/Shaders/Private/LightData.ush" 1878
"../../../Engine/Shaders/Private/AreaLightCommon.ush" 1879
"../../../Engine/Shaders/Private/TransmissionCommon.ush" 1880
"../../../Engine/Shaders/Private/HairBsdf.ush" 1881
"../../../Engine/Shaders/Private/MobileGGX.ush" 1882
"../../../Engine/Shaders/Private/ShadingModelsSampling.ush" 1883
"../../../Engine/Shaders/Private/HairStrands/HairBsdfSample.ush" 1884
"../../../Engine/Shaders/Private/HairStrands/HairStrandsCommon.ush" 1885
"../../../Engine/Shaders/Private/HairStrands/HairStrandsDeepTransmittanceCommon.ush" 1886
"../../../Engine/Shaders/Private/HairStrands/HairStrandsDeepTransmittanceDualScattering.ush" 1887
"../../../Engine/Shaders/Private/HairStrands/HairStrandsEnvironmentLightingCommon.ush" 1888
"../../../Engine/Shaders/Private/Strata/StrataLegacyConversion.ush" 1889
"../../../Engine/Shaders/Private/DBufferDecalShared.ush" 1890
"../../../Engine/Shaders/Private/CompositeUIPixelShader.usf" 1891
"../../../Engine/Shaders/Private/TonemapCommon.ush" 1892
"../../../Engine/Shaders/Private/ACES.ush" 1893
"../../../Engine/Shaders/Private/ColorDeficiency.ush" 1894
"../../../Engine/Shaders/Private/SlateMaskingShader.usf" 1895
"../../../Engine/Shaders/Private/SlatePostProcessColorDeficiencyPixelShader.usf" 1896
"../../../Engine/Shaders/Private/SlatePostProcessPixelShader.usf" 1897
"../../../Engine/Shaders/Private/SlateVertexShader.usf" 1898
"../../../Engine/Shaders/Private/TranslucentLightingShaders.usf" 1899
"../../../Engine/Shaders/Private/ShadowProjectionCommon.ush" 1900
"../../../Engine/Shaders/Private/CubemapCommon.ush" 1901
"../../../Engine/Shaders/Private/VectorFieldCompositeShaders.usf" 1902
"../../../Engine/Shaders/Private/UpdateTextureShaders.usf" 1903
"../../../Engine/Shaders/Private/StereoLayerShader.usf" 1904
"../../../Engine/Shaders/Private/MorphTargets.usf" 1905
"../../../Engine/Shaders/Private/SimpleElementColorChannelMaskPixelShader.usf" 1906
"../../../Engine/Shaders/Private/SimpleElementHitProxyPixelShader.usf" 1907
"../../../Engine/Shaders/Private/SimpleElementPixelShader.usf" 1908
"../../../Engine/Shaders/Private/IESLightProfilesCommon.ush" 1909
"../../../Engine/Shaders/Private/SimpleElementVertexShader.usf" 1910
"../../../Engine/Shaders/Private/ScreenPixelShaderOES.usf" 1911
"../../../Engine/Shaders/Private/ScreenVertexShader.usf" 1912
"../../../Engine/Shaders/Private/ScreenPixelShader.usf" 1913
"../../../Engine/Shaders/Private/SSProfilePreIntegratedMobile.usf" 1914
"../../../Engine/Shaders/Private/Nanite/NaniteClusterCulling.usf" 1915
"../../../Engine/Shaders/Private/Nanite/NaniteCulling.ush" 1916
"../../../Engine/Shaders/Private/Nanite/NaniteHierarchyTraversalCommon.ush" 1917
"../../../Engine/Shaders/Private/Nanite/NaniteHierarchyTraversal.ush" 1918
"../../../Engine/Shaders/Private/WaveOpUtil.ush" 1919
"../../../Engine/Shaders/Private/VirtualShadowMaps/VirtualShadowMapPageOverlap.ush" 1920
"../../../Engine/Shaders/Private/Nanite/NaniteHZBCull.ush" 1921
"../../../Engine/Shaders/Private/VirtualShadowMaps/VirtualShadowMapPageAccessCommon.ush" 1922
"../../../Engine/Shaders/Shared/VirtualShadowMapDefinitions.h" 1923
"../../../Engine/Shaders/Private/VirtualShadowMaps/VirtualShadowMapStaticCaching.ush" 1924
"../../../Engine/Shaders/Private/Nanite/NaniteCullingCommon.ush" 1925
"../../../Engine/Shaders/Private/GPUMessaging.ush" 1926
"../../../Engine/Shaders/Private/Nanite/NaniteTranscode.usf" 1927
"../../../Engine/Shaders/Private/VolumetricLightmapStreaming.usf" 1928
"../../../Engine/Shaders/Private/PhysicsFieldReset.usf" 1929
"../../../Engine/Shaders/Private/PhysicsFieldBuilder.usf" 1930
"../../../Engine/Shaders/Private/PhysicsFieldEval.ush" 1931
"../../../Engine/Shaders/Private/ParticleSortKeyGen.usf" 1932
"../../../Engine/Shaders/Private/ParticleBoundsShader.usf" 1933
"../../../Engine/Shaders/Private/ParticleSimVisualizeShader.usf" 1934
"../../../Engine/Shaders/Private/ParticleInjectionShader.usf" 1935
"../../../Engine/Shaders/Private/ParticleSimulationShader.usf" 1936
"../../../Engine/Shaders/Private/ParticleCurveInjectionShader.usf" 1937
"../../../Engine/Shaders/Private/CopyUIntBuffer.usf" 1938
"../../../Engine/Shaders/Private/RadixSortShaders.usf" 1939
"../../../Engine/Shaders/Private/RecomputeTangentsPerVertexPass.usf" 1940
"../../../Engine/Shaders/Private/RecomputeTangentsCommon.ush" 1941
"../../../Engine/Shaders/Private/RecomputeTangentsPerTrianglePass.usf" 1942
"../../../Engine/Shaders/Private/GpuSkinCacheComputeShader.usf" 1943
"../../../Engine/Shaders/Private/HeightFieldAtlasManagement.usf" 1944
"../../../Engine/Shaders/Private/LandscapePhysicalMaterial.usf" 1945
"../../../Engine/Shaders/Private/LandscapeGrassWeight.usf" 1946
"../../../Engine/Shaders/Private/Landscape/LandscapeLayersWeightmapsPS.usf" 1947
"../../../Engine/Shaders/Private/Landscape/LandscapeLayersHeightmapsPS.usf" 1948
"../../../Engine/Shaders/Private/Landscape/LandscapeCommon.ush" 1949
"../../../Engine/Shaders/Private/LandscapeLayersCS.usf" 1950
"../../../Engine/Shaders/Private/LandscapeLayersPS.usf" 1951
"../../../Engine/Shaders/Private/LandscapeLayersVS.usf" 1952
"../../../Engine/Shaders/Private/Landscape/LandscapeMergeHeightmapsPS.usf" 1953
"../../../Engine/Shaders/Private/WideCustomResolveShaders.usf" 1954
"../../../Engine/Shaders/Private/WideCustomResolve_Wide.ush" 1955
"../../../Engine/Shaders/Private/WideCustomResolve_Wider.ush" 1956
"../../../Engine/Shaders/Private/WideCustomResolve_Widest.ush" 1957
"../../../Engine/Shaders/Private/PageTableUpdate.usf" 1958
"../../../Engine/Shaders/Private/VirtualTextureCompress.usf" 1959
"../../../Engine/Shaders/Private/BlockCompressionCommon.ush" 1960
"../../../Engine/Shaders/Private/BCCompressionCommon.ush" 1961
"../../../Engine/Shaders/Private/ETCCompressionCommon.ush" 1962
"../../../Engine/Shaders/Private/VirtualTextureMaterial.usf" 1963
"../../../Engine/Shaders/Private/PixelShaderOutputCommon.ush" 1964
"../../../Engine/Shaders/Private/ShaderOutputCommon.ush" 1965
"../../../Engine/Shaders/Private/VolumetricRenderTarget.usf" 1966
"../../../Engine/Shaders/Private/VolumetricFogVoxelization.usf" 1967
"../../../Engine/Shaders/Private/VolumetricCloudMaterialPixelCommon.ush" 1968
"../../../Engine/Shaders/Private/VolumetricFogLightFunction.usf" 1969
"../../../Engine/Shaders/Private/LightFunctionCommon.ush" 1970
"../../../Engine/Shaders/Private/VolumetricFog.usf" 1971
"../../../Engine/Shaders/Private/DeferredLightingCommon.ush" 1972
"../../../Engine/Shaders/Private/DynamicLightingCommon.ush" 1973
"../../../Engine/Shaders/Private/CapsuleLightIntegrate.ush" 1974
"../../../Engine/Shaders/Private/CapsuleLightSampling.ush" 1975
"../../../Engine/Shaders/Private/RectLightIntegrate.ush" 1976
"../../../Engine/Shaders/Private/LightGridCommon.ush" 1977
"../../../Engine/Shaders/Private/HeightFogCommon.ush" 1978
"../../../Engine/Shaders/Private/DistanceFieldAOShared.ush" 1979
"../../../Engine/Shaders/Private/VolumeLightingCommon.ush" 1980
"../../../Engine/Shaders/Private/ShadowFilteringCommon.ush" 1981
"../../../Engine/Shaders/Private/PixelQuadMessagePassing.ush" 1982
"../../../Engine/Shaders/Private/VolumeLightingCommonSampling.ush" 1983
"../../../Engine/Shaders/Private/VolumetricLightmapShared.ush" 1984
"../../../Engine/Shaders/Private/ForwardShadowingCommon.ush" 1985
"../../../Engine/Shaders/Private/LightDataUniforms.ush" 1986
"../../../Engine/Shaders/Private/Lumen/LumenTranslucencyVolumeShared.ush" 1987
"../../../Engine/Shaders/Private/Lumen/LumenRadianceCacheInterpolation.ush" 1988
"../../../Engine/Shaders/Private/VirtualShadowMaps/VirtualShadowMapProjectionCommon.ush" 1989
"../../../Engine/Shaders/Private/VirtualShadowMaps/VirtualShadowMapProjectionStructs.ush" 1990
"../../../Engine/Shaders/Private/VolumetricCloudCommon.ush" 1991
"../../../Engine/Shaders/Private/VolumetricCloud.usf" 1992
"../../../Engine/Shaders/Private/ColorMap.ush" 1993
"../../../Engine/Shaders/Private/ShaderPrint.ush" 1994
"../../../Engine/Shaders/Private/ShaderPrintCommon.ush" 1995
"../../../Engine/Shaders/Private/MiniFontCommon.ush" 1996
"../../../Engine/Shaders/Private/ReflectionEnvironmentShared.ush" 1997
"../../../Engine/Shaders/Private/BlueNoise.ush" 1998
"../../../Engine/Shaders/Private/VisualizeVolumetricLightmap.usf" 1999
"../../../Engine/Shaders/Private/VirtualShadowMaps/VirtualShadowMapProjectionComposite.usf" 2000
"../../../Engine/Shaders/Private/LightShaderParameters.ush" 2001
"../../../Engine/Shaders/Private/VirtualShadowMaps/VirtualShadowMapMaskBitsCommon.ush" 2002
"../../../Engine/Shaders/Private/VirtualShadowMaps/VirtualShadowMapProjection.usf" 2003
"../../../Engine/Shaders/Private/HairStrands/HairStrandsVisibilityCommon.ush" 2004
"../../../Engine/Shaders/Private/Visualization.ush" 2005
"../../../Engine/Shaders/Private/VirtualShadowMaps/VirtualShadowMapProjectionFilter.ush" 2006
"../../../Engine/Shaders/Private/VirtualShadowMaps/VirtualShadowMapProjectionDirectional.ush" 2007
"../../../Engine/Shaders/Private/PathTracing/Utilities/PathTracingRandomSequence.ush" 2008
"../../../Engine/Shaders/Private/VirtualShadowMaps/VirtualShadowMapSMRTCommon.ush" 2009
"../../../Engine/Shaders/Private/VirtualShadowMaps/VirtualShadowMapSMRTTemplate.ush" 2010
"../../../Engine/Shaders/Private/VirtualShadowMaps/VirtualShadowMapProjectionSpot.ush" 2011
"../../../Engine/Shaders/Private/VirtualShadowMaps/VirtualShadowMapTransmissionCommon.ush" 2012
"../../../Engine/Shaders/Private/HairStrands/HairStrandsVoxelPageCommon.ush" 2013
"../../../Engine/Shaders/Private/HairStrands/HairStrandsVoxelPageTraversal.ush" 2014
"../../../Engine/Shaders/Private/VirtualShadowMaps/VirtualShadowMapCacheManagement.usf" 2015
"../../../Engine/Shaders/Private/VirtualShadowMaps/VirtualShadowMapPageCacheCommon.ush" 2016
"../../../Engine/Shaders/Private/ScreenSpaceDenoise/SSDDefinitions.ush" 2017
"../../../Engine/Shaders/Private/InstanceCulling/InstanceCullingLoadBalancer.ush" 2018
"../../../Engine/Shaders/Private/VirtualShadowMaps/VirtualShadowMapCopyStats.usf" 2019
"../../../Engine/Shaders/Private/VirtualShadowMaps/VirtualShadowMapPageManagement.usf" 2020
"../../../Engine/Shaders/Shared/SingleLayerWaterDefinitions.h" 2021
"../../../Engine/Shaders/Private/HairStrands/HairStrandsTileCommon.ush" 2022
"../../../Engine/Shaders/Private/ReductionCommon.ush" 2023
"../../../Engine/Shaders/Private/VirtualShadowMaps/VirtualShadowMapStats.ush" 2024
"../../../Engine/Shaders/Private/VirtualShadowMaps/VirtualShadowMapBuildPerPageDrawCommands.usf" 2025
"../../../Engine/Shaders/Private/InstanceCulling/InstanceCullingCommon.ush" 2026
"../../../Engine/Shaders/Private/VirtualShadowMaps/VirtualShadowMapPrintStats.usf" 2027
"../../../Engine/Shaders/Private/VirtualShadowMaps/VirtualShadowMapDebug.usf" 2028
"../../../Engine/Shaders/Private/VelocityShader.usf" 2029
"../../../Engine/Shaders/Private/VelocityCommon.ush" 2030
"../../../Engine/Shaders/Private/VariableRateShading/VRSShadingRatePreview.usf" 2031
"../../../Engine/Shaders/Private/VariableRateShading/VRSShadingRateCommon.ush" 2032
"../../../Engine/Shaders/Private/VariableRateShading/VRSShadingRateCombine.usf" 2033
"../../../Engine/Shaders/Private/VariableRateShading/FixedFoveationVariableRateShading.usf" 2034
"../../../Engine/Shaders/Private/VariableRateShading/VRSShadingRateReproject.usf" 2035
"../../../Engine/Shaders/Private/VariableRateShading/VRSShadingRateCalculate.usf" 2036
"../../../Engine/Shaders/Private/TranslucencyUpsampling.usf" 2037
"../../../Engine/Shaders/Private/ScreenPass.ush" 2038
"../../../Engine/Shaders/Private/ComposeSeparateTranslucency.usf" 2039
"../../../Engine/Shaders/Private/SeparateTranslucency.ush" 2040
"../../../Engine/Shaders/Private/TranslucentLightInjectionShaders.usf" 2041
"../../../Engine/Shaders/Private/TranslucentShadowDepthShaders.usf" 2042
"../../../Engine/Shaders/Private/ShadowDepthCommon.ush" 2043
"../../../Engine/Shaders/Private/RayTracing/RayTracingTest.usf" 2044
"../../../Engine/Shaders/Private/PostProcessSubsurfaceTile.usf" 2045
"../../../Engine/Shaders/Private/Strata/StrataVisualize.usf" 2046
"../../../Engine/Shaders/Private/Strata/StrataTile.ush" 2047
"../../../Engine/Shaders/Private/SkyLightingDiffuseShared.ush" 2048
"../../../Engine/Shaders/Private/SkyLightingShared.ush" 2049
"../../../Engine/Shaders/Private/ClearCoatCommon.ush" 2050
"../../../Engine/Shaders/Private/ReflectionEnvironmentComposite.ush" 2051
"../../../Engine/Shaders/Private/Strata/StrataLightingCommon.ush" 2052
"../../../Engine/Shaders/Private/Strata/StrataRoughRefraction.usf" 2053
"../../../Engine/Shaders/Private/PathTracing/Material/PathTracingFresnel.ush" 2054
"../../../Engine/Shaders/Private/PathTracing/Material/PathTracingGlossy.ush" 2055
"../../../Engine/Shaders/Private/Strata/StrataTile.usf" 2056
"../../../Engine/Shaders/Private/Strata/StrataMaterialClassification.usf" 2057
"../../../Engine/Shaders/Private/Strata/StrataDBuffer.usf" 2058
"../../../Engine/Shaders/Private/SparseVolumeTexture/VisualizeSparseVolumeTexture.usf" 2059
"../../../Engine/Shaders/Private/SkyAtmosphere.usf" 2060
"../../../Engine/Shaders/Private/CopyDepthTexture.usf" 2061
"../../../Engine/Shaders/Private/SingleLayerWaterComposite.usf" 2062
"../../../Engine/Shaders/Private/ShadowProjectionVertexShader.usf" 2063
"../../../Engine/Shaders/Private/ShadowProjectionPixelShader.usf" 2064
"../../../Engine/Shaders/Private/ShadowPercentageCloserFiltering.ush" 2065
"../../../Engine/Shaders/Private/TransmissionThickness.ush" 2066
"../../../Engine/Shaders/Private/CopyShadowMaps.usf" 2067
"../../../Engine/Shaders/Private/ShadowDepthPixelShader.usf" 2068
"../../../Engine/Shaders/Private/ShadowDepthVertexShader.usf" 2069
"../../../Engine/Shaders/Private/ShadingEnergyConservationTable.usf" 2070
"../../../Engine/Shaders/Shared/PathTracingDefinitions.h" 2071
"../../../Engine/Shaders/Private/ShadingFurnaceTest.usf" 2072
"../../../Engine/Shaders/Private/Strata/StrataDeferredLighting.ush" 2073
"../../../Engine/Shaders/Private/ShaderPrintDraw.usf" 2074
"../../../Engine/Shaders/Private/ShaderPrintDrawPrimitive.usf" 2075
"../../../Engine/Shaders/Private/SSRT/SSRTDiffuseIndirect.usf" 2076
"../../../Engine/Shaders/Private/SSRT/SSRTRayCast.ush" 2077
"../../../Engine/Shaders/Private/SSRT/SSRTTileClassificationBuffer.ush" 2078
"../../../Engine/Shaders/Private/SSRT/SSRTReflections.usf" 2079
"../../../Engine/Shaders/Private/ScreenSpaceDenoise/SSDPublic.ush" 2080
"../../../Engine/Shaders/Private/SSRT/SSRTTileClassification.usf" 2081
"../../../Engine/Shaders/Private/SSRT/SSRTPrevFrameReduction.usf" 2082
"../../../Engine/Shaders/Private/ScreenSpaceDenoise/SSDComposeHarmonics.usf" 2083
"../../../Engine/Shaders/Private/ScreenSpaceDenoise/SSDPublicHarmonics.ush" 2084
"../../../Engine/Shaders/Private/ScreenSpaceDenoise/SSDSignalFramework.ush" 2085
"../../../Engine/Shaders/Private/ScreenSpaceDenoise/SSDCommon.ush" 2086
"../../../Engine/Shaders/Private/SphericalGaussian.ush" 2087
"../../../Engine/Shaders/Public/WaveBroadcastIntrinsics.ush" 2088
"../../../Engine/Shaders/Private/ScreenSpaceDenoise/SSDMetadata.ush" 2089
"../../../Engine/Shaders/Private/ScreenSpaceDenoise/SSDSignalCore.ush" 2090
"../../../Engine/Shaders/Private/ScreenSpaceDenoise/DenoisingCommon.ush" 2091
"../../../Engine/Shaders/Private/ScreenSpaceDenoise/SSDSignalArray.ush" 2092
"../../../Engine/Shaders/Private/ScreenSpaceDenoise/SSDSignalBufferEncoding.ush" 2093
"../../../Engine/Shaders/Private/ScreenSpaceDenoise/SSDPublicBufferEncoding.ush" 2094
"../../../Engine/Shaders/Private/Lumen/LumenBufferEncoding.ush" 2095
"../../../Engine/Shaders/Private/ScreenSpaceDenoise/SSDTemporalAccumulation.usf" 2096
"../../../Engine/Shaders/Private/ScreenSpaceDenoise/SSDSpatialKernel.ush" 2097
"../../../Engine/Shaders/Private/ScreenSpaceDenoise/SSDSignalAccumulatorArray.ush" 2098
"../../../Engine/Shaders/Private/ScreenSpaceDenoise/SSDSignalAccumulator.ush" 2099
"../../../Engine/Shaders/Private/ScreenSpaceDenoise/SSDSignalCompression.ush" 2100
"../../../Engine/Shaders/Private/ScreenSpaceDenoise/SSDSpatialAccumulation.usf" 2101
"../../../Engine/Shaders/Private/ScreenSpaceDenoise/SSDInjest.usf" 2102
"../../../Engine/Shaders/Private/ScreenSpaceDenoise/SSDCompressMetadata.usf" 2103
"../../../Engine/Shaders/Private/DownsampleDepthPixelShader.usf" 2104
"../../../Engine/Shaders/Private/ScreenPass.usf" 2105
"../../../Engine/Shaders/Private/HZB.usf" 2106
"../../../Engine/Shaders/Private/OcclusionFeedbackShaders.usf" 2107
"../../../Engine/Shaders/Private/HZBOcclusion.usf" 2108
"../../../Engine/Shaders/Private/OcclusionQueryPixelShader.usf" 2109
"../../../Engine/Shaders/Private/OcclusionQueryVertexShader.usf" 2110
"../../../Engine/Shaders/Private/HitProxyPixelShader.usf" 2111
"../../../Engine/Shaders/Private/HitProxyVertexShader.usf" 2112
"../../../Engine/Shaders/Private/SceneCapturePixelShader.usf" 2113
"../../../Engine/Shaders/Private/RTWriteMaskDecode.usf" 2114
"../../../Engine/Shaders/Private/ReflectionEnvironmentShaders.usf" 2115
"../../../Engine/Shaders/Private/RectLightAtlas.usf" 2116
"../../../Engine/Shaders/Private/RayTracing/TraceRayInlineStatistics.usf" 2117
"../../../Engine/Shaders/Private/RayTracing/TraceRayInlineCommon.ush" 2118
"../../../Engine/Shaders/Private/RayTracing/VisualizeSkyLightMipTreePS.usf" 2119
"../../../Engine/Shaders/Private/RayTracing/MipTreeCommon.ush" 2120
"../../../Engine/Shaders/Private/RayTracing/CompositeSkyLightPS.usf" 2121
"../../../Engine/Shaders/Private/RayTracing/GenerateSkyLightVisibilityRaysCS.usf" 2122
"../../../Engine/Shaders/Private/RayTracing/RayTracingSkyLightCommon.ush" 2123
"../../../Engine/Shaders/Private/RayTracing/SkyLightVisibilityRaysData.ush" 2124
"../../../Engine/Shaders/Private/Raytracing/RaytracingSkylightRGS.usf" 2125
"../../../Engine/Shaders/Private/HairStrands/HairStrandsRaytracing.ush" 2126
"../../../Engine/Shaders/Private/Raytracing/RayTracingSkyLightEvaluation.ush" 2127
"../../../Engine/Shaders/Private/Raytracing/RayTracingDeferredShadingCommon.ush" 2128
"../../../Engine/Shaders/Private/RayTracing/RayTracingOcclusionRGS.usf" 2129
"../../../Engine/Shaders/Private/RayTracing/RayTracingDirectionalLight.ush" 2130
"../../../Engine/Shaders/Private/RayTracing/RayTracingRectLight.ush" 2131
"../../../Engine/Shaders/Private/RayTracing/RayTracingSphereLight.ush" 2132
"../../../Engine/Shaders/Private/RayTracing/RayTracingCapsuleLight.ush" 2133
"../../../Engine/Shaders/Private/RayTracing/SplitImaginaryReflectionGBufferCS.usf" 2134
"../../../Engine/Shaders/Private/RayTracing/RayTracingReflectionsCommon.ush" 2135
"../../../Engine/Shaders/Private/RayTracing/RayTracingReflections.usf" 2136
"../../../Engine/Shaders/Private/RayTracing/RayTracingLightingCommon.ush" 2137
"../../../Engine/Shaders/Private/RayTracing/RayTracingLightCullingCommon.ush" 2138
"../../../Engine/Shaders/Private/RayTracing/RayTracingReflectionEnvironment.ush" 2139
"../../../Engine/Shaders/Private/RayTracing/RayTracingPrimaryRays.usf" 2140
"../../../Engine/Shaders/Private/RayTracing/RayTracingMaterialDefaultHitShaders.usf" 2141
"../../../Engine/Shaders/Private/RayTracing/RayTracingMaterialHitShaders.usf" 2142
"../../../Engine/Shaders/Private/RayTracing/RayTracingCalcInterpolants.ush" 2143
"../../../Engine/Shaders/Private/LightmapCommon.ush" 2144
"../../../Engine/Shaders/Private/Lumen/LumenHardwareRayTracingPayloadCommon.ush" 2145
"../../../Engine/Shaders/Private/Strata/StrataExport.ush" 2146
"../../../Engine/Shaders/Private/RayTracing/RayTracingLightingMS.usf" 2147
"../../../Engine/Shaders/Private/RayTracing/RayTracingLightFunctionCommon.ush" 2148
"../../../Engine/Shaders/Private/RayTracing/GenerateCulledLightListCS.usf" 2149
"../../../Engine/Shaders/Private/Raytracing/RayTracingInstanceBufferUtil.usf" 2150
"../../../Engine/Shaders/Private/RayTracing/RayTracingFinalGatherRGS.usf" 2151
"../../../Engine/Shaders/Private/RayTracing/RayTracingGatherPoints.ush" 2152
"../../../Engine/Shaders/Private/PathTracing/Light/PathTracingLightSampling.ush" 2153
"../../../Engine/Shaders/Private/PathTracing/Light/PathTracingLightCommon.ush" 2154
"../../../Engine/Shaders/Shared/RayTracingTypes.h" 2155
"../../../Engine/Shaders/Private/PathTracing/Light/PathTracingDirectionalLight.ush" 2156
"../../../Engine/Shaders/Private/PathTracing/Light/PathTracingPointLight.ush" 2157
"../../../Engine/Shaders/Private/PathTracing/Light/PathTracingCapsuleLight.ush" 2158
"../../../Engine/Shaders/Private/PathTracing/Light/PathTracingRectLight.ush" 2159
"../../../Engine/Shaders/Private/PathTracing/Light/PathTracingSkyLight.ush" 2160
"../../../Engine/Shaders/Private/PathTracing/Light/PathTracingSpotLight.ush" 2161
"../../../Engine/Shaders/Private/RayTracing/RayTracingCreateGatherPointsRGS.usf" 2162
"../../../Engine/Shaders/Private/RayTracing/RayTracingGlobalIlluminationRGS.usf" 2163
"../../../Engine/Shaders/Private/RayTracing/RayTracingDynamicMesh.usf" 2164
"../../../Engine/Shaders/Private/RayTracing/RayTracingDeferredReflections.usf" 2165
"../../../Engine/Shaders/Private/RayTracing/RayTracingDeferredMaterials.ush" 2166
"../../../Engine/Shaders/Shared/ThirdParty/AMD/ags_shader_intrinsics_dx12.h" 2167
"../../../Engine/Shaders/Private/RayTracing/RayTracingDeferredReflections.ush" 2168
"../../../Engine/Shaders/Private/RayTracing/RayTracingReflectionResolve.usf" 2169
"../../../Engine/Shaders/Private/RayTracing/RayTracingReflectionsGenerateRaysCS.usf" 2170
"../../../Engine/Shaders/Private/RayTracing/MaterialSort.usf" 2171
"../../../Engine/Shaders/Private/RayTracing/RayTracingDeferredMaterials.usf" 2172
"../../../Engine/Shaders/Private/RayTracing/RayTracingDefaultDecalHitShader.usf" 2173
"../../../Engine/Shaders/Private/RayTracing/RayTracingDecalMaterialShader.usf" 2174
"../../../Engine/Shaders/Private/RayTracing/RayTracingBuildDecalGrid.usf" 2175
"../../../Engine/Shaders/Private/RayTracing/RayTracingDebugInstanceOverlap.usf" 2176
"../../../Engine/Shaders/Private/RayTracing/RayTracingDebugPicking.usf" 2177
"../../../Engine/Shaders/Private/RayTracing/RayTracingDebugUtils.ush" 2178
"../../../Engine/Shaders/Shared/RayTracingDebugTypes.h" 2179
"../../../Engine/Shaders/Private/RayTracing/RayTracingDebugTraversal.usf" 2180
"../../../Engine/Shaders/Private/Nanite/NaniteRayTrace.ush" 2181
"../../../Engine/Shaders/Shared/ThirdParty/RayTriangleIntersection.h" 2182
"../../../Engine/Shaders/Shared/RayTracingDebugDefinitions.h" 2183
"../../../Engine/Shaders/Private/RayTracing/TraceRayInline.ush" 2184
"../../../Engine/Shaders/Private/RayTracing/TraceRayInlineVulkan.ush" 2185
"../../../Engine/Shaders/Private/RayTracing/TraceRayInlineMetal.ush" 2186
"../../../Engine/Shaders/Private/RayTracing/RayTracingDebugMS.usf" 2187
"../../../Engine/Shaders/Private/RayTracing/RayTracingDebugCHS.usf" 2188
"../../../Engine/Shaders/Private/RayTracing/RayTracingDebug.usf" 2189
"../../../Engine/Shaders/Private/RayTracing/RayTracingBuiltInShaders.usf" 2190
"../../../Engine/Shaders/Private/RayTracing/RayTracingBarycentrics.usf" 2191
"../../../Engine/Shaders/Private/RayTracing/RayTracingAmbientOcclusionRGS.usf" 2192
"../../../Engine/Shaders/Private/VisualizeShadingModels.usf" 2193
"../../../Engine/Shaders/Private/PostProcessCommon.ush" 2194
"../../../Engine/Shaders/Private/MotionBlur/VisualizeMotionVectors.usf" 2195
"../../../Engine/Shaders/Private/TemporalSuperResolution/TSRDebugHistory.usf" 2196
"../../../Engine/Shaders/Private/TemporalSuperResolution/TSRCommon.ush" 2197
"../../../Engine/Shaders/Public/DualPixelVectorization.ush" 2198
"../../../Engine/Shaders/Private/TemporalSuperResolution/TSRResolveHistory.usf" 2199
"../../../Engine/Shaders/Private/TemporalSuperResolution/TSRUpdateHistory.usf" 2200
"../../../Engine/Shaders/Private/TemporalSuperResolution/TSRFilterAntiAliasing.usf" 2201
"../../../Engine/Shaders/Private/TemporalSuperResolution/TSRSpatialAntiAliasing.usf" 2202
"../../../Engine/Shaders/Private/TemporalSuperResolution/TSRRejectShading.usf" 2203
"../../../Engine/Shaders/Public/LaneVectorization.ush" 2204
"../../../Engine/Shaders/Private/TemporalSuperResolution/TSRCompareTranslucency.usf" 2205
"../../../Engine/Shaders/Private/TemporalSuperResolution/TSRDecimateHistory.usf" 2206
"../../../Engine/Shaders/Private/TemporalSuperResolution/TSRDilateVelocity.usf" 2207
"../../../Engine/Shaders/Private/MotionBlur/MotionBlurVelocityFlatten.ush" 2208
"../../../Engine/Shaders/Private/MotionBlur/MotionBlurCommon.ush" 2209
"../../../Engine/Shaders/Private/TemporalSuperResolution/TSRForwardScatterDepth.usf" 2210
"../../../Engine/Shaders/Private/TemporalSuperResolution/TSRClearPrevTextures.usf" 2211
"../../../Engine/Shaders/Private/TemporalSuperResolution/TSRComputeMoireLuma.usf" 2212
"../../../Engine/Shaders/Private/TemporalAA.usf" 2213
"../../../Engine/Shaders/Private/FilterPixelShader.usf" 2214
"../../../Engine/Shaders/Private/FilterVertexShader.usf" 2215
"../../../Engine/Shaders/Private/PostProcessVisualizeBuffer.usf" 2216
"../../../Engine/Shaders/Private/PostProcessVisualizeLocalExposure.usf" 2217
"../../../Engine/Shaders/Private/PostProcessHistogramCommon.ush" 2218
"../../../Engine/Shaders/Private/PostProcessVisualizeLevelInstance.usf" 2219
"../../../Engine/Shaders/Private/PostProcessVisualizeHDR.usf" 2220
"../../../Engine/Shaders/Private/ShaderComplexityApplyPixelShader.usf" 2221
"../../../Engine/Shaders/Private/QuadOverdraw.ush" 2222
"../../../Engine/Shaders/Private/PostProcessUpscale.usf" 2223
"../../../Engine/Shaders/Private/PostProcessTonemap.usf" 2224
"../../../Engine/Shaders/Private/PostProcessing/FilmGrainPackConstants.usf" 2225
"../../../Engine/Shaders/Private/PostProcessing/FilmGrainReduce.usf" 2226
"../../../Engine/Shaders/Private/PostProcessTestImage.usf" 2227
"../../../Engine/Shaders/Private/PostProcessSubsurface.usf" 2228
"../../../Engine/Shaders/Private/SeparableSSS.ush" 2229
"../../../Engine/Shaders/Private/SubsurfaceBurleyNormalized.ush" 2230
"../../../Engine/Shaders/Private/PostProcessSelectionOutline.usf" 2231
"../../../Engine/Shaders/Private/PostProcessPixelProjectedReflectionMobile.usf" 2232
"../../../Engine/Shaders/Private/MotionBlur/MotionBlurVisualize.usf" 2233
"../../../Engine/Shaders/Private/MotionBlur/MotionBlurApply.usf" 2234
"../../../Engine/Shaders/Private/MotionBlur/MotionBlurFilterTileClassify.usf" 2235
"../../../Engine/Shaders/Private/MotionBlur/MotionBlurTileScatter.usf" 2236
"../../../Engine/Shaders/Private/MotionBlur/MotionBlurTileGather.usf" 2237
"../../../Engine/Shaders/Private/MotionBlur/MotionBlurVelocityFlatten.usf" 2238
"../../../Engine/Shaders/Private/PostProcessMobile.usf" 2239
"../../../Engine/Shaders/Private/PostProcessMitchellNetravali.usf" 2240
"../../../Engine/Shaders/Private/PostProcessMaterialShaders.usf" 2241
"../../../Engine/Shaders/Private/PostProcessLocalExposure.usf" 2242
"../../../Engine/Shaders/Private/PostProcessLensFlares.usf" 2243
"../../../Engine/Shaders/Private/PostProcessHMD.usf" 2244
"../../../Engine/Shaders/Private/Histogram.usf" 2245
"../../../Engine/Shaders/Private/PostProcessHistogramReduce.usf" 2246
"../../../Engine/Shaders/Private/PostProcessHistogram.usf" 2247
"../../../Engine/Shaders/Private/PostProcessGBufferHints.usf" 2248
"../../../Engine/Shaders/Private/Bloom/BloomFinalizeApplyConstants.usf" 2249
"../../../Engine/Shaders/Private/Bloom/BloomCommon.ush" 2250
"../../../Engine/Shaders/Private/Bloom/BloomResizeKernel.usf" 2251
"../../../Engine/Shaders/Private/Bloom/BloomClampKernel.usf" 2252
"../../../Engine/Shaders/Private/Bloom/BloomPackKernelConstants.usf" 2253
"../../../Engine/Shaders/Private/Bloom/BloomSumScatterDispersionEnergy.usf" 2254
"../../../Engine/Shaders/Private/Bloom/BloomReduceKernelSurvey.usf" 2255
"../../../Engine/Shaders/Private/Bloom/BloomSurveyKernelCenterEnergy.usf" 2256
"../../../Engine/Shaders/Private/Bloom/BloomSurveyMaxScatterDispersion.usf" 2257
"../../../Engine/Shaders/Private/Bloom/BloomFindKernelCenter.usf" 2258
"../../../Engine/Shaders/Private/PostProcessEyeAdaptation.usf" 2259
"../../../Engine/Shaders/Private/PostProcessDownsample.usf" 2260
"../../../Engine/Shaders/Private/PostProcessDOF.usf" 2261
"../../../Engine/Shaders/Private/PostProcessDeviceEncodingOnly.usf" 2262
"../../../Engine/Shaders/Private/PostProcessCompositeEditorPrimitives.usf" 2263
"../../../Engine/Shaders/Private/PostProcessCombineLUTs.usf" 2264
"../../../Engine/Shaders/Private/PostProcessVisualizeDOF.usf" 2265
"../../../Engine/Shaders/Private/PostProcessBloom.usf" 2266
"../../../Engine/Shaders/Private/PostProcessAmbientOcclusionMobile.usf" 2267
"../../../Engine/Shaders/Private/PostProcessAmbientOcclusionCommon.ush" 2268
"../../../Engine/Shaders/Private/FXAAShader.usf" 2269
"../../../Engine/Shaders/Private/Fxaa3_11.ush" 2270
"../../../Engine/Shaders/Private/DiaphragmDOF/DOFRecombine.usf" 2271
"../../../Engine/Shaders/Private/DiaphragmDOF/DOFCommon.ush" 2272
"../../../Engine/Shaders/Private/DiaphragmDOF/DOFHybridScatterPixelShader.usf" 2273
"../../../Engine/Shaders/Private/DiaphragmDOF/DOFHybridScatterCommon.ush" 2274
"../../../Engine/Shaders/Private/DiaphragmDOF/DOFHybridScatterVertexShader.usf" 2275
"../../../Engine/Shaders/Private/DiaphragmDOF/DOFPostfiltering.usf" 2276
"../../../Engine/Shaders/Private/DiaphragmDOF/DOFGatherTileSuggest.ush" 2277
"../../../Engine/Shaders/Private/DiaphragmDOF/DOFCocTileCommon.ush" 2278
"../../../Engine/Shaders/Private/DiaphragmDOF/DOFGatherPass.usf" 2279
"../../../Engine/Shaders/Private/DiaphragmDOF/DOFGatherCommon.ush" 2280
"../../../Engine/Shaders/Private/DiaphragmDOF/DOFGatherAccumulator.ush" 2281
"../../../Engine/Shaders/Private/DiaphragmDOF/DOFGatherKernel.ush" 2282
"../../../Engine/Shaders/Private/DiaphragmDOF/DOFBokehLUT.usf" 2283
"../../../Engine/Shaders/Private/DiaphragmDOF/DOFHybridScatterCompilation.usf" 2284
"../../../Engine/Shaders/Private/DiaphragmDOF/DOFReduce.usf" 2285
"../../../Engine/Shaders/Private/DiaphragmDOF/DOFDownsample.ush" 2286
"../../../Engine/Shaders/Private/DiaphragmDOF/DOFHybridScatterCompilation.ush" 2287
"../../../Engine/Shaders/Private/DiaphragmDOF/DOFDownsample.usf" 2288
"../../../Engine/Shaders/Private/DiaphragmDOF/DOFCocTileDilate.usf" 2289
"../../../Engine/Shaders/Private/DiaphragmDOF/DOFCocTileFlatten.usf" 2290
"../../../Engine/Shaders/Private/DiaphragmDOF/DOFSetup.usf" 2291
"../../../Engine/Shaders/Private/PlanarReflectionShaders.usf" 2292
"../../../Engine/Shaders/Private/PlanarReflectionShared.ush" 2293
"../../../Engine/Shaders/Private/PhysicsFieldVisualizer.usf" 2294
"../../../Engine/Shaders/Private/PathTracing/PathTracingSpatialTemporalDenoising.usf" 2295
"../../../Engine/Shaders/Private/ColorDifference.ush" 2296
"../../../Engine/Shaders/Private/PathTracing/PathTracingCompositingPixelShader.usf" 2297
"../../../Engine/Shaders/Private/PathTracing/PathTracingDefaultHitShader.usf" 2298
"../../../Engine/Shaders/Private/PathTracing/PathTracingCommon.ush" 2299
"../../../Engine/Shaders/Private/PathTracing/Material/PathTracingMaterialCommon.ush" 2300
"../../../Engine/Shaders/Private/PathTracing/PathTracingMaterialHitShader.usf" 2301
"../../../Engine/Shaders/Private/PathTracing/PathTracingShaderUtils.ush" 2302
"../../../Engine/Shaders/Private/PathTracing/Material/PathTracingThinGlass.ush" 2303
"../../../Engine/Shaders/Private/PathTracing/Material/PathTracingEnergyConservation.ush" 2304
"../../../Engine/Shaders/Private/PathTracing/PathTracingLightingMissShader.usf" 2305
"../../../Engine/Shaders/Private/PathTracing/PathTracingMissShader.usf" 2306
"../../../Engine/Shaders/Private/PathTracing/PathTracingBuildAtmosphereLUT.usf" 2307
"../../../Engine/Shaders/Private/PathTracing/Volume/PathTracingAtmosphereCommon.ush" 2308
"../../../Engine/Shaders/Private/PathTracing/PathTracingSwizzleScanlines.usf" 2309
"../../../Engine/Shaders/Private/PathTracing/PathTracingInitExtinctionCoefficient.usf" 2310
"../../../Engine/Shaders/Private/PathTracing/PathTracing.usf" 2311
"../../../Engine/Shaders/Private/PathTracing/PathTracingCore.ush" 2312
"../../../Engine/Shaders/Private/RayTracing/RayTracingDecalGrid.ush" 2313
"../../../Engine/Shaders/Private/PathTracing/Utilities/PathTracingRIS.ush" 2314
"../../../Engine/Shaders/Private/PathTracing/Light/PathTracingLightGrid.ush" 2315
"../../../Engine/Shaders/Private/PathTracing/Material/PathTracingMaterialSampling.ush" 2316
"../../../Engine/Shaders/Private/PathTracing/Material/PathTracingLambert.ush" 2317
"../../../Engine/Shaders/Private/PathTracing/Material/PathTracingSolidGlass.ush" 2318
"../../../Engine/Shaders/Private/PathTracing/Material/PathTracingDefaultLit.ush" 2319
"../../../Engine/Shaders/Private/PathTracing/Material/PathTracingClearCoat.ush" 2320
"../../../Engine/Shaders/Private/PathTracing/Material/PathTracingTwoSidedFoliage.ush" 2321
"../../../Engine/Shaders/Private/PathTracing/Material/PathTracingCloth.ush" 2322
"../../../Engine/Shaders/Private/PathTracing/Material/PathTracingSubsurfaceProfile.ush" 2323
"../../../Engine/Shaders/Private/PathTracing/Material/PathTracingEye.ush" 2324
"../../../Engine/Shaders/Private/PathTracing/Material/PathTracingHair.ush" 2325
"../../../Engine/Shaders/Private/PathTracing/Material/PathTracingMedium.ush" 2326
"../../../Engine/Shaders/Private/PathTracing/Volume/PathTracingVolume.ush" 2327
"../../../Engine/Shaders/Private/PathTracing/Volume/PathTracingVolumeCommon.ush" 2328
"../../../Engine/Shaders/Private/PathTracing/Volume/PathTracingAtmosphere.ush" 2329
"../../../Engine/Shaders/Private/DoubleWordMath.ush" 2330
"../../../Engine/Shaders/Private/PathTracing/Volume/PathTracingFog.ush" 2331
"../../../Engine/Shaders/Private/PathTracing/Volume/PathTracingVolumeSampling.ush" 2332
"../../../Engine/Shaders/Private/PathTracing/PathTracingBuildLightGrid.usf" 2333
"../../../Engine/Shaders/Private/PathTracing/PathTracingSkylightMISCompensation.usf" 2334
"../../../Engine/Shaders/Private/PathTracing/PathTracingSkylightPrepare.usf" 2335
"../../../Engine/Shaders/Private/OIT/OITSorting.usf" 2336
"../../../Engine/Shaders/Private/OITCombine.usf" 2337
"../../../Engine/Shaders/Private/OITCommon.ush" 2338
"../../../Engine/Shaders/Private/Nanite/NaniteDebugViews.usf" 2339
"../../../Engine/Shaders/Private/Nanite/NaniteDepthDecode.usf" 2340
"../../../Engine/Shaders/Private/HTileEncoding.ush" 2341
"../../../Engine/Shaders/Private/Nanite/NaniteMaterialComplexity.usf" 2342
"../../../Engine/Shaders/Private/Nanite/NaniteVisualize.usf" 2343
"../../../Engine/Shaders/Private/Nanite/NaniteStreamOut.usf" 2344
"../../../Engine/Shaders/Private/Nanite/NaniteMaterialCulling.usf" 2345
"../../../Engine/Shaders/Private/Nanite/NaniteDepthExport.usf" 2346
"../../../Engine/Shaders/Private/Nanite/NaniteExportGBuffer.usf" 2347
"../../../Engine/Shaders/Private/Nanite/NaniteRasterizer.usf" 2348
"../../../Engine/Shaders/Private/Nanite/NaniteRasterizationCommon.ush" 2349
"../../../Engine/Shaders/Private/Nanite/NaniteRasterizer.ush" 2350
"../../../Engine/Shaders/Private/Nanite/NaniteWritePixel.ush" 2351
"../../../Engine/Shaders/Private/Nanite/NaniteTessellation.ush" 2352
"../../../Engine/Shaders/Private/WorkDistribution.ush" 2353
"../../../Engine/Shaders/Private/Nanite/NaniteRasterBinning.usf" 2354
"../../../Engine/Shaders/Private/Nanite/NaniteInstanceCulling.usf" 2355
"../../../Engine/Shaders/Private/Nanite/NaniteImposter.ush" 2356
"../../../Engine/Shaders/Private/Nanite/NanitePrimitiveFilter.usf" 2357
"../../../Engine/Shaders/Private/Nanite/NaniteRasterClear.usf" 2358
"../../../Engine/Shaders/Private/Nanite/NanitePrintStats.usf" 2359
"../../../Engine/Shaders/Private/Nanite/NaniteEmitShadow.usf" 2360
"../../../Engine/Shaders/Private/MobileDeferredUtils.usf" 2361
"../../../Engine/Shaders/Private/MobileFog.usf" 2362
"../../../Engine/Shaders/Private/DistortApplyScreenPS.usf" 2363
"../../../Engine/Shaders/Private/MobileDeferredShading.usf" 2364
"../../../Engine/Shaders/Private/MobileLightingCommon.ush" 2365
"../../../Engine/Shaders/Private/MobileBasePassPixelShader.usf" 2366
"../../../Engine/Shaders/Private/MobileBasePassCommon.ush" 2367
"../../../Engine/Shaders/Private/BasePassCommon.ush" 2368
"../../../Engine/Shaders/Private/ShadingModelsMaterial.ush" 2369
"../../../Engine/Shaders/Private/ThinTranslucentCommon.ush" 2370
"../../../Engine/Shaders/Private/SingleLayerWaterShading.ush" 2371
"../../../Engine/Shaders/Private/DistortionCommon.ush" 2372
"../../../Engine/Shaders/Private/Strata/StrataMobileForwardLighting.ush" 2373
"../../../Engine/Shaders/Private/MobileBasePassVertexShader.usf" 2374
"../../../Engine/Shaders/Private/Lumen/LumenVisualizeRadianceCache.usf" 2375
"../../../Engine/Shaders/Private/Lumen/LumenRadianceCacheCommon.ush" 2376
"../../../Engine/Shaders/Private/Lumen/LumenVisualizeHardwareRayTracing.usf" 2377
"../../../Engine/Shaders/Private/Lumen/LumenCardCommon.ush" 2378
"../../../Engine/Shaders/Private/Lumen/LumenTracingCommon.ush" 2379
"../../../Engine/Shaders/Private/DistanceField/GlobalDistanceFieldUtils.ush" 2380
"../../../Engine/Shaders/Private/DistanceField/GlobalDistanceFieldObjectGrid.ush" 2381
"../../../Engine/Shaders/Private/DistanceFieldLightingShared.ush" 2382
"../../../Engine/Shaders/Private/Lumen/SurfaceCache/LumenSurfaceCacheSampling.ush" 2383
"../../../Engine/Shaders/Private/Lumen/SurfaceCache/LumenSurfaceCache.ush" 2384
"../../../Engine/Shaders/Private/Lumen/LumenVisualize.ush" 2385
"../../../Engine/Shaders/Private/Lumen/LumenHardwareRayTracingCommon.ush" 2386
"../../../Engine/Shaders/Private/Lumen/LumenHardwareRayTracingPipelineCommon.ush" 2387
"../../../Engine/Shaders/Private/Lumen/LumenHardwareRayTracingPlatformCommon.ush" 2388
"../../../Engine/Shaders/Private/Lumen/LumenHairTracing.ush" 2389
"../../../Engine/Shaders/Private/Lumen/LumenFog.ush" 2390
"../../../Engine/Shaders/Private/Lumen/LumenVisualize.usf" 2391
"../../../Engine/Shaders/Private/Lumen/LumenVisualizeTraces.ush" 2392
"../../../Engine/Shaders/Private/Lumen/LumenTranslucencyVolumeLighting.usf" 2393
"../../../Engine/Shaders/Private/Lumen/LumenRadianceCacheMarkCommon.ush" 2394
"../../../Engine/Shaders/Private/Lumen/LumenTranslucencyVolumeLightingShared.ush" 2395
"../../../Engine/Shaders/Private/Lumen/LumenScreenProbeCommon.ush" 2396
"../../../Engine/Shaders/Private/Lumen/LumenTranslucencyVolumeHardwareRayTracing.usf" 2397
"../../../Engine/Shaders/Private/Lumen/LumenTranslucencyRadianceCacheMarkShaders.usf" 2398
"../../../Engine/Shaders/Private/Lumen/SurfaceCache/LumenSurfaceCacheFeedback.usf" 2399
"../../../Engine/Shaders/Private/Lumen/SurfaceCache/LumenSurfaceCache.usf" 2400
"../../../Engine/Shaders/Private/Lumen/LumenShortRangeAOHardwareRayTracing.usf" 2401
"../../../Engine/Shaders/Private/Lumen/LumenMaterial.ush" 2402
"../../../Engine/Shaders/Private/Lumen/LumenScreenSpaceBentNormal.usf" 2403
"../../../Engine/Shaders/Private/Lumen/LumenScreenTracing.ush" 2404
"../../../Engine/Shaders/Private/Lumen/LumenScreenProbeTracing.usf" 2405
"../../../Engine/Shaders/Private/Lumen/LumenScreenProbeTracingCommon.ush" 2406
"../../../Engine/Shaders/Private/Lumen/LumenScreenProbeImportanceSampling.usf" 2407
"../../../Engine/Shaders/Private/Lumen/LumenScreenProbeImportanceSamplingShared.ush" 2408
"../../../Engine/Shaders/Private/Lumen/LumenScreenProbeHardwareRayTracing.usf" 2409
"../../../Engine/Shaders/Private/Lumen/LumenScreenProbeGather.usf" 2410
"../../../Engine/Shaders/Private/Lumen/LumenScreenSpaceBentNormal.ush" 2411
"../../../Engine/Shaders/Private/Lumen/LumenReflectionsCombine.ush" 2412
"../../../Engine/Shaders/Private/Lumen/LumenScreenProbeLightSampling.usf" 2413
"../../../Engine/Shaders/Private/Lumen/LumenScreenProbeFiltering.usf" 2414
"../../../Engine/Shaders/Private/Lumen/LumenSceneLighting.usf" 2415
"../../../Engine/Shaders/Private/Lumen/LumenCardTile.ush" 2416
"../../../Engine/Shaders/Private/Lumen/LumenSceneLighting.ush" 2417
"../../../Engine/Shaders/Private/Lumen/Radiosity/LumenRadiosity.ush" 2418
"../../../Engine/Shaders/Private/Lumen/LumenCardPixelShader.usf" 2419
"../../../Engine/Shaders/Private/Lumen/LumenCardVertexShader.usf" 2420
"../../../Engine/Shaders/Private/Lumen/LumenSceneLightingDebug.usf" 2421
"../../../Engine/Shaders/Private/Lumen/LumenSceneDirectLightingHardwareRayTracing.usf" 2422
"../../../Engine/Shaders/Private/Lumen/LumenReflectionCommon.ush" 2423
"../../../Engine/Shaders/Private/Lumen/LumenSceneDirectLighting.ush" 2424
"../../../Engine/Shaders/Private/Lumen/LumenSceneDirectLightingSoftwareRayTracing.usf" 2425
"../../../Engine/Shaders/Private/DistanceFieldShadowingShared.ush" 2426
"../../../Engine/Shaders/Private/Lumen/LumenSceneDirectLightingPerLightShadowCommon.ush" 2427
"../../../Engine/Shaders/Private/Lumen/LumenSceneDirectLightingShadowMask.usf" 2428
"../../../Engine/Shaders/Private/Lumen/LumenSceneDirectLighting.usf" 2429
"../../../Engine/Shaders/Private/Lumen/LumenSceneDirectLightingCulling.usf" 2430
"../../../Engine/Shaders/Private/Lumen/LumenReflectionTracing.usf" 2431
"../../../Engine/Shaders/Private/Lumen/LumenReflections.usf" 2432
"../../../Engine/Shaders/Private/Lumen/LumenReflectionHardwareRayTracing.usf" 2433
"../../../Engine/Shaders/Private/Lumen/Radiosity/LumenVisualizeRadiosityProbes.usf" 2434
"../../../Engine/Shaders/Private/Lumen/Radiosity/LumenRadiosity.usf" 2435
"../../../Engine/Shaders/Private/RayTracing/RayGenUtils.ush" 2436
"../../../Engine/Shaders/Private/Lumen/Radiosity/LumenRadiosityHardwareRayTracing.usf" 2437
"../../../Engine/Shaders/Private/Lumen/Radiosity/LumenRadiosityCulling.usf" 2438
"../../../Engine/Shaders/Private/Lumen/LumenRadianceCacheHardwareRayTracing.usf" 2439
"../../../Engine/Shaders/Private/Lumen/LumenRadianceCacheTracingCommon.ush" 2440
"../../../Engine/Shaders/Private/Lumen/LumenRadianceCache.usf" 2441
"../../../Engine/Shaders/Private/Lumen/LumenRadianceCacheUpdate.ush" 2442
"../../../Engine/Shaders/Private/Lumen/LumenRadianceCacheDebug.usf" 2443
"../../../Engine/Shaders/Private/Lumen/LumenRadianceCacheUpdate.usf" 2444
"../../../Engine/Shaders/Private/Lumen/LumenMeshSDFCulling.usf" 2445
"../../../Engine/Shaders/Private/HybridIndirectLighting.ush" 2446
"../../../Engine/Shaders/Private/MeshDistanceFieldCommon.ush" 2447
"../../../Engine/Shaders/Private/Lumen/LumenIrradianceFieldGather.usf" 2448
"../../../Engine/Shaders/Private/Lumen/LumenHardwareRayTracingMaterials.usf" 2449
"../../../Engine/Shaders/Private/Lumen/LumenHardwareRayTracingPipeline.usf" 2450
"../../../Engine/Shaders/Private/Lumen/LumenFrontLayerTranslucency.usf" 2451
"../../../Engine/Shaders/Private/LightShaftShader.usf" 2452
"../../../Engine/Shaders/Private/StationaryLightOverlapShaders.usf" 2453
"../../../Engine/Shaders/Private/DeferredLightPixelShaders.usf" 2454
"../../../Engine/Shaders/Private/HairStrands/HairStrandsVisibilityUtils.ush" 2455
"../../../Engine/Shaders/Private/DeferredLightVertexShaders.usf" 2456
"../../../Engine/Shaders/Private/LightMapDensityShader.usf" 2457
"../../../Engine/Shaders/Private/LightGridInjection.usf" 2458
"../../../Engine/Shaders/Private/LightFunctionPixelShader.usf" 2459
"../../../Engine/Shaders/Private/LightFunctionVertexShader.usf" 2460
"../../../Engine/Shaders/Private/InstanceCulling/BuildInstanceDrawCommands.usf" 2461
"../../../Engine/Shaders/Private/InstanceCulling/InstanceCompactionCommon.ush" 2462
"../../../Engine/Shaders/Private/InstanceCulling/CompactVisibleInstances.usf" 2463
"../../../Engine/Shaders/Private/ThreadGroupPrefixSum.ush" 2464
"../../../Engine/Shaders/Private/ReflectionEnvironmentPixelShader.usf" 2465
"../../../Engine/Shaders/Private/Strata/StrataEnvironmentLighting.ush" 2466
"../../../Engine/Shaders/Private/AmbientCubemapComposite.usf" 2467
"../../../Engine/Shaders/Private/DiffuseIndirectComposite.usf" 2468
"../../../Engine/Shaders/Private/IESAtlas.usf" 2469
"../../../Engine/Shaders/Private/HeterogeneousVolumes/HeterogeneousVolumesSparseVoxelPipeline.usf" 2470
"../../../Engine/Shaders/Private/HeterogeneousVolumes/HeterogeneousVolumesSparseVoxelUtils.ush" 2471
"../../../Engine/Shaders/Private/HeterogeneousVolumes/HeterogeneousVolumesSparseVoxelUniformBufferUtils.ush" 2472
"../../../Engine/Shaders/Private/HeterogeneousVolumes/HeterogeneousVolumesPreshadingPipeline.usf" 2473
"../../../Engine/Shaders/Private/HeterogeneousVolumes/HeterogeneousVolumesTracingUtils.ush" 2474
"../../../Engine/Shaders/Private/HeterogeneousVolumes/HeterogeneousVolumesLightingUtils.ush" 2475
"../../../Engine/Shaders/Private/HeterogeneousVolumes/HeterogeneousVolumesRayMarchingUtils.ush" 2476
"../../../Engine/Shaders/Private/HeterogeneousVolumes/HeterogeneousVolumesTransmittanceVolumeUtils.ush" 2477
"../../../Engine/Shaders/Private/HeterogeneousVolumes/HeterogeneousVolumesMaterialBakingPipeline.usf" 2478
"../../../Engine/Shaders/Private/HeterogeneousVolumes/HeterogeneousVolumesLiveShadingUtils.ush" 2479
"../../../Engine/Shaders/Private/HeterogeneousVolumes/HeterogeneousVolumesLiveShadingPipeline.usf" 2480
"../../../Engine/Shaders/Private/HeterogeneousVolumes/HeterogeneousVolumesHardwareRayTracing.usf" 2481
"../../../Engine/Shaders/Private/HeterogeneousVolumes/HeterogeneousVolumesComposite.usf" 2482
"../../../Engine/Shaders/Private/HdrCustomResolveShaders.usf" 2483
"../../../Engine/Shaders/Private/HairStrands/HairStrandsVoxelMip.usf" 2484
"../../../Engine/Shaders/Private/HairStrands/HairStrandsVoxelRasterCompute.usf" 2485
"../../../Engine/Shaders/Private/HairStrands/HairStrandsClusterCommon.ush" 2486
"../../../Engine/Shaders/Private/HairStrands/HairStrandsVoxelPageAllocation.usf" 2487
"../../../Engine/Shaders/Private/Matrices.ush" 2488
"../../../Engine/Shaders/Private/HairStrands/HairStrandsAABBCommon.ush" 2489
"../../../Engine/Shaders/Private/HairStrands/HairStrandsVoxelOpaque.usf" 2490
"../../../Engine/Shaders/Private/HairStrands/HairStrandsRaytracingGeometry.usf" 2491
"../../../Engine/Shaders/Private/HairStrands/HairStrandsHitProxy.usf" 2492
"../../../Engine/Shaders/Private/HairStrands/HairStrandsVisibilityRasterComputeNaive.usf" 2493
"../../../Engine/Shaders/Private/HairStrands/HairStrandsVisibilityRasterHW.usf" 2494
"../../../Engine/Shaders/Private/HairStrands/HairStrandsVisibilityRasterCompute.usf" 2495
"../../../Engine/Shaders/Private/HairStrands/HairStrandsVisibilityRasterClassification.usf" 2496
"../../../Engine/Shaders/Private/HairStrands/HairStrandsCoverage.usf" 2497
"../../../Engine/Shaders/Private/HairStrands/HairStrandsVisibilityDepthPS.usf" 2498
"../../../Engine/Shaders/Private/HairStrands/HairStrandsVisibilityTransmittanceDepthPS.usf" 2499
"../../../Engine/Shaders/Private/HairStrands/HairStrandsVisibilityFillOpaqueDepthPS.usf" 2500
"../../../Engine/Shaders/Private/HairStrands/HairStrandsVisibilityCompactionComputeRaster.usf" 2501
"../../../Engine/Shaders/Private/HairStrands/HairStrandsVisibilityCompaction.usf" 2502
"../../../Engine/Shaders/Private/HairStrands/HairStrandsVisibilityCopyIndirectArg.usf" 2503
"../../../Engine/Shaders/Private/HairStrands/HairStrandsVisibilityClearPS.usf" 2504
"../../../Engine/Shaders/Private/HairStrands/HairStrandsVisibilityPS.usf" 2505
"../../../Engine/Shaders/Private/HairStrands/HairStrandsVisibilityVS.usf" 2506
"../../../Engine/Shaders/Private/HairStrands/HairStrandsVelocity.usf" 2507
"../../../Engine/Shaders/Private/HairStrands/HairStrandsVisibilityComputeSampleCoverage.usf" 2508
"../../../Engine/Shaders/Private/HairStrands/HairStrandsMaterialPS.usf" 2509
"../../../Engine/Shaders/Private/HairStrands/HairStrandsMaterialCommon.ush" 2510
"../../../Engine/Shaders/Private/HairStrands/HairStrandsMaterialVS.usf" 2511
"../../../Engine/Shaders/Private/HairStrands/HairStrandsLightSample.usf" 2512
"../../../Engine/Shaders/Private/HairStrands/HairStrandsDeepShadowMask.usf" 2513
"../../../Engine/Shaders/Private/HairStrands/HairStrandsDeepShadowCommon.ush" 2514
"../../../Engine/Shaders/Private/HairStrands/HairStrandsDeepTransmittanceMask.usf" 2515
"../../../Engine/Shaders/Private/HairStrands/HairStrandsVisibilityTile.usf" 2516
"../../../Engine/Shaders/Private/HairStrands/HairStrandsDeepShadowPS.usf" 2517
"../../../Engine/Shaders/Private/HairStrands/HairStrandsDeepShadowVS.usf" 2518
"../../../Engine/Shaders/Private/HairStrands/HairStrandsLUT.usf" 2519
"../../../Engine/Shaders/Private/HairStrands/HairStrandsForwardRaster.usf" 2520
"../../../Engine/Shaders/Private/HairStrands/HairStrandsForwardCulling.usf" 2521
"../../../Engine/Shaders/Private/HairStrands/HairStrandsEnvironmentLighting.usf" 2522
"../../../Engine/Shaders/Private/HairStrands/HairStrandsDebugCommonStruct.ush" 2523
"../../../Engine/Shaders/Private/HairStrands/HairStrandsEnvironmentAO.usf" 2524
"../../../Engine/Shaders/Private/HairStrands/HairStrandsDeepShadowAllocation.usf" 2525
"../../../Engine/Shaders/Private/HairStrands/HairStrandsVoxelDepthInjection.usf" 2526
"../../../Engine/Shaders/Private/HairStrands/HairStrandsClusterCulling.usf" 2527
"../../../Engine/Shaders/Private/HairStrands/HairStrandsDebug.usf" 2528
"../../../Engine/Shaders/Private/HairStrands/HairStrandsMeshProjectionCommon.ush" 2529
"../../../Engine/Shaders/Private/HairStrands/HairStrandsVoxelPageRayMarching.usf" 2530
"../../../Engine/Shaders/Private/HairStrands/HairStrandsGBufferWrite.usf" 2531
"../../../Engine/Shaders/Private/HairStrands/HairStrandsGBufferCommon.ush" 2532
"../../../Engine/Shaders/Private/HairStrands/HairStrandsVisibilityComposeSubPixelPS.usf" 2533
"../../../Engine/Shaders/Private/HairStrands/HairStrandsAABB.usf" 2534
"../../../Engine/Shaders/Private/GPUScene/GPUSceneDataManagement.usf" 2535
"../../../Engine/Shaders/Private/GPUSceneDebugRender.usf" 2536
"../../../Engine/Shaders/Private/GPUFastFourierTransform.usf" 2537
"../../../Engine/Shaders/Private/GPUFastFourierTransform2DCore.ush" 2538
"../../../Engine/Shaders/Private/GPUFastFourierTransformCore.ush" 2539
"../../../Engine/Shaders/Private/GPUBenchmark.usf" 2540
"../../../Engine/Shaders/Private/DistanceField/GlobalDistanceFieldDebug.usf" 2541
"../../../Engine/Shaders/Private/DistanceField/GlobalDistanceFieldMip.usf" 2542
"../../../Engine/Shaders/Private/DistanceField/GlobalDistanceField.usf" 2543
"../../../Engine/Shaders/Private/DistanceField/GlobalDistanceFieldUpdate.ush" 2544
"../../../Engine/Shaders/Private/DistanceField/GlobalDistanceFieldCompositeObjects.usf" 2545
"../../../Engine/Shaders/Private/DistanceField/GlobalDistanceFieldHeightfields.usf" 2546
"../../../Engine/Shaders/Private/HeightfieldLightingShared.ush" 2547
"../../../Engine/Shaders/Private/GenerateConservativeDepth.usf" 2548
"../../../Engine/Shaders/Private/HeightFogPixelShader.usf" 2549
"../../../Engine/Shaders/Private/HeightFogVertexShader.usf" 2550
"../../../Engine/Shaders/Private/DistortFiltering.usf" 2551
"../../../Engine/Shaders/Private/DistortAccumulatePS.usf" 2552
"../../../Engine/Shaders/Private/DistortAccumulateVS.usf" 2553
"../../../Engine/Shaders/Private/DistanceFieldVisualization.usf" 2554
"../../../Engine/Shaders/Private/DistanceFieldStreaming.usf" 2555
"../../../Engine/Shaders/Private/DistanceFieldShadowing.usf" 2556
"../../../Engine/Shaders/Private/DistanceFieldScreenGridLighting.usf" 2557
"../../../Engine/Shaders/Private/DistanceFieldObjectCulling.usf" 2558
"../../../Engine/Shaders/Private/DistanceFieldLightingPost.usf" 2559
"../../../Engine/Shaders/Private/DitheredTransitionStencil.usf" 2560
"../../../Engine/Shaders/Private/DepthOnlyPixelShader.usf" 2561
"../../../Engine/Shaders/Private/DepthOnlyVertexShader.usf" 2562
"../../../Engine/Shaders/Private/PositionOnlyDepthVertexShader.usf" 2563
"../../../Engine/Shaders/Private/DeferredDecal.usf" 2564
"../../../Engine/Shaders/Private/DecalCommon.ush" 2565
"../../../Engine/Shaders/Private/DebugViewModeVertexShader.usf" 2566
"../../../Engine/Shaders/Private/DebugViewModeCommon.ush" 2567
"../../../Engine/Shaders/Private/DebugViewModePixelShader.usf" 2568
"../../../Engine/Shaders/Private/DebugProbes.usf" 2569
"../../../Engine/Shaders/Private/MeshDecals.usf" 2570
"../../../Engine/Shaders/Private/PostProcessAmbientOcclusion.usf" 2571
"../../../Engine/Shaders/Private/ClusteredDeferredShadingPixelShader.usf" 2572
"../../../Engine/Shaders/Private/ClusteredDeferredShadingVertexShader.usf" 2573
"../../../Engine/Shaders/Private/CapsuleShadowShaders.usf" 2574
"../../../Engine/Shaders/Private/BasePassPixelShader.usf" 2575
"../../../Engine/Shaders/Private/ForwardLightingCommon.ush" 2576
"../../../Engine/Shaders/Private/Strata/StrataForwardLighting.ush" 2577
"../../../Engine/Shaders/Private/ComputeShaderOutputCommon.ush" 2578
"../../../Engine/Shaders/Private/BasePassVertexShader.usf" 2579
"../../../Engine/Shaders/Private/BasePassVertexCommon.ush" 2580
"../../../Engine/Shaders/Private/AnisotropyPassShader.usf" 2581
"../../../Engine/Shaders/Private/SimpleElementVolumeTexturePreviewPixelShader.usf" 2582
"../../../Engine/Shaders/Private/SimpleElementTexture2DPreviewPixelShader.usf" 2583
"../../../Engine/Shaders/Private/meshpaintdilatepixelshader.usf" 2584
"../../../Engine/Shaders/Private/meshpaintdilatevertexshader.usf" 2585
"../../../Engine/Shaders/Private/MeshPaintPixelShader.usf" 2586
"../../../Engine/Shaders/Private/MeshPaintVertexShader.usf" 2587
"../../../Engine/Shaders/Private/Tools/VisualizeTexture.usf" 2588
"../../../Engine/Shaders/Private/ByteBuffer.usf" 2589
"../../../Engine/Shaders/Private/ResolveVertexShader.usf" 2590
"../../../Engine/Shaders/Private/ResolvePixelShader.usf" 2591
"../../../Engine/Shaders/Private/Tools/SetupIndirectArgs.usf" 2592
"../../../Engine/Shaders/Private/Tools/ClearUAV.usf" 2593
"../../../Engine/Shaders/Private/ClearReplacementShaders.usf" 2594
"../../../Engine/Shaders/Private/Tools/DrawTexture.usf" 2595
"../../../Engine/Shaders/Private/RayTracing/RayTracingValidation.usf" 2596
"../../../Engine/Shaders/Private/RenderGraphUtilities.usf" 2597
"../../../Engine/Shaders/Private/OneColorShader.usf" 2598
"../../../Engine/Shaders/Private/OculusShaders.usf" 2599
"../../../Engine/Shaders/Private/MediaShaders.usf" 2600
"../../../Engine/Shaders/Private/GPUMessaging.usf" 2601
"../../../Engine/Shaders/Private/NullPixelShader.usf" 2602
"../../../Engine/Shaders/Private/ComputeGenerateMips.usf" 2603
"../../../Engine/Shaders/Private/Tools/DumpTexture.usf" 2604
"../../../Engine/Shaders/Private/CopyTextureShaders.usf" 2605
"../../../Engine/Shaders/Private/Tools/FullscreenVertexShader.usf" 2606
"../../../Engine/Shaders/Private/RayTracing/RayTracingDispatchDesc.usf" 2607
"../../../Engine/Shaders/Private/Bink.usf" 2608
"C:/Program Files/Epic Games/UE_5.2/Engine/Plugins/2D/Paper2D/Content/DummySprite.uasset" 2609
"E:/Projects/EcoBots/Content/Levels/Menu/MainMenu.umap" 2610
"E:/Projects/EcoBots/Content/Levels/Menu/GameOverMenu.umap" 2611
"E:/Projects/EcoBots/Content/Blueprints/Characters/BP_EcoBotCharacter.uasset" 2612
"E:/Projects/EcoBots/Content/Blueprints/Widgets/InGame/BP_CraftRecipeWidget.uasset" 2613
"E:/Projects/EcoBots/Content/Blueprints/Widgets/InGame/BP_CraftMaterialCostItem.uasset" 2614
"E:/Projects/EcoBots/Content/Assets/Orasot_Bundle/Maps/M_StylizedForestLandscape_Showcase_BuiltData.uasset" 2615
"E:/Projects/EcoBots/Content/Assets/Orasot_Bundle/Maps/M_StylizedForestLandscape_Showcase.umap" 2616
"E:/Projects/EcoBots/Content/Assets/Orasot_Bundle/Maps/M_LowPoly2_Showcase.umap" 2617
"E:/Projects/EcoBots/Content/Assets/Orasot_Bundle/Maps/M_Global_Overview_BuiltData.uasset" 2618
"E:/Projects/EcoBots/Content/Assets/Orasot_Bundle/Maps/M_Global_Overview.umap" 2619
"E:/Projects/EcoBots/Content/Assets/Orasot_Bundle/Maps/M_5_Bioms_Showcase.umap" 2620
"E:/Projects/EcoBots/Content/Assets/media/img/T_Bot_ThumbsUp_Circle_Background_Sprite.uasset" 2621
"E:/Projects/EcoBots/Content/Assets/StackOBot/UI/Textures/T_Bot_ThumbsUp_Circle_Background_Sprite.uasset" 2622
"E:/Projects/EcoBots/Content/Assets/Orasot_Bundle/Stylized_Landscape_5_Bioms/Global/Textures/T_Transition.uasset" 2623
"E:/Projects/EcoBots/Content/Assets/Orasot_Bundle/Stylized_Landscape_5_Bioms/Global/Textures/T_lens_flare.uasset" 2624
"E:/Projects/EcoBots/Content/Assets/Orasot_Bundle/Stylized_Landscape_5_Bioms/Global/Textures/T_Fog_1.uasset" 2625
"E:/Projects/EcoBots/Content/Assets/Orasot_Bundle/Stylized_Landscape_5_Bioms/Global/Textures/T_Flowmap_2.uasset" 2626
"E:/Projects/EcoBots/Content/Assets/Orasot_Bundle/Stylized_Landscape_5_Bioms/Global/Textures/T_Flowmap_1.uasset" 2627
"E:/Projects/EcoBots/Content/Assets/Orasot_Bundle/Stylized_Landscape_5_Bioms/Global/Textures/T_Noise.uasset" 2628
"E:/Projects/EcoBots/Content/Assets/Orasot_Bundle/Stylized_Landscape_5_Bioms/Global/StaticMeshes/SM_Water_Plane.uasset" 2629
"E:/Projects/EcoBots/Content/Assets/Orasot_Bundle/Stylized_Landscape_5_Bioms/Global/StaticMeshes/SM_Grass.uasset" 2630
"E:/Projects/EcoBots/Content/Assets/Orasot_Bundle/Stylized_Landscape_5_Bioms/Global/RVT/RVT_Landscape_Height.uasset" 2631
"E:/Projects/EcoBots/Content/Assets/Orasot_Bundle/Stylized_Landscape_5_Bioms/Global/Material_Instances/MI_Water.uasset" 2632
"E:/Projects/EcoBots/Content/Assets/Orasot_Bundle/Stylized_Landscape_5_Bioms/Global/Material_Instances/MI_LandscapeMasterMaterial.uasset" 2633
"E:/Projects/EcoBots/Content/Assets/Orasot_Bundle/Stylized_Landscape_5_Bioms/Global/RVT/RVT_Landscape_Material.uasset" 2634
"E:/Projects/EcoBots/Content/Assets/Orasot_Bundle/Stylized_Landscape_5_Bioms/Global/Material_Instances/MI_Grass.uasset" 2635
"E:/Projects/EcoBots/Content/Assets/Orasot_Bundle/Stylized_Landscape_5_Bioms/Global/Material_Instances/MI_Fog.uasset" 2636
"E:/Projects/EcoBots/Content/Assets/Orasot_Bundle/Stylized_Landscape_5_Bioms/Global/Material_Functions/MF_Wind.uasset" 2637
"E:/Projects/EcoBots/Content/Assets/Orasot_Bundle/Stylized_Landscape_5_Bioms/Global/Material_Functions/MF_SlopeBlend.uasset" 2638
"E:/Projects/EcoBots/Content/Assets/Orasot_Bundle/Stylized_Landscape_5_Bioms/Global/Material_Functions/MF_RVT.uasset" 2639
"E:/Projects/EcoBots/Content/Assets/Orasot_Bundle/Stylized_Landscape_5_Bioms/Global/Material_Functions/MF_Normal_Intensity.uasset" 2640
"E:/Projects/EcoBots/Content/Assets/Orasot_Bundle/Stylized_Landscape_5_Bioms/Global/Material_Functions/MF_Impostor.uasset" 2641
"E:/Projects/EcoBots/Content/Assets/Orasot_Bundle/Stylized_Landscape_5_Bioms/Global/Material_Functions/MF_Imposter_VirtualPlaneCoordinates_Imposter.uasset" 2642
"E:/Projects/EcoBots/Content/Assets/Orasot_Bundle/Stylized_Landscape_5_Bioms/Global/Material_Functions/MF_Imposter_UnitVectorToHemiOctahedra.uasset" 2643
"E:/Projects/EcoBots/Content/Assets/Orasot_Bundle/Stylized_Landscape_5_Bioms/Global/Material_Functions/MF_Imposter_TriangleInterpolator.uasset" 2644
"E:/Projects/EcoBots/Content/Assets/Orasot_Bundle/Stylized_Landscape_5_Bioms/Global/Material_Functions/MF_Imposter_Sprite_PositionBased.uasset" 2645
"E:/Projects/EcoBots/Content/Assets/Orasot_Bundle/Stylized_Landscape_5_Bioms/Global/Material_Functions/MF_Imposter_OverrideMobile.uasset" 2646
"E:/Projects/EcoBots/Content/Assets/Orasot_Bundle/Stylized_Landscape_5_Bioms/Global/Material_Functions/MF_Imposter_ImposterFrameTransform_Setup.uasset" 2647
"E:/Projects/EcoBots/Content/Assets/Orasot_Bundle/Stylized_Landscape_5_Bioms/Global/Material_Functions/MF_Imposter_Impostor_SingleFrameVersion.uasset" 2648
"E:/Projects/EcoBots/Content/Assets/Orasot_Bundle/Stylized_Landscape_5_Bioms/Global/Material_Functions/MF_Imposter_ImposterFrameTransform.uasset" 2649
"E:/Projects/EcoBots/Content/Assets/Orasot_Bundle/Stylized_Landscape_5_Bioms/Global/Material_Functions/MF_Imposter_HemiOctahedronToUnitVector.uasset" 2650
"E:/Projects/EcoBots/Content/Assets/Orasot_Bundle/Stylized_Landscape_5_Bioms/Global/Material_Functions/MF_Imposter_FrameBlendWeights_TextureObject.uasset" 2651
"E:/Projects/EcoBots/Content/Assets/Orasot_Bundle/Stylized_Landscape_5_Bioms/Global/Material_Functions/MF_Imposter_FrameBlendWeights.uasset" 2652
"E:/Projects/EcoBots/Content/Assets/Orasot_Bundle/Stylized_Landscape_5_Bioms/Global/Material_Functions/MF_HeightLerp_MaterialAttribute.uasset" 2653
"E:/Projects/EcoBots/Content/Assets/Orasot_Bundle/Stylized_Landscape_5_Bioms/Global/Material_Functions/MF_Imposter_ImpostorInfo.uasset" 2654
"E:/Projects/EcoBots/Content/Assets/Orasot_Bundle/Stylized_Landscape_5_Bioms/Global/Material_Functions/MF_Grass.uasset" 2655
"E:/Projects/EcoBots/Content/Assets/Orasot_Bundle/Stylized_Landscape_5_Bioms/Global/Materials/M_Water.uasset" 2656
"E:/Projects/EcoBots/Content/Assets/Orasot_Bundle/Stylized_Landscape_5_Bioms/Global/Materials/M_Master_Leaf.uasset" 2657
"E:/Projects/EcoBots/Content/Assets/Orasot_Bundle/Stylized_Landscape_5_Bioms/Global/Materials/M_Master_Flower.uasset" 2658
"E:/Projects/EcoBots/Content/Assets/Orasot_Bundle/Stylized_Landscape_5_Bioms/Global/Materials/M_Master_Cliff_Mat.uasset" 2659
"E:/Projects/EcoBots/Content/Assets/Orasot_Bundle/Stylized_Landscape_5_Bioms/Global/Materials/M_LandscapeMasterMaterial.uasset" 2660
"E:/Projects/EcoBots/Content/Assets/Orasot_Bundle/Stylized_Landscape_5_Bioms/Global/Materials/M_Impostor_SimpleOffset.uasset" 2661
"E:/Projects/EcoBots/Content/Assets/Orasot_Bundle/Stylized_Landscape_5_Bioms/Global/Materials/M_Grass.uasset" 2662
"E:/Projects/EcoBots/Content/Assets/Orasot_Bundle/Stylized_Landscape_5_Bioms/Global/Materials/M_Fog.uasset" 2663
"E:/Projects/EcoBots/Content/Assets/Orasot_Bundle/Stylized_Landscape_5_Bioms/Global/Materials/M_Assets_MasterMat_Masked.uasset" 2664
"E:/Projects/EcoBots/Content/Assets/Orasot_Bundle/Stylized_Landscape_5_Bioms/Global/Materials/M_Assets_MasterMat.uasset" 2665
"E:/Projects/EcoBots/Content/Assets/Orasot_Bundle/Stylized_Landscape_5_Bioms/Global/LandscapeGrassTypes/GT_Grass.uasset" 2666
"E:/Projects/EcoBots/Content/Assets/Orasot_Bundle/Stylized_Landscape_5_Bioms/Global/LandscapeGrassTypes/GT_Flower_3.uasset" 2667
"E:/Projects/EcoBots/Content/Assets/Orasot_Bundle/Stylized_Landscape_5_Bioms/Global/LandscapeGrassTypes/GT_Flower_2.uasset" 2668
"E:/Projects/EcoBots/Content/Assets/Orasot_Bundle/Stylized_Landscape_5_Bioms/Global/LandscapeGrassTypes/GT_Flower.uasset" 2669
"E:/Projects/EcoBots/Content/Assets/Orasot_Bundle/Stylized_Landscape_5_Bioms/Global/LandscapeGrassTypes/GT_Fern_Biom_3.uasset" 2670
"E:/Projects/EcoBots/Content/Assets/Orasot_Bundle/Stylized_Landscape_5_Bioms/Global/FXS/FXS_Fog.uasset" 2671
"E:/Projects/EcoBots/Content/Assets/Orasot_Bundle/Stylized_Landscape_5_Bioms/Global/Demo/EpicGames/Fog/Textures/T_Water_N.uasset" 2672
"E:/Projects/EcoBots/Content/Assets/Orasot_Bundle/Stylized_Landscape_5_Bioms/Global/Demo/EpicGames/Fog/Textures/T_TilingNoise03_M.uasset" 2673
"E:/Projects/EcoBots/Content/Assets/Orasot_Bundle/Stylized_Landscape_5_Bioms/Global/Demo/EpicGames/Fog/Textures/T_Noise01.uasset" 2674
"E:/Projects/EcoBots/Content/Assets/Orasot_Bundle/Stylized_Landscape_5_Bioms/Global/Demo/EpicGames/Fog/Textures/T_GodRay_Mask02.uasset" 2675
"E:/Projects/EcoBots/Content/Assets/Orasot_Bundle/Stylized_Landscape_5_Bioms/Global/Demo/EpicGames/Fog/Textures/T_TilingNoise02_M.uasset" 2676
"E:/Projects/EcoBots/Content/Assets/Orasot_Bundle/Stylized_Landscape_5_Bioms/Global/Demo/EpicGames/Fog/Textures/T_GodRay_Mask01.uasset" 2677
"E:/Projects/EcoBots/Content/Assets/Orasot_Bundle/Stylized_Landscape_5_Bioms/Global/Demo/EpicGames/Fog/Meshes/SM_GodRay_Plane.uasset" 2678
"E:/Projects/EcoBots/Content/Assets/Orasot_Bundle/Stylized_Landscape_5_Bioms/Global/Demo/EpicGames/Fog/Materials/MI_GodRay_Animated.uasset" 2679
"E:/Projects/EcoBots/Content/Assets/Orasot_Bundle/Stylized_Landscape_5_Bioms/Global/Demo/EpicGames/Fog/Blueprints/BP_LightBeam.uasset" 2680
"E:/Projects/EcoBots/Content/Assets/Orasot_Bundle/Stylized_Landscape_5_Bioms/Global/Demo/EpicGames/Fog/Materials/M_GodRay_MASTER.uasset" 2681
"E:/Projects/EcoBots/Content/Assets/Orasot_Bundle/Stylized_Landscape_5_Bioms/Biom_Red/Textures/T_Round_Gradient.uasset" 2682
"E:/Projects/EcoBots/Content/Assets/Orasot_Bundle/Stylized_Landscape_5_Bioms/Biom_Red/Textures/T_Rock_base_n.uasset" 2683
"E:/Projects/EcoBots/Content/Assets/Orasot_Bundle/Stylized_Landscape_5_Bioms/Biom_Red/Textures/T_Rock_base.uasset" 2684
"E:/Projects/EcoBots/Content/Assets/Orasot_Bundle/Stylized_Landscape_5_Bioms/Biom_Red/Textures/T_Rock_2_n.uasset" 2685
"E:/Projects/EcoBots/Content/Assets/Orasot_Bundle/Stylized_Landscape_5_Bioms/Biom_Red/Textures/T_Rock_1_n.uasset" 2686
"E:/Projects/EcoBots/Content/Assets/Orasot_Bundle/Stylized_Landscape_5_Bioms/Biom_Red/Textures/T_Red_Grass_2.uasset" 2687
"E:/Projects/EcoBots/Content/Assets/Orasot_Bundle/Stylized_Landscape_5_Bioms/Biom_Red/Textures/T_Red_Grass_1.uasset" 2688
"E:/Projects/EcoBots/Content/Assets/Orasot_Bundle/Stylized_Landscape_5_Bioms/Biom_Red/Textures/T_plant_n.uasset" 2689
"E:/Projects/EcoBots/Content/Assets/Orasot_Bundle/Stylized_Landscape_5_Bioms/Biom_Red/Textures/T_Leaf_base.uasset" 2690
"E:/Projects/EcoBots/Content/Assets/Orasot_Bundle/Stylized_Landscape_5_Bioms/Biom_Red/Textures/T_plant.uasset" 2691
"E:/Projects/EcoBots/Content/Assets/Orasot_Bundle/Stylized_Landscape_5_Bioms/Biom_Red/Textures/T_Fern_n.uasset" 2692
"E:/Projects/EcoBots/Content/Assets/Orasot_Bundle/Stylized_Landscape_5_Bioms/Biom_Red/Textures/T_Fern.uasset" 2693
"E:/Projects/EcoBots/Content/Assets/Orasot_Bundle/Stylized_Landscape_5_Bioms/Biom_Red/Textures/T_Cliff_3_n.uasset" 2694
"E:/Projects/EcoBots/Content/Assets/Orasot_Bundle/Stylized_Landscape_5_Bioms/Biom_Red/Textures/T_Cliff_1_n.uasset" 2695
"E:/Projects/EcoBots/Content/Assets/Orasot_Bundle/Stylized_Landscape_5_Bioms/Biom_Red/Textures/T_Bark_n.uasset" 2696
"E:/Projects/EcoBots/Content/Assets/Orasot_Bundle/Stylized_Landscape_5_Bioms/Biom_Red/Textures/T_Bark.uasset" 2697
"E:/Projects/EcoBots/Content/Assets/Orasot_Bundle/Stylized_Landscape_5_Bioms/Biom_Red/Textures/T_Cliff_2_n.uasset" 2698
"E:/Projects/EcoBots/Content/Assets/Orasot_Bundle/Stylized_Landscape_5_Bioms/Biom_Red/Textures/Imposter_Tree_4/T_Impostor_Tree_4_s.uasset" 2699
"E:/Projects/EcoBots/Content/Assets/Orasot_Bundle/Stylized_Landscape_5_Bioms/Biom_Red/Textures/Imposter_Tree_4/T_Impostor_Tree_4_n.uasset" 2700
"E:/Projects/EcoBots/Content/Assets/Orasot_Bundle/Stylized_Landscape_5_Bioms/Biom_Red/Textures/Imposter_Tree_4/T_Impostor_Tree_4_e.uasset" 2701
"E:/Projects/EcoBots/Content/Assets/Orasot_Bundle/Stylized_Landscape_5_Bioms/Biom_Red/Textures/Imposter_Tree_4/T_Impostor_Tree_4.uasset" 2702
"E:/Projects/EcoBots/Content/Assets/Orasot_Bundle/Stylized_Landscape_5_Bioms/Biom_Red/Textures/Imposter_Tree_3/T_Impostor_Tree_3_e.uasset" 2703
"E:/Projects/EcoBots/Content/Assets/Orasot_Bundle/Stylized_Landscape_5_Bioms/Biom_Red/Textures/Imposter_Tree_3/T_Impostor_Tree_3.uasset" 2704
"E:/Projects/EcoBots/Content/Assets/Orasot_Bundle/Stylized_Landscape_5_Bioms/Biom_Red/Textures/Imposter_Tree_3/T_Impostor_Normal.uasset" 2705
"E:/Projects/EcoBots/Content/Assets/Orasot_Bundle/Stylized_Landscape_5_Bioms/Biom_Red/Textures/Imposter_Tree_3/T_Impostor_Tree_3_s.uasset" 2706
"E:/Projects/EcoBots/Content/Assets/Orasot_Bundle/Stylized_Landscape_5_Bioms/Biom_Red/Textures/Imposter_Tree_2/T_Impostor_Tree_2_s.uasset" 2707
"E:/Projects/EcoBots/Content/Assets/Orasot_Bundle/Stylized_Landscape_5_Bioms/Biom_Red/Textures/Imposter_Tree_2/T_Impostor_Tree_2_n.uasset" 2708
"E:/Projects/EcoBots/Content/Assets/Orasot_Bundle/Stylized_Landscape_5_Bioms/Biom_Red/Textures/Imposter_Tree_2/T_Impostor_Tree_2_e.uasset" 2709
"E:/Projects/EcoBots/Content/Assets/Orasot_Bundle/Stylized_Landscape_5_Bioms/Biom_Red/Textures/Imposter_Tree_2/T_Impostor_Tree_2.uasset" 2710
"E:/Projects/EcoBots/Content/Assets/Orasot_Bundle/Stylized_Landscape_5_Bioms/Biom_Red/Textures/Imposter_Tree_1/T_Impostor_T_s.uasset" 2711
"E:/Projects/EcoBots/Content/Assets/Orasot_Bundle/Stylized_Landscape_5_Bioms/Biom_Red/Textures/Imposter_Tree_1/T_Impostor_Tree_n.uasset" 2712
"E:/Projects/EcoBots/Content/Assets/Orasot_Bundle/Stylized_Landscape_5_Bioms/Biom_Red/Textures/Imposter_Tree_1/T_Impostor_Tree_E.uasset" 2713
"E:/Projects/EcoBots/Content/Assets/Orasot_Bundle/Stylized_Landscape_5_Bioms/Biom_Red/Textures/Imposter_Tree_1/T_Impostor_Tree.uasset" 2714
"E:/Projects/EcoBots/Content/Assets/Orasot_Bundle/Stylized_Landscape_5_Bioms/Biom_Red/StaticMeshes/SM_Tree_4.uasset" 2715
"E:/Projects/EcoBots/Content/Assets/Orasot_Bundle/Stylized_Landscape_5_Bioms/Biom_Red/StaticMeshes/SM_Tree_3.uasset" 2716
"E:/Projects/EcoBots/Content/Assets/Orasot_Bundle/Stylized_Landscape_5_Bioms/Biom_Red/StaticMeshes/SM_Tree_2.uasset" 2717
"E:/Projects/EcoBots/Content/Assets/Orasot_Bundle/Stylized_Landscape_5_Bioms/Biom_Red/StaticMeshes/SM_Rock_2.uasset" 2718
"E:/Projects/EcoBots/Content/Assets/Orasot_Bundle/Stylized_Landscape_5_Bioms/Biom_Red/StaticMeshes/SM_Tree_1.uasset" 2719
"E:/Projects/EcoBots/Content/Assets/Orasot_Bundle/Stylized_Landscape_5_Bioms/Biom_Red/StaticMeshes/SM_Rock_1.uasset" 2720
"E:/Projects/EcoBots/Content/Assets/Orasot_Bundle/Stylized_Landscape_5_Bioms/Biom_Red/StaticMeshes/SM_Plant_2.uasset" 2721
"E:/Projects/EcoBots/Content/Assets/Orasot_Bundle/Stylized_Landscape_5_Bioms/Biom_Red/StaticMeshes/SM_FogPlane.uasset" 2722
"E:/Projects/EcoBots/Content/Assets/Orasot_Bundle/Stylized_Landscape_5_Bioms/Biom_Red/StaticMeshes/SM_Fern_2.uasset" 2723
"E:/Projects/EcoBots/Content/Assets/Orasot_Bundle/Stylized_Landscape_5_Bioms/Biom_Red/StaticMeshes/SM_Fern_1.uasset" 2724
"E:/Projects/EcoBots/Content/Assets/Orasot_Bundle/Stylized_Landscape_5_Bioms/Biom_Red/StaticMeshes/SM_Cliff_3.uasset" 2725
"E:/Projects/EcoBots/Content/Assets/Orasot_Bundle/Stylized_Landscape_5_Bioms/Biom_Red/StaticMeshes/SM_Cliff_1.uasset" 2726
"E:/Projects/EcoBots/Content/Assets/Orasot_Bundle/Stylized_Landscape_5_Bioms/Biom_Red/StaticMeshes/SM_Plant_1.uasset" 2727
"E:/Projects/EcoBots/Content/Assets/Orasot_Bundle/Stylized_Landscape_5_Bioms/Biom_Red/Material_Instances/MI_Rock_2.uasset" 2728
"E:/Projects/EcoBots/Content/Assets/Orasot_Bundle/Stylized_Landscape_5_Bioms/Biom_Red/Material_Instances/MI_Rock_1.uasset" 2729
"E:/Projects/EcoBots/Content/Assets/Orasot_Bundle/Stylized_Landscape_5_Bioms/Biom_Red/Material_Instances/MI_Plant.uasset" 2730
"E:/Projects/EcoBots/Content/Assets/Orasot_Bundle/Stylized_Landscape_5_Bioms/Biom_Red/Material_Instances/MI_Leaves_A_4.uasset" 2731
"E:/Projects/EcoBots/Content/Assets/Orasot_Bundle/Stylized_Landscape_5_Bioms/Biom_Red/StaticMeshes/SM_Cliff_2.uasset" 2732
"E:/Projects/EcoBots/Content/Assets/Orasot_Bundle/Stylized_Landscape_5_Bioms/Biom_Red/Material_Instances/MI_Impostor_Tree_1.uasset" 2733
"E:/Projects/EcoBots/Content/Assets/Orasot_Bundle/Stylized_Landscape_5_Bioms/Biom_Red/Material_Instances/MI_Impostor_Tree_2.uasset" 2734
"E:/Projects/EcoBots/Content/Assets/Orasot_Bundle/Stylized_Landscape_5_Bioms/Biom_Red/Material_Instances/MI_Fog_Gradient.uasset" 2735
"E:/Projects/EcoBots/Content/Assets/Orasot_Bundle/Stylized_Landscape_5_Bioms/Biom_Red/Material_Instances/MI_Fern.uasset" 2736
"E:/Projects/EcoBots/Content/Assets/Orasot_Bundle/Stylized_Landscape_5_Bioms/Biom_Red/Material_Instances/MI_Cliff_3.uasset" 2737
"E:/Projects/EcoBots/Content/Assets/Orasot_Bundle/Stylized_Landscape_5_Bioms/Biom_Red/Material_Instances/MI_Cliff_2.uasset" 2738
"E:/Projects/EcoBots/Content/Assets/Orasot_Bundle/Stylized_Landscape_5_Bioms/Biom_Red/Material_Instances/MI_Cliff_1.uasset" 2739
"E:/Projects/EcoBots/Content/Assets/Orasot_Bundle/Stylized_Landscape_5_Bioms/Biom_Red/Material_Instances/MI_Bark.uasset" 2740
"E:/Projects/EcoBots/Content/Assets/Orasot_Bundle/Stylized_Landscape_5_Bioms/Biom_Red/Materials/M_Fog_Gradient.uasset" 2741
"E:/Projects/EcoBots/Content/Assets/Orasot_Bundle/Stylized_Landscape_5_Bioms/Biom_Red/Bridge/BP_Hanging_Bridge.uasset" 2742
"E:/Projects/EcoBots/Content/Assets/Orasot_Bundle/Stylized_Landscape_5_Bioms/Biom_Red/Bridge/Assets/Textures/T_Rope_n.uasset" 2743
"E:/Projects/EcoBots/Content/Assets/Orasot_Bundle/Stylized_Landscape_5_Bioms/Biom_Red/Bridge/Assets/Textures/T_Rope.uasset" 2744
"E:/Projects/EcoBots/Content/Assets/Orasot_Bundle/Stylized_Landscape_5_Bioms/Biom_Red/Bridge/Assets/Textures/T_Pole_n.uasset" 2745
"E:/Projects/EcoBots/Content/Assets/Orasot_Bundle/Stylized_Landscape_5_Bioms/Biom_Red/Material_Instances/MI_Impostor_Tree_3.uasset" 2746
"E:/Projects/EcoBots/Content/Assets/Orasot_Bundle/Stylized_Landscape_5_Bioms/Biom_Red/Material_Instances/MI_Impostor_Tree_4.uasset" 2747
"E:/Projects/EcoBots/Content/Assets/Orasot_Bundle/Stylized_Landscape_5_Bioms/Biom_Red/Bridge/Assets/Textures/T_Plank_n.uasset" 2748
"E:/Projects/EcoBots/Content/Assets/Orasot_Bundle/Stylized_Landscape_5_Bioms/Biom_Red/Bridge/Assets/Textures/T_Plank.uasset" 2749
"E:/Projects/EcoBots/Content/Assets/Orasot_Bundle/Stylized_Landscape_5_Bioms/Biom_Red/Bridge/Assets/Textures/T_Plank_Detail_n.uasset" 2750
"E:/Projects/EcoBots/Content/Assets/Orasot_Bundle/Stylized_Landscape_5_Bioms/Biom_Red/Bridge/Assets/StaticMeshes/SM_Rope.uasset" 2751
"E:/Projects/EcoBots/Content/Assets/Orasot_Bundle/Stylized_Landscape_5_Bioms/Biom_Red/Bridge/Assets/Textures/T_Pole.uasset" 2752
"E:/Projects/EcoBots/Content/Assets/Orasot_Bundle/Stylized_Landscape_5_Bioms/Biom_Red/Bridge/Assets/Material_Instances/MI_Pole.uasset" 2753
"E:/Projects/EcoBots/Content/Assets/Orasot_Bundle/Stylized_Landscape_5_Bioms/Biom_Red/Bridge/Assets/StaticMeshes/SM_Pole.uasset" 2754
"E:/Projects/EcoBots/Content/Assets/Orasot_Bundle/Stylized_Landscape_5_Bioms/Biom_Red/Bridge/Assets/StaticMeshes/SM_Plank.uasset" 2755
"E:/Projects/EcoBots/Content/Assets/Orasot_Bundle/Stylized_Landscape_5_Bioms/Biom_Red/Bridge/Assets/Material_Instances/MI_Plank.uasset" 2756
"E:/Projects/EcoBots/Content/Assets/Orasot_Bundle/Stylized_Landscape_5_Bioms/Biom_Green/Textures/T_Rock_base_r.uasset" 2757
"E:/Projects/EcoBots/Content/Assets/Orasot_Bundle/Stylized_Landscape_5_Bioms/Biom_Green/Textures/T_Tree_BarL_h.uasset" 2758
"E:/Projects/EcoBots/Content/Assets/Orasot_Bundle/Stylized_Landscape_5_Bioms/Biom_Green/Textures/T_Rock_base_n.uasset" 2759
"E:/Projects/EcoBots/Content/Assets/Orasot_Bundle/Stylized_Landscape_5_Bioms/Biom_Green/Textures/T_Rock_base.uasset" 2760
"E:/Projects/EcoBots/Content/Assets/Orasot_Bundle/Stylized_Landscape_5_Bioms/Biom_Green/Textures/T_Rock_1_n.uasset" 2761
"E:/Projects/EcoBots/Content/Assets/Orasot_Bundle/Stylized_Landscape_5_Bioms/Biom_Red/Bridge/Assets/Material_Instances/MI_Rope.uasset" 2762
"E:/Projects/EcoBots/Content/Assets/Orasot_Bundle/Stylized_Landscape_5_Bioms/Biom_Green/Textures/T_Plant_1.uasset" 2763
"E:/Projects/EcoBots/Content/Assets/Orasot_Bundle/Stylized_Landscape_5_Bioms/Biom_Green/Textures/T_Leaf.uasset" 2764
"E:/Projects/EcoBots/Content/Assets/Orasot_Bundle/Stylized_Landscape_5_Bioms/Biom_Green/Textures/T_Gravel_1_n.uasset" 2765
"E:/Projects/EcoBots/Content/Assets/Orasot_Bundle/Stylized_Landscape_5_Bioms/Biom_Green/Textures/T_Gravel_1_h.uasset" 2766
"E:/Projects/EcoBots/Content/Assets/Orasot_Bundle/Stylized_Landscape_5_Bioms/Biom_Green/Textures/T_Gravel_1.uasset" 2767
"E:/Projects/EcoBots/Content/Assets/Orasot_Bundle/Stylized_Landscape_5_Bioms/Biom_Green/Textures/T_Grass_s.uasset" 2768
"E:/Projects/EcoBots/Content/Assets/Orasot_Bundle/Stylized_Landscape_5_Bioms/Biom_Green/Textures/T_Grass.uasset" 2769
"E:/Projects/EcoBots/Content/Assets/Orasot_Bundle/Stylized_Landscape_5_Bioms/Biom_Green/Textures/T_Flower_DistributionNoise_2.uasset" 2770
"E:/Projects/EcoBots/Content/Assets/Orasot_Bundle/Stylized_Landscape_5_Bioms/Biom_Green/Textures/T_Flower_3.uasset" 2771
"E:/Projects/EcoBots/Content/Assets/Orasot_Bundle/Stylized_Landscape_5_Bioms/Biom_Green/Textures/T_Flower_2.uasset" 2772
"E:/Projects/EcoBots/Content/Assets/Orasot_Bundle/Stylized_Landscape_5_Bioms/Biom_Green/Textures/T_Flower_1_OP.uasset" 2773
"E:/Projects/EcoBots/Content/Assets/Orasot_Bundle/Stylized_Landscape_5_Bioms/Biom_Green/Textures/T_Flower_1.uasset" 2774
"E:/Projects/EcoBots/Content/Assets/Orasot_Bundle/Stylized_Landscape_5_Bioms/Biom_Green/Textures/T_FlowerDistributionNoise.uasset" 2775
"E:/Projects/EcoBots/Content/Assets/Orasot_Bundle/Stylized_Landscape_5_Bioms/Biom_Green/Textures/T_Cliff_n.uasset" 2776
"E:/Projects/EcoBots/Content/Assets/Orasot_Bundle/Stylized_Landscape_5_Bioms/Biom_Green/Textures/T_Cliff_2_n.uasset" 2777
"E:/Projects/EcoBots/Content/Assets/Orasot_Bundle/Stylized_Landscape_5_Bioms/Biom_Green/Textures/T_Cliff_1_n.uasset" 2778
"E:/Projects/EcoBots/Content/Assets/Orasot_Bundle/Stylized_Landscape_5_Bioms/Biom_Green/Textures/T_Bark_n.uasset" 2779
"E:/Projects/EcoBots/Content/Assets/Orasot_Bundle/Stylized_Landscape_5_Bioms/Biom_Green/Textures/T_Bark.uasset" 2780
"E:/Projects/EcoBots/Content/Assets/Orasot_Bundle/Stylized_Landscape_5_Bioms/Biom_Green/Textures/T_Bush_Card.uasset" 2781
"E:/Projects/EcoBots/Content/Assets/Orasot_Bundle/Stylized_Landscape_5_Bioms/Biom_Green/Textures/Tree_2/T_Impostor_Tree_2_n.uasset" 2782
"E:/Projects/EcoBots/Content/Assets/Orasot_Bundle/Stylized_Landscape_5_Bioms/Biom_Green/Textures/Tree_2/T_Impostor_Tree_2_e.uasset" 2783
"E:/Projects/EcoBots/Content/Assets/Orasot_Bundle/Stylized_Landscape_5_Bioms/Biom_Green/Textures/Tree_2/T_Impostor_Tree_2.uasset" 2784
"E:/Projects/EcoBots/Content/Assets/Orasot_Bundle/Stylized_Landscape_5_Bioms/Biom_Green/Textures/Tree_1/T_Impostor_Tree_1_e.uasset" 2785
"E:/Projects/EcoBots/Content/Assets/Orasot_Bundle/Stylized_Landscape_5_Bioms/Biom_Green/Textures/Tree_1/T_Impostor_Tree_1.uasset" 2786
"E:/Projects/EcoBots/Content/Assets/Orasot_Bundle/Stylized_Landscape_5_Bioms/Biom_Green/StaticMeshes/SM_Tree_2.uasset" 2787
"E:/Projects/EcoBots/Content/Assets/Orasot_Bundle/Stylized_Landscape_5_Bioms/Biom_Green/StaticMeshes/SM_Tree_1.uasset" 2788
"E:/Projects/EcoBots/Content/Assets/Orasot_Bundle/Stylized_Landscape_5_Bioms/Biom_Green/Textures/Tree_1/T_Impostor_Tree_n.uasset" 2789
"E:/Projects/EcoBots/Content/Assets/Orasot_Bundle/Stylized_Landscape_5_Bioms/Biom_Green/StaticMeshes/SM_Rock_6.uasset" 2790
"E:/Projects/EcoBots/Content/Assets/Orasot_Bundle/Stylized_Landscape_5_Bioms/Biom_Green/StaticMeshes/SM_Rock_1.uasset" 2791
"E:/Projects/EcoBots/Content/Assets/Orasot_Bundle/Stylized_Landscape_5_Bioms/Biom_Green/StaticMeshes/SM_Plant_1.uasset" 2792
"E:/Projects/EcoBots/Content/Assets/Orasot_Bundle/Stylized_Landscape_5_Bioms/Biom_Green/StaticMeshes/SM_Mid_Tree_1.uasset" 2793
"E:/Projects/EcoBots/Content/Assets/Orasot_Bundle/Stylized_Landscape_5_Bioms/Biom_Green/StaticMeshes/SM_Flower_2.uasset" 2794
"E:/Projects/EcoBots/Content/Assets/Orasot_Bundle/Stylized_Landscape_5_Bioms/Biom_Green/StaticMeshes/SM_Flower_3.uasset" 2795
"E:/Projects/EcoBots/Content/Assets/Orasot_Bundle/Stylized_Landscape_5_Bioms/Biom_Green/StaticMeshes/SM_Flower_1.uasset" 2796
"E:/Projects/EcoBots/Content/Assets/Orasot_Bundle/Stylized_Landscape_5_Bioms/Biom_Green/StaticMeshes/SM_Cliff_3.uasset" 2797
"E:/Projects/EcoBots/Content/Assets/Orasot_Bundle/Stylized_Landscape_5_Bioms/Biom_Green/StaticMeshes/SM_Cliff_2.uasset" 2798
"E:/Projects/EcoBots/Content/Assets/Orasot_Bundle/Stylized_Landscape_5_Bioms/Biom_Green/StaticMeshes/SM_Cliff_1.uasset" 2799
"E:/Projects/EcoBots/Content/Assets/Orasot_Bundle/Stylized_Landscape_5_Bioms/Biom_Green/StaticMeshes/SM_Bush_Yellow.uasset" 2800
"E:/Projects/EcoBots/Content/Assets/Orasot_Bundle/Stylized_Landscape_5_Bioms/Biom_Green/StaticMeshes/SM_Bush_blue.uasset" 2801
"E:/Projects/EcoBots/Content/Assets/Orasot_Bundle/Stylized_Landscape_5_Bioms/Biom_Green/StaticMeshes/SM_Bush_Red.uasset" 2802
"E:/Projects/EcoBots/Content/Assets/Orasot_Bundle/Stylized_Landscape_5_Bioms/Biom_Green/StaticMeshes/SM_Branch_5.uasset" 2803
"E:/Projects/EcoBots/Content/Assets/Orasot_Bundle/Stylized_Landscape_5_Bioms/Biom_Green/StaticMeshes/SM_Branch_4.uasset" 2804
"E:/Projects/EcoBots/Content/Assets/Orasot_Bundle/Stylized_Landscape_5_Bioms/Biom_Green/StaticMeshes/SM_Branch_3.uasset" 2805
"E:/Projects/EcoBots/Content/Assets/Orasot_Bundle/Stylized_Landscape_5_Bioms/Biom_Green/StaticMeshes/SM_Branch_2.uasset" 2806
"E:/Projects/EcoBots/Content/Assets/Orasot_Bundle/Stylized_Landscape_5_Bioms/Biom_Green/StaticMeshes/SM_Branch_1.uasset" 2807
"E:/Projects/EcoBots/Content/Assets/Orasot_Bundle/Stylized_Landscape_5_Bioms/Biom_Green/Material_Instances/MI_Rock_2.uasset" 2808
"E:/Projects/EcoBots/Content/Assets/Orasot_Bundle/Stylized_Landscape_5_Bioms/Biom_Green/Material_Instances/MI_Tree_Bark.uasset" 2809
"E:/Projects/EcoBots/Content/Assets/Orasot_Bundle/Stylized_Landscape_5_Bioms/Biom_Green/Material_Instances/MI_Plant_Leaf_1.uasset" 2810
"E:/Projects/EcoBots/Content/Assets/Orasot_Bundle/Stylized_Landscape_5_Bioms/Biom_Green/Material_Instances/MI_Rock_1.uasset" 2811
"E:/Projects/EcoBots/Content/Assets/Orasot_Bundle/Stylized_Landscape_5_Bioms/Biom_Green/Material_Instances/MI_Leaf_Red.uasset" 2812
"E:/Projects/EcoBots/Content/Assets/Orasot_Bundle/Stylized_Landscape_5_Bioms/Biom_Green/Material_Instances/MI_Leaf_mid_tree.uasset" 2813
"E:/Projects/EcoBots/Content/Assets/Orasot_Bundle/Stylized_Landscape_5_Bioms/Biom_Green/Material_Instances/MI_Leaf_blue.uasset" 2814
"E:/Projects/EcoBots/Content/Assets/Orasot_Bundle/Stylized_Landscape_5_Bioms/Biom_Green/Material_Instances/MI_Leaf.uasset" 2815
"E:/Projects/EcoBots/Content/Assets/Orasot_Bundle/Stylized_Landscape_5_Bioms/Biom_Green/Material_Instances/MI_Impostor_Tree_2.uasset" 2816
"E:/Projects/EcoBots/Content/Assets/Orasot_Bundle/Stylized_Landscape_5_Bioms/Biom_Green/Material_Instances/MI_Leaf_Yellow.uasset" 2817
"E:/Projects/EcoBots/Content/Assets/Orasot_Bundle/Stylized_Landscape_5_Bioms/Biom_Green/Material_Instances/MI_Impostor_Tree_1.uasset" 2818
"E:/Projects/EcoBots/Content/Assets/Orasot_Bundle/Stylized_Landscape_5_Bioms/Biom_Green/Material_Instances/MI_Flower_3.uasset" 2819
"E:/Projects/EcoBots/Content/Assets/Orasot_Bundle/Stylized_Landscape_5_Bioms/Biom_Green/Material_Instances/MI_Flower_2.uasset" 2820
"E:/Projects/EcoBots/Content/Assets/Orasot_Bundle/Stylized_Landscape_5_Bioms/Biom_Green/Material_Instances/MI_Flower_1.uasset" 2821
"E:/Projects/EcoBots/Content/Assets/Orasot_Bundle/Stylized_Landscape_5_Bioms/Biom_Green/Material_Instances/MI_Cliff_3.uasset" 2822
"E:/Projects/EcoBots/Content/Assets/Orasot_Bundle/Stylized_Landscape_5_Bioms/Biom_Desert/Textures/T_Sand_r.uasset" 2823
"E:/Projects/EcoBots/Content/Assets/Orasot_Bundle/Stylized_Landscape_5_Bioms/Biom_Green/Material_Instances/MI_Cliff_2.uasset" 2824
"E:/Projects/EcoBots/Content/Assets/Orasot_Bundle/Stylized_Landscape_5_Bioms/Biom_Desert/Textures/T_Sand_Wave_n.uasset" 2825
"E:/Projects/EcoBots/Content/Assets/Orasot_Bundle/Stylized_Landscape_5_Bioms/Biom_Desert/Textures/T_Sand_h.uasset" 2826
"E:/Projects/EcoBots/Content/Assets/Orasot_Bundle/Stylized_Landscape_5_Bioms/Biom_Desert/Textures/T_Sand_Glitter.uasset" 2827
"E:/Projects/EcoBots/Content/Assets/Orasot_Bundle/Stylized_Landscape_5_Bioms/Biom_Desert/Textures/T_Sand.uasset" 2828
"E:/Projects/EcoBots/Content/Assets/Orasot_Bundle/Stylized_Landscape_5_Bioms/Biom_Desert/Textures/T_Rock_n.uasset" 2829
"E:/Projects/EcoBots/Content/Assets/Orasot_Bundle/Stylized_Landscape_5_Bioms/Biom_Desert/Textures/T_Rock_base_variation.uasset" 2830
"E:/Projects/EcoBots/Content/Assets/Orasot_Bundle/Stylized_Landscape_5_Bioms/Biom_Desert/Textures/T_Rock_base_n.uasset" 2831
"E:/Projects/EcoBots/Content/Assets/Orasot_Bundle/Stylized_Landscape_5_Bioms/Biom_Green/Material_Instances/MI_Cliff_1.uasset" 2832
"E:/Projects/EcoBots/Content/Assets/Orasot_Bundle/Stylized_Landscape_5_Bioms/Biom_Desert/Textures/T_Rock_base.uasset" 2833
"E:/Projects/EcoBots/Content/Assets/Orasot_Bundle/Stylized_Landscape_5_Bioms/Biom_Desert/Textures/T_Rock_5_n.uasset" 2834
"E:/Projects/EcoBots/Content/Assets/Orasot_Bundle/Stylized_Landscape_5_Bioms/Biom_Desert/Textures/T_Rock_4_n.uasset" 2835
"E:/Projects/EcoBots/Content/Assets/Orasot_Bundle/Stylized_Landscape_5_Bioms/Biom_Desert/Textures/T_Rock_1_n.uasset" 2836
"E:/Projects/EcoBots/Content/Assets/Orasot_Bundle/Stylized_Landscape_5_Bioms/Biom_Desert/Textures/T_Rock_2_n.uasset" 2837
"E:/Projects/EcoBots/Content/Assets/Orasot_Bundle/Stylized_Landscape_5_Bioms/Biom_Desert/Textures/T_Palm_op.uasset" 2838
"E:/Projects/EcoBots/Content/Assets/Orasot_Bundle/Stylized_Landscape_5_Bioms/Biom_Desert/Textures/T_Gray_Rock_2_n.uasset" 2839
"E:/Projects/EcoBots/Content/Assets/Orasot_Bundle/Stylized_Landscape_5_Bioms/Biom_Desert/Textures/T_Palm.uasset" 2840
"E:/Projects/EcoBots/Content/Assets/Orasot_Bundle/Stylized_Landscape_5_Bioms/Biom_Desert/Textures/T_Palm_n.uasset" 2841
"E:/Projects/EcoBots/Content/Assets/Orasot_Bundle/Stylized_Landscape_5_Bioms/Biom_Desert/Textures/T_Gray_Rock_2.uasset" 2842
"E:/Projects/EcoBots/Content/Assets/Orasot_Bundle/Stylized_Landscape_5_Bioms/Biom_Desert/Textures/T_Gray_Rock_1_n.uasset" 2843
"E:/Projects/EcoBots/Content/Assets/Orasot_Bundle/Stylized_Landscape_5_Bioms/Biom_Desert/Textures/T_Gray_RocK_1.uasset" 2844
"E:/Projects/EcoBots/Content/Assets/Orasot_Bundle/Stylized_Landscape_5_Bioms/Biom_Desert/Textures/T_Grass_Yellow_2.uasset" 2845
"E:/Projects/EcoBots/Content/Assets/Orasot_Bundle/Stylized_Landscape_5_Bioms/Biom_Desert/Textures/T_Grass_Yellow.uasset" 2846
"E:/Projects/EcoBots/Content/Assets/Orasot_Bundle/Stylized_Landscape_5_Bioms/Biom_Desert/Textures/T_Cliff_n.uasset" 2847
"E:/Projects/EcoBots/Content/Assets/Orasot_Bundle/Stylized_Landscape_5_Bioms/Biom_Desert/Textures/T_Cliff_5_n.uasset" 2848
"E:/Projects/EcoBots/Content/Assets/Orasot_Bundle/Stylized_Landscape_5_Bioms/Biom_Desert/Textures/T_Cliff_4_n.uasset" 2849
"E:/Projects/EcoBots/Content/Assets/Orasot_Bundle/Stylized_Landscape_5_Bioms/Biom_Desert/Textures/T_Cliff_3_n.uasset" 2850
"E:/Projects/EcoBots/Content/Assets/Orasot_Bundle/Stylized_Landscape_5_Bioms/Biom_Desert/Textures/T_Cliff_3_AO.uasset" 2851
"E:/Projects/EcoBots/Content/Assets/Orasot_Bundle/Stylized_Landscape_5_Bioms/Biom_Desert/Textures/T_Cliff_2_AO.uasset" 2852
"E:/Projects/EcoBots/Content/Assets/Orasot_Bundle/Stylized_Landscape_5_Bioms/Biom_Desert/Textures/T_Cliff_1.uasset" 2853
"E:/Projects/EcoBots/Content/Assets/Orasot_Bundle/Stylized_Landscape_5_Bioms/Biom_Desert/Textures/Tree_1/T_Impostor_Tree_1.uasset" 2854
"E:/Projects/EcoBots/Content/Assets/Orasot_Bundle/Stylized_Landscape_5_Bioms/Biom_Desert/Textures/Tree_1/T_Impostor_Tree_1_e.uasset" 2855
"E:/Projects/EcoBots/Content/Assets/Orasot_Bundle/Stylized_Landscape_5_Bioms/Biom_Desert/Textures/Tree_1/T_Impostor_Tree_1_n.uasset" 2856
"E:/Projects/EcoBots/Content/Assets/Orasot_Bundle/Stylized_Landscape_5_Bioms/Biom_Desert/StaticMeshes/SM_Rock_4.uasset" 2857
"E:/Projects/EcoBots/Content/Assets/Orasot_Bundle/Stylized_Landscape_5_Bioms/Biom_Desert/StaticMeshes/SM_Rock_2.uasset" 2858
"E:/Projects/EcoBots/Content/Assets/Orasot_Bundle/Stylized_Landscape_5_Bioms/Biom_Desert/StaticMeshes/SM_Rock_1.uasset" 2859
"E:/Projects/EcoBots/Content/Assets/Orasot_Bundle/Stylized_Landscape_5_Bioms/Biom_Desert/StaticMeshes/SM_Palm_Crown.uasset" 2860
"E:/Projects/EcoBots/Content/Assets/Orasot_Bundle/Stylized_Landscape_5_Bioms/Biom_Desert/StaticMeshes/SM_PalmTree_Small.uasset" 2861
"E:/Projects/EcoBots/Content/Assets/Orasot_Bundle/Stylized_Landscape_5_Bioms/Biom_Desert/StaticMeshes/SM_PalmTree_Slightly_Bend.uasset" 2862
"E:/Projects/EcoBots/Content/Assets/Orasot_Bundle/Stylized_Landscape_5_Bioms/Biom_Desert/StaticMeshes/SM_PalmTree_Bend.uasset" 2863
"E:/Projects/EcoBots/Content/Assets/Orasot_Bundle/Stylized_Landscape_5_Bioms/Biom_Desert/StaticMeshes/SM_PalmTree.uasset" 2864
"E:/Projects/EcoBots/Content/Assets/Orasot_Bundle/Stylized_Landscape_5_Bioms/Biom_Desert/StaticMeshes/SM_Mid_Bush_1.uasset" 2865
"E:/Projects/EcoBots/Content/Assets/Orasot_Bundle/Stylized_Landscape_5_Bioms/Biom_Desert/StaticMeshes/SM_Hero_Tree_1_with_Roots.uasset" 2866
"E:/Projects/EcoBots/Content/Assets/Orasot_Bundle/Stylized_Landscape_5_Bioms/Biom_Desert/StaticMeshes/SM_Rock_5.uasset" 2867
"E:/Projects/EcoBots/Content/Assets/Orasot_Bundle/Stylized_Landscape_5_Bioms/Biom_Desert/StaticMeshes/SM_Cliff_5.uasset" 2868
"E:/Projects/EcoBots/Content/Assets/Orasot_Bundle/Stylized_Landscape_5_Bioms/Biom_Desert/StaticMeshes/SM_Cliff_4.uasset" 2869
"E:/Projects/EcoBots/Content/Assets/Orasot_Bundle/Stylized_Landscape_5_Bioms/Biom_Desert/StaticMeshes/SM_Gray_Rock_1.uasset" 2870
"E:/Projects/EcoBots/Content/Assets/Orasot_Bundle/Stylized_Landscape_5_Bioms/Biom_Desert/StaticMeshes/SM_Cliff_3.uasset" 2871
"E:/Projects/EcoBots/Content/Assets/Orasot_Bundle/Stylized_Landscape_5_Bioms/Biom_Desert/StaticMeshes/SM_Cliff_2.uasset" 2872
"E:/Projects/EcoBots/Content/Assets/Orasot_Bundle/Stylized_Landscape_5_Bioms/Biom_Desert/StaticMeshes/SM_Cliff_1.uasset" 2873
"E:/Projects/EcoBots/Content/Assets/Orasot_Bundle/Stylized_Landscape_5_Bioms/Biom_Desert/StaticMeshes/SM_Bush_Yellow.uasset" 2874
"E:/Projects/EcoBots/Content/Assets/Orasot_Bundle/Stylized_Landscape_5_Bioms/Biom_Desert/StaticMeshes/SM_Bush_many_2.uasset" 2875
"E:/Projects/EcoBots/Content/Assets/Orasot_Bundle/Stylized_Landscape_5_Bioms/Biom_Desert/StaticMeshes/SM_Gray_Rock_2.uasset" 2876
"E:/Projects/EcoBots/Content/Assets/Orasot_Bundle/Stylized_Landscape_5_Bioms/Biom_Desert/Material_Instances/MI_Rock_4.uasset" 2877
"E:/Projects/EcoBots/Content/Assets/Orasot_Bundle/Stylized_Landscape_5_Bioms/Biom_Desert/Material_Instances/MI_Rock_2.uasset" 2878
"E:/Projects/EcoBots/Content/Assets/Orasot_Bundle/Stylized_Landscape_5_Bioms/Biom_Desert/Material_Instances/MI_Rock_1.uasset" 2879
"E:/Projects/EcoBots/Content/Assets/Orasot_Bundle/Stylized_Landscape_5_Bioms/Biom_Desert/Material_Instances/MI_Palm_Leaf.uasset" 2880
"E:/Projects/EcoBots/Content/Assets/Orasot_Bundle/Stylized_Landscape_5_Bioms/Biom_Desert/Material_Instances/MI_Palm_Bark.uasset" 2881
"E:/Projects/EcoBots/Content/Assets/Orasot_Bundle/Stylized_Landscape_5_Bioms/Biom_Desert/Material_Instances/MI_Rock_5.uasset" 2882
"E:/Projects/EcoBots/Content/Assets/Orasot_Bundle/Stylized_Landscape_5_Bioms/Biom_Desert/Material_Instances/MI_Leaves_A_light_orange_2.uasset" 2883
"E:/Projects/EcoBots/Content/Assets/Orasot_Bundle/Stylized_Landscape_5_Bioms/Biom_Desert/Material_Instances/MI_Impostor_Tree_1.uasset" 2884
"E:/Projects/EcoBots/Content/Assets/Orasot_Bundle/Stylized_Landscape_5_Bioms/Biom_Desert/Material_Instances/MI_Leaves_A_red.uasset" 2885
"E:/Projects/EcoBots/Content/Assets/Orasot_Bundle/Stylized_Landscape_5_Bioms/Biom_Desert/Material_Instances/MI_Gray_Rock_2.uasset" 2886
"E:/Projects/EcoBots/Content/Assets/Orasot_Bundle/Stylized_Landscape_5_Bioms/Biom_Desert/Material_Instances/MI_Gray_Rock_1.uasset" 2887
"E:/Projects/EcoBots/Content/Assets/Orasot_Bundle/Stylized_Landscape_5_Bioms/Biom_Desert/Material_Instances/MI_Cliff_5.uasset" 2888
"E:/Projects/EcoBots/Content/Assets/Orasot_Bundle/Stylized_Landscape_5_Bioms/Biom_Desert/Material_Instances/MI_Cliff_4.uasset" 2889
"E:/Projects/EcoBots/Content/Assets/Orasot_Bundle/Stylized_Landscape_5_Bioms/Biom_Desert/Material_Instances/MI_Cliff_3.uasset" 2890
"E:/Projects/EcoBots/Content/Assets/Orasot_Bundle/Stylized_Landscape_5_Bioms/Biom_Desert/Material_Instances/MI_Cliff_2.uasset" 2891
"E:/Projects/EcoBots/Content/Assets/Orasot_Bundle/Stylized_Landscape_5_Bioms/Biom_Desert/Material_Instances/MI_Cliff_1.uasset" 2892
"E:/Projects/EcoBots/Content/Assets/Orasot_Bundle/Stylized_Landscape_5_Bioms/Biom_Dark/Textures/T_Rock_base_n.uasset" 2893
"E:/Projects/EcoBots/Content/Assets/Orasot_Bundle/Stylized_Landscape_5_Bioms/Biom_Dark/Textures/T_Rock_base.uasset" 2894
"E:/Projects/EcoBots/Content/Assets/Orasot_Bundle/Stylized_Landscape_5_Bioms/Biom_Dark/Textures/T_Rock_6_n.uasset" 2895
"E:/Projects/EcoBots/Content/Assets/Orasot_Bundle/Stylized_Landscape_5_Bioms/Biom_Dark/Textures/T_Rock_5_n.uasset" 2896
"E:/Projects/EcoBots/Content/Assets/Orasot_Bundle/Stylized_Landscape_5_Bioms/Biom_Desert/Material_Instances/MI_Leaves_A_light_orange.uasset" 2897
"E:/Projects/EcoBots/Content/Assets/Orasot_Bundle/Stylized_Landscape_5_Bioms/Biom_Dark/Textures/T_Rock_4_n.uasset" 2898
"E:/Projects/EcoBots/Content/Assets/Orasot_Bundle/Stylized_Landscape_5_Bioms/Biom_Dark/Textures/T_Rock_3_n.uasset" 2899
"E:/Projects/EcoBots/Content/Assets/Orasot_Bundle/Stylized_Landscape_5_Bioms/Biom_Dark/Textures/T_Rock_2_n.uasset" 2900
"E:/Projects/EcoBots/Content/Assets/Orasot_Bundle/Stylized_Landscape_5_Bioms/Biom_Dark/Textures/T_Gravel.uasset" 2901
"E:/Projects/EcoBots/Content/Assets/Orasot_Bundle/Stylized_Landscape_5_Bioms/Biom_Dark/Textures/T_Gravel_h.uasset" 2902
"E:/Projects/EcoBots/Content/Assets/Orasot_Bundle/Stylized_Landscape_5_Bioms/Biom_Dark/Textures/T_Gravel_n.uasset" 2903
"E:/Projects/EcoBots/Content/Assets/Orasot_Bundle/Stylized_Landscape_5_Bioms/Biom_Dark/Textures/T_Rock_1_n.uasset" 2904
"E:/Projects/EcoBots/Content/Assets/Orasot_Bundle/Stylized_Landscape_5_Bioms/Biom_Dark/Textures/T_Grass.uasset" 2905
"E:/Projects/EcoBots/Content/Assets/Orasot_Bundle/Stylized_Landscape_5_Bioms/Biom_Dark/Textures/Imposter_Tree/T_Impostor_Normal.uasset" 2906
"E:/Projects/EcoBots/Content/Assets/Orasot_Bundle/Stylized_Landscape_5_Bioms/Biom_Dark/Textures/Imposter_Tree/T_Impostor_Emissive.uasset" 2907
"E:/Projects/EcoBots/Content/Assets/Orasot_Bundle/Stylized_Landscape_5_Bioms/Biom_Dark/StaticMeshes/SM_Rock_6.uasset" 2908
"E:/Projects/EcoBots/Content/Assets/Orasot_Bundle/Stylized_Landscape_5_Bioms/Biom_Dark/Textures/Imposter_Tree/T_Impostor_BaseColor.uasset" 2909
"E:/Projects/EcoBots/Content/Assets/Orasot_Bundle/Stylized_Landscape_5_Bioms/Biom_Dark/StaticMeshes/SM_Tree_1.uasset" 2910
"E:/Projects/EcoBots/Content/Assets/Orasot_Bundle/Stylized_Landscape_5_Bioms/Biom_Dark/StaticMeshes/SM_Rock_5.uasset" 2911
"E:/Projects/EcoBots/Content/Assets/Orasot_Bundle/Stylized_Landscape_5_Bioms/Biom_Dark/StaticMeshes/SM_Rock_4.uasset" 2912
"E:/Projects/EcoBots/Content/Assets/Orasot_Bundle/Stylized_Landscape_5_Bioms/Biom_Dark/StaticMeshes/SM_Rock_2.uasset" 2913
"E:/Projects/EcoBots/Content/Assets/Orasot_Bundle/Stylized_Landscape_5_Bioms/Biom_Dark/StaticMeshes/SM_Rock_1.uasset" 2914
"E:/Projects/EcoBots/Content/Assets/Orasot_Bundle/Stylized_Landscape_5_Bioms/Biom_Dark/Material_Instances/MI_Rock_6.uasset" 2915
"E:/Projects/EcoBots/Content/Assets/Orasot_Bundle/Stylized_Landscape_5_Bioms/Biom_Dark/Material_Instances/MI_Rock_5.uasset" 2916
"E:/Projects/EcoBots/Content/Assets/Orasot_Bundle/Stylized_Landscape_5_Bioms/Biom_Dark/Material_Instances/MI_Rock_4.uasset" 2917
"E:/Projects/EcoBots/Content/Assets/Orasot_Bundle/Stylized_Landscape_5_Bioms/Biom_Dark/Material_Instances/MI_Rock_3.uasset" 2918
"E:/Projects/EcoBots/Content/Assets/Orasot_Bundle/Stylized_Landscape_5_Bioms/Biom_Dark/Material_Instances/MI_Rock_2.uasset" 2919
"E:/Projects/EcoBots/Content/Assets/Orasot_Bundle/Stylized_Landscape_5_Bioms/Biom_Dark/Material_Instances/MI_Rock_1.uasset" 2920
"E:/Projects/EcoBots/Content/Assets/Orasot_Bundle/Stylized_Landscape_5_Bioms/Biom_Dark/Material_Instances/MI_leaf_black.uasset" 2921
"E:/Projects/EcoBots/Content/Assets/Orasot_Bundle/Stylized_Landscape_5_Bioms/Biom_Dark/Material_Instances/MI_Impostor_Tree_1.uasset" 2922
"E:/Projects/EcoBots/Content/Assets/Orasot_Bundle/Stylized_Landscape_5_Bioms/Biom_Bamboo/Textures/T_Rock_Stature_n.uasset" 2923
"E:/Projects/EcoBots/Content/Assets/Orasot_Bundle/Stylized_Landscape_5_Bioms/Biom_Bamboo/Textures/T_Rock_Slap.uasset" 2924
"E:/Projects/EcoBots/Content/Assets/Orasot_Bundle/Stylized_Landscape_5_Bioms/Biom_Bamboo/Textures/T_Rock_Path_n.uasset" 2925
"E:/Projects/EcoBots/Content/Assets/Orasot_Bundle/Stylized_Landscape_5_Bioms/Biom_Bamboo/Textures/T_Rock_base_n.uasset" 2926
"E:/Projects/EcoBots/Content/Assets/Orasot_Bundle/Stylized_Landscape_5_Bioms/Biom_Dark/StaticMeshes/SM_Rock_3.uasset" 2927
"E:/Projects/EcoBots/Content/Assets/Orasot_Bundle/Stylized_Landscape_5_Bioms/Biom_Bamboo/Textures/T_Rock_base.uasset" 2928
"E:/Projects/EcoBots/Content/Assets/Orasot_Bundle/Stylized_Landscape_5_Bioms/Biom_Bamboo/Textures/T_Ivy.uasset" 2929
"E:/Projects/EcoBots/Content/Assets/Orasot_Bundle/Stylized_Landscape_5_Bioms/Biom_Bamboo/Textures/T_Ivy_n.uasset" 2930
"E:/Projects/EcoBots/Content/Assets/Orasot_Bundle/Stylized_Landscape_5_Bioms/Biom_Bamboo/Textures/T_Grass_bamboo.uasset" 2931
"E:/Projects/EcoBots/Content/Assets/Orasot_Bundle/Stylized_Landscape_5_Bioms/Biom_Bamboo/Textures/T_Cliff_Scatter.uasset" 2932
"E:/Projects/EcoBots/Content/Assets/Orasot_Bundle/Stylized_Landscape_5_Bioms/Biom_Bamboo/Textures/T_Ferm_n.uasset" 2933
"E:/Projects/EcoBots/Content/Assets/Orasot_Bundle/Stylized_Landscape_5_Bioms/Biom_Bamboo/Textures/T_Cliff_n.uasset" 2934
"E:/Projects/EcoBots/Content/Assets/Orasot_Bundle/Stylized_Landscape_5_Bioms/Biom_Bamboo/Textures/T_Cliff_4.uasset" 2935
"E:/Projects/EcoBots/Content/Assets/Orasot_Bundle/Stylized_Landscape_5_Bioms/Biom_Bamboo/Textures/T_Fern.uasset" 2936
"E:/Projects/EcoBots/Content/Assets/Orasot_Bundle/Stylized_Landscape_5_Bioms/Biom_Bamboo/Textures/T_Cliff_3_n.uasset" 2937
"E:/Projects/EcoBots/Content/Assets/Orasot_Bundle/Stylized_Landscape_5_Bioms/Biom_Bamboo/Textures/T_Cliff_2_n.uasset" 2938
"E:/Projects/EcoBots/Content/Assets/Orasot_Bundle/Stylized_Landscape_5_Bioms/Biom_Bamboo/Textures/T_Bamboo_Sapling_r.uasset" 2939
"E:/Projects/EcoBots/Content/Assets/Orasot_Bundle/Stylized_Landscape_5_Bioms/Biom_Bamboo/Textures/T_Bamboo_Sapling_n.uasset" 2940
"E:/Projects/EcoBots/Content/Assets/Orasot_Bundle/Stylized_Landscape_5_Bioms/Biom_Bamboo/Textures/T_Bamboo_Sapling.uasset" 2941
"E:/Projects/EcoBots/Content/Assets/Orasot_Bundle/Stylized_Landscape_5_Bioms/Biom_Bamboo/Textures/T_Bamboo_Leaf.uasset" 2942
"E:/Projects/EcoBots/Content/Assets/Orasot_Bundle/Stylized_Landscape_5_Bioms/Biom_Bamboo/Textures/T_Bamboo_Fence.uasset" 2943
"E:/Projects/EcoBots/Content/Assets/Orasot_Bundle/Stylized_Landscape_5_Bioms/Biom_Bamboo/Textures/T_Bamboo_1_n.uasset" 2944
"E:/Projects/EcoBots/Content/Assets/Orasot_Bundle/Stylized_Landscape_5_Bioms/Biom_Bamboo/Textures/T_Bamboo_1.uasset" 2945
"E:/Projects/EcoBots/Content/Assets/Orasot_Bundle/Stylized_Landscape_5_Bioms/Biom_Bamboo/Textures/T_Bamboo_Fence_n.uasset" 2946
"E:/Projects/EcoBots/Content/Assets/Orasot_Bundle/Stylized_Landscape_5_Bioms/Biom_Bamboo/Textures/Imposter_Bamboo_2/T_Impostor_Bamboo_2_n.uasset" 2947
"E:/Projects/EcoBots/Content/Assets/Orasot_Bundle/Stylized_Landscape_5_Bioms/Biom_Bamboo/Textures/Imposter_Bamboo_2/T_Impostor_Bamboo_2_e.uasset" 2948
"E:/Projects/EcoBots/Content/Assets/Orasot_Bundle/Stylized_Landscape_5_Bioms/Biom_Bamboo/Textures/Imposter_Bamboo_2/T_Impostor_Bamboo_2.uasset" 2949
"E:/Projects/EcoBots/Content/Assets/Orasot_Bundle/Stylized_Landscape_5_Bioms/Biom_Bamboo/Textures/Imposter_Bamboo/T_Imposter_Bamboo_1_E.uasset" 2950
"E:/Projects/EcoBots/Content/Assets/Orasot_Bundle/Stylized_Landscape_5_Bioms/Biom_Bamboo/Textures/Imposter_Bamboo/T_Imposter_Bamboo_1.uasset" 2951
"E:/Projects/EcoBots/Content/Assets/Orasot_Bundle/Stylized_Landscape_5_Bioms/Biom_Bamboo/StaticMeshes/SM_Rock_Stature.uasset" 2952
"E:/Projects/EcoBots/Content/Assets/Orasot_Bundle/Stylized_Landscape_5_Bioms/Biom_Bamboo/StaticMeshes/SM_Rock_Slap_3.uasset" 2953
"E:/Projects/EcoBots/Content/Assets/Orasot_Bundle/Stylized_Landscape_5_Bioms/Biom_Bamboo/StaticMeshes/SM_Rock_Slap_2.uasset" 2954
"E:/Projects/EcoBots/Content/Assets/Orasot_Bundle/Stylized_Landscape_5_Bioms/Biom_Bamboo/Textures/Imposter_Bamboo/T_Imposter_Bamboo_1_n.uasset" 2955
"E:/Projects/EcoBots/Content/Assets/Orasot_Bundle/Stylized_Landscape_5_Bioms/Biom_Bamboo/StaticMeshes/SM_Rock_Slap.uasset" 2956
"E:/Projects/EcoBots/Content/Assets/Orasot_Bundle/Stylized_Landscape_5_Bioms/Biom_Bamboo/StaticMeshes/SM_Rock_Path.uasset" 2957
"E:/Projects/EcoBots/Content/Assets/Orasot_Bundle/Stylized_Landscape_5_Bioms/Biom_Bamboo/StaticMeshes/SM_Fern_1.uasset" 2958
"E:/Projects/EcoBots/Content/Assets/Orasot_Bundle/Stylized_Landscape_5_Bioms/Biom_Bamboo/StaticMeshes/SM_Cliff_Scatter_2.uasset" 2959
"E:/Projects/EcoBots/Content/Assets/Orasot_Bundle/Stylized_Landscape_5_Bioms/Biom_Bamboo/StaticMeshes/SM_Cliff_Scatter_3.uasset" 2960
"E:/Projects/EcoBots/Content/Assets/Orasot_Bundle/Stylized_Landscape_5_Bioms/Biom_Bamboo/StaticMeshes/SM_Ivy.uasset" 2961
"E:/Projects/EcoBots/Content/Assets/Orasot_Bundle/Stylized_Landscape_5_Bioms/Biom_Bamboo/StaticMeshes/SM_Cliff_Scatter.uasset" 2962
"E:/Projects/EcoBots/Content/Assets/Orasot_Bundle/Stylized_Landscape_5_Bioms/Biom_Bamboo/StaticMeshes/SM_Cliff_4.uasset" 2963
"E:/Projects/EcoBots/Content/Assets/Orasot_Bundle/Stylized_Landscape_5_Bioms/Biom_Bamboo/StaticMeshes/SM_Cliff_3.uasset" 2964
"E:/Projects/EcoBots/Content/Assets/Orasot_Bundle/Stylized_Landscape_5_Bioms/Biom_Bamboo/StaticMeshes/SM_Cliff_2.uasset" 2965
"E:/Projects/EcoBots/Content/Assets/Orasot_Bundle/Stylized_Landscape_5_Bioms/Biom_Bamboo/StaticMeshes/SM_Cliff_1.uasset" 2966
"E:/Projects/EcoBots/Content/Assets/Orasot_Bundle/Stylized_Landscape_5_Bioms/Biom_Bamboo/StaticMeshes/SM_Bamboo_Sapling.uasset" 2967
"E:/Projects/EcoBots/Content/Assets/Orasot_Bundle/Stylized_Landscape_5_Bioms/Biom_Bamboo/StaticMeshes/SM_Bamboo_fence.uasset" 2968
"E:/Projects/EcoBots/Content/Assets/Orasot_Bundle/Stylized_Landscape_5_Bioms/Biom_Bamboo/StaticMeshes/SM_Bamboo_2.uasset" 2969
"E:/Projects/EcoBots/Content/Assets/Orasot_Bundle/Stylized_Landscape_5_Bioms/Biom_Bamboo/StaticMeshes/SM_Bamboo.uasset" 2970
"E:/Projects/EcoBots/Content/Assets/Orasot_Bundle/Stylized_Landscape_5_Bioms/Biom_Bamboo/Material_Instances/MI_Rock_Stature.uasset" 2971
"E:/Projects/EcoBots/Content/Assets/Orasot_Bundle/Stylized_Landscape_5_Bioms/Biom_Bamboo/Material_Instances/MI_Rock_Slap.uasset" 2972
"E:/Projects/EcoBots/Content/Assets/Orasot_Bundle/Stylized_Landscape_5_Bioms/Biom_Bamboo/Material_Instances/MI_Rock_Path.uasset" 2973
"E:/Projects/EcoBots/Content/Assets/Orasot_Bundle/Stylized_Landscape_5_Bioms/Biom_Bamboo/Material_Instances/MI_Ivy.uasset" 2974
"E:/Projects/EcoBots/Content/Assets/Orasot_Bundle/Stylized_Landscape_5_Bioms/Biom_Bamboo/Material_Instances/MI_Impostor_Bamboo_2.uasset" 2975
"E:/Projects/EcoBots/Content/Assets/Orasot_Bundle/Stylized_Landscape_5_Bioms/Biom_Bamboo/Material_Instances/MI_Impostor_1.uasset" 2976
"E:/Projects/EcoBots/Content/Assets/Orasot_Bundle/Stylized_Landscape_5_Bioms/Biom_Bamboo/Material_Instances/MI_Fern.uasset" 2977
"E:/Projects/EcoBots/Content/Assets/Orasot_Bundle/Stylized_Landscape_5_Bioms/Biom_Bamboo/Material_Instances/MI_Cliff_Scatter.uasset" 2978
"E:/Projects/EcoBots/Content/Assets/Orasot_Bundle/Stylized_Landscape_5_Bioms/Biom_Bamboo/Material_Instances/MI_Cliff_3.uasset" 2979
"E:/Projects/EcoBots/Content/Assets/Orasot_Bundle/Stylized_Landscape_5_Bioms/Biom_Bamboo/Material_Instances/MI_Cliff_4.uasset" 2980
"E:/Projects/EcoBots/Content/Assets/Orasot_Bundle/Stylized_Landscape_5_Bioms/Biom_Bamboo/Material_Instances/MI_Cliff_2.uasset" 2981
"E:/Projects/EcoBots/Content/Assets/Orasot_Bundle/Stylized_Landscape_5_Bioms/Biom_Bamboo/Material_Instances/MI_Cliff_1.uasset" 2982
"E:/Projects/EcoBots/Content/Assets/Orasot_Bundle/Stylized_Landscape_5_Bioms/Biom_Bamboo/Material_Instances/MI_Bamboo_Sapling.uasset" 2983
"E:/Projects/EcoBots/Content/Assets/Orasot_Bundle/Stylized_Landscape_5_Bioms/Biom_Bamboo/Material_Instances/MI_Bamboo_Fence.uasset" 2984
"E:/Projects/EcoBots/Content/Assets/Orasot_Bundle/Stylized_Landscape_5_Bioms/Biom_Bamboo/Material_Instances/MI_Bamboo.uasset" 2985
"E:/Projects/EcoBots/Content/Assets/Orasot_Bundle/Stylized_Landscape_5_Bioms/Biom_Bamboo/Material_Instances/MI_Rock_master.uasset" 2986
"E:/Projects/EcoBots/Content/Assets/Orasot_Bundle/Stylized_Landscape_5_Bioms/Biom_Bamboo/Material_Instances/MI_Bamboo_Leaf.uasset" 2987
"E:/Projects/EcoBots/Content/Assets/Orasot_Bundle/StylizedForestLandscape/Textures/T_Wheat.uasset" 2988
"E:/Projects/EcoBots/Content/Assets/Orasot_Bundle/StylizedForestLandscape/Textures/T_Twig_normal.uasset" 2989
"E:/Projects/EcoBots/Content/Assets/Orasot_Bundle/StylizedForestLandscape/Textures/T_Twig_4_normal.uasset" 2990
"E:/Projects/EcoBots/Content/Assets/Orasot_Bundle/StylizedForestLandscape/Textures/T_Twig_4_RedGreen.uasset" 2991
"E:/Projects/EcoBots/Content/Assets/Orasot_Bundle/StylizedForestLandscape/Textures/T_Twig_3_RedGreem.uasset" 2992
"E:/Projects/EcoBots/Content/Assets/Orasot_Bundle/StylizedForestLandscape/Textures/T_Twig_3_normal.uasset" 2993
"E:/Projects/EcoBots/Content/Assets/Orasot_Bundle/StylizedForestLandscape/Textures/T_Twig_2_RedGreen.uasset" 2994
"E:/Projects/EcoBots/Content/Assets/Orasot_Bundle/StylizedForestLandscape/Textures/T_Twig_2_normal.uasset" 2995
"E:/Projects/EcoBots/Content/Assets/Orasot_Bundle/StylizedForestLandscape/Textures/T_Trunk_2_normal.uasset" 2996
"E:/Projects/EcoBots/Content/Assets/Orasot_Bundle/StylizedForestLandscape/Textures/T_Tree_Stump_RedGreen_Curve.uasset" 2997
"E:/Projects/EcoBots/Content/Assets/Orasot_Bundle/StylizedForestLandscape/Textures/T_SkySphere.uasset" 2998
"E:/Projects/EcoBots/Content/Assets/Orasot_Bundle/StylizedForestLandscape/Textures/T_Rock_Slap_normal.uasset" 2999
"E:/Projects/EcoBots/Content/Assets/Orasot_Bundle/StylizedForestLandscape/Textures/T_Rock_Slap_2.uasset" 3000
"E:/Projects/EcoBots/Content/Assets/Orasot_Bundle/StylizedForestLandscape/Textures/T_Rock_Slap_2_normal.uasset" 3001
"E:/Projects/EcoBots/Content/Assets/Orasot_Bundle/StylizedForestLandscape/Textures/T_Tree_Stump_normal.uasset" 3002
"E:/Projects/EcoBots/Content/Assets/Orasot_Bundle/StylizedForestLandscape/Textures/T_Rock_Scatter_normal.uasset" 3003
"E:/Projects/EcoBots/Content/Assets/Orasot_Bundle/StylizedForestLandscape/Textures/T_Rock_Scatter_2_normal.uasset" 3004
"E:/Projects/EcoBots/Content/Assets/Orasot_Bundle/StylizedForestLandscape/Textures/T_Rock_Slap.uasset" 3005
"E:/Projects/EcoBots/Content/Assets/Orasot_Bundle/StylizedForestLandscape/Textures/T_Rock_Scatter_2.uasset" 3006
"E:/Projects/EcoBots/Content/Assets/Orasot_Bundle/StylizedForestLandscape/Textures/T_Rock_Scatter.uasset" 3007
"E:/Projects/EcoBots/Content/Assets/Orasot_Bundle/StylizedForestLandscape/Textures/T_Rock_normal.uasset" 3008
"E:/Projects/EcoBots/Content/Assets/Orasot_Bundle/StylizedForestLandscape/Textures/T_Rock_Cliff_normal.uasset" 3009
"E:/Projects/EcoBots/Content/Assets/Orasot_Bundle/StylizedForestLandscape/Textures/T_Rock_Cliff_3.uasset" 3010
"E:/Projects/EcoBots/Content/Assets/Orasot_Bundle/StylizedForestLandscape/Textures/T_Rock_Cliff_2_normal.uasset" 3011
"E:/Projects/EcoBots/Content/Assets/Orasot_Bundle/StylizedForestLandscape/Textures/T_Rock_Cliff_2.uasset" 3012
"E:/Projects/EcoBots/Content/Assets/Orasot_Bundle/StylizedForestLandscape/Textures/T_Rock_Cliff.uasset" 3013
"E:/Projects/EcoBots/Content/Assets/Orasot_Bundle/StylizedForestLandscape/Textures/T_Rock_6_normal.uasset" 3014
"E:/Projects/EcoBots/Content/Assets/Orasot_Bundle/StylizedForestLandscape/Textures/T_Rock_6.uasset" 3015
"E:/Projects/EcoBots/Content/Assets/Orasot_Bundle/StylizedForestLandscape/Textures/T_Rock_5_normal.uasset" 3016
"E:/Projects/EcoBots/Content/Assets/Orasot_Bundle/StylizedForestLandscape/Textures/T_Rock_Cliff_3_normal.uasset" 3017
"E:/Projects/EcoBots/Content/Assets/Orasot_Bundle/StylizedForestLandscape/Textures/T_Rock_5.uasset" 3018
"E:/Projects/EcoBots/Content/Assets/Orasot_Bundle/StylizedForestLandscape/Textures/T_Rock_4.uasset" 3019
"E:/Projects/EcoBots/Content/Assets/Orasot_Bundle/StylizedForestLandscape/Textures/T_Rock_3_normal.uasset" 3020
"E:/Projects/EcoBots/Content/Assets/Orasot_Bundle/StylizedForestLandscape/Textures/T_Rock_3.uasset" 3021
"E:/Projects/EcoBots/Content/Assets/Orasot_Bundle/StylizedForestLandscape/Textures/T_Rock_2_normal.uasset" 3022
"E:/Projects/EcoBots/Content/Assets/Orasot_Bundle/StylizedForestLandscape/Textures/T_Rock_2.uasset" 3023
"E:/Projects/EcoBots/Content/Assets/Orasot_Bundle/StylizedForestLandscape/Textures/T_Rock.uasset" 3024
"E:/Projects/EcoBots/Content/Assets/Orasot_Bundle/StylizedForestLandscape/Textures/T_RedGreenTwig.uasset" 3025
"E:/Projects/EcoBots/Content/Assets/Orasot_Bundle/StylizedForestLandscape/Textures/T_PinkFlower_RedFlower.uasset" 3026
"E:/Projects/EcoBots/Content/Assets/Orasot_Bundle/StylizedForestLandscape/Textures/T_Pine_Leaf.uasset" 3027
"E:/Projects/EcoBots/Content/Assets/Orasot_Bundle/StylizedForestLandscape/Textures/T_Pine_Bark_normal.uasset" 3028
"E:/Projects/EcoBots/Content/Assets/Orasot_Bundle/StylizedForestLandscape/Textures/T_Pine_Bark.uasset" 3029
"E:/Projects/EcoBots/Content/Assets/Orasot_Bundle/StylizedForestLandscape/Textures/T_paint_noise.uasset" 3030
"E:/Projects/EcoBots/Content/Assets/Orasot_Bundle/StylizedForestLandscape/Textures/T_Oak_Trunk.uasset" 3031
"E:/Projects/EcoBots/Content/Assets/Orasot_Bundle/StylizedForestLandscape/Textures/T_Rock_4_normal.uasset" 3032
"E:/Projects/EcoBots/Content/Assets/Orasot_Bundle/StylizedForestLandscape/Textures/T_Oak_Leaf.uasset" 3033
"E:/Projects/EcoBots/Content/Assets/Orasot_Bundle/StylizedForestLandscape/Textures/T_Oak_Red_Bark_Normal.uasset" 3034
"E:/Projects/EcoBots/Content/Assets/Orasot_Bundle/StylizedForestLandscape/Textures/T_Mushroom_2.uasset" 3035
"E:/Projects/EcoBots/Content/Assets/Orasot_Bundle/StylizedForestLandscape/Textures/T_Mushroom.uasset" 3036
"E:/Projects/EcoBots/Content/Assets/Orasot_Bundle/StylizedForestLandscape/Textures/T_Moss.uasset" 3037
"E:/Projects/EcoBots/Content/Assets/Orasot_Bundle/StylizedForestLandscape/Textures/T_Mile_Stone_normal.uasset" 3038
"E:/Projects/EcoBots/Content/Assets/Orasot_Bundle/StylizedForestLandscape/Textures/T_MileStone.uasset" 3039
"E:/Projects/EcoBots/Content/Assets/Orasot_Bundle/StylizedForestLandscape/Textures/T_Log_RedGreen.uasset" 3040
"E:/Projects/EcoBots/Content/Assets/Orasot_Bundle/StylizedForestLandscape/Textures/T_Magic_Texture.uasset" 3041
"E:/Projects/EcoBots/Content/Assets/Orasot_Bundle/StylizedForestLandscape/Textures/T_Log_normal.uasset" 3042
"E:/Projects/EcoBots/Content/Assets/Orasot_Bundle/StylizedForestLandscape/Textures/T_Log_2_RedGreen.uasset" 3043
"E:/Projects/EcoBots/Content/Assets/Orasot_Bundle/StylizedForestLandscape/Textures/T_Log_2_normal.uasset" 3044
"E:/Projects/EcoBots/Content/Assets/Orasot_Bundle/StylizedForestLandscape/Textures/T_lens_flare.uasset" 3045
"E:/Projects/EcoBots/Content/Assets/Orasot_Bundle/StylizedForestLandscape/Textures/T_Noise_for_normal.uasset" 3046
"E:/Projects/EcoBots/Content/Assets/Orasot_Bundle/StylizedForestLandscape/Textures/T_Oak_Red_Bark.uasset" 3047
"E:/Projects/EcoBots/Content/Assets/Orasot_Bundle/StylizedForestLandscape/Textures/T_Leaf_Poplar.uasset" 3048
"E:/Projects/EcoBots/Content/Assets/Orasot_Bundle/StylizedForestLandscape/Textures/T_Leaf.uasset" 3049
"E:/Projects/EcoBots/Content/Assets/Orasot_Bundle/StylizedForestLandscape/Textures/T_Grass_Noise.uasset" 3050
"E:/Projects/EcoBots/Content/Assets/Orasot_Bundle/StylizedForestLandscape/Textures/T_Fern_2.uasset" 3051
"E:/Projects/EcoBots/Content/Assets/Orasot_Bundle/StylizedForestLandscape/Textures/T_Flower_Leaf.uasset" 3052
"E:/Projects/EcoBots/Content/Assets/Orasot_Bundle/StylizedForestLandscape/Textures/T_Flower_Texture.uasset" 3053
"E:/Projects/EcoBots/Content/Assets/Orasot_Bundle/StylizedForestLandscape/Textures/T_Fern.uasset" 3054
"E:/Projects/EcoBots/Content/Assets/Orasot_Bundle/StylizedForestLandscape/Textures/T_Fence_N.uasset" 3055
"E:/Projects/EcoBots/Content/Assets/Orasot_Bundle/StylizedForestLandscape/Textures/T_Fence.uasset" 3056
"E:/Projects/EcoBots/Content/Assets/Orasot_Bundle/StylizedForestLandscape/Textures/T_Dandelion_main.uasset" 3057
"E:/Projects/EcoBots/Content/Assets/Orasot_Bundle/StylizedForestLandscape/Textures/T_Birch_Trunk_normal.uasset" 3058
"E:/Projects/EcoBots/Content/Assets/Orasot_Bundle/StylizedForestLandscape/Textures/T_Dandelion_Leaf.uasset" 3059
"E:/Projects/EcoBots/Content/Assets/Orasot_Bundle/StylizedForestLandscape/Textures/T_Birch_Trunk.uasset" 3060
"E:/Projects/EcoBots/Content/Assets/Orasot_Bundle/StylizedForestLandscape/Textures/T_Big_Rock_normal.uasset" 3061
"E:/Projects/EcoBots/Content/Assets/Orasot_Bundle/StylizedForestLandscape/Textures/T_Big_Rock_3_normal.uasset" 3062
"E:/Projects/EcoBots/Content/Assets/Orasot_Bundle/StylizedForestLandscape/Textures/T_Big_Rock_3.uasset" 3063
"E:/Projects/EcoBots/Content/Assets/Orasot_Bundle/StylizedForestLandscape/Textures/T_Big_Rock.uasset" 3064
"E:/Projects/EcoBots/Content/Assets/Orasot_Bundle/StylizedForestLandscape/Textures/T_Big_Rock_2_normal.uasset" 3065
"E:/Projects/EcoBots/Content/Assets/Orasot_Bundle/StylizedForestLandscape/Meshes/SM_Wheat.uasset" 3066
"E:/Projects/EcoBots/Content/Assets/Orasot_Bundle/StylizedForestLandscape/Meshes/SM_Twig_4.uasset" 3067
"E:/Projects/EcoBots/Content/Assets/Orasot_Bundle/StylizedForestLandscape/Meshes/SM_Twig_3.uasset" 3068
"E:/Projects/EcoBots/Content/Assets/Orasot_Bundle/StylizedForestLandscape/Meshes/SM_Twig_2.uasset" 3069
"E:/Projects/EcoBots/Content/Assets/Orasot_Bundle/StylizedForestLandscape/Meshes/SM_Twig.uasset" 3070
"E:/Projects/EcoBots/Content/Assets/Orasot_Bundle/StylizedForestLandscape/Meshes/SM_Scatter_1.uasset" 3071
"E:/Projects/EcoBots/Content/Assets/Orasot_Bundle/StylizedForestLandscape/Meshes/SM_Rock_Slap_2.uasset" 3072
"E:/Projects/EcoBots/Content/Assets/Orasot_Bundle/StylizedForestLandscape/Meshes/SM_Rock_slap.uasset" 3073
"E:/Projects/EcoBots/Content/Assets/Orasot_Bundle/StylizedForestLandscape/Meshes/SM_Rock_Scatter_2.uasset" 3074
"E:/Projects/EcoBots/Content/Assets/Orasot_Bundle/StylizedForestLandscape/Meshes/SM_Rock_Cliff_3.uasset" 3075
"E:/Projects/EcoBots/Content/Assets/Orasot_Bundle/StylizedForestLandscape/Meshes/SM_SkyBoxTransperent.uasset" 3076
"E:/Projects/EcoBots/Content/Assets/Orasot_Bundle/StylizedForestLandscape/Textures/T_Big_Rock_2.uasset" 3077
"E:/Projects/EcoBots/Content/Assets/Orasot_Bundle/StylizedForestLandscape/Meshes/SM_Rock_6.uasset" 3078
"E:/Projects/EcoBots/Content/Assets/Orasot_Bundle/StylizedForestLandscape/Meshes/SM_Rock_Cliff.uasset" 3079
"E:/Projects/EcoBots/Content/Assets/Orasot_Bundle/StylizedForestLandscape/Meshes/SM_Rock_5.uasset" 3080
"E:/Projects/EcoBots/Content/Assets/Orasot_Bundle/StylizedForestLandscape/Meshes/SM_Rock_4.uasset" 3081
"E:/Projects/EcoBots/Content/Assets/Orasot_Bundle/StylizedForestLandscape/Meshes/SM_Rock_3.uasset" 3082
"E:/Projects/EcoBots/Content/Assets/Orasot_Bundle/StylizedForestLandscape/Meshes/SM_Rock_2.uasset" 3083
"E:/Projects/EcoBots/Content/Assets/Orasot_Bundle/StylizedForestLandscape/Meshes/SM_Rock.uasset" 3084
"E:/Projects/EcoBots/Content/Assets/Orasot_Bundle/StylizedForestLandscape/Meshes/SM_Red_Flower.uasset" 3085
"E:/Projects/EcoBots/Content/Assets/Orasot_Bundle/StylizedForestLandscape/Meshes/SM_Poplar_Tree_2.uasset" 3086
"E:/Projects/EcoBots/Content/Assets/Orasot_Bundle/StylizedForestLandscape/Meshes/SM_Poplar_Tree.uasset" 3087
"E:/Projects/EcoBots/Content/Assets/Orasot_Bundle/StylizedForestLandscape/Meshes/SM_Pink_Flower.uasset" 3088
"E:/Projects/EcoBots/Content/Assets/Orasot_Bundle/StylizedForestLandscape/Meshes/SM_Rock_Cliff_2_smooth.uasset" 3089
"E:/Projects/EcoBots/Content/Assets/Orasot_Bundle/StylizedForestLandscape/Meshes/SM_Pine_2.uasset" 3090
"E:/Projects/EcoBots/Content/Assets/Orasot_Bundle/StylizedForestLandscape/Meshes/SM_Pine.uasset" 3091
"E:/Projects/EcoBots/Content/Assets/Orasot_Bundle/StylizedForestLandscape/Meshes/SM_Oak_Tree_Accent.uasset" 3092
"E:/Projects/EcoBots/Content/Assets/Orasot_Bundle/StylizedForestLandscape/Meshes/SM_Oak_Tree.uasset" 3093
"E:/Projects/EcoBots/Content/Assets/Orasot_Bundle/StylizedForestLandscape/Meshes/SM_Oak_Stump_2.uasset" 3094
"E:/Projects/EcoBots/Content/Assets/Orasot_Bundle/StylizedForestLandscape/Meshes/SM_Oak_Tree_2.uasset" 3095
"E:/Projects/EcoBots/Content/Assets/Orasot_Bundle/StylizedForestLandscape/Meshes/SM_Mushroom_2.uasset" 3096
"E:/Projects/EcoBots/Content/Assets/Orasot_Bundle/StylizedForestLandscape/Meshes/SM_Mushroom.uasset" 3097
"E:/Projects/EcoBots/Content/Assets/Orasot_Bundle/StylizedForestLandscape/Meshes/SM_MileStone.uasset" 3098
"E:/Projects/EcoBots/Content/Assets/Orasot_Bundle/StylizedForestLandscape/Meshes/SM_Log_Birch_2.uasset" 3099
"E:/Projects/EcoBots/Content/Assets/Orasot_Bundle/StylizedForestLandscape/Meshes/SM_Log_2.uasset" 3100
"E:/Projects/EcoBots/Content/Assets/Orasot_Bundle/StylizedForestLandscape/Meshes/SM_Log.uasset" 3101
"E:/Projects/EcoBots/Content/Assets/Orasot_Bundle/StylizedForestLandscape/Meshes/SM_Ivy_2.uasset" 3102
"E:/Projects/EcoBots/Content/Assets/Orasot_Bundle/StylizedForestLandscape/Meshes/SM_Grass.uasset" 3103
"E:/Projects/EcoBots/Content/Assets/Orasot_Bundle/StylizedForestLandscape/Meshes/SM_Ivy.uasset" 3104
"E:/Projects/EcoBots/Content/Assets/Orasot_Bundle/StylizedForestLandscape/Meshes/SM_Flower_2.uasset" 3105
"E:/Projects/EcoBots/Content/Assets/Orasot_Bundle/StylizedForestLandscape/Meshes/SM_Flower.uasset" 3106
"E:/Projects/EcoBots/Content/Assets/Orasot_Bundle/StylizedForestLandscape/Meshes/SM_Fern_2.uasset" 3107
"E:/Projects/EcoBots/Content/Assets/Orasot_Bundle/StylizedForestLandscape/Meshes/SM_Fence_Full.uasset" 3108
"E:/Projects/EcoBots/Content/Assets/Orasot_Bundle/StylizedForestLandscape/Meshes/SM_Damdelion.uasset" 3109
"E:/Projects/EcoBots/Content/Assets/Orasot_Bundle/StylizedForestLandscape/Meshes/SM_Fence.uasset" 3110
"E:/Projects/EcoBots/Content/Assets/Orasot_Bundle/StylizedForestLandscape/Meshes/SM_Bush_2.uasset" 3111
"E:/Projects/EcoBots/Content/Assets/Orasot_Bundle/StylizedForestLandscape/Meshes/SM_Bush.uasset" 3112
"E:/Projects/EcoBots/Content/Assets/Orasot_Bundle/StylizedForestLandscape/Meshes/SM_Birch_Tree_2.uasset" 3113
"E:/Projects/EcoBots/Content/Assets/Orasot_Bundle/StylizedForestLandscape/Meshes/SM_Fern.uasset" 3114
"E:/Projects/EcoBots/Content/Assets/Orasot_Bundle/StylizedForestLandscape/Meshes/SM_Birch_Tree.uasset" 3115
"E:/Projects/EcoBots/Content/Assets/Orasot_Bundle/StylizedForestLandscape/Meshes/SM_Birch_Stump.uasset" 3116
"E:/Projects/EcoBots/Content/Assets/Orasot_Bundle/StylizedForestLandscape/Meshes/SM_Big_Rock_3.uasset" 3117
"E:/Projects/EcoBots/Content/Assets/Orasot_Bundle/StylizedForestLandscape/Meshes/SM_Big_Rock_2.uasset" 3118
"E:/Projects/EcoBots/Content/Assets/Orasot_Bundle/StylizedForestLandscape/Meshes/SM_Big_Rock_1.uasset" 3119
"E:/Projects/EcoBots/Content/Assets/Orasot_Bundle/StylizedForestLandscape/Material_Instances/MI_Wheat.uasset" 3120
"E:/Projects/EcoBots/Content/Assets/Orasot_Bundle/StylizedForestLandscape/Material_Instances/MI_Twig_4.uasset" 3121
"E:/Projects/EcoBots/Content/Assets/Orasot_Bundle/StylizedForestLandscape/Material_Instances/MI_Twig_3.uasset" 3122
"E:/Projects/EcoBots/Content/Assets/Orasot_Bundle/StylizedForestLandscape/Material_Instances/MI_Twig_2.uasset" 3123
"E:/Projects/EcoBots/Content/Assets/Orasot_Bundle/StylizedForestLandscape/Material_Instances/MI_Twig.uasset" 3124
"E:/Projects/EcoBots/Content/Assets/Orasot_Bundle/StylizedForestLandscape/Material_Instances/MI_Stone_7.uasset" 3125
"E:/Projects/EcoBots/Content/Assets/Orasot_Bundle/StylizedForestLandscape/Material_Instances/MI_Rock_Slap.uasset" 3126
"E:/Projects/EcoBots/Content/Assets/Orasot_Bundle/StylizedForestLandscape/Material_Instances/MI_Rock_Scatter.uasset" 3127
"E:/Projects/EcoBots/Content/Assets/Orasot_Bundle/StylizedForestLandscape/Material_Instances/MI_Rock.uasset" 3128
"E:/Projects/EcoBots/Content/Assets/Orasot_Bundle/StylizedForestLandscape/Material_Instances/MI_Red_Flower.uasset" 3129
"E:/Projects/EcoBots/Content/Assets/Orasot_Bundle/StylizedForestLandscape/Material_Instances/MI_Poplar_Leaf_2.uasset" 3130
"E:/Projects/EcoBots/Content/Assets/Orasot_Bundle/StylizedForestLandscape/Material_Instances/MI_Pine_Stump.uasset" 3131
"E:/Projects/EcoBots/Content/Assets/Orasot_Bundle/StylizedForestLandscape/Material_Instances/MI_PIne_Leaf.uasset" 3132
"E:/Projects/EcoBots/Content/Assets/Orasot_Bundle/StylizedForestLandscape/Material_Instances/MI_Pine_Bark.uasset" 3133
"E:/Projects/EcoBots/Content/Assets/Orasot_Bundle/StylizedForestLandscape/Material_Instances/MI_Oak_Stump.uasset" 3134
"E:/Projects/EcoBots/Content/Assets/Orasot_Bundle/StylizedForestLandscape/Material_Instances/MI_Oak_Red_Bark.uasset" 3135
"E:/Projects/EcoBots/Content/Assets/Orasot_Bundle/StylizedForestLandscape/Material_Instances/MI_Rock_Scatter_2.uasset" 3136
"E:/Projects/EcoBots/Content/Assets/Orasot_Bundle/StylizedForestLandscape/Material_Instances/MI_Rock_Slap_2.uasset" 3137
"E:/Projects/EcoBots/Content/Assets/Orasot_Bundle/StylizedForestLandscape/Material_Instances/MI_Oak_Log.uasset" 3138
"E:/Projects/EcoBots/Content/Assets/Orasot_Bundle/StylizedForestLandscape/Material_Instances/MI_Oak_Bark.uasset" 3139
"E:/Projects/EcoBots/Content/Assets/Orasot_Bundle/StylizedForestLandscape/Material_Instances/MI_Oak_Log_2.uasset" 3140
"E:/Projects/EcoBots/Content/Assets/Orasot_Bundle/StylizedForestLandscape/Material_Instances/MI_Mushroom_2.uasset" 3141
"E:/Projects/EcoBots/Content/Assets/Orasot_Bundle/StylizedForestLandscape/Material_Instances/MI_Mushroom.uasset" 3142
"E:/Projects/EcoBots/Content/Assets/Orasot_Bundle/StylizedForestLandscape/Material_Instances/MI_MileStone.uasset" 3143
"E:/Projects/EcoBots/Content/Assets/Orasot_Bundle/StylizedForestLandscape/Material_Instances/MI_Main_Stone_3.uasset" 3144
"E:/Projects/EcoBots/Content/Assets/Orasot_Bundle/StylizedForestLandscape/Material_Instances/MI_Main_Stone_2.uasset" 3145
"E:/Projects/EcoBots/Content/Assets/Orasot_Bundle/StylizedForestLandscape/Material_Instances/MI_Leaf_Red.uasset" 3146
"E:/Projects/EcoBots/Content/Assets/Orasot_Bundle/StylizedForestLandscape/Material_Instances/MI_Leaf.uasset" 3147
"E:/Projects/EcoBots/Content/Assets/Orasot_Bundle/StylizedForestLandscape/Material_Instances/MI_Landscape.uasset" 3148
"E:/Projects/EcoBots/Content/Assets/Orasot_Bundle/StylizedForestLandscape/Material_Instances/MI_Ivy.uasset" 3149
"E:/Projects/EcoBots/Content/Assets/Orasot_Bundle/StylizedForestLandscape/Material_Instances/MI_Grass.uasset" 3150
"E:/Projects/EcoBots/Content/Assets/Orasot_Bundle/StylizedForestLandscape/Material_Instances/MI_Foliage_Fern_2.uasset" 3151
"E:/Projects/EcoBots/Content/Assets/Orasot_Bundle/StylizedForestLandscape/Material_Instances/MI_Oak_Leaf.uasset" 3152
"E:/Projects/EcoBots/Content/Assets/Orasot_Bundle/StylizedForestLandscape/Material_Instances/Mi_Flower_2.uasset" 3153
"E:/Projects/EcoBots/Content/Assets/Orasot_Bundle/StylizedForestLandscape/Material_Instances/MI_Flower.uasset" 3154
"E:/Projects/EcoBots/Content/Assets/Orasot_Bundle/StylizedForestLandscape/Material_Instances/MI_Fence.uasset" 3155
"E:/Projects/EcoBots/Content/Assets/Orasot_Bundle/StylizedForestLandscape/Material_Instances/MI_Dandelion.uasset" 3156
"E:/Projects/EcoBots/Content/Assets/Orasot_Bundle/StylizedForestLandscape/Material_Instances/MI_Cloud.uasset" 3157
"E:/Projects/EcoBots/Content/Assets/Orasot_Bundle/StylizedForestLandscape/Material_Instances/MI_Cliff_Rock_5.uasset" 3158
"E:/Projects/EcoBots/Content/Assets/Orasot_Bundle/StylizedForestLandscape/Material_Instances/MI_Cliff_Rock_4.uasset" 3159
"E:/Projects/EcoBots/Content/Assets/Orasot_Bundle/StylizedForestLandscape/Material_Instances/MI_Cliff_Rock_3.uasset" 3160
"E:/Projects/EcoBots/Content/Assets/Orasot_Bundle/StylizedForestLandscape/Material_Instances/MI_Cliff_Rock_2.uasset" 3161
"E:/Projects/EcoBots/Content/Assets/Orasot_Bundle/StylizedForestLandscape/Material_Instances/MI_Cliff_Rock.uasset" 3162
"E:/Projects/EcoBots/Content/Assets/Orasot_Bundle/StylizedForestLandscape/Material_Instances/MI_Birch_Stump.uasset" 3163
"E:/Projects/EcoBots/Content/Assets/Orasot_Bundle/StylizedForestLandscape/Material_Instances/MI_Birch_Log.uasset" 3164
"E:/Projects/EcoBots/Content/Assets/Orasot_Bundle/StylizedForestLandscape/Material_Instances/MI_Birch.uasset" 3165
"E:/Projects/EcoBots/Content/Assets/Orasot_Bundle/StylizedForestLandscape/Material_Instances/MI_Big_Rock_3.uasset" 3166
"E:/Projects/EcoBots/Content/Assets/Orasot_Bundle/StylizedForestLandscape/Material_Instances/MI_Foliage_Fern.uasset" 3167
"E:/Projects/EcoBots/Content/Assets/Orasot_Bundle/StylizedForestLandscape/Material_Instances/MI_Big_Rock_1.uasset" 3168
"E:/Projects/EcoBots/Content/Assets/Orasot_Bundle/StylizedForestLandscape/Material_Instances/MI_Big_Rock_2.uasset" 3169
"E:/Projects/EcoBots/Content/Assets/Orasot_Bundle/StylizedForestLandscape/Material_Functions/MPC_Wind_Settings.uasset" 3170
"E:/Projects/EcoBots/Content/Assets/Orasot_Bundle/StylizedForestLandscape/Material_Functions/MF_Paint_Noise.uasset" 3171
"E:/Projects/EcoBots/Content/Assets/Orasot_Bundle/StylizedForestLandscape/Material_Functions/MF_Noise_Heightmap_Normal.uasset" 3172
"E:/Projects/EcoBots/Content/Assets/Orasot_Bundle/StylizedForestLandscape/Material_Functions/MF_Linear_Gradient.uasset" 3173
"E:/Projects/EcoBots/Content/Assets/Orasot_Bundle/StylizedForestLandscape/Material_Functions/MF_Global_Wind.uasset" 3174
"E:/Projects/EcoBots/Content/Assets/Orasot_Bundle/StylizedForestLandscape/Materials/M_Master_Material_Prop.uasset" 3175
"E:/Projects/EcoBots/Content/Assets/Orasot_Bundle/StylizedForestLandscape/Materials/M_Master_Wood_Branch.uasset" 3176
"E:/Projects/EcoBots/Content/Assets/Orasot_Bundle/StylizedForestLandscape/Materials/M_Master_Grass.uasset" 3177
"E:/Projects/EcoBots/Content/Assets/Orasot_Bundle/StylizedForestLandscape/Materials/M_Leaf_Master.uasset" 3178
"E:/Projects/EcoBots/Content/Assets/Orasot_Bundle/StylizedForestLandscape/Materials/M_Landscape.uasset" 3179
"E:/Projects/EcoBots/Content/Assets/Orasot_Bundle/StylizedForestLandscape/Material_Functions/MF_SlopeBlend.uasset" 3180
"E:/Projects/EcoBots/Content/Assets/Orasot_Bundle/StylizedForestLandscape/Materials/M_Foliage_Flower_Master.uasset" 3181
"E:/Projects/EcoBots/Content/Assets/Orasot_Bundle/StylizedForestLandscape/Materials/M_Decal.uasset" 3182
"E:/Projects/EcoBots/Content/Assets/Orasot_Bundle/StylizedForestLandscape/Materials/M_Cloud.uasset" 3183
"E:/Projects/EcoBots/Content/Assets/Orasot_Bundle/StylizedForestLandscape/Foliage/Procedual/Rocks_FPS.uasset" 3184
"E:/Projects/EcoBots/Content/Assets/Orasot_Bundle/StylizedForestLandscape/Foliage/Procedual/Pine_Tree_PFS1.uasset" 3185
"E:/Projects/EcoBots/Content/Assets/Orasot_Bundle/StylizedForestLandscape/Materials/M_Bark_Master.uasset" 3186
"E:/Projects/EcoBots/Content/Assets/Orasot_Bundle/StylizedForestLandscape/Foliage/Procedual/Oak_Tree_PFS_2.uasset" 3187
"E:/Projects/EcoBots/Content/Assets/Orasot_Bundle/StylizedForestLandscape/Foliage/Procedual/FT_Rock_1.uasset" 3188
"E:/Projects/EcoBots/Content/Assets/Orasot_Bundle/StylizedForestLandscape/Foliage/Procedual/FT_Rock_5.uasset" 3189
"E:/Projects/EcoBots/Content/Assets/Orasot_Bundle/StylizedForestLandscape/Foliage/Procedual/FT_Rock_2.uasset" 3190
"E:/Projects/EcoBots/Content/Assets/Orasot_Bundle/StylizedForestLandscape/Foliage/Procedual/FT_poplar_tree.uasset" 3191
"E:/Projects/EcoBots/Content/Assets/Orasot_Bundle/StylizedForestLandscape/Foliage/Procedual/FT_Pine_2.uasset" 3192
"E:/Projects/EcoBots/Content/Assets/Orasot_Bundle/StylizedForestLandscape/Foliage/Procedual/FT_Pine_1.uasset" 3193
"E:/Projects/EcoBots/Content/Assets/Orasot_Bundle/StylizedForestLandscape/Foliage/Procedual/FT_Oak.uasset" 3194
"E:/Projects/EcoBots/Content/Assets/Orasot_Bundle/StylizedForestLandscape/Foliage/Procedual/FT_FlowerField_4.uasset" 3195
"E:/Projects/EcoBots/Content/Assets/Orasot_Bundle/StylizedForestLandscape/Foliage/Procedual/FT_FlowerField_3.uasset" 3196
"E:/Projects/EcoBots/Content/Assets/Orasot_Bundle/StylizedForestLandscape/Foliage/Procedual/FT_FlowerField_2.uasset" 3197
"E:/Projects/EcoBots/Content/Assets/Orasot_Bundle/StylizedForestLandscape/Foliage/Procedual/FT_Fern.uasset" 3198
"E:/Projects/EcoBots/Content/Assets/Orasot_Bundle/StylizedForestLandscape/Foliage/Procedual/FT_FlowerField.uasset" 3199
"E:/Projects/EcoBots/Content/Assets/Orasot_Bundle/StylizedForestLandscape/Foliage/Procedual/FT_Birch_Tree.uasset" 3200
"E:/Projects/EcoBots/Content/Assets/Orasot_Bundle/StylizedForestLandscape/Foliage/Procedual/FT_Birch_Bush.uasset" 3201
"E:/Projects/EcoBots/Content/Assets/Orasot_Bundle/StylizedForestLandscape/Foliage/Procedual/FT_Birch_Bush_2.uasset" 3202
"E:/Projects/EcoBots/Content/Assets/Orasot_Bundle/StylizedForestLandscape/Foliage/Procedual/Flower_PFS_3.uasset" 3203
"E:/Projects/EcoBots/Content/Assets/Orasot_Bundle/StylizedForestLandscape/Foliage/Procedual/Fern_PFS.uasset" 3204
"E:/Projects/EcoBots/Content/Assets/Orasot_Bundle/StylizedForestLandscape/Foliage/Procedual/Birch_With_Oak_Tree_PFS.uasset" 3205
"E:/Projects/EcoBots/Content/Assets/Orasot_Bundle/StylizedForestLandscape/Foliage/Procedual/Birch_Bush_PFS.uasset" 3206
"E:/Projects/EcoBots/Content/Assets/Orasot_Bundle/StylizedForestLandscape/Foliage/LanscapeGrassType/LGT_Sand_Rocket.uasset" 3207
"E:/Projects/EcoBots/Content/Assets/Orasot_Bundle/StylizedForestLandscape/Foliage/LanscapeGrassType/LGT_Grass.uasset" 3208
"E:/Projects/EcoBots/Content/Assets/Orasot_Bundle/Maps/M_StylizedForestLandscape_Showcase_sharedassets/Sand_LayerInfo.uasset" 3209
"E:/Projects/EcoBots/Content/Assets/Orasot_Bundle/Maps/M_StylizedForestLandscape_Showcase_sharedassets/Grass_LayerInfo.uasset" 3210
"E:/Projects/EcoBots/Content/Assets/Orasot_Bundle/Maps/M_StylizedForestLandscape_Showcase_sharedassets/BaseGreenColor_LayerInfo.uasset" 3211
"E:/Projects/EcoBots/Content/Assets/Orasot_Bundle/StylizedForestLandscape/Foliage/Procedual/FT_Birch_Tree_2.uasset" 3212
"E:/Projects/EcoBots/Content/Assets/Orasot_Bundle/Maps/M_StylizedForestLandscape_Overview_sharedassets/Sand_LayerInfo.uasset" 3213
"E:/Projects/EcoBots/Content/Assets/Orasot_Bundle/Maps/M_LowPoly2_Showcase_sharedassets/RemoveFoliage_LayerInfo.uasset" 3214
"E:/Projects/EcoBots/Content/Assets/Orasot_Bundle/Maps/M_StylizedForestLandscape_Overview_sharedassets/GrassNoFoliage_LayerInfo.uasset" 3215
"E:/Projects/EcoBots/Content/Assets/Orasot_Bundle/Maps/M_StylizedForestLandscape_Overview_sharedassets/BaseGreenColor_LayerInfo.uasset" 3216
"E:/Projects/EcoBots/Content/Assets/Orasot_Bundle/Maps/M_Global_Overview_sharedassets/RemoveFoliage_LayerInfo.uasset" 3217
"E:/Projects/EcoBots/Content/Assets/Orasot_Bundle/Maps/M_Global_Overview_sharedassets/Grass_LayerInfo.uasset" 3218
"E:/Projects/EcoBots/Content/Assets/Orasot_Bundle/Maps/M_Global_Overview_sharedassets/Grass_Biom_4_LayerInfo.uasset" 3219
"E:/Projects/EcoBots/Content/Assets/Orasot_Bundle/Maps/M_Global_Overview_sharedassets/Grass_Biom_3_LayerInfo.uasset" 3220
"E:/Projects/EcoBots/Content/Assets/Orasot_Bundle/Maps/M_Global_Overview_sharedassets/Grass_Biom_2_LayerInfo.uasset" 3221
"E:/Projects/EcoBots/Content/Assets/Orasot_Bundle/Maps/M_Global_Overview_sharedassets/4_LayerInfo.uasset" 3222
"E:/Projects/EcoBots/Content/Assets/Orasot_Bundle/Maps/M_Global_Overview_sharedassets/DesertSand_LayerInfo.uasset" 3223
"E:/Projects/EcoBots/Content/Assets/Orasot_Bundle/Maps/M_Global_Overview_sharedassets/2_LayerInfo.uasset" 3224
"E:/Projects/EcoBots/Content/Assets/Orasot_Bundle/Maps/M_Global_Overview_sharedassets/3_LayerInfo.uasset" 3225
"E:/Projects/EcoBots/Content/Assets/Orasot_Bundle/Maps/M_Global_Overview_sharedassets/1_LayerInfo.uasset" 3226
"E:/Projects/EcoBots/Content/Assets/Orasot_Bundle/Maps/LowPoly2_Showcase_sharedassets/4_LayerInfo.uasset" 3227
"E:/Projects/EcoBots/Content/Assets/Orasot_Bundle/Maps/LowPoly2_Showcase_sharedassets/3_LayerInfo.uasset" 3228
"E:/Projects/EcoBots/Content/Assets/Orasot_Bundle/Maps/LowPoly2_Showcase_sharedassets/2_LayerInfo.uasset" 3229
"E:/Projects/EcoBots/Content/Assets/Orasot_Bundle/Maps/LowPoly2_Showcase_sharedassets/1_LayerInfo.uasset" 3230
"E:/Projects/EcoBots/Content/Assets/Orasot_Bundle/Maps/Heightmaps/T_M_StylizedForestLandscape_Showcase.uasset" 3231
"E:/Projects/EcoBots/Content/Assets/Orasot_Bundle/Maps/Heightmaps/T_M_Lowpoly2_Showcase.uasset" 3232
"E:/Projects/EcoBots/Content/Assets/Orasot_Bundle/Maps/Heightmaps/T_M_5_Bioms_Showcase.uasset" 3233
"E:/Projects/EcoBots/Content/Assets/Orasot_Bundle/Maps/5_Bioms_ShaderAssets/Stone_LayerInfo.uasset" 3234
"E:/Projects/EcoBots/Content/Assets/Orasot_Bundle/Maps/5_Bioms_ShaderAssets/Gravel_LayerInfo.uasset" 3235
"E:/Projects/EcoBots/Content/Assets/Orasot_Bundle/Maps/5_Bioms_ShaderAssets/Grass_LayerInfo.uasset" 3236
"E:/Projects/EcoBots/Content/Assets/Orasot_Bundle/Maps/5_Bioms_ShaderAssets/Grass_Biom_4_LayerInfo.uasset" 3237
"E:/Projects/EcoBots/Content/Assets/Orasot_Bundle/Maps/5_Bioms_ShaderAssets/Grass_Biom_3_LayerInfo.uasset" 3238
"E:/Projects/EcoBots/Content/Assets/Orasot_Bundle/Maps/5_Bioms_ShaderAssets/Grass_Biom_2_LayerInfo.uasset" 3239
"E:/Projects/EcoBots/Content/Assets/Orasot_Bundle/Maps/5_Bioms_ShaderAssets/DesertSand_LayerInfo.uasset" 3240
"E:/Projects/EcoBots/Content/Assets/Orasot_Bundle/Maps/5_Bioms_ShaderAssets/Biom_Grass_5_LayerInfo.uasset" 3241
"E:/Projects/EcoBots/Content/Assets/Orasot_Bundle/Maps/5_Bioms_ShaderAssets/RemoveFoliage_LayerInfo.uasset" 3242
"E:/Projects/EcoBots/Content/Assets/Orasot_Bundle/LowPolyForestVol2/Textures/T_Uvmap.uasset" 3243
"E:/Projects/EcoBots/Content/Assets/Orasot_Bundle/Maps/5_Bioms_ShaderAssets/Biom_4_Gravel_LayerInfo.uasset" 3244
"E:/Projects/EcoBots/Content/Assets/Orasot_Bundle/LowPolyForestVol2/Textures/T_Height_Gravel.uasset" 3245
"E:/Projects/EcoBots/Content/Assets/Orasot_Bundle/LowPolyForestVol2/Textures/T_Grass.uasset" 3246
"E:/Projects/EcoBots/Content/Assets/Orasot_Bundle/LowPolyForestVol2/Textures/T_Dirt_basecolor.uasset" 3247
"E:/Projects/EcoBots/Content/Assets/Orasot_Bundle/LowPolyForestVol2/Textures/T_Cloud_stains.uasset" 3248
"E:/Projects/EcoBots/Content/Assets/Orasot_Bundle/LowPolyForestVol2/StaticMeshes/Environment/SM_Env_treestump_8.uasset" 3249
"E:/Projects/EcoBots/Content/Assets/Orasot_Bundle/LowPolyForestVol2/StaticMeshes/Environment/SM_Env_treestump_7.uasset" 3250
"E:/Projects/EcoBots/Content/Assets/Orasot_Bundle/LowPolyForestVol2/StaticMeshes/Environment/SM_Env_treestump_6.uasset" 3251
"E:/Projects/EcoBots/Content/Assets/Orasot_Bundle/LowPolyForestVol2/StaticMeshes/Environment/SM_Env_treestump_5.uasset" 3252
"../../../Engine/Content/EditorResources/S_Actor.uasset" 3253
"E:/Projects/EcoBots/Content/Assets/Orasot_Bundle/LowPolyForestVol2/StaticMeshes/Environment/SM_Env_treestump_4.uasset" 3254
"E:/Projects/EcoBots/Content/Assets/Orasot_Bundle/LowPolyForestVol2/StaticMeshes/Environment/SM_Env_treestump_3.uasset" 3255
"E:/Projects/EcoBots/Content/Assets/Orasot_Bundle/LowPolyForestVol2/StaticMeshes/Environment/SM_Env_treestump_2.uasset" 3256
"E:/Projects/EcoBots/Content/Assets/Orasot_Bundle/LowPolyForestVol2/StaticMeshes/Environment/SM_Env_treestump_1.uasset" 3257
"E:/Projects/EcoBots/Content/Assets/Orasot_Bundle/LowPolyForestVol2/StaticMeshes/Environment/SM_Env_sign_3.uasset" 3258
"E:/Projects/EcoBots/Content/Assets/Orasot_Bundle/LowPolyForestVol2/StaticMeshes/Environment/SM_Env_sign_2.uasset" 3259
"E:/Projects/EcoBots/Content/Assets/Orasot_Bundle/LowPolyForestVol2/StaticMeshes/Environment/SM_Env_scatter_rock_9.uasset" 3260
"E:/Projects/EcoBots/Content/Assets/Orasot_Bundle/LowPolyForestVol2/StaticMeshes/Environment/SM_Env_sign_1.uasset" 3261
"E:/Projects/EcoBots/Content/Assets/Orasot_Bundle/LowPolyForestVol2/StaticMeshes/Environment/SM_Env_scatter_rock_6.uasset" 3262
"E:/Projects/EcoBots/Content/Assets/Orasot_Bundle/LowPolyForestVol2/StaticMeshes/Environment/SM_Env_scatter_rock_8.uasset" 3263
"E:/Projects/EcoBots/Content/Assets/Orasot_Bundle/LowPolyForestVol2/StaticMeshes/Environment/SM_Env_scatter_rock_7.uasset" 3264
"E:/Projects/EcoBots/Content/Assets/Orasot_Bundle/LowPolyForestVol2/StaticMeshes/Environment/SM_Env_scatter_rock_5.uasset" 3265
"E:/Projects/EcoBots/Content/Assets/Orasot_Bundle/LowPolyForestVol2/StaticMeshes/Environment/SM_Env_scatter_rock_4.uasset" 3266
"E:/Projects/EcoBots/Content/Assets/Orasot_Bundle/LowPolyForestVol2/StaticMeshes/Environment/SM_Env_scatter_rock_3.uasset" 3267
"E:/Projects/EcoBots/Content/Assets/Orasot_Bundle/LowPolyForestVol2/StaticMeshes/Environment/SM_Env_scatter_rock_2.uasset" 3268
"E:/Projects/EcoBots/Content/Assets/Orasot_Bundle/LowPolyForestVol2/StaticMeshes/Environment/SM_Env_scatter_rock_18.uasset" 3269
"E:/Projects/EcoBots/Content/Assets/Orasot_Bundle/LowPolyForestVol2/StaticMeshes/Environment/SM_Env_scatter_rock_17.uasset" 3270
"E:/Projects/EcoBots/Content/Assets/Orasot_Bundle/LowPolyForestVol2/StaticMeshes/Environment/SM_Env_scatter_rock_16.uasset" 3271
"E:/Projects/EcoBots/Content/Assets/Orasot_Bundle/LowPolyForestVol2/StaticMeshes/Environment/SM_Env_scatter_rock_15.uasset" 3272
"E:/Projects/EcoBots/Content/Assets/Orasot_Bundle/LowPolyForestVol2/StaticMeshes/Environment/SM_Env_scatter_rock_14.uasset" 3273
"E:/Projects/EcoBots/Content/Assets/Orasot_Bundle/LowPolyForestVol2/StaticMeshes/Environment/SM_Env_scatter_rock_12.uasset" 3274
"E:/Projects/EcoBots/Content/Assets/Orasot_Bundle/LowPolyForestVol2/StaticMeshes/Environment/SM_Env_scatter_rock_11.uasset" 3275
"E:/Projects/EcoBots/Content/Assets/Orasot_Bundle/LowPolyForestVol2/StaticMeshes/Environment/SM_Env_scatter_rock_10.uasset" 3276
"E:/Projects/EcoBots/Content/Assets/Orasot_Bundle/LowPolyForestVol2/StaticMeshes/Environment/SM_Env_scatter_rock_1.uasset" 3277
"E:/Projects/EcoBots/Content/Assets/Orasot_Bundle/LowPolyForestVol2/StaticMeshes/Environment/SM_Env_rock_9.uasset" 3278
"E:/Projects/EcoBots/Content/Assets/Orasot_Bundle/LowPolyForestVol2/StaticMeshes/Environment/SM_Env_rock_8.uasset" 3279
"E:/Projects/EcoBots/Content/Assets/Orasot_Bundle/LowPolyForestVol2/StaticMeshes/Environment/SM_Env_rock_6.uasset" 3280
"E:/Projects/EcoBots/Content/Assets/Orasot_Bundle/LowPolyForestVol2/StaticMeshes/Environment/SM_Env_rock_5.uasset" 3281
"E:/Projects/EcoBots/Content/Assets/Orasot_Bundle/LowPolyForestVol2/StaticMeshes/Environment/SM_Env_rock_7.uasset" 3282
"E:/Projects/EcoBots/Content/Assets/Orasot_Bundle/LowPolyForestVol2/StaticMeshes/Environment/SM_Env_rock_4.uasset" 3283
"E:/Projects/EcoBots/Content/Assets/Orasot_Bundle/LowPolyForestVol2/StaticMeshes/Environment/SM_Env_rock_3.uasset" 3284
"E:/Projects/EcoBots/Content/Assets/Orasot_Bundle/LowPolyForestVol2/StaticMeshes/Environment/SM_Env_scatter_rock_13.uasset" 3285
"E:/Projects/EcoBots/Content/Assets/Orasot_Bundle/LowPolyForestVol2/StaticMeshes/Environment/SM_Env_rock_10.uasset" 3286
"E:/Projects/EcoBots/Content/Assets/Orasot_Bundle/LowPolyForestVol2/StaticMeshes/Environment/SM_Env_rock_11.uasset" 3287
"E:/Projects/EcoBots/Content/Assets/Orasot_Bundle/LowPolyForestVol2/StaticMeshes/Environment/SM_Env_rock_2.uasset" 3288
"C:/Users/emanu/AppData/Local/UnrealEngine/Common/DerivedDataCache/Buckets/BulkDataList/28/3e/659c70d096b871e39de62beaf4df01f8a665.udd" 3289
"E:/Projects/EcoBots/Content/Assets/Orasot_Bundle/LowPolyForestVol2/StaticMeshes/Environment/SM_Env_rock_1.uasset" 3290
"E:/Projects/EcoBots/Content/Assets/Orasot_Bundle/LowPolyForestVol2/StaticMeshes/Environment/SM_Env_plant_5.uasset" 3291
"E:/Projects/EcoBots/Content/Assets/Orasot_Bundle/LowPolyForestVol2/StaticMeshes/Environment/SM_Env_plant_4.uasset" 3292
"E:/Projects/EcoBots/Content/Assets/Orasot_Bundle/LowPolyForestVol2/StaticMeshes/Environment/SM_Env_plant_3.uasset" 3293
"E:/Projects/EcoBots/Content/Assets/Orasot_Bundle/LowPolyForestVol2/StaticMeshes/Environment/SM_Env_plant_2.uasset" 3294
"E:/Projects/EcoBots/Content/Assets/Orasot_Bundle/LowPolyForestVol2/StaticMeshes/Environment/SM_Env_plant_1.uasset" 3295
"E:/Projects/EcoBots/Content/Assets/Orasot_Bundle/LowPolyForestVol2/StaticMeshes/Environment/SM_Env_Pine_Tree_3.uasset" 3296
"E:/Projects/EcoBots/Content/Assets/Orasot_Bundle/LowPolyForestVol2/StaticMeshes/Environment/SM_Env_Pine_Tree_2.uasset" 3297
"E:/Projects/EcoBots/Content/Assets/Orasot_Bundle/LowPolyForestVol2/StaticMeshes/Environment/SM_Env_Pine_Tree_1.uasset" 3298
"E:/Projects/EcoBots/Content/Assets/Orasot_Bundle/LowPolyForestVol2/StaticMeshes/Environment/SM_Env_mushroom_collection_1.uasset" 3299
"E:/Projects/EcoBots/Content/Assets/Orasot_Bundle/LowPolyForestVol2/StaticMeshes/Environment/SM_Env_plant_6.uasset" 3300
"E:/Projects/EcoBots/Content/Assets/Orasot_Bundle/LowPolyForestVol2/StaticMeshes/Environment/SM_Env_mushroom_8.uasset" 3301
"E:/Projects/EcoBots/Content/Assets/Orasot_Bundle/LowPolyForestVol2/StaticMeshes/Environment/SM_Env_mushroom_6.uasset" 3302
"E:/Projects/EcoBots/Content/Assets/Orasot_Bundle/LowPolyForestVol2/StaticMeshes/Environment/SM_Env_mushroom_7.uasset" 3303
"E:/Projects/EcoBots/Content/Assets/Orasot_Bundle/LowPolyForestVol2/StaticMeshes/Environment/SM_Env_mushroom_9.uasset" 3304
"E:/Projects/EcoBots/Content/Assets/Orasot_Bundle/LowPolyForestVol2/StaticMeshes/Environment/SM_Env_mushroom_5.uasset" 3305
"E:/Projects/EcoBots/Content/Assets/Orasot_Bundle/LowPolyForestVol2/StaticMeshes/Environment/SM_Env_mushroom_4.uasset" 3306
"E:/Projects/EcoBots/Content/Assets/Orasot_Bundle/LowPolyForestVol2/StaticMeshes/Environment/SM_Env_mushroom_3.uasset" 3307
"E:/Projects/EcoBots/Content/Assets/Orasot_Bundle/LowPolyForestVol2/StaticMeshes/Environment/SM_Env_mushroom_2.uasset" 3308
"E:/Projects/EcoBots/Content/Assets/Orasot_Bundle/LowPolyForestVol2/StaticMeshes/Environment/SM_Env_mushroom_17.uasset" 3309
"E:/Projects/EcoBots/Content/Assets/Orasot_Bundle/LowPolyForestVol2/StaticMeshes/Environment/SM_Env_mushroom_19.uasset" 3310
"E:/Projects/EcoBots/Content/Assets/Orasot_Bundle/LowPolyForestVol2/StaticMeshes/Environment/SM_Env_mushroom_16.uasset" 3311
"E:/Projects/EcoBots/Content/Assets/Orasot_Bundle/LowPolyForestVol2/StaticMeshes/Environment/SM_Env_mushroom_15.uasset" 3312
"E:/Projects/EcoBots/Content/Assets/Orasot_Bundle/LowPolyForestVol2/StaticMeshes/Environment/SM_Env_mushroom_13.uasset" 3313
"E:/Projects/EcoBots/Content/Assets/Orasot_Bundle/LowPolyForestVol2/StaticMeshes/Environment/SM_Env_mushroom_14.uasset" 3314
"E:/Projects/EcoBots/Content/Assets/Orasot_Bundle/LowPolyForestVol2/StaticMeshes/Environment/SM_Env_mushroom_18.uasset" 3315
"E:/Projects/EcoBots/Content/Assets/Orasot_Bundle/LowPolyForestVol2/StaticMeshes/Environment/SM_Env_mushroom_12.uasset" 3316
"E:/Projects/EcoBots/Content/Assets/Orasot_Bundle/LowPolyForestVol2/StaticMeshes/Environment/SM_Env_mushroom_10.uasset" 3317
"E:/Projects/EcoBots/Content/Assets/Orasot_Bundle/LowPolyForestVol2/StaticMeshes/Environment/SM_Env_mushroom_1.uasset" 3318
"E:/Projects/EcoBots/Content/Assets/Orasot_Bundle/LowPolyForestVol2/StaticMeshes/Environment/SM_Env_Grass_small.uasset" 3319
"E:/Projects/EcoBots/Content/Assets/Orasot_Bundle/LowPolyForestVol2/StaticMeshes/Environment/SM_Env_fallen_tree.uasset" 3320
"E:/Projects/EcoBots/Content/Assets/Orasot_Bundle/LowPolyForestVol2/StaticMeshes/Environment/SM_Env_mushroom_11.uasset" 3321
"E:/Projects/EcoBots/Content/Assets/Orasot_Bundle/LowPolyForestVol2/StaticMeshes/Environment/SM_Env_fallen_branch_type2_4.uasset" 3322
"E:/Projects/EcoBots/Content/Assets/Orasot_Bundle/LowPolyForestVol2/StaticMeshes/Environment/SM_Env_fallen_branch_type2_2.uasset" 3323
"E:/Projects/EcoBots/Content/Assets/Orasot_Bundle/LowPolyForestVol2/StaticMeshes/Environment/SM_Env_fallen_branch_type2_3.uasset" 3324
"E:/Projects/EcoBots/Content/Assets/Orasot_Bundle/LowPolyForestVol2/StaticMeshes/Environment/SM_Env_fallen_branch_9.uasset" 3325
"E:/Projects/EcoBots/Content/Assets/Orasot_Bundle/LowPolyForestVol2/StaticMeshes/Environment/SM_Env_fallen_branch_type2_1.uasset" 3326
"E:/Projects/EcoBots/Content/Assets/Orasot_Bundle/LowPolyForestVol2/StaticMeshes/Environment/SM_Env_fallen_branch_8.uasset" 3327
"E:/Projects/EcoBots/Content/Assets/Orasot_Bundle/LowPolyForestVol2/StaticMeshes/Environment/SM_Env_fallen_branch_6.uasset" 3328
"E:/Projects/EcoBots/Content/Assets/Orasot_Bundle/LowPolyForestVol2/StaticMeshes/Environment/SM_Env_fallen_branch_7.uasset" 3329
"E:/Projects/EcoBots/Content/Assets/Orasot_Bundle/LowPolyForestVol2/StaticMeshes/Environment/SM_Env_fallen_branch_5.uasset" 3330
"E:/Projects/EcoBots/Content/Assets/Orasot_Bundle/LowPolyForestVol2/StaticMeshes/Environment/SM_Env_fallen_branch_4.uasset" 3331
"E:/Projects/EcoBots/Content/Assets/Orasot_Bundle/LowPolyForestVol2/StaticMeshes/Environment/SM_Env_fallen_branch_2.uasset" 3332
"E:/Projects/EcoBots/Content/Assets/Orasot_Bundle/LowPolyForestVol2/StaticMeshes/Environment/SM_Env_fallen_branch_13.uasset" 3333
"E:/Projects/EcoBots/Content/Assets/Orasot_Bundle/LowPolyForestVol2/StaticMeshes/Environment/SM_Env_fallen_branch_12.uasset" 3334
"E:/Projects/EcoBots/Content/Assets/Orasot_Bundle/LowPolyForestVol2/StaticMeshes/Environment/SM_Env_fallen_branch_3.uasset" 3335
"E:/Projects/EcoBots/Content/Assets/Orasot_Bundle/LowPolyForestVol2/StaticMeshes/Environment/SM_Env_fallen_branch_11.uasset" 3336
"E:/Projects/EcoBots/Content/Assets/Orasot_Bundle/LowPolyForestVol2/StaticMeshes/Environment/SM_Env_fallen_branch_1.uasset" 3337
"E:/Projects/EcoBots/Content/Assets/Orasot_Bundle/LowPolyForestVol2/StaticMeshes/Environment/SM_Env_fallen_branch_10.uasset" 3338
"E:/Projects/EcoBots/Content/Assets/Orasot_Bundle/LowPolyForestVol2/StaticMeshes/Environment/SM_Env_death_tree_small_4.uasset" 3339
"E:/Projects/EcoBots/Content/Assets/Orasot_Bundle/LowPolyForestVol2/StaticMeshes/Environment/SM_Env_death_tree_small_3.uasset" 3340
"E:/Projects/EcoBots/Content/Assets/Orasot_Bundle/LowPolyForestVol2/StaticMeshes/Environment/SM_Env_death_tree_small_2.uasset" 3341
"E:/Projects/EcoBots/Content/Assets/Orasot_Bundle/LowPolyForestVol2/StaticMeshes/Environment/SM_Env_death_tree_5.uasset" 3342
"E:/Projects/EcoBots/Content/Assets/Orasot_Bundle/LowPolyForestVol2/StaticMeshes/Environment/SM_Env_death_tree_small_1.uasset" 3343
"E:/Projects/EcoBots/Content/Assets/Orasot_Bundle/LowPolyForestVol2/StaticMeshes/Environment/SM_Env_death_tree_4.uasset" 3344
"E:/Projects/EcoBots/Content/Assets/Orasot_Bundle/LowPolyForestVol2/StaticMeshes/Environment/SM_Env_death_tree_small_5.uasset" 3345
"E:/Projects/EcoBots/Content/Assets/Orasot_Bundle/LowPolyForestVol2/StaticMeshes/Environment/SM_Env_death_tree_3.uasset" 3346
"E:/Projects/EcoBots/Content/Assets/Orasot_Bundle/LowPolyForestVol2/StaticMeshes/Environment/SM_Env_death_tree_2.uasset" 3347
"E:/Projects/EcoBots/Content/Assets/Orasot_Bundle/LowPolyForestVol2/StaticMeshes/Environment/SM_Env_bush_berry_7.uasset" 3348
"E:/Projects/EcoBots/Content/Assets/Orasot_Bundle/LowPolyForestVol2/StaticMeshes/Environment/SM_Env_death_tree_1.uasset" 3349
"E:/Projects/EcoBots/Content/Assets/Orasot_Bundle/LowPolyForestVol2/StaticMeshes/Environment/SM_Env_bush_berry_6.uasset" 3350
"E:/Projects/EcoBots/Content/Assets/Orasot_Bundle/LowPolyForestVol2/StaticMeshes/Environment/SM_Env_bush_berry_5.uasset" 3351
"E:/Projects/EcoBots/Content/Assets/Orasot_Bundle/LowPolyForestVol2/StaticMeshes/Environment/SM_Env_bush_berry_4.uasset" 3352
"E:/Projects/EcoBots/Content/Assets/Orasot_Bundle/LowPolyForestVol2/StaticMeshes/Environment/SM_Env_bush_berry_3.uasset" 3353
"E:/Projects/EcoBots/Content/Assets/Orasot_Bundle/LowPolyForestVol2/StaticMeshes/Environment/SM_Env_bush_berry_2.uasset" 3354
"E:/Projects/EcoBots/Content/Assets/Orasot_Bundle/LowPolyForestVol2/StaticMeshes/Environment/SM_Env_bush_berry_1.uasset" 3355
"E:/Projects/EcoBots/Content/Assets/Orasot_Bundle/LowPolyForestVol2/StaticMeshes/Environment/SM_Env_bush_7.uasset" 3356
"E:/Projects/EcoBots/Content/Assets/Orasot_Bundle/LowPolyForestVol2/StaticMeshes/Environment/SM_Env_bush_6.uasset" 3357
"E:/Projects/EcoBots/Content/Assets/Orasot_Bundle/LowPolyForestVol2/StaticMeshes/Environment/SM_Env_bush_4.uasset" 3358
"E:/Projects/EcoBots/Content/Assets/Orasot_Bundle/LowPolyForestVol2/StaticMeshes/Environment/SM_Env_bush_3.uasset" 3359
"E:/Projects/EcoBots/Content/Assets/Orasot_Bundle/LowPolyForestVol2/StaticMeshes/Environment/SM_Env_bush_5.uasset" 3360
"E:/Projects/EcoBots/Content/Assets/Orasot_Bundle/LowPolyForestVol2/StaticMeshes/Environment/SM_Env_bush_2.uasset" 3361
"E:/Projects/EcoBots/Content/Assets/Orasot_Bundle/LowPolyForestVol2/StaticMeshes/Environment/SM_Env_bush_1.uasset" 3362
"E:/Projects/EcoBots/Content/Assets/Orasot_Bundle/LowPolyForestVol2/Materials/M_Water.uasset" 3363
"E:/Projects/EcoBots/Content/Assets/Orasot_Bundle/LowPolyForestVol2/Material_Instances/MI_SkySphere.uasset" 3364
"E:/Projects/EcoBots/Content/Assets/Orasot_Bundle/LowPolyForestVol2/Materials/M_SkySphere.uasset" 3365
"E:/Projects/EcoBots/Content/Assets/Orasot_Bundle/LowPolyForestVol2/Materials/M_RVT_Text.uasset" 3366
"E:/Projects/EcoBots/Content/Assets/Orasot_Bundle/LowPolyForestVol2/Materials/M_MasterMat_TwoSided.uasset" 3367
"E:/Projects/EcoBots/Content/Assets/Orasot_Bundle/LowPolyForestVol2/Materials/M_MasterMat.uasset" 3368
"E:/Projects/EcoBots/Content/Assets/Orasot_Bundle/LowPolyForestVol2/Materials/M_Landscape.uasset" 3369
"E:/Projects/EcoBots/Content/Assets/Orasot_Bundle/LowPolyForestVol2/Materials/M_Grass.uasset" 3370
"E:/Projects/EcoBots/Content/Assets/Orasot_Bundle/LowPolyForestVol2/Materials/MF_Splatter.uasset" 3371
"E:/Projects/EcoBots/Content/Assets/Orasot_Bundle/LowPolyForestVol2/GrassTypes/GT_Small_Sticks.uasset" 3372
"E:/Projects/EcoBots/Content/Assets/Orasot_Bundle/LowPolyForestVol2/GrassTypes/GT_Small_Rocks.uasset" 3373
"E:/Projects/EcoBots/Content/Assets/Orasot_Bundle/LowPolyForestVol2/GrassTypes/GT_Plants.uasset" 3374
"E:/Projects/EcoBots/Content/Assets/Orasot_Bundle/LowPolyForestVol2/Material_Instances/MI_Grass_Inst.uasset" 3375
"E:/Projects/EcoBots/Content/Assets/Orasot_Bundle/LowPolyForestVol2/GrassTypes/GT_Grass.uasset" 3376
"E:/Projects/EcoBots/Content/Assets/Orasot_Bundle/LowPolyForestVol2/GrassTypes/GT_Big_Rocks.uasset" 3377
"E:/Projects/EcoBots/Content/Assets/Orasot_Bundle/LowPolyForestVol2/Curves/CC_Sky.uasset" 3378
"E:/Projects/EcoBots/Content/Assets/Orasot_Bundle/LowPolyForestVol2/GrassTypes/GT_Big_Branches.uasset" 3379
"E:/Projects/EcoBots/Content/Assets/Orasot_Bundle/LowPolyForestVol2/Curves/CA_Sky.uasset" 3380
"E:/Projects/EcoBots/Content/Assets/Orasot_Bundle/LowPolyForestVol2/Blueprints/BP_Skysphere.uasset" 3381
"E:/Projects/EcoBots/Content/Assets/AnimalVarietyPack/Wolf/Textures/T_Wolf_OcclusionRoughnessMetallic.uasset" 3382
"E:/Projects/EcoBots/Content/Assets/AnimalVarietyPack/Wolf/Textures/T_Wolf_Nml.uasset" 3383
"E:/Projects/EcoBots/Content/Assets/AnimalVarietyPack/Wolf/Textures/T_Wolf_Specular.uasset" 3384
"E:/Projects/EcoBots/Content/Assets/AnimalVarietyPack/Wolf/Textures/T_Wolf_BaseColorAlpha.uasset" 3385
"E:/Projects/EcoBots/Content/Assets/AnimalVarietyPack/Wolf/Textures/T_WolfDark_Illum.uasset" 3386
"E:/Projects/EcoBots/Content/Assets/AnimalVarietyPack/Wolf/Textures/T_WolfDark_BaseColorAlpha.uasset" 3387
"E:/Projects/EcoBots/Content/Assets/AnimalVarietyPack/Wolf/Textures/T_WolfArctic_BaseColorAlpha.uasset" 3388
"E:/Projects/EcoBots/Content/Assets/AnimalVarietyPack/Wolf/Meshes/SK_Wolf_Skeleton.uasset" 3389
"E:/Projects/EcoBots/Content/Assets/AnimalVarietyPack/Wolf/Meshes/SK_Wolf.uasset" 3390
"E:/Projects/EcoBots/Content/Assets/AnimalVarietyPack/Wolf/Meshes/SK_Wolf_PhysicsAsset.uasset" 3391
"E:/Projects/EcoBots/Content/Assets/AnimalVarietyPack/Wolf/Materials/M_WolfFurDark.uasset" 3392
"E:/Projects/EcoBots/Content/Assets/AnimalVarietyPack/Wolf/Materials/M_WolfFurArctic.uasset" 3393
"E:/Projects/EcoBots/Content/Assets/AnimalVarietyPack/Wolf/Materials/M_WolfFur.uasset" 3394
"E:/Projects/EcoBots/Content/Assets/AnimalVarietyPack/Wolf/Materials/M_WolfDark.uasset" 3395
"E:/Projects/EcoBots/Content/Assets/AnimalVarietyPack/Wolf/Materials/M_WolfArctic.uasset" 3396
"E:/Projects/EcoBots/Content/Assets/AnimalVarietyPack/Wolf/Maps/Overview_BuiltData.uasset" 3397
"E:/Projects/EcoBots/Content/Assets/AnimalVarietyPack/Wolf/Maps/Overview.umap" 3398
"E:/Projects/EcoBots/Content/Assets/AnimalVarietyPack/Wolf/Materials/M_Wolf.uasset" 3399
"E:/Projects/EcoBots/Content/Assets/AnimalVarietyPack/Wolf/Animations/ANIM_Wolf_Walk_RM.uasset" 3400
"E:/Projects/EcoBots/Content/Assets/AnimalVarietyPack/Wolf/Animations/ANIM_Wolf_WalkTurnR_RM.uasset" 3401
"E:/Projects/EcoBots/Content/Assets/AnimalVarietyPack/Wolf/Animations/ANIM_Wolf_WalkTurnR.uasset" 3402
"E:/Projects/EcoBots/Content/Assets/AnimalVarietyPack/Wolf/Animations/ANIM_Wolf_WalkTurnL_RM.uasset" 3403
"E:/Projects/EcoBots/Content/Assets/AnimalVarietyPack/Wolf/Animations/ANIM_Wolf_WalkTurnL.uasset" 3404
"E:/Projects/EcoBots/Content/Assets/AnimalVarietyPack/Wolf/Animations/ANIM_Wolf_Sleep.uasset" 3405
"E:/Projects/EcoBots/Content/Assets/AnimalVarietyPack/Wolf/Animations/ANIM_Wolf_Run_RM.uasset" 3406
"E:/Projects/EcoBots/Content/Assets/AnimalVarietyPack/Wolf/Animations/ANIM_Wolf_RunTurnR_RM.uasset" 3407
"E:/Projects/EcoBots/Content/Assets/AnimalVarietyPack/Wolf/Animations/ANIM_Wolf_RunTurnR.uasset" 3408
"E:/Projects/EcoBots/Content/Assets/AnimalVarietyPack/Wolf/Animations/ANIM_Wolf_RunTurnL_RM.uasset" 3409
"E:/Projects/EcoBots/Content/Assets/AnimalVarietyPack/Wolf/Animations/ANIM_Wolf_RunTurnL.uasset" 3410
"E:/Projects/EcoBots/Content/Assets/AnimalVarietyPack/Wolf/Animations/ANIM_Wolf_RunBite.uasset" 3411
"E:/Projects/EcoBots/Content/Assets/AnimalVarietyPack/Wolf/Animations/ANIM_Wolf_RunBite_RM.uasset" 3412
"E:/Projects/EcoBots/Content/Assets/AnimalVarietyPack/Wolf/Animations/ANIM_Wolf_Run.uasset" 3413
"E:/Projects/EcoBots/Content/Assets/AnimalVarietyPack/Wolf/Animations/ANIM_Wolf_RestToGoBackUp.uasset" 3414
"E:/Projects/EcoBots/Content/Assets/AnimalVarietyPack/Wolf/Animations/ANIM_Wolf_Rest.uasset" 3415
"E:/Projects/EcoBots/Content/Assets/AnimalVarietyPack/Wolf/Animations/ANIM_Wolf_JumpBite_RM.uasset" 3416
"E:/Projects/EcoBots/Content/Assets/AnimalVarietyPack/Wolf/Animations/ANIM_Wolf_JumpBite.uasset" 3417
"E:/Projects/EcoBots/Content/Assets/AnimalVarietyPack/Wolf/Animations/ANIM_Wolf_IdleLookAround.uasset" 3418
"E:/Projects/EcoBots/Content/Assets/AnimalVarietyPack/Wolf/Animations/ANIM_Wolf_Walk.uasset" 3419
"E:/Projects/EcoBots/Content/Assets/AnimalVarietyPack/Wolf/Animations/ANIM_Wolf_IdleBreathe.uasset" 3420
"E:/Projects/EcoBots/Content/Assets/AnimalVarietyPack/Wolf/Animations/ANIM_Wolf_Howl.uasset" 3421
"E:/Projects/EcoBots/Content/Assets/AnimalVarietyPack/Wolf/Animations/ANIM_Wolf_GoToRest.uasset" 3422
"E:/Projects/EcoBots/Content/Assets/AnimalVarietyPack/Wolf/Animations/ANIM_Wolf_GetHitRight.uasset" 3423
"E:/Projects/EcoBots/Content/Assets/AnimalVarietyPack/Wolf/Animations/ANIM_Wolf_GetHitLeft.uasset" 3424
"E:/Projects/EcoBots/Content/Assets/AnimalVarietyPack/Wolf/Animations/ANIM_Wolf_Death.uasset" 3425
"E:/Projects/EcoBots/Content/Assets/AnimalVarietyPack/Wolf/Animations/ANIM_Wolf_Bite.uasset" 3426
"E:/Projects/EcoBots/Content/Assets/AnimalVarietyPack/Pig/Textures/T_Pig_Specular.uasset" 3427
"E:/Projects/EcoBots/Content/Assets/AnimalVarietyPack/Wolf/Animations/ANIM_Wolf_GetHitFront.uasset" 3428
"E:/Projects/EcoBots/Content/Assets/AnimalVarietyPack/Pig/Textures/T_Pig_OcclusionRoughnessMetallic.uasset" 3429
"E:/Projects/EcoBots/Content/Assets/AnimalVarietyPack/Pig/Textures/T_Pig_Nml.uasset" 3430
"E:/Projects/EcoBots/Content/Assets/AnimalVarietyPack/Pig/Textures/T_Pig_BaseColor.uasset" 3431
"E:/Projects/EcoBots/Content/Assets/AnimalVarietyPack/Pig/Textures/T_PigDirty_OcclusionRoughnessMetallic.uasset" 3432
"E:/Projects/EcoBots/Content/Assets/AnimalVarietyPack/Pig/Textures/T_PigDirty_Nml.uasset" 3433
"E:/Projects/EcoBots/Content/Assets/AnimalVarietyPack/Wolf/Animations/ANIM_Wolf_IdleAggressive.uasset" 3434
"E:/Projects/EcoBots/Content/Assets/AnimalVarietyPack/Pig/Meshes/SK_Pig_Skeleton.uasset" 3435
"E:/Projects/EcoBots/Content/Assets/AnimalVarietyPack/Pig/Meshes/SK_Pig.uasset" 3436
"E:/Projects/EcoBots/Content/Assets/AnimalVarietyPack/Pig/Textures/T_PigDirty_BaseColor.uasset" 3437
"E:/Projects/EcoBots/Content/Assets/AnimalVarietyPack/Pig/Materials/M_PigHairDirty.uasset" 3438
"E:/Projects/EcoBots/Content/Assets/AnimalVarietyPack/Pig/Materials/M_PigHair.uasset" 3439
"E:/Projects/EcoBots/Content/Assets/AnimalVarietyPack/Pig/Materials/M_PigDirty.uasset" 3440
"E:/Projects/EcoBots/Content/Assets/AnimalVarietyPack/Pig/Materials/M_Pig.uasset" 3441
"E:/Projects/EcoBots/Content/Assets/AnimalVarietyPack/Pig/Maps/Overview_BuiltData.uasset" 3442
"E:/Projects/EcoBots/Content/Assets/AnimalVarietyPack/Pig/Maps/Overview.umap" 3443
"E:/Projects/EcoBots/Content/Assets/AnimalVarietyPack/Pig/Animations/ANIM_Pig_WalkTurnR_RM.uasset" 3444
"E:/Projects/EcoBots/Content/Assets/AnimalVarietyPack/Pig/Animations/ANIM_Pig_Walk_RM.uasset" 3445
"E:/Projects/EcoBots/Content/Assets/AnimalVarietyPack/Pig/Animations/ANIM_Pig_WalkTurnR.uasset" 3446
"E:/Projects/EcoBots/Content/Assets/AnimalVarietyPack/Pig/Animations/ANIM_Pig_WalkTurnL_RM.uasset" 3447
"E:/Projects/EcoBots/Content/Assets/AnimalVarietyPack/Pig/Animations/ANIM_Pig_WalkTurnL.uasset" 3448
"E:/Projects/EcoBots/Content/Assets/AnimalVarietyPack/Pig/Meshes/SK_Pig_PhysicsAsset.uasset" 3449
"E:/Projects/EcoBots/Content/Assets/AnimalVarietyPack/Pig/Animations/ANIM_Pig_Walk.uasset" 3450
"E:/Projects/EcoBots/Content/Assets/AnimalVarietyPack/Pig/Animations/ANIM_Pig_Run_RM.uasset" 3451
"E:/Projects/EcoBots/Content/Assets/AnimalVarietyPack/Pig/Animations/ANIM_Pig_SniffleforFood.uasset" 3452
"E:/Projects/EcoBots/Content/Assets/AnimalVarietyPack/Pig/Animations/ANIM_Pig_RunTurnR_RM.uasset" 3453
"E:/Projects/EcoBots/Content/Assets/AnimalVarietyPack/Pig/Animations/ANIM_Pig_RunTurnR.uasset" 3454
"E:/Projects/EcoBots/Content/Assets/AnimalVarietyPack/Pig/Animations/ANIM_Pig_RunTurnL_RM.uasset" 3455
"E:/Projects/EcoBots/Content/Assets/AnimalVarietyPack/Pig/Animations/ANIM_Pig_RunTurnL.uasset" 3456
"E:/Projects/EcoBots/Content/Assets/AnimalVarietyPack/Pig/Animations/ANIM_Pig_Run.uasset" 3457
"E:/Projects/EcoBots/Content/Assets/AnimalVarietyPack/Pig/Animations/ANIM_Pig_Rest.uasset" 3458
"E:/Projects/EcoBots/Content/Assets/AnimalVarietyPack/Pig/Animations/ANIM_Pig_JumpAttack_RM.uasset" 3459
"E:/Projects/EcoBots/Content/Assets/AnimalVarietyPack/Pig/Animations/ANIM_Pig_JumpAttack.uasset" 3460
"E:/Projects/EcoBots/Content/Assets/AnimalVarietyPack/Pig/Animations/ANIM_Pig_IdleLookAround.uasset" 3461
"E:/Projects/EcoBots/Content/Assets/AnimalVarietyPack/Pig/Animations/ANIM_Pig_IdleBreathe.uasset" 3462
"E:/Projects/EcoBots/Content/Assets/AnimalVarietyPack/Pig/Animations/ANIM_Pig_GoToRest.uasset" 3463
"E:/Projects/EcoBots/Content/Assets/AnimalVarietyPack/Pig/Animations/ANIM_Pig_GoBackUp.uasset" 3464
"E:/Projects/EcoBots/Content/Assets/AnimalVarietyPack/Pig/Animations/ANIM_Pig_GetHit.uasset" 3465
"E:/Projects/EcoBots/Content/Assets/AnimalVarietyPack/Pig/Animations/ANIM_Pig_ComboAttackForward.uasset" 3466
"E:/Projects/EcoBots/Content/Assets/AnimalVarietyPack/Pig/Animations/ANIM_Pig_ComboAttackForward_RM.uasset" 3467
"E:/Projects/EcoBots/Content/Assets/AnimalVarietyPack/Pig/Animations/ANIM_Pig_attack.uasset" 3468
"E:/Projects/EcoBots/Content/Assets/AnimalVarietyPack/Pig/Animations/ANIM_Pig_Chew.uasset" 3469
"E:/Projects/EcoBots/Content/Assets/AnimalVarietyPack/Fox/Textures/T_Fox_Specular.uasset" 3470
"E:/Projects/EcoBots/Content/Assets/AnimalVarietyPack/Fox/Textures/T_Fox_OcclusionRoughnessMetallic.uasset" 3471
"E:/Projects/EcoBots/Content/Assets/AnimalVarietyPack/Fox/Textures/T_Fox_Nml.uasset" 3472
"E:/Projects/EcoBots/Content/Assets/AnimalVarietyPack/Fox/Textures/T_Fox_BaseColor.uasset" 3473
"E:/Projects/EcoBots/Content/Assets/AnimalVarietyPack/Fox/Meshes/SK_Fox_Skeleton.uasset" 3474
"E:/Projects/EcoBots/Content/Assets/AnimalVarietyPack/Fox/Meshes/SK_Fox_PhysicsAsset.uasset" 3475
"E:/Projects/EcoBots/Content/Assets/AnimalVarietyPack/Fox/Meshes/SK_Fox.uasset" 3476
"E:/Projects/EcoBots/Content/Assets/AnimalVarietyPack/Fox/Materials/M_FoxFur.uasset" 3477
"E:/Projects/EcoBots/Content/Assets/AnimalVarietyPack/Fox/Materials/M_Fox.uasset" 3478
"E:/Projects/EcoBots/Content/Assets/AnimalVarietyPack/Pig/Animations/ANIM_Pig_Death.uasset" 3479
"E:/Projects/EcoBots/Content/Assets/AnimalVarietyPack/Fox/Maps/Overview.umap" 3480
"E:/Projects/EcoBots/Content/Assets/AnimalVarietyPack/Fox/Maps/Overview_BuiltData.uasset" 3481
"E:/Projects/EcoBots/Content/Assets/AnimalVarietyPack/Fox/Animations/ANIM_Fox_WalkTurnR_RM.uasset" 3482
"E:/Projects/EcoBots/Content/Assets/AnimalVarietyPack/Fox/Animations/ANIM_Fox_Walk_RM.uasset" 3483
"E:/Projects/EcoBots/Content/Assets/AnimalVarietyPack/Fox/Animations/ANIM_Fox_WalkTurnR.uasset" 3484
"E:/Projects/EcoBots/Content/Assets/AnimalVarietyPack/Fox/Animations/ANIM_Fox_WalkTurnL_RM.uasset" 3485
"E:/Projects/EcoBots/Content/Assets/AnimalVarietyPack/Fox/Animations/ANIM_Fox_WalkTurnL.uasset" 3486
"E:/Projects/EcoBots/Content/Assets/AnimalVarietyPack/Fox/Animations/ANIM_Fox_Walk.uasset" 3487
"E:/Projects/EcoBots/Content/Assets/AnimalVarietyPack/Fox/Animations/ANIM_Fox_Sleeping.uasset" 3488
"E:/Projects/EcoBots/Content/Assets/AnimalVarietyPack/Fox/Animations/ANIM_Fox_Run_RM.uasset" 3489
"E:/Projects/EcoBots/Content/Assets/AnimalVarietyPack/Fox/Animations/ANIM_Fox_RunTurnR_RM.uasset" 3490
"E:/Projects/EcoBots/Content/Assets/AnimalVarietyPack/Fox/Animations/ANIM_Fox_RunTurnR.uasset" 3491
"E:/Projects/EcoBots/Content/Assets/AnimalVarietyPack/Fox/Animations/ANIM_Fox_RunTurnL.uasset" 3492
"E:/Projects/EcoBots/Content/Assets/AnimalVarietyPack/Fox/Animations/ANIM_Fox_RunTurnL_RM.uasset" 3493
"E:/Projects/EcoBots/Content/Assets/AnimalVarietyPack/Fox/Animations/ANIM_Fox_RunBite_RM.uasset" 3494
"E:/Projects/EcoBots/Content/Assets/AnimalVarietyPack/Fox/Animations/ANIM_Fox_Run.uasset" 3495
"E:/Projects/EcoBots/Content/Assets/AnimalVarietyPack/Fox/Animations/ANIM_Fox_RunBite.uasset" 3496
"E:/Projects/EcoBots/Content/Assets/AnimalVarietyPack/Fox/Animations/ANIM_Fox_JumpBite_RM.uasset" 3497
"E:/Projects/EcoBots/Content/Assets/AnimalVarietyPack/Fox/Animations/ANIM_Fox_JumpBite.uasset" 3498
"E:/Projects/EcoBots/Content/Assets/AnimalVarietyPack/Fox/Animations/ANIM_Fox_IdleBreathe.uasset" 3499
"E:/Projects/EcoBots/Content/Assets/AnimalVarietyPack/Fox/Animations/ANIM_Fox_IdleLookAround.uasset" 3500
"E:/Projects/EcoBots/Content/Assets/AnimalVarietyPack/Fox/Animations/ANIM_Fox_IdleAggressive.uasset" 3501
"E:/Projects/EcoBots/Content/Assets/AnimalVarietyPack/Fox/Animations/ANIM_Fox_GoToRest.uasset" 3502
"E:/Projects/EcoBots/Content/Assets/AnimalVarietyPack/Fox/Animations/ANIM_Fox_GetHitRight.uasset" 3503
"E:/Projects/EcoBots/Content/Assets/AnimalVarietyPack/Fox/Animations/ANIM_Fox_RestToGoBackUp.uasset" 3504
"E:/Projects/EcoBots/Content/Assets/AnimalVarietyPack/Fox/Animations/ANIM_Fox_GetHitLeft.uasset" 3505
"E:/Projects/EcoBots/Content/Assets/AnimalVarietyPack/Fox/Animations/ANIM_Fox_GetHitFront.uasset" 3506
"E:/Projects/EcoBots/Content/Assets/AnimalVarietyPack/Fox/Animations/ANIM_Fox_Resting.uasset" 3507
"E:/Projects/EcoBots/Content/Assets/AnimalVarietyPack/Fox/Animations/ANIM_Fox_Death.uasset" 3508
"E:/Projects/EcoBots/Content/Assets/AnimalVarietyPack/Fox/Animations/ANIM_Fox_Bite.uasset" 3509
"E:/Projects/EcoBots/Content/Assets/AnimalVarietyPack/DeerStagAndDoe/Textures/T_Stag_Nml.uasset" 3510
"E:/Projects/EcoBots/Content/Assets/AnimalVarietyPack/DeerStagAndDoe/Textures/T_Stag_OcclusionRoughnessMetllic.uasset" 3511
"E:/Projects/EcoBots/Content/Assets/AnimalVarietyPack/DeerStagAndDoe/Textures/T_Stag_BaseColor.uasset" 3512
"E:/Projects/EcoBots/Content/Assets/AnimalVarietyPack/DeerStagAndDoe/Textures/T_Stag_Specular.uasset" 3513
"E:/Projects/EcoBots/Content/Assets/AnimalVarietyPack/DeerStagAndDoe/Textures/T_DeerDoe_OcclusionRoughnessMetallic.uasset" 3514
"E:/Projects/EcoBots/Content/Assets/AnimalVarietyPack/DeerStagAndDoe/Textures/T_DeeDoe_Nml.uasset" 3515
"E:/Projects/EcoBots/Content/Assets/AnimalVarietyPack/DeerStagAndDoe/Textures/T_DeeDoe_BaseColor.uasset" 3516
"E:/Projects/EcoBots/Content/Assets/AnimalVarietyPack/DeerStagAndDoe/Meshes/SK_DeerStag_Skeleton.uasset" 3517
"E:/Projects/EcoBots/Content/Assets/AnimalVarietyPack/DeerStagAndDoe/Meshes/SK_DeerStag_PhysicsAsset.uasset" 3518
"E:/Projects/EcoBots/Content/Assets/AnimalVarietyPack/DeerStagAndDoe/Meshes/SK_DeerStag.uasset" 3519
"E:/Projects/EcoBots/Content/Assets/AnimalVarietyPack/DeerStagAndDoe/Meshes/SK_DeerDoe_Skeleton.uasset" 3520
"E:/Projects/EcoBots/Content/Assets/AnimalVarietyPack/DeerStagAndDoe/Meshes/SK_DeerDoe.uasset" 3521
"E:/Projects/EcoBots/Content/Assets/AnimalVarietyPack/DeerStagAndDoe/Materials/M_DeerStagFur.uasset" 3522
"E:/Projects/EcoBots/Content/Assets/AnimalVarietyPack/DeerStagAndDoe/Materials/M_DeerStag.uasset" 3523
"E:/Projects/EcoBots/Content/Assets/AnimalVarietyPack/DeerStagAndDoe/Meshes/SK_DeerDoe_PhysicsAsset.uasset" 3524
"E:/Projects/EcoBots/Content/Assets/AnimalVarietyPack/DeerStagAndDoe/Materials/M_DeerDoeFur.uasset" 3525
"E:/Projects/EcoBots/Content/Assets/AnimalVarietyPack/DeerStagAndDoe/Maps/Overview.umap" 3526
"E:/Projects/EcoBots/Content/Assets/AnimalVarietyPack/DeerStagAndDoe/Materials/M_DeerDoe.uasset" 3527
"E:/Projects/EcoBots/Content/Assets/AnimalVarietyPack/DeerStagAndDoe/Maps/Overview_BuiltData.uasset" 3528
"E:/Projects/EcoBots/Content/Assets/AnimalVarietyPack/DeerStagAndDoe/Animations/ANIM_DeerStag_Walk_RM.uasset" 3529
"E:/Projects/EcoBots/Content/Assets/AnimalVarietyPack/DeerStagAndDoe/Animations/ANIM_DeerStag_WalkTurnR_RM.uasset" 3530
"E:/Projects/EcoBots/Content/Assets/AnimalVarietyPack/DeerStagAndDoe/Animations/ANIM_DeerStag_WalkTurnR.uasset" 3531
"E:/Projects/EcoBots/Content/Assets/AnimalVarietyPack/DeerStagAndDoe/Animations/ANIM_DeerStag_WalkTurnL_RM.uasset" 3532
"E:/Projects/EcoBots/Content/Assets/AnimalVarietyPack/DeerStagAndDoe/Animations/ANIM_DeerStag_WalkTurnL.uasset" 3533
"E:/Projects/EcoBots/Content/Assets/AnimalVarietyPack/DeerStagAndDoe/Animations/ANIM_DeerStag_Walk.uasset" 3534
"E:/Projects/EcoBots/Content/Assets/AnimalVarietyPack/DeerStagAndDoe/Animations/ANIM_DeerStag_Sleep.uasset" 3535
"E:/Projects/EcoBots/Content/Assets/AnimalVarietyPack/DeerStagAndDoe/Animations/ANIM_DeerStag_Run_RM.uasset" 3536
"E:/Projects/EcoBots/Content/Assets/AnimalVarietyPack/DeerStagAndDoe/Animations/ANIM_DeerStag_SleepToGoBackUp.uasset" 3537
"E:/Projects/EcoBots/Content/Assets/AnimalVarietyPack/DeerStagAndDoe/Animations/ANIM_DeerStag_Run.uasset" 3538
"E:/Projects/EcoBots/Content/Assets/AnimalVarietyPack/DeerStagAndDoe/Animations/ANIM_DeerStag_WalkGraze_RM.uasset" 3539
"E:/Projects/EcoBots/Content/Assets/AnimalVarietyPack/DeerStagAndDoe/Animations/ANIM_DeerStag_Rest.uasset" 3540
"E:/Projects/EcoBots/Content/Assets/AnimalVarietyPack/DeerStagAndDoe/Animations/ANIM_DeerStag_IdleLookAround.uasset" 3541
"E:/Projects/EcoBots/Content/Assets/AnimalVarietyPack/DeerStagAndDoe/Animations/ANIM_DeerStag_RestToGoBackUp.uasset" 3542
"E:/Projects/EcoBots/Content/Assets/AnimalVarietyPack/DeerStagAndDoe/Animations/ANIM_DeerStag_IdleGraze.uasset" 3543
"E:/Projects/EcoBots/Content/Assets/AnimalVarietyPack/DeerStagAndDoe/Animations/ANIM_DeerStag_IdleChew.uasset" 3544
"E:/Projects/EcoBots/Content/Assets/AnimalVarietyPack/DeerStagAndDoe/Animations/ANIM_DeerStag_IdleBreathe.uasset" 3545
"E:/Projects/EcoBots/Content/Assets/AnimalVarietyPack/DeerStagAndDoe/Animations/ANIM_DeerStag_GoToRest.uasset" 3546
"E:/Projects/EcoBots/Content/Assets/AnimalVarietyPack/DeerStagAndDoe/Animations/ANIM_DeerStag_GrazeOnce.uasset" 3547
"E:/Projects/EcoBots/Content/Assets/AnimalVarietyPack/DeerStagAndDoe/Animations/ANIM_DeerStag_GetHit.uasset" 3548
"E:/Projects/EcoBots/Content/Assets/AnimalVarietyPack/DeerStagAndDoe/Animations/ANIM_DeerStag_Death.uasset" 3549
"E:/Projects/EcoBots/Content/Assets/AnimalVarietyPack/DeerStagAndDoe/Animations/ANIM_DeerStag_AntlersComboAttack_RM.uasset" 3550
"E:/Projects/EcoBots/Content/Assets/AnimalVarietyPack/DeerStagAndDoe/Animations/ANIM_DeerStag_AntlersComboAttack.uasset" 3551
"E:/Projects/EcoBots/Content/Assets/AnimalVarietyPack/DeerStagAndDoe/Animations/ANIM_DeerStag_AntlersAttack.uasset" 3552
"E:/Projects/EcoBots/Content/Assets/AnimalVarietyPack/DeerStagAndDoe/Animations/ANIM_DeerDoe_Walk_RM.uasset" 3553
"E:/Projects/EcoBots/Content/Assets/AnimalVarietyPack/DeerStagAndDoe/Animations/ANIM_DeerDoe_WalkTurnR_RM.uasset" 3554
"E:/Projects/EcoBots/Content/Assets/AnimalVarietyPack/DeerStagAndDoe/Animations/ANIM_DeerDoe_WalkTurnR.uasset" 3555
"E:/Projects/EcoBots/Content/Assets/AnimalVarietyPack/DeerStagAndDoe/Animations/ANIM_DeerDoe_WalkTurnL.uasset" 3556
"E:/Projects/EcoBots/Content/Assets/AnimalVarietyPack/DeerStagAndDoe/Animations/ANIM_DeerDoe_WalkTurnL_RM.uasset" 3557
"E:/Projects/EcoBots/Content/Assets/AnimalVarietyPack/DeerStagAndDoe/Animations/ANIM_DeerDoe_WalkGraze_RM.uasset" 3558
"E:/Projects/EcoBots/Content/Assets/AnimalVarietyPack/DeerStagAndDoe/Animations/ANIM_DeerDoe_WalkGraze.uasset" 3559
"E:/Projects/EcoBots/Content/Assets/AnimalVarietyPack/DeerStagAndDoe/Animations/ANIM_DeerDoe_Walk.uasset" 3560
"E:/Projects/EcoBots/Content/Assets/AnimalVarietyPack/DeerStagAndDoe/Animations/ANIM_DeerDoe_SleepToGoBackUp.uasset" 3561
"E:/Projects/EcoBots/Content/Assets/AnimalVarietyPack/DeerStagAndDoe/Animations/ANIM_DeerDoe_Run_RM.uasset" 3562
"E:/Projects/EcoBots/Content/Assets/AnimalVarietyPack/DeerStagAndDoe/Animations/ANIM_DeerDoe_Run.uasset" 3563
"E:/Projects/EcoBots/Content/Assets/AnimalVarietyPack/DeerStagAndDoe/Animations/ANIM_DeerDoe_RestToGoBackUp.uasset" 3564
"E:/Projects/EcoBots/Content/Assets/AnimalVarietyPack/DeerStagAndDoe/Animations/ANIM_DeerDoe_IdleSleep.uasset" 3565
"E:/Projects/EcoBots/Content/Assets/AnimalVarietyPack/DeerStagAndDoe/Animations/ANIM_DeerDoe_IdleLookAround.uasset" 3566
"E:/Projects/EcoBots/Content/Assets/AnimalVarietyPack/DeerStagAndDoe/Animations/ANIM_DeerDoe_IdleRest.uasset" 3567
"E:/Projects/EcoBots/Content/Assets/AnimalVarietyPack/DeerStagAndDoe/Animations/ANIM_DeerDoe_IdleGraze.uasset" 3568
"E:/Projects/EcoBots/Content/Assets/AnimalVarietyPack/DeerStagAndDoe/Animations/ANIM_DeerDoe_IdleChew.uasset" 3569
"E:/Projects/EcoBots/Content/Assets/AnimalVarietyPack/DeerStagAndDoe/Animations/ANIM_DeerDoe_IdleBreathe.uasset" 3570
"E:/Projects/EcoBots/Content/Assets/AnimalVarietyPack/DeerStagAndDoe/Animations/ANIM_DeerDoe_GetHit.uasset" 3571
"E:/Projects/EcoBots/Content/Assets/AnimalVarietyPack/DeerStagAndDoe/Animations/ANIM_DeerDoe_Death.uasset" 3572
"E:/Projects/EcoBots/Content/Assets/AnimalVarietyPack/DeerStagAndDoe/Animations/ANIM_DeerDoe_GrazeOnce.uasset" 3573
"E:/Projects/EcoBots/Content/Assets/AnimalVarietyPack/Crow/Textures/T_Crow_Specular.uasset" 3574
"E:/Projects/EcoBots/Content/Assets/AnimalVarietyPack/Crow/Textures/T_Crow_OcclusionRoughnessMetallic.uasset" 3575
"E:/Projects/EcoBots/Content/Assets/AnimalVarietyPack/Crow/Textures/T_Crow_Nml.uasset" 3576
"E:/Projects/EcoBots/Content/Assets/AnimalVarietyPack/Crow/Textures/T_Crow_BaseColor.uasset" 3577
"E:/Projects/EcoBots/Content/Assets/AnimalVarietyPack/Crow/Meshes/SK_Crow_Skeleton.uasset" 3578
"E:/Projects/EcoBots/Content/Assets/AnimalVarietyPack/Crow/Meshes/SK_Crow_PhysicsAsset.uasset" 3579
"E:/Projects/EcoBots/Content/Assets/AnimalVarietyPack/Crow/Meshes/SK_Crow.uasset" 3580
"E:/Projects/EcoBots/Content/Assets/AnimalVarietyPack/DeerStagAndDoe/Animations/ANIM_DeerDoe_GoToRest.uasset" 3581
"E:/Projects/EcoBots/Content/Assets/AnimalVarietyPack/Crow/Materials/M_Crow.uasset" 3582
"E:/Projects/EcoBots/Content/Assets/AnimalVarietyPack/Crow/Maps/Overview_BuiltData.uasset" 3583
"E:/Projects/EcoBots/Content/Assets/AnimalVarietyPack/Crow/Maps/Overview.umap" 3584
"E:/Projects/EcoBots/Content/Assets/AnimalVarietyPack/Crow/Animations/ANIM_Crow_TakeOff.uasset" 3585
"E:/Projects/EcoBots/Content/Assets/AnimalVarietyPack/Crow/Animations/ANIM_Crow_Walk_RM.uasset" 3586
"E:/Projects/EcoBots/Content/Assets/AnimalVarietyPack/Crow/Animations/ANIM_Crow_Landing.uasset" 3587
"E:/Projects/EcoBots/Content/Assets/AnimalVarietyPack/Crow/Animations/ANIM_Crow_InAirDeathGoToFall.uasset" 3588
"E:/Projects/EcoBots/Content/Assets/AnimalVarietyPack/Crow/Animations/ANIM_Crow_IdleStretchWings.uasset" 3589
"E:/Projects/EcoBots/Content/Assets/AnimalVarietyPack/Crow/Animations/ANIM_Crow_IdleScratchWing.uasset" 3590
"E:/Projects/EcoBots/Content/Assets/AnimalVarietyPack/Crow/Animations/ANIM_Crow_IdleLookAround.uasset" 3591
"E:/Projects/EcoBots/Content/Assets/AnimalVarietyPack/Crow/Animations/ANIM_Crow_Hop_RM.uasset" 3592
"E:/Projects/EcoBots/Content/Assets/AnimalVarietyPack/Crow/Animations/ANIM_Crow_Glide.uasset" 3593
"E:/Projects/EcoBots/Content/Assets/AnimalVarietyPack/Crow/Animations/ANIM_Crow_FlyingAttack.uasset" 3594
"E:/Projects/EcoBots/Content/Assets/AnimalVarietyPack/Crow/Animations/ANIM_Crow_Fly.uasset" 3595
"E:/Projects/EcoBots/Content/Assets/AnimalVarietyPack/Crow/Animations/ANIM_Crow_Falling.uasset" 3596
"E:/Projects/EcoBots/Content/Assets/AnimalVarietyPack/Crow/Animations/ANIM_Crow_EatSomething.uasset" 3597
"E:/Projects/EcoBots/Content/Assets/AnimalVarietyPack/Crow/Animations/ANIM_Crow_Walk.uasset" 3598
"E:/Projects/EcoBots/Content/Assets/AnimalVarietyPack/Crow/Animations/ANIM_Crow_Hop.uasset" 3599
"E:/Projects/EcoBots/Content/Assets/AnimalVarietyPack/Crow/Animations/ANIM_Crow_DeathHitTheGround.uasset" 3600
"E:/Projects/EcoBots/Content/Assets/AnimalVarietyPack/Crow/Animations/ANIM_Crow_DeathGrounded.uasset" 3601
"E:/Projects/EcoBots/Intermediate/ShaderAutogen/PCD3D_SM6/AutogenShaderHeaders.ush" 3602
"E:/Projects/EcoBots/Intermediate/ShaderAutogen/PCD3D_ES3_1/AutogenShaderHeaders.ush" 3603
"C:/Program Files/Epic Games/UE_5.2/Engine/Plugins/2D/Paper2D/Content/Tutorial/Paper2D/TutorialAssets/TutorialSprite.uasset" 3604
"C:/Program Files/Epic Games/UE_5.2/Engine/Plugins/2D/Paper2D/Content/Tutorial/Paper2D/TutorialAssets/TutorialFlipBook.uasset" 3605
"../../../Engine/Content/EditorResources/S_BoxReflectionCapture.uasset" 3606
"C:/Users/emanu/AppData/Local/UnrealEngine/Common/DerivedDataCache/Buckets/BulkDataList/c7/ce/a8c2963d03218b1e1dd6de1f3b495d0f599d.udd" 3607
"../../../Engine/Content/EngineResources/DefaultTexture.uasset" 3608
"C:/Users/emanu/AppData/Local/UnrealEngine/Common/DerivedDataCache/Buckets/BulkDataList/a8/36/f45a5b677047a7e00c427dd4a635d4af1453.udd" 3609
"../../../Engine/Content/EngineResources/DefaultTextureCube.uasset" 3610
"C:/Users/emanu/AppData/Local/UnrealEngine/Common/DerivedDataCache/Buckets/BulkDataList/f4/41/4b34339a0566ecaa2fa0b9844807e9bda7db.udd" 3611
"../../../Engine/Content/EngineResources/DefaultVolumeTexture.uasset" 3612
"../../../Engine/Content/EngineResources/DefaultVolumeTexture2D.uasset" 3613
"C:/Users/emanu/AppData/Local/UnrealEngine/Common/DerivedDataCache/Buckets/BulkDataList/a6/55/f584c1caf268e684fc4a72e5da41c8333f0e.udd" 3614
"C:/Users/emanu/AppData/Local/UnrealEngine/Common/DerivedDataCache/Buckets/BulkDataList/b5/c6/081809cb146a7905f651c9bb3fcf39cf01f0.udd" 3615
"../../../Engine/Content/EngineFonts/RobotoDistanceField.uasset" 3616
"C:/Users/emanu/AppData/Local/UnrealEngine/Common/DerivedDataCache/Buckets/BulkDataList/8e/61/28ec9927b93d44dab46d002f25af96bd09f5.udd" 3617
"../../../Engine/Content/EngineMaterials/DefaultTextMaterialOpaque.uasset" 3618
"../../../Engine/Content/Functions/Engine_MaterialFunctions01/Shading/PowerToRoughness.uasset" 3619
"../../../Engine/Content/Functions/Engine_MaterialFunctions01/Shading/ConvertFromDiffSpec.uasset" 3620
"../../../Engine/Content/EngineMaterials/WorldGridMaterial.uasset" 3621
"../../../Engine/Content/Functions/Engine_MaterialFunctions01/Opacity/CameraDepthFade.uasset" 3622
"../../../Engine/Content/EngineMaterials/T_Default_Material_Grid_M.uasset" 3623
"../../../Engine/Content/EngineMaterials/T_Default_Material_Grid_N.uasset" 3624
"../../../Engine/Content/EngineMaterials/DefaultDeferredDecalMaterial.uasset" 3625
"../../../Engine/Content/EngineMaterials/DefaultDiffuse.uasset" 3626
"../../../Engine/Content/EngineMaterials/DefaultLightFunctionMaterial.uasset" 3627
"../../../Engine/Content/EngineMaterials/DefaultPostProcessMaterial.uasset" 3628
"../../../Engine/Content/Functions/Engine_MaterialFunctions02/Utility/BreakOutFloat2Components.uasset" 3629
"C:/Users/emanu/AppData/Local/UnrealEngine/Common/DerivedDataCache/Buckets/BulkDataList/40/80/d3c3e5243e4344424532e6607ec82bcb8fa6.udd" 3630
"C:/Users/emanu/AppData/Local/UnrealEngine/Common/DerivedDataCache/Buckets/BulkDataList/ca/fd/a4abdfc5d451c9fb351fffd432681930a699.udd" 3631
"C:/Users/emanu/AppData/Local/UnrealEngine/Common/DerivedDataCache/Buckets/BulkDataList/9e/3b/ec23d8f312475e8fe22ee3ed74e24309a88e.udd" 3632
"../../../Engine/Content/EditorResources/S_Trigger.uasset" 3633
"C:/Users/emanu/AppData/Local/UnrealEngine/Common/DerivedDataCache/Buckets/BulkDataList/68/3b/97de2695808dc5fce5cc0097e0828747ada4.udd" 3634
"../../../Engine/Content/EditorResources/S_TriggerBox.uasset" 3635
"C:/Users/emanu/AppData/Local/UnrealEngine/Common/DerivedDataCache/Buckets/BulkDataList/80/2d/ff9ff3072097e125dbc6a6613d371299207c.udd" 3636
"../../../Engine/Content/EditorResources/S_TriggerCapsule.uasset" 3637
"C:/Users/emanu/AppData/Local/UnrealEngine/Common/DerivedDataCache/Buckets/BulkDataList/3c/8c/e09b17ba4b32bfd9170af2f34df51bf236e4.udd" 3638
"../../../Engine/Content/EditorResources/S_TriggerSphere.uasset" 3639
"C:/Users/emanu/AppData/Local/UnrealEngine/Common/DerivedDataCache/Buckets/BulkDataList/89/eb/98af938235088ed8e7fd0bf12c0cf3a57e5f.udd" 3640
"../../../Engine/Content/EngineDamageTypes/DmgTypeBP_Environmental.uasset" 3641
"../../../Engine/Content/EngineSky/VolumetricClouds/m_SimpleVolumetricCloud_Inst.uasset" 3642
"../../../Engine/Content/EngineSky/VolumetricClouds/m_SimpleVolumetricCloud.uasset" 3643
"../../../Engine/Content/Functions/Engine_MaterialFunctions02/Utility/MakeFloat2.uasset" 3644
"../../../Engine/Content/EngineSky/VolumetricClouds/CloudGradientTexture.uasset" 3645
"../../../Engine/Content/EngineSky/VolumetricClouds/CloudWeatherTexture.uasset" 3646
"../../../Engine/Content/EngineSky/VolumetricClouds/T_VolumeNoiseErosion32.uasset" 3647
"../../../Engine/Content/EngineSky/VolumetricClouds/T_NoiseErosion.uasset" 3648
"../../../Engine/Content/EngineSky/VolumetricClouds/T_VolumeNoiseShape64.uasset" 3649
"../../../Engine/Content/EngineSky/VolumetricClouds/T_NoiseShape64.uasset" 3650
"C:/Users/emanu/AppData/Local/UnrealEngine/Common/DerivedDataCache/Buckets/BulkDataList/b1/66/ca33e1706e17c0ff322627016096bda39b7b.udd" 3651
"C:/Users/emanu/AppData/Local/UnrealEngine/Common/DerivedDataCache/Buckets/BulkDataList/9b/67/9d107e3d065abe044101297111c9db675e55.udd" 3652
"C:/Users/emanu/AppData/Local/UnrealEngine/Common/DerivedDataCache/Buckets/BulkDataList/90/21/ad0b637ffdfdff841a19f9090246638cec55.udd" 3653
"C:/Users/emanu/AppData/Local/UnrealEngine/Common/DerivedDataCache/Buckets/BulkDataList/7d/08/53a4e5c47022c417ebe38ed9ae417b324fe6.udd" 3654
"C:/Users/emanu/AppData/Local/UnrealEngine/Common/DerivedDataCache/Buckets/BulkDataList/b1/18/c8b4e9403544fdcaebde93775982440f7814.udd" 3655
"C:/Users/emanu/AppData/Local/UnrealEngine/Common/DerivedDataCache/Buckets/BulkDataList/f4/d5/de0b8a5ac30f442ff0e923fce506c0540034.udd" 3656
"../../../Engine/Content/EngineMeshes/Sphere.uasset" 3657
"C:/Users/emanu/AppData/Local/UnrealEngine/Common/DerivedDataCache/Buckets/LegacyNavCollision/1a/ea/6b0e8fab9d1212ee8db58df061bb0b14406b.udd" 3658
"../../../Engine/Content/EngineResources/WhiteSquareTexture.uasset" 3659
"C:/Users/emanu/AppData/Local/UnrealEngine/Common/DerivedDataCache/Buckets/BulkDataList/c9/a8/66edd8aa1565954cc3ee7a97aff101608c95.udd" 3660
"../../../Engine/Content/EngineResources/GradientTexture0.uasset" 3661
"C:/Users/emanu/AppData/Local/UnrealEngine/Common/DerivedDataCache/Buckets/BulkDataList/35/a5/84dcb60d03ca83f623dc393962742f3c7a98.udd" 3662
"../../../Engine/Content/EngineResources/Black.uasset" 3663
"C:/Users/emanu/AppData/Local/UnrealEngine/Common/DerivedDataCache/Buckets/BulkDataList/e5/7c/353d21ed96f0d0ff487f059ca754f01949e1.udd" 3664
"../../../Engine/Content/EngineMaterials/Widget3DPassThrough_Translucent.uasset" 3665
"../../../Engine/Content/EngineMaterials/Widget3DPassThrough.uasset" 3666
"../../../Engine/Content/EngineMaterials/Widget3DPassThrough_Translucent_OneSided.uasset" 3667
"../../../Engine/Content/EngineMaterials/Widget3DPassThrough_Opaque.uasset" 3668
"../../../Engine/Content/EngineMaterials/Widget3DPassThrough_Opaque_OneSided.uasset" 3669
"../../../Engine/Content/EngineMaterials/Widget3DPassThrough_Masked.uasset" 3670
"../../../Engine/Content/EngineMaterials/Widget3DPassThrough_Masked_OneSided.uasset" 3671
"../../../Engine/Content/VREditor/TransformGizmo/PlaneTranslationHandle.uasset" 3672
"../../../Engine/Content/VREditor/TransformGizmo/TransformGizmoMaterial.uasset" 3673
"../../../Engine/Content/VREditor/LaserPointer/VR_LaserPower_01.uasset" 3674
"../../../Engine/Content/VREditor/TransformGizmo/TranslucentTransformGizmoMaterial.uasset" 3675
"C:/Users/emanu/AppData/Local/UnrealEngine/Common/DerivedDataCache/Buckets/BulkDataList/fe/58/8084867abd2b1af11c5754888689b34859a7.udd" 3676
"../../../Engine/Content/VREditor/TransformGizmo/BoundingBoxCorner.uasset" 3677
"../../../Engine/Content/VREditor/TransformGizmo/BoundingBoxEdge.uasset" 3678
"../../../Engine/Content/VREditor/TransformGizmo/SM_Sequencer_Node.uasset" 3679
"../../../Engine/Content/VREditor/TransformGizmo/Main.uasset" 3680
"../../../Engine/Content/VREditor/TransformGizmo/Xray.uasset" 3681
"../../../Engine/Content/EditorMeshes/Camera/SM_CraneRig_Base.uasset" 3682
"../../../Engine/Content/EditorMaterials/Camera/MI_CineMat_Rig.uasset" 3683
"../../../Engine/Content/EditorMaterials/Camera/CineMat.uasset" 3684
"../../../Engine/Content/EditorMeshes/Camera/SM_CraneRig_Arm.uasset" 3685
"../../../Engine/Content/EditorMeshes/Camera/SM_CraneRig_Mount.uasset" 3686
"../../../Engine/Content/EditorMeshes/Camera/SM_CraneRig_Body.uasset" 3687
"../../../Engine/Content/EditorMeshes/Camera/SM_RailRig_Track.uasset" 3688
"../../../Engine/Content/EditorMeshes/Camera/SM_RailRig_Mount.uasset" 3689
"../../../Engine/Content/ArtTools/RenderToTexture/Meshes/S_1_Unit_Plane.uasset" 3690
"../../../Engine/Content/EngineDebugMaterials/M_SimpleUnlitTranslucent.uasset" 3691
"../../../Engine/Content/EngineFonts/Roboto.uasset" 3692
"../../../Engine/Content/EngineFonts/Faces/DroidSansFallback.uasset" 3693
"../../../Engine/Content/EngineFonts/Faces/RobotoBold.uasset" 3694
"../../../Engine/Content/EngineFonts/Faces/RobotoBoldItalic.uasset" 3695
"../../../Engine/Content/EngineFonts/Faces/RobotoItalic.uasset" 3696
"../../../Engine/Content/EngineFonts/Faces/RobotoLight.uasset" 3697
"../../../Engine/Content/EngineFonts/Faces/RobotoRegular.uasset" 3698
"../../../Engine/Content/EditorMaterials/ParticleSystems/PSysThumbnail_NoImage.uasset" 3699
"C:/Users/emanu/AppData/Local/UnrealEngine/Common/DerivedDataCache/Buckets/BulkDataList/40/23/73ef74923ac749fbb2b668df4dac7f86200f.udd" 3700
"../../../Engine/Content/EditorMaterials/ParticleSystems/PSysThumbnail_OOD.uasset" 3701
"C:/Users/emanu/AppData/Local/UnrealEngine/Common/DerivedDataCache/Buckets/BulkDataList/36/e8/6845d6df6ad82497e5b6304ecc856084bcb2.udd" 3702
"../../../Engine/Content/EditorLandscapeResources/SplineEditorMesh.uasset" 3703
"../../../Engine/Content/EditorLandscapeResources/SplineEditorMeshMat.uasset" 3704
"../../../Engine/Content/EditorLandscapeResources/DataLayer.uasset" 3705
"../../../Engine/Content/EditorResources/S_Solver.uasset" 3706
"C:/Users/emanu/AppData/Local/UnrealEngine/Common/DerivedDataCache/Buckets/BulkDataList/eb/ac/fc8fb9f13d29c57a2f163040f7362da48d7d.udd" 3707
"../../../Engine/Content/EngineDebugMaterials/VolumeToRender.uasset" 3708
"C:/Users/emanu/AppData/Local/UnrealEngine/Common/DerivedDataCache/Buckets/BulkDataList/09/12/764c974b227086c0c76e887ecd35a2200616.udd" 3709
"../../../Engine/Content/EngineDebugMaterials/M_VolumeRenderSphereTracePP.uasset" 3710
"../../../Engine/Content/Functions/Engine_MaterialFunctions02/Utility/CameraDirectionVector.uasset" 3711
"../../../Engine/Content/Internationalization/icudt64l/coll/ucadata.icu" 3712
"../../../Engine/Content/Internationalization/icudt64l/coll/it.res" 3713
"../../../Engine/Content/Internationalization/icudt64l/coll/root.res" 3714
"../../../Engine/Content/Animation/DefaultAnimBoneCompressionSettings.uasset" 3715
"../../../Engine/Content/Animation/DefaultRecorderBoneCompression.uasset" 3716
"../../../Engine/Content/Animation/DefaultAnimCurveCompressionSettings.uasset" 3717
"../../Plugins/Animation/ControlRig/Content/Controls/ControlRigXRayMaterial.uasset" 3718
"../../Plugins/Animation/ControlRig/Content/Controls/DefaultGizmoLibraryNormalized.uasset" 3719
"../../Plugins/Animation/ControlRig/Content/M_Manip.uasset" 3720
"../../../Engine/Content/Functions/Engine_MaterialFunctions02/WorldPositionOffset/CameraOffset.uasset" 3721
"../../Plugins/2D/Paper2D/Content/MaskedUnlitSpriteMaterial.uasset" 3722
"../../Plugins/2D/Paper2D/Content/DefaultSpriteMaterial.uasset" 3723
"../../Plugins/2D/Paper2D/Content/PlaceholderTextures/DummySpriteTexture.uasset" 3724
"C:/Users/emanu/AppData/Local/UnrealEngine/Common/DerivedDataCache/Buckets/BulkDataList/0c/10/23993ba2e1b3922a048bc20f0e70b712bf71.udd" 3725
"../../Plugins/2D/Paper2D/Content/OpaqueUnlitSpriteMaterial.uasset" 3726
"../../Plugins/2D/Paper2D/Content/DefaultPaperTerrainMaterial.uasset" 3727
"../../Plugins/2D/Paper2D/Content/DummySprite.uasset" 3728
"../../Plugins/Editor/SpeedTreeImporter/Content/SpeedTree9/SpeedTreeMaster.uasset" 3729
"../../../Engine/Content/Functions/Engine_MaterialFunctions02/ObjectLocalBounds.uasset" 3730
"../../../Engine/Content/Functions/Engine_MaterialFunctions02/SafeNormalize.uasset" 3731
"../../../Engine/Content/Functions/Engine_MaterialFunctions02/Utility/BreakOutFloat3Components.uasset" 3732
"../../../Engine/Content/Functions/Engine_MaterialFunctions02/Utility/VectorLength.uasset" 3733
"../../../Engine/Content/Functions/Engine_MaterialFunctions02/UVs/BoundingBoxBased_0-1_UVW.uasset" 3734
"../../../Engine/Content/Functions/Engine_MaterialFunctions02/WorldPositionOffset/ObjectScale.uasset" 3735
"../../Plugins/Editor/SpeedTreeImporter/Content/SpeedTree9/SpeedTreeBranchMotion.uasset" 3736
"../../Plugins/Editor/SpeedTreeImporter/Content/SpeedTree9/SpeedTreeWindMotion.uasset" 3737
"../../Plugins/Editor/SpeedTreeImporter/Content/SpeedTree9/game_wind_noise.uasset" 3738
"../../Plugins/Editor/SpeedTreeImporter/Content/SpeedTree9/UnpackDirection.uasset" 3739
"../../Plugins/Editor/SpeedTreeImporter/Content/SpeedTree9/UnpackInteger3.uasset" 3740
"../../Plugins/Editor/SpeedTreeImporter/Content/SpeedTree9/SpeedTreeCameraFacing.uasset" 3741
"../../Plugins/Editor/SpeedTreeImporter/Content/SpeedTree9/SpeedTreeWind.uasset" 3742
"../../Plugins/Editor/SpeedTreeImporter/Content/SpeedTree9/Empty.uasset" 3743
"../../Plugins/Editor/SpeedTreeImporter/Content/SpeedTree9/EmptyNormal.uasset" 3744
"C:/Users/emanu/AppData/Local/UnrealEngine/Common/DerivedDataCache/Buckets/BulkDataList/30/73/c051e78e294adc21a0f4ea75b1f6f9016b92.udd" 3745
"C:/Users/emanu/AppData/Local/UnrealEngine/Common/DerivedDataCache/Buckets/BulkDataList/b4/ee/cb9cf6a72adc23e2f5f999120caace09a96a.udd" 3746
"C:/Users/emanu/AppData/Local/UnrealEngine/Common/DerivedDataCache/Buckets/BulkDataList/b5/f1/db4267538114582ec58cc054c0d9d28523f8.udd" 3747
"C:/Users/emanu/AppData/Local/UnrealEngine/Common/DerivedDataCache/Buckets/BulkDataPayloadId/ac/cc/a6aa9daa7cbf76c8953f7e3d2c201a8a54cb.udd" 3748
"C:/Users/emanu/AppData/Local/UnrealEngine/Common/DerivedDataCache/Buckets/BulkDataPayloadId/93/1e/fa687e128aa134c7085da39d1269fafb1746.udd" 3749
"../../Plugins/Editor/SpeedTreeImporter/Content/SpeedTree9/SpeedTreeBillboardMaster.uasset" 3750
"../../Plugins/Editor/SpeedTreeImporter/Content/SpeedTree9/SpeedTreeBillboard.uasset" 3751
"../../Plugins/Media/MediaPlate/Content/SM_MediaPlateScreen.uasset" 3752
"E:/Projects/EcoBots/Saved/Config/WindowsEditor/ObjectMixerSerializedData.ini" 3753
"../../../Engine/Content/EngineMaterials/NaniteHiddenSectionMaterial.uasset" 3754
"../../../Engine/Content/EngineMaterials/RemoveSurfaceMaterial.uasset" 3755
"../../../Engine/Content/EngineDebugMaterials/DebugMeshMaterial.uasset" 3756
"../../../Engine/Content/EngineMaterials/EmissiveMeshMaterial.uasset" 3757
"../../../Engine/Content/EngineMaterials/DefaultWhiteGrid_Low.uasset" 3758
"../../../Engine/Content/EngineMaterials/M_InvalidLightmapSettings.uasset" 3759
"C:/Users/emanu/AppData/Local/UnrealEngine/Common/DerivedDataCache/Buckets/BulkDataList/c7/d0/ba4cb5a957bc068cc9a67e616f05cbe94e5f.udd" 3760
"../../../Engine/Content/EngineMaterials/InvalidLightmapSettings.uasset" 3761
"C:/Users/emanu/AppData/Local/UnrealEngine/Common/DerivedDataCache/Buckets/BulkDataList/54/c0/c70a70e48373844e60b0e605bf55af68a7f4.udd" 3762
"../../../Engine/Content/EngineMaterials/GizmoMaterial.uasset" 3763
"../../../Engine/Content/EngineMaterials/PhAT_JointLimitMaterial.uasset" 3764
"../../../Engine/Content/EngineMaterials/FlattenMaterial.uasset" 3765
"../../../Engine/Content/EngineMaterials/BaseFlattenDiffuseMap.uasset" 3766
"../../../Engine/Content/EngineMaterials/BaseFlattenEmissiveMap.uasset" 3767
"../../../Engine/Content/EngineMaterials/BaseFlattenGrayscaleMap.uasset" 3768
"../../../Engine/Content/EngineMaterials/BaseFlattenLinearColor.uasset" 3769
"../../../Engine/Content/EngineMaterials/BaseFlattenNormalMap.uasset" 3770
"../../../Engine/Content/Functions/Engine_MaterialFunctions02/PivotPainter2/Black_1x1_EXR_Texture.uasset" 3771
"C:/Users/emanu/AppData/Local/UnrealEngine/Common/DerivedDataCache/Buckets/BulkDataList/ce/81/11b4615cff744307153c59f77195df26c367.udd" 3772
"C:/Users/emanu/AppData/Local/UnrealEngine/Common/DerivedDataCache/Buckets/BulkDataList/40/82/7d7634626c396575f37cae3cf1535e673e42.udd" 3773
"C:/Users/emanu/AppData/Local/UnrealEngine/Common/DerivedDataCache/Buckets/BulkDataList/2a/ef/001baf4754d6e4c901355543ac1f52f9df0d.udd" 3774
"C:/Users/emanu/AppData/Local/UnrealEngine/Common/DerivedDataCache/Buckets/BulkDataList/29/e8/910965f29e82d2c3d7d612a59a45767ccf60.udd" 3775
"C:/Users/emanu/AppData/Local/UnrealEngine/Common/DerivedDataCache/Buckets/BulkDataList/63/3f/15585bd8964db1a66621696236a516b26a45.udd" 3776
"../../../Engine/Content/EngineMaterials/FlattenMaterial_VT.uasset" 3777
"C:/Users/emanu/AppData/Local/UnrealEngine/Common/DerivedDataCache/Buckets/BulkDataList/69/9d/ddcccd257450ddf4dda4d447d124ef31a712.udd" 3778
"../../../Engine/Content/EngineMaterials/BaseFlattenDiffuseMap_VT.uasset" 3779
"../../../Engine/Content/EngineMaterials/BaseFlattenEmissiveMap_VT.uasset" 3780
"../../../Engine/Content/EngineMaterials/BaseFlattenGrayscaleMap_VT.uasset" 3781
"../../../Engine/Content/EngineMaterials/BaseFlattenLinearColor_VT.uasset" 3782
"../../../Engine/Content/EngineMaterials/BaseFlattenNormalMap_VT.uasset" 3783
"../../../Engine/Content/EngineMaterials/Black_1x1_EXR_Texture_VT.uasset" 3784
"C:/Users/emanu/AppData/Local/UnrealEngine/Common/DerivedDataCache/Buckets/BulkDataList/be/97/831ab56c641b9e28494af99ed901e61209a3.udd" 3785
"C:/Users/emanu/AppData/Local/UnrealEngine/Common/DerivedDataCache/Buckets/BulkDataList/aa/52/333bbf9c0a91bbe6cec1f64bca80a547ff74.udd" 3786
"C:/Users/emanu/AppData/Local/UnrealEngine/Common/DerivedDataCache/Buckets/BulkDataList/c3/7b/72b68e2fb3897490b15323d9e1ea2adb532a.udd" 3787
"C:/Users/emanu/AppData/Local/UnrealEngine/Common/DerivedDataCache/Buckets/BulkDataList/0d/2d/d41f7443a3142a421b893798e75191a39508.udd" 3788
"C:/Users/emanu/AppData/Local/UnrealEngine/Common/DerivedDataCache/Buckets/BulkDataList/f3/64/77ea20ddc1c68fb0d5a0ae67af33502196bc.udd" 3789
"C:/Users/emanu/AppData/Local/UnrealEngine/Common/DerivedDataCache/Buckets/BulkDataList/7e/66/3de48b5d998856ddddba9083b591112da458.udd" 3790
"../../../Engine/Content/EngineMaterials/FlattenMaterial_WS_Normal_VT.uasset" 3791
"../../../Engine/Content/EngineMaterials/Good64x64TilingNoiseHighFreq.uasset" 3792
"C:/Users/emanu/AppData/Local/UnrealEngine/Common/DerivedDataCache/Buckets/BulkDataList/66/da/0f28d9eae13db645770f75f55ec37aec788a.udd" 3793
"../../../Engine/Content/EngineMaterials/DefaultBokeh.uasset" 3794
"../../../Engine/Content/EngineMaterials/PreintegratedSkinBRDF.uasset" 3795
"C:/Users/emanu/AppData/Local/UnrealEngine/Common/DerivedDataCache/Buckets/BulkDataList/36/d4/549bab9ac069bc0d38382ed2ebd836f0dbfe.udd" 3796
"C:/Users/emanu/AppData/Local/UnrealEngine/Common/DerivedDataCache/Buckets/BulkDataList/1e/10/4b6f9e2787e28345d2a1d2fc7d4b7474b002.udd" 3797
"../../../Engine/Content/EngineMaterials/MiniFont.uasset" 3798
"C:/Users/emanu/AppData/Local/UnrealEngine/Common/DerivedDataCache/Buckets/BulkDataList/1a/b4/efa2527ce05df4fea683edb2aad30de9d47f.udd" 3799
"../../../Engine/Content/EngineMaterials/WeightMapPlaceholderTexture.uasset" 3800
"../../../Engine/Content/EngineMaterials/DefaultWhiteGrid.uasset" 3801
"C:/Users/emanu/AppData/Local/UnrealEngine/Common/DerivedDataCache/Buckets/BulkDataList/7e/31/dcf11dd68e728938fa2e9a7a82a71bf50881.udd" 3802
"C:/Users/emanu/AppData/Local/UnrealEngine/Common/DerivedDataCache/Buckets/BulkDataList/69/16/551acf695c4fe3f4e6b4b10bc18492764cdd.udd" 3803
"../../../Engine/Content/EngineMaterials/DefaultPhysicalMaterial.uasset" 3804
"../../../Engine/Content/EngineMaterials/DefaultDestructiblePhysicalMaterial.uasset" 3805
"../../../Engine/Content/EditorLandscapeResources/DefaultAlphaTexture.uasset" 3806
"../../../Engine/Content/EditorResources/S_Terrain.uasset" 3807
"C:/Users/emanu/AppData/Local/UnrealEngine/Common/DerivedDataCache/Buckets/BulkDataList/f4/78/7461d3e211c25aab0282806d0bb0729f1967.udd" 3808
"C:/Users/emanu/AppData/Local/UnrealEngine/Common/DerivedDataCache/Buckets/BulkDataList/57/c4/c54ed6cb7798394a805773d0b5ace4506544.udd" 3809
"../../../Engine/Content/BasicShapes/Cube.uasset" 3810
"../../../Engine/Content/BasicShapes/Sphere.uasset" 3811
"../../../Engine/Content/EngineMaterials/DefaultMaterial.uasset" 3812
"../../../Engine/Content/BasicShapes/Cylinder.uasset" 3813
"../../../Engine/Content/BasicShapes/Cone.uasset" 3814
"../../../Engine/Content/BasicShapes/Plane.uasset" 3815
"../../Plugins/Runtime/MeshModelingToolset/Content/Materials/M_DynamicMeshComponentVtxColor.uasset" 3816
"../../Plugins/FX/Niagara/Content/ParameterDefinitions/SpriteRenderer.uasset" 3817
"../../Plugins/FX/Niagara/Content/ParameterDefinitions/RibbonRenderer.uasset" 3818
"../../Plugins/FX/Niagara/Content/ParameterDefinitions/MeshRenderer.uasset" 3819
"../../Plugins/FX/Niagara/Content/ParameterDefinitions/LightRenderer.uasset" 3820
"../../Plugins/FX/Niagara/Content/ParameterDefinitions/DecalRenderer.uasset" 3821
"../../Plugins/FX/Niagara/Content/ParameterDefinitions/CoreParameters.uasset" 3822
"../../../Engine/Content/EditorResources/SequenceRecorder/Countdown.uasset" 3823
"C:/Users/emanu/AppData/Local/UnrealEngine/Common/DerivedDataCache/Buckets/BulkDataList/75/55/483879c0dfb5417aa114757ba04b2d7e4c3e.udd" 3824
"../../../Engine/Content/EditorResources/SequenceRecorder/RecordingIndicator.uasset" 3825
"C:/Users/emanu/AppData/Local/UnrealEngine/Common/DerivedDataCache/Buckets/BulkDataList/1c/59/f1e22d62a9fb36a196006c9e0e0dfde276aa.udd" 3826
"../../../Engine/Content/EditorMaterials/PhAT_UnselectedMaterial.uasset" 3827
"../../../Engine/Content/EditorMaterials/PhAT_NoCollisionMaterial.uasset" 3828
"C:/Users/emanu/AppData/Local/UnrealEngine/Common/DerivedDataCache/Buckets/GlobalShaderMap/03/2b/ffbf1d20fb5f645e5c901310786712081752.udd" 3829
"C:/Users/emanu/AppData/Local/UnrealEngine/Common/DerivedDataCache/Buckets/GlobalShaderMap/95/ce/de8a49b40a316e37865533678320db75caaa.udd" 3830
"C:/Users/emanu/AppData/Local/UnrealEngine/Common/DerivedDataCache/Buckets/GlobalShaderMap/18/ab/7c41f2a33428f05b3da63e798f9c1005b876.udd" 3831
"C:/Users/emanu/AppData/Local/UnrealEngine/Common/DerivedDataCache/Buckets/GlobalShaderMap/00/77/793f7a182235f0f2d3815a19f0af5d4102d4.udd" 3832
"C:/Users/emanu/AppData/Local/UnrealEngine/Common/DerivedDataCache/Buckets/GlobalShaderMap/80/8a/a5d1a556f0fc8cb75805813ed9c48ef6503f.udd" 3833
"C:/Users/emanu/AppData/Local/UnrealEngine/Common/DerivedDataCache/Buckets/GlobalShaderMap/30/74/d5356d4a3ddae8f44974c2e5d45b2936539a.udd" 3834
"C:/Users/emanu/AppData/Local/UnrealEngine/Common/DerivedDataCache/Buckets/GlobalShaderMap/d5/70/d1a9c328b14a95124d71b1991348b65a8ae0.udd" 3835
"C:/Users/emanu/AppData/Local/UnrealEngine/Common/DerivedDataCache/Buckets/GlobalShaderMap/0b/44/adfdd653a2fbab221305ebaeee9a891610ea.udd" 3836
"C:/Users/emanu/AppData/Local/UnrealEngine/Common/DerivedDataCache/Buckets/GlobalShaderMap/ac/16/362600a689fee3fa10d4409c81c65ef93875.udd" 3837
"C:/Users/emanu/AppData/Local/UnrealEngine/Common/DerivedDataCache/Buckets/GlobalShaderMap/3b/82/39233b5efab78116ad57df9e8d130239a969.udd" 3838
"C:/Users/emanu/AppData/Local/UnrealEngine/Common/DerivedDataCache/Buckets/GlobalShaderMap/86/af/88955ab2bd7aab4f9a44f514b5268c79349e.udd" 3839
"C:/Users/emanu/AppData/Local/UnrealEngine/Common/DerivedDataCache/Buckets/GlobalShaderMap/93/95/1dee1c7dcbf888db43e827cc30c0ab61093a.udd" 3840
"C:/Users/emanu/AppData/Local/UnrealEngine/Common/DerivedDataCache/Buckets/GlobalShaderMap/51/5a/dac484540fb3e5466abca0525c4e40c9c8c3.udd" 3841
"C:/Users/emanu/AppData/Local/UnrealEngine/Common/DerivedDataCache/Buckets/GlobalShaderMap/3f/ca/f62562d9b60bf7b38b6f3224134b4d4c1355.udd" 3842
"C:/Users/emanu/AppData/Local/UnrealEngine/Common/DerivedDataCache/Buckets/GlobalShaderMap/ae/b5/3db78dd69ead8de5c8a7e5df7ecd5f72e930.udd" 3843
"C:/Users/emanu/AppData/Local/UnrealEngine/Common/DerivedDataCache/Buckets/GlobalShaderMap/49/0f/8e69c2c3cf5e3fde1904122f1841c1bd9a58.udd" 3844
"C:/Users/emanu/AppData/Local/UnrealEngine/Common/DerivedDataCache/Buckets/GlobalShaderMap/51/88/f762c36aad7cf4ca28effc8470f16cc87727.udd" 3845
"C:/Users/emanu/AppData/Local/UnrealEngine/Common/DerivedDataCache/Buckets/GlobalShaderMap/1e/90/a3975fa45e33223d2c77c487188e4930451b.udd" 3846
"C:/Users/emanu/AppData/Local/UnrealEngine/Common/DerivedDataCache/Buckets/GlobalShaderMap/19/cb/04fd01f83e60575bba36009220d9b4e19cef.udd" 3847
"C:/Users/emanu/AppData/Local/UnrealEngine/Common/DerivedDataCache/Buckets/GlobalShaderMap/95/20/2827b4e41cccf8700db76e1627a358ba7855.udd" 3848
"C:/Users/emanu/AppData/Local/UnrealEngine/Common/DerivedDataCache/Buckets/GlobalShaderMap/9f/03/643caa8a802fbe5ac4402423551b5d6c2d54.udd" 3849
"C:/Users/emanu/AppData/Local/UnrealEngine/Common/DerivedDataCache/Buckets/GlobalShaderMap/92/e9/f4a7fe6bd08e2e3383fc01ef1b76a92b3704.udd" 3850
"C:/Users/emanu/AppData/Local/UnrealEngine/Common/DerivedDataCache/Content/69/d1/275917e7c0b27f156455d91a6e515899a303.udd" 3851
"C:/Users/emanu/AppData/Local/UnrealEngine/Common/DerivedDataCache/Buckets/GlobalShaderMap/86/58/3b9c7e0128aec9be0ec496655ce55eef0e79.udd" 3852
"C:/Users/emanu/AppData/Local/UnrealEngine/Common/DerivedDataCache/Buckets/GlobalShaderMap/09/22/4380509ccec6a9f39efe6b53dce694f2303a.udd" 3853
"C:/Users/emanu/AppData/Local/UnrealEngine/Common/DerivedDataCache/Buckets/GlobalShaderMap/ca/f9/5c4b57e3b0d1532de7a45d2a0aa40db668d8.udd" 3854
"C:/Users/emanu/AppData/Local/UnrealEngine/Common/DerivedDataCache/Buckets/GlobalShaderMap/3d/bd/b4e16a3da03f2b315cd976c00d243107dde4.udd" 3855
"C:/Users/emanu/AppData/Local/UnrealEngine/Common/DerivedDataCache/Buckets/GlobalShaderMap/55/f8/8ef647b22ce79e8fd3a88ddd2c2a9fe2cc9b.udd" 3856
"C:/Users/emanu/AppData/Local/UnrealEngine/Common/DerivedDataCache/Buckets/GlobalShaderMap/bf/c0/a21629e464e406a9927915f203d2f59d1f0a.udd" 3857
"C:/Users/emanu/AppData/Local/UnrealEngine/Common/DerivedDataCache/Content/5d/10/f94d107c828f54cb176acdea6727a9bc27e5.udd" 3858
"C:/Users/emanu/AppData/Local/UnrealEngine/Common/DerivedDataCache/Buckets/GlobalShaderMap/2b/72/f8bee6d4fd32d8d2b9a07a15aaa17d9bf330.udd" 3859
"C:/Users/emanu/AppData/Local/UnrealEngine/Common/DerivedDataCache/Buckets/GlobalShaderMap/29/2f/ec27805a200beb7bef48fa419b90b0149865.udd" 3860
"C:/Users/emanu/AppData/Local/UnrealEngine/Common/DerivedDataCache/Buckets/GlobalShaderMap/05/d1/af3d97395196b9b40fe4a23d67218b0de92e.udd" 3861
"C:/Users/emanu/AppData/Local/UnrealEngine/Common/DerivedDataCache/Buckets/GlobalShaderMap/ed/31/e4c76659a39651ad92d8d9246830429deeea.udd" 3862
"C:/Users/emanu/AppData/Local/UnrealEngine/Common/DerivedDataCache/Buckets/GlobalShaderMap/cb/83/e3d5253ef8c4f04e14c2e1b9a19470e073a1.udd" 3863
"C:/Users/emanu/AppData/Local/UnrealEngine/Common/DerivedDataCache/Buckets/GlobalShaderMap/c6/63/963df28b6c7444e958938567c1bade9e8660.udd" 3864
"C:/Users/emanu/AppData/Local/UnrealEngine/Common/DerivedDataCache/Buckets/GlobalShaderMap/6c/e9/4177dcebbfbaffdb0a97adbea93ffd72281a.udd" 3865
"C:/Users/emanu/AppData/Local/UnrealEngine/Common/DerivedDataCache/Buckets/GlobalShaderMap/6f/2f/7db725e707f387a112ffa608465267f27269.udd" 3866
"C:/Users/emanu/AppData/Local/UnrealEngine/Common/DerivedDataCache/Buckets/GlobalShaderMap/89/2f/e8381293a71e99532f7b012b856fd2eb20cb.udd" 3867
"C:/Users/emanu/AppData/Local/UnrealEngine/Common/DerivedDataCache/Buckets/GlobalShaderMap/a9/11/9ce42e4c42c6fd82419463cbfe61107394ee.udd" 3868
"C:/Users/emanu/AppData/Local/UnrealEngine/Common/DerivedDataCache/Buckets/GlobalShaderMap/f0/24/f02e8f08dbd9b54324b06afe61e82e70a6d0.udd" 3869
"C:/Users/emanu/AppData/Local/UnrealEngine/Common/DerivedDataCache/Buckets/GlobalShaderMap/c3/5d/3216b9ccc633c731c7275ed83d8276624a80.udd" 3870
"C:/Users/emanu/AppData/Local/UnrealEngine/Common/DerivedDataCache/Buckets/GlobalShaderMap/09/83/70956abfd50e5cd22365ff0269fc2fe34b22.udd" 3871
"C:/Users/emanu/AppData/Local/UnrealEngine/Common/DerivedDataCache/Content/0f/5c/225b62438109faa5afcedb4942cddf7ab82b.udd" 3872
"C:/Users/emanu/AppData/Local/UnrealEngine/Common/DerivedDataCache/Buckets/GlobalShaderMap/56/11/8b5bef2aed8d7d4082453519aecf11708111.udd" 3873
"C:/Users/emanu/AppData/Local/UnrealEngine/Common/DerivedDataCache/Buckets/GlobalShaderMap/c4/b4/9c156e505786fc2084bc65c4086bb4ddb3d1.udd" 3874
"C:/Users/emanu/AppData/Local/UnrealEngine/Common/DerivedDataCache/Buckets/GlobalShaderMap/22/3f/520b34c3cc8ca61939d7b62380d6521e67d9.udd" 3875
"C:/Users/emanu/AppData/Local/UnrealEngine/Common/DerivedDataCache/Buckets/GlobalShaderMap/56/8a/dfd5bb76280640d0c2a910fb0d94896d188d.udd" 3876
"C:/Users/emanu/AppData/Local/UnrealEngine/Common/DerivedDataCache/Buckets/GlobalShaderMap/e1/3d/6a54eaee564e03ffbfde88f36f4c3994f357.udd" 3877
"C:/Users/emanu/AppData/Local/UnrealEngine/Common/DerivedDataCache/Content/1c/5a/d9b23bec38d6b5b47f9be29650d1f4304310.udd" 3878
"C:/Users/emanu/AppData/Local/UnrealEngine/Common/DerivedDataCache/Buckets/GlobalShaderMap/7c/73/375a1335c9200b664c96af26caa6aae01d70.udd" 3879
"C:/Users/emanu/AppData/Local/UnrealEngine/Common/DerivedDataCache/Buckets/GlobalShaderMap/b9/da/17e22464114d2569275cc8587e369c5c758c.udd" 3880
"C:/Users/emanu/AppData/Local/UnrealEngine/Common/DerivedDataCache/Buckets/GlobalShaderMap/cb/ee/2ff2a694dfe2e698fe2977c5bda2aa9ebc2f.udd" 3881
"C:/Users/emanu/AppData/Local/UnrealEngine/Common/DerivedDataCache/Buckets/GlobalShaderMap/ab/fd/3023c845a26a5748909d0f3e73d060f0b427.udd" 3882
"C:/Users/emanu/AppData/Local/UnrealEngine/Common/DerivedDataCache/Buckets/GlobalShaderMap/2a/f4/444ec05ee6b8958e0cc8e8cd972101b904d6.udd" 3883
"C:/Users/emanu/AppData/Local/UnrealEngine/Common/DerivedDataCache/Buckets/GlobalShaderMap/49/1a/75fad135b90c06f0bd17c08ff94540889db0.udd" 3884
"C:/Users/emanu/AppData/Local/UnrealEngine/Common/DerivedDataCache/Buckets/GlobalShaderMap/d2/31/35134ac585c3be622c0950459156bd0e0e49.udd" 3885
"C:/Users/emanu/AppData/Local/UnrealEngine/Common/DerivedDataCache/Buckets/GlobalShaderMap/4c/3e/b9062cdaa06ac88967ce3ea92c9dac5e23b4.udd" 3886
"C:/Users/emanu/AppData/Local/UnrealEngine/Common/DerivedDataCache/Buckets/GlobalShaderMap/5a/da/3cfb1201bd212285546fbb3355ee8874a2de.udd" 3887
"C:/Users/emanu/AppData/Local/UnrealEngine/Common/DerivedDataCache/Buckets/GlobalShaderMap/e1/59/fcdc116eb61d1788a663505bd5cf520319e6.udd" 3888
"C:/Users/emanu/AppData/Local/UnrealEngine/Common/DerivedDataCache/Buckets/GlobalShaderMap/07/0d/2112edea1873e28f81c9b1d17f6b76c451bb.udd" 3889
"C:/Users/emanu/AppData/Local/UnrealEngine/Common/DerivedDataCache/Buckets/GlobalShaderMap/5b/90/db79f520cb0f630a1d346702b2077970e7ab.udd" 3890
"C:/Users/emanu/AppData/Local/UnrealEngine/Common/DerivedDataCache/Buckets/GlobalShaderMap/3a/b0/998eaeb38d1e1b052e6e2bb0e4055e8019c4.udd" 3891
"C:/Users/emanu/AppData/Local/UnrealEngine/Common/DerivedDataCache/Buckets/GlobalShaderMap/9f/6b/903c09727e3db440a9693a4ef54870b6295d.udd" 3892
"C:/Users/emanu/AppData/Local/UnrealEngine/Common/DerivedDataCache/Buckets/GlobalShaderMap/b2/a6/ed5e130198ef47166013cc09570153822c17.udd" 3893
"C:/Users/emanu/AppData/Local/UnrealEngine/Common/DerivedDataCache/Buckets/GlobalShaderMap/dd/ba/d56742af48591de37fb81d33e8abc91b450c.udd" 3894
"C:/Users/emanu/AppData/Local/UnrealEngine/Common/DerivedDataCache/Buckets/GlobalShaderMap/a3/a0/a1e67f827a68863fb40b742521d5f50e7ff9.udd" 3895
"C:/Users/emanu/AppData/Local/UnrealEngine/Common/DerivedDataCache/Buckets/GlobalShaderMap/01/03/a4257cef9e2ed66e4bfbe9c9ddfbee1f9b93.udd" 3896
"C:/Users/emanu/AppData/Local/UnrealEngine/Common/DerivedDataCache/Buckets/GlobalShaderMap/aa/93/04424407339b05921563779440e635565f1e.udd" 3897
"C:/Users/emanu/AppData/Local/UnrealEngine/Common/DerivedDataCache/Content/ab/26/20f999fdd943cbaaf2e5e089b10e79916362.udd" 3898
"C:/Users/emanu/AppData/Local/UnrealEngine/Common/DerivedDataCache/Buckets/GlobalShaderMap/a5/1a/92808247f5e125ff53868458d310c6a44d9e.udd" 3899
"C:/Users/emanu/AppData/Local/UnrealEngine/Common/DerivedDataCache/Content/cc/68/2e571d5ec481a5fa57b07cadc2729e5553bc.udd" 3900
"C:/Users/emanu/AppData/Local/UnrealEngine/Common/DerivedDataCache/Buckets/GlobalShaderMap/8d/0b/6c9faaea9d7a78514a8447c2194ef4e40715.udd" 3901
"C:/Users/emanu/AppData/Local/UnrealEngine/Common/DerivedDataCache/Buckets/GlobalShaderMap/7a/e9/ba677e0262c871f3c4a7171ff6222a593330.udd" 3902
"C:/Users/emanu/AppData/Local/UnrealEngine/Common/DerivedDataCache/Buckets/GlobalShaderMap/39/e6/bb7b9145bafd20caaaf76c5a3ac68b0921e2.udd" 3903
"C:/Users/emanu/AppData/Local/UnrealEngine/Common/DerivedDataCache/Buckets/GlobalShaderMap/ca/9c/d5a2a3afcd8033023f8a8c7ed7d849117704.udd" 3904
"C:/Users/emanu/AppData/Local/UnrealEngine/Common/DerivedDataCache/Buckets/GlobalShaderMap/06/3e/a4e355b229644f4a6e1617ece1097c03306a.udd" 3905
"C:/Users/emanu/AppData/Local/UnrealEngine/Common/DerivedDataCache/Buckets/GlobalShaderMap/cc/51/12d0ed96d6d37a62d991da8eb739550575c0.udd" 3906
"C:/Users/emanu/AppData/Local/UnrealEngine/Common/DerivedDataCache/Buckets/GlobalShaderMap/3e/3f/ebef137215ad2b1bffe59cf399e1bc018d24.udd" 3907
"C:/Users/emanu/AppData/Local/UnrealEngine/Common/DerivedDataCache/Buckets/GlobalShaderMap/24/e7/e5f5bed67c0f3b5d821e77fb855704547d6d.udd" 3908
"C:/Users/emanu/AppData/Local/UnrealEngine/Common/DerivedDataCache/Buckets/GlobalShaderMap/90/1b/ddf73d6ec2122144174005f5faa7b133256e.udd" 3909
"C:/Users/emanu/AppData/Local/UnrealEngine/Common/DerivedDataCache/Buckets/GlobalShaderMap/b6/2f/f07b8a40d93fbafdc6b8397879da23892b5b.udd" 3910
"C:/Users/emanu/AppData/Local/UnrealEngine/Common/DerivedDataCache/Buckets/GlobalShaderMap/95/74/24ae86674f77376e5deb046cd8c6609cfbcc.udd" 3911
"C:/Users/emanu/AppData/Local/UnrealEngine/Common/DerivedDataCache/Buckets/GlobalShaderMap/1f/cf/7f596ba7987870aae10029d520a5282345bc.udd" 3912
"C:/Users/emanu/AppData/Local/UnrealEngine/Common/DerivedDataCache/Buckets/GlobalShaderMap/a7/ed/439236e533d042d7e0ab4b9bb55ead6e9ff7.udd" 3913
"C:/Users/emanu/AppData/Local/UnrealEngine/Common/DerivedDataCache/Buckets/GlobalShaderMap/b7/6f/1e5091cea0ed569008763a2eff603a19515f.udd" 3914
"C:/Users/emanu/AppData/Local/UnrealEngine/Common/DerivedDataCache/Buckets/GlobalShaderMap/de/34/2ff4fb3af4760fd9b8bb451c5b062b7261a7.udd" 3915
"C:/Users/emanu/AppData/Local/UnrealEngine/Common/DerivedDataCache/Buckets/GlobalShaderMap/92/55/b8a004f882b4b3577123c85c71a48430e43e.udd" 3916
"C:/Users/emanu/AppData/Local/UnrealEngine/Common/DerivedDataCache/Buckets/GlobalShaderMap/e9/f9/6bf9d40f46ea41a39c00b8aa0d5104dbd799.udd" 3917
"C:/Users/emanu/AppData/Local/UnrealEngine/Common/DerivedDataCache/Buckets/GlobalShaderMap/4f/8d/4e56c6f16db84e20a219b603775c9f1df69b.udd" 3918
"C:/Users/emanu/AppData/Local/UnrealEngine/Common/DerivedDataCache/Buckets/GlobalShaderMap/78/25/f1e65467b1f27da1c72242acd01a21d9a765.udd" 3919
"C:/Users/emanu/AppData/Local/UnrealEngine/Common/DerivedDataCache/Buckets/GlobalShaderMap/21/3d/00eec1ead2eaba6062c6b6a3a7ddce170f65.udd" 3920
"C:/Users/emanu/AppData/Local/UnrealEngine/Common/DerivedDataCache/Buckets/GlobalShaderMap/58/21/ef9305faf685c162296f81f9675d8fa53653.udd" 3921
"C:/Users/emanu/AppData/Local/UnrealEngine/Common/DerivedDataCache/Buckets/GlobalShaderMap/21/a7/abd1b11a752790d014067f8deb5276a5410b.udd" 3922
"C:/Users/emanu/AppData/Local/UnrealEngine/Common/DerivedDataCache/Buckets/GlobalShaderMap/51/ab/5a7b12337b7b2bc93c458501dacba48e0a1c.udd" 3923
"C:/Users/emanu/AppData/Local/UnrealEngine/Common/DerivedDataCache/Buckets/GlobalShaderMap/b3/7b/e47ce440fa35821961886f01673a0958410e.udd" 3924
"C:/Users/emanu/AppData/Local/UnrealEngine/Common/DerivedDataCache/Buckets/GlobalShaderMap/66/74/cfb2f9b4021a26b3dd00deb62a5fc8e8d586.udd" 3925
"C:/Users/emanu/AppData/Local/UnrealEngine/Common/DerivedDataCache/Content/72/9d/6a6a96cdfed64ff6984f369d2e486d57a6a6.udd" 3926
"C:/Users/emanu/AppData/Local/UnrealEngine/Common/DerivedDataCache/Buckets/GlobalShaderMap/70/0c/ac85def2e206ec098ce0509adecb6bf22410.udd" 3927
"C:/Users/emanu/AppData/Local/UnrealEngine/Common/DerivedDataCache/Content/aa/f9/671232838aaeff69e5e64c44c6536d5e0302.udd" 3928
"C:/Users/emanu/AppData/Local/UnrealEngine/Common/DerivedDataCache/Buckets/GlobalShaderMap/7c/84/39aef3a7cdf234a66202c1f508dd75b8ffed.udd" 3929
"C:/Users/emanu/AppData/Local/UnrealEngine/Common/DerivedDataCache/Buckets/GlobalShaderMap/73/1e/5b624f68c4b4abb38975fdf2f744886d04a5.udd" 3930
"C:/Users/emanu/AppData/Local/UnrealEngine/Common/DerivedDataCache/Buckets/GlobalShaderMap/7a/56/457df0de274d7d9e98860b5b9e979240957a.udd" 3931
"C:/Users/emanu/AppData/Local/UnrealEngine/Common/DerivedDataCache/Buckets/GlobalShaderMap/5b/cc/f88191301012eb939a5e0d30b232da540dd2.udd" 3932
"C:/Users/emanu/AppData/Local/UnrealEngine/Common/DerivedDataCache/Buckets/GlobalShaderMap/26/11/fb7f1d01f73d902e741951d3c6bda34f0785.udd" 3933
"C:/Users/emanu/AppData/Local/UnrealEngine/Common/DerivedDataCache/Buckets/GlobalShaderMap/a9/31/2330c439e065c0ef6f13f5a2985a272fb19b.udd" 3934
"C:/Users/emanu/AppData/Local/UnrealEngine/Common/DerivedDataCache/Buckets/GlobalShaderMap/36/22/96e269b7378d63b4f42e173efcd27317d29e.udd" 3935
"C:/Users/emanu/AppData/Local/UnrealEngine/Common/DerivedDataCache/Buckets/GlobalShaderMap/f1/61/9183e95643fd7396e2395c4eea2566cdc11a.udd" 3936
"C:/Users/emanu/AppData/Local/UnrealEngine/Common/DerivedDataCache/Buckets/GlobalShaderMap/10/d9/9603a9a2ac4fd13de2cd9be0c13a5509d88e.udd" 3937
"C:/Users/emanu/AppData/Local/UnrealEngine/Common/DerivedDataCache/Buckets/GlobalShaderMap/4d/5c/0901e97dec222680e10732550e071df2ec4a.udd" 3938
"C:/Users/emanu/AppData/Local/UnrealEngine/Common/DerivedDataCache/Buckets/GlobalShaderMap/27/78/2c9035a85ae1a846b2ee52bcb07fd6aa7517.udd" 3939
"C:/Users/emanu/AppData/Local/UnrealEngine/Common/DerivedDataCache/Buckets/GlobalShaderMap/63/fe/33e85cb31024c91c5784ccae124b175b7958.udd" 3940
"C:/Users/emanu/AppData/Local/UnrealEngine/Common/DerivedDataCache/Buckets/GlobalShaderMap/c9/6b/ad79c3b8c9e9aede295f63dbb148882cbfdc.udd" 3941
"C:/Users/emanu/AppData/Local/UnrealEngine/Common/DerivedDataCache/Buckets/GlobalShaderMap/45/d0/f159306a11cd8e745f321c8045e7d57f1f35.udd" 3942
"C:/Users/emanu/AppData/Local/UnrealEngine/Common/DerivedDataCache/Buckets/GlobalShaderMap/53/0f/c37e2f6bfaf74d9e4ee196af89b2f95fcff4.udd" 3943
"C:/Users/emanu/AppData/Local/UnrealEngine/Common/DerivedDataCache/Buckets/GlobalShaderMap/41/83/5a3a780bcc051f7cc3ac9c7af45723ac0c28.udd" 3944
"C:/Users/emanu/AppData/Local/UnrealEngine/Common/DerivedDataCache/Buckets/GlobalShaderMap/a0/98/6b7a0a85a113f5cea8a98c07e4941052c8b7.udd" 3945
"C:/Users/emanu/AppData/Local/UnrealEngine/Common/DerivedDataCache/Buckets/GlobalShaderMap/e9/3c/f401e35e580f183695c2fe6ec5e6bfe51d33.udd" 3946
"C:/Users/emanu/AppData/Local/UnrealEngine/Common/DerivedDataCache/Buckets/GlobalShaderMap/60/f6/b08253adee4c1948d5faced6e0ad10645b19.udd" 3947
"C:/Users/emanu/AppData/Local/UnrealEngine/Common/DerivedDataCache/Buckets/GlobalShaderMap/e0/e4/ffbda745941ac79398b9e229c7b492635a9f.udd" 3948
"C:/Users/emanu/AppData/Local/UnrealEngine/Common/DerivedDataCache/Buckets/GlobalShaderMap/bb/e5/924690657c13c1338886bb55f93636a56987.udd" 3949
"C:/Users/emanu/AppData/Local/UnrealEngine/Common/DerivedDataCache/Buckets/GlobalShaderMap/6f/e7/6ef23d90327a4a86109770a3c11781baaa0a.udd" 3950
"C:/Users/emanu/AppData/Local/UnrealEngine/Common/DerivedDataCache/Buckets/GlobalShaderMap/31/71/8ea85f78a6438df73c909c477a91034b1d2b.udd" 3951
"C:/Users/emanu/AppData/Local/UnrealEngine/Common/DerivedDataCache/Buckets/GlobalShaderMap/5e/ce/aca4b87e677929594c61df96743d2ea11d2c.udd" 3952
"C:/Users/emanu/AppData/Local/UnrealEngine/Common/DerivedDataCache/Buckets/GlobalShaderMap/9a/5c/e22f4ce7a4d33daa77a6616c901255a7b448.udd" 3953
"C:/Users/emanu/AppData/Local/UnrealEngine/Common/DerivedDataCache/Buckets/GlobalShaderMap/c0/ac/bdfbfdadef2eb02ccb596db85481b3911955.udd" 3954
"C:/Users/emanu/AppData/Local/UnrealEngine/Common/DerivedDataCache/Buckets/GlobalShaderMap/7c/8a/e5e9663cf487fe297aeda92f0980f3d9180b.udd" 3955
"C:/Users/emanu/AppData/Local/UnrealEngine/Common/DerivedDataCache/Buckets/GlobalShaderMap/36/1f/fbb8ea8d561f3541d5e44d10b8731431061d.udd" 3956
"C:/Users/emanu/AppData/Local/UnrealEngine/Common/DerivedDataCache/Buckets/GlobalShaderMap/76/b8/e68c2d335d214ea49dba2695a27e6f8fa421.udd" 3957
"C:/Users/emanu/AppData/Local/UnrealEngine/Common/DerivedDataCache/Buckets/GlobalShaderMap/b5/13/7d61bd67e4951de04f57f9d8d29dac91a31d.udd" 3958
"C:/Users/emanu/AppData/Local/UnrealEngine/Common/DerivedDataCache/Buckets/GlobalShaderMap/8b/47/3c94620ca26805c5cccc36f5b02126a7328b.udd" 3959
"C:/Users/emanu/AppData/Local/UnrealEngine/Common/DerivedDataCache/Buckets/GlobalShaderMap/73/c8/1317cb94ba9d98a7bba99fba304caa402036.udd" 3960
"C:/Users/emanu/AppData/Local/UnrealEngine/Common/DerivedDataCache/Content/7b/a1/6ad25d5e348f5cdef3bd41673117c8a0e4f1.udd" 3961
"C:/Users/emanu/AppData/Local/UnrealEngine/Common/DerivedDataCache/Buckets/GlobalShaderMap/99/85/d16f09863c50993ab788400ebc46dadfd5de.udd" 3962
"C:/Users/emanu/AppData/Local/UnrealEngine/Common/DerivedDataCache/Buckets/GlobalShaderMap/01/a8/c78a13e4b9fdee90f1600525d1dbca88023e.udd" 3963
"C:/Users/emanu/AppData/Local/UnrealEngine/Common/DerivedDataCache/Buckets/GlobalShaderMap/d6/46/aec79d5eb537b329d0d59b30fd96be2a7702.udd" 3964
"C:/Users/emanu/AppData/Local/UnrealEngine/Common/DerivedDataCache/Buckets/GlobalShaderMap/55/97/665230e8843a93cce333864e5cb2649b3190.udd" 3965
"C:/Users/emanu/AppData/Local/UnrealEngine/Common/DerivedDataCache/Buckets/GlobalShaderMap/33/1a/306c1a8a40eda0b16c5e951e2e599cdc6f52.udd" 3966
"C:/Users/emanu/AppData/Local/UnrealEngine/Common/DerivedDataCache/Buckets/GlobalShaderMap/10/46/f3531cec8ee0f15e28d15437d6acf8129188.udd" 3967
"C:/Users/emanu/AppData/Local/UnrealEngine/Common/DerivedDataCache/Buckets/GlobalShaderMap/7e/6e/1dd8ab371f196b219b1b1199c13f08f5dcf6.udd" 3968
"C:/Users/emanu/AppData/Local/UnrealEngine/Common/DerivedDataCache/Buckets/GlobalShaderMap/59/9a/ee26750ab9c96bccd6884d0b0756adf0aa4e.udd" 3969
"C:/Users/emanu/AppData/Local/UnrealEngine/Common/DerivedDataCache/Buckets/GlobalShaderMap/c7/cd/bc3a1a69944933661f8f809d8d1205960b01.udd" 3970
"C:/Users/emanu/AppData/Local/UnrealEngine/Common/DerivedDataCache/Buckets/GlobalShaderMap/78/f2/918ae2c069257bd85215423ec8da995b47a7.udd" 3971
"C:/Users/emanu/AppData/Local/UnrealEngine/Common/DerivedDataCache/Buckets/GlobalShaderMap/32/e5/a8af57247e2c8637286b8d0feeb7e8c93ee0.udd" 3972
"C:/Users/emanu/AppData/Local/UnrealEngine/Common/DerivedDataCache/Buckets/GlobalShaderMap/be/72/46ad3afb5269f12a46d11f4e78925d544632.udd" 3973
"C:/Users/emanu/AppData/Local/UnrealEngine/Common/DerivedDataCache/Buckets/GlobalShaderMap/9a/7d/3669c750af9d2d375798282fe6b80c7967e3.udd" 3974
"C:/Users/emanu/AppData/Local/UnrealEngine/Common/DerivedDataCache/Buckets/GlobalShaderMap/74/3c/6b2bd27e905e65fc4f38db6d61c615fbf938.udd" 3975
"C:/Users/emanu/AppData/Local/UnrealEngine/Common/DerivedDataCache/Buckets/GlobalShaderMap/bf/0c/ea5c8323828ff602927b54fa5ce48177ce0e.udd" 3976
"C:/Users/emanu/AppData/Local/UnrealEngine/Common/DerivedDataCache/Buckets/GlobalShaderMap/4c/83/15dc766d4a389284f8720f460a2bc1f78dd2.udd" 3977
"C:/Users/emanu/AppData/Local/UnrealEngine/Common/DerivedDataCache/Buckets/GlobalShaderMap/3a/f8/a9ba13efa61746206600be6e6bad98c8afa9.udd" 3978
"C:/Users/emanu/AppData/Local/UnrealEngine/Common/DerivedDataCache/Buckets/GlobalShaderMap/5f/5b/6c5ed230800594909137d2437a053221ad3a.udd" 3979
"C:/Users/emanu/AppData/Local/UnrealEngine/Common/DerivedDataCache/Buckets/GlobalShaderMap/5b/c7/e8e15bcbae14b8330ccf9459baa203304bda.udd" 3980
"C:/Users/emanu/AppData/Local/UnrealEngine/Common/DerivedDataCache/Buckets/GlobalShaderMap/fe/26/9b643ac6e4f0d436d86916863806b08f28c6.udd" 3981
"C:/Users/emanu/AppData/Local/UnrealEngine/Common/DerivedDataCache/Buckets/GlobalShaderMap/57/17/96f16e890d339a4db8b3d3ae215c8ad7c224.udd" 3982
"C:/Users/emanu/AppData/Local/UnrealEngine/Common/DerivedDataCache/Buckets/GlobalShaderMap/bd/95/3d513f4b3b794ced7b5a32775f1f349cac89.udd" 3983
"C:/Users/emanu/AppData/Local/UnrealEngine/Common/DerivedDataCache/Buckets/GlobalShaderMap/44/f8/b0b6e4d6abdf43b3788451654e63857915af.udd" 3984
"C:/Users/emanu/AppData/Local/UnrealEngine/Common/DerivedDataCache/Buckets/GlobalShaderMap/87/49/4887b8c8afa9a8ce8acac062c00683ec7fbc.udd" 3985
"C:/Users/emanu/AppData/Local/UnrealEngine/Common/DerivedDataCache/Buckets/GlobalShaderMap/18/84/f3e5f77eaa9788327912acdca03d3c5fbe1c.udd" 3986
"C:/Users/emanu/AppData/Local/UnrealEngine/Common/DerivedDataCache/Buckets/GlobalShaderMap/8e/ae/7de0bc89af6ec1b4f072448b4a0fed378079.udd" 3987
"C:/Users/emanu/AppData/Local/UnrealEngine/Common/DerivedDataCache/Buckets/GlobalShaderMap/0f/3d/48330b6e2aa93d07e9a1c1cba6dedcfbc171.udd" 3988
"C:/Users/emanu/AppData/Local/UnrealEngine/Common/DerivedDataCache/Buckets/GlobalShaderMap/9d/c9/e3f8ee4de4e5593ecf69f77e5059b8a74b83.udd" 3989
"C:/Users/emanu/AppData/Local/UnrealEngine/Common/DerivedDataCache/Buckets/GlobalShaderMap/07/3d/c15864b5f0cf7fe062beb5db8cc80899dcde.udd" 3990
"C:/Users/emanu/AppData/Local/UnrealEngine/Common/DerivedDataCache/Buckets/GlobalShaderMap/e8/ca/d4f3084f2a46311212241f1a234f016d1cb5.udd" 3991
"C:/Users/emanu/AppData/Local/UnrealEngine/Common/DerivedDataCache/Buckets/GlobalShaderMap/c3/3e/00af7a38fc2ad5c5ef4b92d5718b36aa8d49.udd" 3992
"C:/Users/emanu/AppData/Local/UnrealEngine/Common/DerivedDataCache/Buckets/GlobalShaderMap/6f/ca/6d9e1cc66d542605f614a237a1f560ef578b.udd" 3993
"C:/Users/emanu/AppData/Local/UnrealEngine/Common/DerivedDataCache/Buckets/GlobalShaderMap/eb/5f/588f923ac34d166ebcfa3026b17a4570288c.udd" 3994
"C:/Users/emanu/AppData/Local/UnrealEngine/Common/DerivedDataCache/Buckets/GlobalShaderMap/8d/09/b82343c141ceeee00b7323340f8b36885496.udd" 3995
"C:/Users/emanu/AppData/Local/UnrealEngine/Common/DerivedDataCache/Buckets/GlobalShaderMap/7e/89/4d95588331c0feb5a163e951e6a14191bc83.udd" 3996
"C:/Users/emanu/AppData/Local/UnrealEngine/Common/DerivedDataCache/Buckets/GlobalShaderMap/39/bc/62bab4abdd3acf876388b671ca80701e5c51.udd" 3997
"C:/Users/emanu/AppData/Local/UnrealEngine/Common/DerivedDataCache/Buckets/GlobalShaderMap/6f/3c/65ec5109c285b634d225546f4f7ae841903f.udd" 3998
"C:/Users/emanu/AppData/Local/UnrealEngine/Common/DerivedDataCache/Buckets/GlobalShaderMap/7b/6c/f7f7480265aa9d6dc5622e4a87d9d24e399b.udd" 3999
"C:/Users/emanu/AppData/Local/UnrealEngine/Common/DerivedDataCache/Buckets/GlobalShaderMap/7c/a3/406accc4c8a432e66b1f6fdcaeb7e706b13a.udd" 4000
"C:/Users/emanu/AppData/Local/UnrealEngine/Common/DerivedDataCache/Buckets/GlobalShaderMap/9e/cd/4dbab14dee903e1e8afc55d310d902e08ff8.udd" 4001
"C:/Users/emanu/AppData/Local/UnrealEngine/Common/DerivedDataCache/Buckets/GlobalShaderMap/14/88/3dc5a5edddce4367cc842a29d54db288f2fa.udd" 4002
"C:/Users/emanu/AppData/Local/UnrealEngine/Common/DerivedDataCache/Buckets/GlobalShaderMap/c4/8c/48d5aaec71ee56a11028e3d2ef016ce501e5.udd" 4003
"C:/Users/emanu/AppData/Local/UnrealEngine/Common/DerivedDataCache/Buckets/GlobalShaderMap/a5/86/5c13d0dca3e298b3728cf116987b3739668e.udd" 4004
"C:/Users/emanu/AppData/Local/UnrealEngine/Common/DerivedDataCache/Buckets/GlobalShaderMap/92/ca/bafa9394277b3521d7e64805f035f691e1f4.udd" 4005
"C:/Users/emanu/AppData/Local/UnrealEngine/Common/DerivedDataCache/Buckets/GlobalShaderMap/d4/63/263e1ce7e4d1ca5f0b34f33d05ea45e4de64.udd" 4006
"C:/Users/emanu/AppData/Local/UnrealEngine/Common/DerivedDataCache/Buckets/GlobalShaderMap/08/2e/f83091bba092a6abf461996ae36c44774c16.udd" 4007
"C:/Users/emanu/AppData/Local/UnrealEngine/Common/DerivedDataCache/Buckets/GlobalShaderMap/25/c6/ecca7141bbd7830fb215d936427e8abfccb7.udd" 4008
"C:/Users/emanu/AppData/Local/UnrealEngine/Common/DerivedDataCache/Buckets/GlobalShaderMap/0e/b6/1e84c640eeb8e020ea69b03c809935c62c7c.udd" 4009
"C:/Users/emanu/AppData/Local/UnrealEngine/Common/DerivedDataCache/Buckets/GlobalShaderMap/cf/68/a3f14327f6756ec663be70e3d0e96e8e9584.udd" 4010
"C:/Users/emanu/AppData/Local/UnrealEngine/Common/DerivedDataCache/Buckets/GlobalShaderMap/2a/ee/2379c1030eed911a2e21e87081acfa016f65.udd" 4011
"C:/Users/emanu/AppData/Local/UnrealEngine/Common/DerivedDataCache/Buckets/GlobalShaderMap/39/40/85038f9b55312ed47acd2baafb9e1d53439c.udd" 4012
"C:/Users/emanu/AppData/Local/UnrealEngine/Common/DerivedDataCache/Buckets/GlobalShaderMap/71/f4/4394bd9c95d4fdc062fc59903f43f2dbd320.udd" 4013
"C:/Users/emanu/AppData/Local/UnrealEngine/Common/DerivedDataCache/Buckets/GlobalShaderMap/9d/5d/b4d1dd974d7beaa6ec8ffa749cf587e22a77.udd" 4014
"C:/Users/emanu/AppData/Local/UnrealEngine/Common/DerivedDataCache/Buckets/GlobalShaderMap/fa/e5/5cc4551960ae86e5a38dd53cf5165fc03176.udd" 4015
"C:/Users/emanu/AppData/Local/UnrealEngine/Common/DerivedDataCache/Buckets/GlobalShaderMap/49/e3/94399b53cf2b7936ddc4224c0c4d6d4ea487.udd" 4016
"C:/Users/emanu/AppData/Local/UnrealEngine/Common/DerivedDataCache/Buckets/GlobalShaderMap/3a/69/d169c5ceb3fb28f343616b6df4ac7c52ad02.udd" 4017
"C:/Users/emanu/AppData/Local/UnrealEngine/Common/DerivedDataCache/Buckets/GlobalShaderMap/12/58/fad72760e56c547de2ee58a96b0427aa3784.udd" 4018
"C:/Users/emanu/AppData/Local/UnrealEngine/Common/DerivedDataCache/Buckets/GlobalShaderMap/80/d3/acea6779564471fe2d5c960a65867503b71d.udd" 4019
"C:/Users/emanu/AppData/Local/UnrealEngine/Common/DerivedDataCache/Buckets/GlobalShaderMap/55/6d/db38fee10e49fcb4a657c03cd275ab5b6cfd.udd" 4020
"C:/Users/emanu/AppData/Local/UnrealEngine/Common/DerivedDataCache/Buckets/GlobalShaderMap/cf/8f/c132afc70133152bd59f25a89bd3eb4c68dd.udd" 4021
"C:/Users/emanu/AppData/Local/UnrealEngine/Common/DerivedDataCache/Buckets/GlobalShaderMap/58/9b/a110adb93a751c4dee817ab6f9e8f4f51841.udd" 4022
"C:/Users/emanu/AppData/Local/UnrealEngine/Common/DerivedDataCache/Buckets/GlobalShaderMap/7e/b8/4cb369b36fac4fdf555c811304cb039b7604.udd" 4023
"C:/Users/emanu/AppData/Local/UnrealEngine/Common/DerivedDataCache/Buckets/GlobalShaderMap/c6/08/c55d6ebb061d88c47480a6eacb25e14af5d8.udd" 4024
"C:/Users/emanu/AppData/Local/UnrealEngine/Common/DerivedDataCache/Buckets/GlobalShaderMap/84/bb/6e92b5ec85b2b3bd2be2b23dc29d1402f80d.udd" 4025
"C:/Users/emanu/AppData/Local/UnrealEngine/Common/DerivedDataCache/Buckets/GlobalShaderMap/ec/d1/f021477753c7eaaebaec9468bfc1d773329f.udd" 4026
"C:/Users/emanu/AppData/Local/UnrealEngine/Common/DerivedDataCache/Buckets/GlobalShaderMap/ef/b2/fba1e513de561ccba8837ba727385fcb8f3c.udd" 4027
"C:/Users/emanu/AppData/Local/UnrealEngine/Common/DerivedDataCache/Buckets/GlobalShaderMap/54/83/e552656f427315e5bf1b93cfeb98524e11ae.udd" 4028
"C:/Users/emanu/AppData/Local/UnrealEngine/Common/DerivedDataCache/Buckets/GlobalShaderMap/8f/ab/b1f8339c5452a9cc3ab07aa1131de026dabc.udd" 4029
"C:/Users/emanu/AppData/Local/UnrealEngine/Common/DerivedDataCache/Buckets/GlobalShaderMap/88/8c/aa3d3e59c56b7c85513c226affac74336eab.udd" 4030
"C:/Users/emanu/AppData/Local/UnrealEngine/Common/DerivedDataCache/Buckets/GlobalShaderMap/35/82/9e731bf09e593953e89d205fab5fb3996d37.udd" 4031
"C:/Users/emanu/AppData/Local/UnrealEngine/Common/DerivedDataCache/Buckets/GlobalShaderMap/06/29/2f7e3b3554a8a4d3f014e4ba24fe0cec83ee.udd" 4032
"C:/Users/emanu/AppData/Local/UnrealEngine/Common/DerivedDataCache/Buckets/GlobalShaderMap/a4/7d/d4d0d16eadca66e873fb1d259ca25e3db020.udd" 4033
"C:/Users/emanu/AppData/Local/UnrealEngine/Common/DerivedDataCache/Buckets/GlobalShaderMap/bf/9d/c2c159a86c7d0c62f032c3a04a8695283133.udd" 4034
"C:/Users/emanu/AppData/Local/UnrealEngine/Common/DerivedDataCache/Buckets/GlobalShaderMap/b8/40/2d61e7c19c7a39e01eacaab9a59defaa9e8e.udd" 4035
"C:/Users/emanu/AppData/Local/UnrealEngine/Common/DerivedDataCache/Buckets/GlobalShaderMap/04/ec/88237570da8a6516f3cf44860834fac89780.udd" 4036
"C:/Users/emanu/AppData/Local/UnrealEngine/Common/DerivedDataCache/Buckets/GlobalShaderMap/75/02/f9bc8f8c8bedb0dad886f755ec999c3f953f.udd" 4037
"C:/Users/emanu/AppData/Local/UnrealEngine/Common/DerivedDataCache/Buckets/GlobalShaderMap/6f/18/aec8fc13ca705c0c5eb1648f510648305062.udd" 4038
"C:/Users/emanu/AppData/Local/UnrealEngine/Common/DerivedDataCache/Buckets/GlobalShaderMap/d3/5e/e8477dfad22ede04b3876724c48efe4a970c.udd" 4039
"C:/Users/emanu/AppData/Local/UnrealEngine/Common/DerivedDataCache/Buckets/GlobalShaderMap/09/d8/279dabfb4f40f3a6a3211ad5e12c8f9beca7.udd" 4040
"C:/Users/emanu/AppData/Local/UnrealEngine/Common/DerivedDataCache/Buckets/GlobalShaderMap/b8/be/ed0c0f31857d5f8ac3309446ab8a40a93e81.udd" 4041
"C:/Users/emanu/AppData/Local/UnrealEngine/Common/DerivedDataCache/Buckets/GlobalShaderMap/2d/f7/16803f7ef5dfcfd374deff6f9487da3c0243.udd" 4042
"C:/Users/emanu/AppData/Local/UnrealEngine/Common/DerivedDataCache/Buckets/GlobalShaderMap/50/21/179e5cb1b503a9846a2a397b9ed5aab66ce2.udd" 4043
"C:/Users/emanu/AppData/Local/UnrealEngine/Common/DerivedDataCache/Buckets/GlobalShaderMap/45/7a/0bddd7239056cf8de942f70a726f26f6c56d.udd" 4044
"C:/Users/emanu/AppData/Local/UnrealEngine/Common/DerivedDataCache/Buckets/GlobalShaderMap/c3/dd/e18b0e4055d7bad8ca60b0fc3f02392fe814.udd" 4045
"C:/Users/emanu/AppData/Local/UnrealEngine/Common/DerivedDataCache/Buckets/GlobalShaderMap/73/64/ea71e10b5dde1ddd400f5152337550bafa3c.udd" 4046
"C:/Users/emanu/AppData/Local/UnrealEngine/Common/DerivedDataCache/Buckets/GlobalShaderMap/44/79/3a3ba9a7a6c87aaca7b420cabff0a994515f.udd" 4047
"C:/Users/emanu/AppData/Local/UnrealEngine/Common/DerivedDataCache/Buckets/GlobalShaderMap/0d/c4/286d54ead2516d72f07dba62f52b3fb877f2.udd" 4048
"C:/Users/emanu/AppData/Local/UnrealEngine/Common/DerivedDataCache/Buckets/GlobalShaderMap/95/f6/2bd8a2b277e8fb38ab05f0cfbd390ecf9b21.udd" 4049
"C:/Users/emanu/AppData/Local/UnrealEngine/Common/DerivedDataCache/Buckets/GlobalShaderMap/22/8b/d694b693a5e987ea10cd6ad9e258d5d04734.udd" 4050
"C:/Users/emanu/AppData/Local/UnrealEngine/Common/DerivedDataCache/Buckets/GlobalShaderMap/fe/a9/a8cef2f41d8f3d82701955dd37f284d2a163.udd" 4051
"C:/Users/emanu/AppData/Local/UnrealEngine/Common/DerivedDataCache/Buckets/GlobalShaderMap/92/12/0740f49017511abe15d5c28c6f8a46ed2553.udd" 4052
"C:/Users/emanu/AppData/Local/UnrealEngine/Common/DerivedDataCache/Buckets/GlobalShaderMap/91/cf/d7ae7eff1154a625155253f06896cc00ae37.udd" 4053
"C:/Users/emanu/AppData/Local/UnrealEngine/Common/DerivedDataCache/Buckets/GlobalShaderMap/56/57/3cd5081afad3c4f42c1ace0b3a9f863403bc.udd" 4054
"C:/Users/emanu/AppData/Local/UnrealEngine/Common/DerivedDataCache/Buckets/GlobalShaderMap/60/f9/e91ee330a8ff602d527f10d2abdded8bfc68.udd" 4055
"C:/Users/emanu/AppData/Local/UnrealEngine/Common/DerivedDataCache/Buckets/GlobalShaderMap/3a/0d/2925db154d366d6c31de1ad3e2e6ea5e4d1a.udd" 4056
"C:/Users/emanu/AppData/Local/UnrealEngine/Common/DerivedDataCache/Buckets/GlobalShaderMap/40/e8/550aef5666079b9dee959432d56e85aad30e.udd" 4057
"C:/Users/emanu/AppData/Local/UnrealEngine/Common/DerivedDataCache/Buckets/GlobalShaderMap/1e/06/8aae307fb2f5c7d9be18eb8d0502e12c3d60.udd" 4058
"C:/Users/emanu/AppData/Local/UnrealEngine/Common/DerivedDataCache/Buckets/GlobalShaderMap/65/73/6f6bbc0dbb2eb74a0c5a6824efa06864ee0b.udd" 4059
"C:/Users/emanu/AppData/Local/UnrealEngine/Common/DerivedDataCache/Buckets/GlobalShaderMap/c7/2c/0952de513a2aa0db4e89538874fb00802145.udd" 4060
"C:/Users/emanu/AppData/Local/UnrealEngine/Common/DerivedDataCache/Buckets/GlobalShaderMap/e2/a1/2109b541228363cbe56a620a64efee052775.udd" 4061
"C:/Users/emanu/AppData/Local/UnrealEngine/Common/DerivedDataCache/Buckets/GlobalShaderMap/49/16/863881042c27c65668f4692b091d4c63fcc0.udd" 4062
"C:/Users/emanu/AppData/Local/UnrealEngine/Common/DerivedDataCache/Buckets/GlobalShaderMap/80/16/5f970bc504b7b20e603e7aace64c79946a0b.udd" 4063
"C:/Users/emanu/AppData/Local/UnrealEngine/Common/DerivedDataCache/Buckets/GlobalShaderMap/78/33/4ba14b207463a5f3fead2b6ef4ffa5d1470e.udd" 4064
"C:/Users/emanu/AppData/Local/UnrealEngine/Common/DerivedDataCache/Buckets/GlobalShaderMap/e4/f1/9a934e7dc47ac6af3d09d2fdbbfb797bf2a4.udd" 4065
"C:/Users/emanu/AppData/Local/UnrealEngine/Common/DerivedDataCache/Buckets/GlobalShaderMap/d6/d2/262a70302f753d0c687b7df61520439c4918.udd" 4066
"C:/Users/emanu/AppData/Local/UnrealEngine/Common/DerivedDataCache/Buckets/GlobalShaderMap/63/30/52d59e72810bf104a11fea22ba7fd9929c1a.udd" 4067
"C:/Users/emanu/AppData/Local/UnrealEngine/Common/DerivedDataCache/Buckets/GlobalShaderMap/0a/70/7e0239914d658b5741384702df4ebe450e56.udd" 4068
"C:/Users/emanu/AppData/Local/UnrealEngine/Common/DerivedDataCache/Buckets/GlobalShaderMap/c8/4c/27f1822b1719f461467d128c3a39f5383f98.udd" 4069
"C:/Users/emanu/AppData/Local/UnrealEngine/Common/DerivedDataCache/Buckets/GlobalShaderMap/70/5f/3f9784283b15567e1f938504dab421e6e008.udd" 4070
"C:/Users/emanu/AppData/Local/UnrealEngine/Common/DerivedDataCache/Buckets/GlobalShaderMap/2c/15/b8ad8880c329e8b8a955e0347ba75c9efc34.udd" 4071
"C:/Users/emanu/AppData/Local/UnrealEngine/Common/DerivedDataCache/Buckets/GlobalShaderMap/48/e7/6e910d06a4af06de9ea915b366ce2089ee50.udd" 4072
"C:/Users/emanu/AppData/Local/UnrealEngine/Common/DerivedDataCache/Buckets/GlobalShaderMap/3c/3b/78e0d2f18283ea561bbf702fc8d9e250c3d0.udd" 4073
"C:/Users/emanu/AppData/Local/UnrealEngine/Common/DerivedDataCache/Buckets/GlobalShaderMap/79/cb/830f6cfe16a9129679036e53b1b70d5f2511.udd" 4074
"C:/Users/emanu/AppData/Local/UnrealEngine/Common/DerivedDataCache/Buckets/GlobalShaderMap/db/4f/cbd47273f178406ed4bcbf437c28ea24ae9c.udd" 4075
"C:/Users/emanu/AppData/Local/UnrealEngine/Common/DerivedDataCache/Buckets/GlobalShaderMap/43/f1/136b229685a4e79bc1cc26f4923e94a2262b.udd" 4076
"C:/Users/emanu/AppData/Local/UnrealEngine/Common/DerivedDataCache/Buckets/GlobalShaderMap/e0/02/f9d3dd37a95685ad678b1f6b4cb64942e721.udd" 4077
"C:/Users/emanu/AppData/Local/UnrealEngine/Common/DerivedDataCache/Buckets/GlobalShaderMap/40/fd/801e3b7b33b1db0e459f9873c3461c827303.udd" 4078
"C:/Users/emanu/AppData/Local/UnrealEngine/Common/DerivedDataCache/Buckets/GlobalShaderMap/9e/6c/8b940af8e80906ced12dbaec34bd8b32023e.udd" 4079
"C:/Users/emanu/AppData/Local/UnrealEngine/Common/DerivedDataCache/Buckets/GlobalShaderMap/27/39/daef59381a47df020a6ef6e83b9a57a5e1d4.udd" 4080
"C:/Users/emanu/AppData/Local/UnrealEngine/Common/DerivedDataCache/Buckets/GlobalShaderMap/eb/54/b6fbe92393cc58055ccb98cb2720e380133c.udd" 4081
"C:/Users/emanu/AppData/Local/UnrealEngine/Common/DerivedDataCache/Buckets/GlobalShaderMap/50/ab/493eef7ec7b60d9971fde99716a5911e4644.udd" 4082
"C:/Users/emanu/AppData/Local/UnrealEngine/Common/DerivedDataCache/Buckets/GlobalShaderMap/24/29/a92964e33e79ec96d7c23bdcfaabaf6a12f6.udd" 4083
"C:/Users/emanu/AppData/Local/UnrealEngine/Common/DerivedDataCache/Buckets/GlobalShaderMap/30/cf/f1ef93bc45e9c291935b7d9752add88c72fc.udd" 4084
"C:/Users/emanu/AppData/Local/UnrealEngine/Common/DerivedDataCache/Buckets/GlobalShaderMap/20/07/765325d02be0072c39cb6efccbc92d9fc80e.udd" 4085
"C:/Users/emanu/AppData/Local/UnrealEngine/Common/DerivedDataCache/Buckets/GlobalShaderMap/5d/b5/2b7fdc08177efa2fcbdfff22252ae6074093.udd" 4086
"C:/Users/emanu/AppData/Local/UnrealEngine/Common/DerivedDataCache/Buckets/GlobalShaderMap/04/58/aa0132bd3d45b11df60942851076325ec72d.udd" 4087
"C:/Users/emanu/AppData/Local/UnrealEngine/Common/DerivedDataCache/Buckets/GlobalShaderMap/a9/fb/e2907de097ecbd886986bb24f886eaf84c81.udd" 4088
"C:/Users/emanu/AppData/Local/UnrealEngine/Common/DerivedDataCache/Buckets/GlobalShaderMap/c6/43/0d288961231be88bcdf2fa7c8b475b3c8d15.udd" 4089
"C:/Users/emanu/AppData/Local/UnrealEngine/Common/DerivedDataCache/Buckets/GlobalShaderMap/2e/07/aab3d3b55d5ad2687a097b1277d530e0371c.udd" 4090
"C:/Users/emanu/AppData/Local/UnrealEngine/Common/DerivedDataCache/Buckets/GlobalShaderMap/cf/24/1ee579e677f004d28cd4a5bc04a30fb3e6c1.udd" 4091
"C:/Users/emanu/AppData/Local/UnrealEngine/Common/DerivedDataCache/Buckets/GlobalShaderMap/de/74/3138e9f7df6c53d62a5b04528e81382bc010.udd" 4092
"C:/Users/emanu/AppData/Local/UnrealEngine/Common/DerivedDataCache/Buckets/GlobalShaderMap/e7/35/51935d84c9959e987eb45b650c6e1ee3fa64.udd" 4093
"C:/Users/emanu/AppData/Local/UnrealEngine/Common/DerivedDataCache/Buckets/GlobalShaderMap/ed/08/22dc5d17ae58c70555c9cbfddea2e9791b10.udd" 4094
"C:/Users/emanu/AppData/Local/UnrealEngine/Common/DerivedDataCache/Buckets/GlobalShaderMap/d1/77/442f4b7407402b970d9b5255f64949d2cff4.udd" 4095
"C:/Users/emanu/AppData/Local/UnrealEngine/Common/DerivedDataCache/Buckets/GlobalShaderMap/33/fc/b19339830a7b335a4d9c0db684a7670e6918.udd" 4096
"C:/Users/emanu/AppData/Local/UnrealEngine/Common/DerivedDataCache/Buckets/GlobalShaderMap/02/58/3fc1d6334e6e0bb3041684c934b2b6aea7b4.udd" 4097
"C:/Users/emanu/AppData/Local/UnrealEngine/Common/DerivedDataCache/Buckets/GlobalShaderMap/b7/ca/dccf905a7c24af022ebdf9303bed542b6a7a.udd" 4098
"C:/Users/emanu/AppData/Local/UnrealEngine/Common/DerivedDataCache/Buckets/GlobalShaderMap/96/d8/1beca4d54727f1b4c829cb8f6a71b5045aba.udd" 4099
"C:/Users/emanu/AppData/Local/UnrealEngine/Common/DerivedDataCache/Buckets/GlobalShaderMap/23/b2/c1171aca59a3d90033547ffe0e2ab0306152.udd" 4100
"C:/Users/emanu/AppData/Local/UnrealEngine/Common/DerivedDataCache/Buckets/GlobalShaderMap/87/83/ab887e7e412f63f71e71137dcdd51681d990.udd" 4101
"C:/Users/emanu/AppData/Local/UnrealEngine/Common/DerivedDataCache/Buckets/GlobalShaderMap/e5/a6/9b1752eeb6b2cb9a395a3cdf3ab210618d3c.udd" 4102
"C:/Users/emanu/AppData/Local/UnrealEngine/Common/DerivedDataCache/Buckets/GlobalShaderMap/42/ec/9b56d8fef1c7b9a4694ad4cc910388b55498.udd" 4103
"C:/Users/emanu/AppData/Local/UnrealEngine/Common/DerivedDataCache/Buckets/GlobalShaderMap/c8/7c/ea623bceecf2d511c7e09c82d014a3587373.udd" 4104
"C:/Users/emanu/AppData/Local/UnrealEngine/Common/DerivedDataCache/Buckets/GlobalShaderMap/06/8a/dd727714c95c00d6639d5b4e2c84b7e15345.udd" 4105
"C:/Users/emanu/AppData/Local/UnrealEngine/Common/DerivedDataCache/Buckets/GlobalShaderMap/81/90/e53ca2965399acb7d3e075be5cc0e6bf583e.udd" 4106
"C:/Users/emanu/AppData/Local/UnrealEngine/Common/DerivedDataCache/Buckets/GlobalShaderMap/79/89/f8b6514bd42edbf7625b37210644abfa664f.udd" 4107
"C:/Users/emanu/AppData/Local/UnrealEngine/Common/DerivedDataCache/Buckets/GlobalShaderMap/bc/27/3893a46206e10bda30f27826274055d7976d.udd" 4108
"C:/Users/emanu/AppData/Local/UnrealEngine/Common/DerivedDataCache/Buckets/GlobalShaderMap/16/75/9916d012d730b5147d0cb94aae3a7f792090.udd" 4109
"C:/Users/emanu/AppData/Local/UnrealEngine/Common/DerivedDataCache/Buckets/GlobalShaderMap/73/f4/4ad5fff96baa9415f5b294c90191ac243c13.udd" 4110
"C:/Users/emanu/AppData/Local/UnrealEngine/Common/DerivedDataCache/Buckets/GlobalShaderMap/ed/f6/0e7d6b9838386e983feb4cdabc598886939b.udd" 4111
"C:/Users/emanu/AppData/Local/UnrealEngine/Common/DerivedDataCache/Buckets/GlobalShaderMap/b2/42/ab6a8fa2ad4737fb929bc7cd6f64a49d72d5.udd" 4112
"C:/Users/emanu/AppData/Local/UnrealEngine/Common/DerivedDataCache/Buckets/GlobalShaderMap/40/d0/89b231416d8cd610bf243500d7ebdaea9759.udd" 4113
"C:/Users/emanu/AppData/Local/UnrealEngine/Common/DerivedDataCache/Content/d7/88/fe7587fe13fc05af946a6d87ad004e55e53e.udd" 4114
"C:/Users/emanu/AppData/Local/UnrealEngine/Common/DerivedDataCache/Buckets/GlobalShaderMap/c0/dd/430ac5250a1c81f53ccc5a059f81742358b6.udd" 4115
"C:/Users/emanu/AppData/Local/UnrealEngine/Common/DerivedDataCache/Buckets/GlobalShaderMap/f1/a2/b5bdf39d91edb0322be514d66e41d62c722e.udd" 4116
"C:/Users/emanu/AppData/Local/UnrealEngine/Common/DerivedDataCache/Buckets/GlobalShaderMap/3b/cf/f408039cf36201e9381f2364c57b4996682b.udd" 4117
"C:/Users/emanu/AppData/Local/UnrealEngine/Common/DerivedDataCache/Buckets/GlobalShaderMap/2f/40/8912caaef65a712330cc69eac4712336985c.udd" 4118
"C:/Users/emanu/AppData/Local/UnrealEngine/Common/DerivedDataCache/Buckets/GlobalShaderMap/e3/33/566e840b76e51a79d54368af8db644896816.udd" 4119
"C:/Users/emanu/AppData/Local/UnrealEngine/Common/DerivedDataCache/Buckets/GlobalShaderMap/6f/29/0443dcdd5c54fd07be1671629dca93ac79cf.udd" 4120
"C:/Users/emanu/AppData/Local/UnrealEngine/Common/DerivedDataCache/Buckets/GlobalShaderMap/84/65/147769030f66e33e0af822da5b3c5b135fa4.udd" 4121
"C:/Users/emanu/AppData/Local/UnrealEngine/Common/DerivedDataCache/Buckets/GlobalShaderMap/3d/13/8179970eb5c2b3de703b3e4d4149c1a2b3bd.udd" 4122
"C:/Users/emanu/AppData/Local/UnrealEngine/Common/DerivedDataCache/Buckets/GlobalShaderMap/70/c9/7109bd09e2745e8260d4cbcf895db28377a1.udd" 4123
"C:/Users/emanu/AppData/Local/UnrealEngine/Common/DerivedDataCache/Buckets/GlobalShaderMap/0e/51/f3b069106e045c3cf0ff99c44060a60795f3.udd" 4124
"C:/Users/emanu/AppData/Local/UnrealEngine/Common/DerivedDataCache/Buckets/GlobalShaderMap/f3/4f/3ac880b749098ec3be96e3c7fb00b6c17b6c.udd" 4125
"C:/Users/emanu/AppData/Local/UnrealEngine/Common/DerivedDataCache/Buckets/GlobalShaderMap/20/2e/dfe47a22f9576520b5b82be46e011673a820.udd" 4126
"C:/Users/emanu/AppData/Local/UnrealEngine/Common/DerivedDataCache/Buckets/GlobalShaderMap/f5/96/2e39f6de4fc677b1969d1dec831e07bdaad2.udd" 4127
"C:/Users/emanu/AppData/Local/UnrealEngine/Common/DerivedDataCache/Buckets/GlobalShaderMap/53/1a/25b06446bb5b723938a2fc686d489883a260.udd" 4128
"C:/Users/emanu/AppData/Local/UnrealEngine/Common/DerivedDataCache/Buckets/GlobalShaderMap/39/80/57c5536e98431d415ae672db118466666bd9.udd" 4129
"C:/Users/emanu/AppData/Local/UnrealEngine/Common/DerivedDataCache/Buckets/GlobalShaderMap/74/3d/4b5699e076a837bffd6ccef9f4a3539fbba4.udd" 4130
"C:/Users/emanu/AppData/Local/UnrealEngine/Common/DerivedDataCache/Buckets/GlobalShaderMap/fe/6e/c45d846a201a4626b809afaf8d4b996c4bcc.udd" 4131
"C:/Users/emanu/AppData/Local/UnrealEngine/Common/DerivedDataCache/Buckets/GlobalShaderMap/c0/f5/330e9361f7a612ca99f6e0395b93a14ca12b.udd" 4132
"C:/Users/emanu/AppData/Local/UnrealEngine/Common/DerivedDataCache/Buckets/GlobalShaderMap/b5/a6/5272c6c53f2465ebe0c0ed195ad616752eaf.udd" 4133
"C:/Users/emanu/AppData/Local/UnrealEngine/Common/DerivedDataCache/Buckets/GlobalShaderMap/01/20/f9713e5e22df25df74d18fe3912b466aa01e.udd" 4134
"C:/Users/emanu/AppData/Local/UnrealEngine/Common/DerivedDataCache/Buckets/GlobalShaderMap/40/45/433165fee2c0df202ef754fb78b8b4c5b226.udd" 4135
"C:/Users/emanu/AppData/Local/UnrealEngine/Common/DerivedDataCache/Buckets/GlobalShaderMap/b6/96/af62dc1d84b68e13b60fcd682acce6b1eafc.udd" 4136
"C:/Users/emanu/AppData/Local/UnrealEngine/Common/DerivedDataCache/Buckets/GlobalShaderMap/72/e2/15b4d9a6a6cfa70d7b533bd9094fbb2c2dc2.udd" 4137
"C:/Users/emanu/AppData/Local/UnrealEngine/Common/DerivedDataCache/Buckets/GlobalShaderMap/31/b1/56005ece73523973c61c0a67274346f3dec9.udd" 4138
"C:/Users/emanu/AppData/Local/UnrealEngine/Common/DerivedDataCache/Buckets/GlobalShaderMap/ad/1d/1ade4bcf2ad7bda498085cb983a99fd9210e.udd" 4139
"C:/Users/emanu/AppData/Local/UnrealEngine/Common/DerivedDataCache/Buckets/GlobalShaderMap/ba/e6/7ffbe23b72c7e187f4d21ae877c58a639c84.udd" 4140
"C:/Users/emanu/AppData/Local/UnrealEngine/Common/DerivedDataCache/Buckets/GlobalShaderMap/b4/d8/b11f0cd00614d12cae251cc01f3921d72fdb.udd" 4141
"C:/Users/emanu/AppData/Local/UnrealEngine/Common/DerivedDataCache/Buckets/GlobalShaderMap/b6/e5/91117faef638eb4cdd38b9e2b2187e85db7c.udd" 4142
"C:/Users/emanu/AppData/Local/UnrealEngine/Common/DerivedDataCache/Content/42/13/669c49278699fdae6eaa13b97a3b3900ce2f.udd" 4143
"C:/Users/emanu/AppData/Local/UnrealEngine/Common/DerivedDataCache/Buckets/GlobalShaderMap/9d/c1/c4ea435062d6b3a140e64cff88b5c25e8233.udd" 4144
"C:/Users/emanu/AppData/Local/UnrealEngine/Common/DerivedDataCache/Buckets/GlobalShaderMap/05/34/09c84d8e351071f951ebb02328c42de6c693.udd" 4145
"C:/Users/emanu/AppData/Local/UnrealEngine/Common/DerivedDataCache/Buckets/GlobalShaderMap/8f/6c/c6902465ab0ecacf30b7c3c3e93320e591b2.udd" 4146
"C:/Users/emanu/AppData/Local/UnrealEngine/Common/DerivedDataCache/Buckets/GlobalShaderMap/12/c0/86289b1c7366ab6d71e1e4a7feb7c81dcbce.udd" 4147
"C:/Users/emanu/AppData/Local/UnrealEngine/Common/DerivedDataCache/Buckets/GlobalShaderMap/f6/dd/d4d75c31d3bf8d222bb863badeca70394548.udd" 4148
"C:/Users/emanu/AppData/Local/UnrealEngine/Common/DerivedDataCache/Buckets/GlobalShaderMap/e8/04/500a1924603bdc21d6a8499277d960df417f.udd" 4149
"C:/Users/emanu/AppData/Local/UnrealEngine/Common/DerivedDataCache/Buckets/GlobalShaderMap/9e/6f/79ebb1e5c81e25635d77936b7d8c2b9d19f2.udd" 4150
"C:/Users/emanu/AppData/Local/UnrealEngine/Common/DerivedDataCache/Buckets/GlobalShaderMap/dc/f9/1866e4bd8f8dce756d49173388dd38f8483d.udd" 4151
"C:/Users/emanu/AppData/Local/UnrealEngine/Common/DerivedDataCache/Buckets/GlobalShaderMap/4b/f3/d6b660d3d60cc108c14e2c3961283d5418e8.udd" 4152
"C:/Users/emanu/AppData/Local/UnrealEngine/Common/DerivedDataCache/Buckets/GlobalShaderMap/46/f0/5296c3025422f8905540c65d39689b8b09f9.udd" 4153
"C:/Users/emanu/AppData/Local/UnrealEngine/Common/DerivedDataCache/Buckets/GlobalShaderMap/d9/f3/7a59390c57c0b9a8ae1c918b13871cde05fb.udd" 4154
"C:/Users/emanu/AppData/Local/UnrealEngine/Common/DerivedDataCache/Buckets/GlobalShaderMap/e7/aa/4c5d49e61914885e36ab3ce7b24435d692e3.udd" 4155
"C:/Users/emanu/AppData/Local/UnrealEngine/Common/DerivedDataCache/Buckets/GlobalShaderMap/12/3d/7cb88bf60d84ccc794694ea36feec7d75d6b.udd" 4156
"C:/Users/emanu/AppData/Local/UnrealEngine/Common/DerivedDataCache/Buckets/GlobalShaderMap/ce/52/58488a5e53db5f0a4943bad709e3b7e846f7.udd" 4157
"C:/Users/emanu/AppData/Local/UnrealEngine/Common/DerivedDataCache/Buckets/GlobalShaderMap/bc/d0/eebb4690cdad8899d07fba307400548f8f5f.udd" 4158
"C:/Users/emanu/AppData/Local/UnrealEngine/Common/DerivedDataCache/Buckets/GlobalShaderMap/75/74/d93170a18765004502639cd359b0ed2f4ea2.udd" 4159
"C:/Users/emanu/AppData/Local/UnrealEngine/Common/DerivedDataCache/Buckets/GlobalShaderMap/ae/6f/4254d2198b798dfd0205978f6c971fcbcfcb.udd" 4160
"C:/Users/emanu/AppData/Local/UnrealEngine/Common/DerivedDataCache/Buckets/GlobalShaderMap/b2/cc/e2850347c5b1db928d9089a51f26bcab9f90.udd" 4161
"C:/Users/emanu/AppData/Local/UnrealEngine/Common/DerivedDataCache/Buckets/GlobalShaderMap/5c/63/75c643306f811f6d230c5aad36e03e324a5f.udd" 4162
"C:/Users/emanu/AppData/Local/UnrealEngine/Common/DerivedDataCache/Buckets/GlobalShaderMap/42/f2/4dcf990cc384cef4006973ed8ed9fe0120ca.udd" 4163
"C:/Users/emanu/AppData/Local/UnrealEngine/Common/DerivedDataCache/Buckets/GlobalShaderMap/24/e9/7f0cef3b8d6dcd6086059c2fc1c9d7142972.udd" 4164
"C:/Users/emanu/AppData/Local/UnrealEngine/Common/DerivedDataCache/Buckets/GlobalShaderMap/09/49/3cd42a10f46705a9c4ad42ff2e703600757f.udd" 4165
"C:/Users/emanu/AppData/Local/UnrealEngine/Common/DerivedDataCache/Buckets/GlobalShaderMap/c9/37/1705f1e8ffe1a97e516f32b71255796a4658.udd" 4166
"C:/Users/emanu/AppData/Local/UnrealEngine/Common/DerivedDataCache/Buckets/GlobalShaderMap/e8/7c/9ca3178cfeb29d4958cee5bf461e9f018246.udd" 4167
"C:/Users/emanu/AppData/Local/UnrealEngine/Common/DerivedDataCache/Buckets/GlobalShaderMap/2c/98/33e8f28b5597469f5dd27766d4ea72c84656.udd" 4168
"C:/Users/emanu/AppData/Local/UnrealEngine/Common/DerivedDataCache/Buckets/GlobalShaderMap/26/c8/0eb9bd4d86f416bdc5550e264e83b2aa0d86.udd" 4169
"C:/Users/emanu/AppData/Local/UnrealEngine/Common/DerivedDataCache/Buckets/GlobalShaderMap/b6/4c/794a75d7d529d6d014591799cef84db273bb.udd" 4170
"C:/Users/emanu/AppData/Local/UnrealEngine/Common/DerivedDataCache/Buckets/GlobalShaderMap/10/a5/be9d4d3067b2471c9f9c30b56c9c04b37bdb.udd" 4171
"C:/Users/emanu/AppData/Local/UnrealEngine/Common/DerivedDataCache/Buckets/GlobalShaderMap/e0/7a/b0469c396a52f2662fae6607b04ca2526f1c.udd" 4172
"C:/Users/emanu/AppData/Local/UnrealEngine/Common/DerivedDataCache/Buckets/GlobalShaderMap/2f/28/1bc03ea9a6a94385a0cff25ddfbd255201a0.udd" 4173
"C:/Users/emanu/AppData/Local/UnrealEngine/Common/DerivedDataCache/Buckets/GlobalShaderMap/19/82/9bafb6862eace091188c42203148325564f5.udd" 4174
"C:/Users/emanu/AppData/Local/UnrealEngine/Common/DerivedDataCache/Buckets/GlobalShaderMap/67/c1/b0055f9e767b8d8568005276fcc1021feca2.udd" 4175
"C:/Users/emanu/AppData/Local/UnrealEngine/Common/DerivedDataCache/Buckets/GlobalShaderMap/96/5d/07418075ee3ad43f995d499202ac4723d390.udd" 4176
"C:/Users/emanu/AppData/Local/UnrealEngine/Common/DerivedDataCache/Buckets/GlobalShaderMap/1a/48/ff540e046ca95b31e792e3048d9309e6e880.udd" 4177
"C:/Users/emanu/AppData/Local/UnrealEngine/Common/DerivedDataCache/Buckets/GlobalShaderMap/ba/4b/e58a266b441288d82c8afa1d0f4a7d3c1c6f.udd" 4178
"C:/Users/emanu/AppData/Local/UnrealEngine/Common/DerivedDataCache/Buckets/GlobalShaderMap/a1/8d/1e86765dc95a95f600e99dabb553c311b71f.udd" 4179
"C:/Users/emanu/AppData/Local/UnrealEngine/Common/DerivedDataCache/Buckets/GlobalShaderMap/b8/f1/85f7005b6f6b7bbc8e8b360e2eb0b6e0b249.udd" 4180
"C:/Users/emanu/AppData/Local/UnrealEngine/Common/DerivedDataCache/Buckets/GlobalShaderMap/5b/dd/220e49a42c5a5ffd4a329377707bd879d8de.udd" 4181
"C:/Users/emanu/AppData/Local/UnrealEngine/Common/DerivedDataCache/Buckets/GlobalShaderMap/3b/cc/31ed61a145f3c74d484e40a0c220a1b125f5.udd" 4182
"C:/Users/emanu/AppData/Local/UnrealEngine/Common/DerivedDataCache/Buckets/GlobalShaderMap/60/d6/66d869a4241b7540a4f60d1c932fd8e469b5.udd" 4183
"C:/Users/emanu/AppData/Local/UnrealEngine/Common/DerivedDataCache/Buckets/GlobalShaderMap/da/26/e9c3886376acafd0639e9c71f1a84d0260d7.udd" 4184
"C:/Users/emanu/AppData/Local/UnrealEngine/Common/DerivedDataCache/Buckets/GlobalShaderMap/53/d6/106e29e7891730d44df08251bc22db895cca.udd" 4185
"C:/Users/emanu/AppData/Local/UnrealEngine/Common/DerivedDataCache/Buckets/GlobalShaderMap/d7/4b/d476829b66554d314bd921218cf7f29981d3.udd" 4186
"C:/Users/emanu/AppData/Local/UnrealEngine/Common/DerivedDataCache/Buckets/GlobalShaderMap/53/17/f98672cae8bc318bfd5555a2636bd470e7b7.udd" 4187
"C:/Users/emanu/AppData/Local/UnrealEngine/Common/DerivedDataCache/Buckets/GlobalShaderMap/f6/e3/1554702c76dc6a5d63b38c5d3b3cbab6f128.udd" 4188
"C:/Users/emanu/AppData/Local/UnrealEngine/Common/DerivedDataCache/Buckets/GlobalShaderMap/76/12/886fb426e832210d6086ae4eb1758408baf8.udd" 4189
"C:/Users/emanu/AppData/Local/UnrealEngine/Common/DerivedDataCache/Buckets/GlobalShaderMap/03/fd/4ac3c1a79426688bd87e40529dff882aa6cf.udd" 4190
"C:/Users/emanu/AppData/Local/UnrealEngine/Common/DerivedDataCache/Buckets/GlobalShaderMap/ee/5d/4669c5632b3058a7545d49b153bb00fd048e.udd" 4191
"C:/Users/emanu/AppData/Local/UnrealEngine/Common/DerivedDataCache/Buckets/GlobalShaderMap/be/2f/3fb9dd7f5cb4cb414c5cc37057bd111a22c4.udd" 4192
"C:/Users/emanu/AppData/Local/UnrealEngine/Common/DerivedDataCache/Buckets/GlobalShaderMap/a0/09/f4904d3bb7a431060c35efed2460b109ab65.udd" 4193
"C:/Users/emanu/AppData/Local/UnrealEngine/Common/DerivedDataCache/Buckets/GlobalShaderMap/6c/3c/5a3a6bc865fa9804a80bf37b68bbbfc08663.udd" 4194
"C:/Users/emanu/AppData/Local/UnrealEngine/Common/DerivedDataCache/Buckets/GlobalShaderMap/1f/c9/f3566ced28da4da1a9dfab8eb778157eb351.udd" 4195
"C:/Users/emanu/AppData/Local/UnrealEngine/Common/DerivedDataCache/Buckets/GlobalShaderMap/6c/5d/55ce0ce480ba4da721eb4a11a5c92ab763b0.udd" 4196
"C:/Users/emanu/AppData/Local/UnrealEngine/Common/DerivedDataCache/Buckets/GlobalShaderMap/3a/4a/98769d4aa67a7bfa6d0460d9650532c0b84b.udd" 4197
"C:/Users/emanu/AppData/Local/UnrealEngine/Common/DerivedDataCache/Buckets/GlobalShaderMap/1e/0c/6c56cefa3011363b2d1aacd395300cf95903.udd" 4198
"C:/Users/emanu/AppData/Local/UnrealEngine/Common/DerivedDataCache/Buckets/GlobalShaderMap/0a/fd/c8b0098cfee1234a28a6cb9d9e541b56ced2.udd" 4199
"C:/Users/emanu/AppData/Local/UnrealEngine/Common/DerivedDataCache/Buckets/GlobalShaderMap/25/99/eef6a236c60cb9306cf855c44ced5339b2bf.udd" 4200
"C:/Users/emanu/AppData/Local/UnrealEngine/Common/DerivedDataCache/Buckets/GlobalShaderMap/df/e5/a399e7666a280519d69be0ef1d7f55c6dff2.udd" 4201
"C:/Users/emanu/AppData/Local/UnrealEngine/Common/DerivedDataCache/Buckets/GlobalShaderMap/c9/41/75b475bd0d3e30ef5af89c4df33688d45320.udd" 4202
"C:/Users/emanu/AppData/Local/UnrealEngine/Common/DerivedDataCache/Buckets/GlobalShaderMap/de/02/317838505d1cbef000c19c5a491a4ce245b3.udd" 4203
"C:/Users/emanu/AppData/Local/UnrealEngine/Common/DerivedDataCache/Buckets/GlobalShaderMap/ca/65/013cedc07d386128b1fd95734269911bfa0a.udd" 4204
"C:/Users/emanu/AppData/Local/UnrealEngine/Common/DerivedDataCache/Buckets/GlobalShaderMap/30/f0/d6da302c1e01b37ff64ef41a03444c96394d.udd" 4205
"C:/Users/emanu/AppData/Local/UnrealEngine/Common/DerivedDataCache/Buckets/GlobalShaderMap/f3/35/2c29cb75e4b02c6fca0e6dafbf8c4183500e.udd" 4206
"C:/Users/emanu/AppData/Local/UnrealEngine/Common/DerivedDataCache/Buckets/GlobalShaderMap/96/96/2364e1c551f33085359be7dc337de35a9b96.udd" 4207
"C:/Users/emanu/AppData/Local/UnrealEngine/Common/DerivedDataCache/Buckets/GlobalShaderMap/4b/43/1801a401e2bc6b0959a73cf8bfd03ec2018f.udd" 4208
"C:/Users/emanu/AppData/Local/UnrealEngine/Common/DerivedDataCache/Buckets/GlobalShaderMap/5a/1e/8f0e42ff4221790588bafa8dfa3bef512264.udd" 4209
"C:/Users/emanu/AppData/Local/UnrealEngine/Common/DerivedDataCache/Buckets/GlobalShaderMap/bc/2c/ab8c6c710040fc5cfe10ccf1ca975ea6c4e1.udd" 4210
"C:/Users/emanu/AppData/Local/UnrealEngine/Common/DerivedDataCache/Content/ab/77/2d995b0baa7726ed15ab90260573f9885a40.udd" 4211
"C:/Users/emanu/AppData/Local/UnrealEngine/Common/DerivedDataCache/Buckets/GlobalShaderMap/c9/89/86669ab725072361b6b56149a9db5c3a850f.udd" 4212
"C:/Users/emanu/AppData/Local/UnrealEngine/Common/DerivedDataCache/Buckets/GlobalShaderMap/e6/f4/2fd1cd5afc24535a1ee16233220ebb66fc41.udd" 4213
"C:/Users/emanu/AppData/Local/UnrealEngine/Common/DerivedDataCache/Buckets/GlobalShaderMap/f9/8e/2057cde120e2943f1e51e13175d7c4e1c642.udd" 4214
"C:/Users/emanu/AppData/Local/UnrealEngine/Common/DerivedDataCache/Buckets/GlobalShaderMap/9a/41/a9bc46d340c2464705ec4580d39fbd83cb7e.udd" 4215
"C:/Users/emanu/AppData/Local/UnrealEngine/Common/DerivedDataCache/Buckets/GlobalShaderMap/c2/d4/7c3802a4c13c5fce65168bb94ea447dff284.udd" 4216
"C:/Users/emanu/AppData/Local/UnrealEngine/Common/DerivedDataCache/Buckets/GlobalShaderMap/26/27/efaa5690b4c059bde39eb25def73954bc74d.udd" 4217
"C:/Users/emanu/AppData/Local/UnrealEngine/Common/DerivedDataCache/Buckets/GlobalShaderMap/c0/6b/a6514d024f7a64e0105ce2d26f883467ec39.udd" 4218
"C:/Users/emanu/AppData/Local/UnrealEngine/Common/DerivedDataCache/Buckets/GlobalShaderMap/ff/41/d08e799a7ff9e03ea3f65947898f863b3264.udd" 4219
"C:/Users/emanu/AppData/Local/UnrealEngine/Common/DerivedDataCache/Buckets/GlobalShaderMap/e3/99/24baefff92d3df1fac3a4594e3e85c6fb791.udd" 4220
"C:/Users/emanu/AppData/Local/UnrealEngine/Common/DerivedDataCache/Buckets/GlobalShaderMap/4b/65/5ae74d5ca176dadb05b9005d4db4081a9095.udd" 4221
"C:/Users/emanu/AppData/Local/UnrealEngine/Common/DerivedDataCache/Buckets/GlobalShaderMap/25/9d/2677dcc47aaef11288e1655a0d6a39d1bb29.udd" 4222
"C:/Users/emanu/AppData/Local/UnrealEngine/Common/DerivedDataCache/Buckets/GlobalShaderMap/24/a8/3007ffc8c1ed7c23ee47c881c9dbfd915d42.udd" 4223
"C:/Users/emanu/AppData/Local/UnrealEngine/Common/DerivedDataCache/Buckets/GlobalShaderMap/22/07/e0f6fbc0fadce291f0c695351efbf8568e0e.udd" 4224
"C:/Users/emanu/AppData/Local/UnrealEngine/Common/DerivedDataCache/Buckets/GlobalShaderMap/d8/bb/056fa1f9a11d6fc47eceb443f5447cc7fe32.udd" 4225
"C:/Users/emanu/AppData/Local/UnrealEngine/Common/DerivedDataCache/Buckets/GlobalShaderMap/28/67/aa0da1eac4734f2958ad788ab8771637bea4.udd" 4226
"C:/Users/emanu/AppData/Local/UnrealEngine/Common/DerivedDataCache/Buckets/GlobalShaderMap/c0/ff/f1b2cdaadd18de7903d3900c1526231f375a.udd" 4227
"C:/Users/emanu/AppData/Local/UnrealEngine/Common/DerivedDataCache/Buckets/GlobalShaderMap/69/a5/9ff0c9bc61ca0f96c357a08473ebf10f012b.udd" 4228
"C:/Users/emanu/AppData/Local/UnrealEngine/Common/DerivedDataCache/Buckets/GlobalShaderMap/c7/47/c0b0e5e11d9dc11473aa35fb614a8990b1e9.udd" 4229
"C:/Users/emanu/AppData/Local/UnrealEngine/Common/DerivedDataCache/Buckets/GlobalShaderMap/33/be/e6e3a9161b01ea4f37fd0643edf43209fae4.udd" 4230
"C:/Users/emanu/AppData/Local/UnrealEngine/Common/DerivedDataCache/Buckets/GlobalShaderMap/66/d8/a18b9d2d3d64d25eeea5be3a33b52b76fc2a.udd" 4231
"C:/Users/emanu/AppData/Local/UnrealEngine/Common/DerivedDataCache/Buckets/GlobalShaderMap/16/46/4a5ccdff192d028b7ccb6996c01bda6226c8.udd" 4232
"C:/Users/emanu/AppData/Local/UnrealEngine/Common/DerivedDataCache/Buckets/GlobalShaderMap/f2/d4/999c9cfe6b8b789ae29fb6c5283a02b334eb.udd" 4233
"C:/Users/emanu/AppData/Local/UnrealEngine/Common/DerivedDataCache/Buckets/GlobalShaderMap/ad/e9/f5b1f1066eed74a86ae7e306623114c9f0ae.udd" 4234
"C:/Users/emanu/AppData/Local/UnrealEngine/Common/DerivedDataCache/Buckets/GlobalShaderMap/2b/c3/fbea53a97e12d3c340edb859515846a6221d.udd" 4235
"C:/Users/emanu/AppData/Local/UnrealEngine/Common/DerivedDataCache/Buckets/GlobalShaderMap/04/1b/1cdf950c4b2fcfc825fb5236cc2cf2daa32e.udd" 4236
"C:/Users/emanu/AppData/Local/UnrealEngine/Common/DerivedDataCache/Buckets/GlobalShaderMap/97/f2/df72e1ca6b456b25890822192ff861dd0ea8.udd" 4237
"C:/Users/emanu/AppData/Local/UnrealEngine/Common/DerivedDataCache/Buckets/GlobalShaderMap/a3/b8/e1ad2450c28690bc96f3c46d81a06073cc0c.udd" 4238
"C:/Users/emanu/AppData/Local/UnrealEngine/Common/DerivedDataCache/Buckets/GlobalShaderMap/98/6f/bb9fd01f9858fbce1bd0e16dde3253c7c520.udd" 4239
"C:/Users/emanu/AppData/Local/UnrealEngine/Common/DerivedDataCache/Buckets/GlobalShaderMap/86/0c/9ab07efd3272ccaeda3391d7191ddcc3bfc0.udd" 4240
"C:/Users/emanu/AppData/Local/UnrealEngine/Common/DerivedDataCache/Buckets/GlobalShaderMap/67/3d/96886a66b7a492ed4b89ce69800b61f68c0f.udd" 4241
"C:/Users/emanu/AppData/Local/UnrealEngine/Common/DerivedDataCache/Buckets/GlobalShaderMap/4f/0e/b309ca0170ad344516ec586966b56c85d165.udd" 4242
"C:/Users/emanu/AppData/Local/UnrealEngine/Common/DerivedDataCache/Buckets/GlobalShaderMap/b4/00/dfe7447dd2bf25e6bfe9ab58f60caa281fd0.udd" 4243
"C:/Users/emanu/AppData/Local/UnrealEngine/Common/DerivedDataCache/Buckets/GlobalShaderMap/37/03/c67d912dd0496cabe0f8bc8eb01beb1b9ac0.udd" 4244
"C:/Users/emanu/AppData/Local/UnrealEngine/Common/DerivedDataCache/Buckets/GlobalShaderMap/fd/35/3137dd95eb9187a0a6c18dcd9fe65488339d.udd" 4245
"C:/Users/emanu/AppData/Local/UnrealEngine/Common/DerivedDataCache/Buckets/GlobalShaderMap/b1/05/8c0d8af9872c7dba5119bfa7ba8ff7dd9b8e.udd" 4246
"C:/Users/emanu/AppData/Local/UnrealEngine/Common/DerivedDataCache/Buckets/GlobalShaderMap/6c/87/58ae259537d0de36ae815bf19e5c09b25807.udd" 4247
"C:/Users/emanu/AppData/Local/UnrealEngine/Common/DerivedDataCache/Buckets/GlobalShaderMap/12/65/85affbc3b036d8a9876f7d6c708346aae3ca.udd" 4248
"C:/Users/emanu/AppData/Local/UnrealEngine/Common/DerivedDataCache/Buckets/GlobalShaderMap/f2/45/bbe77895c85f7de5ae4a10f8f12ee1bcfcf9.udd" 4249
"C:/Users/emanu/AppData/Local/UnrealEngine/Common/DerivedDataCache/Buckets/GlobalShaderMap/10/85/710782f5628107673a6ac86bbd004972fb17.udd" 4250
"C:/Users/emanu/AppData/Local/UnrealEngine/Common/DerivedDataCache/Buckets/GlobalShaderMap/7f/f1/5ed51212d30f1bde1d5fc33004ccaffcf1c8.udd" 4251
"C:/Users/emanu/AppData/Local/UnrealEngine/Common/DerivedDataCache/Buckets/GlobalShaderMap/7a/c1/78285db789204c08b0b27311c9f1d321f27b.udd" 4252
"C:/Users/emanu/AppData/Local/UnrealEngine/Common/DerivedDataCache/Buckets/GlobalShaderMap/18/94/eb9d0e26368d1b92b4808c7a11d8a0eed08f.udd" 4253
"C:/Users/emanu/AppData/Local/UnrealEngine/Common/DerivedDataCache/Buckets/GlobalShaderMap/0d/31/ba0d3a4e4fcf32c2b58245e4a8071fe0207c.udd" 4254
"C:/Users/emanu/AppData/Local/UnrealEngine/Common/DerivedDataCache/Buckets/GlobalShaderMap/04/17/97e2dde73f32cd6f6b9601763c33a438e82f.udd" 4255
"C:/Users/emanu/AppData/Local/UnrealEngine/Common/DerivedDataCache/Buckets/GlobalShaderMap/fd/7e/c0a9cabf52c7b6e55e831a809b246f3486ed.udd" 4256
"C:/Users/emanu/AppData/Local/UnrealEngine/Common/DerivedDataCache/Buckets/GlobalShaderMap/85/9f/367f793228318bb2fdff2383adf8eb21a23b.udd" 4257
"C:/Users/emanu/AppData/Local/UnrealEngine/Common/DerivedDataCache/Buckets/GlobalShaderMap/d1/ad/02c9b13724496cb527ed317418414d533171.udd" 4258
"C:/Users/emanu/AppData/Local/UnrealEngine/Common/DerivedDataCache/Buckets/GlobalShaderMap/46/f7/a6b5a94ff8947436870e7292ddfdfa6a8093.udd" 4259
"C:/Users/emanu/AppData/Local/UnrealEngine/Common/DerivedDataCache/Buckets/GlobalShaderMap/f8/20/9825bd98b39278afd0cd9f8f1683073eb69a.udd" 4260
"C:/Users/emanu/AppData/Local/UnrealEngine/Common/DerivedDataCache/Buckets/GlobalShaderMap/18/14/6702b637209c1a12b24cceded5d7e5f60e1d.udd" 4261
"C:/Users/emanu/AppData/Local/UnrealEngine/Common/DerivedDataCache/Buckets/GlobalShaderMap/c3/22/80df58ea7432ef6df0e2a8b81296acede371.udd" 4262
"C:/Users/emanu/AppData/Local/UnrealEngine/Common/DerivedDataCache/Buckets/GlobalShaderMap/1d/a8/f6d2182f6a5f6a8e491805dad354cd8cc36f.udd" 4263
"C:/Users/emanu/AppData/Local/UnrealEngine/Common/DerivedDataCache/Buckets/GlobalShaderMap/9e/c2/b586e0ef93832a4842da6df7e4e4f3830219.udd" 4264
"C:/Users/emanu/AppData/Local/UnrealEngine/Common/DerivedDataCache/Buckets/GlobalShaderMap/d6/a5/2a03e3e8c7e718bf7da0d441a4c61f6d9a30.udd" 4265
"C:/Users/emanu/AppData/Local/UnrealEngine/Common/DerivedDataCache/Buckets/GlobalShaderMap/0c/12/cb6a78f89ea0c7a2a932f067886646ef8363.udd" 4266
"C:/Users/emanu/AppData/Local/UnrealEngine/Common/DerivedDataCache/Buckets/GlobalShaderMap/84/28/a4e51493739c48572d11f39d8738b23a00d1.udd" 4267
"C:/Users/emanu/AppData/Local/UnrealEngine/Common/DerivedDataCache/Buckets/GlobalShaderMap/7a/26/967ae6f40f7077f701b34da0d2cc83658233.udd" 4268
"C:/Users/emanu/AppData/Local/UnrealEngine/Common/DerivedDataCache/Buckets/GlobalShaderMap/6a/cf/b4270d22a79f285afa4ca8627a0928224bf9.udd" 4269
"C:/Users/emanu/AppData/Local/UnrealEngine/Common/DerivedDataCache/Buckets/GlobalShaderMap/e9/fe/8551e9331d46fb0b49e8ee54ff5fdec121df.udd" 4270
"C:/Users/emanu/AppData/Local/UnrealEngine/Common/DerivedDataCache/Buckets/GlobalShaderMap/bc/85/1f6a83350d5db17970c8aefc126203840c24.udd" 4271
"C:/Users/emanu/AppData/Local/UnrealEngine/Common/DerivedDataCache/Buckets/GlobalShaderMap/3c/2a/a3702052a6a0b8001cd8ffe2210e194d66e3.udd" 4272
"C:/Users/emanu/AppData/Local/UnrealEngine/Common/DerivedDataCache/Buckets/GlobalShaderMap/2b/9b/49621bc6203c66052e5d344f01fec948ffc5.udd" 4273
"C:/Users/emanu/AppData/Local/UnrealEngine/Common/DerivedDataCache/Buckets/GlobalShaderMap/aa/1e/3b2ce0a93a23350eebdf40873dfe7fab7432.udd" 4274
"C:/Users/emanu/AppData/Local/UnrealEngine/Common/DerivedDataCache/Buckets/GlobalShaderMap/0a/8c/f3ade264eaeb4e84a806c3765c721176f17b.udd" 4275
"C:/Users/emanu/AppData/Local/UnrealEngine/Common/DerivedDataCache/Buckets/GlobalShaderMap/b5/b8/0b3c3e21f703c2b22909b37ca136e79bfddb.udd" 4276
"C:/Users/emanu/AppData/Local/UnrealEngine/Common/DerivedDataCache/Buckets/GlobalShaderMap/84/51/615a710f0cc99be6eb69b32309a0d7c36f40.udd" 4277
"C:/Users/emanu/AppData/Local/UnrealEngine/Common/DerivedDataCache/Buckets/GlobalShaderMap/3d/58/01a47967e7d12732281b77a63907b8bb581c.udd" 4278
"C:/Users/emanu/AppData/Local/UnrealEngine/Common/DerivedDataCache/Buckets/GlobalShaderMap/0a/c6/053a031e56fd82a253c86be7f6d9c7aac9ff.udd" 4279
"C:/Users/emanu/AppData/Local/UnrealEngine/Common/DerivedDataCache/Buckets/GlobalShaderMap/59/fa/a8242ba0a8190b1072ad46bda92634ca81c5.udd" 4280
"C:/Users/emanu/AppData/Local/UnrealEngine/Common/DerivedDataCache/Buckets/GlobalShaderMap/d9/89/3d1f2437d8a486c9961b4da1aabdd2a17898.udd" 4281
"C:/Users/emanu/AppData/Local/UnrealEngine/Common/DerivedDataCache/Buckets/GlobalShaderMap/8a/02/fd5b27272fb1cf909a9f28e961c34cb6acc5.udd" 4282
"C:/Users/emanu/AppData/Local/UnrealEngine/Common/DerivedDataCache/Buckets/GlobalShaderMap/08/8b/07575e3380865b1f317a1d92eb526c29fa72.udd" 4283
"C:/Users/emanu/AppData/Local/UnrealEngine/Common/DerivedDataCache/Buckets/GlobalShaderMap/a0/99/8096b14dcb1e4cdf5761ae29e3ee7127bc40.udd" 4284
"C:/Users/emanu/AppData/Local/UnrealEngine/Common/DerivedDataCache/Buckets/GlobalShaderMap/a6/61/53ffeab5aca8822c816317ca7374c1248e54.udd" 4285
"C:/Users/emanu/AppData/Local/UnrealEngine/Common/DerivedDataCache/Buckets/GlobalShaderMap/93/5c/69c49d34822567ecee208edd71a6bb9f0bae.udd" 4286
"C:/Users/emanu/AppData/Local/UnrealEngine/Common/DerivedDataCache/Buckets/GlobalShaderMap/c0/69/eef5d78e907be145bc497e31de5eb9b97ac3.udd" 4287
"C:/Users/emanu/AppData/Local/UnrealEngine/Common/DerivedDataCache/Buckets/GlobalShaderMap/39/0c/37ec405d5c340e1b4e37b4ba9780351a9280.udd" 4288
"C:/Users/emanu/AppData/Local/UnrealEngine/Common/DerivedDataCache/Buckets/GlobalShaderMap/33/ec/9f0519f8b666e0e9c6c102faac06dcb3994d.udd" 4289
"C:/Users/emanu/AppData/Local/UnrealEngine/Common/DerivedDataCache/Buckets/GlobalShaderMap/6f/e2/1785f192ac1cdf86fab509b972a16320ad48.udd" 4290
"C:/Users/emanu/AppData/Local/UnrealEngine/Common/DerivedDataCache/Buckets/GlobalShaderMap/fb/f3/b4613d0fb86d18a1803a99d4e1abdfb4baae.udd" 4291
"C:/Users/emanu/AppData/Local/UnrealEngine/Common/DerivedDataCache/Buckets/GlobalShaderMap/f9/c3/4b90ddf16dbaeacf40eaf66a17b584453af5.udd" 4292
"C:/Users/emanu/AppData/Local/UnrealEngine/Common/DerivedDataCache/Buckets/GlobalShaderMap/80/c6/2179656572e80b5c971f2998f85c313f1259.udd" 4293
"C:/Users/emanu/AppData/Local/UnrealEngine/Common/DerivedDataCache/Buckets/GlobalShaderMap/fc/f6/b6bcc47f17433ae52e8e7bd98e646d8c8eb7.udd" 4294
"C:/Users/emanu/AppData/Local/UnrealEngine/Common/DerivedDataCache/Buckets/GlobalShaderMap/bf/c3/c65863aa5eb8401c42f1753c387929c58552.udd" 4295
"C:/Users/emanu/AppData/Local/UnrealEngine/Common/DerivedDataCache/Buckets/GlobalShaderMap/e2/f2/b953a37cfeacb5d0dba492024d7d58ef37fe.udd" 4296
"C:/Users/emanu/AppData/Local/UnrealEngine/Common/DerivedDataCache/Buckets/GlobalShaderMap/db/50/00129976155beebd400eaa2b0e563cca8ac9.udd" 4297
"C:/Users/emanu/AppData/Local/UnrealEngine/Common/DerivedDataCache/Buckets/GlobalShaderMap/58/1c/87f7f8d1ac86a53cf9a685f502a5df158eaa.udd" 4298
"C:/Users/emanu/AppData/Local/UnrealEngine/Common/DerivedDataCache/Buckets/GlobalShaderMap/32/6e/84613d3bcb0e56268c12935909778b3f4e9c.udd" 4299
"C:/Users/emanu/AppData/Local/UnrealEngine/Common/DerivedDataCache/Buckets/GlobalShaderMap/6f/e8/6fa7945402eb7a3b3cc2233eeb1b1acd954a.udd" 4300
"C:/Users/emanu/AppData/Local/UnrealEngine/Common/DerivedDataCache/Buckets/GlobalShaderMap/a4/c0/f4404d0afe681927806e29cd9094d35e717c.udd" 4301
"C:/Users/emanu/AppData/Local/UnrealEngine/Common/DerivedDataCache/Buckets/GlobalShaderMap/50/47/2c2109a180d6b74396932978c01de001ee7b.udd" 4302
"C:/Users/emanu/AppData/Local/UnrealEngine/Common/DerivedDataCache/Buckets/GlobalShaderMap/a5/48/be0eef16b177882bee3cc1b9941d904e132a.udd" 4303
"C:/Users/emanu/AppData/Local/UnrealEngine/Common/DerivedDataCache/Buckets/GlobalShaderMap/89/c3/51dd4b8861e7d225de7f730f3c2c348d10ea.udd" 4304
"C:/Users/emanu/AppData/Local/UnrealEngine/Common/DerivedDataCache/Buckets/GlobalShaderMap/e9/f6/8222f9fa98b6949040b13cb77ca7430f37a6.udd" 4305
"C:/Users/emanu/AppData/Local/UnrealEngine/Common/DerivedDataCache/Buckets/GlobalShaderMap/78/be/c18384bb96e2b75b0a6617591070231bc06f.udd" 4306
"C:/Users/emanu/AppData/Local/UnrealEngine/Common/DerivedDataCache/Buckets/GlobalShaderMap/68/44/1d331bff0878677e03746e02d4d21191d16a.udd" 4307
"C:/Users/emanu/AppData/Local/UnrealEngine/Common/DerivedDataCache/Buckets/GlobalShaderMap/e3/b1/7b0bb9173348ab4a46837fba8e947be516c4.udd" 4308
"C:/Users/emanu/AppData/Local/UnrealEngine/Common/DerivedDataCache/Buckets/GlobalShaderMap/43/f9/e3b3d6711ae2f520c803b786b03103214190.udd" 4309
"C:/Users/emanu/AppData/Local/UnrealEngine/Common/DerivedDataCache/Buckets/GlobalShaderMap/90/e6/86e7a8c1cc71fc00db728bc862b286325256.udd" 4310
"C:/Users/emanu/AppData/Local/UnrealEngine/Common/DerivedDataCache/Buckets/GlobalShaderMap/6a/55/2a810dd899e92d8b6742430b52039daa1921.udd" 4311
"C:/Users/emanu/AppData/Local/UnrealEngine/Common/DerivedDataCache/Buckets/GlobalShaderMap/07/8f/a5594410d9e8cc809eedcf741965ca277e75.udd" 4312
"C:/Users/emanu/AppData/Local/UnrealEngine/Common/DerivedDataCache/Buckets/GlobalShaderMap/e5/78/8bdd769f329fae95ce54038a728559fe22c2.udd" 4313
"C:/Users/emanu/AppData/Local/UnrealEngine/Common/DerivedDataCache/Buckets/GlobalShaderMap/f8/be/098e92271335d3f8c91aacaadb8f50ce71a1.udd" 4314
"C:/Users/emanu/AppData/Local/UnrealEngine/Common/DerivedDataCache/Buckets/GlobalShaderMap/13/ee/7f08887e1bfe89aecc79d509191d07ec2850.udd" 4315
"C:/Users/emanu/AppData/Local/UnrealEngine/Common/DerivedDataCache/Buckets/GlobalShaderMap/1e/01/1ac692134d4b9840cdf3031f87fa3138bbd8.udd" 4316
"C:/Users/emanu/AppData/Local/UnrealEngine/Common/DerivedDataCache/Buckets/GlobalShaderMap/d4/32/dc4d73cb447f77d30beb4034357fb6728d65.udd" 4317
"C:/Users/emanu/AppData/Local/UnrealEngine/Common/DerivedDataCache/Buckets/GlobalShaderMap/92/45/c2f0cf497cda75890da63b1140a25e9d7b2d.udd" 4318
"C:/Users/emanu/AppData/Local/UnrealEngine/Common/DerivedDataCache/Buckets/GlobalShaderMap/9a/86/59287d77c67c6c436288fb281f44eac63c37.udd" 4319
"C:/Users/emanu/AppData/Local/UnrealEngine/Common/DerivedDataCache/Buckets/GlobalShaderMap/43/fb/5097e7c74eebf2f60012663a21acecb289f5.udd" 4320
"C:/Users/emanu/AppData/Local/UnrealEngine/Common/DerivedDataCache/Buckets/GlobalShaderMap/74/93/c9f8421bb3ddc123c1ced64efe718f8a5030.udd" 4321
"C:/Users/emanu/AppData/Local/UnrealEngine/Common/DerivedDataCache/Buckets/GlobalShaderMap/66/c9/d16ed66af9c107068f128e0367744af24922.udd" 4322
"C:/Users/emanu/AppData/Local/UnrealEngine/Common/DerivedDataCache/Buckets/GlobalShaderMap/58/9a/8bc793f639ddcdfc40e269c3be1c06cc6511.udd" 4323
"C:/Users/emanu/AppData/Local/UnrealEngine/Common/DerivedDataCache/Buckets/GlobalShaderMap/f6/07/5ef07b9adfae8d9e831800acc3989fba3e78.udd" 4324
"C:/Users/emanu/AppData/Local/UnrealEngine/Common/DerivedDataCache/Buckets/GlobalShaderMap/8c/7b/d1f54d7b09fe94b3f624c0befd420245032c.udd" 4325
"C:/Users/emanu/AppData/Local/UnrealEngine/Common/DerivedDataCache/Buckets/GlobalShaderMap/af/b2/055f8e2005b9b2b88d5abf097799f626c899.udd" 4326
"C:/Users/emanu/AppData/Local/UnrealEngine/Common/DerivedDataCache/Buckets/GlobalShaderMap/6d/64/4588cf0732e7eb11f1ef68f8883c20d98840.udd" 4327
"C:/Users/emanu/AppData/Local/UnrealEngine/Common/DerivedDataCache/Buckets/GlobalShaderMap/d1/38/23999342da020592178003b56a49801ce9b0.udd" 4328
"C:/Users/emanu/AppData/Local/UnrealEngine/Common/DerivedDataCache/Buckets/GlobalShaderMap/1a/cd/8849a60ce16fa521ac145cafa773828c4b2b.udd" 4329
"C:/Users/emanu/AppData/Local/UnrealEngine/Common/DerivedDataCache/Buckets/GlobalShaderMap/af/3f/12f5f1d9214b8a943117ddd1be3bf19a5492.udd" 4330
"C:/Users/emanu/AppData/Local/UnrealEngine/Common/DerivedDataCache/Buckets/GlobalShaderMap/c9/8d/3edd2c79f3a75adf98f6438cc7d6e4cfb028.udd" 4331
"C:/Users/emanu/AppData/Local/UnrealEngine/Common/DerivedDataCache/Buckets/GlobalShaderMap/b6/b9/f65d829475ddde8fe4d8cecbb84d3c737f6a.udd" 4332
"C:/Users/emanu/AppData/Local/UnrealEngine/Common/DerivedDataCache/Buckets/GlobalShaderMap/be/ec/e972ecf8ab055eb1c69d3d8df2b24a0f8f2e.udd" 4333
"C:/Users/emanu/AppData/Local/UnrealEngine/Common/DerivedDataCache/Buckets/GlobalShaderMap/61/de/2a51365600c74c0ba2dcae5776e2f51ee603.udd" 4334
"C:/Users/emanu/AppData/Local/UnrealEngine/Common/DerivedDataCache/Buckets/GlobalShaderMap/e1/73/f8aacd302dfc2b80e70fe5ee7d3ae328b935.udd" 4335
"C:/Users/emanu/AppData/Local/UnrealEngine/Common/DerivedDataCache/Buckets/GlobalShaderMap/6e/97/4b9354626824a3803ff5e0c17fec19757036.udd" 4336
"C:/Users/emanu/AppData/Local/UnrealEngine/Common/DerivedDataCache/Buckets/GlobalShaderMap/34/7f/598a4c1e5d130564b3cf3d2ff2ba31f0144c.udd" 4337
"C:/Users/emanu/AppData/Local/UnrealEngine/Common/DerivedDataCache/Buckets/GlobalShaderMap/44/50/a54f19fb3233e9ec4f1483ea9cf428bed2d3.udd" 4338
"C:/Users/emanu/AppData/Local/UnrealEngine/Common/DerivedDataCache/Buckets/GlobalShaderMap/f6/ff/fc961dc4931a07f338b10fb3572bff6c595d.udd" 4339
"C:/Users/emanu/AppData/Local/UnrealEngine/Common/DerivedDataCache/Buckets/GlobalShaderMap/70/d3/4361947e8570e79037fbceac03445633a15f.udd" 4340
"C:/Users/emanu/AppData/Local/UnrealEngine/Common/DerivedDataCache/Buckets/GlobalShaderMap/15/cd/46c7b446479f0b392f76fdb7d02bccf7621b.udd" 4341
"C:/Users/emanu/AppData/Local/UnrealEngine/Common/DerivedDataCache/Buckets/GlobalShaderMap/d3/d9/9048ed026e29614f92e6c56a51e5fac269c6.udd" 4342
"C:/Users/emanu/AppData/Local/UnrealEngine/Common/DerivedDataCache/Buckets/GlobalShaderMap/68/0b/5c540bbbb5212a30fee88fb2b3954d251df2.udd" 4343
"C:/Users/emanu/AppData/Local/UnrealEngine/Common/DerivedDataCache/Buckets/GlobalShaderMap/a0/28/118d36dec6310c68feba62cfa7e1d3d75333.udd" 4344
"C:/Users/emanu/AppData/Local/UnrealEngine/Common/DerivedDataCache/Buckets/GlobalShaderMap/34/54/074c9481e435694c4389c9837a85fa6d5a1b.udd" 4345
"C:/Users/emanu/AppData/Local/UnrealEngine/Common/DerivedDataCache/Buckets/GlobalShaderMap/ef/a0/d3a2d79e6c0ba0d79f4df19eb491f955d7e0.udd" 4346
"C:/Users/emanu/AppData/Local/UnrealEngine/Common/DerivedDataCache/Buckets/GlobalShaderMap/a3/0e/2ca719a6ad46d2f9869521afe2674916b81c.udd" 4347
"C:/Users/emanu/AppData/Local/UnrealEngine/Common/DerivedDataCache/Buckets/GlobalShaderMap/9c/d3/dc9ad68441ff2b6cc380c7b6b3d864591740.udd" 4348
"C:/Users/emanu/AppData/Local/UnrealEngine/Common/DerivedDataCache/Buckets/GlobalShaderMap/3c/7f/61818b3b2cd61268954df1152da005d6f36c.udd" 4349
"C:/Users/emanu/AppData/Local/UnrealEngine/Common/DerivedDataCache/Buckets/GlobalShaderMap/52/96/1ab4e8216dee0bfed969719b12a0a9bfec9f.udd" 4350
"C:/Users/emanu/AppData/Local/UnrealEngine/Common/DerivedDataCache/Buckets/GlobalShaderMap/80/7f/2aa0f8513c5801bb3a9e4ce9b2789e698ea1.udd" 4351
"C:/Users/emanu/AppData/Local/UnrealEngine/Common/DerivedDataCache/Buckets/GlobalShaderMap/3a/82/1a65cdff437df03bf3362e54db1c76b382d4.udd" 4352
"C:/Users/emanu/AppData/Local/UnrealEngine/Common/DerivedDataCache/Buckets/GlobalShaderMap/1d/3f/64aa6f5b1920b79f0eb1b914d5a1f42a767c.udd" 4353
"C:/Users/emanu/AppData/Local/UnrealEngine/Common/DerivedDataCache/Buckets/GlobalShaderMap/1a/56/0045cadf86e94de46c4a3507b5f046b44493.udd" 4354
"C:/Users/emanu/AppData/Local/UnrealEngine/Common/DerivedDataCache/Buckets/GlobalShaderMap/36/a1/4df72157deeb67734deba21338aca237cf70.udd" 4355
"C:/Users/emanu/AppData/Local/UnrealEngine/Common/DerivedDataCache/Buckets/GlobalShaderMap/2d/39/aa285721f899cf1e42786f4b9bb274196284.udd" 4356
"C:/Users/emanu/AppData/Local/UnrealEngine/Common/DerivedDataCache/Buckets/GlobalShaderMap/01/fb/a11b37d1d52fa70a516239100b7a387a3607.udd" 4357
"C:/Users/emanu/AppData/Local/UnrealEngine/Common/DerivedDataCache/Buckets/GlobalShaderMap/ff/9c/f1b19f98e63d12305f86820803e7ad9b5f2c.udd" 4358
"C:/Users/emanu/AppData/Local/UnrealEngine/Common/DerivedDataCache/Buckets/GlobalShaderMap/8c/b9/f24ef2201fe1c946cc85ae9b6749479656ac.udd" 4359
"C:/Users/emanu/AppData/Local/UnrealEngine/Common/DerivedDataCache/Buckets/GlobalShaderMap/d0/4d/e558de4390bd12e848911f3045fb5fae51be.udd" 4360
"C:/Users/emanu/AppData/Local/UnrealEngine/Common/DerivedDataCache/Buckets/GlobalShaderMap/9b/14/a972d5030da314958d45f3e35f9daa58e55c.udd" 4361
"C:/Users/emanu/AppData/Local/UnrealEngine/Common/DerivedDataCache/Buckets/GlobalShaderMap/fa/11/6d68172c8faee85f879fc15bd1f0f43fe471.udd" 4362
"C:/Users/emanu/AppData/Local/UnrealEngine/Common/DerivedDataCache/Buckets/GlobalShaderMap/e5/6f/59e1b0311a97b46f05fd284f30a2cec21375.udd" 4363
"C:/Users/emanu/AppData/Local/UnrealEngine/Common/DerivedDataCache/Buckets/GlobalShaderMap/3d/3b/b57d4acc28221053a3c2114bf01068ad84ec.udd" 4364
"C:/Users/emanu/AppData/Local/UnrealEngine/Common/DerivedDataCache/Buckets/GlobalShaderMap/14/b8/939bdbf0cb95121259323688760d8937409d.udd" 4365
"C:/Users/emanu/AppData/Local/UnrealEngine/Common/DerivedDataCache/Buckets/GlobalShaderMap/46/31/763fd037a2827081f21f260c30b1b4c6db48.udd" 4366
"C:/Users/emanu/AppData/Local/UnrealEngine/Common/DerivedDataCache/Buckets/GlobalShaderMap/dc/72/3d0044e9720a03da74b1c450a725f54e8ceb.udd" 4367
"C:/Users/emanu/AppData/Local/UnrealEngine/Common/DerivedDataCache/Buckets/GlobalShaderMap/f0/c9/c7a2a86604754d47e3d115eff3bb2627394f.udd" 4368
"C:/Users/emanu/AppData/Local/UnrealEngine/Common/DerivedDataCache/Buckets/GlobalShaderMap/f1/c1/80e3deef6e9519a65f091a9537442945a2ce.udd" 4369
"C:/Users/emanu/AppData/Local/UnrealEngine/Common/DerivedDataCache/Buckets/GlobalShaderMap/51/88/fbe2956b8d0a16038dd350ebe8251139e834.udd" 4370
"C:/Users/emanu/AppData/Local/UnrealEngine/Common/DerivedDataCache/Buckets/GlobalShaderMap/60/e9/1297f53fc9d90d9aeeaff9e7b7a5c53a0baa.udd" 4371
"C:/Users/emanu/AppData/Local/UnrealEngine/Common/DerivedDataCache/Buckets/GlobalShaderMap/64/cd/8390638ed60aebcc6e15a8c8b6bede617ed2.udd" 4372
"C:/Users/emanu/AppData/Local/UnrealEngine/Common/DerivedDataCache/Buckets/GlobalShaderMap/1c/3a/45a612b7f14892493a53661cc209dd698c6f.udd" 4373
"C:/Users/emanu/AppData/Local/UnrealEngine/Common/DerivedDataCache/Buckets/GlobalShaderMap/5b/68/4f446ec662d3c11d276eedf7ee699406b387.udd" 4374
"C:/Users/emanu/AppData/Local/UnrealEngine/Common/DerivedDataCache/Buckets/GlobalShaderMap/de/94/6743a8c6ee3ea565cb52fa1de4421ca01787.udd" 4375
"C:/Users/emanu/AppData/Local/UnrealEngine/Common/DerivedDataCache/Buckets/GlobalShaderMap/ce/d3/314da4b1925b0be32d8c2f4dcc715b7ca0c2.udd" 4376
"C:/Users/emanu/AppData/Local/UnrealEngine/Common/DerivedDataCache/Buckets/GlobalShaderMap/c9/17/b5f7c4c768f249889ddb695c42f3d4f80d35.udd" 4377
"C:/Users/emanu/AppData/Local/UnrealEngine/Common/DerivedDataCache/Buckets/GlobalShaderMap/63/8d/5ad5c419af34ac50d86ae30c8cdc2f00e192.udd" 4378
"C:/Users/emanu/AppData/Local/UnrealEngine/Common/DerivedDataCache/Buckets/GlobalShaderMap/de/cf/741057a95d54616f7344f0c3f7a63bcae27f.udd" 4379
"C:/Users/emanu/AppData/Local/UnrealEngine/Common/DerivedDataCache/Buckets/GlobalShaderMap/c2/1f/d016804113a9d3aec173421035d7e0f5d15f.udd" 4380
"C:/Users/emanu/AppData/Local/UnrealEngine/Common/DerivedDataCache/Buckets/GlobalShaderMap/1c/6d/dc04e8429dcf56b16422dcc51eaa5577d2b9.udd" 4381
"C:/Users/emanu/AppData/Local/UnrealEngine/Common/DerivedDataCache/Buckets/GlobalShaderMap/a9/b1/ddc867145f437f7a9eeca01578ba461b066e.udd" 4382
"C:/Users/emanu/AppData/Local/UnrealEngine/Common/DerivedDataCache/Buckets/GlobalShaderMap/b5/e3/2400c964ff57f662adb02b98010368625072.udd" 4383
"C:/Users/emanu/AppData/Local/UnrealEngine/Common/DerivedDataCache/Buckets/GlobalShaderMap/eb/81/1cacbc479f46d226d484e236f1a1ee5a7d49.udd" 4384
"C:/Users/emanu/AppData/Local/UnrealEngine/Common/DerivedDataCache/Buckets/GlobalShaderMap/da/a9/830999db26895ac73e403aa852bb16c6c093.udd" 4385
"C:/Users/emanu/AppData/Local/UnrealEngine/Common/DerivedDataCache/Buckets/GlobalShaderMap/a4/a0/ceac01fbf8e59f22291a0b2c0d8cfbaaf665.udd" 4386
"C:/Users/emanu/AppData/Local/UnrealEngine/Common/DerivedDataCache/Buckets/GlobalShaderMap/c3/97/b67efb950b01877b363194cd26e9b641285b.udd" 4387
"C:/Users/emanu/AppData/Local/UnrealEngine/Common/DerivedDataCache/Buckets/GlobalShaderMap/d5/7c/e4b7e90917c58c2e8533d941915a19e8ae21.udd" 4388
"C:/Users/emanu/AppData/Local/UnrealEngine/Common/DerivedDataCache/Buckets/GlobalShaderMap/7f/d9/a7e25635fd780a6c8420a353f4d3aaa47813.udd" 4389
"C:/Users/emanu/AppData/Local/UnrealEngine/Common/DerivedDataCache/Buckets/GlobalShaderMap/2f/68/e737e2c867dc91aeb2a20fc471a258b591ee.udd" 4390
"C:/Users/emanu/AppData/Local/UnrealEngine/Common/DerivedDataCache/Buckets/GlobalShaderMap/98/e8/3021294477c6926a40e3d8aed7812867c0c3.udd" 4391
"C:/Users/emanu/AppData/Local/UnrealEngine/Common/DerivedDataCache/Buckets/GlobalShaderMap/93/ef/a5295ca6b8c5796e3a6bf6fc33ea7e30f799.udd" 4392
"C:/Users/emanu/AppData/Local/UnrealEngine/Common/DerivedDataCache/Buckets/GlobalShaderMap/92/35/3cf21ce0ed3c16cd97b29a13a75514863253.udd" 4393
"C:/Users/emanu/AppData/Local/UnrealEngine/Common/DerivedDataCache/Buckets/GlobalShaderMap/93/01/883d910a62066056f54cbf784657d228b103.udd" 4394
"C:/Users/emanu/AppData/Local/UnrealEngine/Common/DerivedDataCache/Buckets/GlobalShaderMap/61/5d/a7b4044464c59700e4d1a54bcc022ff0a6c0.udd" 4395
"C:/Users/emanu/AppData/Local/UnrealEngine/Common/DerivedDataCache/Buckets/GlobalShaderMap/db/82/aa740f877797dc06f74fbe6ec4f121ac3d11.udd" 4396
"C:/Users/emanu/AppData/Local/UnrealEngine/Common/DerivedDataCache/Buckets/GlobalShaderMap/5f/3f/09f7aa2f96f8080d6f77323e765c8b7918c1.udd" 4397
"C:/Users/emanu/AppData/Local/UnrealEngine/Common/DerivedDataCache/Buckets/GlobalShaderMap/d0/d1/b74a9188ffbc7017496ee3a7edeee58e7e49.udd" 4398
"C:/Users/emanu/AppData/Local/UnrealEngine/Common/DerivedDataCache/Buckets/GlobalShaderMap/eb/7e/21bba047463fad3be5efad82e079244b26a9.udd" 4399
"C:/Users/emanu/AppData/Local/UnrealEngine/Common/DerivedDataCache/Buckets/GlobalShaderMap/ff/63/bb3c7c93ea47d63b67e99d3b56eded728e0c.udd" 4400
"C:/Users/emanu/AppData/Local/UnrealEngine/Common/DerivedDataCache/Buckets/GlobalShaderMap/f3/38/41ea6f7e0713c5974bd1f2ddab129d036ea3.udd" 4401
"C:/Users/emanu/AppData/Local/UnrealEngine/Common/DerivedDataCache/Buckets/GlobalShaderMap/af/31/3209c69cc9be6641ff4aba49fc8a145ac3b2.udd" 4402
"C:/Users/emanu/AppData/Local/UnrealEngine/Common/DerivedDataCache/Buckets/GlobalShaderMap/68/db/5e396c2607b4bb6e8c626828eb0dbb291898.udd" 4403
"C:/Users/emanu/AppData/Local/UnrealEngine/Common/DerivedDataCache/Buckets/GlobalShaderMap/79/2f/ef8f5e267348c809b8844bcb089b9a15ffc9.udd" 4404
"C:/Users/emanu/AppData/Local/UnrealEngine/Common/DerivedDataCache/Buckets/GlobalShaderMap/c3/cb/938abc5a2cf448960a923f53506abf9f2162.udd" 4405
"C:/Users/emanu/AppData/Local/UnrealEngine/Common/DerivedDataCache/Buckets/GlobalShaderMap/1e/1e/b55dac085949bcf31abd0357c5d034ad30f4.udd" 4406
"C:/Users/emanu/AppData/Local/UnrealEngine/Common/DerivedDataCache/Buckets/GlobalShaderMap/24/97/0b708372bafa2261007ad3ea6f82615e7f0c.udd" 4407
"C:/Users/emanu/AppData/Local/UnrealEngine/Common/DerivedDataCache/Buckets/GlobalShaderMap/f9/50/eff835cc8ed78e378616ecf920a03c7932cd.udd" 4408
"C:/Users/emanu/AppData/Local/UnrealEngine/Common/DerivedDataCache/Buckets/GlobalShaderMap/63/4e/3cfb7f7c669e3a6456e0dc163d45588b5114.udd" 4409
"C:/Users/emanu/AppData/Local/UnrealEngine/Common/DerivedDataCache/Buckets/GlobalShaderMap/ad/ff/5e602e094e6717e0b5aa9dbaf3648e801b67.udd" 4410
"C:/Users/emanu/AppData/Local/UnrealEngine/Common/DerivedDataCache/Buckets/GlobalShaderMap/f7/2d/b4bd385073e076b0b983608adb7aa647c851.udd" 4411
"C:/Users/emanu/AppData/Local/UnrealEngine/Common/DerivedDataCache/Buckets/GlobalShaderMap/f5/a8/d4a8c3dec5a0ce95a47998fbb3861aa0b2a0.udd" 4412
"C:/Users/emanu/AppData/Local/UnrealEngine/Common/DerivedDataCache/Buckets/GlobalShaderMap/05/36/cb8aa1644a19de94911ffadfae2cd2a1dc56.udd" 4413
"C:/Users/emanu/AppData/Local/UnrealEngine/Common/DerivedDataCache/Buckets/GlobalShaderMap/bb/70/3d8411ba5442f79d12befb111c58c5f4054d.udd" 4414
"C:/Users/emanu/AppData/Local/UnrealEngine/Common/DerivedDataCache/Buckets/GlobalShaderMap/d2/a2/54147433ae822b3583b35d2162f80a224fc9.udd" 4415
"C:/Users/emanu/AppData/Local/UnrealEngine/Common/DerivedDataCache/Buckets/GlobalShaderMap/03/f2/9fac7d0ee7c241ec111deb26e45d6b167466.udd" 4416
"C:/Users/emanu/AppData/Local/UnrealEngine/Common/DerivedDataCache/Buckets/GlobalShaderMap/6c/e5/b6c4f9f0bb245b85b5498830068206a8630d.udd" 4417
"C:/Users/emanu/AppData/Local/UnrealEngine/Common/DerivedDataCache/Buckets/GlobalShaderMap/80/fe/ced00644c8f9a757198ee0e8cc53c95ae266.udd" 4418
"C:/Users/emanu/AppData/Local/UnrealEngine/Common/DerivedDataCache/Buckets/GlobalShaderMap/af/7d/46cb2c9fe3824e137b0fc75adb160bb9b443.udd" 4419
"C:/Users/emanu/AppData/Local/UnrealEngine/Common/DerivedDataCache/Buckets/GlobalShaderMap/82/50/c61e6767d97c3bb1f6e4df5805e1e6e6248e.udd" 4420
"C:/Users/emanu/AppData/Local/UnrealEngine/Common/DerivedDataCache/Buckets/GlobalShaderMap/e6/2f/cc9df3c9dbf24181cf3ee04f0a3aa3c95820.udd" 4421
"C:/Users/emanu/AppData/Local/UnrealEngine/Common/DerivedDataCache/Buckets/GlobalShaderMap/5c/10/25eac0aa9cdf99ec43be173dd4831536f81a.udd" 4422
"C:/Users/emanu/AppData/Local/UnrealEngine/Common/DerivedDataCache/Buckets/GlobalShaderMap/a3/1d/7bbe57d308f40b004087ae8a7aee618bf15f.udd" 4423
"C:/Users/emanu/AppData/Local/UnrealEngine/Common/DerivedDataCache/Buckets/GlobalShaderMap/af/c2/e66c2e9d4360c0812b5be440ec6657a8bf22.udd" 4424
"C:/Users/emanu/AppData/Local/UnrealEngine/Common/DerivedDataCache/Buckets/GlobalShaderMap/cb/ce/c440c1e91923a01db5094684e0aa6ccb9416.udd" 4425
"C:/Users/emanu/AppData/Local/UnrealEngine/Common/DerivedDataCache/Buckets/GlobalShaderMap/30/40/1236063abb0946dc5b9e63e8594dff51554a.udd" 4426
"C:/Users/emanu/AppData/Local/UnrealEngine/Common/DerivedDataCache/Buckets/GlobalShaderMap/4d/40/0f1725fc5a18983e2d39cb0cd15b62728bbc.udd" 4427
"C:/Users/emanu/AppData/Local/UnrealEngine/Common/DerivedDataCache/Buckets/GlobalShaderMap/7b/cd/fb2eceb3436f5785ea95d8dafc863189af5d.udd" 4428
"C:/Users/emanu/AppData/Local/UnrealEngine/Common/DerivedDataCache/Buckets/GlobalShaderMap/54/7a/1ee5ef806daf1027f41f1be4a319650857a3.udd" 4429
"C:/Users/emanu/AppData/Local/UnrealEngine/Common/DerivedDataCache/Buckets/GlobalShaderMap/96/3e/0deaaff524f4753bb516138cdf41af6d51dc.udd" 4430
"C:/Users/emanu/AppData/Local/UnrealEngine/Common/DerivedDataCache/Buckets/GlobalShaderMap/52/31/e76b953a80137a00a726ebfa5c385e6e7557.udd" 4431
"C:/Users/emanu/AppData/Local/UnrealEngine/Common/DerivedDataCache/Buckets/GlobalShaderMap/d1/be/d232a7b64afc23f7dc60e97df9661856a3f9.udd" 4432
"C:/Users/emanu/AppData/Local/UnrealEngine/Common/DerivedDataCache/Buckets/GlobalShaderMap/91/0a/a221d401c91c5778c97dfc4addacc9f93335.udd" 4433
"C:/Users/emanu/AppData/Local/UnrealEngine/Common/DerivedDataCache/Buckets/GlobalShaderMap/c5/1d/79bb657c3dc628a5a6d77425c51387b7dc60.udd" 4434
"C:/Users/emanu/AppData/Local/UnrealEngine/Common/DerivedDataCache/Buckets/GlobalShaderMap/60/1d/415021fd068fb533ccebbc122ed1b4075974.udd" 4435
"C:/Users/emanu/AppData/Local/UnrealEngine/Common/DerivedDataCache/Buckets/GlobalShaderMap/80/ea/7d26d950d707ac50df29f9e83a0f485cfbe1.udd" 4436
"C:/Users/emanu/AppData/Local/UnrealEngine/Common/DerivedDataCache/Buckets/GlobalShaderMap/97/78/e45f7be5ccd52e0551d09afda9da800da761.udd" 4437
"../../../Engine/Plugins/Interchange/Runtime/Content/Pipelines/DefaultSceneLevelPipeline.uasset" 4438
"../../../Engine/Plugins/Interchange/Runtime/Content/Pipelines/DefaultSceneAssetsPipeline.uasset" 4439
"../../../Engine/Plugins/Interchange/Runtime/Content/Pipelines/DefaultTexturePipeline.uasset" 4440
"../../../Engine/Plugins/Interchange/Runtime/Content/Pipelines/DefaultMaterialPipeline.uasset" 4441
"../../../Engine/Plugins/Interchange/Runtime/Content/Pipelines/DefaultAssetsPipeline.uasset" 4442
"../../../Engine/Content/EngineMaterials/STBlueNoise_scalar_128x128x64.uasset" 4443
"../../../Engine/Content/EngineMaterials/STBlueNoise_vec2_128x128x64.uasset" 4444
"../../../Engine/Content/EngineDebugMaterials/DebugEditorMaterial.uasset" 4445
"../../../Engine/Content/EditorResources/BSPVertex.uasset" 4446
"../../../Engine/Content/EngineMaterials/DefaultBloomKernel.uasset" 4447
"../../../Engine/Content/EngineResources/FilmGrains/Marcie_Grain_v3_128_M2_000.uasset" 4448
"../../../Engine/Plugins/Animation/ControlRig/Content/Controls/ControlRigGizmoMaterial.uasset" 4449
"../../../Engine/Content/EngineMaterials/DefaultCalibrationGrayscale.uasset" 4450
"../../../Engine/Content/EngineSounds/Submixes/MasterEQEffectPreset.uasset" 4451
"../../../Engine/Content/EngineSounds/Submixes/MasterReverbEffectPreset.uasset" 4452
"../../../Engine/Content/EngineMaterials/DefaultCalibrationColor.uasset" 4453
"../../../Engine/Content/EditorMaterials/PreviewShadowIndicator.uasset" 4454
"E:/Projects/EcoBots/Content/Blueprints/Managers/BP_DayNightManagers.uasset" 4455
"E:/Projects/EcoBots/Content/Assets/LUSH_StylizedEnvironmentSet/Landscape/Textures/RVT_Height.uasset" 4456
"E:/Projects/EcoBots/Content/Assets/LUSH_StylizedEnvironmentSet/Landscape/Textures/RVT_BaseColor.uasset" 4457
"../../../Engine/Content/MobileResources/HUD/VirtualJoystick_Background.uasset" 4458
"E:/Projects/EcoBots/Content/Assets/LUSH_StylizedEnvironmentSet/Maps/DemoMap_sharedassets/Cliff_LayerInfo.uasset" 4459
"../../../Engine/Content/MobileResources/HUD/VirtualJoystick_Thumb.uasset" 4460
"E:/Projects/EcoBots/Content/Assets/LUSH_StylizedEnvironmentSet/Maps/DemoMap_sharedassets/Grass_LayerInfo.uasset" 4461
"E:/Projects/EcoBots/Content/Assets/LUSH_StylizedEnvironmentSet/Maps/DemoMap_sharedassets/Gravel_LayerInfo.uasset" 4462
"C:/Users/emanu/AppData/Local/UnrealEngine/Common/DerivedDataCache/Buckets/BulkDataList/b9/cd/1024a08bff47cd3df5ec9b1d5cd6c20df5fb.udd" 4463
"C:/Users/emanu/AppData/Local/UnrealEngine/Common/DerivedDataCache/Buckets/BulkDataList/b2/70/57d869c07c41c9aeae0baad724bdd66d8029.udd" 4464
"C:/Users/emanu/AppData/Local/UnrealEngine/Common/DerivedDataCache/Buckets/BulkDataList/3e/c6/ba527403e95a8758a1e7ea471c1a869457e0.udd" 4465
"C:/Users/emanu/AppData/Local/UnrealEngine/Common/DerivedDataCache/Buckets/BulkDataList/e2/81/d5dc36c022ec0bde7c834923f3b25716348e.udd" 4466
"E:/Projects/EcoBots/Content/Assets/LUSH_StylizedEnvironmentSet/Maps/DemoMap_sharedassets/Mud_LayerInfo.uasset" 4467
"C:/Users/emanu/AppData/Local/UnrealEngine/Common/DerivedDataCache/Buckets/BulkDataList/35/f4/639877c54386cd4cbaa589b0f4c406b6481e.udd" 4468
"E:/Projects/EcoBots/Content/Assets/LUSH_StylizedEnvironmentSet/Maps/DemoMap_sharedassets/RiverBed_LayerInfo.uasset" 4469
"E:/Projects/EcoBots/Content/Assets/LUSH_StylizedEnvironmentSet/Maps/DemoMap_sharedassets/Sand_LayerInfo.uasset" 4470
"E:/Projects/EcoBots/Content/Blueprints/Audio/SC_Music.uasset" 4471
"E:/Projects/EcoBots/Content/Blueprints/Characters/BP_PersonalizationCam.uasset" 4472
"../../../Engine/Content/Functions/Engine_MaterialFunctions02/ExampleContent/Textures/newhplaneAlphaMap.uasset" 4473
"../../../Engine/Content/Functions/Engine_MaterialFunctions02/ExampleContent/Textures/newhplaneLightingMap.uasset" 4474
"../../../Engine/Content/Functions/Engine_MaterialFunctions02/ExampleContent/Textures/newhplaneNormalsMap.uasset" 4475
"../../../Engine/Content/MapTemplates/Sky/DaylightAmbientCubemap.uasset" 4476
"../../../Engine/Content/EditorBlueprintResources/StandardMacros.uasset" 4477
"E:/Projects/EcoBots/Content/Assets/LUSH_StylizedEnvironmentSet/StylizedWaterComponent/Texture/T_WaterWaves_01_N.uasset" 4478
"../../../Engine/Content/Functions/Engine_MaterialFunctions02/HueShift.uasset" 4479
"E:/Projects/EcoBots/Content/Assets/StackOBot/Characters/Bot/Textures/T_Bot_Albedo.uasset" 4480
"E:/Projects/EcoBots/Content/Assets/StackOBot/Characters/Bot/Textures/T_Bot_M_R_AO.uasset" 4481
"E:/Projects/EcoBots/Content/Assets/StackOBot/Characters/Bot/Textures/T_Bot_Masks.uasset" 4482
"C:/Users/emanu/AppData/Local/UnrealEngine/Common/DerivedDataCache/Buckets/MaterialShaderMap/5a/48/6ef4002cad3a151a8354e02a86fb2505d772.udd" 4483
"E:/Projects/EcoBots/Content/Assets/StackOBot/Characters/Bot/Textures/T_Bot_Normal.uasset" 4484
"E:/Projects/EcoBots/Content/Blueprints/Characters/MiniMap/MiniMapTextureRenderTarget2D.uasset" 4485
"E:/Projects/EcoBots/Content/Blueprints/Characters/BP_CameraPawn.uasset" 4486
"C:/Users/emanu/AppData/Local/UnrealEngine/Common/DerivedDataCache/Buckets/BulkDataList/9f/fb/a27eb48972431489533c7bdcbb9ce42cecaf.udd" 4487
"C:/Users/emanu/AppData/Local/UnrealEngine/Common/DerivedDataCache/Buckets/BulkDataList/55/3c/d3bff971872df98d1262b632ea160069f6b2.udd" 4488
"C:/Users/emanu/AppData/Local/UnrealEngine/Common/DerivedDataCache/Buckets/BulkDataList/7b/97/696e41aaaf5050a13b1a9a1819f6a9bc9e13.udd" 4489
"C:/Users/emanu/AppData/Local/UnrealEngine/Common/DerivedDataCache/Buckets/BulkDataList/2b/27/2d0e1433306c63669a63ea306446360dd23b.udd" 4490
"E:/Projects/EcoBots/Content/Assets/LUSH_StylizedEnvironmentSet/_SharedAssets/Textures/T_FX_Clouds.uasset" 4491
"C:/Users/emanu/AppData/Local/UnrealEngine/Common/DerivedDataCache/Buckets/BulkDataList/ce/0a/681503dae0401404fca3d7a0c1df56f2cd42.udd" 4492
"C:/Users/emanu/AppData/Local/UnrealEngine/Common/DerivedDataCache/Buckets/BulkDataList/8b/6c/edb00ae2aff1a48b10f5bf60ab7415e0c35e.udd" 4493
"C:/Users/emanu/AppData/Local/UnrealEngine/Common/DerivedDataCache/Buckets/BulkDataList/12/79/b0aa82fdbaac5b56eb64e594899f4725c69a.udd" 4494
"C:/Users/emanu/AppData/Local/UnrealEngine/Common/DerivedDataCache/Buckets/BulkDataList/99/5e/0b733e9da48b729b7530800900ba434fc78a.udd" 4495
"C:/Users/emanu/AppData/Local/UnrealEngine/Common/DerivedDataCache/Buckets/BulkDataList/80/b8/a7c6f4ba9eb6dd9aa31bb612b5f9a130089e.udd" 4496
"E:/Projects/EcoBots/Content/Assets/LUSH_StylizedEnvironmentSet/Landscape/Textures/T_GenericGravel_D.uasset" 4497
"E:/Projects/EcoBots/Content/Assets/LUSH_StylizedEnvironmentSet/Landscape/Textures/T_GenericGravel_N.uasset" 4498
"E:/Projects/EcoBots/Content/Assets/LUSH_StylizedEnvironmentSet/Landscape/Textures/T_GenericGravel_RAOH.uasset" 4499
"C:/Users/emanu/AppData/Local/UnrealEngine/Common/DerivedDataCache/Buckets/MaterialShaderMap/98/b3/3a431268267b1929e3c9d18f1209e3a03e03.udd" 4500
"E:/Projects/EcoBots/Content/Assets/LUSH_StylizedEnvironmentSet/Landscape/Textures/T_LushGrass_D.uasset" 4501
"E:/Projects/EcoBots/Content/Assets/LUSH_StylizedEnvironmentSet/Landscape/Textures/T_LushGrass_N.uasset" 4502
"E:/Projects/EcoBots/Content/Assets/LUSH_StylizedEnvironmentSet/Landscape/Textures/T_LushGrass_RAOH.uasset" 4503
"C:/Users/emanu/AppData/Local/UnrealEngine/Common/DerivedDataCache/Buckets/BulkDataList/22/b3/b1b0611e323faa3c9022a876ecbe0e4b79bf.udd" 4504
"E:/Projects/EcoBots/Content/Assets/LUSH_StylizedEnvironmentSet/Landscape/Textures/T_RiverBed_D.uasset" 4505
"E:/Projects/EcoBots/Content/Assets/LUSH_StylizedEnvironmentSet/Landscape/Textures/T_RiverBed_N.uasset" 4506
"E:/Projects/EcoBots/Content/Assets/LUSH_StylizedEnvironmentSet/Landscape/Textures/T_RiverBed_RAOH.uasset" 4507
"E:/Projects/EcoBots/Content/Assets/LUSH_StylizedEnvironmentSet/Landscape/Textures/T_SandBank_D.uasset" 4508
"E:/Projects/EcoBots/Content/Assets/LUSH_StylizedEnvironmentSet/Landscape/Textures/T_SandBank_N.uasset" 4509
"E:/Projects/EcoBots/Content/Assets/LUSH_StylizedEnvironmentSet/Landscape/Textures/T_SandBank_RAOH.uasset" 4510
"C:/Users/emanu/AppData/Local/UnrealEngine/Common/DerivedDataCache/Buckets/BulkDataList/6f/0f/a21c5c9f685826131f0328a58893fc2b1238.udd" 4511
"E:/Projects/EcoBots/Content/Assets/LUSH_StylizedEnvironmentSet/Landscape/Textures/T_SwampMud_D.uasset" 4512
"E:/Projects/EcoBots/Content/Assets/LUSH_StylizedEnvironmentSet/Landscape/Textures/T_SwampMud_N.uasset" 4513
"E:/Projects/EcoBots/Content/Assets/LUSH_StylizedEnvironmentSet/Landscape/Textures/T_SwampMud_RAOH.uasset" 4514
"C:/Users/emanu/AppData/Local/UnrealEngine/Common/DerivedDataCache/Buckets/BulkDataList/40/60/7664160fc66ee36bbd24db9ba5822cec7059.udd" 4515
"C:/Users/emanu/AppData/Local/UnrealEngine/Common/DerivedDataCache/Buckets/BulkDataList/f8/df/f3ae33edc9bb7a8e87764e847c0d96eeb9f0.udd" 4516
"E:/Projects/EcoBots/Content/Assets/LUSH_StylizedEnvironmentSet/Landscape/Textures/T_TropicalCliff_D.uasset" 4517
"E:/Projects/EcoBots/Content/Assets/LUSH_StylizedEnvironmentSet/Landscape/Textures/T_TropicalCliff_ND.uasset" 4518
"E:/Projects/EcoBots/Content/Assets/LUSH_StylizedEnvironmentSet/Landscape/Textures/T_TropicalCliff_RAOH.uasset" 4519
"../../../Engine/Content/EngineSky/T_Sky_Blue.uasset" 4520
"../../../Engine/Content/EngineSky/T_Sky_Clouds_M.uasset" 4521
"../../../Engine/Content/EngineSky/T_Sky_Stars.uasset" 4522
"../../../Engine/Content/Functions/Engine_MaterialFunctions02/ExampleContent/Textures/newhplaneHeightMap.uasset" 4523
"../../../Engine/Content/MapTemplates/Sky/T_Sky_Stars.uasset" 4524
"../../../Engine/Content/MapTemplates/Sky/T_UDK_Sky_CloudMask01_N.uasset" 4525
"../../../Engine/Content/MapTemplates/T_UDK_Sky_CloudMask03.uasset" 4526
"../../../Engine/Content/EngineMaterials/BlendFunc_DefBase.uasset" 4527
"../../../Engine/Content/EngineMaterials/BlendFunc_DefBlend.uasset" 4528
"../../../Engine/Content/Functions/Engine_MaterialFunctions02/Utility/MakeFloat3.uasset" 4529
"C:/Users/emanu/AppData/Local/UnrealEngine/Common/DerivedDataCache/Buckets/BulkDataList/13/78/3bad144e134cf266c18be32f3576082a0fbd.udd" 4530
"../../../Engine/Content/OpenWorldTemplate/LandscapeMaterial/T_GridChecker_A.uasset" 4531
"E:/Projects/EcoBots/Content/Assets/media/img/CraftBookIco.uasset" 4532
"E:/Projects/EcoBots/Content/Assets/media/img/foodIco.uasset" 4533
"C:/Users/emanu/AppData/Local/UnrealEngine/Common/DerivedDataCache/Buckets/BulkDataList/93/64/6ab1ecf3b8e0c092db1d43acde3fc291871f.udd" 4534
"E:/Projects/EcoBots/Content/Assets/media/img/HealthIco.uasset" 4535
"E:/Projects/EcoBots/Content/Assets/media/img/InventoryIco.uasset" 4536
"C:/Users/emanu/AppData/Local/UnrealEngine/Common/DerivedDataCache/Buckets/BulkDataList/b8/3e/2d75cb36ddef1b4fb8ba801aa7eebbff2192.udd" 4537
"C:/Users/emanu/AppData/Local/UnrealEngine/Common/DerivedDataCache/Buckets/BulkDataList/5b/50/2002c6bd725ae91ef226c8c15781e33b56b1.udd" 4538
"E:/Projects/EcoBots/Content/Assets/media/img/MoneyIco.uasset" 4539
"C:/Users/emanu/AppData/Local/UnrealEngine/Common/DerivedDataCache/Buckets/BulkDataList/e7/ae/524e310066f5a353fef375619cb827e209ed.udd" 4540
"E:/Projects/EcoBots/Content/Assets/media/img/PauseIco.uasset" 4541
"E:/Projects/EcoBots/Content/Assets/media/img/ThirstIco.uasset" 4542
"C:/Users/emanu/AppData/Local/UnrealEngine/Common/DerivedDataCache/Buckets/BulkDataList/a0/84/e5d84c2a4d2d5b38fd1587d294ccf908a62f.udd" 4543
"C:/Users/emanu/AppData/Local/UnrealEngine/Common/DerivedDataCache/Buckets/BulkDataList/98/63/72e1e55d86ad04096a864a07c48b89326ac0.udd" 4544
"E:/Projects/EcoBots/Content/Assets/media/img/WorldHealth.uasset" 4545
"C:/Users/emanu/AppData/Local/UnrealEngine/Common/DerivedDataCache/Buckets/BulkDataList/6d/b1/56ff53dc867b9cf02a228c525979682d4343.udd" 4546
"E:/Projects/EcoBots/Content/Assets/LUSH_StylizedEnvironmentSet/_SharedAssets/T_Tree_Leaves_03.uasset" 4547
"C:/Users/emanu/AppData/Local/UnrealEngine/Common/DerivedDataCache/Buckets/BulkDataList/a2/6f/dbdde6ced8b3a3b2ac925fed75e501562ee6.udd" 4548
"../../../Engine/Content/EngineMaterials/FlatNormal.uasset" 4549
"C:/Users/emanu/AppData/Local/UnrealEngine/Common/DerivedDataCache/Buckets/BulkDataList/2b/fd/3fdde934da57e4df4677839f23eb4fa4b239.udd" 4550
"E:/Projects/EcoBots/Content/Assets/LUSH_StylizedEnvironmentSet/Foliage/Flowers/Textures/T_Flowers_01_D.uasset" 4551
"C:/Users/emanu/AppData/Local/UnrealEngine/Common/DerivedDataCache/Buckets/BulkDataList/c3/29/cd4436ab78ab98458ba6b460112190a513e6.udd" 4552
"E:/Projects/EcoBots/Content/Assets/LUSH_StylizedEnvironmentSet/Foliage/Plants/Textures/T_eleplant_leaf_01.uasset" 4553
"C:/Users/emanu/AppData/Local/UnrealEngine/Common/DerivedDataCache/Buckets/BulkDataList/8e/a1/093a533208a0e5ad33669c182a86bd75e704.udd" 4554
"E:/Projects/EcoBots/Content/Assets/LUSH_StylizedEnvironmentSet/Foliage/Plants/Textures/T_eleplant_leaf_01_N.uasset" 4555
"C:/Users/emanu/AppData/Local/UnrealEngine/Common/DerivedDataCache/Buckets/BulkDataList/c9/6c/4c5f3ba4db47f5107f3d3eb735e7cdf84e25.udd" 4556
"E:/Projects/EcoBots/Content/Assets/LUSH_StylizedEnvironmentSet/_SharedAssets/T_Leaves_01.uasset" 4557
"C:/Users/emanu/AppData/Local/UnrealEngine/Common/DerivedDataCache/Buckets/BulkDataList/a9/9e/59dbbf93e76e0cc9c442766c8bae25f2b58f.udd" 4558
"E:/Projects/EcoBots/Content/Assets/LUSH_StylizedEnvironmentSet/Foliage/Trees/Textures/T_BananaLeaf_02_D.uasset" 4559
"C:/Users/emanu/AppData/Local/UnrealEngine/Common/DerivedDataCache/Buckets/BulkDataList/d1/8d/f64c7f0cb96cb582e6248261101cd6547946.udd" 4560
"E:/Projects/EcoBots/Content/Assets/LUSH_StylizedEnvironmentSet/Foliage/Trees/Textures/T_BananaLeaf_02_N.uasset" 4561
"C:/Users/emanu/AppData/Local/UnrealEngine/Common/DerivedDataCache/Buckets/BulkDataList/fd/25/6bd4e4832913e6b808ca65a48fd60a46dfd8.udd" 4562
"E:/Projects/EcoBots/Content/Assets/LUSH_StylizedEnvironmentSet/Foliage/Trees/Textures/T_BananaLeaf_02_RAOH.uasset" 4563
"C:/Users/emanu/AppData/Local/UnrealEngine/Common/DerivedDataCache/Buckets/BulkDataList/e3/34/459e5b6f709506f17ce43d26d7766ccdafdd.udd" 4564
"E:/Projects/EcoBots/Content/Assets/LUSH_StylizedEnvironmentSet/Foliage/Trees/Textures/T_Banana_Bark_D.uasset" 4565
"C:/Users/emanu/AppData/Local/UnrealEngine/Common/DerivedDataCache/Buckets/BulkDataList/2c/e6/4754f27e1e42461c2ef83c70b331ecc4fd10.udd" 4566
"E:/Projects/EcoBots/Content/Assets/LUSH_StylizedEnvironmentSet/Foliage/Trees/Textures/T_Banana_Bark_N.uasset" 4567
"C:/Users/emanu/AppData/Local/UnrealEngine/Common/DerivedDataCache/Buckets/BulkDataList/42/a1/8529dae7db556d5fca21bc66abfeb0798ff8.udd" 4568
"E:/Projects/EcoBots/Content/Assets/LUSH_StylizedEnvironmentSet/Foliage/Trees/Textures/T_Banana_Bark_RHAO.uasset" 4569
"C:/Users/emanu/AppData/Local/UnrealEngine/Common/DerivedDataCache/Buckets/BulkDataList/d3/17/6f84590b08d267685320eb6d9372864baf07.udd" 4570
"E:/Projects/EcoBots/Content/Assets/LUSH_StylizedEnvironmentSet/Foliage/Trees/Textures/T_Palm_A_Bark_D.uasset" 4571
"C:/Users/emanu/AppData/Local/UnrealEngine/Common/DerivedDataCache/Buckets/BulkDataList/d0/59/8cc7be6b0f78913b07ad7c136684f7dc92ed.udd" 4572
"E:/Projects/EcoBots/Content/Assets/LUSH_StylizedEnvironmentSet/Foliage/Trees/Textures/T_Palm_A_Bark_N.uasset" 4573
"C:/Users/emanu/AppData/Local/UnrealEngine/Common/DerivedDataCache/Buckets/BulkDataList/05/85/e68b46740122dadf1c64746f4329d075dbe7.udd" 4574
"C:/Users/emanu/AppData/Local/UnrealEngine/Common/DerivedDataCache/Buckets/BulkDataList/0d/74/98604970c1d9073efd3a2acc583a1a96c61d.udd" 4575
"C:/Users/emanu/AppData/Local/UnrealEngine/Common/DerivedDataCache/Buckets/BulkDataList/15/72/92797eb44a23b5b11f6454ff0ed91eea0503.udd" 4576
"C:/Users/emanu/AppData/Local/UnrealEngine/Common/DerivedDataCache/Buckets/BulkDataList/6d/e8/ebe516138f03f4f485c3e8e579894307a11a.udd" 4577
"C:/Users/emanu/AppData/Local/UnrealEngine/Common/DerivedDataCache/Buckets/BulkDataList/a5/d9/d933d70ea34c865617d31d768727fef57abd.udd" 4578
"C:/Users/emanu/AppData/Local/UnrealEngine/Common/DerivedDataCache/Buckets/BulkDataList/71/d1/a12ce879367b89e4c20be942db5489e44d3d.udd" 4579
"C:/Users/emanu/AppData/Local/UnrealEngine/Common/DerivedDataCache/Buckets/BulkDataList/f7/3c/28de36f3185c3b86e5ec8450d9de68a188fd.udd" 4580
"C:/Users/emanu/AppData/Local/UnrealEngine/Common/DerivedDataCache/Buckets/BulkDataList/1d/c4/770d3c6d44212f0087d6bd35ee9f11e8469f.udd" 4581
"C:/Users/emanu/AppData/Local/UnrealEngine/Common/DerivedDataCache/Buckets/BulkDataList/c8/a6/0cf7182e33db033176f75f8dd2a552dd36b2.udd" 4582
"C:/Users/emanu/AppData/Local/UnrealEngine/Common/DerivedDataCache/Buckets/BulkDataList/48/fb/1b515c4a5d00ffd5eae79d3edf666bf74dca.udd" 4583
"C:/Users/emanu/AppData/Local/UnrealEngine/Common/DerivedDataCache/Buckets/BulkDataList/9e/ec/a328f1a9f003fc5d4643c8578fa5a8f12bef.udd" 4584
"C:/Users/emanu/AppData/Local/UnrealEngine/Common/DerivedDataCache/Buckets/BulkDataList/f8/c7/93150fbad81787e16acb76ecc4e525ad1008.udd" 4585
"C:/Users/emanu/AppData/Local/UnrealEngine/Common/DerivedDataCache/Buckets/BulkDataList/17/a1/53f717e790defeb148344c6fdf8d099f18ba.udd" 4586
"C:/Users/emanu/AppData/Local/UnrealEngine/Common/DerivedDataCache/Buckets/BulkDataList/c5/6b/756f33333b8c1ac28a2c2d435f24ddd4d28d.udd" 4587
"C:/Users/emanu/AppData/Local/UnrealEngine/Common/DerivedDataCache/Buckets/BulkDataList/cb/dc/6c1e1d3bcd01a89442155135fb3cd2511d40.udd" 4588
"C:/Users/emanu/AppData/Local/UnrealEngine/Common/DerivedDataCache/Buckets/BulkDataList/6a/39/db948109ef86755d32fc5d547f60c56d7c36.udd" 4589
"C:/Users/emanu/AppData/Local/UnrealEngine/Common/DerivedDataCache/Buckets/BulkDataList/32/46/497105be6df2efdfab1068b065d3ab76a6c2.udd" 4590
"C:/Users/emanu/AppData/Local/UnrealEngine/Common/DerivedDataCache/Buckets/BulkDataList/84/dd/48df61bb218dfc1294214a58074951df982a.udd" 4591
"C:/Users/emanu/AppData/Local/UnrealEngine/Common/DerivedDataCache/Buckets/BulkDataList/29/6f/61da6e5226a0252b8c8379f27e52b5270f6d.udd" 4592
"C:/Users/emanu/AppData/Local/UnrealEngine/Common/DerivedDataCache/Buckets/BulkDataList/81/6e/b4fa78037fcbf37bb2263eed5ebebd03e549.udd" 4593
"C:/Users/emanu/AppData/Local/UnrealEngine/Common/DerivedDataCache/Buckets/BulkDataList/0d/9a/90fb08d2172edff6b9aaa1504d4b9f80b7a4.udd" 4594
"C:/Users/emanu/AppData/Local/UnrealEngine/Common/DerivedDataCache/Buckets/BulkDataList/f0/c0/a5eb112a32c4baaebba70089fc2331de7223.udd" 4595
"C:/Users/emanu/AppData/Local/UnrealEngine/Common/DerivedDataCache/Buckets/BulkDataList/f7/79/852d3b3f97c5dcf1bea37f88fb33afe4fd42.udd" 4596
"C:/Users/emanu/AppData/Local/UnrealEngine/Common/DerivedDataCache/Buckets/BulkDataList/62/ae/67f69c81a0d67fd70f156209f3984c4332c9.udd" 4597
"E:/Projects/EcoBots/Content/Assets/LUSH_StylizedEnvironmentSet/Foliage/Trees/Textures/T_Palm_A_Bark_RAOH.uasset" 4598
"E:/Projects/EcoBots/Content/Assets/LUSH_StylizedEnvironmentSet/_SharedAssets/Textures/T_Default_RAOH.uasset" 4599
"E:/Projects/EcoBots/Content/Assets/LUSH_StylizedEnvironmentSet/Foliage/Trees/Textures/T_Palm_A_Leaf_D.uasset" 4600
"C:/Users/emanu/AppData/Local/UnrealEngine/Common/DerivedDataCache/Buckets/BulkDataList/e1/b8/d66f824883dd195ea286fba01efc7f064804.udd" 4601
"E:/Projects/EcoBots/Content/Assets/LUSH_StylizedEnvironmentSet/Foliage/Trees/Textures/T_Palm_A_Leaf_N.uasset" 4602
"E:/Projects/EcoBots/Content/Assets/LUSH_StylizedEnvironmentSet/Foliage/Trees/Textures/T_Palm_B_Bark_D.uasset" 4603
"E:/Projects/EcoBots/Content/Assets/LUSH_StylizedEnvironmentSet/Foliage/Trees/Textures/T_Palm_B_Bark_N.uasset" 4604
"E:/Projects/EcoBots/Content/Assets/LUSH_StylizedEnvironmentSet/Foliage/Trees/Textures/T_Palm_B_Bark_RAOH.uasset" 4605
"E:/Projects/EcoBots/Content/Assets/LUSH_StylizedEnvironmentSet/Foliage/Trees/Textures/T_Palm_B_Leaf_D.uasset" 4606
"E:/Projects/EcoBots/Content/Assets/LUSH_StylizedEnvironmentSet/Foliage/Trees/Textures/T_Palm_B_Leaf_N.uasset" 4607
"C:/Users/emanu/AppData/Local/UnrealEngine/Common/DerivedDataCache/Buckets/BulkDataList/7a/fd/3f322c856c42296205e6857c672405a501db.udd" 4608
"E:/Projects/EcoBots/Content/Assets/LUSH_StylizedEnvironmentSet/Foliage/Trees/Textures/T_Trunk_04_Moss_D.uasset" 4609
"C:/Users/emanu/AppData/Local/UnrealEngine/Common/DerivedDataCache/Buckets/BulkDataList/1c/6a/0caa0f4c79895f9c52ff7954d6a217e3e35c.udd" 4610
"E:/Projects/EcoBots/Content/Assets/LUSH_StylizedEnvironmentSet/Foliage/Trees/Textures/T_Trunk_04_Moss_N.uasset" 4611
"E:/Projects/EcoBots/Content/Assets/LUSH_StylizedEnvironmentSet/Foliage/Trees/Textures/T_Trunk_04_Moss_RAOH.uasset" 4612
"E:/Projects/EcoBots/Content/Assets/LUSH_StylizedEnvironmentSet/Foliage/Trees/Textures/T_Bark_04_D.uasset" 4613
"E:/Projects/EcoBots/Content/Assets/LUSH_StylizedEnvironmentSet/Foliage/Trees/Textures/T_Bark_04_N.uasset" 4614
"E:/Projects/EcoBots/Content/Assets/LUSH_StylizedEnvironmentSet/Foliage/Trees/Textures/T_Bark_04_RAOH.uasset" 4615
"../../../Engine/Content/Functions/Engine_MaterialFunctions02/Utility/VectorToRadialValue.uasset" 4616
"E:/Projects/EcoBots/Content/Assets/LUSH_StylizedEnvironmentSet/StylizedWaterComponent/Texture/T_FX_Waves.uasset" 4617
"E:/Projects/EcoBots/Content/Assets/LUSH_StylizedEnvironmentSet/StylizedWaterComponent/Texture/T_WaterWaves_01_H.uasset" 4618
"E:/Projects/EcoBots/Content/Assets/StackOBot/UI/Textures/T_Bot_ThumbsUp_Circle_Background.uasset" 4619
"E:/Projects/EcoBots/Content/Assets/StackOBot/Characters/Backpack/Mesh/SK_Backpack.uasset" 4620
"E:/Projects/EcoBots/Content/Assets/StackOBot/Characters/Bot/Mesh/SK_Bot.uasset" 4621
"C:/Users/emanu/AppData/Local/UnrealEngine/Common/DerivedDataCache/Buckets/BulkDataList/6a/4f/5e129c105b0b05047d53921a236907131fe6.udd" 4622
"E:/Projects/EcoBots/Content/Assets/StackOBot/Characters/Bot/Rig/PhA_Bot.uasset" 4623
"C:/Users/emanu/AppData/Local/UnrealEngine/Common/DerivedDataCache/Buckets/BulkDataList/dc/15/b026ee07cb90a892e6bae37864a0c642f001.udd" 4624
"E:/Projects/EcoBots/Content/Assets/StackOBot/FX/JetpackThruster/M_JetpackThrusterEfect.uasset" 4625
"E:/Projects/EcoBots/Content/Assets/media/img/WoodPlate.uasset" 4626
"E:/Projects/EcoBots/Content/Assets/media/img/ExitIco.uasset" 4627
"E:/Projects/EcoBots/Content/Assets/media/img/InventoryBg.uasset" 4628
"E:/Projects/EcoBots/Content/Assets/Boat/body_1.uasset" 4629
"E:/Projects/EcoBots/Content/Assets/Boat/body_2.uasset" 4630
"E:/Projects/EcoBots/Content/Assets/Boat/bottom.uasset" 4631
"E:/Projects/EcoBots/Content/Assets/Boat/paddle_.uasset" 4632
"C:/Users/emanu/AppData/Local/UnrealEngine/Common/DerivedDataCache/Buckets/BulkDataList/4e/88/072bf96576fdfab8e4c73643f232a472e743.udd" 4633
"E:/Projects/EcoBots/Content/StarterContent/Textures/T_MacroVariation.uasset" 4634
"C:/Users/emanu/AppData/Local/UnrealEngine/Common/DerivedDataCache/Buckets/BulkDataList/0c/96/56c8c39a94eccdab6125b3070486242dd0b9.udd" 4635
"E:/Projects/EcoBots/Content/StarterContent/Textures/T_Wood_Oak_D.uasset" 4636
"E:/Projects/EcoBots/Content/StarterContent/Textures/T_Wood_Oak_N.uasset" 4637
"C:/Users/emanu/AppData/Local/UnrealEngine/Common/DerivedDataCache/Buckets/BulkDataList/b2/06/7d3bbe94ce5c8b3ac26625fb7394b4ff3986.udd" 4638
"C:/Users/emanu/AppData/Local/UnrealEngine/Common/DerivedDataCache/Buckets/BulkDataList/d9/fa/7c6c94670710d6e8a684c579a166bad9647a.udd" 4639
"E:/Projects/EcoBots/Content/StarterContent/Textures/T_Perlin_Noise_M.uasset" 4640
"C:/Users/emanu/AppData/Local/UnrealEngine/Common/DerivedDataCache/Buckets/BulkDataList/d5/6b/8acca49caf5191c3f8117d813ead555e16e5.udd" 4641
"E:/Projects/EcoBots/Content/StarterContent/Textures/T_Wood_Pine_D.uasset" 4642
"C:/Users/emanu/AppData/Local/UnrealEngine/Common/DerivedDataCache/Buckets/BulkDataList/b2/60/1a9868d9276ecb702ea9adb847f8d6b2ad84.udd" 4643
"E:/Projects/EcoBots/Content/StarterContent/Textures/T_Wood_Pine_N.uasset" 4644
"C:/Users/emanu/AppData/Local/UnrealEngine/Common/DerivedDataCache/Buckets/BulkDataList/8b/e5/033648a73aefaa256d3a014170db020df633.udd" 4645
"E:/Projects/EcoBots/Content/Assets/media/fonts/LEAFLETS.uasset" 4646
"C:/Users/emanu/AppData/Local/UnrealEngine/Common/DerivedDataCache/Buckets/BulkDataList/0b/d7/ce6b00d6920bf018b37cdf5abf53251db6bd.udd" 4647
"E:/Projects/EcoBots/Content/Assets/media/fonts/Robot-Regular.uasset" 4648
"E:/Projects/EcoBots/Content/StarterContent/Textures/T_Lamp_M.uasset" 4649
"C:/Users/emanu/AppData/Local/UnrealEngine/Common/DerivedDataCache/Buckets/BulkDataList/00/92/86190b320be1c9b1e8b9d56c62042c335cac.udd" 4650
"C:/Users/emanu/AppData/Local/UnrealEngine/Common/DerivedDataCache/Buckets/BulkDataList/ba/96/6e993b04e165ca94e4b3b437610d68ead59b.udd" 4651
"E:/Projects/EcoBots/Content/StarterContent/Textures/T_Lamp_N.uasset" 4652
"C:/Users/emanu/AppData/Local/UnrealEngine/Common/DerivedDataCache/Buckets/BulkDataList/0a/63/55f435a8baff027944aec02200ffa9b2db87.udd" 4653
"E:/Projects/EcoBots/Content/Assets/LUSH_StylizedEnvironmentSet/Landscape/MaterialFunctions/MF_ResetWPO.uasset" 4654
"C:/Users/emanu/AppData/Local/UnrealEngine/Common/DerivedDataCache/Buckets/BulkDataList/74/57/0ca9e8a35f206024c6061350856f4df46cb6.udd" 4655
"../../../Engine/Content/Functions/Engine_MaterialFunctions01/Gradient/LinearGradient.uasset" 4656
"C:/Users/emanu/AppData/Local/UnrealEngine/Common/DerivedDataCache/Buckets/BulkDataList/55/a4/3cb9e0ea1b8b3ffc6b26cab9f1b535d24cf0.udd" 4657
"E:/Projects/EcoBots/Content/Blueprints/Characters/Controllers/InputActions/Interact.uasset" 4658
"C:/Users/emanu/AppData/Local/UnrealEngine/Common/DerivedDataCache/Buckets/BulkDataList/ab/9d/0db030c79c64034e3964b1df30a7f56ab692.udd" 4659
"E:/Projects/EcoBots/Content/Blueprints/Characters/Controllers/InputActions/Jump.uasset" 4660
"E:/Projects/EcoBots/Content/Blueprints/Characters/Controllers/InputActions/Move.uasset" 4661
"C:/Users/emanu/AppData/Local/UnrealEngine/Common/DerivedDataCache/Buckets/BulkDataList/ae/0a/e4904385c6e944e2a4bf18e9247fc3320822.udd" 4662
"C:/Users/emanu/AppData/Local/UnrealEngine/Common/DerivedDataCache/Buckets/BulkDataList/f8/70/81325c00ed42d50d23dc0e1661b66cf1f5ef.udd" 4663
"E:/Projects/EcoBots/Content/Blueprints/Characters/Controllers/InputActions/Run.uasset" 4664
"C:/Users/emanu/AppData/Local/UnrealEngine/Common/DerivedDataCache/Buckets/BulkDataList/31/93/046abdf88ef6d05fecbf8944a57b39e91c78.udd" 4665
"E:/Projects/EcoBots/Content/StarterContent/Materials/M_Basic_Wall.uasset" 4666
"../../../Engine/Content/TemplateResources/M_Template_Master.uasset" 4667
"C:/Users/emanu/AppData/Local/UnrealEngine/Common/DerivedDataCache/Buckets/BulkDataList/6d/dd/730daa735bfa954acb2ac0772b256c69db99.udd" 4668
"E:/Projects/EcoBots/Content/Assets/media/img/BatteryItemIcon.uasset" 4669
"C:/Users/emanu/AppData/Local/UnrealEngine/Common/DerivedDataCache/Buckets/BulkDataList/88/fe/86d44361fe6a137e8d8d67261843a8fa79c8.udd" 4670
"E:/Projects/EcoBots/Content/Assets/LUSH_StylizedEnvironmentSet/Foliage/Trees/Textures/T_Bark_01_D.uasset" 4671
"C:/Users/emanu/AppData/Local/UnrealEngine/Common/DerivedDataCache/Buckets/BulkDataList/d6/12/b5672b92d625abf73ad955332002e84257b4.udd" 4672
"../../../Engine/Content/EngineMeshes/Humanoid.uasset" 4673
"E:/Projects/EcoBots/Content/Assets/LUSH_StylizedEnvironmentSet/Foliage/Trees/Textures/T_Bark_01_N.uasset" 4674
"E:/Projects/EcoBots/Content/Assets/LUSH_StylizedEnvironmentSet/Foliage/Trees/Textures/T_Bark_01_RAOH.uasset" 4675
"E:/Projects/EcoBots/Content/Assets/media/img/CoconutItemIcon.uasset" 4676
"C:/Users/emanu/AppData/Local/UnrealEngine/Common/DerivedDataCache/Buckets/BulkDataList/99/07/8d3746b1a40c71f1c9a7952706a609b2a25c.udd" 4677
"C:/Users/emanu/AppData/Local/UnrealEngine/Common/DerivedDataCache/Buckets/BulkDataList/b1/f0/0bc8747547952785b38c2b78de38b5cf110a.udd" 4678
"C:/Users/emanu/AppData/Local/UnrealEngine/Common/DerivedDataCache/Buckets/BulkDataList/e0/46/e981075e0378ad3dbbef2745757586249260.udd" 4679
"C:/Users/emanu/AppData/Local/UnrealEngine/Common/DerivedDataCache/Buckets/BulkDataList/1a/98/64cae44dd6b0cee832f94c8c3e30cd426e85.udd" 4680
"C:/Users/emanu/AppData/Local/UnrealEngine/Common/DerivedDataCache/Buckets/BulkDataList/4d/2e/3a8a4bdfb9a705f14b009a333a1693f360e9.udd" 4681
"C:/Users/emanu/AppData/Local/UnrealEngine/Common/DerivedDataCache/Buckets/BulkDataList/e2/36/2eeaf6af865c22943b109313a4436d7402bb.udd" 4682
"C:/Users/emanu/AppData/Local/UnrealEngine/Common/DerivedDataCache/Buckets/BulkDataList/2d/04/6447f69f20618c5a6b855cbd4e933269b391.udd" 4683
"C:/Users/emanu/AppData/Local/UnrealEngine/Common/DerivedDataCache/Buckets/BulkDataList/8e/08/376387f27b03bb9fc25c8a97d72fbcc21f58.udd" 4684
"C:/Users/emanu/AppData/Local/UnrealEngine/Common/DerivedDataCache/Buckets/BulkDataList/d9/1a/9fcf93fadfe247506d75bb73fdae280d5b1d.udd" 4685
"../../../Engine/Content/ArtTools/RenderToTexture/Textures/127grey.uasset" 4686
"E:/Projects/EcoBots/Content/Assets/StackOBot/Environment/Materials/Textures/T_ConcreteTileable_M.uasset" 4687
"E:/Projects/EcoBots/Content/Assets/StackOBot/Environment/Materials/Textures/T_ConcreteTileable_N.uasset" 4688
"E:/Projects/EcoBots/Content/Assets/media/img/IronItemIcon.uasset" 4689
"E:/Projects/EcoBots/Content/Assets/media/img/RockItemIcon.uasset" 4690
"E:/Projects/EcoBots/Content/Assets/media/img/WoodItemIcon.uasset" 4691
"E:/Projects/EcoBots/Content/StarterContent/Textures/T_Rock_Sandstone_D.uasset" 4692
"E:/Projects/EcoBots/Content/StarterContent/Textures/T_Rock_Sandstone_N.uasset" 4693
"../../../Engine/Content/EngineFonts/Faces/RobotoTiny.uasset" 4694
"../../../Engine/Content/Functions/Engine_MaterialFunctions01/WorldPositionOffset/SimpleGrassWind.uasset" 4695
"E:/Projects/EcoBots/Content/Assets/LUSH_StylizedEnvironmentSet/_SharedAssets/T_Tree_Leaves_02.uasset" 4696
"E:/Projects/EcoBots/Content/Assets/LUSH_StylizedEnvironmentSet/_SharedAssets/Textures/T_Default_D.uasset" 4697
"E:/Projects/EcoBots/Content/Assets/LUSH_StylizedEnvironmentSet/_SharedAssets/Textures/T_Default_N.uasset" 4698
"../../../Engine/Content/Functions/Engine_MaterialFunctions01/Density/ExponentialDensity.uasset" 4699
"E:/Projects/EcoBots/Content/Assets/StackOBot/Characters/Backpack/Textures/T_Backpack_Albedo.uasset" 4700
"E:/Projects/EcoBots/Content/Assets/StackOBot/Characters/Backpack/Textures/T_Backpack_M_R_AO.uasset" 4701
"C:/Users/emanu/AppData/Local/UnrealEngine/Common/DerivedDataCache/Buckets/MaterialShaderMap/f9/1e/5b12fe1649a357cbd546be21b65246848d84.udd" 4702
"C:/Users/emanu/AppData/Local/UnrealEngine/Common/DerivedDataCache/Buckets/MaterialShaderMap/df/00/07eb1540a34fb5e5b5358e342710306214bb.udd" 4703
"C:/Users/emanu/AppData/Local/UnrealEngine/Common/DerivedDataCache/Buckets/MaterialShaderMap/67/7f/7e0ce7f4d315dbb836bf1a99b2c7a9a6dec9.udd" 4704
"C:/Users/emanu/AppData/Local/UnrealEngine/Common/DerivedDataCache/Buckets/MaterialShaderMap/20/7b/94b3e649d5c152bc688427123cf74b1f161b.udd" 4705
"C:/Users/emanu/AppData/Local/UnrealEngine/Common/DerivedDataCache/Buckets/MaterialShaderMap/9b/f7/5543b6e58695b51e6a2b8ce18ebddd624f77.udd" 4706
"C:/Users/emanu/AppData/Local/UnrealEngine/Common/DerivedDataCache/Buckets/MaterialShaderMap/6a/ce/73cdd0e159367a796856123cd815a06fb527.udd" 4707
"C:/Users/emanu/AppData/Local/UnrealEngine/Common/DerivedDataCache/Buckets/MaterialShaderMap/80/47/6aaaba87afb0f44748caa751071de63203c9.udd" 4708
"C:/Users/emanu/AppData/Local/UnrealEngine/Common/DerivedDataCache/Buckets/BulkDataList/6f/51/f2003ec35465c92f39016c650147de382019.udd" 4709
"C:/Users/emanu/AppData/Local/UnrealEngine/Common/DerivedDataCache/Buckets/BulkDataList/9d/e8/7f1785e2e68a221290966a512a44d2d77458.udd" 4710
"C:/Users/emanu/AppData/Local/UnrealEngine/Common/DerivedDataCache/Buckets/BulkDataList/4e/7e/194a59d52a0e88a9f1062155599e28c4db4c.udd" 4711
"C:/Users/emanu/AppData/Local/UnrealEngine/Common/DerivedDataCache/Buckets/BulkDataList/29/26/1d8055443cc3cab7642177325a3e0d93c86d.udd" 4712
"C:/Users/emanu/AppData/Local/UnrealEngine/Common/DerivedDataCache/Buckets/MaterialShaderMap/57/cb/821fcfdd8a995b1580f2102ec4b2f29be8b2.udd" 4713
"E:/Projects/EcoBots/Content/Assets/StackOBot/Characters/Backpack/Textures/T_Backpack_Masks.uasset" 4714
"E:/Projects/EcoBots/Content/Assets/StackOBot/Characters/Backpack/Textures/T_Backpack_Normal.uasset" 4715
"C:/Users/emanu/AppData/Local/UnrealEngine/Common/DerivedDataCache/Buckets/MaterialShaderMap/38/f8/f2e0c233be513379c863771c474e6f3caeeb.udd" 4716
"E:/Projects/EcoBots/Content/Assets/StackOBot/Characters/Bot/Textures/T_Bot_FaceBG.uasset" 4717
"E:/Projects/EcoBots/Content/Assets/StackOBot/Characters/Bot/Textures/T_Eyes_Atlas.uasset" 4718
"C:/Users/emanu/AppData/Local/UnrealEngine/Common/DerivedDataCache/Buckets/BulkDataList/d2/14/079fff60ab94e18dacd74f3171f5f6755fa4.udd" 4719
"C:/Users/emanu/AppData/Local/UnrealEngine/Common/DerivedDataCache/Buckets/MaterialShaderMap/47/15/a7493da035c6a20ce5343b36b5020c17e945.udd" 4720
"../../../Engine/Content/VREditor/UI/KeyMaterial.uasset" 4721
"E:/Projects/EcoBots/Content/Assets/LUSH_StylizedEnvironmentSet/Foliage/GroundIvy/Textures/T_GroundIvy_D.uasset" 4722
"E:/Projects/EcoBots/Content/Assets/LUSH_StylizedEnvironmentSet/Foliage/GroundIvy/Textures/T_GroundIvy_N.uasset" 4723
"C:/Users/emanu/AppData/Local/UnrealEngine/Common/DerivedDataCache/Buckets/BulkDataList/d7/ef/f73686b34bd63c95fb9f90de487fd9bdc47a.udd" 4724
"E:/Projects/EcoBots/Content/Assets/StackOBot/Environment/Foilage/Textures/T_Leaves_D.uasset" 4725
"E:/Projects/EcoBots/Content/Assets/StackOBot/Environment/Foilage/Textures/T_Leaves_M.uasset" 4726
"C:/Users/emanu/AppData/Local/UnrealEngine/Common/DerivedDataCache/Buckets/MaterialShaderMap/d4/4c/006490fa9e0852b8d63044da1684e4e9652a.udd" 4727
"C:/Users/emanu/AppData/Local/UnrealEngine/Common/DerivedDataCache/Buckets/MaterialShaderMap/00/77/ef4c16131e8d0133e5372e7cff0eb258875a.udd" 4728
"E:/Projects/EcoBots/Content/Assets/StackOBot/Environment/Foilage/Textures/T_Leaves_N.uasset" 4729
"E:/Projects/EcoBots/Content/Assets/LUSH_StylizedEnvironmentSet/Meshes/Rocks/Textures/T_Rock_01_N.uasset" 4730
"E:/Projects/EcoBots/Content/Assets/LUSH_StylizedEnvironmentSet/Meshes/Rocks/Textures/T_RockSurface_D_02.uasset" 4731
"E:/Projects/EcoBots/Content/Assets/StackOBot/Environment/Materials/Textures/T_Grunge_A.uasset" 4732
"E:/Projects/EcoBots/Content/Assets/StackOBot/Environment/Materials/Textures/T_Metal_Painted_N.uasset" 4733
"E:/Projects/EcoBots/Content/Assets/LUSH_StylizedEnvironmentSet/Meshes/Rocks/Textures/T_Rock_03_N.uasset" 4734
"C:/Users/emanu/AppData/Local/UnrealEngine/Common/DerivedDataCache/Buckets/BulkDataList/5b/b5/a3f12671f72c643a492a98aa7e4be7a49486.udd" 4735
"E:/Projects/EcoBots/Content/Assets/LUSH_StylizedEnvironmentSet/Meshes/Rocks/Textures/T_StylizedMoss_D.uasset" 4736
"C:/Users/emanu/AppData/Local/UnrealEngine/Common/DerivedDataCache/Buckets/BulkDataList/69/3f/0574c50292efc468ebf3ccb602c833449089.udd" 4737
"../../../Engine/Content/Functions/Engine_MaterialFunctions02/Texturing/ScreenAlignedPixelToPixelUVs.uasset" 4738
"C:/Users/emanu/AppData/Local/UnrealEngine/Common/DerivedDataCache/Buckets/BulkDataList/d8/24/3768fbd914db30256ba090cf941f26cb48fb.udd" 4739
"../../../Engine/Content/Functions/Engine_MaterialFunctions02/ExampleContent/Textures/flipbook.uasset" 4740
"C:/Users/emanu/AppData/Local/UnrealEngine/Common/DerivedDataCache/Buckets/BulkDataList/17/40/e3cabd7fd9912b7b248130fc2f789eabdd1e.udd" 4741
"E:/Projects/EcoBots/Content/Assets/media/wavs/singlestep.uasset" 4742
"C:/Users/emanu/AppData/Local/UnrealEngine/Common/DerivedDataCache/Buckets/BulkDataList/fd/30/001d13e5c698ef88eb703d893e0e3d6640db.udd" 4743
"E:/Projects/EcoBots/Content/Assets/media/fonts/Robot_Roc_Not_a_Tilter.uasset" 4744
"C:/Users/emanu/AppData/Local/UnrealEngine/Common/DerivedDataCache/Buckets/BulkDataList/b2/3e/96c2692d382845270ba7d257009d9c646a69.udd" 4745
"C:/Users/emanu/AppData/Local/UnrealEngine/Common/DerivedDataCache/Buckets/BulkDataList/73/43/1a0706aec3bb27312e4d577e8ba98a97f786.udd" 4746
"C:/Users/emanu/AppData/Local/UnrealEngine/Common/DerivedDataCache/Buckets/BulkDataList/af/76/bd52a125b85ee217fe08099d8fdb896e908b.udd" 4747
"C:/Users/emanu/AppData/Local/UnrealEngine/Common/DerivedDataCache/Buckets/BulkDataList/38/8e/08f192ca9faadf29c414dc99177f64721819.udd" 4748
"C:/Users/emanu/AppData/Local/UnrealEngine/Common/DerivedDataCache/Buckets/BulkDataList/f9/5c/74a3a30681de1e28044dcf8288681742111d.udd" 4749
"C:/Users/emanu/AppData/Local/UnrealEngine/Common/DerivedDataCache/Buckets/BulkDataList/9a/14/b3ded0915cc9bf6cb853b1d9f819f0424407.udd" 4750
"C:/Users/emanu/AppData/Local/UnrealEngine/Common/DerivedDataCache/Buckets/BulkDataList/81/1b/f2eb0919854cc071f9b5f70ed0b0a3287662.udd" 4751
"E:/Projects/EcoBots/Content/Assets/StackOBot/Environment/Materials/Textures/T_Bark_D.uasset" 4752
"E:/Projects/EcoBots/Content/Assets/StackOBot/Environment/Materials/Textures/T_Bark_N.uasset" 4753
"../../../Engine/Content/Functions/Engine_MaterialFunctions01/AlphaBlend/WorldAlignedBlend.uasset" 4754
"E:/Projects/EcoBots/Content/Assets/StackOBot/Environment/Landscape/Textures/RVT_Crater.uasset" 4755
"C:/Users/emanu/AppData/Local/UnrealEngine/Common/DerivedDataCache/Buckets/BulkDataList/0a/c4/1eb12de58add468a0b2646b670e880502ab2.udd" 4756
"E:/Projects/EcoBots/Content/Assets/StackOBot/Environment/Landscape/Textures/RVT_Crater_H.uasset" 4757
"E:/Projects/EcoBots/Content/Assets/StackOBot/Environment/Materials/Textures/T_RockTileable_BC.uasset" 4758
"E:/Projects/EcoBots/Content/Assets/StackOBot/Environment/Materials/Textures/T_RockTint.uasset" 4759
"C:/Users/emanu/AppData/Local/UnrealEngine/Common/DerivedDataCache/Buckets/BulkDataList/ee/ab/91f1c1575169febc01da8eb0fdc9d1943f82.udd" 4760
"C:/Users/emanu/AppData/Local/UnrealEngine/Common/DerivedDataCache/Buckets/BulkDataList/40/a6/88141fa2a664dfb05def95fe78245eb4c149.udd" 4761
"E:/Projects/EcoBots/Content/Assets/StackOBot/Environment/Materials/Textures/T_SandTileabe_BC.uasset" 4762
"../../../Engine/Content/Functions/Engine_MaterialFunctions01/Texturing/FlattenNormal.uasset" 4763
"../../../Engine/Content/Functions/Engine_MaterialFunctions02/Utility/BlendAngleCorrectedNormals.uasset" 4764
"E:/Projects/EcoBots/Content/Assets/StackOBot/Environment/Foilage/Textures/Wind.uasset" 4765
"E:/Projects/EcoBots/Content/Assets/StackOBot/Environment/Materials/MF_WorldSpaceUV.uasset" 4766
"E:/Projects/EcoBots/Content/Assets/StackOBot/Environment/Materials/MPC_DataSet.uasset" 4767
"C:/Users/emanu/AppData/Local/UnrealEngine/Common/DerivedDataCache/Buckets/BulkDataList/0e/ba/ead82455b4e65005f11f644ebe98d3a0af81.udd" 4768
"C:/Users/emanu/AppData/Local/UnrealEngine/Common/DerivedDataCache/Buckets/BulkDataList/7f/fa/ecae805cd36876e68ee09f5de44558c04e1c.udd" 4769
"C:/Users/emanu/AppData/Local/UnrealEngine/Common/DerivedDataCache/Buckets/BulkDataList/6d/8b/259031e3181fe71b8dd2eed5dec97451e18e.udd" 4770
"C:/Users/emanu/AppData/Local/UnrealEngine/Common/DerivedDataCache/Buckets/BulkDataList/62/95/4f2a8292867124fffb4f6153a5c6ca0edb2c.udd" 4771
"E:/Projects/EcoBots/Content/Assets/media/fonts/Robot_Roc.uasset" 4772
"../../../Engine/Content/Functions/Engine_MaterialFunctions03/Texturing/TwoSidedTexturing.uasset" 4773
"../../../Engine/Content/Functions/Engine_MaterialFunctions01/Texturing/ComputeMipLevel.uasset" 4774
"../../../Engine/Content/Functions/Engine_MaterialFunctions02/ExampleContent/DebugNumberStrip.uasset" 4775
"../../../Engine/Content/Functions/Engine_MaterialFunctions02/ExampleContent/Textures/DebugNumberPeriod.uasset" 4776
"C:/Users/emanu/AppData/Local/UnrealEngine/Common/DerivedDataCache/Buckets/BulkDataList/4b/a3/71bb98ba29186aa46c41053ed80bba1feec9.udd" 4777
"../../../Engine/Content/Functions/Engine_MaterialFunctions02/Math/DeriveNormalZ_Function.uasset" 4778
"C:/Users/emanu/AppData/Local/UnrealEngine/Common/DerivedDataCache/Buckets/BulkDataList/c6/0b/8e854f3b4865a4716da041a496e644b8bef4.udd" 4779
"E:/Projects/EcoBots/Content/Assets/LUSH_StylizedEnvironmentSet/StylizedWaterComponent/MaterialFunctions/MF_WorldPositionBehindWater.uasset" 4780
"C:/Users/emanu/AppData/Local/UnrealEngine/Common/DerivedDataCache/Buckets/BulkDataList/04/a1/15bd68328c61d2ac143ee686cec71238fac8.udd" 4781
"../../../Engine/Content/VREditor/LaserPointer/LaserPointerMaterial.uasset" 4782
"C:/Users/emanu/AppData/Local/UnrealEngine/Common/DerivedDataCache/Buckets/BulkDataList/82/7e/4fbbab74900ec8c2767ba54fda2d6ecfab5f.udd" 4783
"../../../Engine/Content/Functions/Engine_MaterialFunctions01/Texturing/TextureCropping.uasset" 4784
"C:/Users/emanu/AppData/Local/UnrealEngine/Common/DerivedDataCache/Buckets/BulkDataList/23/a6/20436a1534467fb891ba565ae9dd81f28145.udd" 4785
"../../../Engine/Content/EngineMaterials/PPM_DefaultCalibrationGrayscale.uasset" 4786
"C:/Users/emanu/AppData/Local/UnrealEngine/Common/DerivedDataCache/Buckets/BulkDataList/d5/bb/f4308f7518e1db6aa6533256e603f0e1dba6.udd" 4787
"../../../Engine/Content/EngineMaterials/PPM_DefaultCalibrationColor.uasset" 4788
"C:/Users/emanu/AppData/Local/UnrealEngine/Common/DerivedDataCache/Buckets/BulkDataList/14/b8/d3ba77c1cc6cb59a5b6dddd2a67bb7d459f6.udd" 4789
"../../../Engine/Content/MobileResources/HUD/DefaultVirtualJoysticks.uasset" 4790
"C:/Users/emanu/AppData/Local/UnrealEngine/Common/DerivedDataCache/Buckets/BulkDataList/3e/00/6a354f6edec4ac21902a295341608fa133fa.udd" 4791
"../../../Engine/Content/EditorMaterials/PreviewShadowIndicatorMaterial.uasset" 4792
"C:/Users/emanu/AppData/Local/UnrealEngine/Common/DerivedDataCache/Buckets/BulkDataList/bb/93/d60bd1c0dffc31c06bcfaf752e36e0217834.udd" 4793
"C:/Users/emanu/AppData/Local/UnrealEngine/Common/DerivedDataCache/Buckets/BulkDataList/83/93/c82a2cfe2e089d5fd0a9eec537ba2f33daee.udd" 4794
"E:/Projects/EcoBots/Content/Assets/media/wavs/MainMenu.uasset" 4795
"C:/Users/emanu/AppData/Local/UnrealEngine/Common/DerivedDataCache/Buckets/BulkDataList/f0/3a/e96b899ecb044b5e8e9a36ff9d5d652dd032.udd" 4796
"C:/Users/emanu/AppData/Local/UnrealEngine/Common/DerivedDataCache/Buckets/BulkDataList/3e/46/4c347410f16251923eb15283095dc2a630cd.udd" 4797
"E:/Projects/EcoBots/Content/Assets/media/wavs/GameOver.uasset" 4798
"E:/Projects/EcoBots/Content/Assets/media/wavs/DayTrack1.uasset" 4799
"E:/Projects/EcoBots/Content/Assets/media/wavs/DayTrack2.uasset" 4800
"E:/Projects/EcoBots/Content/Assets/media/wavs/DayTrack3.uasset" 4801
"C:/Users/emanu/AppData/Local/UnrealEngine/Common/DerivedDataCache/Buckets/BulkDataList/49/44/c84d76e60aa7e5c688a5d705caa684019315.udd" 4802
"E:/Projects/EcoBots/Content/Assets/media/wavs/DayTrack4.uasset" 4803
"E:/Projects/EcoBots/Content/Assets/media/wavs/NightTrack1.uasset" 4804
"C:/Users/emanu/AppData/Local/UnrealEngine/Common/DerivedDataCache/Buckets/BulkDataList/31/f7/5437cfd7d54160e41d311f25c947adf7dbf2.udd" 4805
"E:/Projects/EcoBots/Content/Assets/media/wavs/NightTrack2.uasset" 4806
"E:/Projects/EcoBots/Content/Assets/media/wavs/NightTrack3.uasset" 4807
"E:/Projects/EcoBots/Content/Assets/media/wavs/NightTrack4.uasset" 4808
"E:/Projects/EcoBots/Content/Assets/LUSH_StylizedEnvironmentSet/_SharedAssets/Materials/MF_LeafGradient.uasset" 4809
"C:/Users/emanu/AppData/Local/UnrealEngine/Common/DerivedDataCache/Buckets/BulkDataList/1e/40/09aa42d63077bd9a99d15829eb9b40288708.udd" 4810
"C:/Users/emanu/AppData/Local/UnrealEngine/Common/DerivedDataCache/Buckets/BulkDataList/c3/01/f51ee473f136c1fbb3d12075f2e5f7fb5059.udd" 4811
"E:/Projects/EcoBots/Content/Blueprints/Characters/MiniMap/M_MiniMapTextureRenderTarget2D_Mat.uasset" 4812
"E:/Projects/EcoBots/Content/Blueprints/Gamemodes/BP_MenuGameMode.uasset" 4813
"C:/Users/emanu/AppData/Local/UnrealEngine/Common/DerivedDataCache/Buckets/BulkDataList/07/d9/f0206840683cd3c93a8c2d0024e55d253f9f.udd" 4814
"E:/Projects/EcoBots/Content/Assets/LUSH_StylizedEnvironmentSet/Landscape/MaterialLayers/ML_Gravel.uasset" 4815
"E:/Projects/EcoBots/Content/Assets/LUSH_StylizedEnvironmentSet/Landscape/MaterialLayers/ML_Grass.uasset" 4816
"C:/Users/emanu/AppData/Local/UnrealEngine/Common/DerivedDataCache/Buckets/BulkDataList/ed/1b/391b518a5cd96cd3d0450c3601ae050c8ffa.udd" 4817
"C:/Users/emanu/AppData/Local/UnrealEngine/Common/DerivedDataCache/Buckets/BulkDataList/f5/b1/916fc91ce472c95df3c52b65813cbfc9e1e9.udd" 4818
"C:/Users/emanu/AppData/Local/UnrealEngine/Common/DerivedDataCache/Buckets/BulkDataList/47/55/8eee26952eb654a7fb1ca6c16717fe53b3bc.udd" 4819
"E:/Projects/EcoBots/Content/Assets/LUSH_StylizedEnvironmentSet/Landscape/MaterialLayers/ML_RiverBed.uasset" 4820
"E:/Projects/EcoBots/Content/Assets/LUSH_StylizedEnvironmentSet/Landscape/MaterialLayers/ML_Sand.uasset" 4821
"C:/Users/emanu/AppData/Local/UnrealEngine/Common/DerivedDataCache/Buckets/MaterialShaderMap/e1/63/1ddf6498613bb1b7c75d31a620a74a64f8ac.udd" 4822
"C:/Users/emanu/AppData/Local/UnrealEngine/Common/DerivedDataCache/Buckets/MaterialShaderMap/12/0c/3300e57eee32b273166e502a1c253231dc37.udd" 4823
"E:/Projects/EcoBots/Content/Assets/LUSH_StylizedEnvironmentSet/Landscape/MaterialLayers/ML_Cliff.uasset" 4824
"E:/Projects/EcoBots/Content/Assets/LUSH_StylizedEnvironmentSet/Landscape/MaterialLayers/ML_Mud.uasset" 4825
"C:/Users/emanu/AppData/Local/UnrealEngine/Common/DerivedDataCache/Buckets/BulkDataList/f7/0b/dff21789b4479b243722056dca9628bfadee.udd" 4826
"../../../Engine/Content/EngineSky/M_Sky_Panning_Clouds2.uasset" 4827
"../../../Engine/Content/Functions/Engine_MaterialFunctions02/Texturing/3dParticleOpacity.uasset" 4828
"../../../Engine/Content/MapTemplates/Sky/M_Procedural_Sky_MASTER02.uasset" 4829
"../../../Engine/Content/Functions/Engine_MaterialFunctions03/Blends/Blend_Overlay.uasset" 4830
"E:/Projects/EcoBots/Content/Assets/StackOBot/FX/Spawn/MF_SpawnEffect.uasset" 4831
"E:/Projects/EcoBots/Content/Assets/StackOBot/Characters/Bot/Animations/A_Bot_Fall.uasset" 4832
"E:/Projects/EcoBots/Content/Assets/StackOBot/Characters/Bot/Animations/A_Bot_Idle.uasset" 4833
"E:/Projects/EcoBots/Content/Assets/StackOBot/Characters/Bot/Animations/A_Bot_Interact_PressButton.uasset" 4834
"C:/Users/emanu/AppData/Local/UnrealEngine/Common/DerivedDataCache/Buckets/BulkDataList/f5/d8/9c927b481bb62d574b67a5605734dd993c1e.udd" 4835
"E:/Projects/EcoBots/Content/Assets/StackOBot/Characters/Bot/Animations/A_Bot_LandIdle.uasset" 4836
"E:/Projects/EcoBots/Content/Assets/StackOBot/Characters/Bot/Animations/A_Bot_IdleJump.uasset" 4837
"E:/Projects/EcoBots/Content/Assets/StackOBot/Characters/Bot/Animations/A_Bot_RunJump.uasset" 4838
"E:/Projects/EcoBots/Content/Assets/StackOBot/FX/JetpackThruster/FX_JetpackThruster.uasset" 4839
"E:/Projects/EcoBots/Content/Assets/Boat/Boat_body_1.uasset" 4840
"E:/Projects/EcoBots/Content/Assets/Boat/Boat_body_2.uasset" 4841
"E:/Projects/EcoBots/Content/Assets/Boat/Boat_bottom.uasset" 4842
"C:/Users/emanu/AppData/Local/UnrealEngine/Common/DerivedDataCache/Buckets/BulkDataList/6e/80/c8758bd27da79482a98e472f878980bbc6f3.udd" 4843
"E:/Projects/EcoBots/Content/Assets/Boat/Boat_paddle_1.uasset" 4844
"C:/Users/emanu/AppData/Local/UnrealEngine/Common/DerivedDataCache/Buckets/BulkDataList/4e/b2/a2a3d9fff69ebde712cf0971a774c641c777.udd" 4845
"E:/Projects/EcoBots/Content/Assets/Boat/Boat_paddle_2.uasset" 4846
"C:/Users/emanu/AppData/Local/UnrealEngine/Common/DerivedDataCache/Buckets/BulkDataList/54/a9/f09dba9e4010ecac9d21b682005a7dba264a.udd" 4847
"E:/Projects/EcoBots/Content/StarterContent/Materials/M_Wood_Oak.uasset" 4848
"C:/Users/emanu/AppData/Local/UnrealEngine/Common/DerivedDataCache/Buckets/BulkDataList/9e/b0/32d236c91c0fd421c8298d7ced19f6b0ad41.udd" 4849
"E:/Projects/EcoBots/Content/StarterContent/Materials/M_Wood_Pine.uasset" 4850
"C:/Users/emanu/AppData/Local/UnrealEngine/Common/DerivedDataCache/Buckets/BulkDataList/c1/41/91def6617dae028432fdd28bc1f360546f5b.udd" 4851
"E:/Projects/EcoBots/Content/Assets/media/fonts/LEAFLETS_0_Font.uasset" 4852
"C:/Users/emanu/AppData/Local/UnrealEngine/Common/DerivedDataCache/Buckets/BulkDataList/15/3c/982d8d6a7a141b7bcacc1de75137d5c22c43.udd" 4853
"E:/Projects/EcoBots/Content/Assets/media/fonts/LEAFLETS_Font.uasset" 4854
"C:/Users/emanu/AppData/Local/UnrealEngine/Common/DerivedDataCache/Buckets/BulkDataList/90/c0/d7da73165b52d0333ab77ccf8ee69ffd4a1c.udd" 4855
"E:/Projects/EcoBots/Content/Assets/media/fonts/Robot-Regular_Font.uasset" 4856
"C:/Users/emanu/AppData/Local/UnrealEngine/Common/DerivedDataCache/Buckets/BulkDataList/26/26/e3a60a3ec815cda6b265e53a646f152e12a4.udd" 4857
"E:/Projects/EcoBots/Content/StarterContent/Props/Materials/M_Lamp.uasset" 4858
"../../../Engine/Content/Functions/Engine_MaterialFunctions01/ImageAdjustment/CheapContrast.uasset" 4859
"E:/Projects/EcoBots/Content/Blueprints/Characters/Controllers/DA_PlayerInputData.uasset" 4860
"E:/Projects/EcoBots/Content/Blueprints/Characters/Controllers/IMC_EcoBot.uasset" 4861
"C:/Users/emanu/AppData/Local/UnrealEngine/Common/DerivedDataCache/Buckets/MaterialShaderMap/be/fc/69a2e5e01670a69a739a1643baa033264971.udd" 4862
"C:/Users/emanu/AppData/Local/UnrealEngine/Common/DerivedDataCache/Buckets/MaterialShaderMap/0f/84/5ef1c259b98e10b3b86381b7011d97fb6bf1.udd" 4863
"C:/Users/emanu/AppData/Local/UnrealEngine/Common/DerivedDataCache/Buckets/MaterialShaderMap/a8/3e/1ec0aa06236d35b6728ef6bfd52ba41d6ded.udd" 4864
"C:/Users/emanu/AppData/Local/UnrealEngine/Common/DerivedDataCache/Buckets/MaterialShaderMap/f6/d7/c65a9bba8be8c4a74dd71735904ad274a3a6.udd" 4865
"E:/Projects/EcoBots/Content/StarterContent/Shapes/Shape_Cylinder.uasset" 4866
"../../../Engine/Content/TemplateResources/MI_Template_BaseGray_02_Metal.uasset" 4867
"../../../Engine/Content/TemplateResources/MI_Template_BaseGray_Metal.uasset" 4868
"../../../Engine/Content/TemplateResources/MI_Template_BaseOrange_Metal.uasset" 4869
"E:/Projects/EcoBots/Content/Assets/LUSH_StylizedEnvironmentSet/Foliage/Trees/Materials/M_Bark_Base.uasset" 4870
"E:/Projects/EcoBots/Content/StarterContent/Materials/M_Rock_Sandstone.uasset" 4871
"../../../Engine/Content/EngineFonts/RobotoTiny.uasset" 4872
"E:/Projects/EcoBots/Content/Assets/LUSH_StylizedEnvironmentSet/_SharedAssets/Materials/M_Grass_Base.uasset" 4873
"../../Plugins/FX/Niagara/Content/DynamicInputs/Add/Add_Float.uasset" 4874
"../../Plugins/FX/Niagara/Content/DynamicInputs/Multiply/Multiply_Float.uasset" 4875
"../../Plugins/FX/Niagara/Content/DynamicInputs/UniformRange/V2/RandomRangeFloat.uasset" 4876
"../../Plugins/FX/Niagara/Content/Functions/V2/CalculateRandomRangeFloat.uasset" 4877
"../../Plugins/FX/Niagara/Content/Enums/ENiagaraRandomnessEvaluation.uasset" 4878
"../../Plugins/FX/Niagara/Content/Enums/ENiagaraRandomnessMode.uasset" 4879
"../../Plugins/FX/Niagara/Content/DynamicInputs/ValueFromCurve/FloatFromCurve.uasset" 4880
"../../Plugins/FX/Niagara/Content/DynamicInputs/ValueFromCurve/Vector2DFromCurve.uasset" 4881
"E:/Projects/EcoBots/Content/Assets/LUSH_StylizedEnvironmentSet/_SharedAssets/Materials/M_Leaves_Base.uasset" 4882
"../../Plugins/FX/Niagara/Content/Modules/Emitter/EmitterState.uasset" 4883
"../../Plugins/FX/Niagara/Content/Functions/Emitter/EmitterChangeState.uasset" 4884
"../../Plugins/FX/Niagara/Content/Enums/ENiagara_EmitterStateOptions.uasset" 4885
"../../Plugins/FX/Niagara/Content/Enums/ENiagara_InfiniteLoopDuration.uasset" 4886
"../../Plugins/FX/Niagara/Content/Enums/ENiagaraEmitterLifeCycleMode.uasset" 4887
"../../Plugins/FX/Niagara/Content/Enums/ENiagaraEmitterScalabilityMode_Limited.uasset" 4888
"../../Plugins/FX/Niagara/Content/Enums/ENiagaraExecutionStateManagement.uasset" 4889
"../../Plugins/FX/Niagara/Content/Enums/ENiagaraInactiveMode.uasset" 4890
"../../Plugins/FX/Niagara/Content/Modules/Emitter/SpawnRate.uasset" 4891
"../../Plugins/FX/Niagara/Content/Functions/RandomRangeFloat.uasset" 4892
"../../Plugins/FX/Niagara/Content/Functions/GetRandomInfo.uasset" 4893
"../../Plugins/FX/Niagara/Content/Modules/Solvers/SolveForcesAndVelocity.uasset" 4894
"../../../Engine/Content/Functions/Engine_MaterialFunctions01/Gradient/RadialGradientExponential.uasset" 4895
"../../../Engine/Content/Functions/Engine_MaterialFunctions02/Utility/DitherTemporalAA.uasset" 4896
"E:/Projects/EcoBots/Content/Assets/media/fonts/Robot_Roc_Not_a_Tilter_Font.uasset" 4897
"../../Plugins/FX/Niagara/Content/Functions/DirectionAndLengthSafe.uasset" 4898
"../../Plugins/FX/Niagara/Content/Functions/Drag/DragVelocity.uasset" 4899
"../../Plugins/FX/Niagara/Content/Functions/Math/CentimeterMeterConversion.uasset" 4900
"../../Plugins/FX/Niagara/Content/Functions/Rotation/MultiplyVectorWithQuaternion.uasset" 4901
"../../Plugins/FX/Niagara/Content/Modules/Solvers/ApplyRotationVector.uasset" 4902
"../../Plugins/FX/Niagara/Content/Functions/Rotation/AxisAngleToQuaternion.uasset" 4903
"../../Plugins/FX/Niagara/Content/Functions/Rotation/MultiplyQuaternion.uasset" 4904
"../../Plugins/FX/Niagara/Content/Icons/Modules/T_Icon_Solver_LimitAccel.uasset" 4905
"../../Plugins/FX/Niagara/Content/Icons/Modules/T_Icon_Solver_LimitSpeed.uasset" 4906
"../../Plugins/FX/Niagara/Content/Icons/Modules/T_Icon_Solver_RotationalSolve.uasset" 4907
"../../Plugins/FX/Niagara/Content/Modules/Spawn/Initialization/V2/InitializeParticle.uasset" 4908
"../../Plugins/FX/Niagara/Content/Functions/LinearColor/HueShiftLinearColor.uasset" 4909
"../../Plugins/FX/Niagara/Content/Functions/Localspace/SimulationPosition.uasset" 4910
"../../Plugins/FX/Niagara/Content/Functions/Localspace/TransformVector.uasset" 4911
"../../Plugins/FX/Niagara/Content/Functions/Localspace/TransformBase.uasset" 4912
"../../Plugins/FX/Niagara/Content/Functions/V2/CalculateRandomBool.uasset" 4913
"../../Plugins/FX/Niagara/Content/Functions/V2/CalculateRandomRangeInteger.uasset" 4914
"../../Plugins/FX/Niagara/Content/Functions/V2/CalculateRandomRange.uasset" 4915
"../../Plugins/FX/Niagara/Content/Enums/ENiagara_ColorInitializationMode.uasset" 4916
"../../Plugins/FX/Niagara/Content/Enums/ENiagara_LifetimeMode.uasset" 4917
"../../Plugins/FX/Niagara/Content/Enums/ENiagara_MassInitializationMode.uasset" 4918
"../../Plugins/FX/Niagara/Content/Enums/ENiagara_PositionInitializationMode.uasset" 4919
"../../Plugins/FX/Niagara/Content/Enums/ENiagara_SizeScaleMode.uasset" 4920
"../../Plugins/FX/Niagara/Content/Enums/ENiagara_SpriteRotationMode.uasset" 4921
"../../Plugins/FX/Niagara/Content/Enums/ENiagara_UVFlippingMode.uasset" 4922
"../../Plugins/FX/Niagara/Content/Enums/ENiagaraChannelCorrelation.uasset" 4923
"../../Plugins/FX/Niagara/Content/Enums/Ribbons/ENiagara_UnsetDirectSet.uasset" 4924
"../../Plugins/FX/Niagara/Content/Enums/Ribbons/ENiagara_UnsetDirectSetRandom.uasset" 4925
"../../Plugins/FX/Niagara/Content/Modules/Spawn/Location/V2/SkeletalMeshLocation.uasset" 4926
"../../Plugins/FX/Niagara/Content/Functions/Localspace/TransformPosition.uasset" 4927
"../../Plugins/FX/Niagara/Content/Functions/Rotation/InvertQuaternion.uasset" 4928
"../../Plugins/FX/Niagara/Content/Functions/Rotation/MakeQuaternionFrom3BasisVectors.uasset" 4929
"../../Plugins/FX/Niagara/Content/Functions/Rotation/MatrixToQuaternion.uasset" 4930
"../../Plugins/FX/Niagara/Content/Enums/ENiagara_AttributeSamplingApplyOutput.uasset" 4931
"../../Plugins/FX/Niagara/Content/Enums/ENiagaraBoneSamplingMode.uasset" 4932
"../../Plugins/FX/Niagara/Content/Enums/ENiagaraBoneSocketSamplingMode.uasset" 4933
"../../Plugins/FX/Niagara/Content/Enums/ENiagaraMeshTransforms.uasset" 4934
"../../Plugins/FX/Niagara/Content/Enums/ENiagaraSkelMeshPositionSamplingMode.uasset" 4935
"../../Plugins/FX/Niagara/Content/Enums/ENiagaraSkelMeshTransforms.uasset" 4936
"../../Plugins/FX/Niagara/Content/Enums/ENiagaraSkelSamplingModeFull.uasset" 4937
"../../Plugins/FX/Niagara/Content/Enums/ENiagaraSocketSamplingMode.uasset" 4938
"../../Plugins/FX/Niagara/Content/Enums/ENiagaraTriangleSamplingMode.uasset" 4939
"../../Plugins/FX/Niagara/Content/Enums/ENiagaraVertexSamplingMode.uasset" 4940
"../../Plugins/FX/Niagara/Content/Modules/Spawn/Velocity/AddVelocityInCone.uasset" 4941
"../../Plugins/FX/Niagara/Content/Functions/Math/CalculateRandomPointInConeSphereIntersection.uasset" 4942
"../../Plugins/FX/Niagara/Content/Functions/Rotation/AngleUnitConverter.uasset" 4943
"../../Plugins/FX/Niagara/Content/Enums/Angles/ENiagara_AngleInput.uasset" 4944
"../../Plugins/FX/Niagara/Content/Functions/Rotation/FindQuatBetween.uasset" 4945
"../../Plugins/FX/Niagara/Content/Functions/Math/RemapValueRange.uasset" 4946
"../../Plugins/FX/Niagara/Content/Functions/RandomVectorInCone.uasset" 4947
"../../Plugins/FX/Niagara/Content/Functions/PolarToCartesianCoordinates.uasset" 4948
"E:/Projects/EcoBots/Content/Assets/StackOBot/Environment/Foilage/Materials/MF_TreeWind.uasset" 4949
"../../Plugins/FX/Niagara/Content/Modules/System/SystemState.uasset" 4950
"../../Plugins/FX/Niagara/Content/Functions/System/SystemChangeState.uasset" 4951
"../../Plugins/FX/Niagara/Content/Enums/ENiagaraSystemInactiveMode.uasset" 4952
"../../Plugins/FX/Niagara/Content/Modules/Update/Color/ScaleColor.uasset" 4953
"../../Plugins/FX/Niagara/Content/Enums/ENiagaraScaleColorMode.uasset" 4954
"E:/Projects/EcoBots/Content/Assets/StackOBot/Environment/Foilage/Materials/MF_RotateAwayPoint.uasset" 4955
"../../Plugins/FX/Niagara/Content/Modules/Update/Forces/Drag.uasset" 4956
"../../Plugins/FX/Niagara/Content/Modules/Update/Forces/GravityForce.uasset" 4957
"../../Plugins/FX/Niagara/Content/Modules/Update/Lifetime/ParticleState.uasset" 4958
"../../Plugins/FX/Niagara/Content/Functions/Math/SaturateFloat.uasset" 4959
"../../Plugins/FX/Niagara/Content/Icons/Modules/T_Icon_Particle_InfiniteLife.uasset" 4960
"../../Plugins/FX/Niagara/Content/Modules/Update/Size/ScaleSpriteSize.uasset" 4961
"../../Plugins/FX/Niagara/Content/Enums/SpriteRenderer/ENiagara_ScaleSpriteSize.uasset" 4962
"E:/Projects/EcoBots/Content/Assets/media/fonts/Robot_Roc_Font.uasset" 4963
"../../../Engine/Plugins/2D/Paper2D/Content/TranslucentUnlitSpriteMaterial.uasset" 4964
"../../../Engine/Content/VREditor/LaserPointer/LaserPointerMaterial_Inst.uasset" 4965
"C:/Users/emanu/AppData/Local/UnrealEngine/Common/DerivedDataCache/Buckets/BulkDataList/d8/bd/fb0ee48a566c9560320673541b7496deaa02.udd" 4966
"C:/Users/emanu/AppData/Local/UnrealEngine/Common/DerivedDataCache/Buckets/BulkDataList/17/b2/169b665575a947aa13d6a33e6c5d850242bb.udd" 4967
"C:/Users/emanu/AppData/Local/UnrealEngine/Common/DerivedDataCache/Buckets/BulkDataList/3d/24/15f165bdbf1e35cd133d72371963f2377943.udd" 4968
"C:/Users/emanu/AppData/Local/UnrealEngine/Common/DerivedDataCache/Buckets/BulkDataList/5e/07/515c4f3d5a37a44d502a26f65933a9ec6d4e.udd" 4969
"../../../Engine/Plugins/FX/Niagara/Shaders/Private/NiagaraDataInterfaceCurveTemplate.ush" 4970
"../../../Engine/Plugins/FX/Niagara/Shaders/Private/NiagaraDataInterfaceMeshRendererInfoTemplate.ush" 4971
"../../../Engine/Plugins/FX/Niagara/Shaders/Private/NiagaraDataInterfaceSkeletalMesh.ush" 4972
"../../../Engine/Plugins/FX/Niagara/Shaders/Private/NiagaraBaryCentricUtils.ush" 4973
"../../../Engine/Plugins/FX/Niagara/Shaders/Private/NiagaraDataInterfaceSkeletalMeshTemplate.ush" 4974
"../../../Engine/Plugins/FX/Niagara/Shaders/Private/NiagaraDataInterfaceTexture2DArrayTemplate.ush" 4975
"../../../Engine/Plugins/FX/Niagara/Shaders/Private/NiagaraDataInterfaceActorComponentTemplate.ush" 4976
"../../../Engine/Plugins/FX/Niagara/Shaders/Private/NiagaraDataInterfaceArrayTemplate.ush" 4977
"../../../Engine/Plugins/FX/Niagara/Shaders/Private/NiagaraDataInterfaceArrayRWTemplate.ush" 4978
"../../../Engine/Plugins/FX/Niagara/Shaders/Private/NiagaraDataInterfaceAsyncGpuTrace.ush" 4979
"../../../Engine/Plugins/FX/Niagara/Shaders/Private/NiagaraDataInterfaceAsyncGpuTraceTemplate.ush" 4980
"../../../Engine/Plugins/FX/Niagara/Shaders/Private/NiagaraDataInterfaceCamera.ush" 4981
"../../../Engine/Plugins/Experimental/ChaosNiagara/Shaders/NiagaraDataInterfaceChaosDestruction.ush" 4982
"../../../Engine/Plugins/FX/Niagara/Shaders/Private/NiagaraDataInterfaceCollisionQuery.ush" 4983
"../../../Engine/Shaders/Public/StrataPublic.ush" 4984
"../../../Engine/Plugins/FX/Niagara/Shaders/Private/NiagaraDataInterfaceCollisionQueryTemplate.ush" 4985
"../../../Engine/Plugins/FX/Niagara/Shaders/Private/NiagaraDataInterfaceCubeTextureTemplate.ush" 4986
"../../../Engine/Plugins/FX/Niagara/Shaders/Private/DataChannel/NiagaraDataInterfaceDataChannelCommon.ush" 4987
"../../../Engine/Plugins/FX/Niagara/Shaders/Private/DataChannel/NiagaraDataInterfaceDataChannelTemplateCommon.ush" 4988
"../../../Engine/Plugins/FX/Niagara/Shaders/Private/DataChannel/NiagaraDataInterfaceDataChannelTemplate_Read.ush" 4989
"../../../Engine/Plugins/FX/Niagara/Shaders/Private/DataChannel/NiagaraDataInterfaceDataChannelTemplate_Consume.ush" 4990
"../../../Engine/Plugins/FX/Niagara/Shaders/Private/NiagaraDataInterfaceDebugDraw.ush" 4991
"../../../Engine/Plugins/FX/Niagara/Shaders/Private/NiagaraDataInterfaceDebugDrawTemplate.ush" 4992
"../../../Engine/Plugins/FX/Niagara/Shaders/Private/NiagaraDataInterfaceDynamicMeshTemplate.ush" 4993
"../../../Engine/Plugins/FX/Niagara/Shaders/Private/NiagaraDataInterfaceEmitterPropertiesTemplate.ush" 4994
"../../../Engine/Plugins/FX/Niagara/Shaders/Private/NiagaraDataInterfaceExportTemplate.ush" 4995
"../../../Engine/Plugins/FX/Niagara/Shaders/Private/NiagaraDataInterfaceGBufferTemplate.ush" 4996
"../../../Engine/Plugins/Experimental/ChaosNiagara/Shaders/NiagaraDataInterfaceGeometryCollection.ush" 4997
"../../../Engine/Plugins/FX/Niagara/Shaders/Private/NiagaraDataInterfaceIntRenderTarget2D.ush" 4998
"../../../Engine/Plugins/FX/Niagara/Shaders/Private/NiagaraDataInterfaceLandscape.ush" 4999
"../../../Engine/Plugins/FX/Niagara/Shaders/Private/NiagaraDataInterfaceOcclusion.ush" 5000
"../../../Engine/Plugins/FX/Niagara/Shaders/Private/NiagaraDataInterfacePhysicsAsset.ush" 5001
"../../../Engine/Plugins/Experimental/ChaosNiagara/Shaders/NiagaraDataInterfacePhysicsField.ush" 5002
"../../../Engine/Plugins/FX/Niagara/Shaders/Private/NiagaraDataInterfaceRenderTarget2DTemplate.ush" 5003
"../../../Engine/Plugins/FX/Niagara/Shaders/Private/NiagaraDataInterfaceRenderTarget2DArrayTemplate.ush" 5004
"../../../Engine/Plugins/FX/Niagara/Shaders/Private/NiagaraDataInterfaceRenderTargetCubeTemplate.ush" 5005
"../../../Engine/Plugins/FX/Niagara/Shaders/Private/NiagaraDataInterfaceRenderTargetVolumeTemplate.ush" 5006
"../../../Engine/Plugins/FX/Niagara/Shaders/Private/NiagaraDataInterfaceRigidMeshCollisionQuery.ush" 5007
"../../../Engine/Plugins/FX/Niagara/Shaders/Private/NiagaraDataInterfaceSimCacheReaderTemplate.ush" 5008
"../../../Engine/Plugins/FX/Niagara/Shaders/Private/NiagaraDataInterfaceSimpleCounterTemplate.ush" 5009
"../../../Engine/Plugins/FX/Niagara/Shaders/Private/NiagaraDataInterfaceSplineTemplate.ush" 5010
"../../../Engine/Plugins/FX/Niagara/Shaders/Private/NiagaraDataInterfaceSpriteRendererInfoTemplate.ush" 5011
"../../../Engine/Plugins/FX/Niagara/Shaders/Private/NiagaraDataInterfaceStaticMeshTemplate.ush" 5012
"../../../Engine/Plugins/FX/Niagara/Shaders/Private/NiagaraQuaternionUtils.ush" 5013
"../../../Engine/Plugins/FX/Niagara/Shaders/Private/NiagaraDataInterfaceTextureTemplate.ush" 5014
"../../../Engine/Plugins/FX/Niagara/Shaders/Private/NiagaraDataInterfaceVirtualTexture.ush" 5015
"../../../Engine/Plugins/FX/Niagara/Shaders/Private/NiagaraDataInterfaceVirtualTextureTemplate.ush" 5016
"../../../Engine/Plugins/FX/Niagara/Shaders/Private/NiagaraDataInterfaceVolumeCache.ush" 5017
"../../../Engine/Plugins/FX/Niagara/Shaders/Private/NiagaraDataInterfaceVolumeTextureTemplate.ush" 5018
"../../../Engine/Content/Functions/Engine_MaterialFunctions02/Utility/DebugScalarValues.uasset" 5019
"../../../Engine/Plugins/Animation/ControlRig/Content/Controls/ControlRig_Wedge_solid.uasset" 5020
"../../../Engine/Plugins/Animation/ControlRig/Content/Controls/ControlRig_Wedge_3mm.uasset" 5021
"../../../Engine/Plugins/Animation/ControlRig/Content/Controls/ControlRig_Triangle_solid.uasset" 5022
"../../../Engine/Plugins/Animation/ControlRig/Content/Controls/ControlRig_Wedge_1mm.uasset" 5023
"../../../Engine/Plugins/Animation/ControlRig/Content/Controls/ControlRig_Triangle_3mm.uasset" 5024
"../../../Engine/Plugins/Animation/ControlRig/Content/Controls/ControlRig_Triangle_1mm.uasset" 5025
"../../../Engine/Plugins/Animation/ControlRig/Content/Controls/ControlRig_Star4_3mm.uasset" 5026
"../../../Engine/Plugins/Animation/ControlRig/Content/Controls/ControlRig_Star4_solid.uasset" 5027
"../../../Engine/Plugins/Animation/ControlRig/Content/Controls/ControlRig_Star4_1mm.uasset" 5028
"../../../Engine/Plugins/Animation/ControlRig/Content/Controls/ControlRig_Square_solid.uasset" 5029
"../../../Engine/Plugins/Animation/ControlRig/Content/Controls/ControlRig_Square_3mm.uasset" 5030
"../../../Engine/Plugins/Animation/ControlRig/Content/Controls/ControlRig_Square_1mm.uasset" 5031
"../../../Engine/Plugins/Animation/ControlRig/Content/Controls/ControlRig_Sphere_3mm.uasset" 5032
"../../../Engine/Plugins/Animation/ControlRig/Content/Controls/ControlRig_Sphere_1mm.uasset" 5033
"../../../Engine/Plugins/Animation/ControlRig/Content/Controls/ControlRig_RoundedTriangle_solid.uasset" 5034
"../../../Engine/Plugins/Animation/ControlRig/Content/Controls/ControlRig_RoundedTriangle_3mm.uasset" 5035
"../../../Engine/Plugins/Animation/ControlRig/Content/Controls/ControlRig_RoundedSquare_solid.uasset" 5036
"../../../Engine/Plugins/Animation/ControlRig/Content/Controls/ControlRig_RoundedTriangle_1mm.uasset" 5037
"../../../Engine/Plugins/Animation/ControlRig/Content/Controls/ControlRig_QuarterCircle_solid.uasset" 5038
"C:/Users/emanu/AppData/Local/UnrealEngine/Common/DerivedDataCache/Buckets/MaterialShaderMap/fc/be/542144f773363bd41f71add38985b7625a39.udd" 5039
"C:/Users/emanu/AppData/Local/UnrealEngine/Common/DerivedDataCache/Buckets/MaterialShaderMap/3e/ea/a80affd0fc49e6044736fa262d635d3673f7.udd" 5040
"../../../Engine/Plugins/Animation/ControlRig/Content/Controls/ControlRig_QuarterCircle_3mm.uasset" 5041
"C:/Users/emanu/AppData/Local/UnrealEngine/Common/DerivedDataCache/Buckets/MaterialShaderMap/c7/22/ae4e83fdb6e1b969550d79926a17bad90e4d.udd" 5042
"C:/Users/emanu/AppData/Local/UnrealEngine/Common/DerivedDataCache/Buckets/MaterialShaderMap/68/80/c10e033ff60ec0b2c9c816738ac98a7c87fe.udd" 5043
"C:/Users/emanu/AppData/Local/UnrealEngine/Common/DerivedDataCache/Content/fa/dc/c3210cf4e713439f4f221075fe28e95b17b6.udd" 5044
"../../../Engine/Plugins/Animation/ControlRig/Content/Controls/ControlRig_QuarterCircle_1mm.uasset" 5045
"../../../Engine/Plugins/Animation/ControlRig/Content/Controls/ControlRig_Pyramid_solid.uasset" 5046
"../../../Engine/Plugins/Animation/ControlRig/Content/Controls/ControlRig_RoundedSquare_3mm.uasset" 5047
"../../../Engine/Plugins/Animation/ControlRig/Content/Controls/ControlRig_Pyramid_3mm.uasset" 5048
"../../../Engine/Plugins/Animation/ControlRig/Content/Controls/ControlRig_Pyramid_1mm.uasset" 5049
"../../../Engine/Plugins/Animation/ControlRig/Content/Controls/ControlRig_Octagon_solid.uasset" 5050
"../../../Engine/Plugins/Animation/ControlRig/Content/Controls/ControlRig_Octagon_3mm.uasset" 5051
"../../../Engine/Plugins/Animation/ControlRig/Content/Controls/ControlRig_Octagon_1mm.uasset" 5052
"C:/Users/emanu/AppData/Local/UnrealEngine/Common/DerivedDataCache/Buckets/MaterialShaderMap/a2/fc/2dbb99f8b139af4bb93d30c60dd33e56c9eb.udd" 5053
"../../../Engine/Plugins/Animation/ControlRig/Content/Controls/ControlRig_Hexagon_solid.uasset" 5054
"../../../Engine/Plugins/Animation/ControlRig/Content/Controls/ControlRig_RoundedSquare_1mm.uasset" 5055
"C:/Users/emanu/AppData/Local/UnrealEngine/Common/DerivedDataCache/Buckets/MaterialShaderMap/ed/71/a01dcec7a72b5cd6ca9559d42eea23471646.udd" 5056
"C:/Users/emanu/AppData/Local/UnrealEngine/Common/DerivedDataCache/Content/c3/59/a1231305553eb3da77efeec1639c37e60122.udd" 5057
"../../../Engine/Plugins/Animation/ControlRig/Content/Controls/ControlRig_Hexagon_3mm.uasset" 5058
"../../../Engine/Plugins/Animation/ControlRig/Content/Controls/ControlRig_Hexagon_1mm.uasset" 5059
"../../../Engine/Plugins/Animation/ControlRig/Content/Controls/ControlRig_HalfCircle_solid.uasset" 5060
"../../../Engine/Plugins/Animation/ControlRig/Content/Controls/ControlRig_HalfCircle_3mm.uasset" 5061
"../../../Engine/Plugins/Animation/ControlRig/Content/Controls/ControlRig_HalfCircle_1mm.uasset" 5062
"../../../Engine/Plugins/Animation/ControlRig/Content/Controls/ControlRig_Diamond_solid.uasset" 5063
"../../../Engine/Plugins/Animation/ControlRig/Content/Controls/ControlRig_Diamond_3mm.uasset" 5064
"../../../Engine/Plugins/Animation/ControlRig/Content/Controls/ControlRig_Diamond_1mm.uasset" 5065
"../../../Engine/Plugins/Animation/ControlRig/Content/Controls/ControlRig_Circle_3mm.uasset" 5066
"../../../Engine/Plugins/Animation/ControlRig/Content/Controls/ControlRig_Circle_solid.uasset" 5067
"../../../Engine/Plugins/Animation/ControlRig/Content/Controls/ControlRig_Circle_1mm.uasset" 5068
"../../../Engine/Plugins/Animation/ControlRig/Content/Controls/ControlRig_Box_solid.uasset" 5069
"../../../Engine/Plugins/Animation/ControlRig/Content/Controls/ControlRig_Box_3mm.uasset" 5070
"../../../Engine/Plugins/Animation/ControlRig/Content/Controls/ControlRig_Box_1mm.uasset" 5071
"../../../Engine/Plugins/Animation/ControlRig/Content/Controls/ControlRig_Arrow_solid.uasset" 5072
"../../../Engine/Plugins/Animation/ControlRig/Content/Controls/ControlRig_Arrow_3mm.uasset" 5073
"../../../Engine/Plugins/Animation/ControlRig/Content/Controls/ControlRig_Arrow_1mm.uasset" 5074
"../../../Engine/Plugins/Animation/ControlRig/Content/Controls/ControlRig_Arrow4_solid.uasset" 5075
"../../../Engine/Plugins/Animation/ControlRig/Content/Controls/ControlRig_Arrow4_3mm.uasset" 5076
"../../../Engine/Plugins/Animation/ControlRig/Content/Controls/ControlRig_Arrow2_3mm.uasset" 5077
"../../../Engine/Plugins/Animation/ControlRig/Content/Controls/ControlRig_Arrow2_solid.uasset" 5078
"../../../Engine/Plugins/Animation/ControlRig/Content/Controls/ControlRig_Arrow4_1mm.uasset" 5079
"../../../Engine/Plugins/Animation/ControlRig/Content/Controls/ControlRig_Arrow2_1mm.uasset" 5080
"E:/Projects/EcoBots/Content/Blueprints/Audio/MetaSounds/MS_MainMenu.uasset" 5081
"../../../Engine/Plugins/Animation/ControlRig/Content/Controls/ControlRig_Sphere_solid.uasset" 5082
"E:/Projects/EcoBots/Content/Blueprints/Audio/MetaSounds/MS_DayMusic.uasset" 5083
"E:/Projects/EcoBots/Content/Blueprints/Audio/MetaSounds/MS_GameOver.uasset" 5084
"E:/Projects/EcoBots/Content/Blueprints/Audio/MetaSounds/MS_NightMusic.uasset" 5085
"../../../Engine/Content/EngineSky/SM_SkySphere.uasset" 5086
"../../../Engine/Content/Functions/Engine_MaterialFunctions02/ExampleContent/3dParticleOpacity_Mat.uasset" 5087
"../../../Engine/Content/MapTemplates/Sky/M_Procedural_Sky_Night.uasset" 5088
"E:/Projects/EcoBots/Content/Assets/StackOBot/Environment/Landscape/Materials/M_Rock.uasset" 5089
"E:/Projects/EcoBots/Content/Assets/StackOBot/Characters/Bot/Materials/M_BotBaseGreen.uasset" 5090
"E:/Projects/EcoBots/Content/Assets/StackOBot/Characters/Bot/Materials/M_BotBaseOrange.uasset" 5091
"E:/Projects/EcoBots/Content/Assets/StackOBot/Characters/Bot/Materials/M_BotBaseRed.uasset" 5092
"E:/Projects/EcoBots/Content/Assets/StackOBot/Characters/Bot/Materials/M_BotLightBlue.uasset" 5093
"C:/Users/emanu/AppData/Local/UnrealEngine/Common/DerivedDataCache/Buckets/MaterialShaderMap/12/06/8b022514ddf8433347b685601ac2182ccfa0.udd" 5094
"C:/Users/emanu/AppData/Local/UnrealEngine/Common/DerivedDataCache/Buckets/MaterialShaderMap/b3/cd/476c5b52b6c503fe092efc4a8a07bb2858d8.udd" 5095
"C:/Users/emanu/AppData/Local/UnrealEngine/Common/DerivedDataCache/Buckets/MaterialShaderMap/04/ad/7147b33b587e6acbf86cbd5a7c54c5caef85.udd" 5096
"C:/Users/emanu/AppData/Local/UnrealEngine/Common/DerivedDataCache/Buckets/MaterialShaderMap/2a/7b/9b20f528ecc0e56f47859284ac2113aec022.udd" 5097
"C:/Users/emanu/AppData/Local/UnrealEngine/Common/DerivedDataCache/Buckets/MaterialShaderMap/7f/ce/f4bd52825b239d266a6c83a663c8610be5fa.udd" 5098
"C:/Users/emanu/AppData/Local/UnrealEngine/Common/DerivedDataCache/Buckets/MaterialShaderMap/ba/f0/6b46356a25cb939d2b1d943f4bc738a4e01f.udd" 5099
"C:/Users/emanu/AppData/Local/UnrealEngine/Common/DerivedDataCache/Content/9c/6f/f05fd065639a6cb93e1e87875b5417bb382b.udd" 5100
"E:/Projects/EcoBots/Content/Assets/StackOBot/Characters/Bot/Materials/M_BotPink.uasset" 5101
"E:/Projects/EcoBots/Content/Assets/StackOBot/Characters/Bot/Materials/M_BotWhite.uasset" 5102
"E:/Projects/EcoBots/Content/Assets/StackOBot/Characters/Bot/Materials/M_BotYellow.uasset" 5103
"C:/Users/emanu/AppData/Local/UnrealEngine/Common/DerivedDataCache/Buckets/MaterialShaderMap/63/e4/0790494ee7c4961e10d15dbad6f39adf0965.udd" 5104
"C:/Users/emanu/AppData/Local/UnrealEngine/Common/DerivedDataCache/Buckets/MaterialShaderMap/f2/ce/66c7d4d9cb67559d9c10308f42ec26b3eda9.udd" 5105
"E:/Projects/EcoBots/Content/Assets/StackOBot/Characters/Bot/Animations/BS_Bot_RunIdleJump.uasset" 5106
"E:/Projects/EcoBots/Content/Blueprints/Miscellaneous/BP_Boat.uasset" 5107
"E:/Projects/EcoBots/Content/StarterContent/Props/SM_Lamp_Ceiling.uasset" 5108
"../../../Engine/Content/OpenWorldTemplate/LandscapeMaterial/MF_ProcGrid.uasset" 5109
"../../../Engine/Content/Functions/Engine_MaterialFunctions01/Texturing/WorldAlignedTexture.uasset" 5110
"E:/Projects/EcoBots/Content/Assets/LUSH_StylizedEnvironmentSet/Foliage/Trees/Materials/MI_Bark_BananaTree.uasset" 5111
"E:/Projects/EcoBots/Content/Assets/LUSH_StylizedEnvironmentSet/Foliage/Trees/Materials/MI_Palm_A_Bark_01.uasset" 5112
"E:/Projects/EcoBots/Content/Assets/LUSH_StylizedEnvironmentSet/Foliage/Trees/Materials/MI_Palm_B_Bark_01.uasset" 5113
"E:/Projects/EcoBots/Content/Assets/LUSH_StylizedEnvironmentSet/Foliage/Trees/Materials/MI_Bark_04_Moss.uasset" 5114
"E:/Projects/EcoBots/Content/Assets/LUSH_StylizedEnvironmentSet/Foliage/Trees/Materials/MI_Tree_Large_Bark.uasset" 5115
"C:/Users/emanu/AppData/Local/UnrealEngine/Common/DerivedDataCache/Buckets/MaterialShaderMap/58/38/23381ef19d17d3a5669d8461a5edb07ceed6.udd" 5116
"C:/Users/emanu/AppData/Local/UnrealEngine/Common/DerivedDataCache/Buckets/MaterialShaderMap/42/34/bb6017575b83f41c69b9584bd5d1f83e95ee.udd" 5117
"E:/Projects/EcoBots/Content/Assets/LUSH_StylizedEnvironmentSet/Foliage/Grass/Materials/MI_Grass_01.uasset" 5118
"E:/Projects/EcoBots/Content/Assets/LUSH_StylizedEnvironmentSet/Foliage/Bushes/Materials/MI_Leaves_Bushes.uasset" 5119
"E:/Projects/EcoBots/Content/Assets/LUSH_StylizedEnvironmentSet/Foliage/Trees/Materials/MI_Leaves_SwampTree_01.uasset" 5120
"E:/Projects/EcoBots/Content/Assets/LUSH_StylizedEnvironmentSet/Foliage/Trees/Materials/MI_Leaves_Tree_01.uasset" 5121
"E:/Projects/EcoBots/Content/Assets/LUSH_StylizedEnvironmentSet/StylizedWaterComponent/Materials/M_Water_Base.uasset" 5122
"E:/Projects/EcoBots/Content/Assets/LUSH_StylizedEnvironmentSet/_SharedAssets/Materials/M_Plants_Base.uasset" 5123
"C:/Users/emanu/AppData/Local/UnrealEngine/Common/DerivedDataCache/Buckets/MaterialShaderMap/31/48/09d5fc6b7fbde30728a55c6c80a204856657.udd" 5124
"C:/Users/emanu/AppData/Local/UnrealEngine/Common/DerivedDataCache/Buckets/MaterialShaderMap/25/5c/006438660add0d2a555985381726d6d80039.udd" 5125
"C:/Users/emanu/AppData/Local/UnrealEngine/Common/DerivedDataCache/Buckets/MaterialShaderMap/0d/0a/fcdc58162947ad9b85301c0c6b79559b4ac6.udd" 5126
"C:/Users/emanu/AppData/Local/UnrealEngine/Common/DerivedDataCache/Buckets/MaterialShaderMap/5d/c0/ab6313753ae848d5157ee0b665416bb2ca95.udd" 5127
"C:/Users/emanu/AppData/Local/UnrealEngine/Common/DerivedDataCache/Buckets/MaterialShaderMap/4e/6c/b0f9d86c762ab97339998fe7069c8b35ee43.udd" 5128
"E:/Projects/EcoBots/Content/Assets/LUSH_StylizedEnvironmentSet/_SharedAssets/Materials/M_Plants_Base_TangentSpace.uasset" 5129
"C:/Users/emanu/AppData/Local/UnrealEngine/Common/DerivedDataCache/Buckets/MaterialShaderMap/be/fb/f7dbf27b531dbd3a4bfa23f72842caa27c4d.udd" 5130
"E:/Projects/EcoBots/Content/Assets/StackOBot/Environment/Foilage/Materials/M_TreeBaseNOWPO.uasset" 5131
"C:/Users/emanu/AppData/Local/UnrealEngine/Common/DerivedDataCache/Buckets/MaterialShaderMap/38/63/e78ccc6e562f3b8f7bfa714b785c046af702.udd" 5132
"C:/Users/emanu/AppData/Local/UnrealEngine/Common/DerivedDataCache/Buckets/MaterialShaderMap/b1/cf/550842824d17f334bba169fd1da4997cf68f.udd" 5133
"C:/Users/emanu/AppData/Local/UnrealEngine/Common/DerivedDataCache/Buckets/MaterialShaderMap/5a/d2/c78add18f8cc449925a3790da2a820580b3d.udd" 5134
"E:/Projects/EcoBots/Content/Assets/StackOBot/Environment/Foilage/Materials/M_TreeBase.uasset" 5135
"C:/Users/emanu/AppData/Local/UnrealEngine/Common/DerivedDataCache/Buckets/MaterialShaderMap/29/94/7e542db791a2bf29eb4a3c7b706b9705f5fa.udd" 5136
"C:/Users/emanu/AppData/Local/UnrealEngine/Common/DerivedDataCache/Buckets/MaterialShaderMap/97/f6/3e99b772489c12516ef367b30da976d545f9.udd" 5137
"E:/Projects/EcoBots/Content/Blueprints/Widgets/InGame/BP_CraftablePreviewWidget.uasset" 5138
"../../../Engine/Content/Functions/Engine_MaterialFunctions02/Utility/DebugFloat2Values.uasset" 5139
"E:/Projects/EcoBots/Content/Blueprints/Craftables/BP_CraftableWoodPlate.uasset" 5140
"E:/Projects/EcoBots/Content/Assets/StackOBot/Environment/Landscape/Materials/MI_Boulder.uasset" 5141
"C:/Users/emanu/AppData/Local/UnrealEngine/Common/DerivedDataCache/Buckets/MaterialShaderMap/63/33/604f9cbfcd7e03e9467f7bac8132fff5581e.udd" 5142
"C:/Users/emanu/AppData/Local/UnrealEngine/Common/DerivedDataCache/Buckets/MaterialShaderMap/c7/5f/697d5299cedb72874f789448164dd73770dd.udd" 5143
"C:/Users/emanu/AppData/Local/UnrealEngine/Common/DerivedDataCache/Buckets/MaterialShaderMap/be/fd/1de195412801cffffcaf5f46b8d76287aad2.udd" 5144
"C:/Users/emanu/AppData/Local/UnrealEngine/Common/DerivedDataCache/Buckets/MaterialShaderMap/4c/3f/c3f964cf516a6e2f81fe07d6cee12c6d3f2f.udd" 5145
"C:/Users/emanu/AppData/Local/UnrealEngine/Common/DerivedDataCache/Buckets/MaterialShaderMap/64/16/f43dd6ed48d78b9f683db9d25dfca03e73a4.udd" 5146
"C:/Users/emanu/AppData/Local/UnrealEngine/Common/DerivedDataCache/Buckets/MaterialShaderMap/05/5b/ab9b894e0b0a47bc250bd0197e93e009441d.udd" 5147
"C:/Users/emanu/AppData/Local/UnrealEngine/Common/DerivedDataCache/Content/90/da/f1640120b9d5a0d3708563a0159102bfeb36.udd" 5148
"C:/Users/emanu/AppData/Local/UnrealEngine/Common/DerivedDataCache/Buckets/MaterialShaderMap/c0/00/8d8f226e304c9adce412bde9e82493791be0.udd" 5149
"E:/Projects/EcoBots/Content/Assets/StackOBot/Characters/Backpack/Materials/MI_Backpack.uasset" 5150
"../../../Engine/Content/OpenWorldTemplate/LandscapeMaterial/M_ProcGrid.uasset" 5151
"E:/Projects/EcoBots/Content/Assets/LUSH_StylizedEnvironmentSet/_SharedAssets/Materials/M_Rock_Base.uasset" 5152
"C:/Users/emanu/AppData/Local/UnrealEngine/Common/DerivedDataCache/Buckets/MaterialShaderMap/62/9b/d657fb48361cf11706445680dc1318725d42.udd" 5153
"C:/Users/emanu/AppData/Local/UnrealEngine/Common/DerivedDataCache/Buckets/MaterialShaderMap/48/3e/a6dcdd0a8f5256d2dbf4cc3a5aa75bdbe558.udd" 5154
"E:/Projects/EcoBots/Content/Assets/StackOBot/Environment/Materials/ML_Base.uasset" 5155
"E:/Projects/EcoBots/Content/Blueprints/Interactables/BP_CuttedTree.uasset" 5156
"E:/Projects/EcoBots/Content/Assets/LUSH_StylizedEnvironmentSet/Foliage/Grass/Materials/MI_Grass_Tiny_A.uasset" 5157
"E:/Projects/EcoBots/Content/Assets/LUSH_StylizedEnvironmentSet/Foliage/Grass/SM_Grass_Generic.uasset" 5158
"C:/Users/emanu/AppData/Local/UnrealEngine/Common/DerivedDataCache/Buckets/MaterialShaderMap/f6/88/648472e283a57c9f358b3266d58a72077f6f.udd" 5159
"C:/Users/emanu/AppData/Local/UnrealEngine/Common/DerivedDataCache/Buckets/MaterialShaderMap/ca/c1/115daf82a5662c7ae29f3d99352c0d630416.udd" 5160
"C:/Users/emanu/AppData/Local/UnrealEngine/Common/DerivedDataCache/Buckets/MaterialShaderMap/66/9e/818342a43c3c3f2fdbfbef53e25206d6bdc9.udd" 5161
"C:/Users/emanu/AppData/Local/UnrealEngine/Common/DerivedDataCache/Buckets/MaterialShaderMap/eb/dc/4ed5793376b8c26ed99947712cb5fbdf81e1.udd" 5162
"E:/Projects/EcoBots/Content/Assets/LUSH_StylizedEnvironmentSet/Foliage/Bushes/SM_Bush_Large.uasset" 5163
"E:/Projects/EcoBots/Content/Assets/LUSH_StylizedEnvironmentSet/Foliage/Bushes/SM_Bush_Medium_01.uasset" 5164
"E:/Projects/EcoBots/Content/Assets/LUSH_StylizedEnvironmentSet/Foliage/Bushes/SM_Bush_Medium_02.uasset" 5165
"E:/Projects/EcoBots/Content/Assets/LUSH_StylizedEnvironmentSet/Foliage/Bushes/SM_Bush_Medium_03.uasset" 5166
"E:/Projects/EcoBots/Content/Assets/LUSH_StylizedEnvironmentSet/Foliage/Bushes/SM_Bush_Medium_04.uasset" 5167
"E:/Projects/EcoBots/Content/Assets/LUSH_StylizedEnvironmentSet/Foliage/Trees/SM_SwampTree_01.uasset" 5168
"E:/Projects/EcoBots/Content/Assets/LUSH_StylizedEnvironmentSet/Foliage/Trees/SM_SwampTree_02.uasset" 5169
"E:/Projects/EcoBots/Content/Assets/LUSH_StylizedEnvironmentSet/Foliage/Trees/SM_Tree_Large_01.uasset" 5170
"E:/Projects/EcoBots/Content/Assets/LUSH_StylizedEnvironmentSet/Foliage/Trees/SM_Tree_Medium_01.uasset" 5171
"E:/Projects/EcoBots/Content/Assets/LUSH_StylizedEnvironmentSet/Foliage/Trees/SM_Tree_Medium_02.uasset" 5172
"E:/Projects/EcoBots/Content/Assets/LUSH_StylizedEnvironmentSet/StylizedWaterComponent/Materials/MI_Water_01_WavesEnabled.uasset" 5173
"E:/Projects/EcoBots/Content/Assets/LUSH_StylizedEnvironmentSet/Foliage/Flowers/Materials/MI_Flowers_01.uasset" 5174
"E:/Projects/EcoBots/Content/Assets/LUSH_StylizedEnvironmentSet/Foliage/Trees/Materials/MI_BananaLeaf_01.uasset" 5175
"E:/Projects/EcoBots/Content/Assets/LUSH_StylizedEnvironmentSet/Foliage/Trees/Materials/MI_Palm_A_Leaf_01.uasset" 5176
"E:/Projects/EcoBots/Content/Assets/LUSH_StylizedEnvironmentSet/Foliage/Trees/Materials/MI_Palm_B_Leaf_01.uasset" 5177
"E:/Projects/EcoBots/Content/Assets/LUSH_StylizedEnvironmentSet/Foliage/Plants/Materials/MI_Plant_Taro.uasset" 5178
"C:/Users/emanu/AppData/Local/UnrealEngine/Common/DerivedDataCache/Buckets/MaterialShaderMap/8d/93/03e2039a95f41954aa84bbc566dc115e21eb.udd" 5179
"C:/Users/emanu/AppData/Local/UnrealEngine/Common/DerivedDataCache/Buckets/MaterialShaderMap/f6/14/2b50fab709295c14c6ad9e981eb9df21e8d8.udd" 5180
"E:/Projects/EcoBots/Content/Assets/LUSH_StylizedEnvironmentSet/Foliage/GroundIvy/Materials/MI_GroundIvy.uasset" 5181
"E:/Projects/EcoBots/Content/Assets/StackOBot/Environment/Foilage/Materials/M_CyberTrunk_NoWPO.uasset" 5182
"E:/Projects/EcoBots/Content/Assets/StackOBot/Environment/Foilage/Materials/M_CyberTrunk.uasset" 5183
"../../../Engine/Content/Functions/Engine_MaterialFunctions02/Texturing/FlipBook.uasset" 5184
"E:/Projects/EcoBots/Content/Blueprints/Craftables/CraftPreviews/BP_WoodPlatePreview.uasset" 5185
"E:/Projects/EcoBots/Content/Assets/StackOBot/Environment/Rocks/SM_Boulder.uasset" 5186
"E:/Projects/EcoBots/Content/Assets/StackOBot/Characters/Backpack/Mesh/SKM_Backpack.uasset" 5187
"E:/Projects/EcoBots/Content/Assets/LUSH_StylizedEnvironmentSet/Meshes/Rocks/Materials/MI_Rock_01_A.uasset" 5188
"E:/Projects/EcoBots/Content/Assets/LUSH_StylizedEnvironmentSet/Meshes/Rocks/Materials/MI_Rock_03_A.uasset" 5189
"E:/Projects/EcoBots/Content/Assets/StackOBot/Environment/Materials/M_TileMaster.uasset" 5190
"E:/Projects/EcoBots/Content/Assets/LUSH_StylizedEnvironmentSet/Foliage/Grass/SM_Grass_Tiny.uasset" 5191
"C:/Users/emanu/AppData/Local/UnrealEngine/Common/DerivedDataCache/Buckets/MaterialShaderMap/c2/1f/09ca79ec99e0b600a6a543f3869b85d70bd0.udd" 5192
"C:/Users/emanu/AppData/Local/UnrealEngine/Common/DerivedDataCache/Buckets/MaterialShaderMap/c0/6d/692d6a242314b76be41f40dcf712e54b837d.udd" 5193
"C:/Users/emanu/AppData/Local/UnrealEngine/Common/DerivedDataCache/Buckets/MaterialShaderMap/9d/26/a1960e68866403e8353d4df5cb062029e437.udd" 5194
"C:/Users/emanu/AppData/Local/UnrealEngine/Common/DerivedDataCache/Buckets/MaterialShaderMap/d2/b6/8b51b8ed61c4802b128b69ffe719e4e803a8.udd" 5195
"C:/Users/emanu/AppData/Local/UnrealEngine/Common/DerivedDataCache/Content/fb/64/d78f975741696f90c4278171754c64251011.udd" 5196
"C:/Users/emanu/AppData/Local/UnrealEngine/Common/DerivedDataCache/Buckets/MaterialShaderMap/62/9d/1a7c4f7c3af7655c0f8c9aafdcf761d7c8f3.udd" 5197
"E:/Projects/EcoBots/Content/Assets/LUSH_StylizedEnvironmentSet/Foliage/Grass/LG_AutoGrass.uasset" 5198
"C:/Users/emanu/AppData/Local/UnrealEngine/Common/DerivedDataCache/Buckets/MaterialShaderMap/37/4b/3ded79ed2f91bae0f10beeba6897ed9b3e93.udd" 5199
"C:/Users/emanu/AppData/Local/UnrealEngine/Common/DerivedDataCache/Buckets/MaterialShaderMap/cc/90/048266cb6a7698587c68c049b748d3800ddd.udd" 5200
"C:/Users/emanu/AppData/Local/UnrealEngine/Common/DerivedDataCache/Buckets/MaterialShaderMap/0e/58/221b79c1c139b421d2661148802f2e3d4d61.udd" 5201
"E:/Projects/EcoBots/Content/Assets/LUSH_StylizedEnvironmentSet/Foliage/Grass/LG_Grass.uasset" 5202
"C:/Users/emanu/AppData/Local/UnrealEngine/Common/DerivedDataCache/Content/82/d8/509c644f641e3ce6743d6503ecd8bfdd6156.udd" 5203
"C:/Users/emanu/AppData/Local/UnrealEngine/Common/DerivedDataCache/Buckets/MaterialShaderMap/db/5c/c1d7bb9a760a7739421743cee8b71e5701dc.udd" 5204
"E:/Projects/EcoBots/Content/Assets/LUSH_StylizedEnvironmentSet/Foliage/Bushes/SMF_Bush_Large.uasset" 5205
"C:/Users/emanu/AppData/Local/UnrealEngine/Common/DerivedDataCache/Buckets/MaterialShaderMap/9c/68/9b7164bc61e23ea82057db38c4454f398c98.udd" 5206
"C:/Users/emanu/AppData/Local/UnrealEngine/Common/DerivedDataCache/Buckets/MaterialShaderMap/e9/d4/2d94163b5aca23292b17cb9291149c657af5.udd" 5207
"C:/Users/emanu/AppData/Local/UnrealEngine/Common/DerivedDataCache/Buckets/MaterialShaderMap/14/f2/2ad7ff9f13b9c3309269fbdaacd9c646fcd8.udd" 5208
"E:/Projects/EcoBots/Content/Assets/LUSH_StylizedEnvironmentSet/Foliage/Bushes/SMF_Bush_Medium_01.uasset" 5209
"E:/Projects/EcoBots/Content/Assets/LUSH_StylizedEnvironmentSet/Foliage/Bushes/SMF_Bush_Medium_02.uasset" 5210
"E:/Projects/EcoBots/Content/Assets/LUSH_StylizedEnvironmentSet/Foliage/Bushes/SMF_Bush_Medium_03.uasset" 5211
"E:/Projects/EcoBots/Content/Assets/LUSH_StylizedEnvironmentSet/Foliage/Bushes/SMF_Bush_Medium_04.uasset" 5212
"E:/Projects/EcoBots/Content/Assets/LUSH_StylizedEnvironmentSet/Foliage/Trees/SMF_Swamp_Tree_01.uasset" 5213
"E:/Projects/EcoBots/Content/Assets/LUSH_StylizedEnvironmentSet/Foliage/Trees/SMF_Swamp_Tree_02.uasset" 5214
"E:/Projects/EcoBots/Content/Assets/LUSH_StylizedEnvironmentSet/Foliage/Trees/SMF_Tree_Large_01.uasset" 5215
"E:/Projects/EcoBots/Content/Assets/LUSH_StylizedEnvironmentSet/Foliage/Trees/SMF_Tree_Medium_01.uasset" 5216
"E:/Projects/EcoBots/Content/Assets/LUSH_StylizedEnvironmentSet/Foliage/Trees/SMF_Tree_Medium_02.uasset" 5217
"E:/Projects/EcoBots/Content/Assets/LUSH_StylizedEnvironmentSet/Foliage/Flowers/SM_FlowerClump_A_01.uasset" 5218
"E:/Projects/EcoBots/Content/Assets/LUSH_StylizedEnvironmentSet/Foliage/Flowers/SM_FlowerClump_B_01.uasset" 5219
"E:/Projects/EcoBots/Content/Assets/LUSH_StylizedEnvironmentSet/Foliage/Flowers/SM_FlowerClump_C_01.uasset" 5220
"E:/Projects/EcoBots/Content/Assets/LUSH_StylizedEnvironmentSet/Foliage/Flowers/SM_FlowerClump_D_01.uasset" 5221
"E:/Projects/EcoBots/Content/Assets/LUSH_StylizedEnvironmentSet/Foliage/Trees/SM_BananaTree_01.uasset" 5222
"E:/Projects/EcoBots/Content/Assets/LUSH_StylizedEnvironmentSet/Foliage/Trees/SM_BananaTree_02.uasset" 5223
"E:/Projects/EcoBots/Content/Assets/LUSH_StylizedEnvironmentSet/Foliage/Trees/SM_BananaTree_03.uasset" 5224
"E:/Projects/EcoBots/Content/Assets/LUSH_StylizedEnvironmentSet/Foliage/Trees/SM_BananaTree_04.uasset" 5225
"E:/Projects/EcoBots/Content/Assets/LUSH_StylizedEnvironmentSet/Foliage/Trees/SM_Palm_A_01.uasset" 5226
"E:/Projects/EcoBots/Content/Assets/LUSH_StylizedEnvironmentSet/Foliage/Trees/SM_Palm_A_02.uasset" 5227
"E:/Projects/EcoBots/Content/Assets/LUSH_StylizedEnvironmentSet/Foliage/Trees/SM_Palm_A_03.uasset" 5228
"E:/Projects/EcoBots/Content/Assets/LUSH_StylizedEnvironmentSet/Foliage/Trees/SM_Palm_A_04.uasset" 5229
"E:/Projects/EcoBots/Content/Assets/LUSH_StylizedEnvironmentSet/Foliage/Trees/SM_Palm_B_01.uasset" 5230
"E:/Projects/EcoBots/Content/Assets/LUSH_StylizedEnvironmentSet/Foliage/Trees/SM_Palm_B_02.uasset" 5231
"E:/Projects/EcoBots/Content/Assets/LUSH_StylizedEnvironmentSet/Foliage/Trees/SM_Palm_B_03.uasset" 5232
"E:/Projects/EcoBots/Content/Assets/LUSH_StylizedEnvironmentSet/Foliage/Trees/SM_Palm_B_04.uasset" 5233
"C:/Users/emanu/AppData/Local/UnrealEngine/Common/DerivedDataCache/Buckets/LegacySKELETALMESH/a8/a9/3599befbdfe32c72b357f072fd98e734f80a.udd" 5234
"E:/Projects/EcoBots/Content/Assets/LUSH_StylizedEnvironmentSet/Foliage/Plants/SM_Plant_Taro_01.uasset" 5235
"E:/Projects/EcoBots/Content/Assets/LUSH_StylizedEnvironmentSet/Foliage/Plants/SM_Plant_Taro_02.uasset" 5236
"E:/Projects/EcoBots/Content/Assets/LUSH_StylizedEnvironmentSet/Foliage/GroundIvy/SM_GroundIvy_01.uasset" 5237
"C:/Users/emanu/AppData/Local/UnrealEngine/Common/DerivedDataCache/Buckets/MaterialShaderMap/72/fa/50751c97e9c84b881b7d0435794126173a81.udd" 5238
"C:/Users/emanu/AppData/Local/UnrealEngine/Common/DerivedDataCache/Buckets/MaterialShaderMap/65/ea/29b98e77b530bd191cad88ff7f924062214b.udd" 5239
"E:/Projects/EcoBots/Content/Assets/LUSH_StylizedEnvironmentSet/Foliage/GroundIvy/SM_GroundIvy_02.uasset" 5240
"C:/Users/emanu/AppData/Local/UnrealEngine/Common/DerivedDataCache/Buckets/MaterialShaderMap/a6/85/af0c2518836a3e8d69b9904df9bc579ebf9e.udd" 5241
"C:/Users/emanu/AppData/Local/UnrealEngine/Common/DerivedDataCache/Buckets/MaterialShaderMap/f7/fc/d36df1987565d565fb1cf733784b733e1eff.udd" 5242
"E:/Projects/EcoBots/Content/Assets/LUSH_StylizedEnvironmentSet/Foliage/GroundIvy/SM_GroundIvy_03.uasset" 5243
"E:/Projects/EcoBots/Content/Assets/LUSH_StylizedEnvironmentSet/Foliage/GroundIvy/SM_GroundIvy_04.uasset" 5244
"E:/Projects/EcoBots/Content/Assets/StackOBot/Environment/Foilage/Materials/M_CyberFern_NoWPO.uasset" 5245
"E:/Projects/EcoBots/Content/Assets/StackOBot/Environment/Foilage/Materials/M_CyberFern.uasset" 5246
"E:/Projects/EcoBots/Content/Assets/StackOBot/Characters/Bot/Materials/M_BotLedWhite.uasset" 5247
"E:/Projects/EcoBots/Content/Assets/StackOBot/Characters/Bot/Materials/M_BotLedGreen.uasset" 5248
"E:/Projects/EcoBots/Content/Assets/StackOBot/Characters/Bot/Materials/M_BotLedLightBlue.uasset" 5249
"E:/Projects/EcoBots/Content/Assets/StackOBot/Characters/Bot/Materials/M_BotLedOrange.uasset" 5250
"E:/Projects/EcoBots/Content/Assets/StackOBot/Characters/Bot/Materials/M_BotLedPink.uasset" 5251
"C:/Users/emanu/AppData/Local/UnrealEngine/Common/DerivedDataCache/Buckets/MaterialShaderMap/18/4c/5e8ea5e57f4184fdf21c18524a3ea6265d5d.udd" 5252
"C:/Users/emanu/AppData/Local/UnrealEngine/Common/DerivedDataCache/Buckets/MaterialShaderMap/31/2f/c61f3b56c80311a07a49cf5141af4441deb0.udd" 5253
"C:/Users/emanu/AppData/Local/UnrealEngine/Common/DerivedDataCache/Buckets/MaterialShaderMap/d8/cd/04d39eb1155b59e9de149671c604b851dd9c.udd" 5254
"C:/Users/emanu/AppData/Local/UnrealEngine/Common/DerivedDataCache/Buckets/MaterialShaderMap/0d/bd/668fef899c28a2975ce15737373c391e6101.udd" 5255
"C:/Users/emanu/AppData/Local/UnrealEngine/Common/DerivedDataCache/Content/18/0d/dd34e7745714491cc3f9d63d464ba10118dc.udd" 5256
"C:/Users/emanu/AppData/Local/UnrealEngine/Common/DerivedDataCache/Content/56/1b/6addfc57fe41636f9b4944c893945af9c3d7.udd" 5257
"C:/Users/emanu/AppData/Local/UnrealEngine/Common/DerivedDataCache/Buckets/MaterialShaderMap/15/1c/a90df9fe18a387edd745528a96b0422b8597.udd" 5258
"C:/Users/emanu/AppData/Local/UnrealEngine/Common/DerivedDataCache/Buckets/MaterialShaderMap/c4/1d/596741090f3b94fd47962368cadaa2d4cfb6.udd" 5259
"E:/Projects/EcoBots/Content/Assets/StackOBot/Characters/Bot/Materials/M_BotLedRed.uasset" 5260
"E:/Projects/EcoBots/Content/Assets/StackOBot/Characters/Bot/Materials/M_BotLedYellow.uasset" 5261
"E:/Projects/EcoBots/Content/Assets/LUSH_StylizedEnvironmentSet/Meshes/Rocks/SM_Rock_01.uasset" 5262
"C:/Users/emanu/AppData/Local/UnrealEngine/Common/DerivedDataCache/Buckets/MaterialShaderMap/ca/c0/a963cb64bf921a411cd9b4db3113285ffa4f.udd" 5263
"C:/Users/emanu/AppData/Local/UnrealEngine/Common/DerivedDataCache/Buckets/MaterialShaderMap/69/cf/a70c730bfbedc2e985214c2863cc1b51bb73.udd" 5264
"E:/Projects/EcoBots/Content/Assets/LUSH_StylizedEnvironmentSet/Meshes/Rocks/SM_Rock_03.uasset" 5265
"E:/Projects/EcoBots/Content/Assets/StackOBot/Environment/Materials/MI_Metal.uasset" 5266
"E:/Projects/EcoBots/Content/Assets/StackOBot/Environment/Materials/MI_Plastic.uasset" 5267
"E:/Projects/EcoBots/Content/Assets/LUSH_StylizedEnvironmentSet/Foliage/Grass/SMF_TinyGrass.uasset" 5268
"E:/Projects/EcoBots/Content/Assets/LUSH_StylizedEnvironmentSet/Foliage/Flowers/SMF_Flowers_A_01.uasset" 5269
"E:/Projects/EcoBots/Content/Assets/LUSH_StylizedEnvironmentSet/Foliage/Flowers/SMF_Flowers_B_01.uasset" 5270
"C:/Users/emanu/AppData/Local/UnrealEngine/Common/DerivedDataCache/Buckets/MaterialShaderMap/9a/de/448f008baf3771917a9accf58c98bed3e6a1.udd" 5271
"C:/Users/emanu/AppData/Local/UnrealEngine/Common/DerivedDataCache/Buckets/MaterialShaderMap/f6/90/24e8633fe6600244e0b9f3d273d1f55cd133.udd" 5272
"C:/Users/emanu/AppData/Local/UnrealEngine/Common/DerivedDataCache/Buckets/MaterialShaderMap/9d/df/e15fd8231f4cb78928dfabcac5b9921234e5.udd" 5273
"C:/Users/emanu/AppData/Local/UnrealEngine/Common/DerivedDataCache/Buckets/MaterialShaderMap/25/99/9f84b8c7c9317f006a26bd04484583590afe.udd" 5274
"E:/Projects/EcoBots/Content/Assets/LUSH_StylizedEnvironmentSet/Foliage/Flowers/SMF_Flowers_C_01.uasset" 5275
"C:/Users/emanu/AppData/Local/UnrealEngine/Common/DerivedDataCache/Buckets/MaterialShaderMap/fd/c1/3a773f59db05fd6943e231f7e56b6e36229d.udd" 5276
"C:/Users/emanu/AppData/Local/UnrealEngine/Common/DerivedDataCache/Buckets/MaterialShaderMap/d9/11/f22a9835ba4eff39ab8f064dad43ce114fd7.udd" 5277
"E:/Projects/EcoBots/Content/Assets/LUSH_StylizedEnvironmentSet/Foliage/Flowers/SMF_Flowers_D_01.uasset" 5278
"C:/Users/emanu/AppData/Local/UnrealEngine/Common/DerivedDataCache/Buckets/MaterialShaderMap/85/cb/b54dfa9737d5a7abe99c7f3931fab236b7c8.udd" 5279
"C:/Users/emanu/AppData/Local/UnrealEngine/Common/DerivedDataCache/Buckets/MaterialShaderMap/13/91/2a8f8c8ff0b6e79fc6a237c7534366131010.udd" 5280
"C:/Users/emanu/AppData/Local/UnrealEngine/Common/DerivedDataCache/Buckets/MaterialShaderMap/1a/a3/f6e344d95084a715773341286b3c9f319b34.udd" 5281
"C:/Users/emanu/AppData/Local/UnrealEngine/Common/DerivedDataCache/Buckets/MaterialShaderMap/d8/a6/c8a5e4dd60e03d4438459022cc3466aedc0f.udd" 5282
"E:/Projects/EcoBots/Content/Assets/LUSH_StylizedEnvironmentSet/Foliage/Trees/SMF_BananaTree_01.uasset" 5283
"E:/Projects/EcoBots/Content/Assets/LUSH_StylizedEnvironmentSet/Foliage/Trees/SMF_BananaTree_02.uasset" 5284
"E:/Projects/EcoBots/Content/Assets/LUSH_StylizedEnvironmentSet/Foliage/Trees/SMF_BananaTree_03.uasset" 5285
"E:/Projects/EcoBots/Content/Assets/LUSH_StylizedEnvironmentSet/Foliage/Trees/SMF_BananaTree_04.uasset" 5286
"E:/Projects/EcoBots/Content/Assets/LUSH_StylizedEnvironmentSet/Foliage/Trees/SMF_Palm_A_01.uasset" 5287
"E:/Projects/EcoBots/Content/Assets/LUSH_StylizedEnvironmentSet/Foliage/Trees/SMF_Palm_A_02.uasset" 5288
"E:/Projects/EcoBots/Content/Assets/LUSH_StylizedEnvironmentSet/Foliage/Trees/SMF_Palm_A_03.uasset" 5289
"E:/Projects/EcoBots/Content/Assets/LUSH_StylizedEnvironmentSet/Foliage/Trees/SMF_Palm_A_04.uasset" 5290
"E:/Projects/EcoBots/Content/Assets/LUSH_StylizedEnvironmentSet/Foliage/Trees/SMF_Palm_B_01.uasset" 5291
"E:/Projects/EcoBots/Content/Assets/LUSH_StylizedEnvironmentSet/Foliage/Trees/SMF_Palm_B_02.uasset" 5292
"E:/Projects/EcoBots/Content/Assets/LUSH_StylizedEnvironmentSet/Foliage/Trees/SMF_Palm_B_03.uasset" 5293
"E:/Projects/EcoBots/Content/Assets/LUSH_StylizedEnvironmentSet/Foliage/Trees/SMF_Palm_B_04.uasset" 5294
"E:/Projects/EcoBots/Content/Assets/LUSH_StylizedEnvironmentSet/Foliage/Plants/SMF_Plant_Taro_01.uasset" 5295
"C:/Users/emanu/AppData/Local/UnrealEngine/Common/DerivedDataCache/Buckets/MaterialShaderMap/40/0a/683196d4313eeadac3bdfc9ee5b6c39934fa.udd" 5296
"E:/Projects/EcoBots/Content/Assets/LUSH_StylizedEnvironmentSet/Foliage/Plants/SMF_Plant_Taro_02.uasset" 5297
"C:/Users/emanu/AppData/Local/UnrealEngine/Common/DerivedDataCache/Buckets/MaterialShaderMap/95/4e/6ca109b390f64ee893e88b11a83f0120ad4b.udd" 5298
"C:/Users/emanu/AppData/Local/UnrealEngine/Common/DerivedDataCache/Buckets/MaterialShaderMap/f7/60/0f5b6c60a577a02ea2ed38c1b56ae4f41938.udd" 5299
"C:/Users/emanu/AppData/Local/UnrealEngine/Common/DerivedDataCache/Buckets/MaterialShaderMap/4a/52/4d35b17e34c75735b0915b29abc277402a33.udd" 5300
"E:/Projects/EcoBots/Content/Assets/LUSH_StylizedEnvironmentSet/Foliage/GroundIvy/LG_GroundIvy.uasset" 5301
"E:/Projects/EcoBots/Content/Assets/StackOBot/Environment/Foilage/Meshes/SM_Bush.uasset" 5302
"E:/Projects/EcoBots/Content/Assets/StackOBot/Characters/Bot/Materials/MI_BotFaceWhite.uasset" 5303
"E:/Projects/EcoBots/Content/Assets/StackOBot/Characters/Bot/Materials/MI_BotFaceGreen.uasset" 5304
"E:/Projects/EcoBots/Content/Assets/StackOBot/Characters/Bot/Materials/MI_BotFaceLightBlue.uasset" 5305
"E:/Projects/EcoBots/Content/Assets/StackOBot/Characters/Bot/Materials/MI_BotFaceOrange.uasset" 5306
"E:/Projects/EcoBots/Content/Assets/StackOBot/Characters/Bot/Materials/MI_BotFacePink.uasset" 5307
"E:/Projects/EcoBots/Content/Assets/StackOBot/Characters/Bot/Materials/MI_BotFaceRed.uasset" 5308
"E:/Projects/EcoBots/Content/Assets/StackOBot/Characters/Bot/Materials/MI_BotFaceYellow.uasset" 5309
"E:/Projects/EcoBots/Content/Assets/StackOBot/Environment/Props/SM_SpawnPad_Ring.uasset" 5310
"E:/Projects/EcoBots/Content/Assets/LUSH_StylizedEnvironmentSet/Landscape/M_LND_Base.uasset" 5311
"E:/Projects/EcoBots/Content/Assets/StackOBot/Characters/Bot/Mesh/SKM_Bot.uasset" 5312
"E:/Projects/EcoBots/Content/Assets/LUSH_StylizedEnvironmentSet/Landscape/MI_LND_01.uasset" 5313
"../../../Engine/Content/EngineSounds/Submixes/MasterEQSubmixDefault.uasset" 5314
"../../../Engine/Content/EngineSounds/Submixes/MasterSubmixDefault.uasset" 5315
"../../../Engine/Content/EngineSounds/Submixes/MasterReverbSubmixDefault.uasset" 5316
"E:/Projects/EcoBots/Content/Blueprints/Audio/SC_Master.uasset" 5317
"E:/Projects/EcoBots/Content/Blueprints/Audio/SCM_Master.uasset" 5318
"E:/Projects/EcoBots/Content/Assets/media/wavs/woodenclick.uasset" 5319
"E:/Projects/EcoBots/Content/Assets/media/wavs/woodenhover.uasset" 5320
"E:/Projects/EcoBots/Content/Assets/media/wavs/Catastrophe.uasset" 5321
"E:/Projects/EcoBots/Content/Blueprints/Audio/MetaSounds/MS_Steps.uasset" 5322
"E:/Projects/EcoBots/Content/Assets/media/wavs/JetpackLoop.uasset" 5323
"E:/Projects/EcoBots/Content/Blueprints/Widgets/Menu/BP_GameOverWidget.uasset" 5324
"E:/Projects/EcoBots/Content/Blueprints/Widgets/InGame/BP_InventorySlotWidget.uasset" 5325
"E:/Projects/EcoBots/Content/Blueprints/Audio/MetaSounds/MS_Catastrophe.uasset" 5326
"E:/Projects/EcoBots/Content/Assets/StackOBot/Characters/Bot/Animations/A_Bot_Run.uasset" 5327
"E:/Projects/EcoBots/Content/Assets/StackOBot/Characters/Bot/Animations/A_Bot_Walk.uasset" 5328
"E:/Projects/EcoBots/Content/Blueprints/Audio/MetaSounds/MS_JetPack.uasset" 5329
"E:/Projects/EcoBots/Content/Blueprints/Widgets/InGame/BP_CraftWidget.uasset" 5330
"E:/Projects/EcoBots/Content/Blueprints/Widgets/InGame/BP_InventoryWidget.uasset" 5331
"E:/Projects/EcoBots/Content/Assets/StackOBot/Characters/Bot/Animations/A_Bot_Flying.uasset" 5332
"E:/Projects/EcoBots/Content/Blueprints/Characters/Anim/ABP_EcobotAnim.uasset" 5333
"E:/Projects/EcoBots/Content/Blueprints/Items/InventoryItems/BP_BatteryInventoryItem.uasset" 5334
"E:/Projects/EcoBots/Content/Blueprints/Items/BP_BatteryItem.uasset" 5335
"E:/Projects/EcoBots/Content/Blueprints/Spawners/BP_BatterySpawner.uasset" 5336
"E:/Projects/EcoBots/Content/Blueprints/LevelPieces/Terrains/BP_Terrain1.uasset" 5337
"E:/Projects/EcoBots/Content/Blueprints/LevelPieces/Terrains/BP_Terrain2.uasset" 5338
"E:/Projects/EcoBots/Content/Blueprints/LevelPieces/Terrains/BP_Terrain4.uasset" 5339
"E:/Projects/EcoBots/Content/Blueprints/Items/BP_RockItem.uasset" 5340
"E:/Projects/EcoBots/Content/Blueprints/Items/InventoryItems/BP_RockInventoryItem.uasset" 5341
"E:/Projects/EcoBots/Content/Blueprints/Interactables/BP_InteractableRock.uasset" 5342
"C:/Users/emanu/AppData/Local/UnrealEngine/Common/DerivedDataCache/Buckets/LegacyAudio/b1/97/abdcbef4c85f9496c669ae5e22569fa802f0.udd" 5343
"E:/Projects/EcoBots/Content/Blueprints/Items/BP_IronItem.uasset" 5344
"C:/Users/emanu/AppData/Local/UnrealEngine/Common/DerivedDataCache/Buckets/LegacySKELETALMESH/cd/08/4ff098e28afd4b7f91d8220381b45f7fd8eb.udd" 5345
"C:/Users/emanu/AppData/Local/UnrealEngine/Common/DerivedDataCache/Content/14/8e/95801dd9c3bbeacf043fce8712feb7da7f0c.udd" 5346
"C:/Users/emanu/AppData/Local/UnrealEngine/Common/DerivedDataCache/Buckets/BulkDataList/18/6c/8ba522ab0164cc3471360783fe48cb681559.udd" 5347
"C:/Users/emanu/AppData/Local/UnrealEngine/Common/DerivedDataCache/Buckets/BulkDataList/50/1e/5f41a8120803a892ed940d64dfc726a2f00d.udd" 5348
"E:/Projects/EcoBots/Content/Blueprints/Items/InventoryItems/BP_IronInventoryItem.uasset" 5349
"E:/Projects/EcoBots/Content/Blueprints/Interactables/BP_InteractableRock_2.uasset" 5350
"E:/Projects/EcoBots/Content/Blueprints/LevelPieces/BP_LevelPiece6.uasset" 5351
"C:/Users/emanu/AppData/Local/UnrealEngine/Common/DerivedDataCache/Buckets/BulkDataList/7f/69/be9292a6afd8978cdc4dab79df7fe6048c17.udd" 5352
"C:/Users/emanu/AppData/Local/UnrealEngine/Common/DerivedDataCache/Buckets/BulkDataList/4f/3f/b3adb682ee2cf471292713f4cf29a870e49c.udd" 5353
"E:/Projects/EcoBots/Content/Blueprints/Items/BP_WoodItem.uasset" 5354
"C:/Users/emanu/AppData/Local/UnrealEngine/Common/DerivedDataCache/Buckets/MaterialShaderMap/6f/fb/eb8aa8dc81f36645825b01c245b80e4d33e7.udd" 5355
"C:/Users/emanu/AppData/Local/UnrealEngine/Common/DerivedDataCache/Buckets/MaterialShaderMap/3b/49/ac19a2ba5b097244090f6428204d618a0e19.udd" 5356
"E:/Projects/EcoBots/Content/Blueprints/Items/InventoryItems/BP_WoodInventoryItem.uasset" 5357
"E:/Projects/EcoBots/Content/Blueprints/Interactables/BP_InteractableTree.uasset" 5358
"E:/Projects/EcoBots/Content/Blueprints/Craftables/CraftRecipes/BP_WoodPlateRecipe.uasset" 5359
"E:/Projects/EcoBots/Content/Blueprints/LevelPieces/BP_LevelPiece1.uasset" 5360
"E:/Projects/EcoBots/Content/Blueprints/LevelPieces/BP_LevelPiece5.uasset" 5361
"E:/Projects/EcoBots/Content/Blueprints/LevelPieces/BP_LevelPiece7.uasset" 5362
"E:/Projects/EcoBots/Content/Blueprints/LevelPieces/BP_LevelPiece8.uasset" 5363
"E:/Projects/EcoBots/Content/Blueprints/Items/BP_CoconutItem.uasset" 5364
"E:/Projects/EcoBots/Content/Blueprints/Items/InventoryItems/BP_CoconutInventoryItem.uasset" 5365
"E:/Projects/EcoBots/Content/Blueprints/Interactables/BP_InteractableTree_2.uasset" 5366
"E:/Projects/EcoBots/Content/Blueprints/LevelPieces/BP_LevelPiece2.uasset" 5367
"E:/Projects/EcoBots/Content/Blueprints/LevelPieces/BP_LevelPiece3.uasset" 5368
"E:/Projects/EcoBots/Content/Blueprints/LevelPieces/BP_LevelPiece9.uasset" 5369
"E:/Projects/EcoBots/Content/Blueprints/Widgets/InGame/BP_EcoBotWidget.uasset" 5370
"E:/Projects/EcoBots/Content/Blueprints/Widgets/InGame/BP_MainGameWidget.uasset" 5371
"E:/Projects/EcoBots/Content/Blueprints/Widgets/InGame/BP_PauseWidget.uasset" 5372
"E:/Projects/EcoBots/Content/Blueprints/Managers/BP_VillageSavingsManager.uasset" 5373
"E:/Projects/EcoBots/Content/Blueprints/LevelPieces/Terrains/BP_Terrain3.uasset" 5374
"E:/Projects/EcoBots/Content/Blueprints/Interactables/BP_Water.uasset" 5375
"E:/Projects/EcoBots/Content/Blueprints/Managers/BP_WorldCatastrophesManager.uasset" 5376
"E:/Projects/EcoBots/Content/Blueprints/Characters/Controllers/BP_EcoBotController.uasset" 5377
"E:/Projects/EcoBots/Content/Blueprints/LevelPieces/BP_LevelPiece4.uasset" 5378
"E:/Projects/EcoBots/Content/Blueprints/Gamemodes/BP_EcoBotGamemode.uasset" 5379
"E:/Projects/EcoBots/Content/Blueprints/Managers/BP_VillageGeneratorManager.uasset" 5380
"E:/Projects/EcoBots/Content/Levels/InGame/EcoBotGame.umap" 5381
"E:/Projects/EcoBots/Content/Levels/InGame/EcoBotGen.umap" 5382
"E:/Projects/EcoBots/Content/Blueprints/Widgets/Menu/BP_MainMenuWidget.uasset" 5383
"E:/Projects/EcoBots/Content/Blueprints/Widgets/Menu/BP_HowToWidget.uasset" 5384
"E:/Projects/EcoBots/Content/Blueprints/Widgets/Menu/BP_ControlsMenuWidget.uasset" 5385
"E:/Projects/EcoBots/Content/Blueprints/Widgets/Menu/BP_OptionsMenuWidget.uasset" 5386
"E:/Projects/EcoBots/Content/Blueprints/Widgets/Menu/BP_SelectSlotMenu.uasset" 5387
"E:/Projects/EcoBots/Content/Blueprints/Widgets/Menu/BP_NewGameWidget.uasset" 5388
"C:/Users/emanu/AppData/Local/UnrealEngine/Common/DerivedDataCache/Buckets/BulkDataList/02/bd/e258499838e5a9962f558b7adb8fd3141cfe.udd" 5389
"C:/Users/emanu/AppData/Local/UnrealEngine/Common/DerivedDataCache/Buckets/BulkDataList/14/7a/54482fab9421a36d897320ff16ef2717a7a5.udd" 5390
"E:/Projects/EcoBots/Content/Assets/LUSH_StylizedEnvironmentSet/Maps/DemoMap_sharedassets/GrassOnly_LayerInfo.uasset" 5391
"C:/Users/emanu/AppData/Local/UnrealEngine/Common/DerivedDataCache/Buckets/MaterialShaderMap/22/35/2162f8b2fd622999d265a8972ef544e0d94f.udd" 5392
"C:/Users/emanu/AppData/Local/UnrealEngine/Common/DerivedDataCache/Buckets/MaterialShaderMap/84/f2/308d08762a0f9a2fdf1f9752d792edd1ee74.udd" 5393
"C:/Users/emanu/AppData/Local/UnrealEngine/Common/DerivedDataCache/Buckets/MaterialShaderMap/4e/df/490496663c426fe5d2b7df50ab9ea7a8fd76.udd" 5394
"C:/Users/emanu/AppData/Local/UnrealEngine/Common/DerivedDataCache/Buckets/MaterialShaderMap/dd/a6/599c251bd1ad8fb888dc58d1254bd028e3ee.udd" 5395
"C:/Users/emanu/AppData/Local/UnrealEngine/Common/DerivedDataCache/Buckets/MaterialShaderMap/73/ce/261470f787068cc38372360fc09dce008853.udd" 5396
"C:/Users/emanu/AppData/Local/UnrealEngine/Common/DerivedDataCache/Buckets/MaterialShaderMap/b3/04/ad4ccc38c98054ddba43186a5a6fd01b4a8e.udd" 5397
"C:/Users/emanu/AppData/Local/UnrealEngine/Common/DerivedDataCache/Buckets/MaterialShaderMap/bb/bc/90616076933c520014779aa3169f40bdd8f0.udd" 5398
"C:/Users/emanu/AppData/Local/UnrealEngine/Common/DerivedDataCache/Buckets/MaterialShaderMap/c6/ce/e93c6cd927a85aa343e9bd1799a321ec70ef.udd" 5399
"C:/Users/emanu/AppData/Local/UnrealEngine/Common/DerivedDataCache/Buckets/MaterialShaderMap/fd/28/199671d1189dc5ffc5c4d82357b7f11c80a7.udd" 5400
"C:/Users/emanu/AppData/Local/UnrealEngine/Common/DerivedDataCache/Buckets/MaterialShaderMap/af/54/095a5965930b4f3f5117f581aa7652c1563e.udd" 5401
"C:/Users/emanu/AppData/Local/UnrealEngine/Common/DerivedDataCache/Buckets/MaterialShaderMap/35/5b/1127b1b9dca1323cc09a02909cff329a95fe.udd" 5402
"C:/Users/emanu/AppData/Local/UnrealEngine/Common/DerivedDataCache/Buckets/MaterialShaderMap/64/b4/321554078cfc16033c13b2de95be2cc6785d.udd" 5403
"C:/Users/emanu/AppData/Local/UnrealEngine/Common/DerivedDataCache/Buckets/MaterialShaderMap/6a/21/fea5962ae9ed8f7034900c67620e4a6702ec.udd" 5404
"C:/Users/emanu/AppData/Local/UnrealEngine/Common/DerivedDataCache/Buckets/MaterialShaderMap/7d/64/1505367683329fc525dbd9a20f07f5ace10b.udd" 5405
"C:/Users/emanu/AppData/Local/UnrealEngine/Common/DerivedDataCache/Buckets/MaterialShaderMap/6f/f2/f66a91233e341dd299b90f6fe25987b635ca.udd" 5406
"C:/Users/emanu/AppData/Local/UnrealEngine/Common/DerivedDataCache/Buckets/MaterialShaderMap/77/db/38cac2ffdd0375cb02dda36ce75c0910fedc.udd" 5407
"C:/Users/emanu/AppData/Local/UnrealEngine/Common/DerivedDataCache/Buckets/MaterialShaderMap/c1/08/b22262cbd170a7e4ffdd2b1d49f933973b14.udd" 5408
"C:/Users/emanu/AppData/Local/UnrealEngine/Common/DerivedDataCache/Buckets/MaterialShaderMap/8e/2e/f2022904cd6f02820d1769e4e8ff2bfa9b3a.udd" 5409
"C:/Users/emanu/AppData/Local/UnrealEngine/Common/DerivedDataCache/Buckets/MaterialShaderMap/d5/dc/5803ac40c40c34c9afad0660d7145edf7ab2.udd" 5410
"C:/Users/emanu/AppData/Local/UnrealEngine/Common/DerivedDataCache/Buckets/MaterialShaderMap/69/39/3a266cca0f8c2083f089eae8531be4e8c505.udd" 5411
"C:/Users/emanu/AppData/Local/UnrealEngine/Common/DerivedDataCache/Buckets/MaterialShaderMap/3c/94/069f61a865fe1f396e8f1c7628c50a84d943.udd" 5412
"C:/Users/emanu/AppData/Local/UnrealEngine/Common/DerivedDataCache/Buckets/MaterialShaderMap/2c/32/7f0b8ff80a4b7472d1c72c192f1a6dafe6b1.udd" 5413
"C:/Users/emanu/AppData/Local/UnrealEngine/Common/DerivedDataCache/Buckets/LegacyAudio/61/d8/3c841443299dd19b566215b7d9d1210d0b1f.udd" 5414
"C:/Users/emanu/AppData/Local/UnrealEngine/Common/DerivedDataCache/Content/76/9f/e9c536b827b6d7918d15f89860d587220f2d.udd" 5415
"C:/Users/emanu/AppData/Local/UnrealEngine/Common/DerivedDataCache/Buckets/LegacyAudio/d2/1c/34d9c1eeb4717d53214298e449dd8fd5f3d5.udd" 5416
"C:/Users/emanu/AppData/Local/UnrealEngine/Common/DerivedDataCache/Buckets/LegacyAudio/25/fb/9345d13dd5819ccfb01b198da90eabe1cd0c.udd" 5417
"C:/Users/emanu/AppData/Local/UnrealEngine/Common/DerivedDataCache/Content/9e/fd/a512ddc66da4c5768c59f81a27e29012365e.udd" 5418
"C:/Users/emanu/AppData/Local/UnrealEngine/Common/DerivedDataCache/Buckets/LegacyAudio/dc/f1/240e5c4767874b37fdea8fc4a51548fdd9fd.udd" 5419
"C:/Users/emanu/AppData/Local/UnrealEngine/Common/DerivedDataCache/Content/93/ff/7202530473e6d64bec899c3c065b377be133.udd" 5420
"C:/Users/emanu/AppData/Local/UnrealEngine/Common/DerivedDataCache/Content/43/73/120265002e50d5f2e0f084ad973bceec4060.udd" 5421
"C:/Users/emanu/AppData/Local/UnrealEngine/Common/DerivedDataCache/Buckets/LegacyAudio/45/5f/ec5ea59093550a575c6f6f95d203daf04e1e.udd" 5422
"C:/Users/emanu/AppData/Local/UnrealEngine/Common/DerivedDataCache/Content/ac/6b/1d45f299c43182090ea3f23fd98c6d923bd9.udd" 5423
"C:/Users/emanu/AppData/Local/UnrealEngine/Common/DerivedDataCache/Buckets/LegacyAudio/97/26/cd8f6e8cd6cac350054053bf252e85b96bcf.udd" 5424
"C:/Users/emanu/AppData/Local/UnrealEngine/Common/DerivedDataCache/Content/12/a8/c6c7914018c804261b5dcb4e06d60ab141d8.udd" 5425
"C:/Users/emanu/AppData/Local/UnrealEngine/Common/DerivedDataCache/Buckets/LegacyAudio/5f/06/c9e9171774a92ab15907db5dfd29593b4d56.udd" 5426
"C:/Users/emanu/AppData/Local/UnrealEngine/Common/DerivedDataCache/Content/e8/ad/492099d27576a850a636d62153460f871aea.udd" 5427
"C:/Users/emanu/AppData/Local/UnrealEngine/Common/DerivedDataCache/Buckets/LegacyAudio/cb/d4/37ac340048532110e285f9b51be455e6837b.udd" 5428
"C:/Users/emanu/AppData/Local/UnrealEngine/Common/DerivedDataCache/Content/4b/02/0628bbbdf32a608a6ddffe3ac81d4cc6948d.udd" 5429
"C:/Users/emanu/AppData/Local/UnrealEngine/Common/DerivedDataCache/Buckets/LegacyAudio/be/ea/57de7872b08698e606d1eb5618f83cc56fd0.udd" 5430
"C:/Users/emanu/AppData/Local/UnrealEngine/Common/DerivedDataCache/Content/ee/35/3aff1a32466f520f9a939dea7a5d424cbdff.udd" 5431
"C:/Users/emanu/AppData/Local/UnrealEngine/Common/DerivedDataCache/Buckets/LegacyAudio/85/cf/f410d56278d0bf326be525f539df9f18d47e.udd" 5432
"C:/Users/emanu/AppData/Local/UnrealEngine/Common/DerivedDataCache/Content/cf/78/65f664ce46754260406bf5a32107550432fc.udd" 5433
"C:/Users/emanu/AppData/Local/UnrealEngine/Common/DerivedDataCache/Buckets/LegacyAudio/77/0d/1e0d2d2b1205e557976d551b06da7fa26bfe.udd" 5434
"C:/Users/emanu/AppData/Local/UnrealEngine/Common/DerivedDataCache/Buckets/LegacyAudio/7a/5a/70817eb66f00458843a7d78963c613abf17c.udd" 5435
"C:/Users/emanu/AppData/Local/UnrealEngine/Common/DerivedDataCache/Buckets/LegacyAudio/67/af/aa09603a343a9570af30ee13495f3fc63577.udd" 5436
"C:/Users/emanu/AppData/Local/UnrealEngine/Common/DerivedDataCache/Buckets/LegacyAudio/e1/68/2747a7ff3188ebac87c0f1936ab389131bf6.udd" 5437
"C:/Users/emanu/AppData/Local/UnrealEngine/Common/DerivedDataCache/Buckets/StaticMesh/f7/35/1184ef85f699b60dbcfa17209830fffb31a8.udd" 5438
"C:/Users/emanu/AppData/Local/UnrealEngine/Common/DerivedDataCache/Buckets/AnimationSequence/aa/da/dc12bc607746a05820ef6ffe1646b363eeb0.udd" 5439
"C:/Users/emanu/AppData/Local/UnrealEngine/Common/DerivedDataCache/Buckets/LegacyDIST/1f/74/d328ea8f1cd2f14cad1afb4eb3f9203beaee.udd" 5440
"C:/Users/emanu/AppData/Local/UnrealEngine/Common/DerivedDataCache/Buckets/LegacyCARD/ef/90/97cf8a43fd807da8cb8b7d9526d000eb58bc.udd" 5441
"C:/Users/emanu/AppData/Local/UnrealEngine/Common/DerivedDataCache/Buckets/LegacyChaosGeometryData/86/6d/8912c07eff5e09fe749ea8ef0f936d81d686.udd" 5442
"C:/Users/emanu/AppData/Local/UnrealEngine/Common/DerivedDataCache/Buckets/LegacyNavCollision/61/96/7c2ecfe86cd3a26b99f30ff6b4e33342ddaa.udd" 5443
"C:/Users/emanu/AppData/Local/UnrealEngine/Common/DerivedDataCache/Buckets/StaticMesh/59/85/6d5e500abb13b48a1b7f52b314d641dcdf98.udd" 5444
"C:/Users/emanu/AppData/Local/UnrealEngine/Common/DerivedDataCache/Buckets/LegacyDIST/a2/78/1763f6b6458e396afa25a57ece14ed48f6ae.udd" 5445
"C:/Users/emanu/AppData/Local/UnrealEngine/Common/DerivedDataCache/Buckets/LegacyCARD/a7/77/81dd6da4e9719cbc9b291fcaef0ce786b9a7.udd" 5446
"C:/Users/emanu/AppData/Local/UnrealEngine/Common/DerivedDataCache/Buckets/LegacyNavCollision/48/a7/eabda881d642d62c27fb64dbddf114a31df0.udd" 5447
"C:/Users/emanu/AppData/Local/UnrealEngine/Common/DerivedDataCache/Buckets/StaticMesh/4f/23/9ece06ef55440799642761897e8625faeea4.udd" 5448
"C:/Users/emanu/AppData/Local/UnrealEngine/Common/DerivedDataCache/Buckets/LegacyDIST/0c/45/b389d0dcb70b87007c25613dba0fba62eb43.udd" 5449
"C:/Users/emanu/AppData/Local/UnrealEngine/Common/DerivedDataCache/Buckets/LegacyCARD/3c/6b/652dae07e5cde6f5742c8e08402a919e06dd.udd" 5450
"C:/Users/emanu/AppData/Local/UnrealEngine/Common/DerivedDataCache/Buckets/LegacyChaosGeometryData/87/0a/669e5d76c5666c95e57fc870f2c407bb255b.udd" 5451
"C:/Users/emanu/AppData/Local/UnrealEngine/Common/DerivedDataCache/Buckets/LegacyNavCollision/38/5a/07e66afdba09a31d4c03d1395079ba88ae95.udd" 5452
"C:/Users/emanu/AppData/Local/UnrealEngine/Common/DerivedDataCache/Buckets/StaticMesh/e1/8b/dd619574a5633f5c11875c3c5943b37aa819.udd" 5453
"C:/Users/emanu/AppData/Local/UnrealEngine/Common/DerivedDataCache/Buckets/LegacyDIST/e1/bb/da0a5e17aaaba2398a468b8cb12dd1397979.udd" 5454
"C:/Users/emanu/AppData/Local/UnrealEngine/Common/DerivedDataCache/Buckets/LegacyCARD/4a/89/cd2f6700ed8e7122e597a1121082323b6fc7.udd" 5455
"C:/Users/emanu/AppData/Local/UnrealEngine/Common/DerivedDataCache/Buckets/LegacyNavCollision/46/31/4920f35ddb881c53b3d3b25e3e7a59b77a5d.udd" 5456
"C:/Users/emanu/AppData/Local/UnrealEngine/Common/DerivedDataCache/Buckets/StaticMesh/ce/89/5b4d4d66b262b09dfd2917673ce159275876.udd" 5457
"C:/Users/emanu/AppData/Local/UnrealEngine/Common/DerivedDataCache/Buckets/LegacyDIST/90/2e/f93a8540f9d4fed90336f9d3ac6162c4aff8.udd" 5458
"C:/Users/emanu/AppData/Local/UnrealEngine/Common/DerivedDataCache/Buckets/LegacyCARD/50/6d/030c7ccaba4d6c2b40d50b6db5833742f1fd.udd" 5459
"C:/Users/emanu/AppData/Local/UnrealEngine/Common/DerivedDataCache/Buckets/AnimationSequence/2a/2b/748a9bc9f8ad8fce8430f1ca2491ae514add.udd" 5460
"C:/Users/emanu/AppData/Local/UnrealEngine/Common/DerivedDataCache/Buckets/AnimationSequence/b6/28/7dc3204d4a9169048555955adf12496e4c5f.udd" 5461
"C:/Users/emanu/AppData/Local/UnrealEngine/Common/DerivedDataCache/Buckets/AnimationSequence/07/1c/a70b79d9d1af80876eb82d650346305115ff.udd" 5462
"C:/Users/emanu/AppData/Local/UnrealEngine/Common/DerivedDataCache/Buckets/AnimationSequence/65/67/2b905f1529bce1b3a786c6c535364cad513c.udd" 5463
"C:/Users/emanu/AppData/Local/UnrealEngine/Common/DerivedDataCache/Buckets/LegacyNavCollision/d3/2f/d7699283e939b94eca0b0265382f2f89d591.udd" 5464
"C:/Users/emanu/AppData/Local/UnrealEngine/Common/DerivedDataCache/Buckets/AnimationSequence/ed/75/8335107e0a79f9c3c254a9caa9059ae493f3.udd" 5465
"C:/Users/emanu/AppData/Local/UnrealEngine/Common/DerivedDataCache/Buckets/AnimationSequence/cc/8c/58daab9d140a8c17ee5c8c1c31c7d199920d.udd" 5466
"C:/Users/emanu/AppData/Local/UnrealEngine/Common/DerivedDataCache/Buckets/AnimationSequence/4c/5e/00efe681e92903aadecb518438d74f3bdc03.udd" 5467
"C:/Users/emanu/AppData/Local/UnrealEngine/Common/DerivedDataCache/Buckets/LegacyTEXTURE/02/2a/e23022662d34a4f5b37b180316b9ccdc7a9f.udd" 5468
"C:/Users/emanu/AppData/Local/UnrealEngine/Common/DerivedDataCache/Buckets/LegacyTEXTURE/ed/e0/45fa7ed00fa14718d2ea4ef89e3b42fd37f3.udd" 5469
"C:/Users/emanu/AppData/Local/UnrealEngine/Common/DerivedDataCache/Buckets/LegacyTEXTURE/f0/05/977ee9a5ee3fe25bc6608c7593fcac71965a.udd" 5470
"C:/Users/emanu/AppData/Local/UnrealEngine/Common/DerivedDataCache/Buckets/LegacyTEXTURE/85/79/c45a172d229cdaab4fccf9a8802e9bdc1b0f.udd" 5471
"C:/Users/emanu/AppData/Local/UnrealEngine/Common/DerivedDataCache/Buckets/LegacyTEXTURE/3f/b7/52fc578ada82914bc5c543400e69b42798fc.udd" 5472
"C:/Users/emanu/AppData/Local/UnrealEngine/Common/DerivedDataCache/Buckets/LegacyTEXTURE/2b/60/3393b2b83c7cccbf89dc35f1ecd5fcb6b588.udd" 5473
"C:/Users/emanu/AppData/Local/UnrealEngine/Common/DerivedDataCache/Buckets/LegacyTEXTURE/ed/9f/3a342372a2286b66a6ac9c92fe275c808cb9.udd" 5474
"C:/Users/emanu/AppData/Local/UnrealEngine/Common/DerivedDataCache/Buckets/StaticMesh/d4/6a/c6b819ef78795721ec1f508b0695f995baae.udd" 5475
"C:/Users/emanu/AppData/Local/UnrealEngine/Common/DerivedDataCache/Buckets/LegacyDIST/04/31/4edb3bb22e0b623711dbec734580f17ae82d.udd" 5476
"C:/Users/emanu/AppData/Local/UnrealEngine/Common/DerivedDataCache/Buckets/LegacyCARD/f0/76/7484c69b63ed52039d4594a1a42063342cae.udd" 5477
"C:/Users/emanu/AppData/Local/UnrealEngine/Common/DerivedDataCache/Buckets/StaticMesh/9e/1f/499d46e238ff6c5d31ceea07f48b85251438.udd" 5478
"C:/Users/emanu/AppData/Local/UnrealEngine/Common/DerivedDataCache/Buckets/LegacyNavCollision/67/8b/aa24f026beb40f1ab1b020cd8728ef30185d.udd" 5479
"C:/Users/emanu/AppData/Local/UnrealEngine/Common/DerivedDataCache/Buckets/StaticMesh/16/58/3cbdfb609e2edcc111e7baa9299ef395f512.udd" 5480
"C:/Users/emanu/AppData/Local/UnrealEngine/Common/DerivedDataCache/Buckets/LegacyDIST/07/d1/36981d44e2f8ddef981c9cc254fbad508d71.udd" 5481
"C:/Users/emanu/AppData/Local/UnrealEngine/Common/DerivedDataCache/Buckets/LegacyDIST/be/5f/114142e5213b5dcd7bf2fdccda846af075a9.udd" 5482
"C:/Users/emanu/AppData/Local/UnrealEngine/Common/DerivedDataCache/Buckets/LegacyCARD/c7/c4/32e3005d5bc6be8abc8533bba566fddb8490.udd" 5483
"C:/Users/emanu/AppData/Local/UnrealEngine/Common/DerivedDataCache/Buckets/LegacyNavCollision/99/0f/9c3248ddf3a3400fda69345fa722448689c3.udd" 5484
"C:/Users/emanu/AppData/Local/UnrealEngine/Common/DerivedDataCache/Buckets/LegacyCARD/2b/d9/7153547eb23e553710176d92a632f7384d6d.udd" 5485
"C:/Users/emanu/AppData/Local/UnrealEngine/Common/DerivedDataCache/Buckets/StaticMesh/7a/b9/e89bf6eadccfa8e79923dfaa3d97e85534a6.udd" 5486
"C:/Users/emanu/AppData/Local/UnrealEngine/Common/DerivedDataCache/Buckets/LegacyDIST/14/d3/e29a83ebbb622989b19710272755ddb77a39.udd" 5487
"C:/Users/emanu/AppData/Local/UnrealEngine/Common/DerivedDataCache/Buckets/LegacyNavCollision/f7/4f/d2528c1304ebed1ec1f3d9c435b61dc743c6.udd" 5488
"C:/Users/emanu/AppData/Local/UnrealEngine/Common/DerivedDataCache/Buckets/LegacyCARD/9b/17/fac34f53264cbc45dc1b073afac0126ffea2.udd" 5489
"C:/Users/emanu/AppData/Local/UnrealEngine/Common/DerivedDataCache/Buckets/StaticMesh/b4/a5/4d59afc8a08f7a48a7187ff0e516b203d21d.udd" 5490
"C:/Users/emanu/AppData/Local/UnrealEngine/Common/DerivedDataCache/Buckets/LegacyDIST/65/80/0487b1593d94db6c5962c09d45d292e1510b.udd" 5491
"C:/Users/emanu/AppData/Local/UnrealEngine/Common/DerivedDataCache/Buckets/LegacyNavCollision/18/bd/6f94d3e0c076782b4f1e0eebc9cdc60f8fc6.udd" 5492
"C:/Users/emanu/AppData/Local/UnrealEngine/Common/DerivedDataCache/Buckets/StaticMesh/79/01/e53ddfaf9ea67a1c855d054b5244f3d1d7a7.udd" 5493
"C:/Users/emanu/AppData/Local/UnrealEngine/Common/DerivedDataCache/Buckets/LegacyDIST/76/0e/d247935a5737f3cf52db44aba75c57cba5e4.udd" 5494
"C:/Users/emanu/AppData/Local/UnrealEngine/Common/DerivedDataCache/Buckets/LegacyCARD/f2/3a/881078d5193b7784002093bf428eaffec31c.udd" 5495
"C:/Users/emanu/AppData/Local/UnrealEngine/Common/DerivedDataCache/Buckets/LegacyCARD/5c/80/5eb31881b669a62903eb460a8d03f90e6107.udd" 5496
"C:/Users/emanu/AppData/Local/UnrealEngine/Common/DerivedDataCache/Buckets/LegacyNavCollision/4b/58/da412f4f44a6112f1dd6bc96bc86934fc101.udd" 5497
"C:/Users/emanu/AppData/Local/UnrealEngine/Common/DerivedDataCache/Buckets/LegacyNavCollision/30/cb/bdd5cef13e740409e4f132956322afcff45a.udd" 5498
"C:/Users/emanu/AppData/Local/UnrealEngine/Common/DerivedDataCache/Buckets/StaticMesh/b0/2e/016c973f541bf7a85a76f8360130046992d1.udd" 5499
"C:/Users/emanu/AppData/Local/UnrealEngine/Common/DerivedDataCache/Buckets/StaticMesh/d4/a5/26e4b1b94ea31566b70f8ddf61c4ac9ee049.udd" 5500
"C:/Users/emanu/AppData/Local/UnrealEngine/Common/DerivedDataCache/Buckets/LegacyDIST/28/55/1a958978569b3b57f3d178fc49b38cbc3594.udd" 5501
"C:/Users/emanu/AppData/Local/UnrealEngine/Common/DerivedDataCache/Buckets/LegacyDIST/12/40/c9962de7dcf7f2f11fbd758ebe3d068ec657.udd" 5502
"C:/Users/emanu/AppData/Local/UnrealEngine/Common/DerivedDataCache/Buckets/LegacyCARD/3b/13/f6c8f70ae0a1cc609d46fd74e07571f11ae6.udd" 5503
"C:/Users/emanu/AppData/Local/UnrealEngine/Common/DerivedDataCache/Buckets/LegacyCARD/37/7a/bcb5e97c08239fabf68e960fa974f3fe2101.udd" 5504
"C:/Users/emanu/AppData/Local/UnrealEngine/Common/DerivedDataCache/Buckets/LegacyNavCollision/da/10/9d380140fef5e6960d5d08ef5662f3fccd20.udd" 5505
"C:/Users/emanu/AppData/Local/UnrealEngine/Common/DerivedDataCache/Buckets/LegacyNavCollision/7a/6a/b325dc6e702306eb3d2356ba04bb32050cea.udd" 5506
"C:/Users/emanu/AppData/Local/UnrealEngine/Common/DerivedDataCache/Buckets/StaticMesh/f5/97/167dddb7b1b7ad92e63b53666483545e555e.udd" 5507
"C:/Users/emanu/AppData/Local/UnrealEngine/Common/DerivedDataCache/Buckets/StaticMesh/f1/b6/f6fc92cbbaa7b0ca399a90d6c173f1a387ba.udd" 5508
"C:/Users/emanu/AppData/Local/UnrealEngine/Common/DerivedDataCache/Buckets/LegacyDIST/79/18/9c71b8a2edb01a9999e867dae6a0be81ccd0.udd" 5509
"C:/Users/emanu/AppData/Local/UnrealEngine/Common/DerivedDataCache/Buckets/LegacyDIST/b1/01/653743cc983aba998d2e69c4aa0e725d83b4.udd" 5510
"C:/Users/emanu/AppData/Local/UnrealEngine/Common/DerivedDataCache/Buckets/LegacyCARD/ee/27/c875ebf67d9d7afdfaf0cc110bdb4b568042.udd" 5511
"C:/Users/emanu/AppData/Local/UnrealEngine/Common/DerivedDataCache/Buckets/LegacyCARD/df/56/14f2c6f79e4b3afa4291892377cd872f62f3.udd" 5512
"C:/Users/emanu/AppData/Local/UnrealEngine/Common/DerivedDataCache/Buckets/LegacyNavCollision/f2/cb/8c7c05659492837d5c2388a720a518da1419.udd" 5513
"C:/Users/emanu/AppData/Local/UnrealEngine/Common/DerivedDataCache/Buckets/LegacyNavCollision/cd/6e/67bd9aec48d8410297bfa80f44b2dd515b5a.udd" 5514
"C:/Users/emanu/AppData/Local/UnrealEngine/Common/DerivedDataCache/Buckets/StaticMesh/35/71/c5d1a26183c598c5b6ad3ed5715b3c56d7a7.udd" 5515
"C:/Users/emanu/AppData/Local/UnrealEngine/Common/DerivedDataCache/Buckets/LegacyDIST/f0/87/2ade4ed43c5aa919bb442d6cee78b621fa00.udd" 5516
"C:/Users/emanu/AppData/Local/UnrealEngine/Common/DerivedDataCache/Buckets/StaticMesh/09/af/95c66db422c1642f23a85208289f63efb07f.udd" 5517
"C:/Users/emanu/AppData/Local/UnrealEngine/Common/DerivedDataCache/Content/ad/a5/585adbf328a805a783d9dda150050f4e7eee.udd" 5518
"C:/Users/emanu/AppData/Local/UnrealEngine/Common/DerivedDataCache/Buckets/LegacyCARD/c5/9d/fa61823747696b97d57445a93f3302739dbf.udd" 5519
"C:/Users/emanu/AppData/Local/UnrealEngine/Common/DerivedDataCache/Buckets/LegacyNavCollision/27/5d/b8b714b32e3bab759fbcb62385fa19beb5d1.udd" 5520
"C:/Users/emanu/AppData/Local/UnrealEngine/Common/DerivedDataCache/Buckets/StaticMesh/7b/e9/e6c419fa9508850aa1991632d2cd1b31d788.udd" 5521
"C:/Users/emanu/AppData/Local/UnrealEngine/Common/DerivedDataCache/Buckets/LegacyDIST/79/a3/9ef62735302220e76d4d96053e56558e03af.udd" 5522
"C:/Users/emanu/AppData/Local/UnrealEngine/Common/DerivedDataCache/Buckets/LegacyCARD/0b/d8/08a6fb85ef5f1523042ce24e123eee76253b.udd" 5523
"C:/Users/emanu/AppData/Local/UnrealEngine/Common/DerivedDataCache/Buckets/LegacyDIST/af/2d/f965b560c56cdd22ef986e0162071c3c6b24.udd" 5524
"C:/Users/emanu/AppData/Local/UnrealEngine/Common/DerivedDataCache/Buckets/LegacyCARD/97/0d/06e882b6fc74ecaf141bad4fc06b9964d726.udd" 5525
"C:/Users/emanu/AppData/Local/UnrealEngine/Common/DerivedDataCache/Buckets/LegacyNavCollision/08/7c/8cc3c106b9698d38f9f3e902e0e007e0e1b2.udd" 5526
"C:/Users/emanu/AppData/Local/UnrealEngine/Common/DerivedDataCache/Buckets/LegacyChaosGeometryData/3b/e2/b0ac33d3b64919f9a189794e70b25a1e0c20.udd" 5527
"C:/Users/emanu/AppData/Local/UnrealEngine/Common/DerivedDataCache/Buckets/StaticMesh/2d/ff/3621ead1bd1cc65064a5059a2a247b0e686c.udd" 5528
"C:/Users/emanu/AppData/Local/UnrealEngine/Common/DerivedDataCache/Buckets/LegacyDIST/5c/a6/e00cb5d7c30bdce527ef72fd8266c90207a2.udd" 5529
"C:/Users/emanu/AppData/Local/UnrealEngine/Common/DerivedDataCache/Buckets/LegacyCARD/42/c4/916feb58a445965581b07a5622c0b7fa2379.udd" 5530
"C:/Users/emanu/AppData/Local/UnrealEngine/Common/DerivedDataCache/Buckets/LegacyNavCollision/d6/d4/02b26ceedf1682afb95a7512bf8cb04f3dad.udd" 5531
"C:/Users/emanu/AppData/Local/UnrealEngine/Common/DerivedDataCache/Buckets/StaticMesh/4f/23/27516ea7b883efab9b768022eafc857dab07.udd" 5532
"C:/Users/emanu/AppData/Local/UnrealEngine/Common/DerivedDataCache/Buckets/LegacyDIST/4d/ca/fd7a3cfed947386daa4b12bab4fdee33018d.udd" 5533
"C:/Users/emanu/AppData/Local/UnrealEngine/Common/DerivedDataCache/Buckets/LegacyCARD/0f/70/d8a65a66da4f124788eceb20512919398aea.udd" 5534
"C:/Users/emanu/AppData/Local/UnrealEngine/Common/DerivedDataCache/Buckets/LegacyNavCollision/94/ee/5d40e7dadfc653e8144648a49d7f21cd9061.udd" 5535
"C:/Users/emanu/AppData/Local/UnrealEngine/Common/DerivedDataCache/Buckets/StaticMesh/62/ee/4a8812d7ba2026a55dacdf07d92cd331c98b.udd" 5536
"C:/Users/emanu/AppData/Local/UnrealEngine/Common/DerivedDataCache/Buckets/LegacyDIST/65/2c/77fe66fe3c2ce678e7b9edab81f95da78135.udd" 5537
"C:/Users/emanu/AppData/Local/UnrealEngine/Common/DerivedDataCache/Buckets/LegacyCARD/a6/3b/cbc7df0bcc939932b51f1a9370108b061b62.udd" 5538
"C:/Users/emanu/AppData/Local/UnrealEngine/Common/DerivedDataCache/Buckets/LegacyNavCollision/54/e5/9d6fb93d2db4f2cdfda79991881b30583667.udd" 5539
"C:/Users/emanu/AppData/Local/UnrealEngine/Common/DerivedDataCache/Buckets/StaticMesh/f1/2b/66193c7485f836cf3bfb2c5937c76ce445c3.udd" 5540
"C:/Users/emanu/AppData/Local/UnrealEngine/Common/DerivedDataCache/Buckets/LegacyNavCollision/45/1c/4aca2fcbaa0080d31191521fe5accac90b6c.udd" 5541
"C:/Users/emanu/AppData/Local/UnrealEngine/Common/DerivedDataCache/Buckets/LegacyDIST/2c/27/474c6af781b1131ea63eacd2abeb3c58d559.udd" 5542
"C:/Users/emanu/AppData/Local/UnrealEngine/Common/DerivedDataCache/Buckets/LegacyCARD/29/91/9675b325ddafa87af952c3d15aa9daa07247.udd" 5543
"C:/Users/emanu/AppData/Local/UnrealEngine/Common/DerivedDataCache/Buckets/LegacyNavCollision/20/e7/8ce2169492d886d26a3ad4614720a0204f3a.udd" 5544
"C:/Users/emanu/AppData/Local/UnrealEngine/Common/DerivedDataCache/Buckets/StaticMesh/43/50/10b543a414bf73d3cdc8ba9141359263962f.udd" 5545
"C:/Users/emanu/AppData/Local/UnrealEngine/Common/DerivedDataCache/Buckets/LegacyDIST/f3/c8/9fa427795ab1b816c9583b26e2d5289631cf.udd" 5546
"C:/Users/emanu/AppData/Local/UnrealEngine/Common/DerivedDataCache/Buckets/StaticMesh/ca/36/65018f621bcc64992e2e2477118adc995a0f.udd" 5547
"C:/Users/emanu/AppData/Local/UnrealEngine/Common/DerivedDataCache/Buckets/LegacyCARD/ff/40/1151188409b2b8f98cfd082d4ef990f6b945.udd" 5548
"C:/Users/emanu/AppData/Local/UnrealEngine/Common/DerivedDataCache/Buckets/LegacyDIST/b7/46/0e9426890137467f0fcd2c365dc5d4a541c0.udd" 5549
"C:/Users/emanu/AppData/Local/UnrealEngine/Common/DerivedDataCache/Buckets/LegacyNavCollision/d2/83/4ce3cf6ee4a393d4f57303bbe2f572c5afcf.udd" 5550
"C:/Users/emanu/AppData/Local/UnrealEngine/Common/DerivedDataCache/Buckets/LegacyCARD/16/0b/6ddfb473e733e1fd56851d00ba6dfc3a6fa2.udd" 5551
"C:/Users/emanu/AppData/Local/UnrealEngine/Common/DerivedDataCache/Buckets/StaticMesh/b0/72/8359edaf51e917a78bc57d9fcf7998057b72.udd" 5552
"C:/Users/emanu/AppData/Local/UnrealEngine/Common/DerivedDataCache/Buckets/LegacyDIST/18/5c/8fcfd74e0b1b6427d6930f4a3a1e35cedb9e.udd" 5553
"C:/Users/emanu/AppData/Local/UnrealEngine/Common/DerivedDataCache/Buckets/LegacyNavCollision/e2/8a/f1d9b427fc098d705808ade7636cd960f9d8.udd" 5554
"C:/Users/emanu/AppData/Local/UnrealEngine/Common/DerivedDataCache/Buckets/StaticMesh/7a/d6/4d0b1cc724535607885fbc58ce51ef321a1e.udd" 5555
"C:/Users/emanu/AppData/Local/UnrealEngine/Common/DerivedDataCache/Buckets/LegacyCARD/12/79/b08e401c6c3ac046816435242ca907c809b9.udd" 5556
"C:/Users/emanu/AppData/Local/UnrealEngine/Common/DerivedDataCache/Buckets/LegacyDIST/7d/d3/7aa20a21a5e37b88e3ca48ddc2b49ec5917f.udd" 5557
"C:/Users/emanu/AppData/Local/UnrealEngine/Common/DerivedDataCache/Buckets/LegacyNavCollision/e0/84/fde0b9ed0d2ba5618afd06dca6415fcf4461.udd" 5558
"C:/Users/emanu/AppData/Local/UnrealEngine/Common/DerivedDataCache/Buckets/StaticMesh/88/c5/68d6df4af20189fc66ea5d5cb305473b8815.udd" 5559
"C:/Users/emanu/AppData/Local/UnrealEngine/Common/DerivedDataCache/Buckets/LegacyCARD/23/a5/962999de90ba9fbb06cfaaa714be80faf8a8.udd" 5560
"C:/Users/emanu/AppData/Local/UnrealEngine/Common/DerivedDataCache/Buckets/LegacyDIST/3a/2f/7c881ed80d6111f6db7fd465d2922c0d54fc.udd" 5561
"C:/Users/emanu/AppData/Local/UnrealEngine/Common/DerivedDataCache/Buckets/LegacyNavCollision/3e/bf/6b45367855aed87f3cef62465ef9bf630066.udd" 5562
"C:/Users/emanu/AppData/Local/UnrealEngine/Common/DerivedDataCache/Buckets/StaticMesh/39/63/9a54ae95564d6dc6b1d57e05c7fbc84030a7.udd" 5563
"C:/Users/emanu/AppData/Local/UnrealEngine/Common/DerivedDataCache/Buckets/LegacyDIST/38/45/1a9942c0fb13e302f08987ac71c4876d0a12.udd" 5564
"C:/Users/emanu/AppData/Local/UnrealEngine/Common/DerivedDataCache/Buckets/LegacyCARD/a2/7d/a87c1d5208476e2855643ae6df284c7b10d3.udd" 5565
"C:/Users/emanu/AppData/Local/UnrealEngine/Common/DerivedDataCache/Buckets/LegacyNavCollision/78/6f/7960fd9332696a0a98c7986f6c62fa907d2e.udd" 5566
"C:/Users/emanu/AppData/Local/UnrealEngine/Common/DerivedDataCache/Buckets/LegacyCARD/16/77/d4027ed8fa9861d2337d12c617e0fc3fa02b.udd" 5567
"C:/Users/emanu/AppData/Local/UnrealEngine/Common/DerivedDataCache/Buckets/StaticMesh/b1/38/4aa746a435f5ac89636318c02bf4c34c7764.udd" 5568
"C:/Users/emanu/AppData/Local/UnrealEngine/Common/DerivedDataCache/Buckets/LegacyNavCollision/92/c0/47597339752203c75e6b1c49571725be490a.udd" 5569
"C:/Users/emanu/AppData/Local/UnrealEngine/Common/DerivedDataCache/Buckets/LegacyDIST/d6/83/546bcabd034067c108e0f834644e16865fc8.udd" 5570
"C:/Users/emanu/AppData/Local/UnrealEngine/Common/DerivedDataCache/Buckets/StaticMesh/0a/e3/ffc7a8f2357262c3a69e355bfaa8bb9c592f.udd" 5571
"C:/Users/emanu/AppData/Local/UnrealEngine/Common/DerivedDataCache/Buckets/LegacyDIST/c7/7f/d820e57f72fc34e7efe75ca7cc4156310770.udd" 5572
"C:/Users/emanu/AppData/Local/UnrealEngine/Common/DerivedDataCache/Buckets/LegacyCARD/a5/95/f39ed252d8da4a11da15e39504b465da0a8f.udd" 5573
"C:/Users/emanu/AppData/Local/UnrealEngine/Common/DerivedDataCache/Buckets/LegacyCARD/8d/73/40b985466d01571ce98128948e6c9a1cf125.udd" 5574
"C:/Users/emanu/AppData/Local/UnrealEngine/Common/DerivedDataCache/Buckets/LegacyNavCollision/4c/fd/8cd509976c9581fb84b1f5c02f3946260750.udd" 5575
"C:/Users/emanu/AppData/Local/UnrealEngine/Common/DerivedDataCache/Buckets/StaticMesh/7a/b0/4c2c73ab9c32d6b3b319a779a6a4b34af217.udd" 5576
"C:/Users/emanu/AppData/Local/UnrealEngine/Common/DerivedDataCache/Buckets/LegacyNavCollision/f1/44/4903f7b15095f2fd4e288808080ac67ae9ca.udd" 5577
"C:/Users/emanu/AppData/Local/UnrealEngine/Common/DerivedDataCache/Buckets/LegacyDIST/10/66/03cc772f7c7519b3a65df7d5fbaa0208ca49.udd" 5578
"C:/Users/emanu/AppData/Local/UnrealEngine/Common/DerivedDataCache/Buckets/StaticMesh/49/0a/58f42ca84a8fc516d2d5c8469ba80a989f66.udd" 5579
"C:/Users/emanu/AppData/Local/UnrealEngine/Common/DerivedDataCache/Buckets/LegacyDIST/99/e8/0d2aa49c2a1b55241c77e7527b4432045c53.udd" 5580
"C:/Users/emanu/AppData/Local/UnrealEngine/Common/DerivedDataCache/Buckets/LegacyCARD/10/b7/abc8e977e5cacca34d20f0c5ded80f3205fc.udd" 5581
"C:/Users/emanu/AppData/Local/UnrealEngine/Common/DerivedDataCache/Buckets/LegacyCARD/01/0e/1ad9412708185cf1c2523cb9b02b53a0d2b8.udd" 5582
"C:/Users/emanu/AppData/Local/UnrealEngine/Common/DerivedDataCache/Buckets/LegacyNavCollision/d4/62/80e82562bdff2e2a98178719099edf6761d1.udd" 5583
"C:/Users/emanu/AppData/Local/UnrealEngine/Common/DerivedDataCache/Buckets/StaticMesh/dd/4e/ad797ca4d2896d4225ccc441b9165c96bd56.udd" 5584
"C:/Users/emanu/AppData/Local/UnrealEngine/Common/DerivedDataCache/Buckets/LegacyNavCollision/24/2c/d0f68ddd85b516cc96fa892b5cebc0061b30.udd" 5585
"C:/Users/emanu/AppData/Local/UnrealEngine/Common/DerivedDataCache/Buckets/LegacyDIST/f1/66/f30b7ab55abfbf50c2d1a4f993c1914529fd.udd" 5586
"C:/Users/emanu/AppData/Local/UnrealEngine/Common/DerivedDataCache/Buckets/StaticMesh/58/b4/7324b65f868fdb6debed7adf392dadfacb3b.udd" 5587
"C:/Users/emanu/AppData/Local/UnrealEngine/Common/DerivedDataCache/Buckets/LegacyDIST/d3/42/892ee0c532df5c864118245957e12f467ea9.udd" 5588
"C:/Users/emanu/AppData/Local/UnrealEngine/Common/DerivedDataCache/Buckets/LegacyCARD/ae/7a/6eae53766520a57649ec47eeebdb5fa6370c.udd" 5589
"C:/Users/emanu/AppData/Local/UnrealEngine/Common/DerivedDataCache/Buckets/LegacyNavCollision/7e/6d/2f97cca0e1511f575e1fb246eb785a3f74d8.udd" 5590
"C:/Users/emanu/AppData/Local/UnrealEngine/Common/DerivedDataCache/Buckets/LegacyCARD/a7/db/00bde676ffbcf98d2ddb663d6e4614077b66.udd" 5591
"C:/Users/emanu/AppData/Local/UnrealEngine/Common/DerivedDataCache/Buckets/StaticMesh/6c/a8/94733e86f3dc76727655387233c8caaeb57e.udd" 5592
"C:/Users/emanu/AppData/Local/UnrealEngine/Common/DerivedDataCache/Buckets/LegacyDIST/10/6b/80f47295d845291ef01dc5f5597e533981ad.udd" 5593
"C:/Users/emanu/AppData/Local/UnrealEngine/Common/DerivedDataCache/Buckets/LegacyNavCollision/27/08/37cf5613b70a0299936a1650465a2c9f5293.udd" 5594
"C:/Users/emanu/AppData/Local/UnrealEngine/Common/DerivedDataCache/Buckets/StaticMesh/66/f3/0f6dd9cf35ad2fb91db6852014ee3ee48c81.udd" 5595
"C:/Users/emanu/AppData/Local/UnrealEngine/Common/DerivedDataCache/Buckets/LegacyCARD/d3/e9/781bd18ff0aede43d2da889e3420300f39c9.udd" 5596
"C:/Users/emanu/AppData/Local/UnrealEngine/Common/DerivedDataCache/Buckets/LegacyDIST/51/68/0fb4431bbe83b3cdeb15c6aaa7ae6e1d1762.udd" 5597
"C:/Users/emanu/AppData/Local/UnrealEngine/Common/DerivedDataCache/Buckets/LegacyCARD/bf/0f/4d1cb6c35ef0712bf32b1c1a91367b4a909e.udd" 5598
"C:/Users/emanu/AppData/Local/UnrealEngine/Common/DerivedDataCache/Buckets/LegacyNavCollision/31/62/f116924507850c4d2b4a41107c482030a0bd.udd" 5599
"C:/Users/emanu/AppData/Local/UnrealEngine/Common/DerivedDataCache/Buckets/StaticMesh/5b/53/9c878687f3f73828fb62bb2cc48ce45b3ecb.udd" 5600
"C:/Users/emanu/AppData/Local/UnrealEngine/Common/DerivedDataCache/Buckets/LegacyNavCollision/f4/4d/9199ead439693d784723ae3aa79102c7b67c.udd" 5601
"C:/Users/emanu/AppData/Local/UnrealEngine/Common/DerivedDataCache/Buckets/StaticMesh/5e/39/e8e1f7ead0843a0193ab351be2fdf5b4e396.udd" 5602
"C:/Users/emanu/AppData/Local/UnrealEngine/Common/DerivedDataCache/Buckets/LegacyDIST/8d/8a/5a7bd800da0a9bc1c75d0344e59fd382618f.udd" 5603
"C:/Users/emanu/AppData/Local/UnrealEngine/Common/DerivedDataCache/Buckets/LegacyCARD/32/9c/55148eaca20ca80d4c60b0e036ed8762fd91.udd" 5604
"C:/Users/emanu/AppData/Local/UnrealEngine/Common/DerivedDataCache/Buckets/LegacyNavCollision/d7/70/78cad7ca32e61cba1a889a85c309fb5c8237.udd" 5605
"C:/Users/emanu/AppData/Local/UnrealEngine/Common/DerivedDataCache/Buckets/StaticMesh/32/0b/0d3e6e08108391a83991d3551cd4333be7c9.udd" 5606
"C:/Users/emanu/AppData/Local/UnrealEngine/Common/DerivedDataCache/Buckets/LegacyDIST/18/ea/9528714bf0969de52a416d3ccdbb8084f5a3.udd" 5607
"C:/Users/emanu/AppData/Local/UnrealEngine/Common/DerivedDataCache/Buckets/LegacyDIST/27/25/5fa5dd8b69b7165d1b7d7c2bc431e12d27dc.udd" 5608
"C:/Users/emanu/AppData/Local/UnrealEngine/Common/DerivedDataCache/Buckets/LegacyCARD/96/87/59b49e835a47d13b32299e1e2864f705e938.udd" 5609
"C:/Users/emanu/AppData/Local/UnrealEngine/Common/DerivedDataCache/Buckets/LegacyCARD/d7/17/f8d036375e9a02b7b8b5867ec4d19702b03e.udd" 5610
"C:/Users/emanu/AppData/Local/UnrealEngine/Common/DerivedDataCache/Buckets/LegacyNavCollision/06/6a/e373d3144637f9b04b654cb3fa75f3ff9b82.udd" 5611
"C:/Users/emanu/AppData/Local/UnrealEngine/Common/DerivedDataCache/Buckets/LegacyNavCollision/98/db/efe264659ee2abf22e9e59057f160b0ce44d.udd" 5612
"C:/Users/emanu/AppData/Local/UnrealEngine/Common/DerivedDataCache/Buckets/StaticMesh/43/b3/d1667d4f73931ae2933be6d598f45dc9aeb4.udd" 5613
"C:/Users/emanu/AppData/Local/UnrealEngine/Common/DerivedDataCache/Buckets/StaticMesh/3e/9f/f214d3150e97a9bca2ac0cd967812e2a4009.udd" 5614
"C:/Users/emanu/AppData/Local/UnrealEngine/Common/DerivedDataCache/Buckets/LegacyDIST/9c/47/f1be81783ea361f2d0cce884e600e2a0b62c.udd" 5615
"C:/Users/emanu/AppData/Local/UnrealEngine/Common/DerivedDataCache/Buckets/LegacyCARD/5b/fd/e4df1244f7c963cba6be30db00e7eee6781e.udd" 5616
"C:/Users/emanu/AppData/Local/UnrealEngine/Common/DerivedDataCache/Buckets/LegacyDIST/2f/91/1cebd9c0c3ff9643008b278016177d4dd908.udd" 5617
"C:/Users/emanu/AppData/Local/UnrealEngine/Common/DerivedDataCache/Buckets/LegacyNavCollision/05/96/cb9fb899acdfa6f1bb1138e34148c75b72d3.udd" 5618
"C:/Users/emanu/AppData/Local/UnrealEngine/Common/DerivedDataCache/Buckets/StaticMesh/2d/7e/956b175b7d926de215a3a5d6f784214a7c20.udd" 5619
"C:/Users/emanu/AppData/Local/UnrealEngine/Common/DerivedDataCache/Buckets/LegacyDIST/53/24/fd7ad883885896b58f0d7b73642f7a691d33.udd" 5620
"C:/Users/emanu/AppData/Local/UnrealEngine/Common/DerivedDataCache/Buckets/LegacyCARD/2c/1e/0bcf5bc09ea45ee79908d21ce854fcfceb2c.udd" 5621
"C:/Users/emanu/AppData/Local/UnrealEngine/Common/DerivedDataCache/Buckets/LegacyCARD/1e/f5/10ddb1da66dee32e726e45f2d7110ba9afd2.udd" 5622
"C:/Users/emanu/AppData/Local/UnrealEngine/Common/DerivedDataCache/Buckets/LegacyNavCollision/b0/86/de68f6f5dacb413aea486fb4a1c4f0d274f8.udd" 5623
"C:/Users/emanu/AppData/Local/UnrealEngine/Common/DerivedDataCache/Buckets/LegacyNavCollision/4e/86/02e513c8edd65cd8dae7147e76c91cf80a7b.udd" 5624
"C:/Users/emanu/AppData/Local/UnrealEngine/Common/DerivedDataCache/Buckets/StaticMesh/90/77/5a944ff13031fcb583113de08740aeef3506.udd" 5625
"C:/Users/emanu/AppData/Local/UnrealEngine/Common/DerivedDataCache/Buckets/StaticMesh/6a/68/a9e4d5fb1317a3f0815fd365aeba063c14b0.udd" 5626
"C:/Users/emanu/AppData/Local/UnrealEngine/Common/DerivedDataCache/Buckets/LegacyDIST/81/28/0ce6d6a6378f3ba829d06d8cc91e5107a379.udd" 5627
"C:/Users/emanu/AppData/Local/UnrealEngine/Common/DerivedDataCache/Buckets/LegacyCARD/fb/40/f0958922f8ea43e0ce138b6356135fd1e0a1.udd" 5628
"C:/Users/emanu/AppData/Local/UnrealEngine/Common/DerivedDataCache/Buckets/LegacyNavCollision/38/b7/4d7a8ca44ff2ad3753c8c9a09b58ee954e5d.udd" 5629
"C:/Users/emanu/AppData/Local/UnrealEngine/Common/DerivedDataCache/Buckets/LegacyDIST/20/cd/ca3404a87e4d4f1737849d6752bd056553d0.udd" 5630
"C:/Users/emanu/AppData/Local/UnrealEngine/Common/DerivedDataCache/Buckets/LegacyCARD/20/7c/18fabb6e308edd91d3e84b59ab5291e68b98.udd" 5631
"C:/Users/emanu/AppData/Local/UnrealEngine/Common/DerivedDataCache/Buckets/LegacyChaosGeometryData/22/1b/dc18ce936e0246c6e65214f2f8d52376f67c.udd" 5632
"C:/Users/emanu/AppData/Local/UnrealEngine/Common/DerivedDataCache/Buckets/LegacyNavCollision/50/ad/214aaf7b3250a38d576e62cdd4800f0e4f8c.udd" 5633
"C:/Users/emanu/AppData/Local/UnrealEngine/Common/DerivedDataCache/Buckets/LegacySTREAMEDAUDIO/a5/22/4bf6f6fd47fccc18d9c1578fcb404db77ea1.udd" 5634
"C:/Users/emanu/AppData/Local/UnrealEngine/Common/DerivedDataCache/Buckets/LegacySTREAMEDAUDIO/2c/48/0749ec172c1dd1d884fa7591b21bc7dfd405.udd" 5635
"C:/Users/emanu/AppData/Local/UnrealEngine/Common/DerivedDataCache/Buckets/LegacySTREAMEDAUDIO/20/12/ad4e7231a87db3fc2737324bb6b4ad493967.udd" 5636
"C:/Users/emanu/AppData/Local/UnrealEngine/Common/DerivedDataCache/Buckets/LegacySTREAMEDAUDIO/65/12/255e8ce4b76c27463a1b15b5c29c769c1578.udd" 5637
"C:/Users/emanu/AppData/Local/UnrealEngine/Common/DerivedDataCache/Buckets/LegacySTREAMEDAUDIO/88/88/c0de9bbb39536203a608c323566aaf5fd4ce.udd" 5638
"C:/Users/emanu/AppData/Local/UnrealEngine/Common/DerivedDataCache/Buckets/LegacySTREAMEDAUDIO/c3/28/ce6b57f371389bdcfd530c2c99dc9aacdbc9.udd" 5639
"C:/Users/emanu/AppData/Local/UnrealEngine/Common/DerivedDataCache/Buckets/LegacySTREAMEDAUDIO/29/2d/6141c6a41d6c5e7d12f92877218cee747379.udd" 5640
"C:/Users/emanu/AppData/Local/UnrealEngine/Common/DerivedDataCache/Buckets/LegacySTREAMEDAUDIO/28/95/8f59cad835395c2d3dc1a50b043a6b03d663.udd" 5641
"C:/Users/emanu/AppData/Local/UnrealEngine/Common/DerivedDataCache/Buckets/LegacySTREAMEDAUDIO/79/3b/af2be6e617e4a4dafb2ee9d15e16fa82b206.udd" 5642
"C:/Users/emanu/AppData/Local/UnrealEngine/Common/DerivedDataCache/Buckets/LegacySTREAMEDAUDIO/53/d1/66fd60e081e466d86147de63136698cdf370.udd" 5643
"C:/Users/emanu/AppData/Local/UnrealEngine/Common/DerivedDataCache/Buckets/LegacySTREAMEDAUDIO/2f/b2/4b58e00defb682b4dfe12614bf782949c5c8.udd" 5644
"C:/Users/emanu/AppData/Local/UnrealEngine/Common/DerivedDataCache/Buckets/LegacySTREAMEDAUDIO/cb/1e/51293d60e9553970ed6f8993bda9bf8ff538.udd" 5645
"C:/Users/emanu/AppData/Local/UnrealEngine/Common/DerivedDataCache/Buckets/LegacySTREAMEDAUDIO/47/29/5b3b704bac3b21940db82145271743312ea7.udd" 5646
"C:/Users/emanu/AppData/Local/UnrealEngine/Common/DerivedDataCache/Buckets/LegacySTREAMEDAUDIO/05/1b/72e4fa4739f420b9a2b9cd969f4a66c8031e.udd" 5647
"C:/Users/emanu/AppData/Local/UnrealEngine/Common/DerivedDataCache/Buckets/LegacySTREAMEDAUDIO/a6/6b/5111748cae9dd0d91c38389f82c140ae973a.udd" 5648
"C:/Users/emanu/AppData/Local/UnrealEngine/Common/DerivedDataCache/Buckets/LegacySTREAMEDAUDIO/76/d6/c545bfebb39c4cae14e6147abcc2dbe62c20.udd" 5649
"C:/Users/emanu/AppData/Local/UnrealEngine/Common/DerivedDataCache/Buckets/LegacySTREAMEDAUDIO/a4/22/7c8a3c67bece86412187dfbc221976a884b1.udd" 5650
"C:/Users/emanu/AppData/Local/UnrealEngine/Common/DerivedDataCache/Buckets/LegacySTREAMEDAUDIO/55/24/0f08e3462d2c626a431c6afbdb0d5e083df1.udd" 5651
"C:/Users/emanu/AppData/Local/UnrealEngine/Common/DerivedDataCache/Buckets/LegacySTREAMEDAUDIO/d0/de/da5af6f5c0b0059cf37a2b88111c93b10b7b.udd" 5652
"C:/Users/emanu/AppData/Local/UnrealEngine/Common/DerivedDataCache/Buckets/LegacySTREAMEDAUDIO/ca/39/67147ffcf80fc2c94fcfdfe266b551429d55.udd" 5653
"C:/Users/emanu/AppData/Local/UnrealEngine/Common/DerivedDataCache/Buckets/LegacySTREAMEDAUDIO/7e/b6/0b01f40c4ed9e652cb7ddc091edbfb5ff27b.udd" 5654
"C:/Users/emanu/AppData/Local/UnrealEngine/Common/DerivedDataCache/Buckets/LegacySTREAMEDAUDIO/eb/d0/4c68824e5be64ed95fd001792f1589fe61c6.udd" 5655
"C:/Users/emanu/AppData/Local/UnrealEngine/Common/DerivedDataCache/Buckets/LegacySTREAMEDAUDIO/d3/4c/dc416c0d1f7d96672f9853f2c04a61a11840.udd" 5656
"C:/Users/emanu/AppData/Local/UnrealEngine/Common/DerivedDataCache/Buckets/LegacySTREAMEDAUDIO/fa/c3/e244de60b0b03fce3ad506382c5d8ebb3754.udd" 5657
"C:/Users/emanu/AppData/Local/UnrealEngine/Common/DerivedDataCache/Buckets/LegacySTREAMEDAUDIO/0f/a0/f3f64e45bc53ef1ab11fe4485abedeb312bc.udd" 5658
"C:/Users/emanu/AppData/Local/UnrealEngine/Common/DerivedDataCache/Buckets/LegacySTREAMEDAUDIO/27/99/2860facecd4a5a42797e047dd56b2cfa4c21.udd" 5659
"C:/Users/emanu/AppData/Local/UnrealEngine/Common/DerivedDataCache/Buckets/LegacySTREAMEDAUDIO/59/b3/e9837f5707b8d3adf90f14c827b70966d887.udd" 5660
"C:/Users/emanu/AppData/Local/UnrealEngine/Common/DerivedDataCache/Buckets/LegacySTREAMEDAUDIO/fd/39/1553f0c4be86dd95ecd09d7d0a263010f74c.udd" 5661
"C:/Users/emanu/AppData/Local/UnrealEngine/Common/DerivedDataCache/Buckets/LegacySTREAMEDAUDIO/3f/6b/e1b7bc8342bd4c82b90bd8bafeba69f24631.udd" 5662
"C:/Users/emanu/AppData/Local/UnrealEngine/Common/DerivedDataCache/Buckets/LegacySTREAMEDAUDIO/a7/09/a36870951a888fafcf50818047a9a74c23b4.udd" 5663
"C:/Users/emanu/AppData/Local/UnrealEngine/Common/DerivedDataCache/Buckets/LegacySTREAMEDAUDIO/07/53/74eaed5751fc09665c511d7be0bd6d5d43f8.udd" 5664
"C:/Users/emanu/AppData/Local/UnrealEngine/Common/DerivedDataCache/Buckets/LegacySTREAMEDAUDIO/af/0a/ad41e18121e68ca45424efba952065ac9cf6.udd" 5665
"C:/Users/emanu/AppData/Local/UnrealEngine/Common/DerivedDataCache/Buckets/LegacySTREAMEDAUDIO/af/6b/f20662dfe9ae8b06712d6878d438fce16a2f.udd" 5666
"C:/Users/emanu/AppData/Local/UnrealEngine/Common/DerivedDataCache/Buckets/LegacySTREAMEDAUDIO/a9/a1/bc3b9399cfc82cd2de8a782c593fce62cf9b.udd" 5667
"C:/Users/emanu/AppData/Local/UnrealEngine/Common/DerivedDataCache/Buckets/LegacySTREAMEDAUDIO/34/8b/3e76223b61dde0aa6423e96519ff3e6fdace.udd" 5668
"C:/Users/emanu/AppData/Local/UnrealEngine/Common/DerivedDataCache/Buckets/LegacySTREAMEDAUDIO/4b/92/57c37a0fbdcc115d9778c4c7d32b695259d4.udd" 5669
"C:/Users/emanu/AppData/Local/UnrealEngine/Common/DerivedDataCache/Buckets/LegacySTREAMEDAUDIO/52/02/40a38359f2df34147e3330edba42b5fb789f.udd" 5670
"C:/Users/emanu/AppData/Local/UnrealEngine/Common/DerivedDataCache/Buckets/LegacySTREAMEDAUDIO/f3/f9/65f420a0522f4be49e94a5c43b066f044548.udd" 5671
"C:/Users/emanu/AppData/Local/UnrealEngine/Common/DerivedDataCache/Buckets/LegacySTREAMEDAUDIO/0c/a7/791ccbc52e021d8b8811d2452bae0d862c3b.udd" 5672
"C:/Users/emanu/AppData/Local/UnrealEngine/Common/DerivedDataCache/Buckets/LegacySTREAMEDAUDIO/a0/88/21b66d6d80ce37799d10f055703014bd3c91.udd" 5673
"C:/Users/emanu/AppData/Local/UnrealEngine/Common/DerivedDataCache/Buckets/LegacySTREAMEDAUDIO/b9/5d/ac0328ba94e7f545b4faf4d877b3037083d6.udd" 5674
"C:/Users/emanu/AppData/Local/UnrealEngine/Common/DerivedDataCache/Buckets/LegacySTREAMEDAUDIO/bb/4c/283169e010ebb1c861ad2dd3915c9469a1d7.udd" 5675
"C:/Users/emanu/AppData/Local/UnrealEngine/Common/DerivedDataCache/Buckets/LegacySTREAMEDAUDIO/43/3a/9386e4dadeeba8dd13d9705ac0bfd75af94b.udd" 5676
"C:/Users/emanu/AppData/Local/UnrealEngine/Common/DerivedDataCache/Buckets/LegacySTREAMEDAUDIO/64/76/ed8f099f55e08651a27684cc9bd3b12bd170.udd" 5677
"C:/Users/emanu/AppData/Local/UnrealEngine/Common/DerivedDataCache/Buckets/LegacySTREAMEDAUDIO/d6/1e/11c468da096964e034cfaa8247ea8da422b9.udd" 5678
"C:/Users/emanu/AppData/Local/UnrealEngine/Common/DerivedDataCache/Buckets/LegacySTREAMEDAUDIO/37/07/7d0b2b1eaed449576f30dc49e396d6dd1870.udd" 5679
"C:/Users/emanu/AppData/Local/UnrealEngine/Common/DerivedDataCache/Buckets/LegacySTREAMEDAUDIO/05/21/e11a092e58072046fed6f5dc617d0a29147c.udd" 5680
"C:/Users/emanu/AppData/Local/UnrealEngine/Common/DerivedDataCache/Buckets/LegacySTREAMEDAUDIO/ec/18/bc926ce39ab3ca048ced0a8ca07616332680.udd" 5681
"C:/Users/emanu/AppData/Local/UnrealEngine/Common/DerivedDataCache/Buckets/LegacySTREAMEDAUDIO/75/91/f67a7f5f1e6ea58fb52431ec810673d88d0a.udd" 5682
"C:/Users/emanu/AppData/Local/UnrealEngine/Common/DerivedDataCache/Buckets/LegacySTREAMEDAUDIO/79/02/2756b7026b4236018cc9224a40a5f8159ccd.udd" 5683
"C:/Users/emanu/AppData/Local/UnrealEngine/Common/DerivedDataCache/Buckets/LegacySTREAMEDAUDIO/53/b3/fb3564707d0ffd34c3b203f5e663c8ab1fd7.udd" 5684
"C:/Users/emanu/AppData/Local/UnrealEngine/Common/DerivedDataCache/Buckets/LegacySTREAMEDAUDIO/e7/a9/ed1d3033d07f20905f4441eef9efa69a6834.udd" 5685
"C:/Users/emanu/AppData/Local/UnrealEngine/Common/DerivedDataCache/Buckets/LegacySTREAMEDAUDIO/2b/28/303d8f001ff305d9b5f38d1dc210b727c9dc.udd" 5686
"C:/Users/emanu/AppData/Local/UnrealEngine/Common/DerivedDataCache/Buckets/LegacySTREAMEDAUDIO/b5/b5/c42bb3892d8b3914b048dd17c42f9e4706b5.udd" 5687
"C:/Users/emanu/AppData/Local/UnrealEngine/Common/DerivedDataCache/Buckets/LegacySTREAMEDAUDIO/71/7a/e0538adb6098fb89e5dcb27283ab28cc1d86.udd" 5688
"C:/Users/emanu/AppData/Local/UnrealEngine/Common/DerivedDataCache/Buckets/LegacySTREAMEDAUDIO/ed/3a/25691371c3adc3b80997972d022dee2e0b8f.udd" 5689
"C:/Users/emanu/AppData/Local/UnrealEngine/Common/DerivedDataCache/Buckets/LegacySTREAMEDAUDIO/72/38/40d1b83645e89fa1a5dcfa326abff8cce35d.udd" 5690
"C:/Users/emanu/AppData/Local/UnrealEngine/Common/DerivedDataCache/Buckets/LegacySTREAMEDAUDIO/7d/c2/e26dc4e817541c08a5883b8f443049a85370.udd" 5691
"C:/Users/emanu/AppData/Local/UnrealEngine/Common/DerivedDataCache/Buckets/LegacySTREAMEDAUDIO/28/8c/c6ac89d496849d7472650c790d62194a972a.udd" 5692
"C:/Users/emanu/AppData/Local/UnrealEngine/Common/DerivedDataCache/Buckets/LegacySTREAMEDAUDIO/36/5c/a5588d929572f75043e3a59219249e97e9bc.udd" 5693
"C:/Users/emanu/AppData/Local/UnrealEngine/Common/DerivedDataCache/Buckets/LegacySTREAMEDAUDIO/96/da/155cb9f0c6ca118de35b793cb5bee426df4d.udd" 5694
"C:/Users/emanu/AppData/Local/UnrealEngine/Common/DerivedDataCache/Buckets/LegacySTREAMEDAUDIO/27/56/e72247749dca9361a1bd48433a8bc0ff62a5.udd" 5695
"C:/Users/emanu/AppData/Local/UnrealEngine/Common/DerivedDataCache/Buckets/LegacySTREAMEDAUDIO/e6/74/d6b0d0bf1a28b64339f4d7ebfb76ed3316c2.udd" 5696
"C:/Users/emanu/AppData/Local/UnrealEngine/Common/DerivedDataCache/Buckets/LegacySTREAMEDAUDIO/b8/20/edf97c43ce4ce00421c109aa526ca531b935.udd" 5697
"C:/Users/emanu/AppData/Local/UnrealEngine/Common/DerivedDataCache/Buckets/LegacySTREAMEDAUDIO/2d/7a/c178e070811c4627d3cd7bd7d1990945644a.udd" 5698
"C:/Users/emanu/AppData/Local/UnrealEngine/Common/DerivedDataCache/Buckets/LegacySTREAMEDAUDIO/04/fa/0cda111d43027782fbe3a3f000933c5ecf21.udd" 5699
"C:/Users/emanu/AppData/Local/UnrealEngine/Common/DerivedDataCache/Buckets/LegacySTREAMEDAUDIO/3d/82/8f93d286580483a299d25295ac7413030d2d.udd" 5700
"C:/Users/emanu/AppData/Local/UnrealEngine/Common/DerivedDataCache/Buckets/LegacySTREAMEDAUDIO/c4/3f/3db305a24a7dd1a63ae18d77423071f7eeff.udd" 5701
"C:/Users/emanu/AppData/Local/UnrealEngine/Common/DerivedDataCache/Buckets/LegacySTREAMEDAUDIO/e4/a6/3766e1c1f87b3032cb1f45061b43e8842fa1.udd" 5702
"C:/Users/emanu/AppData/Local/UnrealEngine/Common/DerivedDataCache/Buckets/LegacySTREAMEDAUDIO/0d/df/5e728b741fbc02052d7067ff2827f65d0751.udd" 5703
"C:/Users/emanu/AppData/Local/UnrealEngine/Common/DerivedDataCache/Buckets/LegacySTREAMEDAUDIO/74/30/957288295b64b6f19995b3b2fba9a8c0d759.udd" 5704
"C:/Users/emanu/AppData/Local/UnrealEngine/Common/DerivedDataCache/Buckets/LegacySTREAMEDAUDIO/1b/b9/801c18d5a4514d4af759a051ebcc5075d234.udd" 5705
"C:/Users/emanu/AppData/Local/UnrealEngine/Common/DerivedDataCache/Buckets/LegacySTREAMEDAUDIO/b6/85/5ec4d46d18ad8c21916639634e2c55b40c51.udd" 5706
"C:/Users/emanu/AppData/Local/UnrealEngine/Common/DerivedDataCache/Buckets/LegacySTREAMEDAUDIO/8d/ae/be29c920a144fab860b921aa95fcb9eb43ec.udd" 5707
"C:/Users/emanu/AppData/Local/UnrealEngine/Common/DerivedDataCache/Buckets/LegacySTREAMEDAUDIO/b8/da/debfc45982fbc4f010190d9aa8dbeebdd610.udd" 5708
"C:/Users/emanu/AppData/Local/UnrealEngine/Common/DerivedDataCache/Buckets/LegacySTREAMEDAUDIO/03/ad/b713eb420a97d417de1bd048d6564642dd86.udd" 5709
"C:/Users/emanu/AppData/Local/UnrealEngine/Common/DerivedDataCache/Buckets/LegacySTREAMEDAUDIO/e4/c8/d2c72e9159ce08c8cc1d6c8a43ce7c3c1671.udd" 5710
"C:/Users/emanu/AppData/Local/UnrealEngine/Common/DerivedDataCache/Buckets/LegacySTREAMEDAUDIO/41/f4/373896244ce4746c350bdeb14093c2a29c14.udd" 5711
"C:/Users/emanu/AppData/Local/UnrealEngine/Common/DerivedDataCache/Buckets/LegacySTREAMEDAUDIO/e7/15/e48c54ab9fd9e3174a5a0852cf0f53a718e5.udd" 5712
"C:/Users/emanu/AppData/Local/UnrealEngine/Common/DerivedDataCache/Buckets/LegacySTREAMEDAUDIO/0a/bf/c3f9bb359f6cb02a70fda27abb3dfa4c0bfb.udd" 5713
"../../../Engine/Content/EditorResources/EmptyActor.uasset" 5714
"C:/Users/emanu/AppData/Local/UnrealEngine/Common/DerivedDataCache/Buckets/BulkDataList/c5/e5/25c0d0b82fc916f3b56cebfbbd1245cd33c5.udd" 5715
"../../../Engine/Content/EditorResources/LightIcons/S_LightError.uasset" 5716
"C:/Users/emanu/AppData/Local/UnrealEngine/Common/DerivedDataCache/Buckets/BulkDataList/51/14/55d2af26817ddfa01f4f36bb8b6a666152d2.udd" 5717
"C:/Users/emanu/AppData/Local/UnrealEngine/Common/DerivedDataCache/Content/5d/81/442877448cce8d0a6235b2d1b3b7139995b9.udd" 5718
"C:/Users/emanu/AppData/Local/UnrealEngine/Common/DerivedDataCache/Buckets/LegacySTREAMEDAUDIO/51/38/3d60697d9fdf1e243a5069288b81ccbb6a7c.udd" 5719
"C:/Users/emanu/AppData/Local/UnrealEngine/Common/DerivedDataCache/Buckets/LegacySTREAMEDAUDIO/cd/db/e7d3d1a7582de95cb4efe4b09f797313a38b.udd" 5720
"C:/Users/emanu/AppData/Local/UnrealEngine/Common/DerivedDataCache/Buckets/LegacySTREAMEDAUDIO/3a/f6/f526ecbd64d1dcfcb3a6f04d8ad9926ab64f.udd" 5721
"C:/Users/emanu/AppData/Local/UnrealEngine/Common/DerivedDataCache/Buckets/LegacySTREAMEDAUDIO/42/a5/37b7814a1b6180f99542688a00a6e7baf1c9.udd" 5722
"C:/Users/emanu/AppData/Local/UnrealEngine/Common/DerivedDataCache/Buckets/LegacySTREAMEDAUDIO/98/ed/20fb76c9e1db5a66e6011712dbcd442eee40.udd" 5723
"C:/Users/emanu/AppData/Local/UnrealEngine/Common/DerivedDataCache/Buckets/LegacySTREAMEDAUDIO/d9/70/b6a96bd40fe908a2018a96e13e384759eea6.udd" 5724
"C:/Users/emanu/AppData/Local/UnrealEngine/Common/DerivedDataCache/Buckets/LegacySTREAMEDAUDIO/04/be/37892b00dac7b3c999ed7e9a3850234fa38f.udd" 5725
"C:/Users/emanu/AppData/Local/UnrealEngine/Common/DerivedDataCache/Buckets/LegacySTREAMEDAUDIO/7e/d7/403d049e35dffbccb3f90657180a638bfa0a.udd" 5726
"C:/Users/emanu/AppData/Local/UnrealEngine/Common/DerivedDataCache/Buckets/LegacySTREAMEDAUDIO/80/c6/706803ed36684bd3eed75b2efa91b727e990.udd" 5727
"C:/Users/emanu/AppData/Local/UnrealEngine/Common/DerivedDataCache/Buckets/LegacySTREAMEDAUDIO/80/00/ce39dfb08bfe6c102bb2dde2819bed1032e5.udd" 5728
"C:/Users/emanu/AppData/Local/UnrealEngine/Common/DerivedDataCache/Buckets/LegacySTREAMEDAUDIO/1c/b1/9d453d66b231e3b599759855e2413bf586f2.udd" 5729
"C:/Users/emanu/AppData/Local/UnrealEngine/Common/DerivedDataCache/Buckets/LegacySTREAMEDAUDIO/1a/6c/97df88a55f2f6f32be176e06dd6f4ab08a25.udd" 5730
"C:/Users/emanu/AppData/Local/UnrealEngine/Common/DerivedDataCache/Buckets/LegacySTREAMEDAUDIO/ce/bc/b3dcb7b0ef442c8f8e606e84042a40a74145.udd" 5731
"C:/Users/emanu/AppData/Local/UnrealEngine/Common/DerivedDataCache/Buckets/LegacySTREAMEDAUDIO/36/71/e445c77c4af0591fbabf25cd1d8161e55da0.udd" 5732
"C:/Users/emanu/AppData/Local/UnrealEngine/Common/DerivedDataCache/Buckets/LegacySTREAMEDAUDIO/84/c9/12769134f7df87136d6e39e216db7b9f0a19.udd" 5733
"C:/Users/emanu/AppData/Local/UnrealEngine/Common/DerivedDataCache/Buckets/LegacySTREAMEDAUDIO/5f/40/c7148ac95dec7bf84aade7a32cb62312bcf3.udd" 5734
"C:/Users/emanu/AppData/Local/UnrealEngine/Common/DerivedDataCache/Buckets/LegacySTREAMEDAUDIO/de/db/894fab1ddf49bbdbd897610c1de21e48828c.udd" 5735
"C:/Users/emanu/AppData/Local/UnrealEngine/Common/DerivedDataCache/Buckets/LegacySTREAMEDAUDIO/0b/2e/a9d4d0938ac3f5615f71449265d84759991e.udd" 5736
"C:/Users/emanu/AppData/Local/UnrealEngine/Common/DerivedDataCache/Buckets/LegacySTREAMEDAUDIO/90/44/68167c5e296f77ae5e99c597a89ac420c8d1.udd" 5737
"C:/Users/emanu/AppData/Local/UnrealEngine/Common/DerivedDataCache/Buckets/LegacySTREAMEDAUDIO/1b/d3/c7735d1092eb6739b0ece79835f812840f8f.udd" 5738
"C:/Users/emanu/AppData/Local/UnrealEngine/Common/DerivedDataCache/Buckets/LegacySTREAMEDAUDIO/bf/c9/7dd276e00754015679c5428a5a44a336ffeb.udd" 5739
"C:/Users/emanu/AppData/Local/UnrealEngine/Common/DerivedDataCache/Buckets/LegacySTREAMEDAUDIO/49/a2/d6f1a97cecc95db3ad54f4b85dfa58ad63af.udd" 5740
"C:/Users/emanu/AppData/Local/UnrealEngine/Common/DerivedDataCache/Buckets/LegacySTREAMEDAUDIO/3d/80/69d6e6a1f4490a378c1e8ad912fcaa8c36fd.udd" 5741
"C:/Users/emanu/AppData/Local/UnrealEngine/Common/DerivedDataCache/Buckets/LegacySTREAMEDAUDIO/e3/a7/d03a6314da1271acbae81eafe3951d1c6c6c.udd" 5742
"C:/Users/emanu/AppData/Local/UnrealEngine/Common/DerivedDataCache/Buckets/LegacySTREAMEDAUDIO/b9/56/9528d9d8b122f117f3188be0561e934545ce.udd" 5743
"C:/Users/emanu/AppData/Local/UnrealEngine/Common/DerivedDataCache/Buckets/LegacySTREAMEDAUDIO/b6/3a/950c9662bc64e890d0a15c319c9eb2aece3c.udd" 5744
"C:/Users/emanu/AppData/Local/UnrealEngine/Common/DerivedDataCache/Buckets/LegacySTREAMEDAUDIO/08/74/3ce513262f0f41dd3f76fbcc8a4f4e19740f.udd" 5745
"C:/Users/emanu/AppData/Local/UnrealEngine/Common/DerivedDataCache/Buckets/LegacySTREAMEDAUDIO/63/24/fb8f8ce7818d6a06099e5cb729a8c92e7e93.udd" 5746
"C:/Users/emanu/AppData/Local/UnrealEngine/Common/DerivedDataCache/Buckets/LegacySTREAMEDAUDIO/d6/65/5e07ed0828155979b8fd50214f31a476a1e5.udd" 5747
"C:/Users/emanu/AppData/Local/UnrealEngine/Common/DerivedDataCache/Buckets/LegacySTREAMEDAUDIO/0f/a4/61d60316892c75c6a0278ad56b946bafb69e.udd" 5748
"C:/Users/emanu/AppData/Local/UnrealEngine/Common/DerivedDataCache/Buckets/LegacySTREAMEDAUDIO/70/bf/62573b0823d085c99743ce224eeb8f22562d.udd" 5749
"C:/Users/emanu/AppData/Local/UnrealEngine/Common/DerivedDataCache/Buckets/LegacySTREAMEDAUDIO/56/cd/9b2e26c7ccb3e996af8980fd7d6f8501d2c1.udd" 5750
"C:/Users/emanu/AppData/Local/UnrealEngine/Common/DerivedDataCache/Buckets/LegacySTREAMEDAUDIO/7a/0c/c7df24c107b8b5ce000b463d555694ca9620.udd" 5751
"C:/Users/emanu/AppData/Local/UnrealEngine/Common/DerivedDataCache/Buckets/LegacySTREAMEDAUDIO/8a/85/3261235fed2233f4f706c7ce9a6602607775.udd" 5752
"C:/Users/emanu/AppData/Local/UnrealEngine/Common/DerivedDataCache/Buckets/LegacySTREAMEDAUDIO/4a/84/5736298a2e77c9e05eab53c5ff12dbb64a42.udd" 5753
"C:/Users/emanu/AppData/Local/UnrealEngine/Common/DerivedDataCache/Buckets/LegacySTREAMEDAUDIO/dc/47/235ec8ebaeb72c5186831e373e2c8d4c2a2d.udd" 5754
"C:/Users/emanu/AppData/Local/UnrealEngine/Common/DerivedDataCache/Buckets/LegacySTREAMEDAUDIO/5f/3c/973bee71d5c84fd80bdd043bb06a516ef7ea.udd" 5755
"C:/Users/emanu/AppData/Local/UnrealEngine/Common/DerivedDataCache/Buckets/LegacySTREAMEDAUDIO/4d/df/0097d4103e0b1a0af0e3a5fd713c09a85e58.udd" 5756
"C:/Users/emanu/AppData/Local/UnrealEngine/Common/DerivedDataCache/Buckets/LegacySTREAMEDAUDIO/45/a3/0958acad89e8a80948d57a433e765942526d.udd" 5757
"C:/Users/emanu/AppData/Local/UnrealEngine/Common/DerivedDataCache/Buckets/LegacySTREAMEDAUDIO/70/b0/5e1471c416bf50e386e8fed86afd0a679bad.udd" 5758
"C:/Users/emanu/AppData/Local/UnrealEngine/Common/DerivedDataCache/Buckets/LegacySTREAMEDAUDIO/3d/b8/dd81264940d914144e28849d15cab57534d8.udd" 5759
"C:/Users/emanu/AppData/Local/UnrealEngine/Common/DerivedDataCache/Buckets/LegacySTREAMEDAUDIO/60/5a/849a9d15cc477647ab80b27a92c1efe7b862.udd" 5760
"C:/Users/emanu/AppData/Local/UnrealEngine/Common/DerivedDataCache/Buckets/LegacySTREAMEDAUDIO/ee/d0/d5a7ee3f3b5bcf059a09885163450bc3ae75.udd" 5761
"C:/Users/emanu/AppData/Local/UnrealEngine/Common/DerivedDataCache/Buckets/LegacySTREAMEDAUDIO/a9/26/4bde02d9c330d5ab72b93b281c540fb1e6b8.udd" 5762
"C:/Users/emanu/AppData/Local/UnrealEngine/Common/DerivedDataCache/Buckets/LegacySTREAMEDAUDIO/fa/43/40296f67e21f831e5cbb1f594c36edd8376a.udd" 5763
"C:/Users/emanu/AppData/Local/UnrealEngine/Common/DerivedDataCache/Buckets/LegacySTREAMEDAUDIO/ca/4d/b795f688afa6f9412edf31a527ff9458a8f8.udd" 5764
"C:/Users/emanu/AppData/Local/UnrealEngine/Common/DerivedDataCache/Buckets/LegacySTREAMEDAUDIO/68/fc/67cac2111637f2de999eabb7bc0f77d5b3fd.udd" 5765
"C:/Users/emanu/AppData/Local/UnrealEngine/Common/DerivedDataCache/Buckets/LegacySTREAMEDAUDIO/48/86/3b8eaa4392388a83a9743ed1e3b2b675979c.udd" 5766
"C:/Users/emanu/AppData/Local/UnrealEngine/Common/DerivedDataCache/Buckets/LegacySTREAMEDAUDIO/1a/df/863ca997cda89822626f867939c7403ad282.udd" 5767
"C:/Users/emanu/AppData/Local/UnrealEngine/Common/DerivedDataCache/Buckets/LegacySTREAMEDAUDIO/a9/82/91471fba77ce9de9a7c9a47cf6c4ba8610a2.udd" 5768
"C:/Users/emanu/AppData/Local/UnrealEngine/Common/DerivedDataCache/Buckets/LegacySTREAMEDAUDIO/dc/08/adafc5709b4e3e4e9d3ff44a22e9f7b297e1.udd" 5769
"C:/Users/emanu/AppData/Local/UnrealEngine/Common/DerivedDataCache/Buckets/LegacySTREAMEDAUDIO/66/c5/722382c33aace537b8385dc79796f65e797a.udd" 5770
"C:/Users/emanu/AppData/Local/UnrealEngine/Common/DerivedDataCache/Buckets/LegacySTREAMEDAUDIO/2a/c8/8d494e5467bb9fe48b625b702e246efcce9a.udd" 5771
"C:/Users/emanu/AppData/Local/UnrealEngine/Common/DerivedDataCache/Buckets/LegacySTREAMEDAUDIO/f0/53/594dd42b15021a1a603d81158a539e535765.udd" 5772
"C:/Users/emanu/AppData/Local/UnrealEngine/Common/DerivedDataCache/Buckets/LegacySTREAMEDAUDIO/bc/ab/e34e19bd29488a9402b2fc8fd3dfece54111.udd" 5773
"C:/Users/emanu/AppData/Local/UnrealEngine/Common/DerivedDataCache/Buckets/LegacySTREAMEDAUDIO/1d/55/5e22e8912adbde4d1224dabe07c8aa46797a.udd" 5774
"C:/Users/emanu/AppData/Local/UnrealEngine/Common/DerivedDataCache/Buckets/LegacySTREAMEDAUDIO/61/35/a45aaee9493349168513086490c3505f491a.udd" 5775
"C:/Users/emanu/AppData/Local/UnrealEngine/Common/DerivedDataCache/Buckets/LegacySTREAMEDAUDIO/cd/e5/f134617827ee8e4af594dc30fe5ecce70e63.udd" 5776
"C:/Users/emanu/AppData/Local/UnrealEngine/Common/DerivedDataCache/Buckets/LegacySTREAMEDAUDIO/b0/88/d448256cf9aec1963dc5e9bbdc246b6e4f82.udd" 5777
"C:/Users/emanu/AppData/Local/UnrealEngine/Common/DerivedDataCache/Buckets/LegacySTREAMEDAUDIO/fd/06/793ef6cd01a24b7085b38d54ab8594ebc193.udd" 5778
"C:/Users/emanu/AppData/Local/UnrealEngine/Common/DerivedDataCache/Buckets/LegacySTREAMEDAUDIO/8c/cd/758e92a2e404b30225c0f961c9fa1284768b.udd" 5779
"C:/Users/emanu/AppData/Local/UnrealEngine/Common/DerivedDataCache/Buckets/LegacySTREAMEDAUDIO/54/53/701459b83be2463eb69082a1b59dc7094985.udd" 5780
"C:/Users/emanu/AppData/Local/UnrealEngine/Common/DerivedDataCache/Buckets/LegacySTREAMEDAUDIO/e9/f2/a579d5d3bd36844e65b3bf626d625b081034.udd" 5781
"C:/Users/emanu/AppData/Local/UnrealEngine/Common/DerivedDataCache/Buckets/LegacySTREAMEDAUDIO/cb/1e/8cfb586b409248fd5cd88eaf242f9cf820fd.udd" 5782
"C:/Users/emanu/AppData/Local/UnrealEngine/Common/DerivedDataCache/Buckets/LegacySTREAMEDAUDIO/8b/44/bfb3b60b0ea8128b6d9779e8b106c0a9f7ca.udd" 5783
"C:/Users/emanu/AppData/Local/UnrealEngine/Common/DerivedDataCache/Buckets/LegacySTREAMEDAUDIO/d7/aa/6d50b85333c48f91bf1fa02fae3339ebb5f4.udd" 5784
"C:/Users/emanu/AppData/Local/UnrealEngine/Common/DerivedDataCache/Buckets/LegacySTREAMEDAUDIO/11/e8/9f8ae211cb07df4d6c1cb6a84b0c241b316d.udd" 5785
"C:/Users/emanu/AppData/Local/UnrealEngine/Common/DerivedDataCache/Buckets/LegacySTREAMEDAUDIO/c3/4d/8f654f3780cfc9ff8db9fdfdbbfa0d5398ae.udd" 5786
"C:/Users/emanu/AppData/Local/UnrealEngine/Common/DerivedDataCache/Buckets/LegacySTREAMEDAUDIO/c2/b8/32ea4b08aaa53b32ffe3fc34fd4af8675b28.udd" 5787
"C:/Users/emanu/AppData/Local/UnrealEngine/Common/DerivedDataCache/Buckets/LegacySTREAMEDAUDIO/18/ec/7a012489a15fd15ef28e62cd098367a5011e.udd" 5788
"C:/Users/emanu/AppData/Local/UnrealEngine/Common/DerivedDataCache/Buckets/LegacySTREAMEDAUDIO/dc/6d/2ce24a244a464412a4486de25f00a9933d8a.udd" 5789
"C:/Users/emanu/AppData/Local/UnrealEngine/Common/DerivedDataCache/Buckets/LegacySTREAMEDAUDIO/7f/a2/07a7c52396e00ec06338ca3680ec311efa3d.udd" 5790
"C:/Users/emanu/AppData/Local/UnrealEngine/Common/DerivedDataCache/Buckets/LegacySTREAMEDAUDIO/40/bc/22849a55956e10326c1a354ed06f84cf6e03.udd" 5791
"C:/Users/emanu/AppData/Local/UnrealEngine/Common/DerivedDataCache/Buckets/LegacySTREAMEDAUDIO/c7/bf/fb032e1b62c47d5c8369a37bed2e7e49e9f9.udd" 5792
"C:/Users/emanu/AppData/Local/UnrealEngine/Common/DerivedDataCache/Buckets/LegacySTREAMEDAUDIO/95/52/164e3084e294cd26c32a7e52e8464c5dee44.udd" 5793
"C:/Users/emanu/AppData/Local/UnrealEngine/Common/DerivedDataCache/Buckets/LegacySTREAMEDAUDIO/36/24/762002579947ea3dec97b3d1fd799e0d760d.udd" 5794
"C:/Users/emanu/AppData/Local/UnrealEngine/Common/DerivedDataCache/Buckets/LegacySTREAMEDAUDIO/5e/d9/97028ac3962f17d31794607f10c5e568870d.udd" 5795
"C:/Users/emanu/AppData/Local/UnrealEngine/Common/DerivedDataCache/Buckets/LegacySTREAMEDAUDIO/a5/a3/96533967ae15653728e00341d93237534110.udd" 5796
"C:/Users/emanu/AppData/Local/UnrealEngine/Common/DerivedDataCache/Buckets/LegacySTREAMEDAUDIO/2c/6c/2adbc8003e2e0ff1d26d4e8d216b36accd3a.udd" 5797
"C:/Users/emanu/AppData/Local/UnrealEngine/Common/DerivedDataCache/Buckets/LegacySTREAMEDAUDIO/40/32/f837522a1619e1026187187e5bc49a369d0e.udd" 5798
"C:/Users/emanu/AppData/Local/UnrealEngine/Common/DerivedDataCache/Buckets/LegacySTREAMEDAUDIO/10/f9/3787b360e076557df4b882427a61f1f891db.udd" 5799
"C:/Users/emanu/AppData/Local/UnrealEngine/Common/DerivedDataCache/Buckets/LegacySTREAMEDAUDIO/bc/f5/11bc7d4df5bbdbd21a395de9981a22fabc0c.udd" 5800
"C:/Users/emanu/AppData/Local/UnrealEngine/Common/DerivedDataCache/Buckets/LegacyTEXTURE/ce/da/7ac472a0c026e8670b0a924f0befbd07fafb.udd" 5801
"C:/Users/emanu/AppData/Local/UnrealEngine/Common/DerivedDataCache/Buckets/LegacyTEXTURE/29/eb/4aae7890bd14ff561270424e61d0d34339c3.udd" 5802
"C:/Users/emanu/AppData/Local/UnrealEngine/Common/DerivedDataCache/Buckets/LegacyTEXTURE/06/43/c24d0afa9fc242cb0f081437998fbd333248.udd" 5803
"C:/Users/emanu/AppData/Local/UnrealEngine/Common/DerivedDataCache/Buckets/LegacyTEXTURE/53/4d/5eb722c1d5cfa9b3974b0944d20ce8a44668.udd" 5804
"C:/Users/emanu/AppData/Local/UnrealEngine/Common/DerivedDataCache/Buckets/LegacyTEXTURE/95/b3/8b7160c6380a77b8522a8d3dbf5aa7fbf2ef.udd" 5805
"C:/Users/emanu/AppData/Local/UnrealEngine/Common/DerivedDataCache/Buckets/LegacyTEXTURE/50/3f/c062059605a21c51492cd7c2dc1448ef7cb6.udd" 5806
"C:/Users/emanu/AppData/Local/UnrealEngine/Common/DerivedDataCache/Buckets/LegacyTEXTURE/7b/75/6b37fe71939e2b0dee14f6815502af3ab61f.udd" 5807
"C:/Users/emanu/AppData/Local/UnrealEngine/Common/DerivedDataCache/Buckets/LegacyTEXTURE/fe/d2/16347a178d20c02987dea02138425cfd2eaa.udd" 5808
"C:/Users/emanu/AppData/Local/UnrealEngine/Common/DerivedDataCache/Buckets/LegacyTEXTURE/3b/dd/02380909e92971592d19a215325e30176435.udd" 5809
"C:/Users/emanu/AppData/Local/UnrealEngine/Common/DerivedDataCache/Content/ed/f9/ca6da9c6650dfcc759edc469084cfc2e4597.udd" 5810
"C:/Users/emanu/AppData/Local/UnrealEngine/Common/DerivedDataCache/Buckets/LegacyTEXTURE/de/53/e5094ccb0229ea5b44a429d1f62db0c3595a.udd" 5811
"C:/Users/emanu/AppData/Local/UnrealEngine/Common/DerivedDataCache/Buckets/LegacyTEXTURE/3f/95/94166ba827baca765a66853577ef2b69dedd.udd" 5812
"C:/Users/emanu/AppData/Local/UnrealEngine/Common/DerivedDataCache/Buckets/LegacyTEXTURE/1d/3a/d506a2a5c9338d7d44508a05c00ef01d9dc5.udd" 5813
"C:/Users/emanu/AppData/Local/UnrealEngine/Common/DerivedDataCache/Buckets/LegacyTEXTURE/cd/d5/723b579324937cc092803e2e4a345689919a.udd" 5814
"C:/Users/emanu/AppData/Local/UnrealEngine/Common/DerivedDataCache/Buckets/LegacyTEXTURE/52/e9/e2cc2120f6dc66760d47bdf455d1ae5febbd.udd" 5815
"C:/Users/emanu/AppData/Local/UnrealEngine/Common/DerivedDataCache/Buckets/LegacyTEXTURE/84/0e/93bf5d6d367faaaf2056e34f79ea110abee2.udd" 5816
"C:/Users/emanu/AppData/Local/UnrealEngine/Common/DerivedDataCache/Buckets/LegacyTEXTURE/4c/e4/3cd3297a8197c6d6553a27a5214c01e1ba03.udd" 5817
"C:/Users/emanu/AppData/Local/UnrealEngine/Common/DerivedDataCache/Buckets/LegacyTEXTURE/df/df/6f7a1d7fd2ebdaea783b9d059a522b56c3a2.udd" 5818
"C:/Users/emanu/AppData/Local/UnrealEngine/Common/DerivedDataCache/Content/a2/ba/85b5b2864855918b61c3962346c82b30ea87.udd" 5819
"C:/Users/emanu/AppData/Local/UnrealEngine/Common/DerivedDataCache/Buckets/LegacyTEXTURE/1f/45/84a178461419e0bf555fd5108412bda525d3.udd" 5820
"C:/Users/emanu/AppData/Local/UnrealEngine/Common/DerivedDataCache/Buckets/LegacyTEXTURE/15/49/fd02c922085246443f569809641fe93af304.udd" 5821
"C:/Users/emanu/AppData/Local/UnrealEngine/Common/DerivedDataCache/Buckets/LegacyTEXTURE/42/22/2e546017914fb921bb7192a4c063fb147803.udd" 5822
"C:/Users/emanu/AppData/Local/UnrealEngine/Common/DerivedDataCache/Buckets/LegacyTEXTURE/55/93/c7e3a2ada35556cc60e4b7f4490b7cf44e9e.udd" 5823
"C:/Users/emanu/AppData/Local/UnrealEngine/Common/DerivedDataCache/Buckets/LegacyTEXTURE/16/b9/68044877d8fdb27fdb47f884085deb237f9d.udd" 5824
"C:/Users/emanu/AppData/Local/UnrealEngine/Common/DerivedDataCache/Buckets/LegacyTEXTURE/5c/31/c584f180e1abb75b45aa66dbb14f33ec7863.udd" 5825
"C:/Users/emanu/AppData/Local/UnrealEngine/Common/DerivedDataCache/Buckets/LegacyTEXTURE/57/7e/2c3eb9f6c6127898bf09a7aec7be27f1bedc.udd" 5826
"C:/Users/emanu/AppData/Local/UnrealEngine/Common/DerivedDataCache/Buckets/LegacyTEXTURE/08/2f/a0cd1af2810b116d099d17d0df5227e50a61.udd" 5827
"C:/Users/emanu/AppData/Local/UnrealEngine/Common/DerivedDataCache/Buckets/LegacyTEXTURE/0f/bd/b1b9c97bb29b4dd6a507cf93ff824a4928f2.udd" 5828
"C:/Users/emanu/AppData/Local/UnrealEngine/Common/DerivedDataCache/Buckets/LegacyTEXTURE/9e/5a/ed2bf9ad9ad3c02884954260ab63740f1c7c.udd" 5829
"C:/Users/emanu/AppData/Local/UnrealEngine/Common/DerivedDataCache/Buckets/LegacyTEXTURE/75/95/ed06312ab4f269664ae3aaea11d95f9af363.udd" 5830
"C:/Users/emanu/AppData/Local/UnrealEngine/Common/DerivedDataCache/Buckets/LegacyTEXTURE/60/81/4d4219e57f54320e3a89e981bb1be31b7923.udd" 5831
"C:/Users/emanu/AppData/Local/UnrealEngine/Common/DerivedDataCache/Buckets/LegacyTEXTURE/b6/58/d866cd07d3e9dcb82341ce2de9faac8df529.udd" 5832
"C:/Users/emanu/AppData/Local/UnrealEngine/Common/DerivedDataCache/Buckets/LegacyTEXTURE/94/9a/247f4eb01415a9b6c2955d0091b561dd7eb7.udd" 5833
"C:/Users/emanu/AppData/Local/UnrealEngine/Common/DerivedDataCache/Buckets/LegacyTEXTURE/91/03/01b4be5cc773b386c2188e8e3e2fc5d4f091.udd" 5834
"C:/Users/emanu/AppData/Local/UnrealEngine/Common/DerivedDataCache/Buckets/LegacyTEXTURE/31/f9/06c3275878691e6cbdd59f7ac4881783ff1b.udd" 5835
"C:/Users/emanu/AppData/Local/UnrealEngine/Common/DerivedDataCache/Content/4a/a3/3bed9559c9fd5099f5ae3814f8f179ef4166.udd" 5836
"C:/Users/emanu/AppData/Local/UnrealEngine/Common/DerivedDataCache/Buckets/LegacyTEXTURE/e1/75/dfe798fddc37bea2c3d3fbc59af0851ca3cf.udd" 5837
"C:/Users/emanu/AppData/Local/UnrealEngine/Common/DerivedDataCache/Content/6b/6a/be0f070a647d7ad6eec9eed4d6ee27393d24.udd" 5838
"C:/Users/emanu/AppData/Local/UnrealEngine/Common/DerivedDataCache/Buckets/LegacyTEXTURE/ad/87/f8951355bf648ec4c32086fbe0bc0e5554af.udd" 5839
"C:/Users/emanu/AppData/Local/UnrealEngine/Common/DerivedDataCache/Buckets/LegacyTEXTURE/24/63/58918fb4c88de4bff1a7dd5668c32cc74a5a.udd" 5840
"C:/Users/emanu/AppData/Local/UnrealEngine/Common/DerivedDataCache/Buckets/LegacyTEXTURE/bb/c4/6b0189d67c79a32b2569d371f43a5b6b692c.udd" 5841
"C:/Users/emanu/AppData/Local/UnrealEngine/Common/DerivedDataCache/Buckets/LegacyTEXTURE/53/3f/3dc159d662facf917bd210b85837801be604.udd" 5842
"C:/Users/emanu/AppData/Local/UnrealEngine/Common/DerivedDataCache/Buckets/LegacyTEXTURE/a9/da/d0565e049ab836260e19eca5966bd5fe4aec.udd" 5843
"C:/Users/emanu/AppData/Local/UnrealEngine/Common/DerivedDataCache/Buckets/LegacyTEXTURE/de/21/592d3eb80e4fba99d7995b45b48593018c55.udd" 5844
"C:/Users/emanu/AppData/Local/UnrealEngine/Common/DerivedDataCache/Buckets/LegacyTEXTURE/b6/e4/4a4b50db80df1d6e3b81f703677cf7cb5372.udd" 5845
"C:/Users/emanu/AppData/Local/UnrealEngine/Common/DerivedDataCache/Buckets/LegacyTEXTURE/ca/57/738e51a0516e4bcee816cab6a4144089f9b8.udd" 5846
"C:/Users/emanu/AppData/Local/UnrealEngine/Common/DerivedDataCache/Buckets/LegacyTEXTURE/40/f8/041de4d9558aa102f4cda066316a6c622b8f.udd" 5847
"C:/Users/emanu/AppData/Local/UnrealEngine/Common/DerivedDataCache/Buckets/LegacyTEXTURE/4d/09/b889d4b26809f6ba590bdd3cb34ae7f2354e.udd" 5848
"C:/Users/emanu/AppData/Local/UnrealEngine/Common/DerivedDataCache/Buckets/LegacyTEXTURE/3e/7c/649d1c977672c6859a209bcc4b26680717a6.udd" 5849
"C:/Users/emanu/AppData/Local/UnrealEngine/Common/DerivedDataCache/Buckets/LegacyTEXTURE/73/63/e7f66f84da22b112403b1f4ca90234abd029.udd" 5850
"C:/Users/emanu/AppData/Local/UnrealEngine/Common/DerivedDataCache/Buckets/LegacyTEXTURE/85/47/37c58d988dfcb321c04a406462c45955cc4d.udd" 5851
"C:/Users/emanu/AppData/Local/UnrealEngine/Common/DerivedDataCache/Buckets/LegacyTEXTURE/03/a1/81567b9127733e793476b50aff52f9a9f8f9.udd" 5852
"C:/Users/emanu/AppData/Local/UnrealEngine/Common/DerivedDataCache/Buckets/LegacyTEXTURE/81/bd/0ebf31b3b6b033e6624b8759fc477b9f19c1.udd" 5853
"C:/Users/emanu/AppData/Local/UnrealEngine/Common/DerivedDataCache/Buckets/LegacyTEXTURE/5a/56/e12d823d97b8e72080847ffb61035287ee4f.udd" 5854
"C:/Users/emanu/AppData/Local/UnrealEngine/Common/DerivedDataCache/Buckets/LegacyTEXTURE/39/77/41dffed98339375089349c46c48f0ab4aea0.udd" 5855
"C:/Users/emanu/AppData/Local/UnrealEngine/Common/DerivedDataCache/Content/61/91/16987cf9bfe22b52a63e3fcbfdf3ed7179e4.udd" 5856
"C:/Users/emanu/AppData/Local/UnrealEngine/Common/DerivedDataCache/Content/18/b8/863a2ecef34886c6fcba4a90460c246a447b.udd" 5857
"C:/Users/emanu/AppData/Local/UnrealEngine/Common/DerivedDataCache/Buckets/LegacyTEXTURE/71/45/f0cee3a2a07ebca9096e57c42dc474e182eb.udd" 5858
"C:/Users/emanu/AppData/Local/UnrealEngine/Common/DerivedDataCache/Buckets/LegacyTEXTURE/14/65/2a4e9cfafddc341c72f487fb61fadb2e0253.udd" 5859
"C:/Users/emanu/AppData/Local/UnrealEngine/Common/DerivedDataCache/Buckets/LegacyTEXTURE/24/98/0b5a8f923469d12e99ba28dbad12444d0788.udd" 5860
"C:/Users/emanu/AppData/Local/UnrealEngine/Common/DerivedDataCache/Buckets/LegacyTEXTURE/aa/00/0e95398f29ef0ae42eeb4d6271d88759ddbc.udd" 5861
"C:/Users/emanu/AppData/Local/UnrealEngine/Common/DerivedDataCache/Buckets/LegacyTEXTURE/ca/51/cdf96894e36b7013d00a48d9897e06eab85c.udd" 5862
"C:/Users/emanu/AppData/Local/UnrealEngine/Common/DerivedDataCache/Buckets/LegacyTEXTURE/23/b8/6f330052059051e003564598c7498ddfe8e5.udd" 5863
"C:/Users/emanu/AppData/Local/UnrealEngine/Common/DerivedDataCache/Buckets/LegacyTEXTURE/01/44/a291601422d28ed43756f2e3aacd4fce59e4.udd" 5864
"C:/Users/emanu/AppData/Local/UnrealEngine/Common/DerivedDataCache/Buckets/LegacyTEXTURE/9c/20/f9f6937db48b4699ce4ae71345c86025b59e.udd" 5865
"C:/Users/emanu/AppData/Local/UnrealEngine/Common/DerivedDataCache/Buckets/LegacyTEXTURE/77/64/646f057722b6029e9bd92c26b20356abde85.udd" 5866
"C:/Users/emanu/AppData/Local/UnrealEngine/Common/DerivedDataCache/Buckets/LegacyTEXTURE/eb/ba/88148d40ced86b60e14b8f3c35a93d01c77e.udd" 5867
"C:/Users/emanu/AppData/Local/UnrealEngine/Common/DerivedDataCache/Buckets/LegacyTEXTURE/c1/45/6f6f98bdaa9a5805cfa2cfc33610f697768a.udd" 5868
"C:/Users/emanu/AppData/Local/UnrealEngine/Common/DerivedDataCache/Buckets/LegacyTEXTURE/ae/78/829ca883a9ebd441c44c5d0938f4a234a2ef.udd" 5869
"C:/Users/emanu/AppData/Local/UnrealEngine/Common/DerivedDataCache/Buckets/LegacyTEXTURE/2b/8e/46e83acd2d5b8b12c8bbd7def585bace7069.udd" 5870
"C:/Users/emanu/AppData/Local/UnrealEngine/Common/DerivedDataCache/Buckets/LegacyTEXTURE/50/28/db2436ad25e7b73e695d509a3bc812b9c653.udd" 5871
"C:/Users/emanu/AppData/Local/UnrealEngine/Common/DerivedDataCache/Buckets/LegacyTEXTURE/0b/56/05a776dd5e8f721374fd1882d4c47ed9d2e9.udd" 5872
"C:/Users/emanu/AppData/Local/UnrealEngine/Common/DerivedDataCache/Buckets/LegacyTEXTURE/f5/85/2191cade2a95c41ef0a79804c8753f275d3b.udd" 5873
"C:/Users/emanu/AppData/Local/UnrealEngine/Common/DerivedDataCache/Buckets/LegacyTEXTURE/20/f9/e1db8a0c35fdc0b3d9b9c85451c7cb67be43.udd" 5874
"C:/Users/emanu/AppData/Local/UnrealEngine/Common/DerivedDataCache/Buckets/LegacyTEXTURE/88/ec/79a62cfd9a0d0c774b5c622ec771e08a1b45.udd" 5875
"C:/Users/emanu/AppData/Local/UnrealEngine/Common/DerivedDataCache/Buckets/LegacyTEXTURE/04/26/126e6382f174beea8c5633b07d1f06db5a88.udd" 5876
"C:/Users/emanu/AppData/Local/UnrealEngine/Common/DerivedDataCache/Buckets/LegacyTEXTURE/4f/97/6bad2ffe753f3f4dd697dc7a90a6f1f341de.udd" 5877
"C:/Users/emanu/AppData/Local/UnrealEngine/Common/DerivedDataCache/Buckets/LegacyTEXTURE/28/4e/067c363833a33731c868343b909c985fef01.udd" 5878
"C:/Users/emanu/AppData/Local/UnrealEngine/Common/DerivedDataCache/Content/1c/e3/781a6e6ed36cda1a8571f510579170b9ed16.udd" 5879
"C:/Users/emanu/AppData/Local/UnrealEngine/Common/DerivedDataCache/Buckets/LegacyTEXTURE/43/f0/0b266e70432521f4ce843984e8c4ec06bef6.udd" 5880
"C:/Users/emanu/AppData/Local/UnrealEngine/Common/DerivedDataCache/Content/1f/72/4b364eceeddd5dda997726ce179aa72ed50b.udd" 5881
"C:/Users/emanu/AppData/Local/UnrealEngine/Common/DerivedDataCache/Buckets/LegacyTEXTURE/38/36/8c4a8d54286e5aaa25eb8736c2314d611161.udd" 5882
"C:/Users/emanu/AppData/Local/UnrealEngine/Common/DerivedDataCache/Buckets/LegacyTEXTURE/63/ce/19c5c9639286b0405ccdc3499bf8c5f202f6.udd" 5883
"C:/Users/emanu/AppData/Local/UnrealEngine/Common/DerivedDataCache/Buckets/LegacyTEXTURE/7d/9f/46d8a4febae6dfffcb9211b7be255a794c27.udd" 5884
"C:/Users/emanu/AppData/Local/UnrealEngine/Common/DerivedDataCache/Buckets/LegacyTEXTURE/3f/67/ea4ea11521992c7f66bb916a7e2341b90a67.udd" 5885
"C:/Users/emanu/AppData/Local/UnrealEngine/Common/DerivedDataCache/Buckets/LegacyTEXTURE/84/38/902de2dabfa622fa95c9745fded0554ded73.udd" 5886
"C:/Users/emanu/AppData/Local/UnrealEngine/Common/DerivedDataCache/Buckets/LegacyTEXTURE/0a/eb/4f0b592de66445023c15515c4a353eac60ec.udd" 5887
"C:/Users/emanu/AppData/Local/UnrealEngine/Common/DerivedDataCache/Buckets/LegacyTEXTURE/12/2f/b1a863a9c06c55a8f7ecb8e03d974efa368b.udd" 5888
"C:/Users/emanu/AppData/Local/UnrealEngine/Common/DerivedDataCache/Content/2e/39/4e351eeea0f59dde9d3556d5087c87dffb11.udd" 5889
"C:/Users/emanu/AppData/Local/UnrealEngine/Common/DerivedDataCache/Content/a5/ba/89fcbd3fc2a295c16940d402be8a6307d2d4.udd" 5890
"C:/Users/emanu/AppData/Local/UnrealEngine/Common/DerivedDataCache/Buckets/LegacyTEXTURE/e0/ca/35ae87bde9ce610595efa5e86cd86a8bae2f.udd" 5891
"C:/Users/emanu/AppData/Local/UnrealEngine/Common/DerivedDataCache/Buckets/LegacyTEXTURE/7c/e3/66dbd95bd2176979999fc7f039e6309c5c4d.udd" 5892
"C:/Users/emanu/AppData/Local/UnrealEngine/Common/DerivedDataCache/Buckets/LegacyTEXTURE/55/a9/630e1e17f2943bfe532aa0c52f582cd1a547.udd" 5893
"C:/Users/emanu/AppData/Local/UnrealEngine/Common/DerivedDataCache/Buckets/LegacyTEXTURE/56/87/a9a7adfc27f0fd6b95a33aa45128b31c1288.udd" 5894
"C:/Users/emanu/AppData/Local/UnrealEngine/Common/DerivedDataCache/Buckets/LegacyTEXTURE/7f/c8/93cf08d1918d815ec9972b3a5d4ff488f4ee.udd" 5895
"C:/Users/emanu/AppData/Local/UnrealEngine/Common/DerivedDataCache/Buckets/LegacyTEXTURE/7a/ca/d32f388a58bd2f6bc5baa1b0e3afb3f87432.udd" 5896
"C:/Users/emanu/AppData/Local/UnrealEngine/Common/DerivedDataCache/Buckets/LegacyTEXTURE/28/25/0072ea44e10d798eabf730ec15adc2d4ca53.udd" 5897
"C:/Users/emanu/AppData/Local/UnrealEngine/Common/DerivedDataCache/Buckets/LegacyTEXTURE/36/5e/374506c81b94c8a53a3489f81325b686ac54.udd" 5898
"C:/Users/emanu/AppData/Local/UnrealEngine/Common/DerivedDataCache/Buckets/LegacyTEXTURE/29/70/66b0f7a658df2dd52dc22dd47f2ceefaf93b.udd" 5899
"C:/Users/emanu/AppData/Local/UnrealEngine/Common/DerivedDataCache/Buckets/LegacyTEXTURE/2d/9c/1ff53c40606a07cee2f34191df8e24d863bd.udd" 5900
"C:/Users/emanu/AppData/Local/UnrealEngine/Common/DerivedDataCache/Buckets/LegacyTEXTURE/cb/52/e4269339c95b2e0b2ec2d9f8ca76ef1719f1.udd" 5901
"C:/Users/emanu/AppData/Local/UnrealEngine/Common/DerivedDataCache/Buckets/LegacyTEXTURE/9a/75/b686876e0daeb500f452ebcc15c3e4982405.udd" 5902
"C:/Users/emanu/AppData/Local/UnrealEngine/Common/DerivedDataCache/Buckets/LegacyTEXTURE/5a/00/6fbfc95813224fecebf9ea5dda06f4d7a97c.udd" 5903
"C:/Users/emanu/AppData/Local/UnrealEngine/Common/DerivedDataCache/Content/da/bc/084e777ec4c83e175156d8944fd2f7f52ce9.udd" 5904
"C:/Users/emanu/AppData/Local/UnrealEngine/Common/DerivedDataCache/Buckets/LegacyTEXTURE/1f/6d/6ab41b54718b4f771410aee559abb662b832.udd" 5905
"C:/Users/emanu/AppData/Local/UnrealEngine/Common/DerivedDataCache/Content/fd/67/57b044a062f8cdd1299f13526208907ffc39.udd" 5906
"C:/Users/emanu/AppData/Local/UnrealEngine/Common/DerivedDataCache/Buckets/LegacyTEXTURE/7e/bd/9a077ef4e8c3b6d4575c0a53189bc5734cb6.udd" 5907
"C:/Users/emanu/AppData/Local/UnrealEngine/Common/DerivedDataCache/Buckets/LegacyTEXTURE/d7/b9/a2e465e5854a25021c2844d4019df0246e15.udd" 5908
"C:/Users/emanu/AppData/Local/UnrealEngine/Common/DerivedDataCache/Buckets/LegacyTEXTURE/b7/89/42feda8537245b942a4726b28307608576d4.udd" 5909
"C:/Users/emanu/AppData/Local/UnrealEngine/Common/DerivedDataCache/Buckets/LegacyTEXTURE/dc/3b/c32cb124347bdf7623745f1505b7c52a2ec2.udd" 5910
"C:/Users/emanu/AppData/Local/UnrealEngine/Common/DerivedDataCache/Buckets/LegacyTEXTURE/d5/a1/bb02f4d9574bb5e29f65a9430669890764b9.udd" 5911
"C:/Users/emanu/AppData/Local/UnrealEngine/Common/DerivedDataCache/Buckets/LegacyTEXTURE/99/62/80ae39264d5f24846c3617469342046fdabe.udd" 5912
"C:/Users/emanu/AppData/Local/UnrealEngine/Common/DerivedDataCache/Buckets/LegacyTEXTURE/a7/d9/3d190ea3f9428703c29a3f2ffbf40ef28438.udd" 5913
"C:/Users/emanu/AppData/Local/UnrealEngine/Common/DerivedDataCache/Buckets/LegacyTEXTURE/11/16/c1cb5d23d07704d38fde5f6da2c71a577ed8.udd" 5914
"C:/Users/emanu/AppData/Local/UnrealEngine/Common/DerivedDataCache/Buckets/LegacyTEXTURE/66/7d/cb29ea477b74c06bc3e87e6ee7ce365722c1.udd" 5915
"C:/Users/emanu/AppData/Local/UnrealEngine/Common/DerivedDataCache/Buckets/LegacyTEXTURE/33/4c/14d48aa2b4a9252eaa6f16a8a5b8c74a8c54.udd" 5916
"C:/Users/emanu/AppData/Local/UnrealEngine/Common/DerivedDataCache/Buckets/LegacyTEXTURE/0a/07/7191711ab865f779d2ce53bbb7192ca5af89.udd" 5917
"C:/Users/emanu/AppData/Local/UnrealEngine/Common/DerivedDataCache/Buckets/LegacyTEXTURE/42/6c/87b2e35ab9ac9a2eb43d3241af2995f1ba16.udd" 5918
"C:/Users/emanu/AppData/Local/UnrealEngine/Common/DerivedDataCache/Buckets/LegacyTEXTURE/82/36/d5b47a8b72c5d0518143ac6a2c8fcd1bb8bc.udd" 5919
"C:/Users/emanu/AppData/Local/UnrealEngine/Common/DerivedDataCache/Content/53/6a/bd05e2ea8fbb563b30821849ad67d96b8bf2.udd" 5920
"C:/Users/emanu/AppData/Local/UnrealEngine/Common/DerivedDataCache/Buckets/LegacyTEXTURE/ea/f6/34c071b6b17ae09b71def7ecaa7749a67ac3.udd" 5921
"C:/Users/emanu/AppData/Local/UnrealEngine/Common/DerivedDataCache/Buckets/LegacyTEXTURE/2a/ec/2e04adea4ee101891832667d14fb226602a8.udd" 5922
"C:/Users/emanu/AppData/Local/UnrealEngine/Common/DerivedDataCache/Buckets/LegacyTEXTURE/97/fd/de7aa2c56b7f8502fd76d60a1690574b1457.udd" 5923
"C:/Users/emanu/AppData/Local/UnrealEngine/Common/DerivedDataCache/Buckets/LegacyTEXTURE/68/87/70b2e3b96b9448474af3656fbf63fa78b055.udd" 5924
"C:/Users/emanu/AppData/Local/UnrealEngine/Common/DerivedDataCache/Buckets/LegacyTEXTURE/9d/d2/1eb1fe2d7d3e220995fb68ad5670874dc762.udd" 5925
"C:/Users/emanu/AppData/Local/UnrealEngine/Common/DerivedDataCache/Buckets/LegacyTEXTURE/97/81/5c59eafc52cd7f4f702219ebfb608ba2f6d7.udd" 5926
"C:/Users/emanu/AppData/Local/UnrealEngine/Common/DerivedDataCache/Buckets/LegacyTEXTURE/a8/d8/74e69b653bf7959a3b7bf02272967f5a0136.udd" 5927
"C:/Users/emanu/AppData/Local/UnrealEngine/Common/DerivedDataCache/Buckets/LegacyTEXTURE/38/e5/c9b72f0bbd98fa62fd2f2d5e38e33289156b.udd" 5928
"C:/Users/emanu/AppData/Local/UnrealEngine/Common/DerivedDataCache/Buckets/LegacyTEXTURE/d5/13/892cca01b978b42e4c3dfd37b158d51b08e0.udd" 5929
"C:/Users/emanu/AppData/Local/UnrealEngine/Common/DerivedDataCache/Buckets/LegacyTEXTURE/69/65/35a4894b52f857313873ec3d99c673eede45.udd" 5930
"C:/Users/emanu/AppData/Local/UnrealEngine/Common/DerivedDataCache/Buckets/LegacyTEXTURE/e4/61/f95383378ec252f56d6a6081f445e16507ad.udd" 5931
"C:/Users/emanu/AppData/Local/UnrealEngine/Common/DerivedDataCache/Buckets/LegacyTEXTURE/58/4f/8b3b4a863f25f25aefa08093545fa6a1468f.udd" 5932
"C:/Users/emanu/AppData/Local/UnrealEngine/Common/DerivedDataCache/Buckets/LegacyTEXTURE/97/cc/4217035e421d4d649ba19717a5ae92256493.udd" 5933
"C:/Users/emanu/AppData/Local/UnrealEngine/Common/DerivedDataCache/Buckets/LegacyTEXTURE/01/c5/38673c12f351ed0ec00e7044e1577b72e294.udd" 5934
"C:/Users/emanu/AppData/Local/UnrealEngine/Common/DerivedDataCache/Buckets/LegacyTEXTURE/eb/f3/e0bceb91e86eb4729fc2a992f0051e2c06b2.udd" 5935
"C:/Users/emanu/AppData/Local/UnrealEngine/Common/DerivedDataCache/Buckets/LegacyTEXTURE/e9/91/e32c13cbddfa47afdb72ed3e17effe402230.udd" 5936
"C:/Users/emanu/AppData/Local/UnrealEngine/Common/DerivedDataCache/Buckets/LegacyTEXTURE/c0/e9/9ed315ee0afb1b485dd6d812951198ef1082.udd" 5937
"C:/Users/emanu/AppData/Local/UnrealEngine/Common/DerivedDataCache/Buckets/LegacyTEXTURE/6c/dc/5338f1efcab255fbfd37e02b1a3ba7edd6ad.udd" 5938
"C:/Users/emanu/AppData/Local/UnrealEngine/Common/DerivedDataCache/Buckets/LegacyTEXTURE/d4/58/d99d8d0faf9f20d0419a44fb29cca9c49942.udd" 5939
"C:/Users/emanu/AppData/Local/UnrealEngine/Common/DerivedDataCache/Buckets/LegacyTEXTURE/3d/8d/296a978e9aef2c175ec6f3313765d46c432f.udd" 5940
"C:/Users/emanu/AppData/Local/UnrealEngine/Common/DerivedDataCache/Buckets/LegacyTEXTURE/5e/c1/c54a4f0cea8fb9aea3cd76cda7f2de17454b.udd" 5941
"C:/Users/emanu/AppData/Local/UnrealEngine/Common/DerivedDataCache/Content/f9/6d/00d37428ca176f91b148f2016c71eb5ab7d7.udd" 5942
"C:/Users/emanu/AppData/Local/UnrealEngine/Common/DerivedDataCache/Buckets/LegacyTEXTURE/6c/29/8016cb15078c7eeecf766b5e65e366faffde.udd" 5943
"C:/Users/emanu/AppData/Local/UnrealEngine/Common/DerivedDataCache/Buckets/LegacyTEXTURE/b4/a3/4fdfa49f55380ab99628bfc7bddcdeef39b7.udd" 5944
"C:/Users/emanu/AppData/Local/UnrealEngine/Common/DerivedDataCache/Buckets/LegacyTEXTURE/a3/2c/49e841efc3de02ec46e2000874837f8f8795.udd" 5945
"C:/Users/emanu/AppData/Local/UnrealEngine/Common/DerivedDataCache/Buckets/LegacyTEXTURE/bf/b4/ad278ccbd2a587433e90d73f6f523c2ede19.udd" 5946
"C:/Users/emanu/AppData/Local/UnrealEngine/Common/DerivedDataCache/Buckets/LegacyTEXTURE/64/e0/34d262da072f6b9134cc8162b344fd720df2.udd" 5947
"C:/Users/emanu/AppData/Local/UnrealEngine/Common/DerivedDataCache/Buckets/LegacyTEXTURE/23/1c/bbdc41dcd61a6f607f4a7c38d6bdc7368d18.udd" 5948
"C:/Users/emanu/AppData/Local/UnrealEngine/Common/DerivedDataCache/Buckets/LegacyTEXTURE/c6/91/9d0e33c6cfb1db7a1383be098ee48d2609d7.udd" 5949
"C:/Users/emanu/AppData/Local/UnrealEngine/Common/DerivedDataCache/Buckets/LegacyTEXTURE/4f/0b/37f6b27757b03db15cf80185f9f2f7793048.udd" 5950
"C:/Users/emanu/AppData/Local/UnrealEngine/Common/DerivedDataCache/Content/a8/0f/7a1975818f13e0aebd1e0d730db2b70de219.udd" 5951
"C:/Users/emanu/AppData/Local/UnrealEngine/Common/DerivedDataCache/Content/5a/9d/08cd510eb068f9c94e3d5c5d3785b6f8dee2.udd" 5952
"C:/Users/emanu/AppData/Local/UnrealEngine/Common/DerivedDataCache/Buckets/LegacyTEXTURE/6b/f0/df6f8624a6b1deda79b9e765188c15d11611.udd" 5953
"C:/Users/emanu/AppData/Local/UnrealEngine/Common/DerivedDataCache/Buckets/LegacyTEXTURE/32/e1/04f94945d90ad91be98922d6cc569d7f14f1.udd" 5954
"C:/Users/emanu/AppData/Local/UnrealEngine/Common/DerivedDataCache/Buckets/LegacyTEXTURE/93/90/35db1ad07348057aeb19a12a3d1f2ee99870.udd" 5955
"C:/Users/emanu/AppData/Local/UnrealEngine/Common/DerivedDataCache/Buckets/LegacyTEXTURE/c9/45/8ffa7dd5b6a82804eb17e71e1d0f2a624593.udd" 5956
"C:/Users/emanu/AppData/Local/UnrealEngine/Common/DerivedDataCache/Buckets/LegacyTEXTURE/12/43/b153cfabe092e0f7c8f4d422e3208d9dfdf3.udd" 5957
"C:/Users/emanu/AppData/Local/UnrealEngine/Common/DerivedDataCache/Buckets/LegacyTEXTURE/9b/f8/c86c39591a3face9b1dec0aa357bb65ffe92.udd" 5958
"C:/Users/emanu/AppData/Local/UnrealEngine/Common/DerivedDataCache/Buckets/LegacyTEXTURE/b5/93/09aeb43f9deff5952180cae19b66a75b6a41.udd" 5959
"C:/Users/emanu/AppData/Local/UnrealEngine/Common/DerivedDataCache/Buckets/LegacyTEXTURE/6f/0a/f02e3384c2eedfa19f9f94a1897c91081690.udd" 5960
"C:/Users/emanu/AppData/Local/UnrealEngine/Common/DerivedDataCache/Buckets/LegacyTEXTURE/73/81/9f3a4510b4a8f2456fd2f49752c98a65ba09.udd" 5961
"C:/Users/emanu/AppData/Local/UnrealEngine/Common/DerivedDataCache/Buckets/LegacyTEXTURE/cd/c9/9ba5b96e8d43dc2194dfc2726b08dfa90471.udd" 5962
"C:/Users/emanu/AppData/Local/UnrealEngine/Common/DerivedDataCache/Buckets/LegacyTEXTURE/10/aa/7bd0230b3e3c822e1c236b9ee67e80e7e9f2.udd" 5963
"C:/Users/emanu/AppData/Local/UnrealEngine/Common/DerivedDataCache/Buckets/LegacyTEXTURE/b4/c4/40dbb682a0e261348110af8795ffe3d1e966.udd" 5964
"C:/Users/emanu/AppData/Local/UnrealEngine/Common/DerivedDataCache/Buckets/LegacyTEXTURE/0e/f9/540888954fc79ec8fb6d0c7c68727ac7ea6a.udd" 5965
"C:/Users/emanu/AppData/Local/UnrealEngine/Common/DerivedDataCache/Content/15/54/ab3b4f14327ea9eaa2ad69b5ac6073d956b3.udd" 5966
"C:/Users/emanu/AppData/Local/UnrealEngine/Common/DerivedDataCache/Buckets/LegacyTEXTURE/1b/06/1b4cc0551e7ad66d07409e33b87f6a0af52d.udd" 5967
"C:/Users/emanu/AppData/Local/UnrealEngine/Common/DerivedDataCache/Buckets/LegacyTEXTURE/9a/81/d5b323ccd86040b881ef304edd4582798481.udd" 5968
"C:/Users/emanu/AppData/Local/UnrealEngine/Common/DerivedDataCache/Buckets/LegacyTEXTURE/f9/fa/0b31b267661db8f9104051d82aadcd71b850.udd" 5969
"C:/Users/emanu/AppData/Local/UnrealEngine/Common/DerivedDataCache/Buckets/LegacyTEXTURE/c4/28/272ee2d89656fb33f958d6899259d2c74293.udd" 5970
"C:/Users/emanu/AppData/Local/UnrealEngine/Common/DerivedDataCache/Buckets/LegacyTEXTURE/f3/0d/054126a1c4704250ba0f3f45b1cc8375ceff.udd" 5971
"C:/Users/emanu/AppData/Local/UnrealEngine/Common/DerivedDataCache/Content/10/69/deac842a573ba07b8a1e74c87123a4e6c327.udd" 5972
"C:/Users/emanu/AppData/Local/UnrealEngine/Common/DerivedDataCache/Buckets/LegacyTEXTURE/9c/9a/09adc7fe4a488f977ee5fbf814d224e5a7c7.udd" 5973
"C:/Users/emanu/AppData/Local/UnrealEngine/Common/DerivedDataCache/Buckets/LegacyTEXTURE/48/92/a1b07833131ed2aacc0368300fd5bb922848.udd" 5974
"C:/Users/emanu/AppData/Local/UnrealEngine/Common/DerivedDataCache/Buckets/LegacyTEXTURE/fc/2b/86f3c8c4388d740803831542c2725c73e317.udd" 5975
"C:/Users/emanu/AppData/Local/UnrealEngine/Common/DerivedDataCache/Buckets/LegacyTEXTURE/fc/1a/715dae69a4e238a06d6b91fe11afc2517a64.udd" 5976
"C:/Users/emanu/AppData/Local/UnrealEngine/Common/DerivedDataCache/Buckets/LegacyTEXTURE/a3/06/07ad43e14a07ba805498a4f95779cc4a7f2b.udd" 5977
"C:/Users/emanu/AppData/Local/UnrealEngine/Common/DerivedDataCache/Buckets/LegacyTEXTURE/0f/fa/c490bfcbad47a625d63548380b4f5aae76b2.udd" 5978
"C:/Users/emanu/AppData/Local/UnrealEngine/Common/DerivedDataCache/Buckets/LegacyTEXTURE/69/67/ee5e285fcae78da535bd81e3f08f934c962d.udd" 5979
"C:/Users/emanu/AppData/Local/UnrealEngine/Common/DerivedDataCache/Buckets/LegacyTEXTURE/5f/f1/1ef1a19eba0085c7d211b990bb4755518ec0.udd" 5980
"C:/Users/emanu/AppData/Local/UnrealEngine/Common/DerivedDataCache/Content/37/16/23e3a3a2d2e0b36af99c961d8876509917e3.udd" 5981
"C:/Users/emanu/AppData/Local/UnrealEngine/Common/DerivedDataCache/Buckets/LegacyTEXTURE/a5/7f/da04ef6e80e97052591c77742dce445b52f2.udd" 5982
"C:/Users/emanu/AppData/Local/UnrealEngine/Common/DerivedDataCache/Buckets/LegacyTEXTURE/35/c3/7493417caaf72968531ad8e7a5a1c3ce655c.udd" 5983
"C:/Users/emanu/AppData/Local/UnrealEngine/Common/DerivedDataCache/Buckets/LegacyTEXTURE/11/1c/8b6473f3e51d0ead73c451a9eaf61bf2fc2c.udd" 5984
"C:/Users/emanu/AppData/Local/UnrealEngine/Common/DerivedDataCache/Buckets/LegacyTEXTURE/b7/19/d8525e91ddce7f6356ee466a53f9091b5496.udd" 5985
"C:/Users/emanu/AppData/Local/UnrealEngine/Common/DerivedDataCache/Buckets/LegacyTEXTURE/c5/d1/91e5c6c28ed2992df7b43de842299e0e4282.udd" 5986
"C:/Users/emanu/AppData/Local/UnrealEngine/Common/DerivedDataCache/Buckets/LegacyTEXTURE/52/df/e6ee7e3a41b7f346d07297695c14a4eae169.udd" 5987
"C:/Users/emanu/AppData/Local/UnrealEngine/Common/DerivedDataCache/Buckets/LegacyTEXTURE/fe/8f/51949f3e3a44e7b3c858e2ee10d62f29c6c8.udd" 5988
"C:/Users/emanu/AppData/Local/UnrealEngine/Common/DerivedDataCache/Buckets/LegacyTEXTURE/7a/c4/4cfcfd63cf1531b906a38a28228fcbcbe8f7.udd" 5989
"C:/Users/emanu/AppData/Local/UnrealEngine/Common/DerivedDataCache/Buckets/LegacyTEXTURE/15/ec/1fd3377e1b728d6e4da1f09611eb27a3f274.udd" 5990
"C:/Users/emanu/AppData/Local/UnrealEngine/Common/DerivedDataCache/Buckets/LegacyTEXTURE/76/66/96f7bae15dcca13bcd44118f347824dda0e1.udd" 5991
"C:/Users/emanu/AppData/Local/UnrealEngine/Common/DerivedDataCache/Buckets/LegacyTEXTURE/24/cf/b9cf443617682407b6328b8787245ae9b453.udd" 5992
"C:/Users/emanu/AppData/Local/UnrealEngine/Common/DerivedDataCache/Buckets/LegacyTEXTURE/cc/18/3e04fc5a5998df5965bf541e3534cea6f979.udd" 5993
"C:/Users/emanu/AppData/Local/UnrealEngine/Common/DerivedDataCache/Buckets/LegacyTEXTURE/7b/96/13ae7b99d9f38916788cac8a3a165c9e2190.udd" 5994
"C:/Users/emanu/AppData/Local/UnrealEngine/Common/DerivedDataCache/Buckets/LegacyTEXTURE/a1/04/c70fe61120c86ce065b187f77b8f254e7121.udd" 5995
"C:/Users/emanu/AppData/Local/UnrealEngine/Common/DerivedDataCache/Buckets/LegacyTEXTURE/9a/4c/15cf27cf9153580635037b4add38e8191fcf.udd" 5996
"C:/Users/emanu/AppData/Local/UnrealEngine/Common/DerivedDataCache/Buckets/LegacyTEXTURE/86/5e/18dec54d480084171fff56f2cbb17513b474.udd" 5997
"C:/Users/emanu/AppData/Local/UnrealEngine/Common/DerivedDataCache/Buckets/LegacyTEXTURE/ff/c6/e20e0ebbfb3874afa155bc9d5de535db4ac5.udd" 5998
"C:/Users/emanu/AppData/Local/UnrealEngine/Common/DerivedDataCache/Buckets/LegacyTEXTURE/4c/d5/d4b41d9eda7cf89a4d694416ffa3af0ea53d.udd" 5999
"C:/Users/emanu/AppData/Local/UnrealEngine/Common/DerivedDataCache/Buckets/LegacyTEXTURE/a7/94/73488abb2064cbe8bbf8c7a6d242fb4e9b51.udd" 6000
"C:/Users/emanu/AppData/Local/UnrealEngine/Common/DerivedDataCache/Buckets/LegacyTEXTURE/94/d2/9aa4476caf2963a5e8beccb76fd3e54b2636.udd" 6001
"C:/Users/emanu/AppData/Local/UnrealEngine/Common/DerivedDataCache/Buckets/LegacyTEXTURE/f5/1b/da4e08beed71210d91ce7e8bbddc6ae2efa1.udd" 6002
"C:/Users/emanu/AppData/Local/UnrealEngine/Common/DerivedDataCache/Buckets/LegacyTEXTURE/c9/36/6bbe21d631876e5160cbec80a8861b29f110.udd" 6003
"C:/Users/emanu/AppData/Local/UnrealEngine/Common/DerivedDataCache/Buckets/LegacyTEXTURE/c1/f2/7798465f32edb798444352a84d7be7beaf98.udd" 6004
"C:/Users/emanu/AppData/Local/UnrealEngine/Common/DerivedDataCache/Buckets/LegacyTEXTURE/18/07/618dbedb90f4c828a0999181f632a97d2cf7.udd" 6005
"C:/Users/emanu/AppData/Local/UnrealEngine/Common/DerivedDataCache/Buckets/LegacyTEXTURE/e8/d6/7835528fbec6ce194c45e7fbf625d3ea86f2.udd" 6006
"C:/Users/emanu/AppData/Local/UnrealEngine/Common/DerivedDataCache/Buckets/LegacyTEXTURE/e7/d3/6577d042285361ccbf601cd3a561d661ad9f.udd" 6007
"C:/Users/emanu/AppData/Local/UnrealEngine/Common/DerivedDataCache/Buckets/LegacyTEXTURE/24/d1/9ddbcc0c1a361c5ad83012d9a0babf98c541.udd" 6008
"C:/Users/emanu/AppData/Local/UnrealEngine/Common/DerivedDataCache/Buckets/LegacyTEXTURE/3f/ad/bdadf6f1da78e177751969c9190129055175.udd" 6009
"C:/Users/emanu/AppData/Local/UnrealEngine/Common/DerivedDataCache/Buckets/LegacyTEXTURE/75/dd/29034a83bdd0b7f00958864596c15de2d06f.udd" 6010
"C:/Users/emanu/AppData/Local/UnrealEngine/Common/DerivedDataCache/Buckets/LegacyTEXTURE/a4/a2/4b0f48f7d643d435a358066febfe6c4b0102.udd" 6011
"C:/Users/emanu/AppData/Local/UnrealEngine/Common/DerivedDataCache/Buckets/LegacyTEXTURE/3f/ae/b085c98857cc8cbb948109cc9f9b8804ee67.udd" 6012
"C:/Users/emanu/AppData/Local/UnrealEngine/Common/DerivedDataCache/Buckets/LegacyTEXTURE/3c/09/fd5a2b27c499d65d06780a85a7bb0fd139d2.udd" 6013
"C:/Users/emanu/AppData/Local/UnrealEngine/Common/DerivedDataCache/Buckets/LegacyTEXTURE/f7/01/0b1b91fbf5d9881dad0b26d95c4b66485c8d.udd" 6014
"C:/Users/emanu/AppData/Local/UnrealEngine/Common/DerivedDataCache/Buckets/LegacyTEXTURE/9d/27/a7a7363ac2f940fd516ca76b8964d8f46f32.udd" 6015
"C:/Users/emanu/AppData/Local/UnrealEngine/Common/DerivedDataCache/Buckets/LegacyTEXTURE/1e/a8/6f31e87c84fdef38e7bafb2e94fcab0d6f83.udd" 6016
"C:/Users/emanu/AppData/Local/UnrealEngine/Common/DerivedDataCache/Buckets/LegacyTEXTURE/bb/5b/b5c32ad575b22b32fd1c47b09c108c7a162f.udd" 6017
"C:/Users/emanu/AppData/Local/UnrealEngine/Common/DerivedDataCache/Buckets/LegacyTEXTURE/91/9c/a5cbe6efdbc8ad663d3538f477e3bc08a6c7.udd" 6018
"C:/Users/emanu/AppData/Local/UnrealEngine/Common/DerivedDataCache/Buckets/LegacyTEXTURE/00/6b/3fd842dc3215bf94f346f13b303d19bfdced.udd" 6019
"C:/Users/emanu/AppData/Local/UnrealEngine/Common/DerivedDataCache/Buckets/LegacyTEXTURE/02/6b/adc78f1dcbbe3ddcddcfb0b2e74484dcbbcb.udd" 6020
"C:/Users/emanu/AppData/Local/UnrealEngine/Common/DerivedDataCache/Buckets/LegacyTEXTURE/00/a8/a7f3d5a91ead65572c7c648b3f5a1c7ff63d.udd" 6021
"C:/Users/emanu/AppData/Local/UnrealEngine/Common/DerivedDataCache/Buckets/LegacyTEXTURE/93/8d/ea87ce724b7e0b03b6eac22fe4b7064dd31c.udd" 6022
"C:/Users/emanu/AppData/Local/UnrealEngine/Common/DerivedDataCache/Buckets/LegacyTEXTURE/f4/cf/b7739164c01c06c76877ea2a38413aa328f5.udd" 6023
"C:/Users/emanu/AppData/Local/UnrealEngine/Common/DerivedDataCache/Buckets/LegacyTEXTURE/ec/86/f2dd919d2b783371eb0d08674599bb5fc131.udd" 6024
"C:/Users/emanu/AppData/Local/UnrealEngine/Common/DerivedDataCache/Buckets/LegacyTEXTURE/9d/96/5f7192ca003e9baf4cfa84639b5d8ffb7563.udd" 6025
"C:/Users/emanu/AppData/Local/UnrealEngine/Common/DerivedDataCache/Buckets/LegacyTEXTURE/17/f3/ecd5f5cc3206ba547d64fcc7332fb22162be.udd" 6026
"C:/Users/emanu/AppData/Local/UnrealEngine/Common/DerivedDataCache/Buckets/LegacyTEXTURE/4b/6c/611e92035eae56936b3c9c7f922828a9f0b8.udd" 6027
"C:/Users/emanu/AppData/Local/UnrealEngine/Common/DerivedDataCache/Buckets/LegacyTEXTURE/89/8d/c620b3b3c7d5cb0a697cd408ceb99b7f5fd9.udd" 6028
"C:/Users/emanu/AppData/Local/UnrealEngine/Common/DerivedDataCache/Buckets/LegacyTEXTURE/5b/48/7398c03595fc3f26ce453df7531dd6572b64.udd" 6029
"C:/Users/emanu/AppData/Local/UnrealEngine/Common/DerivedDataCache/Buckets/LegacyTEXTURE/2f/ed/3311475d055e716ac0c86020031d4bfc5459.udd" 6030
"C:/Users/emanu/AppData/Local/UnrealEngine/Common/DerivedDataCache/Buckets/LegacyTEXTURE/bb/ab/887b24cbf294b1ed2cadc35e650b3a597789.udd" 6031
"C:/Users/emanu/AppData/Local/UnrealEngine/Common/DerivedDataCache/Buckets/LegacyTEXTURE/97/bf/3592b327e6698d1d1d054dd326c7258e94c7.udd" 6032
"C:/Users/emanu/AppData/Local/UnrealEngine/Common/DerivedDataCache/Buckets/LegacyTEXTURE/88/20/f84c81b461e8fb24902363f73fdc7da3d057.udd" 6033
"C:/Users/emanu/AppData/Local/UnrealEngine/Common/DerivedDataCache/Buckets/LegacyTEXTURE/d6/b4/9afffb0b1bbbfed4d3abfee384b5efebfdd8.udd" 6034
"C:/Users/emanu/AppData/Local/UnrealEngine/Common/DerivedDataCache/Buckets/LegacyTEXTURE/71/19/50a6cfbb49c1625d9d09b6cabd4bc55ba276.udd" 6035
"C:/Users/emanu/AppData/Local/UnrealEngine/Common/DerivedDataCache/Buckets/LegacyTEXTURE/94/0b/90e7765659bc71e07743440031acb19f5d7b.udd" 6036
"C:/Users/emanu/AppData/Local/UnrealEngine/Common/DerivedDataCache/Buckets/LegacyTEXTURE/cf/ab/aa6abc4e6b17ecfffa3bbdde410f7449c0a5.udd" 6037
"C:/Users/emanu/AppData/Local/UnrealEngine/Common/DerivedDataCache/Buckets/LegacyTEXTURE/ec/46/02f382324c8b89d47ddcd9fd325ee203dc55.udd" 6038
"C:/Users/emanu/AppData/Local/UnrealEngine/Common/DerivedDataCache/Buckets/LegacyTEXTURE/ca/eb/e5f71781d905cc06127457efb826bfdf7f80.udd" 6039
"C:/Users/emanu/AppData/Local/UnrealEngine/Common/DerivedDataCache/Buckets/LegacyTEXTURE/93/7b/9d87c6f67732f34406588c41d00dc983a1c3.udd" 6040
"C:/Users/emanu/AppData/Local/UnrealEngine/Common/DerivedDataCache/Buckets/LegacyTEXTURE/d6/64/bdf8f742177fcf7b6d3f91806ed8f6eb755a.udd" 6041
"C:/Users/emanu/AppData/Local/UnrealEngine/Common/DerivedDataCache/Buckets/LegacyTEXTURE/56/21/90f8c07de65406b5a347308cdc1d5b6d02e5.udd" 6042
"C:/Users/emanu/AppData/Local/UnrealEngine/Common/DerivedDataCache/Buckets/LegacyTEXTURE/c7/b7/0b95446aa8dfd8c5ec2b51778703d1587e1e.udd" 6043
"C:/Users/emanu/AppData/Local/UnrealEngine/Common/DerivedDataCache/Buckets/LegacyTEXTURE/c8/a0/d93b55b411e969285f230beb299160c7ee2e.udd" 6044
"C:/Users/emanu/AppData/Local/UnrealEngine/Common/DerivedDataCache/Buckets/LegacyTEXTURE/57/07/fd882d40b3b5fa8b3ef80f13e32f4d3c01ea.udd" 6045
"C:/Users/emanu/AppData/Local/UnrealEngine/Common/DerivedDataCache/Buckets/LegacyTEXTURE/a7/dc/41ccc55bee52e7eba57d1c7c34e3a1eb48cd.udd" 6046
"C:/Users/emanu/AppData/Local/UnrealEngine/Common/DerivedDataCache/Buckets/LegacyTEXTURE/8c/21/22bef5220b6f7d9ffcf025d3d0c69795ea64.udd" 6047
"C:/Users/emanu/AppData/Local/UnrealEngine/Common/DerivedDataCache/Buckets/LegacyTEXTURE/f0/01/31cab2fab9ab6fdc511a3161af1b632f9b56.udd" 6048
"C:/Users/emanu/AppData/Local/UnrealEngine/Common/DerivedDataCache/Buckets/LegacyTEXTURE/b1/bb/b54c66e15ab88e0ef5b02d9be61561da8161.udd" 6049
"C:/Users/emanu/AppData/Local/UnrealEngine/Common/DerivedDataCache/Buckets/LegacyTEXTURE/49/1f/5e043991e4e4c48bb7c5a52159daffa9738c.udd" 6050
"C:/Users/emanu/AppData/Local/UnrealEngine/Common/DerivedDataCache/Buckets/LegacyTEXTURE/ff/dc/24d48900190f03d371396dea51db68170edd.udd" 6051
"C:/Users/emanu/AppData/Local/UnrealEngine/Common/DerivedDataCache/Buckets/LegacyTEXTURE/06/d0/93a5b81ee6ad7453163d618b0a66b24a7772.udd" 6052
"C:/Users/emanu/AppData/Local/UnrealEngine/Common/DerivedDataCache/Buckets/LegacyTEXTURE/87/d9/ef8ef8692b914f85e690d6138211e995a601.udd" 6053
"C:/Users/emanu/AppData/Local/UnrealEngine/Common/DerivedDataCache/Buckets/LegacyTEXTURE/42/e4/c115b703ab62fb158138cc9e2f0209617c5c.udd" 6054
"C:/Users/emanu/AppData/Local/UnrealEngine/Common/DerivedDataCache/Buckets/LegacyTEXTURE/0e/67/84fc54de316f593ef18b00f2d3ce904c8bf8.udd" 6055
"C:/Users/emanu/AppData/Local/UnrealEngine/Common/DerivedDataCache/Buckets/LegacyTEXTURE/e7/43/a0eec536d73c01cb0600c47b015d0876c61c.udd" 6056
"C:/Users/emanu/AppData/Local/UnrealEngine/Common/DerivedDataCache/Buckets/LegacyTEXTURE/33/83/81bd53515567dafbc7d6916973c6258738c9.udd" 6057
"C:/Users/emanu/AppData/Local/UnrealEngine/Common/DerivedDataCache/Buckets/LegacyTEXTURE/58/73/f450a2109b73cd39950aca075beff5b52d57.udd" 6058
"C:/Users/emanu/AppData/Local/UnrealEngine/Common/DerivedDataCache/Buckets/LegacyTEXTURE/61/a7/2060622ce5101c858bf8761a0ae786c1b96d.udd" 6059
"C:/Users/emanu/AppData/Local/UnrealEngine/Common/DerivedDataCache/Buckets/LegacyTEXTURE/7e/05/81cb33d022eb79f1b45b279eb05b0a7629c2.udd" 6060
"C:/Users/emanu/AppData/Local/UnrealEngine/Common/DerivedDataCache/Buckets/LegacyTEXTURE/69/68/5e4e9e22667586fc2b5314bd145d79480bb5.udd" 6061
"C:/Users/emanu/AppData/Local/UnrealEngine/Common/DerivedDataCache/Buckets/LegacyTEXTURE/8d/8d/a86867102509e900e5e568487e288fd338b7.udd" 6062
"C:/Users/emanu/AppData/Local/UnrealEngine/Common/DerivedDataCache/Buckets/LegacyTEXTURE/15/d0/f31bb91a0428d5f9654fd1e8e1c457cea385.udd" 6063
"C:/Users/emanu/AppData/Local/UnrealEngine/Common/DerivedDataCache/Buckets/LegacyTEXTURE/f2/b1/63fd3a2bd78f771df69db277ecc7e3ac55f2.udd" 6064
"C:/Users/emanu/AppData/Local/UnrealEngine/Common/DerivedDataCache/Buckets/LegacyTEXTURE/2d/f3/af7ea1fa09a84618eabb58c6b4aef4d5c88c.udd" 6065
"C:/Users/emanu/AppData/Local/UnrealEngine/Common/DerivedDataCache/Buckets/LegacyTEXTURE/6e/65/53035cb974bc77c65971a9c4cba3a551c52c.udd" 6066
"C:/Users/emanu/AppData/Local/UnrealEngine/Common/DerivedDataCache/Buckets/LegacyTEXTURE/f0/b9/1734706e9399733be389e76faa4f17903a8b.udd" 6067
"C:/Users/emanu/AppData/Local/UnrealEngine/Common/DerivedDataCache/Buckets/LegacyTEXTURE/c9/e5/d1f7559e9c6dd28807f9e98b2dc8021dddc4.udd" 6068
"C:/Users/emanu/AppData/Local/UnrealEngine/Common/DerivedDataCache/Buckets/LegacyTEXTURE/69/4f/364394388c2b68007a3517f469f08862b797.udd" 6069
"C:/Users/emanu/AppData/Local/UnrealEngine/Common/DerivedDataCache/Buckets/LegacyTEXTURE/ff/6a/ebd09cc43b7b6c92e2622c9e96069f3fd8e3.udd" 6070
"C:/Users/emanu/AppData/Local/UnrealEngine/Common/DerivedDataCache/Buckets/LegacyTEXTURE/54/06/c19abc0d35f0e1a2c587400034a659c3ee38.udd" 6071
"C:/Users/emanu/AppData/Local/UnrealEngine/Common/DerivedDataCache/Buckets/LegacyTEXTURE/fb/54/37038bb268c6e216bb12e7d60068f4e83135.udd" 6072
"C:/Users/emanu/AppData/Local/UnrealEngine/Common/DerivedDataCache/Buckets/LegacyTEXTURE/22/47/cfd837dbe29c690c735e03fb4e77f619dc5c.udd" 6073
"C:/Users/emanu/AppData/Local/UnrealEngine/Common/DerivedDataCache/Buckets/LegacyTEXTURE/06/cc/f95b13105c9538cf784a243a9e200eb053fb.udd" 6074
"C:/Users/emanu/AppData/Local/UnrealEngine/Common/DerivedDataCache/Buckets/LegacyTEXTURE/49/a3/5c011c62f57e787a68c88a3fcebacbb74526.udd" 6075
"C:/Users/emanu/AppData/Local/UnrealEngine/Common/DerivedDataCache/Buckets/LegacyTEXTURE/07/67/239c6ce131ed5e707e432d07295cba0fbf8d.udd" 6076
"C:/Users/emanu/AppData/Local/UnrealEngine/Common/DerivedDataCache/Buckets/LegacyTEXTURE/bf/bd/3ce7740381a04477ffd27dc44f55af60387e.udd" 6077
"C:/Users/emanu/AppData/Local/UnrealEngine/Common/DerivedDataCache/Buckets/LegacyTEXTURE/d0/e2/f768d232412739c6517b1b7d1a854d3a81d8.udd" 6078
"C:/Users/emanu/AppData/Local/UnrealEngine/Common/DerivedDataCache/Buckets/LegacyTEXTURE/73/f2/70bb2c9ecdd085bf27b6406750a5bf235db2.udd" 6079
"C:/Users/emanu/AppData/Local/UnrealEngine/Common/DerivedDataCache/Content/dd/29/5d48b81f0cd72fdc00ff8749bdcd30240fcc.udd" 6080
"C:/Users/emanu/AppData/Local/UnrealEngine/Common/DerivedDataCache/Buckets/LegacyTEXTURE/59/36/3ec97944a2178eb3300c07f74203c733557c.udd" 6081
"C:/Users/emanu/AppData/Local/UnrealEngine/Common/DerivedDataCache/Buckets/LegacyTEXTURE/6c/af/5cf9a6547900e1c73c2fab5e61ea300b4532.udd" 6082
"C:/Users/emanu/AppData/Local/UnrealEngine/Common/DerivedDataCache/Buckets/LegacyTEXTURE/52/68/61475697dbe34a7812bb0e8e751755b28e52.udd" 6083
"C:/Users/emanu/AppData/Local/UnrealEngine/Common/DerivedDataCache/Buckets/LegacyTEXTURE/b2/eb/1822582c7f6615bbd7394532b7895b6584c2.udd" 6084
"C:/Users/emanu/AppData/Local/UnrealEngine/Common/DerivedDataCache/Buckets/LegacyTEXTURE/e6/60/25bd71165e3a2ca99b91e3da0515655037ac.udd" 6085
"C:/Users/emanu/AppData/Local/UnrealEngine/Common/DerivedDataCache/Buckets/LegacyTEXTURE/1b/3c/a86118d1b3a8ee43a1ce7a990421b08a42a8.udd" 6086
"C:/Users/emanu/AppData/Local/UnrealEngine/Common/DerivedDataCache/Buckets/LegacyTEXTURE/3a/8b/6418621abbaa94cf48afea0139a364591939.udd" 6087
"C:/Users/emanu/AppData/Local/UnrealEngine/Common/DerivedDataCache/Buckets/LegacyTEXTURE/57/8f/37b05d20f8984141a2d27e7beaee5d981733.udd" 6088
"C:/Users/emanu/AppData/Local/UnrealEngine/Common/DerivedDataCache/Buckets/LegacyTEXTURE/d3/d8/bfa52525b022f785cb0bda16d3ca86a3f934.udd" 6089
"C:/Users/emanu/AppData/Local/UnrealEngine/Common/DerivedDataCache/Buckets/LegacyTEXTURE/8b/6a/c38ada0f5874799c4857654a3ab5b466b798.udd" 6090
"C:/Users/emanu/AppData/Local/UnrealEngine/Common/DerivedDataCache/Buckets/LegacyTEXTURE/fb/b9/81b2c911dad1ff7a843f485f23ad2d37ff5b.udd" 6091
"C:/Users/emanu/AppData/Local/UnrealEngine/Common/DerivedDataCache/Buckets/LegacyTEXTURE/9d/89/425761946b883f118bb0e100ab7e00c11bb0.udd" 6092
"C:/Users/emanu/AppData/Local/UnrealEngine/Common/DerivedDataCache/Buckets/LegacyTEXTURE/da/50/592378eb3b9670b4adbf5e5f0bfd4e9135b1.udd" 6093
"C:/Users/emanu/AppData/Local/UnrealEngine/Common/DerivedDataCache/Buckets/LegacyTEXTURE/77/49/9af8eb63869b38af811daafe53ca61b83700.udd" 6094
"C:/Users/emanu/AppData/Local/UnrealEngine/Common/DerivedDataCache/Buckets/LegacyTEXTURE/2a/25/073d2cb916241e866d6a6be5065b4230d3d7.udd" 6095
"C:/Users/emanu/AppData/Local/UnrealEngine/Common/DerivedDataCache/Buckets/LegacyTEXTURE/12/a0/e8fe723f2d11a4583791b2b836f076f99aef.udd" 6096
"C:/Users/emanu/AppData/Local/UnrealEngine/Common/DerivedDataCache/Buckets/LegacyTEXTURE/26/29/1524a6abfbe6a2df42653b3d43592205880e.udd" 6097
"C:/Users/emanu/AppData/Local/UnrealEngine/Common/DerivedDataCache/Buckets/LegacyTEXTURE/a1/a6/fed8da377747d4bb57d7adad76ce123b4ac7.udd" 6098
"C:/Users/emanu/AppData/Local/UnrealEngine/Common/DerivedDataCache/Buckets/LegacyTEXTURE/15/c5/4f48ae09769e29aba3586cda5ce4dd914967.udd" 6099
"C:/Users/emanu/AppData/Local/UnrealEngine/Common/DerivedDataCache/Buckets/LegacyTEXTURE/2b/ce/708fdb53aecbfad790a5ef2f9fd901821d9b.udd" 6100
"C:/Users/emanu/AppData/Local/UnrealEngine/Common/DerivedDataCache/Buckets/LegacyTEXTURE/2a/55/5e3a3f51723eee31bdc1c460f81d365b7cce.udd" 6101
"C:/Users/emanu/AppData/Local/UnrealEngine/Common/DerivedDataCache/Buckets/LegacyTEXTURE/70/36/77fa9c2bf7f714c76a42b84d0155175eb6b5.udd" 6102
"C:/Users/emanu/AppData/Local/UnrealEngine/Common/DerivedDataCache/Buckets/LegacyTEXTURE/94/75/3296f2e4ef92f3d15ee6cec5ed04982e3654.udd" 6103
"C:/Users/emanu/AppData/Local/UnrealEngine/Common/DerivedDataCache/Buckets/LegacyTEXTURE/b0/2b/a3587ba5cc75e84a3ff603240bc214039617.udd" 6104
"C:/Users/emanu/AppData/Local/UnrealEngine/Common/DerivedDataCache/Buckets/LegacyTEXTURE/77/c3/c0f44f6586fdd9f82474a91248022853248d.udd" 6105
"C:/Users/emanu/AppData/Local/UnrealEngine/Common/DerivedDataCache/Buckets/LegacyTEXTURE/32/0e/1294011280323833653af164097bd4e69a14.udd" 6106
"C:/Users/emanu/AppData/Local/UnrealEngine/Common/DerivedDataCache/Buckets/LegacyTEXTURE/4e/ca/8135d7a9a8cac753a9b87e3e931a084145f1.udd" 6107
"C:/Users/emanu/AppData/Local/UnrealEngine/Common/DerivedDataCache/Buckets/LegacyTEXTURE/8d/41/d221187f200d7e8cec08e530bf2f7da61f1f.udd" 6108
"C:/Users/emanu/AppData/Local/UnrealEngine/Common/DerivedDataCache/Buckets/LegacyTEXTURE/6d/0e/2f19c5b98443cb27a2226a8ccaf93df141d7.udd" 6109
"C:/Users/emanu/AppData/Local/UnrealEngine/Common/DerivedDataCache/Buckets/LegacyTEXTURE/d1/d5/3a05cc484ed37105a1858e6e5b10e70b617f.udd" 6110
"C:/Users/emanu/AppData/Local/UnrealEngine/Common/DerivedDataCache/Buckets/LegacyTEXTURE/cb/28/a9090447ca9b59d968b19d482ac2b6327314.udd" 6111
"C:/Users/emanu/AppData/Local/UnrealEngine/Common/DerivedDataCache/Buckets/LegacyTEXTURE/40/4d/37502b64a616ba282529460ed094132e065f.udd" 6112
"C:/Users/emanu/AppData/Local/UnrealEngine/Common/DerivedDataCache/Buckets/LegacyTEXTURE/a6/f7/200b61abc5a5066a06a384787479ca225a0e.udd" 6113
"C:/Users/emanu/AppData/Local/UnrealEngine/Common/DerivedDataCache/Buckets/LegacyTEXTURE/9c/fe/219b3864e6b8b5772bb7c6d32d07e2ba6d4a.udd" 6114
"C:/Users/emanu/AppData/Local/UnrealEngine/Common/DerivedDataCache/Buckets/LegacyTEXTURE/00/41/435b10fca02241e6348d44740cf01442460d.udd" 6115
"C:/Users/emanu/AppData/Local/UnrealEngine/Common/DerivedDataCache/Buckets/LegacyTEXTURE/99/06/7e78051403141eb76d71f45b1cc69fe8b390.udd" 6116
"C:/Users/emanu/AppData/Local/UnrealEngine/Common/DerivedDataCache/Buckets/LegacyTEXTURE/93/cb/fad9bbf42ab8044dd8045bf7fa8d341d3105.udd" 6117
"C:/Users/emanu/AppData/Local/UnrealEngine/Common/DerivedDataCache/Buckets/LegacyTEXTURE/6f/f4/52adbfb9fa77b8a827cbca86d0cba8283e90.udd" 6118
"C:/Users/emanu/AppData/Local/UnrealEngine/Common/DerivedDataCache/Buckets/LegacyTEXTURE/77/90/c99bba8496f0b3b6fd8802752c0b7d53b63c.udd" 6119
"C:/Users/emanu/AppData/Local/UnrealEngine/Common/DerivedDataCache/Buckets/LegacyTEXTURE/d8/05/46ae96b08f0c112b44368482637aeec3f420.udd" 6120
"C:/Users/emanu/AppData/Local/UnrealEngine/Common/DerivedDataCache/Buckets/LegacyTEXTURE/e4/64/72898ea5cf67a1dcf0f94357bafd31e533f3.udd" 6121
"C:/Users/emanu/AppData/Local/UnrealEngine/Common/DerivedDataCache/Buckets/LegacyTEXTURE/1a/a8/8ad3bc74e5a9f34f876a6465ac1da66e556e.udd" 6122
"C:/Users/emanu/AppData/Local/UnrealEngine/Common/DerivedDataCache/Buckets/LegacyTEXTURE/c6/f4/9a129dacbfb24faa094428184990082fb856.udd" 6123
"C:/Users/emanu/AppData/Local/UnrealEngine/Common/DerivedDataCache/Buckets/LegacyTEXTURE/c7/b4/90509da2074b6628cb7ae9733ce7e676e94c.udd" 6124
"C:/Users/emanu/AppData/Local/UnrealEngine/Common/DerivedDataCache/Buckets/LegacyTEXTURE/58/f5/2ad7475a7842f110dc7998efdfaf64aff2c1.udd" 6125
"C:/Users/emanu/AppData/Local/UnrealEngine/Common/DerivedDataCache/Buckets/LegacyTEXTURE/84/4b/38251d6dac4a5f6b85bae1eb84d41b0ead3d.udd" 6126
"C:/Users/emanu/AppData/Local/UnrealEngine/Common/DerivedDataCache/Buckets/LegacyTEXTURE/6a/c1/a60d231ab82bdd390b329470aa17ea9be73e.udd" 6127
"C:/Users/emanu/AppData/Local/UnrealEngine/Common/DerivedDataCache/Buckets/LegacyTEXTURE/1d/f2/cf42e6b60cdf84899297cf97d2e9db7a05c5.udd" 6128
"C:/Users/emanu/AppData/Local/UnrealEngine/Common/DerivedDataCache/Buckets/LegacyTEXTURE/fd/de/19ff8a05dcce605754a58cfd80a222827869.udd" 6129
"C:/Users/emanu/AppData/Local/UnrealEngine/Common/DerivedDataCache/Buckets/LegacyTEXTURE/d9/6e/f82c840f19bab65b51026457c5332e3d5ba9.udd" 6130
"C:/Users/emanu/AppData/Local/UnrealEngine/Common/DerivedDataCache/Buckets/LegacyTEXTURE/9c/bf/656d568a54e1bb3e5d773b7bb540538ae6ee.udd" 6131
"C:/Users/emanu/AppData/Local/UnrealEngine/Common/DerivedDataCache/Buckets/LegacyTEXTURE/ec/25/a5e54e4aec95a4a086396072204bec84bae5.udd" 6132
"C:/Users/emanu/AppData/Local/UnrealEngine/Common/DerivedDataCache/Buckets/LegacyTEXTURE/7b/c6/a680cdc50b3902002bac4e6d346ea820a62b.udd" 6133
"C:/Users/emanu/AppData/Local/UnrealEngine/Common/DerivedDataCache/Buckets/LegacyTEXTURE/87/1d/2480568d31180d06601a1196eb8529b7f3ca.udd" 6134
"C:/Users/emanu/AppData/Local/UnrealEngine/Common/DerivedDataCache/Content/a5/dd/60e8250c61f65c987866c83bdc9b63b0520d.udd" 6135
"C:/Users/emanu/AppData/Local/UnrealEngine/Common/DerivedDataCache/Buckets/LegacyTEXTURE/14/3f/82365f1ff5aea6fe1f5309abe772dc3924bd.udd" 6136
"C:/Users/emanu/AppData/Local/UnrealEngine/Common/DerivedDataCache/Buckets/LegacyTEXTURE/25/05/0c1fab32d52de56926e9859988ea66dcfd03.udd" 6137
"C:/Users/emanu/AppData/Local/UnrealEngine/Common/DerivedDataCache/Buckets/LegacyTEXTURE/28/9c/658d100d3253405cf1779ebea0cc78e31fa1.udd" 6138
"C:/Users/emanu/AppData/Local/UnrealEngine/Common/DerivedDataCache/Buckets/LegacyTEXTURE/8c/1d/748898f6dee442e8069d9083eabbf293bb8b.udd" 6139
"C:/Users/emanu/AppData/Local/UnrealEngine/Common/DerivedDataCache/Buckets/LegacyTEXTURE/d3/bb/25fae22feab399b3565532593cab11e7268c.udd" 6140
"C:/Users/emanu/AppData/Local/UnrealEngine/Common/DerivedDataCache/Buckets/LegacyTEXTURE/4d/bc/3b243ad2a64530ec395550818ce559e9cbcd.udd" 6141
"C:/Users/emanu/AppData/Local/UnrealEngine/Common/DerivedDataCache/Buckets/LegacyTEXTURE/4f/04/e3c6df0a136b7155ddfaa968ecdd2a313331.udd" 6142
"C:/Users/emanu/AppData/Local/UnrealEngine/Common/DerivedDataCache/Buckets/LegacyTEXTURE/96/ac/42b9f1b38441e0883bdda90de8dd0bbbbba7.udd" 6143
"C:/Users/emanu/AppData/Local/UnrealEngine/Common/DerivedDataCache/Buckets/LegacyTEXTURE/87/b4/7c7b30ddc2b442e398f5df6129f7182cbe53.udd" 6144
"C:/Users/emanu/AppData/Local/UnrealEngine/Common/DerivedDataCache/Buckets/LegacyTEXTURE/d9/75/5eb4d67d846949432bab3fcdd6a70f6c53ae.udd" 6145
"C:/Users/emanu/AppData/Local/UnrealEngine/Common/DerivedDataCache/Buckets/LegacyTEXTURE/32/bc/a94e6ff290c76c7476661f64955dfabf1c94.udd" 6146
"C:/Users/emanu/AppData/Local/UnrealEngine/Common/DerivedDataCache/Buckets/LegacyTEXTURE/c1/58/c86a5451b9860571ddf22f3a49ca30428a6f.udd" 6147
"C:/Users/emanu/AppData/Local/UnrealEngine/Common/DerivedDataCache/Buckets/LegacyTEXTURE/df/1c/c0ad18f7fedc0d6581075228d7e46b7204f0.udd" 6148
"C:/Users/emanu/AppData/Local/UnrealEngine/Common/DerivedDataCache/Buckets/LegacyTEXTURE/4c/f7/b5ede0eb6583cc9acf05e6cb683c11e6c64b.udd" 6149
"C:/Users/emanu/AppData/Local/UnrealEngine/Common/DerivedDataCache/Buckets/LegacyTEXTURE/ea/a5/866f95c6b0de435ff35de2acf8fc8a6ac279.udd" 6150
"C:/Users/emanu/AppData/Local/UnrealEngine/Common/DerivedDataCache/Buckets/LegacyTEXTURE/18/29/e3084ba3f821dbd59e1e6e38150a1aadeade.udd" 6151
"C:/Users/emanu/AppData/Local/UnrealEngine/Common/DerivedDataCache/Buckets/LegacyTEXTURE/e6/d5/92af6f9917606ba7eb09f21c9aed4717ff04.udd" 6152
"C:/Users/emanu/AppData/Local/UnrealEngine/Common/DerivedDataCache/Buckets/LegacyTEXTURE/54/f5/f45d8139dcb62bb5707aca8423ed071cdcdc.udd" 6153
"C:/Users/emanu/AppData/Local/UnrealEngine/Common/DerivedDataCache/Buckets/LegacyTEXTURE/6f/c6/aca4fadd27d7b6532da451a2e17020d4bb0c.udd" 6154
"C:/Users/emanu/AppData/Local/UnrealEngine/Common/DerivedDataCache/Buckets/LegacyTEXTURE/25/67/868f40c9b8f52e2d92428e6d19b1cea1ef7c.udd" 6155
"C:/Users/emanu/AppData/Local/UnrealEngine/Common/DerivedDataCache/Buckets/LegacyTEXTURE/e4/6b/c75b5a448f2ee2cc96d42fe72e983110e385.udd" 6156
"C:/Users/emanu/AppData/Local/UnrealEngine/Common/DerivedDataCache/Buckets/LegacyTEXTURE/c2/29/0130880e97547e29a0114665acef70e21ce0.udd" 6157
"C:/Users/emanu/AppData/Local/UnrealEngine/Common/DerivedDataCache/Buckets/LegacyTEXTURE/35/01/217c3038c8d1dcc9ad93f24ae173fd562222.udd" 6158
"C:/Users/emanu/AppData/Local/UnrealEngine/Common/DerivedDataCache/Buckets/LegacyTEXTURE/4b/80/bd99f0c53951aa1e1697461e0805ac2dd5b2.udd" 6159
"C:/Users/emanu/AppData/Local/UnrealEngine/Common/DerivedDataCache/Buckets/LegacyTEXTURE/20/8f/1705063a8dc4c1c4d9dd6439f289dd892403.udd" 6160
"C:/Users/emanu/AppData/Local/UnrealEngine/Common/DerivedDataCache/Buckets/LegacyTEXTURE/fc/b4/5b291ed1527e59353c0799234c49701bb376.udd" 6161
"C:/Users/emanu/AppData/Local/UnrealEngine/Common/DerivedDataCache/Buckets/LegacyTEXTURE/b7/41/284c2d582987582d498b3a5e4a82b5f317e0.udd" 6162
"C:/Users/emanu/AppData/Local/UnrealEngine/Common/DerivedDataCache/Buckets/LegacyTEXTURE/35/94/db20ac8dcaaaa4f8272115472c1ee0e87155.udd" 6163
"C:/Users/emanu/AppData/Local/UnrealEngine/Common/DerivedDataCache/Buckets/LegacyTEXTURE/b4/c8/3675fb04ab402d4a59c212cf7c7e682a0ed7.udd" 6164
"C:/Users/emanu/AppData/Local/UnrealEngine/Common/DerivedDataCache/Buckets/LegacyTEXTURE/29/0b/3486cbf36fb93f8ba3393053bd5b678fa813.udd" 6165
"C:/Users/emanu/AppData/Local/UnrealEngine/Common/DerivedDataCache/Content/95/37/82721db1668ae51e192b28925816358f0578.udd" 6166
"C:/Users/emanu/AppData/Local/UnrealEngine/Common/DerivedDataCache/Content/fe/c9/bdcd3e335615ab44cbdf320ceedb80da3cf5.udd" 6167
"C:/Users/emanu/AppData/Local/UnrealEngine/Common/DerivedDataCache/Buckets/LegacyTEXTURE/fe/77/628d288d69e3580118b85771411a1b60b7fc.udd" 6168
"C:/Users/emanu/AppData/Local/UnrealEngine/Common/DerivedDataCache/Buckets/LegacyTEXTURE/c8/d2/f937821c14e56327de9b47c278fd64159824.udd" 6169
"C:/Users/emanu/AppData/Local/UnrealEngine/Common/DerivedDataCache/Buckets/LegacyTEXTURE/f6/13/79d86a3975939be1c3d8739d466d922947b5.udd" 6170
"C:/Users/emanu/AppData/Local/UnrealEngine/Common/DerivedDataCache/Buckets/LegacyTEXTURE/08/64/4da30b6f55e6d924f54f8c1559c61b711234.udd" 6171
"C:/Users/emanu/AppData/Local/UnrealEngine/Common/DerivedDataCache/Buckets/LegacyTEXTURE/f4/24/b1e5a8347ce02a64c15b2392c62096e4933d.udd" 6172
"C:/Users/emanu/AppData/Local/UnrealEngine/Common/DerivedDataCache/Buckets/LegacyTEXTURE/12/59/00dff9e9d23c9be434b3f78751e4b9a83e22.udd" 6173
"C:/Users/emanu/AppData/Local/UnrealEngine/Common/DerivedDataCache/Buckets/LegacyTEXTURE/84/8f/b737221064341456f85a8539ad45350836b2.udd" 6174
"C:/Users/emanu/AppData/Local/UnrealEngine/Common/DerivedDataCache/Buckets/LegacyTEXTURE/38/d7/871d5a537ce58a4acec407594c64400d931a.udd" 6175
"C:/Users/emanu/AppData/Local/UnrealEngine/Common/DerivedDataCache/Buckets/LegacyTEXTURE/51/65/50d3be04904ca38eb842eababb1969ed6cb9.udd" 6176
"C:/Users/emanu/AppData/Local/UnrealEngine/Common/DerivedDataCache/Content/9c/fd/3d88c0cc20d0338765cef6fc4470e0955bce.udd" 6177
"C:/Users/emanu/AppData/Local/UnrealEngine/Common/DerivedDataCache/Buckets/LegacyTEXTURE/63/11/a33a5c8030eb59f3c365312cdc7001a0609a.udd" 6178
"C:/Users/emanu/AppData/Local/UnrealEngine/Common/DerivedDataCache/Buckets/LegacyTEXTURE/22/98/7f9fa2f748fca5687de634a2a5169941a292.udd" 6179
"C:/Users/emanu/AppData/Local/UnrealEngine/Common/DerivedDataCache/Buckets/LegacyTEXTURE/8d/e5/0e5de708cce2e7f62af28000025943891c5f.udd" 6180
"C:/Users/emanu/AppData/Local/UnrealEngine/Common/DerivedDataCache/Buckets/LegacyTEXTURE/da/7c/b1ccc15cd8c99df03ba6c855a56f33890e72.udd" 6181
"C:/Users/emanu/AppData/Local/UnrealEngine/Common/DerivedDataCache/Buckets/LegacyTEXTURE/c5/92/9deb1fd76d1d705f3f184f7a28fca76fd10d.udd" 6182
"C:/Users/emanu/AppData/Local/UnrealEngine/Common/DerivedDataCache/Buckets/LegacyTEXTURE/a2/6c/7d2d19ce4d3918fea9a51e912000960aa7f9.udd" 6183
"C:/Users/emanu/AppData/Local/UnrealEngine/Common/DerivedDataCache/Buckets/LegacyTEXTURE/97/67/fa5154b25d1585861036a5b52656b6dfb994.udd" 6184
"C:/Users/emanu/AppData/Local/UnrealEngine/Common/DerivedDataCache/Buckets/LegacyTEXTURE/41/67/d4150433575823ff4f55ab34642e4b427be9.udd" 6185
"C:/Users/emanu/AppData/Local/UnrealEngine/Common/DerivedDataCache/Buckets/LegacyTEXTURE/8e/c6/8edb5bee53b37235e0e60420d60c3c35222e.udd" 6186
"C:/Users/emanu/AppData/Local/UnrealEngine/Common/DerivedDataCache/Buckets/LegacyTEXTURE/9d/fd/e01c27f8df8d836a5f440d6cc4398b615e64.udd" 6187
"C:/Users/emanu/AppData/Local/UnrealEngine/Common/DerivedDataCache/Buckets/LegacyTEXTURE/1f/0c/d0c477efe1881a317e110d9c428f3e427108.udd" 6188
"C:/Users/emanu/AppData/Local/UnrealEngine/Common/DerivedDataCache/Buckets/LegacyTEXTURE/1f/58/642abba4dc1f2bd9650ad2beb105fc65b434.udd" 6189
"C:/Users/emanu/AppData/Local/UnrealEngine/Common/DerivedDataCache/Buckets/LegacyTEXTURE/ae/f9/5060eda8ee985d6a7a12e7a3e2f90f2464f2.udd" 6190
"C:/Users/emanu/AppData/Local/UnrealEngine/Common/DerivedDataCache/Buckets/LegacyTEXTURE/ee/f1/08612845b01420d0e5ab8e2c60ca2b5f2196.udd" 6191
"C:/Users/emanu/AppData/Local/UnrealEngine/Common/DerivedDataCache/Buckets/LegacyTEXTURE/2c/14/0dd023f428ab935d1a9b1751cc57350b89b1.udd" 6192
"C:/Users/emanu/AppData/Local/UnrealEngine/Common/DerivedDataCache/Buckets/LegacyTEXTURE/c9/84/3d8e75d068e9a9e4a430b32019be20ac68f4.udd" 6193
"C:/Users/emanu/AppData/Local/UnrealEngine/Common/DerivedDataCache/Buckets/LegacyTEXTURE/37/3b/f7eb04c44cce1894d3cdc2ce7c899d2be555.udd" 6194
"C:/Users/emanu/AppData/Local/UnrealEngine/Common/DerivedDataCache/Buckets/LegacyTEXTURE/f6/44/9726f16809ad8512d2b5389f09984236e979.udd" 6195
"C:/Users/emanu/AppData/Local/UnrealEngine/Common/DerivedDataCache/Buckets/LegacyTEXTURE/23/d4/b5eca5054f539705eb3b83f09aed63cfbd59.udd" 6196
"C:/Users/emanu/AppData/Local/UnrealEngine/Common/DerivedDataCache/Content/6b/71/092b6a670385010a3efc8a4ec12e023ef820.udd" 6197
"C:/Users/emanu/AppData/Local/UnrealEngine/Common/DerivedDataCache/Buckets/LegacyTEXTURE/13/b7/f43ec34d48a01883818eb3ca5a70db082381.udd" 6198
"C:/Users/emanu/AppData/Local/UnrealEngine/Common/DerivedDataCache/Buckets/LegacyTEXTURE/16/5e/f6e0fbe342c28af010fc7e09ff0b512074a3.udd" 6199
"C:/Users/emanu/AppData/Local/UnrealEngine/Common/DerivedDataCache/Buckets/LegacyTEXTURE/5c/09/001b7526952cf8693422f41266648d334e9d.udd" 6200
"C:/Users/emanu/AppData/Local/UnrealEngine/Common/DerivedDataCache/Buckets/LegacyTEXTURE/3d/2c/b2953da92e705e356d1a7abc4a7d089dc002.udd" 6201
"C:/Users/emanu/AppData/Local/UnrealEngine/Common/DerivedDataCache/Buckets/LegacyTEXTURE/43/46/1e983ea034b43680f6d38e867dd380afb7a5.udd" 6202
"C:/Users/emanu/AppData/Local/UnrealEngine/Common/DerivedDataCache/Buckets/LegacyTEXTURE/6a/c7/b8f70635649534f6eeab68509c02a09f6ca0.udd" 6203
"C:/Users/emanu/AppData/Local/UnrealEngine/Common/DerivedDataCache/Buckets/LegacyTEXTURE/2e/77/7789aa8f51b0d2045c67155f08b0b2d944da.udd" 6204
"C:/Users/emanu/AppData/Local/UnrealEngine/Common/DerivedDataCache/Buckets/LegacyTEXTURE/30/52/c7a71b87a43c473bae587fa45a6a6dbe3e71.udd" 6205
"C:/Users/emanu/AppData/Local/UnrealEngine/Common/DerivedDataCache/Buckets/LegacyTEXTURE/e6/d5/3081b632d3de0cc1f82f70e97c0ab6441e3e.udd" 6206
"C:/Users/emanu/AppData/Local/UnrealEngine/Common/DerivedDataCache/Buckets/LegacyTEXTURE/1e/f9/822f323d06663c4c6620a8767518296d75a3.udd" 6207
"C:/Users/emanu/AppData/Local/UnrealEngine/Common/DerivedDataCache/Buckets/LegacyTEXTURE/9f/2a/1747de91d4cf62d937ce40a0019b813d01cb.udd" 6208
"C:/Users/emanu/AppData/Local/UnrealEngine/Common/DerivedDataCache/Buckets/LegacyTEXTURE/54/fe/0d3f3331aa0ab01b364da1bca60d9c19b2cc.udd" 6209
"C:/Users/emanu/AppData/Local/UnrealEngine/Common/DerivedDataCache/Buckets/LegacyTEXTURE/89/e5/808dd1222f96869b7bcc64426846adec5a26.udd" 6210
"C:/Users/emanu/AppData/Local/UnrealEngine/Common/DerivedDataCache/Content/fb/11/9c74794bfb7c11ba4745e5745c23f5cafc6c.udd" 6211
"C:/Users/emanu/AppData/Local/UnrealEngine/Common/DerivedDataCache/Buckets/LegacyTEXTURE/42/09/96755d245d64125cd2d9c46832cbd39d0605.udd" 6212
"C:/Users/emanu/AppData/Local/UnrealEngine/Common/DerivedDataCache/Buckets/LegacyTEXTURE/b0/9a/bc419337a62cb7aab7ed1fbbdc2205459d8a.udd" 6213
"C:/Users/emanu/AppData/Local/UnrealEngine/Common/DerivedDataCache/Buckets/LegacyTEXTURE/30/10/e61318ee09ab2ed6cc51226819bc60698371.udd" 6214
"C:/Users/emanu/AppData/Local/UnrealEngine/Common/DerivedDataCache/Buckets/LegacyTEXTURE/b0/d6/d0399c0ec1d07ca39d387a016740b7e486b0.udd" 6215
"C:/Users/emanu/AppData/Local/UnrealEngine/Common/DerivedDataCache/Buckets/LegacyTEXTURE/28/09/553bc5003ba40a5d30868f7466c553774f00.udd" 6216
"C:/Users/emanu/AppData/Local/UnrealEngine/Common/DerivedDataCache/Buckets/LegacyTEXTURE/f4/97/2754d5f91b6b7ec77a87a10f1abbb6fca23e.udd" 6217
"C:/Users/emanu/AppData/Local/UnrealEngine/Common/DerivedDataCache/Buckets/LegacyTEXTURE/82/14/7bbb51e1c74b96c5a87e322aaeeef75c51c9.udd" 6218
"C:/Users/emanu/AppData/Local/UnrealEngine/Common/DerivedDataCache/Buckets/LegacyTEXTURE/5c/6a/5353c74f204571dd85d6be7211660e99b4c7.udd" 6219
"C:/Users/emanu/AppData/Local/UnrealEngine/Common/DerivedDataCache/Buckets/LegacyTEXTURE/ba/2c/0a2f7bdc04a054b65c7dfcb1cc702136c843.udd" 6220
"C:/Users/emanu/AppData/Local/UnrealEngine/Common/DerivedDataCache/Buckets/LegacyTEXTURE/37/73/5e83f9f3af2fe65caea122039ee73bc956fc.udd" 6221
"C:/Users/emanu/AppData/Local/UnrealEngine/Common/DerivedDataCache/Buckets/LegacyTEXTURE/77/f3/1ae2a4cd666c9877a710ad2933daf9aba1ab.udd" 6222
"C:/Users/emanu/AppData/Local/UnrealEngine/Common/DerivedDataCache/Buckets/LegacyTEXTURE/87/c3/308c908100c836922e7baf96ec362a1179f1.udd" 6223
"C:/Users/emanu/AppData/Local/UnrealEngine/Common/DerivedDataCache/Buckets/LegacyTEXTURE/6f/eb/5a21806e1f71ca38ab0de018d7b90105f049.udd" 6224
"C:/Users/emanu/AppData/Local/UnrealEngine/Common/DerivedDataCache/Buckets/LegacyTEXTURE/bf/37/763225359ccb2d771fa7cd951da3b6ed6e57.udd" 6225
"C:/Users/emanu/AppData/Local/UnrealEngine/Common/DerivedDataCache/Buckets/LegacyTEXTURE/82/4c/d14cae4aae3f33f0a4b4dc5b52af263eee01.udd" 6226
"C:/Users/emanu/AppData/Local/UnrealEngine/Common/DerivedDataCache/Buckets/LegacyTEXTURE/84/a2/6af38f815b0732bb18d171bbc1d7b6b4b97f.udd" 6227
"C:/Users/emanu/AppData/Local/UnrealEngine/Common/DerivedDataCache/Buckets/LegacyTEXTURE/db/41/bb7553a4f2793e7dce04f81d0b2e0102431d.udd" 6228
"C:/Users/emanu/AppData/Local/UnrealEngine/Common/DerivedDataCache/Buckets/LegacyTEXTURE/9a/a5/e2bfd97d3823b632e71b7fbec72b93deb2cc.udd" 6229
"C:/Users/emanu/AppData/Local/UnrealEngine/Common/DerivedDataCache/Buckets/LegacyTEXTURE/bd/1b/5955b79aa013e0b74524344e812f4039c98d.udd" 6230
"C:/Users/emanu/AppData/Local/UnrealEngine/Common/DerivedDataCache/Buckets/LegacyTEXTURE/74/a0/d5fcafe664e67e14b09cbb1a26299b1b4e0e.udd" 6231
"C:/Users/emanu/AppData/Local/UnrealEngine/Common/DerivedDataCache/Buckets/LegacyTEXTURE/c5/77/aeab4bbc1025caad830648c745a87d299391.udd" 6232
"C:/Users/emanu/AppData/Local/UnrealEngine/Common/DerivedDataCache/Buckets/LegacyTEXTURE/fd/a8/87a091ffb429a326813d6d0dcb9dccfa94bf.udd" 6233
"C:/Users/emanu/AppData/Local/UnrealEngine/Common/DerivedDataCache/Buckets/LegacyTEXTURE/e5/64/c478c4b3f4d14182a6bc4df9700afa830108.udd" 6234
"C:/Users/emanu/AppData/Local/UnrealEngine/Common/DerivedDataCache/Buckets/LegacyTEXTURE/62/94/62e6f6f27f3dcd87a75bc9f6da6e17ac0c45.udd" 6235
"C:/Users/emanu/AppData/Local/UnrealEngine/Common/DerivedDataCache/Buckets/LegacyTEXTURE/55/2c/8671f27f835d9cf66d9842eabc7f4bf74675.udd" 6236
"C:/Users/emanu/AppData/Local/UnrealEngine/Common/DerivedDataCache/Buckets/LegacyTEXTURE/45/b7/c7b16a46cc8653de6e5f57f0dd23a7a884f4.udd" 6237
"C:/Users/emanu/AppData/Local/UnrealEngine/Common/DerivedDataCache/Buckets/LegacyTEXTURE/ac/63/f3caeca01147f6994dedc8b4a80f12f241cd.udd" 6238
"C:/Users/emanu/AppData/Local/UnrealEngine/Common/DerivedDataCache/Buckets/LegacyTEXTURE/3f/63/6869d2fe7934b6760664cf205ebf9b98f09c.udd" 6239
"C:/Users/emanu/AppData/Local/UnrealEngine/Common/DerivedDataCache/Buckets/LegacyTEXTURE/40/00/a13893457e8025cfdc86246c59707628b388.udd" 6240
"C:/Users/emanu/AppData/Local/UnrealEngine/Common/DerivedDataCache/Buckets/LegacyTEXTURE/97/db/4dd7619e40c600a0b15b7debacb8a4bebfb4.udd" 6241
"C:/Users/emanu/AppData/Local/UnrealEngine/Common/DerivedDataCache/Buckets/LegacyTEXTURE/c1/f3/9b8ee1f147f4da9b5ea29489ca2b13a6bb78.udd" 6242
"C:/Users/emanu/AppData/Local/UnrealEngine/Common/DerivedDataCache/Buckets/LegacyTEXTURE/93/b5/00a0c7403ec013f05c06fef39f73c0cc93fd.udd" 6243
"C:/Users/emanu/AppData/Local/UnrealEngine/Common/DerivedDataCache/Buckets/LegacyTEXTURE/89/3d/32347ea3ba35c2d88e1d54abe144fbc00bd1.udd" 6244
"C:/Users/emanu/AppData/Local/UnrealEngine/Common/DerivedDataCache/Buckets/LegacyTEXTURE/ad/20/bc3c847ff91e86b84e079cda93bd81ff4433.udd" 6245
"C:/Users/emanu/AppData/Local/UnrealEngine/Common/DerivedDataCache/Buckets/LegacyTEXTURE/33/3b/9baa8908e92afcb76558d8b920eea68ed797.udd" 6246
"C:/Users/emanu/AppData/Local/UnrealEngine/Common/DerivedDataCache/Buckets/LegacyTEXTURE/5b/71/20295bb607ffe214fcafff1363fb8d29333c.udd" 6247
"C:/Users/emanu/AppData/Local/UnrealEngine/Common/DerivedDataCache/Buckets/LegacyTEXTURE/b1/5a/2f56356e738161eb696683efc345e5313c52.udd" 6248
"C:/Users/emanu/AppData/Local/UnrealEngine/Common/DerivedDataCache/Buckets/LegacyTEXTURE/3b/77/f4e7b5997424232fbec4db5cf8af73b990e4.udd" 6249
"C:/Users/emanu/AppData/Local/UnrealEngine/Common/DerivedDataCache/Buckets/LegacyTEXTURE/87/f3/c9de3feac2db87930fa768c66e0a541b4685.udd" 6250
"C:/Users/emanu/AppData/Local/UnrealEngine/Common/DerivedDataCache/Buckets/LegacyTEXTURE/b5/7e/e3a35690332ef0bc0814eefa0e340518476a.udd" 6251
"C:/Users/emanu/AppData/Local/UnrealEngine/Common/DerivedDataCache/Buckets/LegacyTEXTURE/ec/d0/24a2ef018360322955082ea7f748cda264bb.udd" 6252
"C:/Users/emanu/AppData/Local/UnrealEngine/Common/DerivedDataCache/Buckets/LegacyTEXTURE/90/42/fb052dc77c995abc47ea7ea21880f72f0871.udd" 6253
"C:/Users/emanu/AppData/Local/UnrealEngine/Common/DerivedDataCache/Buckets/LegacyTEXTURE/76/97/5102747d3f240954d511e19179af8b8fdb32.udd" 6254
"C:/Users/emanu/AppData/Local/UnrealEngine/Common/DerivedDataCache/Buckets/LegacyTEXTURE/1f/43/b5774f06c86514b55b06e86588e7e0d61759.udd" 6255
"C:/Users/emanu/AppData/Local/UnrealEngine/Common/DerivedDataCache/Buckets/LegacyTEXTURE/fe/43/a9a177c3046df603ce20306d55f221f82ed5.udd" 6256
"C:/Users/emanu/AppData/Local/UnrealEngine/Common/DerivedDataCache/Buckets/LegacyTEXTURE/dd/24/6005cefc329e017f9991627a2aebcf8ca57d.udd" 6257
"C:/Users/emanu/AppData/Local/UnrealEngine/Common/DerivedDataCache/Buckets/LegacyTEXTURE/51/d6/a7345a5c0621aed9face88fd41a9cdc604bd.udd" 6258
"C:/Users/emanu/AppData/Local/UnrealEngine/Common/DerivedDataCache/Buckets/LegacyTEXTURE/cd/81/46b71ada40501e78baa180b019d1ed0756b5.udd" 6259
"C:/Users/emanu/AppData/Local/UnrealEngine/Common/DerivedDataCache/Buckets/LegacyTEXTURE/9c/33/f2811f437a914ce413d4455c3d3fb89f9fe8.udd" 6260
"C:/Users/emanu/AppData/Local/UnrealEngine/Common/DerivedDataCache/Buckets/LegacyTEXTURE/3a/e5/80825bcd98d33bab9f0b58ccae42d45e84d8.udd" 6261
"C:/Users/emanu/AppData/Local/UnrealEngine/Common/DerivedDataCache/Buckets/LegacyTEXTURE/df/30/72e19a1ddf5ac05aac0ade8c942d1e1f517e.udd" 6262
"C:/Users/emanu/AppData/Local/UnrealEngine/Common/DerivedDataCache/Buckets/LegacyTEXTURE/d4/25/6b703efa6d62ff00802c3cf7b430db5ec754.udd" 6263
"C:/Users/emanu/AppData/Local/UnrealEngine/Common/DerivedDataCache/Buckets/LegacyTEXTURE/ab/96/32096dd274afd318287b2fc6923d637c2b72.udd" 6264
"C:/Users/emanu/AppData/Local/UnrealEngine/Common/DerivedDataCache/Buckets/LegacyTEXTURE/cc/e7/b8b33969824481556ea292b02f71560f0b1a.udd" 6265
"C:/Users/emanu/AppData/Local/UnrealEngine/Common/DerivedDataCache/Buckets/LegacyTEXTURE/26/6f/676783871a3de295368316d12ecd79667212.udd" 6266
"C:/Users/emanu/AppData/Local/UnrealEngine/Common/DerivedDataCache/Buckets/LegacyTEXTURE/de/d0/a630f1f4dc79ad5291148eb34fd59d92a829.udd" 6267
"C:/Users/emanu/AppData/Local/UnrealEngine/Common/DerivedDataCache/Buckets/LegacyTEXTURE/eb/4a/7a565554ec6ec64d24701ed60f15f8d0c9ca.udd" 6268
"C:/Users/emanu/AppData/Local/UnrealEngine/Common/DerivedDataCache/Content/cd/66/0fa626b3b11eba723db80fdedfa4531ded71.udd" 6269
"C:/Users/emanu/AppData/Local/UnrealEngine/Common/DerivedDataCache/Buckets/LegacyTEXTURE/ed/95/a87d7c5bcbb1e8bb9578428e99e08a11e951.udd" 6270
"C:/Users/emanu/AppData/Local/UnrealEngine/Common/DerivedDataCache/Buckets/LegacyTEXTURE/4c/ea/1a176d31a09d95e0a2bb63dbb8f9f1e2c266.udd" 6271
"C:/Users/emanu/AppData/Local/UnrealEngine/Common/DerivedDataCache/Buckets/LegacyTEXTURE/88/03/7f1b0998cd7882ced459f3d285b44a2b7a6d.udd" 6272
"C:/Users/emanu/AppData/Local/UnrealEngine/Common/DerivedDataCache/Buckets/LegacyTEXTURE/aa/86/689460e9aca2316329015b94bcfb28ca9e8f.udd" 6273
"C:/Users/emanu/AppData/Local/UnrealEngine/Common/DerivedDataCache/Buckets/LegacyTEXTURE/97/8e/c0c8523765714cf83e4804edc0b2366866ee.udd" 6274
"C:/Users/emanu/AppData/Local/UnrealEngine/Common/DerivedDataCache/Buckets/LegacyTEXTURE/a7/89/ba07a5637d03badc6b9facfdcc51dfd432a8.udd" 6275
"C:/Users/emanu/AppData/Local/UnrealEngine/Common/DerivedDataCache/Buckets/LegacyTEXTURE/40/8b/0c2816d11548ebb1bdf4b85630281469d3a3.udd" 6276
"C:/Users/emanu/AppData/Local/UnrealEngine/Common/DerivedDataCache/Buckets/LegacyTEXTURE/c4/1f/cacb2883b32f974999156a0283a4b56b0dde.udd" 6277
"C:/Users/emanu/AppData/Local/UnrealEngine/Common/DerivedDataCache/Buckets/LegacyTEXTURE/0e/46/58b8dec28d3044a659d044f19e9e6198630f.udd" 6278
"C:/Users/emanu/AppData/Local/UnrealEngine/Common/DerivedDataCache/Buckets/LegacyTEXTURE/c7/e3/0cc8e7ef3b17ac7c113096d91d04612c2ba8.udd" 6279
"C:/Users/emanu/AppData/Local/UnrealEngine/Common/DerivedDataCache/Buckets/LegacyTEXTURE/37/af/3131d924023c2a902456b58b30ccb9e86642.udd" 6280
"C:/Users/emanu/AppData/Local/UnrealEngine/Common/DerivedDataCache/Buckets/LegacyTEXTURE/c1/58/3acac6fae1e846f7548bbe8358f3365e935c.udd" 6281
"C:/Users/emanu/AppData/Local/UnrealEngine/Common/DerivedDataCache/Buckets/LegacyTEXTURE/4b/93/4815a4a7ede25b55a4ab82c151d3ffb67096.udd" 6282
"C:/Users/emanu/AppData/Local/UnrealEngine/Common/DerivedDataCache/Buckets/LegacyTEXTURE/83/3e/c659708eefd318ffca5819ee8f075e3b1705.udd" 6283
"C:/Users/emanu/AppData/Local/UnrealEngine/Common/DerivedDataCache/Buckets/LegacyTEXTURE/79/5c/cdae1027677f75ca6d680b07c3eb954dc5d1.udd" 6284
"C:/Users/emanu/AppData/Local/UnrealEngine/Common/DerivedDataCache/Buckets/LegacyTEXTURE/c1/f5/0b5816428f01f1fa002455100bf91f39b46e.udd" 6285
"C:/Users/emanu/AppData/Local/UnrealEngine/Common/DerivedDataCache/Buckets/LegacyTEXTURE/b1/44/4c6fcce30ae94336a1fa49ef2ee84a195148.udd" 6286
"C:/Users/emanu/AppData/Local/UnrealEngine/Common/DerivedDataCache/Buckets/LegacyTEXTURE/80/8b/d45cb7358f2ef7e958f94bbde051fda78172.udd" 6287
"C:/Users/emanu/AppData/Local/UnrealEngine/Common/DerivedDataCache/Buckets/LegacyTEXTURE/8e/40/b5e21f3b7bda0e12f7435d7e3108fee1e1ab.udd" 6288
"C:/Users/emanu/AppData/Local/UnrealEngine/Common/DerivedDataCache/Buckets/LegacyTEXTURE/53/64/4c1c9e1d0b285704e05635ac6c68770ad394.udd" 6289
"C:/Users/emanu/AppData/Local/UnrealEngine/Common/DerivedDataCache/Buckets/LegacyTEXTURE/7b/12/434b5413b26f267f6f9d74375984ed8af0db.udd" 6290
"C:/Users/emanu/AppData/Local/UnrealEngine/Common/DerivedDataCache/Buckets/LegacyTEXTURE/cb/d1/32563cd342179e7237ac2f872ac2d31d5793.udd" 6291
"C:/Users/emanu/AppData/Local/UnrealEngine/Common/DerivedDataCache/Buckets/LegacyTEXTURE/a2/91/f1563d0f1bc2fc5696b40f0a91738f2a9387.udd" 6292
"C:/Users/emanu/AppData/Local/UnrealEngine/Common/DerivedDataCache/Content/b3/20/eedeeeb7141659649804b935513004027c00.udd" 6293
"C:/Users/emanu/AppData/Local/UnrealEngine/Common/DerivedDataCache/Content/1e/24/d70f2cb97846a14b679d47b2f4cea7f4cb8f.udd" 6294
"C:/Users/emanu/AppData/Local/UnrealEngine/Common/DerivedDataCache/Buckets/LegacyTEXTURE/ce/c5/fb641b63801d634bc10af1839ecc11fa3531.udd" 6295
"C:/Users/emanu/AppData/Local/UnrealEngine/Common/DerivedDataCache/Buckets/LegacyTEXTURE/95/a8/af66c75ad8165f9ddb554f60c77400adc902.udd" 6296
"C:/Users/emanu/AppData/Local/UnrealEngine/Common/DerivedDataCache/Buckets/LegacyTEXTURE/1c/0f/7707672f8b548feb26f9855782c835c7eca9.udd" 6297
"C:/Users/emanu/AppData/Local/UnrealEngine/Common/DerivedDataCache/Buckets/LegacyTEXTURE/c0/4e/6bbc2861612aa4c067066d4a3e6d4dd98d67.udd" 6298
"C:/Users/emanu/AppData/Local/UnrealEngine/Common/DerivedDataCache/Buckets/LegacyTEXTURE/f6/e2/08a2195dd8faa39118eb6b9528d0e3a1e81f.udd" 6299
"C:/Users/emanu/AppData/Local/UnrealEngine/Common/DerivedDataCache/Buckets/LegacyTEXTURE/e9/8e/8a2ff5ff7e80b4282f0a83d793207e269de4.udd" 6300
"C:/Users/emanu/AppData/Local/UnrealEngine/Common/DerivedDataCache/Buckets/LegacyTEXTURE/87/54/e0abf5805792c5695c8824c599ad6b6cc81c.udd" 6301
"C:/Users/emanu/AppData/Local/UnrealEngine/Common/DerivedDataCache/Buckets/LegacyTEXTURE/d6/f6/05c92433ddd61ad81fb15617aa8206281e51.udd" 6302
"C:/Users/emanu/AppData/Local/UnrealEngine/Common/DerivedDataCache/Content/95/39/4d677927f24a283d575a50be2501f8ecca2b.udd" 6303
"C:/Users/emanu/AppData/Local/UnrealEngine/Common/DerivedDataCache/Buckets/LegacyTEXTURE/85/e0/d5087b8cd131c54db7538469aca588c07cbb.udd" 6304
"C:/Users/emanu/AppData/Local/UnrealEngine/Common/DerivedDataCache/Buckets/LegacyTEXTURE/41/0d/c96147e0372110e6465e6327d6a9e14a9fdd.udd" 6305
"C:/Users/emanu/AppData/Local/UnrealEngine/Common/DerivedDataCache/Content/bc/f2/cc79e56b6dd4e417f8a5ce19f6b1b9653fc8.udd" 6306
"C:/Users/emanu/AppData/Local/UnrealEngine/Common/DerivedDataCache/Buckets/LegacyTEXTURE/77/a5/13fec6af1de72a36dfbb284ec67ea102d796.udd" 6307
"C:/Users/emanu/AppData/Local/UnrealEngine/Common/DerivedDataCache/Buckets/LegacyTEXTURE/db/d7/ae97f9664ad705281183e86930e6339a248a.udd" 6308
"C:/Users/emanu/AppData/Local/UnrealEngine/Common/DerivedDataCache/Buckets/LegacyTEXTURE/3e/bb/addafaada9d769dbc0696e30877c897e2a05.udd" 6309
"C:/Users/emanu/AppData/Local/UnrealEngine/Common/DerivedDataCache/Buckets/LegacyTEXTURE/e5/ec/536a20244234d4ebf9162ac9c1584aec7f11.udd" 6310
"C:/Users/emanu/AppData/Local/UnrealEngine/Common/DerivedDataCache/Buckets/LegacyTEXTURE/0e/0c/e57dd174f2616b7bf9e972b5823214be0c66.udd" 6311
"C:/Users/emanu/AppData/Local/UnrealEngine/Common/DerivedDataCache/Buckets/LegacyTEXTURE/9c/bc/72cbe0fc9d393c5d9bfc7cd24bab2539076d.udd" 6312
"C:/Users/emanu/AppData/Local/UnrealEngine/Common/DerivedDataCache/Buckets/LegacyTEXTURE/7b/07/c61cc28f226302cc46bb66206cb6272fc7d2.udd" 6313
"C:/Users/emanu/AppData/Local/UnrealEngine/Common/DerivedDataCache/Buckets/LegacyTEXTURE/59/25/7ee8cdfedc9afe36135eb747509e41fc3b58.udd" 6314
"C:/Users/emanu/AppData/Local/UnrealEngine/Common/DerivedDataCache/Buckets/LegacyTEXTURE/1c/63/7aafbe8d6244adcbf03d9c40c5ab72c73ab3.udd" 6315
"C:/Users/emanu/AppData/Local/UnrealEngine/Common/DerivedDataCache/Buckets/LegacyTEXTURE/d5/96/18a12787030d6dea0dc5afb8de6874e033dc.udd" 6316
"C:/Users/emanu/AppData/Local/UnrealEngine/Common/DerivedDataCache/Buckets/LegacyTEXTURE/48/34/8772d475152abb0c2991b1627b8e11c38c56.udd" 6317
"C:/Users/emanu/AppData/Local/UnrealEngine/Common/DerivedDataCache/Buckets/LegacyTEXTURE/85/43/5569bca35143ce6aca793de8e230dad9f86d.udd" 6318
"C:/Users/emanu/AppData/Local/UnrealEngine/Common/DerivedDataCache/Buckets/LegacyTEXTURE/ee/f2/6d9486c3c83756893269de84ec2af33ddf3e.udd" 6319
"C:/Users/emanu/AppData/Local/UnrealEngine/Common/DerivedDataCache/Buckets/LegacyTEXTURE/b0/37/daa542143ed3c9791d2029c6cffa2cfed299.udd" 6320
"C:/Users/emanu/AppData/Local/UnrealEngine/Common/DerivedDataCache/Buckets/LegacyTEXTURE/75/c4/e0756bcf9ba9e1758ed5de458f4e51630b8e.udd" 6321
"C:/Users/emanu/AppData/Local/UnrealEngine/Common/DerivedDataCache/Buckets/LegacyTEXTURE/76/86/f9e858cf88b30e9a682151ac2fa272a3803d.udd" 6322
"C:/Users/emanu/AppData/Local/UnrealEngine/Common/DerivedDataCache/Buckets/LegacyTEXTURE/7f/49/a2b86562a487cb0ae1d40ac2c83dadb05986.udd" 6323
"C:/Users/emanu/AppData/Local/UnrealEngine/Common/DerivedDataCache/Buckets/LegacyTEXTURE/a5/df/7ef10dd26c756afee308cb3870217c863178.udd" 6324
"C:/Users/emanu/AppData/Local/UnrealEngine/Common/DerivedDataCache/Buckets/LegacyTEXTURE/ad/45/9d7fce678fe586ea6f0e671a55258ae889b6.udd" 6325
"C:/Users/emanu/AppData/Local/UnrealEngine/Common/DerivedDataCache/Buckets/LegacyTEXTURE/46/79/200be33bb255beb08648af44b941f3b348df.udd" 6326
"C:/Users/emanu/AppData/Local/UnrealEngine/Common/DerivedDataCache/Buckets/LegacyTEXTURE/2e/db/39727edfdcf3b48e4b7b5cd356574ed2ea3b.udd" 6327
"C:/Users/emanu/AppData/Local/UnrealEngine/Common/DerivedDataCache/Buckets/LegacyTEXTURE/11/8a/5322788374cfd20ef6bf9bd963de90b1a4eb.udd" 6328
"C:/Users/emanu/AppData/Local/UnrealEngine/Common/DerivedDataCache/Buckets/LegacyTEXTURE/50/ac/9268183d5432875ec8376e505cca0c4fdb7a.udd" 6329
"C:/Users/emanu/AppData/Local/UnrealEngine/Common/DerivedDataCache/Buckets/LegacyTEXTURE/0e/f5/a9c4f837f40111dfbe19c41870e136917501.udd" 6330
"C:/Users/emanu/AppData/Local/UnrealEngine/Common/DerivedDataCache/Content/b2/85/d6e4a3d78b3bc1cceaaad12dbfc9a3980a76.udd" 6331
"C:/Users/emanu/AppData/Local/UnrealEngine/Common/DerivedDataCache/Buckets/LegacyTEXTURE/c6/f0/c48c044c307216bb58488a4de03d57006278.udd" 6332
"C:/Users/emanu/AppData/Local/UnrealEngine/Common/DerivedDataCache/Buckets/LegacyTEXTURE/45/c7/3fdaac3f986d7c5da58e3d888e7a72c3952e.udd" 6333
"C:/Users/emanu/AppData/Local/UnrealEngine/Common/DerivedDataCache/Buckets/LegacyTEXTURE/c3/23/d32bbd2f6c3ec7a0b7fe5f8586f6239b94fe.udd" 6334
"C:/Users/emanu/AppData/Local/UnrealEngine/Common/DerivedDataCache/Buckets/LegacyTEXTURE/66/dc/6308f71af2d8e63c688a0380c3429b3dfe3e.udd" 6335
"C:/Users/emanu/AppData/Local/UnrealEngine/Common/DerivedDataCache/Buckets/LegacyTEXTURE/e0/e0/fd7ebcbd5ddd8ee5297b348a120140e64b96.udd" 6336
"C:/Users/emanu/AppData/Local/UnrealEngine/Common/DerivedDataCache/Buckets/LegacyTEXTURE/37/01/8e4a09338c29c75bdb92203c7cc519f3a9f3.udd" 6337
"C:/Users/emanu/AppData/Local/UnrealEngine/Common/DerivedDataCache/Buckets/LegacyTEXTURE/b8/a5/be7a2f8516669e5b82fd1aebefc5102635ab.udd" 6338
"C:/Users/emanu/AppData/Local/UnrealEngine/Common/DerivedDataCache/Buckets/LegacyTEXTURE/de/75/392745282a9ab8aba265cbb480f7ef8aa508.udd" 6339
"C:/Users/emanu/AppData/Local/UnrealEngine/Common/DerivedDataCache/Buckets/LegacyTEXTURE/72/2b/bd1988cc53b520dbbe39fb828549b4243c95.udd" 6340
"C:/Users/emanu/AppData/Local/UnrealEngine/Common/DerivedDataCache/Buckets/LegacyTEXTURE/32/2e/83b7d34d2c52edeada155c83a4c16919da47.udd" 6341
"C:/Users/emanu/AppData/Local/UnrealEngine/Common/DerivedDataCache/Buckets/LegacyTEXTURE/56/73/5b78dbfca66b32f7ee5eeb0e1553d0951350.udd" 6342
"C:/Users/emanu/AppData/Local/UnrealEngine/Common/DerivedDataCache/Buckets/LegacyTEXTURE/14/71/271098a07032043b9a8de4412cc8628ea6a4.udd" 6343
"C:/Users/emanu/AppData/Local/UnrealEngine/Common/DerivedDataCache/Buckets/LegacyTEXTURE/ff/ee/5dbb44515e4c433e3e7262dd7eb3d78c28b8.udd" 6344
"C:/Users/emanu/AppData/Local/UnrealEngine/Common/DerivedDataCache/Buckets/LegacyTEXTURE/a1/4c/a813244b854aebe8e6c6e41a707b14545cc7.udd" 6345
"C:/Users/emanu/AppData/Local/UnrealEngine/Common/DerivedDataCache/Buckets/LegacyTEXTURE/c8/4d/3219b8300424f6cb07cee2fb31c6ce583087.udd" 6346
"C:/Users/emanu/AppData/Local/UnrealEngine/Common/DerivedDataCache/Buckets/LegacyTEXTURE/f4/d0/7e6803ac0a77dc70a811c7e95ead9cbba3cd.udd" 6347
"C:/Users/emanu/AppData/Local/UnrealEngine/Common/DerivedDataCache/Buckets/LegacyTEXTURE/87/de/2dab6b9b6e4ec2a338769bbbd34a12a77fb8.udd" 6348
"C:/Users/emanu/AppData/Local/UnrealEngine/Common/DerivedDataCache/Buckets/LegacyTEXTURE/72/5d/e6ca946f06dfa554c61518a0a2de9d88c2a0.udd" 6349
"C:/Users/emanu/AppData/Local/UnrealEngine/Common/DerivedDataCache/Buckets/LegacyTEXTURE/f5/3d/a8ceb67058ed35377b88e3363f0a5f252dee.udd" 6350
"C:/Users/emanu/AppData/Local/UnrealEngine/Common/DerivedDataCache/Buckets/LegacyTEXTURE/be/b5/9bf6ee5073d6349a0adfc99b5990e189ee64.udd" 6351
"C:/Users/emanu/AppData/Local/UnrealEngine/Common/DerivedDataCache/Buckets/LegacyTEXTURE/93/cb/daad3d795788a386a70abce5f6b3449d6f5d.udd" 6352
"C:/Users/emanu/AppData/Local/UnrealEngine/Common/DerivedDataCache/Buckets/LegacyTEXTURE/cc/82/0b8b5be05de8e7162aad2d5e4c183d55db8b.udd" 6353
"C:/Users/emanu/AppData/Local/UnrealEngine/Common/DerivedDataCache/Buckets/LegacyTEXTURE/6a/83/50bb3ac0efa52dc08aecd8f01000af70ebac.udd" 6354
"C:/Users/emanu/AppData/Local/UnrealEngine/Common/DerivedDataCache/Buckets/LegacyTEXTURE/10/de/80bf84c9d65a27aca1adf41f70d4974997aa.udd" 6355
"C:/Users/emanu/AppData/Local/UnrealEngine/Common/DerivedDataCache/Buckets/LegacyTEXTURE/28/dc/9a2ec2dac633039a7e6b099b7842a18b1dbc.udd" 6356
"C:/Users/emanu/AppData/Local/UnrealEngine/Common/DerivedDataCache/Buckets/LegacyTEXTURE/be/40/4dcdbda5d14d8e2653422afd9a5d091f0c82.udd" 6357
"C:/Users/emanu/AppData/Local/UnrealEngine/Common/DerivedDataCache/Buckets/LegacyTEXTURE/56/d7/62c0d9d96eeaf2f9aae52dd3a4a2eca79587.udd" 6358
"C:/Users/emanu/AppData/Local/UnrealEngine/Common/DerivedDataCache/Buckets/LegacyTEXTURE/23/b2/58373fdd023c28b4c5de0ab7562087c27cce.udd" 6359
"C:/Users/emanu/AppData/Local/UnrealEngine/Common/DerivedDataCache/Buckets/LegacyTEXTURE/a2/04/c2d28b666217e4f2a53a0fab974a1531b03f.udd" 6360
"C:/Users/emanu/AppData/Local/UnrealEngine/Common/DerivedDataCache/Buckets/LegacyTEXTURE/72/f9/311bc3cb8cb9925c2ee486a104aad4010f66.udd" 6361
"C:/Users/emanu/AppData/Local/UnrealEngine/Common/DerivedDataCache/Buckets/LegacyTEXTURE/04/b8/f971819e55d0ac6fd1c47cb1efe345583650.udd" 6362
"C:/Users/emanu/AppData/Local/UnrealEngine/Common/DerivedDataCache/Buckets/LegacyTEXTURE/85/60/a7286fcc5dd0718195e8da30c4562d4245c5.udd" 6363
"C:/Users/emanu/AppData/Local/UnrealEngine/Common/DerivedDataCache/Buckets/LegacyTEXTURE/33/13/8b40c067a9f9c014956c0d7be8b218251b26.udd" 6364
"C:/Users/emanu/AppData/Local/UnrealEngine/Common/DerivedDataCache/Buckets/LegacyTEXTURE/38/18/e9fce9887f2d8c06bb78204d3e300abe7db3.udd" 6365
"C:/Users/emanu/AppData/Local/UnrealEngine/Common/DerivedDataCache/Buckets/LegacyTEXTURE/f0/e0/fe54eb4f77d96b26c4b9ba2663dbf9745e2c.udd" 6366
"C:/Users/emanu/AppData/Local/UnrealEngine/Common/DerivedDataCache/Buckets/LegacyTEXTURE/b6/cc/51a13f63a61dedf4b906d41e397af81ffc1a.udd" 6367
"C:/Users/emanu/AppData/Local/UnrealEngine/Common/DerivedDataCache/Content/d8/80/17b038589c81316ddc308976f23104b36c9c.udd" 6368
"C:/Users/emanu/AppData/Local/UnrealEngine/Common/DerivedDataCache/Buckets/LegacyTEXTURE/3e/49/c0ebd669993beb6d880c3cc5bcda14cbf15b.udd" 6369
"C:/Users/emanu/AppData/Local/UnrealEngine/Common/DerivedDataCache/Buckets/LegacyTEXTURE/2a/da/b3eac58f5ac99d56a926c82c475833fd415e.udd" 6370
"C:/Users/emanu/AppData/Local/UnrealEngine/Common/DerivedDataCache/Buckets/LegacyTEXTURE/6b/0f/402f09c39debc09bbb48304a8eacb77091cd.udd" 6371
"C:/Users/emanu/AppData/Local/UnrealEngine/Common/DerivedDataCache/Buckets/LegacyTEXTURE/04/9e/ccf283df460b2eb63d2ea35395f6a2f34f1e.udd" 6372
"C:/Users/emanu/AppData/Local/UnrealEngine/Common/DerivedDataCache/Buckets/LegacyTEXTURE/c3/7e/2f89d5da61ce789c5bbfddc725c56f35c854.udd" 6373
"C:/Users/emanu/AppData/Local/UnrealEngine/Common/DerivedDataCache/Buckets/LegacyTEXTURE/ff/ef/d24e86ef7bc2f9fd46a3b593266240a074c3.udd" 6374
"C:/Users/emanu/AppData/Local/UnrealEngine/Common/DerivedDataCache/Buckets/LegacyTEXTURE/cf/3a/93fdd4af11ca34d62bff2654bcc8ff5a3c7a.udd" 6375
"C:/Users/emanu/AppData/Local/UnrealEngine/Common/DerivedDataCache/Buckets/LegacyTEXTURE/4d/93/9b4803c9eb0e65c4681e465c2bc9e1d4ef58.udd" 6376
"C:/Users/emanu/AppData/Local/UnrealEngine/Common/DerivedDataCache/Buckets/LegacyTEXTURE/77/6b/185e9418ed8918c8aebd67faab3bdcb6eab6.udd" 6377
"C:/Users/emanu/AppData/Local/UnrealEngine/Common/DerivedDataCache/Buckets/LegacyTEXTURE/df/66/295278bc20f8dffd15cabf6049f1e85cd20c.udd" 6378
"C:/Users/emanu/AppData/Local/UnrealEngine/Common/DerivedDataCache/Buckets/LegacyTEXTURE/b7/4d/81c40ba4b3fc3c0aa6157ca46be32d4dd41a.udd" 6379
"C:/Users/emanu/AppData/Local/UnrealEngine/Common/DerivedDataCache/Buckets/LegacyTEXTURE/fa/e3/eca7e669bb97a7b4d7ecc13230d2cc3d2b27.udd" 6380
"C:/Users/emanu/AppData/Local/UnrealEngine/Common/DerivedDataCache/Buckets/LegacyTEXTURE/ee/28/d2725d5ca981959ff3c166b57807f2edc1ec.udd" 6381
"C:/Users/emanu/AppData/Local/UnrealEngine/Common/DerivedDataCache/Buckets/LegacyTEXTURE/a6/52/d01a7dbf8aba239aeac041b141a99910954a.udd" 6382
"C:/Users/emanu/AppData/Local/UnrealEngine/Common/DerivedDataCache/Buckets/LegacyTEXTURE/f0/24/b55fd62f0dcec4ecb63c85dced90adcb7124.udd" 6383
"C:/Users/emanu/AppData/Local/UnrealEngine/Common/DerivedDataCache/Buckets/LegacyTEXTURE/ce/78/5379a485782d5127bcd2cf231c7336249ed5.udd" 6384
"C:/Users/emanu/AppData/Local/UnrealEngine/Common/DerivedDataCache/Buckets/LegacyTEXTURE/11/dd/a44acde8ca3ac887d870dda3883bb7d1b76b.udd" 6385
"C:/Users/emanu/AppData/Local/UnrealEngine/Common/DerivedDataCache/Buckets/LegacyTEXTURE/37/55/c775f307f45c6e6829d8ceccceb5118e8f16.udd" 6386
"C:/Users/emanu/AppData/Local/UnrealEngine/Common/DerivedDataCache/Buckets/LegacyTEXTURE/62/cc/9bdfe3d2ac938f43a9989ebac1797f950806.udd" 6387
"C:/Users/emanu/AppData/Local/UnrealEngine/Common/DerivedDataCache/Content/c3/49/8baeec32ee273e3f7beca280f9cff99cd657.udd" 6388
"C:/Users/emanu/AppData/Local/UnrealEngine/Common/DerivedDataCache/Content/ba/50/657c992771874e917c1106c6a0b35f35352b.udd" 6389
"C:/Users/emanu/AppData/Local/UnrealEngine/Common/DerivedDataCache/Buckets/LegacyTEXTURE/8e/08/d60d2f6a80e4eff6c531b3a323c099036ff1.udd" 6390
"C:/Users/emanu/AppData/Local/UnrealEngine/Common/DerivedDataCache/Buckets/LegacyTEXTURE/e0/ad/df213c5328730e6a5c4f08199ab2f83db13d.udd" 6391
"C:/Users/emanu/AppData/Local/UnrealEngine/Common/DerivedDataCache/Buckets/LegacyTEXTURE/75/20/c2ec1a3b1167241b69e369b5a2397befb30c.udd" 6392
"C:/Users/emanu/AppData/Local/UnrealEngine/Common/DerivedDataCache/Buckets/LegacyTEXTURE/35/8c/b30fbda5614f850d23a1685bd7d161b106f2.udd" 6393
"C:/Users/emanu/AppData/Local/UnrealEngine/Common/DerivedDataCache/Buckets/LegacyTEXTURE/bb/76/2311e2ae5347d628e38237d2d27b96028929.udd" 6394
"C:/Users/emanu/AppData/Local/UnrealEngine/Common/DerivedDataCache/Buckets/LegacyTEXTURE/67/bd/3a5fe3a9149a7a51ce4da0038ffe56e3172b.udd" 6395
"C:/Users/emanu/AppData/Local/UnrealEngine/Common/DerivedDataCache/Buckets/LegacyTEXTURE/e4/2c/99c3649e880c2e8ec303dba443e6ad34c846.udd" 6396
"C:/Users/emanu/AppData/Local/UnrealEngine/Common/DerivedDataCache/Content/aa/99/7e51d0dfa1357a36de6273b045e2fb9949d2.udd" 6397
"C:/Users/emanu/AppData/Local/UnrealEngine/Common/DerivedDataCache/Buckets/LegacyTEXTURE/39/1f/554ba96f81d089e688c6caacbdabf5863bd4.udd" 6398
"C:/Users/emanu/AppData/Local/UnrealEngine/Common/DerivedDataCache/Buckets/LegacyTEXTURE/53/d7/334cd315eb792bf3925b5894fda5c8d1179b.udd" 6399
"C:/Users/emanu/AppData/Local/UnrealEngine/Common/DerivedDataCache/Buckets/LegacyTEXTURE/af/9c/03aca35bcf7a4e8c81fc3cfe9ee2153799c4.udd" 6400
"C:/Users/emanu/AppData/Local/UnrealEngine/Common/DerivedDataCache/Buckets/LegacyTEXTURE/85/78/e75c89c256ddba232b06caf4f74f032df50f.udd" 6401
"C:/Users/emanu/AppData/Local/UnrealEngine/Common/DerivedDataCache/Buckets/LegacyTEXTURE/dc/e9/755cd439b2b917005c0a0480252c0077d61b.udd" 6402
"C:/Users/emanu/AppData/Local/UnrealEngine/Common/DerivedDataCache/Buckets/LegacyTEXTURE/7b/3a/95a032bd95185e6b93965c80ac457e41e91e.udd" 6403
"C:/Users/emanu/AppData/Local/UnrealEngine/Common/DerivedDataCache/Buckets/LegacyTEXTURE/45/68/700e765dabc28c0e3894f55b3cfe51afbd6f.udd" 6404
"C:/Users/emanu/AppData/Local/UnrealEngine/Common/DerivedDataCache/Buckets/LegacyTEXTURE/08/28/3bbfa91c17258e53f53aa04d696811c8b7b3.udd" 6405
"C:/Users/emanu/AppData/Local/UnrealEngine/Common/DerivedDataCache/Buckets/LegacyTEXTURE/ee/12/fa4d2e91e3344c98e3500b5bad8597ac5983.udd" 6406
"C:/Users/emanu/AppData/Local/UnrealEngine/Common/DerivedDataCache/Buckets/LegacyTEXTURE/f7/39/1d0e9d2db1763038b9ebbd88a201fe36ae87.udd" 6407
"C:/Users/emanu/AppData/Local/UnrealEngine/Common/DerivedDataCache/Buckets/LegacyTEXTURE/4b/3a/dd1a6776c5acd45e2a080f9811bc1b272c44.udd" 6408
"C:/Users/emanu/AppData/Local/UnrealEngine/Common/DerivedDataCache/Buckets/LegacyTEXTURE/dd/be/80bd02dff41b0d137244bb7eea3e7cef5f23.udd" 6409
"C:/Users/emanu/AppData/Local/UnrealEngine/Common/DerivedDataCache/Buckets/LegacyTEXTURE/ec/1f/905918bb9ffc762758277b490715993c2683.udd" 6410
"C:/Users/emanu/AppData/Local/UnrealEngine/Common/DerivedDataCache/Buckets/LegacyTEXTURE/9b/08/161ef7c1a0c5a7e5ed8fb1beb83ceb40932b.udd" 6411
"C:/Users/emanu/AppData/Local/UnrealEngine/Common/DerivedDataCache/Buckets/LegacyTEXTURE/4a/bd/cb9bf5a23ce474536ab71402e08eadc64992.udd" 6412
"C:/Users/emanu/AppData/Local/UnrealEngine/Common/DerivedDataCache/Content/1a/a7/df06f3701f8145c070755369b8e8a4a40413.udd" 6413
"C:/Users/emanu/AppData/Local/UnrealEngine/Common/DerivedDataCache/Buckets/LegacyTEXTURE/cf/79/e5eb06e067633431a4bf75246dc3fc480cae.udd" 6414
"C:/Users/emanu/AppData/Local/UnrealEngine/Common/DerivedDataCache/Content/a6/c1/f3d3a53cd1de12bcff63ffe7e54c4a68b0da.udd" 6415
"C:/Users/emanu/AppData/Local/UnrealEngine/Common/DerivedDataCache/Buckets/LegacyTEXTURE/f5/9f/37de55564bc0e2e621b19eefe169a2dc4b97.udd" 6416
"C:/Users/emanu/AppData/Local/UnrealEngine/Common/DerivedDataCache/Buckets/LegacyTEXTURE/8e/97/2ee8e9ac7f8fe1ba090988bee1e16bc63ff8.udd" 6417
"C:/Users/emanu/AppData/Local/UnrealEngine/Common/DerivedDataCache/Buckets/LegacyTEXTURE/10/2f/ddba64c4abc0a7972971285743b383ae60a1.udd" 6418
"C:/Users/emanu/AppData/Local/UnrealEngine/Common/DerivedDataCache/Buckets/LegacyTEXTURE/97/c3/a84337f8bae0818947e74574f82172abf722.udd" 6419
"C:/Users/emanu/AppData/Local/UnrealEngine/Common/DerivedDataCache/Buckets/LegacyTEXTURE/f6/62/e23ba0c9c834f6fcae3de15ecec62574b7c8.udd" 6420
"C:/Users/emanu/AppData/Local/UnrealEngine/Common/DerivedDataCache/Buckets/LegacyTEXTURE/34/fc/ab8f30f3c903b8370e2e012285415678ca70.udd" 6421
"C:/Users/emanu/AppData/Local/UnrealEngine/Common/DerivedDataCache/Buckets/LegacyTEXTURE/c7/d3/6824f9fdd5cb3410e193cfd11c2bbbb22394.udd" 6422
"C:/Users/emanu/AppData/Local/UnrealEngine/Common/DerivedDataCache/Buckets/LegacyTEXTURE/3a/a6/cfd2d90f4bc6adb17e63794ff45285d9a1ff.udd" 6423
"C:/Users/emanu/AppData/Local/UnrealEngine/Common/DerivedDataCache/Buckets/LegacyTEXTURE/ca/6f/88176b2e6f43d0071200880f4dd32b7abc68.udd" 6424
"C:/Users/emanu/AppData/Local/UnrealEngine/Common/DerivedDataCache/Buckets/LegacyTEXTURE/0b/8a/1e61b190b5aaeb06a5da55903afa142e7686.udd" 6425
"C:/Users/emanu/AppData/Local/UnrealEngine/Common/DerivedDataCache/Buckets/LegacyTEXTURE/ba/a6/623f12ee10393b7e26da972c11c097185f28.udd" 6426
"C:/Users/emanu/AppData/Local/UnrealEngine/Common/DerivedDataCache/Buckets/LegacyTEXTURE/cd/fa/be9bd74fc08a4c37f055bda4404acaed961e.udd" 6427
"C:/Users/emanu/AppData/Local/UnrealEngine/Common/DerivedDataCache/Buckets/LegacyTEXTURE/db/f2/6b7d13b553fd43323633f410ea6568edf61c.udd" 6428
"C:/Users/emanu/AppData/Local/UnrealEngine/Common/DerivedDataCache/Buckets/LegacyTEXTURE/a0/03/2d6b5159a7d9e408d91037702832cee1b78a.udd" 6429
"C:/Users/emanu/AppData/Local/UnrealEngine/Common/DerivedDataCache/Buckets/LegacyTEXTURE/91/7d/4fe3536da9562fdeaa475c34e50834b38919.udd" 6430
"C:/Users/emanu/AppData/Local/UnrealEngine/Common/DerivedDataCache/Buckets/LegacyTEXTURE/c2/b3/676e8ee69069f0361e36b6ab61092d35d34f.udd" 6431
"C:/Users/emanu/AppData/Local/UnrealEngine/Common/DerivedDataCache/Buckets/LegacyTEXTURE/14/c0/dca909ee1e109e00df97fb9ddf72b9441297.udd" 6432
"C:/Users/emanu/AppData/Local/UnrealEngine/Common/DerivedDataCache/Content/af/ae/defe501c7f64fa64cf6b3379593d3117758f.udd" 6433
"C:/Users/emanu/AppData/Local/UnrealEngine/Common/DerivedDataCache/Buckets/LegacyTEXTURE/1e/c1/1b60faaeffea2822b18c94894a286c2a4558.udd" 6434
"C:/Users/emanu/AppData/Local/UnrealEngine/Common/DerivedDataCache/Buckets/LegacyTEXTURE/b3/0e/8aa01fea23a8b93da37cef1ad495ee2444fe.udd" 6435
"C:/Users/emanu/AppData/Local/UnrealEngine/Common/DerivedDataCache/Buckets/LegacyTEXTURE/f4/0a/9c85cafffe7a35abc228abfcd22b8ec9d963.udd" 6436
"C:/Users/emanu/AppData/Local/UnrealEngine/Common/DerivedDataCache/Buckets/LegacyTEXTURE/0d/22/d12e88bbf76ffc5b3598a9282f4d6fb43745.udd" 6437
"C:/Users/emanu/AppData/Local/UnrealEngine/Common/DerivedDataCache/Buckets/LegacyTEXTURE/3b/0b/796b4b71b66c977c19dbb103adf66a4d8f09.udd" 6438
"C:/Users/emanu/AppData/Local/UnrealEngine/Common/DerivedDataCache/Buckets/LegacyTEXTURE/8d/d5/e902ba1667b93be2156ac2f095e3a095a65a.udd" 6439
"C:/Users/emanu/AppData/Local/UnrealEngine/Common/DerivedDataCache/Buckets/LegacyTEXTURE/8c/90/22838ce3969938842ecb427bfa0bfec6d0ea.udd" 6440
"C:/Users/emanu/AppData/Local/UnrealEngine/Common/DerivedDataCache/Content/d8/56/3dd340cc7adeade5dce143929777db8c0cb3.udd" 6441
"C:/Users/emanu/AppData/Local/UnrealEngine/Common/DerivedDataCache/Content/df/ee/2b86941c8b9b02127e7f839dc560456a0566.udd" 6442
"C:/Users/emanu/AppData/Local/UnrealEngine/Common/DerivedDataCache/Buckets/LegacyTEXTURE/42/fa/e8e3f9f4c59967ead43eced05ee579648908.udd" 6443
"C:/Users/emanu/AppData/Local/UnrealEngine/Common/DerivedDataCache/Content/69/a1/ee761a8de9d99b5c5e9faf8193e7e7acfa0a.udd" 6444
"C:/Users/emanu/AppData/Local/UnrealEngine/Common/DerivedDataCache/Buckets/LegacyTEXTURE/82/c6/f89bd587dc8abc628f0849b4ee28221a7913.udd" 6445
"C:/Users/emanu/AppData/Local/UnrealEngine/Common/DerivedDataCache/Buckets/LegacyTEXTURE/07/35/1a737a59ae7a4909a6df3470f4f543944573.udd" 6446
"C:/Users/emanu/AppData/Local/UnrealEngine/Common/DerivedDataCache/Buckets/LegacyTEXTURE/48/c9/8fceb2142106b0d093e267a3219d43c2b11f.udd" 6447
"C:/Users/emanu/AppData/Local/UnrealEngine/Common/DerivedDataCache/Buckets/LegacyTEXTURE/5c/fd/bbdef8e6e07c4c6c9864dd859534614ded86.udd" 6448
"C:/Users/emanu/AppData/Local/UnrealEngine/Common/DerivedDataCache/Buckets/LegacyTEXTURE/d3/63/d3c8387ddea1acdac70877dddc52945d70e6.udd" 6449
"C:/Users/emanu/AppData/Local/UnrealEngine/Common/DerivedDataCache/Buckets/LegacyTEXTURE/9a/8e/e68b7ff74a416d7b94051662d2b81963ea8e.udd" 6450
"C:/Users/emanu/AppData/Local/UnrealEngine/Common/DerivedDataCache/Buckets/LegacyTEXTURE/2e/15/a928c48905c029928e16d7b133dcc1bb263a.udd" 6451
"C:/Users/emanu/AppData/Local/UnrealEngine/Common/DerivedDataCache/Buckets/LegacyTEXTURE/eb/62/b10914999df095f590ddaa39dd8e655a9873.udd" 6452
"C:/Users/emanu/AppData/Local/UnrealEngine/Common/DerivedDataCache/Buckets/LegacyTEXTURE/3c/4f/759b2230eb97d280e18cc0ac698cf4fa15fc.udd" 6453
"C:/Users/emanu/AppData/Local/UnrealEngine/Common/DerivedDataCache/Buckets/LegacyTEXTURE/f3/6f/708b554e1fa4fd402f81d4b35adf5dde96fd.udd" 6454
"C:/Users/emanu/AppData/Local/UnrealEngine/Common/DerivedDataCache/Buckets/LegacyTEXTURE/8b/20/100cfe6182144f46b397b1b31e20acc294f5.udd" 6455
"C:/Users/emanu/AppData/Local/UnrealEngine/Common/DerivedDataCache/Buckets/LegacyTEXTURE/65/90/714cc844be6f45df8de455c310573531ab64.udd" 6456
"C:/Users/emanu/AppData/Local/UnrealEngine/Common/DerivedDataCache/Buckets/LegacyTEXTURE/e9/f4/283f38682fc5d3bb46425148d0afaecc065c.udd" 6457
"C:/Users/emanu/AppData/Local/UnrealEngine/Common/DerivedDataCache/Buckets/LegacyTEXTURE/51/8a/bafb12b50c8e1c2bdba9aa32cfda477bbb44.udd" 6458
"C:/Users/emanu/AppData/Local/UnrealEngine/Common/DerivedDataCache/Buckets/LegacyTEXTURE/f7/a3/e2680c1c2fcc5e943ba0382b3e289fbc703c.udd" 6459
"C:/Users/emanu/AppData/Local/UnrealEngine/Common/DerivedDataCache/Buckets/LegacyTEXTURE/1a/aa/11807ccfe69beb308377a6226ab5b6c59095.udd" 6460
"C:/Users/emanu/AppData/Local/UnrealEngine/Common/DerivedDataCache/Buckets/LegacyTEXTURE/87/bb/126e801858c2537dcc83e047f44c46578df9.udd" 6461
"C:/Users/emanu/AppData/Local/UnrealEngine/Common/DerivedDataCache/Buckets/LegacyTEXTURE/9a/8e/e8019d3bf067479d380637cb0ffccbb42789.udd" 6462
"C:/Users/emanu/AppData/Local/UnrealEngine/Common/DerivedDataCache/Buckets/LegacyTEXTURE/7c/c6/1eafeece2c2d220953e9e8a91c672879812b.udd" 6463
"C:/Users/emanu/AppData/Local/UnrealEngine/Common/DerivedDataCache/Buckets/LegacyTEXTURE/9d/18/73a76cd536c05d92258d4455f67ddadde497.udd" 6464
"C:/Users/emanu/AppData/Local/UnrealEngine/Common/DerivedDataCache/Buckets/LegacyTEXTURE/b7/5d/c48f323a3a3a1961f128fb48de35db4e1139.udd" 6465
"C:/Users/emanu/AppData/Local/UnrealEngine/Common/DerivedDataCache/Buckets/LegacyTEXTURE/54/33/433b32227d1abebfe387e8de90f8acf0eb37.udd" 6466
"C:/Users/emanu/AppData/Local/UnrealEngine/Common/DerivedDataCache/Buckets/LegacyTEXTURE/68/6e/e5cc36e08f070b31268071856d6a296338fc.udd" 6467
"C:/Users/emanu/AppData/Local/UnrealEngine/Common/DerivedDataCache/Buckets/LegacyTEXTURE/06/2f/a074ae97909ff5c20ac97ac82d9367c9c2f7.udd" 6468
"C:/Users/emanu/AppData/Local/UnrealEngine/Common/DerivedDataCache/Buckets/LegacyTEXTURE/c0/7a/e0dea9f8db3d7e4728716d8529b8828fa275.udd" 6469
"C:/Users/emanu/AppData/Local/UnrealEngine/Common/DerivedDataCache/Buckets/LegacyTEXTURE/69/3c/a9690a695451c99fcef054da053d8eaf98d3.udd" 6470
"C:/Users/emanu/AppData/Local/UnrealEngine/Common/DerivedDataCache/Buckets/LegacyTEXTURE/71/29/a83b5c455e1d849fce20d35e72a7ecd5ff41.udd" 6471
"C:/Users/emanu/AppData/Local/UnrealEngine/Common/DerivedDataCache/Buckets/LegacyTEXTURE/2b/bd/3f3f2d376da507e2447a01d0cceb265cb076.udd" 6472
"C:/Users/emanu/AppData/Local/UnrealEngine/Common/DerivedDataCache/Buckets/LegacyTEXTURE/67/b8/68267ddde6c442459c3ab2f5df182017ff5a.udd" 6473
"C:/Users/emanu/AppData/Local/UnrealEngine/Common/DerivedDataCache/Buckets/LegacyTEXTURE/df/0a/076c2f146ccdc63dc6b5da6703b547454b31.udd" 6474
"C:/Users/emanu/AppData/Local/UnrealEngine/Common/DerivedDataCache/Buckets/LegacyTEXTURE/de/45/14899ae79dc923808d60c75400c74ef984e0.udd" 6475
"C:/Users/emanu/AppData/Local/UnrealEngine/Common/DerivedDataCache/Buckets/LegacyTEXTURE/ed/ce/03310644649d018c21969f71c5e7370c3dc1.udd" 6476
"C:/Users/emanu/AppData/Local/UnrealEngine/Common/DerivedDataCache/Buckets/LegacyTEXTURE/d9/4e/cbfcddb835ef96151366ba9b2f574012d429.udd" 6477
"C:/Users/emanu/AppData/Local/UnrealEngine/Common/DerivedDataCache/Buckets/LegacyTEXTURE/de/44/16f36853e4e792c80ade3d8dd17c8c3834e1.udd" 6478
"C:/Users/emanu/AppData/Local/UnrealEngine/Common/DerivedDataCache/Buckets/LegacyTEXTURE/0b/cc/27ad9920c5bb297ca71d1b7d7e0eb9a4912a.udd" 6479
"C:/Users/emanu/AppData/Local/UnrealEngine/Common/DerivedDataCache/Buckets/LegacyTEXTURE/c1/e1/a96df8fc3641a83bb53a0fc496541db8ecc7.udd" 6480
"C:/Users/emanu/AppData/Local/UnrealEngine/Common/DerivedDataCache/Buckets/LegacyTEXTURE/41/ff/b0fd27bb59f2cd87142e448b871d9a96c0d9.udd" 6481
"C:/Users/emanu/AppData/Local/UnrealEngine/Common/DerivedDataCache/Buckets/LegacyTEXTURE/29/77/b20e1e30dc93f12a620993ae805d7aa4dc37.udd" 6482
"C:/Users/emanu/AppData/Local/UnrealEngine/Common/DerivedDataCache/Buckets/LegacyTEXTURE/01/e5/4e14573517bce7c3afd9d1da57e5aba2349b.udd" 6483
"C:/Users/emanu/AppData/Local/UnrealEngine/Common/DerivedDataCache/Buckets/LegacyTEXTURE/9e/24/06badca29ce844cef7748c5bcf4f8155b449.udd" 6484
"C:/Users/emanu/AppData/Local/UnrealEngine/Common/DerivedDataCache/Buckets/LegacyTEXTURE/e7/98/87cfd5d40594c6a456f5824156916368f336.udd" 6485
"C:/Users/emanu/AppData/Local/UnrealEngine/Common/DerivedDataCache/Buckets/LegacyTEXTURE/2a/11/c0d08b4cfdcf374dafe26b6facf5d5ce461e.udd" 6486
"C:/Users/emanu/AppData/Local/UnrealEngine/Common/DerivedDataCache/Buckets/LegacyTEXTURE/0b/c5/0519a121985abc622cb5886dbdd32109e0b1.udd" 6487
"C:/Users/emanu/AppData/Local/UnrealEngine/Common/DerivedDataCache/Buckets/LegacyTEXTURE/d5/78/12408c27de7a7f04fc87f81d1367a8c63261.udd" 6488
"C:/Users/emanu/AppData/Local/UnrealEngine/Common/DerivedDataCache/Buckets/LegacyTEXTURE/b7/bd/b0c6a3312206bbaa97d5d6a911151161cd84.udd" 6489
"C:/Users/emanu/AppData/Local/UnrealEngine/Common/DerivedDataCache/Buckets/LegacyTEXTURE/50/15/dc86a9738067b274768d5f1af827b46c7393.udd" 6490
"C:/Users/emanu/AppData/Local/UnrealEngine/Common/DerivedDataCache/Buckets/LegacyTEXTURE/c5/fe/9822b9a276f7e7af4b90b27cc8d19de35af1.udd" 6491
"C:/Users/emanu/AppData/Local/UnrealEngine/Common/DerivedDataCache/Buckets/LegacyTEXTURE/1e/50/a878a4b5f7283d258fa0b500980e7a69e56a.udd" 6492
"C:/Users/emanu/AppData/Local/UnrealEngine/Common/DerivedDataCache/Buckets/LegacyTEXTURE/e3/3e/4e93ce8c3f220f135feee607a33520c062a9.udd" 6493
"C:/Users/emanu/AppData/Local/UnrealEngine/Common/DerivedDataCache/Buckets/LegacyTEXTURE/a4/26/a3f58651eabf8abd5f8bb427c87eba2126ec.udd" 6494
"C:/Users/emanu/AppData/Local/UnrealEngine/Common/DerivedDataCache/Buckets/LegacyTEXTURE/c1/44/18dfaad16d3a6cc8633dc66d7de12543eb7d.udd" 6495
"C:/Users/emanu/AppData/Local/UnrealEngine/Common/DerivedDataCache/Buckets/LegacyTEXTURE/75/17/7b1e9eb4c207398c305c7f8f90ca1659496b.udd" 6496
"C:/Users/emanu/AppData/Local/UnrealEngine/Common/DerivedDataCache/Buckets/LegacyTEXTURE/73/53/deedf2bd21cf4b7d41d8362e73d1e6c1aa70.udd" 6497
"C:/Users/emanu/AppData/Local/UnrealEngine/Common/DerivedDataCache/Buckets/LegacyTEXTURE/0a/3d/34b63b2fd78a139e4460e6b51f24898ac4bf.udd" 6498
"C:/Users/emanu/AppData/Local/UnrealEngine/Common/DerivedDataCache/Buckets/LegacyTEXTURE/d2/de/bb0470c48db009901dfc8311462a1f1e4314.udd" 6499
"C:/Users/emanu/AppData/Local/UnrealEngine/Common/DerivedDataCache/Buckets/LegacyTEXTURE/e1/13/edd71ac31a0d550e776689345dbefa44edc4.udd" 6500
"C:/Users/emanu/AppData/Local/UnrealEngine/Common/DerivedDataCache/Buckets/LegacyTEXTURE/6a/23/63a27af42e767131edd602600a95c3a70534.udd" 6501
"C:/Users/emanu/AppData/Local/UnrealEngine/Common/DerivedDataCache/Buckets/LegacyTEXTURE/bb/e7/bc808f601e34c484a90d605ec4a510b5eb7c.udd" 6502
"C:/Users/emanu/AppData/Local/UnrealEngine/Common/DerivedDataCache/Buckets/LegacyTEXTURE/e8/5f/86f1b18a1e2659dc80adb879653041450d82.udd" 6503
"C:/Users/emanu/AppData/Local/UnrealEngine/Common/DerivedDataCache/Buckets/LegacyTEXTURE/95/4e/46910d2ca7522fdcbffb262b11a710455975.udd" 6504
"C:/Users/emanu/AppData/Local/UnrealEngine/Common/DerivedDataCache/Buckets/LegacyTEXTURE/00/26/b7355f3a7230f75fcc2c16f95d2eb52034df.udd" 6505
"C:/Users/emanu/AppData/Local/UnrealEngine/Common/DerivedDataCache/Buckets/LegacyTEXTURE/31/7f/19cb7766255fe24625aadd184168ea91c922.udd" 6506
"C:/Users/emanu/AppData/Local/UnrealEngine/Common/DerivedDataCache/Buckets/LegacyTEXTURE/aa/05/bb2bfa093ffa69464b78648a356c139748bf.udd" 6507
"C:/Users/emanu/AppData/Local/UnrealEngine/Common/DerivedDataCache/Buckets/LegacyTEXTURE/67/e7/23ff885c909058fd20c964faf005e35300c7.udd" 6508
"C:/Users/emanu/AppData/Local/UnrealEngine/Common/DerivedDataCache/Buckets/LegacyTEXTURE/63/6e/391400c7e7a8efb328da47638775e97a3ea9.udd" 6509
"C:/Users/emanu/AppData/Local/UnrealEngine/Common/DerivedDataCache/Buckets/LegacyTEXTURE/e1/f6/b47da76e772d4ed30be88156f13b62895f69.udd" 6510
"C:/Users/emanu/AppData/Local/UnrealEngine/Common/DerivedDataCache/Buckets/LegacyTEXTURE/26/6c/ceccceb9d229e24412dc139bfcbcd25ebc62.udd" 6511
"C:/Users/emanu/AppData/Local/UnrealEngine/Common/DerivedDataCache/Buckets/LegacyTEXTURE/7b/61/86e8e64c89d192d84c8231ca2667fba86457.udd" 6512
"C:/Users/emanu/AppData/Local/UnrealEngine/Common/DerivedDataCache/Buckets/LegacyTEXTURE/4e/f0/68c305dee222a3a164f9be2bfb6c7b4c2739.udd" 6513
"C:/Users/emanu/AppData/Local/UnrealEngine/Common/DerivedDataCache/Buckets/LegacyTEXTURE/21/c9/e2b3f8bcc56a397a2e27cd9429ba6784440c.udd" 6514
"C:/Users/emanu/AppData/Local/UnrealEngine/Common/DerivedDataCache/Buckets/LegacyTEXTURE/bb/3b/eaa69928c924ab20a03d69ce4401ceb1ab40.udd" 6515
"C:/Users/emanu/AppData/Local/UnrealEngine/Common/DerivedDataCache/Buckets/LegacyTEXTURE/2c/86/6bd6df4dc9c950739c74a68cff3caf3e2b19.udd" 6516
"C:/Users/emanu/AppData/Local/UnrealEngine/Common/DerivedDataCache/Buckets/LegacyTEXTURE/d5/a6/81a1a5d063f0b0d72eaac5ac76495251c0d2.udd" 6517
"C:/Users/emanu/AppData/Local/UnrealEngine/Common/DerivedDataCache/Buckets/LegacyTEXTURE/d3/a2/9669029686e7bcd17566b9a34b543108bc2b.udd" 6518
