"E:/Projects/EcoBots/EcoBots.uproject" 1
"E:/Projects/EcoBots/Binaries/Win64/UnrealEditor.modules" 2
"../../../Engine/Plugins/Bridge/Bridge.uplugin" 3
"../../../Engine/Plugins/AudioGameplayVolume/AudioGameplayVolume.uplugin" 4
"../../../Engine/Plugins/AudioGameplay/AudioGameplay.uplugin" 5
"../../../Engine/Plugins/BlueprintFileUtils/BlueprintFileUtils.uplugin" 6
"../../../Engine/Plugins/EnhancedInput/EnhancedInput.uplugin" 7
"../../../Engine/Plugins/JsonBlueprintUtilities/JsonBlueprintUtilities.uplugin" 8
"../../../Engine/Plugins/MemoryUsageQueries/MemoryUsageQueries.uplugin" 9
"../../../Engine/Plugins/LightWeightInstancesEditor/LightWeightInstancesEditor.uplugin" 10
"../../../Engine/Plugins/RenderGraphInsights/RenderGraphInsights.uplugin" 11
"../../../Engine/Plugins/ScriptPlugin/ScriptPlugin.uplugin" 12
"../../../Engine/Plugins/TraceUtilities/TraceUtilities.uplugin" 13
"../../../Engine/Plugins/XGEController/XGEController.uplugin" 14
"../../../Engine/Plugins/MeshPainting/MeshPainting.uplugin" 15
"../../../Engine/Plugins/Animation/AnimationLocomotionLibrary/AnimationLocomotionLibrary.uplugin" 16
"../../../Engine/Plugins/Animation/AnimationModifierLibrary/AnimationModifierLibrary.uplugin" 17
"../../../Engine/Plugins/Animation/AnimationWarping/AnimationWarping.uplugin" 18
"../../../Engine/Plugins/Animation/AnimToTexture/AnimToTexture.uplugin" 19
"../../../Engine/Plugins/Animation/BlendSpaceMotionAnalysis/BlendSpaceMotionAnalysis.uplugin" 20
"../../../Engine/Plugins/Animation/ControlRig/ControlRig.uplugin" 21
"../../../Engine/Plugins/Animation/ControlRigSpline/ControlRigSpline.uplugin" 22
"../../../Engine/Plugins/Animation/DeformerGraph/DeformerGraph.uplugin" 23
"../../../Engine/Plugins/Animation/AnimationData/AnimationData.uplugin" 24
"../../../Engine/Plugins/Animation/GameplayInsights/GameplayInsights.uplugin" 25
"../../../Engine/Plugins/Animation/IKRig/IKRig.uplugin" 26
"../../../Engine/Plugins/Animation/LiveLink/LiveLink.uplugin" 27
"../../../Engine/Plugins/Animation/LiveLinkCurveDebugUI/LiveLinkCurveDebugUI.uplugin" 28
"../../../Engine/Plugins/Animation/MotionWarping/MotionWarping.uplugin" 29
"../../../Engine/Plugins/Animation/RigLogic/RigLogic.uplugin" 30
"../../../Engine/Plugins/Compression/OodleNetwork/OodleNetwork.uplugin" 31
"../../../Engine/Plugins/Interchange/Editor/InterchangeEditor.uplugin" 32
"../../../Engine/Plugins/Interchange/Runtime/Interchange.uplugin" 33
"../../../Engine/Plugins/2D/Paper2D/Paper2D.uplugin" 34
"../../../Engine/Plugins/Editor/AssetSearch/AssetSearch.uplugin" 35
"../../../Engine/Plugins/Editor/AssetManagerEditor/AssetManagerEditor.uplugin" 36
"../../../Engine/Plugins/Editor/AssetReferenceRestrictions/AssetReferenceRestrictions.uplugin" 37
"../../../Engine/Plugins/Editor/BlueprintMaterialTextureNodes/BlueprintMaterialTextureNodes.uplugin" 38
"../../../Engine/Plugins/Editor/ChangelistReview/ChangelistReview.uplugin" 39
"../../../Engine/Plugins/Editor/ConsoleVariablesEditor/ConsoleVariables.uplugin" 40
"../../../Engine/Plugins/Editor/CryptoKeys/CryptoKeys.uplugin" 41
"../../../Engine/Plugins/Editor/BlueprintHeaderView/BlueprintHeaderView.uplugin" 42
"../../../Engine/Plugins/Editor/CurveEditorTools/CurveEditorTools.uplugin" 43
"../../../Engine/Plugins/Editor/DataValidation/DataValidation.uplugin" 44
"../../../Engine/Plugins/Editor/EditorDebugTools/EditorDebugTools.uplugin" 45
"../../../Engine/Plugins/Editor/EngineAssetDefinitions/EngineAssetDefinitions.uplugin" 46
"../../../Engine/Plugins/Editor/DisplayClusterLaunch/DisplayClusterLaunch.uplugin" 47
"../../../Engine/Plugins/Editor/FacialAnimation/FacialAnimation.uplugin" 48
"../../../Engine/Plugins/Editor/GeometryMode/GeometryMode.uplugin" 49
"../../../Engine/Plugins/Editor/EditorScriptingUtilities/EditorScriptingUtilities.uplugin" 50
"../../../Engine/Plugins/Editor/AssetRegistryExport/AssetRegistryExport.uplugin" 51
"../../../Engine/Plugins/Editor/GameplayTagsEditor/GameplayTagsEditor.uplugin" 52
"../../../Engine/Plugins/Editor/GLTFImporter/GLTFImporter.uplugin" 53
"../../../Engine/Plugins/Editor/LiveUpdateForSlate/LiveUpdateForSlate.uplugin" 54
"../../../Engine/Plugins/Editor/MakeCookedEditorAsDLC/MakeCookedEditorAsDLC.uplugin" 55
"../../../Engine/Plugins/Editor/MaterialAnalyzer/MaterialAnalyzer.uplugin" 56
"../../../Engine/Plugins/Editor/MacGraphicsSwitching/MacGraphicsSwitching.uplugin" 57
"../../../Engine/Plugins/Editor/MobileLauncherProfileWizard/MobileLauncherProfileWizard.uplugin" 58
"../../../Engine/Plugins/Editor/ModelingToolsEditorMode/ModelingToolsEditorMode.uplugin" 59
"../../../Engine/Plugins/Editor/SequencerAnimTools/SequencerAnimTools.uplugin" 60
"../../../Engine/Plugins/Editor/SpeedTreeImporter/SpeedTreeImporter.uplugin" 61
"../../../Engine/Plugins/Editor/StylusInput/StylusInput.uplugin" 62
"../../../Engine/Plugins/Editor/WaveformEditor/WaveformEditor.uplugin" 63
"../../../Engine/Plugins/Editor/WorldPartitionHLODUtilities/WorldPartitionHLODUtilities.uplugin" 64
"../../../Engine/Plugins/FX/CascadeToNiagaraConverter/CascadeToNiagaraConverter.uplugin" 65
"../../../Engine/Plugins/FX/ExampleCustomDataInterface/ExampleCustomDataInterface.uplugin" 66
"../../../Engine/Plugins/FX/NiagaraFluids/NiagaraFluids.uplugin" 67
"../../../Engine/Plugins/FX/Niagara/Niagara.uplugin" 68
"../../../Engine/Plugins/FX/NiagaraSimCaching/NiagaraSimCaching.uplugin" 69
"../../../Engine/Plugins/MovieScene/ActorSequence/ActorSequence.uplugin" 70
"../../../Engine/Plugins/MovieScene/CustomizableSequencerTracks/CustomizableSequencerTracks.uplugin" 71
"../../../Engine/Plugins/MovieScene/LevelSequenceEditor/LevelSequenceEditor.uplugin" 72
"../../../Engine/Plugins/MovieScene/MoviePipelineMaskRenderPass/MoviePipelineMaskRenderPass.uplugin" 73
"../../../Engine/Plugins/MovieScene/MovieRenderPipeline/MovieRenderPipeline.uplugin" 74
"../../../Engine/Plugins/MovieScene/ReplayTracks/ReplayTracks.uplugin" 75
"../../../Engine/Plugins/MovieScene/SequencerScripting/SequencerScripting.uplugin" 76
"../../../Engine/Plugins/Performance/PerformanceMonitor/PerformanceMonitor.uplugin" 77
"../../../Engine/Plugins/Protocols/MQTT/MQTT.uplugin" 78
"../../../Engine/Plugins/Tests/AutomationDriverTests/AutomationDriverTests.uplugin" 79
"../../../Engine/Plugins/Tests/FunctionalTestingEditor/FunctionalTestingEditor.uplugin" 80
"../../../Engine/Plugins/Tests/InterchangeTests/InterchangeTests.uplugin" 81
"../../../Engine/Plugins/Tests/FbxAutomationTestBuilder/FbxAutomationTestBuilder.uplugin" 82
"../../../Engine/Plugins/Tests/PythonAutomationTest/PythonAutomationTest.uplugin" 83
"../../../Engine/Plugins/Tests/RHITests/RHITests.uplugin" 84
"../../../Engine/Plugins/Tests/RuntimeTests/RuntimeTests.uplugin" 85
"../../../Engine/Plugins/MovieScene/TemplateSequence/TemplateSequence.uplugin" 86
"../../../Engine/Plugins/Tests/TestSamples/TestSamples.uplugin" 87
"../../../Engine/Plugins/Tests/EditorTests/EditorTests.uplugin" 88
"../../../Engine/Plugins/VirtualProduction/CameraCalibration/CameraCalibration.uplugin" 89
"../../../Engine/Plugins/VirtualProduction/DataCharts/DataCharts.uplugin" 90
"../../../Engine/Plugins/VirtualProduction/CameraCalibrationCore/CameraCalibrationCore.uplugin" 91
"../../../Engine/Plugins/VirtualProduction/CompositePlane/CompositePlane.uplugin" 92
"../../../Engine/Plugins/VirtualProduction/EpicStageApp/EpicStageApp.uplugin" 93
"../../../Engine/Plugins/VirtualProduction/ICVFX/ICVFX.uplugin" 94
"../../../Engine/Plugins/VirtualProduction/LevelSnapshots/LevelSnapshots.uplugin" 95
"../../../Engine/Plugins/VirtualProduction/LiveLinkCamera/LiveLinkCamera.uplugin" 96
"../../../Engine/Plugins/VirtualProduction/LiveLinkFreeD/LiveLinkFreeD.uplugin" 97
"../../../Engine/Plugins/VirtualProduction/LiveLinkLens/LiveLinkLens.uplugin" 98
"../../../Engine/Plugins/VirtualProduction/LiveLinkMasterLockit/LiveLinkMasterLockit.uplugin" 99
"../../../Engine/Plugins/VirtualProduction/LiveLinkPrestonMDR/LiveLinkPrestonMDR.uplugin" 100
"../../../Engine/Plugins/VirtualProduction/LiveLinkVRPN/LiveLinkVRPN.uplugin" 101
"../../../Engine/Plugins/VirtualProduction/LiveLinkXR/LiveLinkXR.uplugin" 102
"../../../Engine/Plugins/VirtualProduction/MultiUserTakes/MultiUserTakes.uplugin" 103
"../../../Engine/Plugins/VirtualProduction/RemoteControlInterception/RemoteControlInterception.uplugin" 104
"../../../Engine/Plugins/VirtualProduction/RemoteControl/RemoteControl.uplugin" 105
"../../../Engine/Plugins/VirtualProduction/RemoteControlProtocolDMX/RemoteControlProtocolDMX.uplugin" 106
"../../../Engine/Plugins/VirtualProduction/RemoteControlProtocolMIDI/RemoteControlProtocolMIDI.uplugin" 107
"../../../Engine/Plugins/VirtualProduction/RemoteControlProtocolOSC/RemoteControlProtocolOSC.uplugin" 108
"../../../Engine/Plugins/VirtualProduction/SequencerPlaylists/SequencerPlaylists.uplugin" 109
"../../../Engine/Plugins/VirtualProduction/RemoteControlWebInterface/RemoteControlWebInterface.uplugin" 110
"../../../Engine/Plugins/VirtualProduction/StageMonitoring/StageMonitoring.uplugin" 111
"../../../Engine/Plugins/VirtualProduction/Switchboard/Switchboard.uplugin" 112
"../../../Engine/Plugins/VirtualProduction/Takes/Takes.uplugin" 113
"../../../Engine/Plugins/VirtualProduction/TextureShare/TextureShare.uplugin" 114
"../../../Engine/Plugins/VirtualProduction/TimedDataMonitor/TimedDataMonitor.uplugin" 115
"../../../Engine/Plugins/AI/AISupport/AISupport.uplugin" 116
"../../../Engine/Plugins/Cameras/GameplayCameras/GameplayCameras.uplugin" 117
"../../../Engine/Plugins/AI/MassAI/MassAI.uplugin" 118
"../../../Engine/Plugins/AI/EnvironmentQueryEditor/EnvironmentQueryEditor.uplugin" 119
"../../../Engine/Plugins/AI/MLAdapter/MLAdapter.uplugin" 120
"../../../Engine/Plugins/AI/MassCrowd/MassCrowd.uplugin" 121
"../../../Engine/Plugins/Developer/BlankPlugin/BlankPlugin.uplugin" 122
"../../../Engine/Plugins/FastBuildController/FastBuildController.uplugin" 123
"../../../Engine/Plugins/Developer/CodeLiteSourceCodeAccess/CodeLiteSourceCodeAccess.uplugin" 124
"../../../Engine/Plugins/Developer/CLionSourceCodeAccess/CLionSourceCodeAccess.uplugin" 125
"../../../Engine/Plugins/Developer/AnimationSharing/AnimationSharing.uplugin" 126
"../../../Engine/Plugins/Developer/DumpGPUServices/DumpGPUServices.uplugin" 127
"../../../Engine/Plugins/Developer/GitSourceControl/GitSourceControl.uplugin" 128
"../../../Engine/Plugins/Developer/NullSourceCodeAccess/NullSourceCodeAccess.uplugin" 129
"../../../Engine/Plugins/Developer/OneSkyLocalizationService/OneSkyLocalizationService.uplugin" 130
"../../../Engine/Plugins/Developer/PixWinPlugin/PixWinPlugin.uplugin" 131
"../../../Engine/Plugins/Developer/PerforceSourceControl/PerforceSourceControl.uplugin" 132
"../../../Engine/Plugins/Developer/PlasticSourceControl/PlasticSourceControl.uplugin" 133
"../../../Engine/Plugins/Developer/PluginUtils/PluginUtils.uplugin" 134
"../../../Engine/Plugins/Developer/RenderDocPlugin/RenderDocPlugin.uplugin" 135
"../../../Engine/Plugins/Developer/PropertyAccessNode/PropertyAccessNode.uplugin" 136
"../../../Engine/Plugins/Developer/KDevelopSourceCodeAccess/KDevelopSourceCodeAccess.uplugin" 137
"../../../Engine/Plugins/Developer/RiderSourceCodeAccess/RiderSourceCodeAccess.uplugin" 138
"../../../Engine/Plugins/Developer/SubversionSourceControl/SubversionSourceControl.uplugin" 139
"../../../Engine/Plugins/Developer/TraceDataFiltering/TraceDataFilters.uplugin" 140
"../../../Engine/Plugins/Developer/TraceSourceFiltering/TraceSourceFilters.uplugin" 141
"../../../Engine/Plugins/Developer/UObjectPlugin/UObjectPlugin.uplugin" 142
"../../../Engine/Plugins/Developer/TextureFormatOodle/TextureFormatOodle.uplugin" 143
"../../../Engine/Plugins/Developer/VisualStudioCodeSourceCodeAccess/VisualStudioCodeSourceCodeAccess.uplugin" 144
"../../../Engine/Plugins/Developer/VisualStudioSourceCodeAccess/VisualStudioSourceCodeAccess.uplugin" 145
"../../../Engine/Plugins/Developer/XcodeGPUDebuggerPlugin/XcodeGPUDebuggerPlugin.uplugin" 146
"../../../Engine/Plugins/Developer/XCodeSourceCodeAccess/XCodeSourceCodeAccess.uplugin" 147
"../../../Engine/Plugins/Experimental/AbilitySystemGameFeatureActions/AbilitySystemGameFeatureActions.uplugin" 148
"../../../Engine/Plugins/Experimental/ActorPalette/ActorPalette.uplugin" 149
"../../../Engine/Plugins/Experimental/AnimNext/AnimNext.uplugin" 150
"../../../Engine/Plugins/Experimental/AppleVision/AppleVision.uplugin" 151
"../../../Engine/Plugins/Experimental/AssetPlacementEdMode/AssetPlacementEdMode.uplugin" 152
"../../../Engine/Plugins/Experimental/AutomationUtils/AutomationUtils.uplugin" 153
"../../../Engine/Plugins/Experimental/BackChannel/BackChannel.uplugin" 154
"../../../Engine/Plugins/Experimental/BlueprintSnapNodes/BlueprintSnapNodes.uplugin" 155
"../../../Engine/Plugins/Experimental/BlueprintStats/BlueprintStats.uplugin" 156
"../../../Engine/Plugins/Experimental/ChaosCloth/ChaosCloth.uplugin" 157
"../../../Engine/Plugins/Experimental/ChaosClothAssetEditor/ChaosClothAssetEditor.uplugin" 158
"../../../Engine/Plugins/Experimental/ChaosClothAsset/ChaosClothAsset.uplugin" 159
"../../../Engine/Plugins/Experimental/ChaosClothEditor/ChaosClothEditor.uplugin" 160
"../../../Engine/Plugins/Experimental/ChaosEditor/ChaosEditor.uplugin" 161
"../../../Engine/Plugins/Experimental/ChaosFlesh/ChaosFlesh.uplugin" 162
"../../../Engine/Plugins/Experimental/ChaosNiagara/ChaosNiagara.uplugin" 163
"../../../Engine/Plugins/Experimental/ChaosUserDataPT/ChaosUserDataPT.uplugin" 164
"../../../Engine/Plugins/Experimental/ChaosVehiclesPlugin/ChaosVehiclesPlugin.uplugin" 165
"../../../Engine/Plugins/Experimental/CharacterAI/CharacterAI.uplugin" 166
"../../../Engine/Plugins/Experimental/ChaosSolverPlugin/ChaosSolverPlugin.uplugin" 167
"../../../Engine/Plugins/Experimental/Chooser/Chooser.uplugin" 168
"../../../Engine/Plugins/Experimental/CineCameraRigs/CineCameraRigs.uplugin" 169
"../../../Engine/Plugins/Experimental/CodeEditor/CodeEditor.uplugin" 170
"../../../Engine/Plugins/Experimental/CinematicPrestreaming/CinematicPrestreaming.uplugin" 171
"../../../Engine/Plugins/Experimental/ColorCorrectRegions/ColorCorrectRegions.uplugin" 172
"../../../Engine/Plugins/Experimental/CodeView/CodeView.uplugin" 173
"../../../Engine/Plugins/Experimental/CommonConversation/CommonConversation.uplugin" 174
"../../../Engine/Plugins/Experimental/CommonUI/CommonUI.uplugin" 175
"../../../Engine/Plugins/Experimental/ControlFlows/ControlFlows.uplugin" 176
"../../../Engine/Plugins/Experimental/Dataflow/Dataflow.uplugin" 177
"../../../Engine/Plugins/Experimental/DefaultInstallBundleManager/DefaultInstallBundleManager.uplugin" 178
"../../../Engine/Plugins/Experimental/FieldSystemPlugin/FieldSystemPlugin.uplugin" 179
"../../../Engine/Plugins/Experimental/Fracture/Fracture.uplugin" 180
"../../../Engine/Plugins/Experimental/FullBodyIK/FullBodyIK.uplugin" 181
"../../../Engine/Plugins/Experimental/ChaosCaching/ChaosCaching.uplugin" 182
"../../../Engine/Plugins/Experimental/GameFeatures/GameFeatures.uplugin" 183
"../../../Engine/Plugins/Experimental/GameplayBehaviors/GameplayBehaviors.uplugin" 184
"../../../Engine/Plugins/Experimental/GeometryCacheAbcFile/GeometryCacheAbcFile.uplugin" 185
"../../../Engine/Plugins/Experimental/Gauntlet/Gauntlet.uplugin" 186
"../../../Engine/Plugins/Experimental/GeometryFlow/GeometryFlow.uplugin" 187
"../../../Engine/Plugins/Experimental/GeometryCollectionPlugin/GeometryCollectionPlugin.uplugin" 188
"../../../Engine/Plugins/Experimental/GeometryScripting/GeometryScripting.uplugin" 189
"../../../Engine/Plugins/Experimental/GizmoEdMode/GizmoEdMode.uplugin" 190
"../../../Engine/Plugins/Experimental/GizmoFramework/GizmoFramework.uplugin" 191
"../../../Engine/Plugins/Experimental/GameplayTargetingSystem/TargetingSystem.uplugin" 192
"../../../Engine/Plugins/Experimental/GPULightmass/GPULightmass.uplugin" 193
"../../../Engine/Plugins/Experimental/HairModelingToolset/HairModelingToolset.uplugin" 194
"../../../Engine/Plugins/Experimental/ImpostorBaker/ImpostorBaker.uplugin" 195
"../../../Engine/Plugins/Experimental/Iris/Iris.uplugin" 196
"../../../Engine/Plugins/Experimental/JWT/JWT.uplugin" 197
"../../../Engine/Plugins/Experimental/Landmass/Landmass.uplugin" 198
"../../../Engine/Plugins/Experimental/LandscapePatch/LandscapePatch.uplugin" 199
"../../../Engine/Plugins/Experimental/LiveLinkFaceImporter/LiveLinkFaceImporter.uplugin" 200
"../../../Engine/Plugins/Experimental/LiveLinkControlRig/LiveLinkControlRig.uplugin" 201
"../../../Engine/Plugins/Experimental/MeshModelingToolsetExp/MeshModelingToolsetExp.uplugin" 202
"../../../Engine/Plugins/Experimental/MotorSimOutputMotoSynth/MotorSimOutputMotoSynth.uplugin" 203
"../../../Engine/Plugins/Experimental/ModularGameplay/ModularGameplay.uplugin" 204
"../../../Engine/Plugins/Experimental/MeshLODToolset/MeshLODToolset.uplugin" 205
"../../../Engine/Plugins/Experimental/MotoSynth/MotoSynth.uplugin" 206
"../../../Engine/Plugins/Experimental/NaniteDisplacedMesh/NaniteDisplacedMesh.uplugin" 207
"../../../Engine/Plugins/Experimental/NNE/NNE.uplugin" 208
"../../../Engine/Plugins/Experimental/Mutable/Mutable.uplugin" 209
"../../../Engine/Plugins/Experimental/OpenImageDenoise/OpenImageDenoise.uplugin" 210
"../../../Engine/Plugins/Experimental/PanoramicCapture/PanoramicCapture.uplugin" 211
"../../../Engine/Plugins/Experimental/OptiXDenoise/OptiXDenoise.uplugin" 212
"../../../Engine/Plugins/Experimental/PCG/PCG.uplugin" 213
"../../../Engine/Plugins/Experimental/PCGGeometryScriptInterop/PCGGeometryScriptInterop.uplugin" 214
"../../../Engine/Plugins/Experimental/PhysicsControl/PhysicsControl.uplugin" 215
"../../../Engine/Plugins/Experimental/PixelStreamingPlayer/PixelStreamingPlayer.uplugin" 216
"../../../Engine/Plugins/Experimental/PlanarCutPlugin/PlanarCut.uplugin" 217
"../../../Engine/Plugins/Experimental/ProxyLODPlugin/ProxyLODPlugin.uplugin" 218
"../../../Engine/Plugins/AI/HTNPlanner/HTNPlanner.uplugin" 219
"../../../Engine/Plugins/Experimental/PythonScriptPlugin/PythonScriptPlugin.uplugin" 220
"../../../Engine/Plugins/Experimental/PythonFoundationPackages/PythonFoundationPackages.uplugin" 221
"../../../Engine/Plugins/Experimental/RawInput/RawInput.uplugin" 222
"../../../Engine/Plugins/Experimental/RenderGrid/RenderGrid.uplugin" 223
"../../../Engine/Plugins/Experimental/RemoteSession/RemoteSession.uplugin" 224
"../../../Engine/Plugins/Experimental/SampleToolsEditorMode/SampleToolsEditorMode.uplugin" 225
"../../../Engine/Plugins/Experimental/ScreenReader/ScreenReader.uplugin" 226
"../../../Engine/Plugins/Experimental/ScriptableToolsEditorMode/ScriptableToolsEditorMode.uplugin" 227
"../../../Engine/Plugins/Experimental/ScriptableToolsFramework/ScriptableToolsFramework.uplugin" 228
"../../../Engine/Plugins/Experimental/Shotgrid/Shotgrid.uplugin" 229
"../../../Engine/Plugins/Experimental/SimpleHMD/SimpleHMD.uplugin" 230
"../../../Engine/Plugins/Experimental/SkeletalReduction/SkeletalReduction.uplugin" 231
"../../../Engine/Plugins/Experimental/StructUtils/StructUtils.uplugin" 232
"../../../Engine/Plugins/Experimental/StaticMeshEditorModeling/StaticMeshEditorModeling.uplugin" 233
"../../../Engine/Plugins/Experimental/SlateScreenReader/SlateScreenReader.uplugin" 234
"../../../Engine/Plugins/Experimental/Text3D/Text3D.uplugin" 235
"../../../Engine/Plugins/Experimental/TetMeshing/TetMeshing.uplugin" 236
"../../../Engine/Plugins/Experimental/TextToSpeech/TextToSpeech.uplugin" 237
"../../../Engine/Plugins/Experimental/TextureMediaPlayer/TextureMediaPlayer.uplugin" 238
"../../../Engine/Plugins/Experimental/TypedElementsDataStorage/TypedElementsDataStorage.uplugin" 239
"../../../Engine/Plugins/Experimental/UIFramework/UIFramework.uplugin" 240
"../../../Engine/Plugins/Experimental/UserToolBoxCore/UserToolBoxCore.uplugin" 241
"../../../Engine/Plugins/Experimental/UserToolBoxBasicCommand/UserToolBoxBasicCommand.uplugin" 242
"../../../Engine/Plugins/Experimental/UVEditor/UVEditor.uplugin" 243
"../../../Engine/Plugins/Experimental/VirtualCamera/VirtualCamera.uplugin" 244
"../../../Engine/Plugins/Experimental/VirtualHeightfieldMesh/VirtualHeightfieldMesh.uplugin" 245
"../../../Engine/Plugins/Experimental/VirtualCameraCore/VirtualCameraCore.uplugin" 246
"../../../Engine/Plugins/Experimental/VirtualProductionUtilities/VirtualProductionUtilities.uplugin" 247
"../../../Engine/Plugins/Experimental/VirtualScouting/VirtualScouting.uplugin" 248
"../../../Engine/Plugins/Experimental/Water/Water.uplugin" 249
"../../../Engine/Plugins/Experimental/WaterExtras/WaterExtras.uplugin" 250
"../../../Engine/Plugins/Experimental/WaveFunctionCollapse/WaveFunctionCollapse.uplugin" 251
"../../../Engine/Plugins/Experimental/WebSocketNetworking/WebSocketNetworking.uplugin" 252
"../../../Engine/Plugins/Experimental/Volumetrics/Volumetrics.uplugin" 253
"../../../Engine/Plugins/Experimental/WidgetEditorToolPalette/WidgetEditorToolPalette.uplugin" 254
"../../../Engine/Plugins/Experimental/XRCreativeFramework/XRCreativeFramework.uplugin" 255
"../../../Engine/Plugins/Messaging/MessagingDebugger/MessagingDebugger.uplugin" 256
"../../../Engine/Plugins/Messaging/TcpMessaging/TcpMessaging.uplugin" 257
"../../../Engine/Plugins/Messaging/UdpMessaging/UdpMessaging.uplugin" 258
"../../../Engine/Plugins/Online/OnlineFramework/OnlineFramework.uplugin" 259
"../../../Engine/Plugins/Experimental/ToolPresets/ToolPresets.uplugin" 260
"../../../Engine/Plugins/Online/EOSShared/EOSShared.uplugin" 261
"../../../Engine/Plugins/Online/OnlineBase/OnlineBase.uplugin" 262
"../../../Engine/Plugins/Online/OnlineServices/OnlineServices.uplugin" 263
"../../../Engine/Plugins/Online/OnlineServicesEOS/OnlineServicesEOS.uplugin" 264
"../../../Engine/Plugins/Online/OnlineServicesEOSGS/OnlineServicesEOSGS.uplugin" 265
"../../../Engine/Plugins/Online/OnlineServicesNull/OnlineServicesNull.uplugin" 266
"../../../Engine/Plugins/Online/OnlineServicesOSSAdapter/OnlineServicesOSSAdapter.uplugin" 267
"../../../Engine/Plugins/Online/OnlineSubsystem/OnlineSubsystem.uplugin" 268
"../../../Engine/Plugins/Online/OnlineSubsystemAmazon/OnlineSubsystemAmazon.uplugin" 269
"../../../Engine/Plugins/Online/OnlineSubsystemApple/OnlineSubsystemApple.uplugin" 270
"../../../Engine/Plugins/Online/OnlineSubsystemFacebook/OnlineSubsystemFacebook.uplugin" 271
"../../../Engine/Plugins/Online/OnlineSubsystemEOS/OnlineSubsystemEOS.uplugin" 272
"../../../Engine/Plugins/Online/OnlineSubsystemNull/OnlineSubsystemNull.uplugin" 273
"../../../Engine/Plugins/Online/OnlineSubsystemGoogle/OnlineSubsystemGoogle.uplugin" 274
"../../../Engine/Plugins/Online/OnlineSubsystemOculus/OnlineSubsystemOculus.uplugin" 275
"../../../Engine/Plugins/Online/OnlineSubsystemUtils/OnlineSubsystemUtils.uplugin" 276
"../../../Engine/Plugins/Online/OnlineSubsystemSteam/OnlineSubsystemSteam.uplugin" 277
"../../../Engine/Plugins/Online/OnlineSubsystemTencent/OnlineSubsystemTencent.uplugin" 278
"../../../Engine/Plugins/Online/SocketSubsystemEOS/SocketSubsystemEOS.uplugin" 279
"../../../Engine/Plugins/Experimental/ImagePlate/ImagePlate.uplugin" 280
"../../../Engine/Plugins/Online/WebAuth/WebAuth.uplugin" 281
"../../../Engine/Plugins/Editor/GuidedTutorials/GuidedTutorials.uplugin" 282
"../../../Engine/Plugins/Runtime/ActorLayerUtilities/ActorLayerUtilities.uplugin" 283
"../../../Engine/Plugins/Runtime/AndroidBackgroundService/AndroidBackgroundService.uplugin" 284
"../../../Engine/Plugins/Runtime/AndroidDeviceProfileSelector/AndroidDeviceProfileSelector.uplugin" 285
"../../../Engine/Plugins/Runtime/AndroidFileServer/AndroidFileServer.uplugin" 286
"../../../Engine/Plugins/Runtime/AndroidMoviePlayer/AndroidMoviePlayer.uplugin" 287
"../../../Engine/Plugins/Runtime/AndroidPermission/AndroidPermission.uplugin" 288
"../../../Engine/Plugins/Runtime/ApexDestruction/ApexDestruction.uplugin" 289
"../../../Engine/Plugins/Runtime/AppleImageUtils/AppleImageUtils.uplugin" 290
"../../../Engine/Plugins/Runtime/AppleMoviePlayer/AppleMoviePlayer.uplugin" 291
"../../../Engine/Plugins/Runtime/ArchVisCharacter/ArchVisCharacter.uplugin" 292
"../../../Engine/Plugins/Runtime/AssetTags/AssetTags.uplugin" 293
"../../../Engine/Plugins/Runtime/AudioCapture/AudioCapture.uplugin" 294
"../../../Engine/Plugins/Runtime/AudioModulation/AudioModulation.uplugin" 295
"../../../Engine/Plugins/Runtime/AudioMotorSim/AudioMotorSim.uplugin" 296
"../../../Engine/Plugins/Runtime/AudioSynesthesia/AudioSynesthesia.uplugin" 297
"../../../Engine/Plugins/Runtime/AudioWidgets/AudioWidgets.uplugin" 298
"../../../Engine/Plugins/Runtime/AnimationBudgetAllocator/AnimationBudgetAllocator.uplugin" 299
"../../../Engine/Plugins/Runtime/CableComponent/CableComponent.uplugin" 300
"../../../Engine/Plugins/Runtime/ChunkDownloader/ChunkDownloader.uplugin" 301
"../../../Engine/Plugins/Runtime/CustomMeshComponent/CustomMeshComponent.uplugin" 302
"../../../Engine/Plugins/Runtime/ComputeFramework/ComputeFramework.uplugin" 303
"../../../Engine/Plugins/Runtime/DataRegistry/DataRegistry.uplugin" 304
"../../../Engine/Plugins/Runtime/Firebase/Firebase.uplugin" 305
"../../../Engine/Plugins/Runtime/GameplayAbilities/GameplayAbilities.uplugin" 306
"../../../Engine/Plugins/Runtime/GameplayBehaviorSmartObjects/GameplayBehaviorSmartObjects.uplugin" 307
"../../../Engine/Plugins/Runtime/GameplayInteractions/GameplayInteractions.uplugin" 308
"../../../Engine/Plugins/Runtime/GameplayStateTree/GameplayStateTree.uplugin" 309
"../../../Engine/Plugins/Runtime/ExampleDeviceProfileSelector/ExampleDeviceProfileSelector.uplugin" 310
"../../../Engine/Plugins/Runtime/GeometryCache/GeometryCache.uplugin" 311
"../../../Engine/Plugins/Runtime/GeometryProcessing/GeometryProcessing.uplugin" 312
"../../../Engine/Plugins/Runtime/GeoReferencing/GeoReferencing.uplugin" 313
"../../../Engine/Plugins/Runtime/GooglePAD/GooglePAD.uplugin" 314
"../../../Engine/Plugins/Runtime/GoogleCloudMessaging/GoogleCloudMessaging.uplugin" 315
"../../../Engine/Plugins/Runtime/HDRIBackdrop/HDRIBackdrop.uplugin" 316
"../../../Engine/Plugins/Runtime/HairStrands/HairStrands.uplugin" 317
"../../../Engine/Plugins/Runtime/HTTPChunkInstaller/HTTPChunkInstaller.uplugin" 318
"../../../Engine/Plugins/Runtime/HPMotionController/HPMotionController.uplugin" 319
"../../../Engine/Plugins/Runtime/InputDebugging/InputDebugging.uplugin" 320
"../../../Engine/Plugins/Runtime/IOSDeviceProfileSelector/IOSDeviceProfileSelector.uplugin" 321
"../../../Engine/Plugins/Runtime/IOSReplayKit/IOSReplayKit.uplugin" 322
"../../../Engine/Plugins/Runtime/LinuxDeviceProfileSelector/LinuxDeviceProfileSelector.uplugin" 323
"../../../Engine/Plugins/Runtime/LiveLinkOvernDisplay/LiveLinkOverNDisplay.uplugin" 324
"../../../Engine/Plugins/Runtime/LocationServicesAndroidImpl/LocationServicesAndroidImpl.uplugin" 325
"../../../Engine/Plugins/Runtime/LocationServicesIOSImpl/LocationServicesIOSImpl.uplugin" 326
"../../../Engine/Plugins/Runtime/MassEntity/MassEntity.uplugin" 327
"../../../Engine/Plugins/Runtime/MassGameplay/MassGameplay.uplugin" 328
"../../../Engine/Plugins/Runtime/MeshModelingToolset/MeshModelingToolset.uplugin" 329
"../../../Engine/Plugins/Runtime/Metasound/Metasound.uplugin" 330
"../../../Engine/Plugins/Runtime/MicrosoftSpatialAudio/MicroSoftSpatialSound.uplugin" 331
"../../../Engine/Plugins/Runtime/MIDIDevice/MIDIDevice.uplugin" 332
"../../../Engine/Plugins/Runtime/MobileFSR/MobileFSR.uplugin" 333
"../../../Engine/Plugins/Runtime/MobilePatchingUtils/MobilePatchingUtils.uplugin" 334
"../../../Engine/Plugins/Runtime/ModelViewViewModel/ModelViewViewModel.uplugin" 335
"../../../Engine/Plugins/Runtime/MixedRealityCaptureFramework/MixedRealityCaptureFramework.uplugin" 336
"../../../Engine/Plugins/Runtime/LocationServicesBPLibrary/LocationServicesBPLibrary.uplugin" 337
"../../../Engine/Plugins/Runtime/NavCorridor/NavCorridor.uplugin" 338
"../../../Engine/Plugins/Runtime/nDisplay/nDisplay.uplugin" 339
"../../../Engine/Plugins/Runtime/NetworkPrediction/NetworkPrediction.uplugin" 340
"../../../Engine/Plugins/Runtime/NetworkPredictionExtras/NetworkPredictionExtras.uplugin" 341
"../../../Engine/Plugins/Runtime/NetworkPredictionInsights/NetworkPredictionInsights.uplugin" 342
"../../../Engine/Plugins/Editor/PluginBrowser/PluginBrowser.uplugin" 343
"../../../Engine/Plugins/Runtime/OpenCV/OpenCV.uplugin" 344
"../../../Engine/Plugins/Runtime/nDisplayModularFeatures/nDisplayModularFeatures.uplugin" 345
"../../../Engine/Plugins/Runtime/OpenXREyeTracker/OpenXREyeTracker.uplugin" 346
"../../../Engine/Plugins/Runtime/OpenXR/OpenXR.uplugin" 347
"../../../Engine/Plugins/Runtime/OpenXRHandTracking/OpenXRHandTracking.uplugin" 348
"../../../Engine/Plugins/Runtime/OpenXRViveTracker/OpenXRViveTracker.uplugin" 349
"../../../Engine/Plugins/Runtime/OptionalMobileFeaturesBPLibrary/OptionalMobileFeaturesBPLibrary.uplugin" 350
"../../../Engine/Plugins/Runtime/OSC/OSC.uplugin" 351
"../../../Engine/Plugins/Runtime/OpenXRMsftHandInteraction/OpenXRMsftHandInteraction.uplugin" 352
"../../../Engine/Plugins/Runtime/OSCModulationMixing/OSCModulationMixing.uplugin" 353
"../../../Engine/Plugins/Runtime/PreLoadScreenMoviePlayer/PreLoadScreenMoviePlayer.uplugin" 354
"../../../Engine/Plugins/Runtime/ProceduralMeshComponent/ProceduralMeshComponent.uplugin" 355
"../../../Engine/Plugins/Runtime/RenderTrace/RenderTrace.uplugin" 356
"../../../Engine/Plugins/Runtime/ReplicationSystemTestPlugin/ReplicationSystemTestPlugin.uplugin" 357
"../../../Engine/Plugins/Runtime/ResonanceAudio/ResonanceAudio.uplugin" 358
"../../../Engine/Plugins/Runtime/PropertyAccess/PropertyAccessEditor.uplugin" 359
"../../../Engine/Plugins/Runtime/SmartObjects/SmartObjects.uplugin" 360
"../../../Engine/Plugins/Runtime/SignificanceManager/SignificanceManager.uplugin" 361
"../../../Engine/Plugins/Runtime/SoundFields/SoundFields.uplugin" 362
"../../../Engine/Plugins/Runtime/SkeletalMerging/SkeletalMerging.uplugin" 363
"../../../Engine/Plugins/Runtime/Soundscape/Soundscape.uplugin" 364
"../../../Engine/Plugins/Runtime/SoundCueTemplates/SoundCueTemplates.uplugin" 365
"../../../Engine/Plugins/Runtime/SoundMod/SoundMod.uplugin" 366
"../../../Engine/Plugins/Runtime/Spatialization/Spatialization.uplugin" 367
"../../../Engine/Plugins/Runtime/ReplicationGraph/ReplicationGraph.uplugin" 368
"../../../Engine/Plugins/Runtime/Synthesis/Synthesis.uplugin" 369
"../../../Engine/Plugins/Runtime/WaveTable/WaveTable.uplugin" 370
"../../../Engine/Plugins/Runtime/SoundUtilities/SoundUtilities.uplugin" 371
"../../../Engine/Plugins/Runtime/WebBrowserWidget/WebBrowserWidget.uplugin" 372
"../../../Engine/Plugins/Runtime/WebMMoviePlayer/WebMMoviePlayer.uplugin" 373
"../../../Engine/Plugins/Runtime/WebBrowserNativeProxy/WebBrowserNativeProxy.uplugin" 374
"../../../Engine/Plugins/Runtime/WindowsMoviePlayer/WindowsMoviePlayer.uplugin" 375
"../../../Engine/Plugins/Runtime/WindowsDeviceProfileSelector/WindowsDeviceProfileSelector.uplugin" 376
"../../../Engine/Plugins/Runtime/WorldConditions/WorldConditions.uplugin" 377
"../../../Engine/Plugins/Runtime/ZoneGraph/ZoneGraph.uplugin" 378
"../../../Engine/Plugins/Runtime/StateTree/StateTree.uplugin" 379
"../../../Engine/Plugins/Runtime/ZoneGraphAnnotations/ZoneGraphAnnotations.uplugin" 380
"../../../Engine/Plugins/Marketplace/AsyncLoadingScreen/AsyncLoadingScreen.uplugin" 381
"../../../Engine/Plugins/Marketplace/MACSClasses/MACS.uplugin" 382
"../../../Engine/Plugins/Web/HttpBlueprint/HttpBlueprint.uplugin" 383
"../../../Engine/Plugins/Marketplace/ReadyPlayerMe/ReadyPlayerMe.uplugin" 384
"../../../Engine/Plugins/Compositing/Composure/Composure.uplugin" 385
"../../../Engine/Plugins/Runtime/WarpUtils/WarpUtils.uplugin" 386
"../../../Engine/Plugins/Marketplace/ProceduralNPCCrowds/Pedestrian_System.uplugin" 387
"../../../Engine/Plugins/Compositing/LensDistortion/LensDistortion.uplugin" 388
"../../../Engine/Plugins/Compositing/OpenColorIO/OpenColorIO.uplugin" 389
"../../../Engine/Plugins/Enterprise/AxFImporter/AxFImporter.uplugin" 390
"../../../Engine/Plugins/Enterprise/DatasmithCADImporter/DatasmithCADImporter.uplugin" 391
"../../../Engine/Plugins/Enterprise/DatasmithC4DImporter/DatasmithC4DImporter.uplugin" 392
"../../../Engine/Plugins/Enterprise/DatasmithContent/DatasmithContent.uplugin" 393
"../../../Engine/Plugins/Enterprise/DatasmithFBXImporter/DatasmithFBXImporter.uplugin" 394
"../../../Engine/Plugins/Enterprise/DatasmithGLTFImporter/DatasmithGLTFImporter.uplugin" 395
"../../../Engine/Plugins/Compositing/OpenCVLensDistortion/OpenCVLensDistortion.uplugin" 396
"../../../Engine/Plugins/Enterprise/DatasmithIFCImporter/DatasmithIFCImporter.uplugin" 397
"../../../Engine/Plugins/Enterprise/DatasmithImporter/DatasmithImporter.uplugin" 398
"../../../Engine/Plugins/Enterprise/GLTFExporter/GLTFExporter.uplugin" 399
"../../../Engine/Plugins/Enterprise/LidarPointCloud/LidarPointCloud.uplugin" 400
"../../../Engine/Plugins/Enterprise/MDLImporter/MDLImporter.uplugin" 401
"../../../Engine/Plugins/Runtime/SunPosition/SunPosition.uplugin" 402
"../../../Engine/Plugins/Enterprise/VariantManager/VariantManager.uplugin" 403
"../../../Engine/Plugins/Enterprise/VariantManagerContent/VariantManagerContent.uplugin" 404
"../../../Engine/Plugins/Importers/AlembicImporter/AlembicImporter.uplugin" 405
"../../../Engine/Plugins/Importers/AlembicHairImporter/AlembicHairImporter.uplugin" 406
"../../../Engine/Plugins/Enterprise/DataprepEditor/DataprepEditor.uplugin" 407
"../../../Engine/Plugins/Importers/USDImporter/USDImporter.uplugin" 408
"../../../Engine/Plugins/Importers/USDMultiUser/USDMultiUser.uplugin" 409
"../../../Engine/Plugins/Media/AjaMedia/AjaMedia.uplugin" 410
"../../../Engine/Plugins/Media/AndroidCamera/AndroidCamera.uplugin" 411
"../../../Engine/Plugins/Media/AndroidMedia/AndroidMedia.uplugin" 412
"../../../Engine/Plugins/Media/AppleProResMedia/AppleProResMedia.uplugin" 413
"../../../Engine/Plugins/Media/AudioCaptureTimecodeProvider/AudioCaptureTimecodeProvider.uplugin" 414
"../../../Engine/Plugins/Media/AvfMedia/AvfMedia.uplugin" 415
"../../../Engine/Plugins/Media/BinkMedia/BinkMedia.uplugin" 416
"../../../Engine/Plugins/Media/BlackmagicMedia/BlackmagicMedia.uplugin" 417
"../../../Engine/Plugins/Media/ElectraCDM/ElectraCDM.uplugin" 418
"../../../Engine/Plugins/Media/ElectraPlayer/ElectraPlayer.uplugin" 419
"../../../Engine/Plugins/Media/ElectraSubtitles/ElectraSubtitles.uplugin" 420
"../../../Engine/Plugins/Media/AvidDNxMedia/AvidDNxMedia.uplugin" 421
"../../../Engine/Plugins/Media/ElectraUtil/ElectraUtil.uplugin" 422
"../../../Engine/Plugins/Media/HAPMedia/HAPMedia.uplugin" 423
"../../../Engine/Plugins/Media/HLMedia/HLMedia.uplugin" 424
"../../../Engine/Plugins/Media/HardwareEncoders/HardwareEncoders.uplugin" 425
"../../../Engine/Plugins/Media/ImgMedia/ImgMedia.uplugin" 426
"../../../Engine/Plugins/Media/LinearTimecode/LinearTimecode.uplugin" 427
"../../../Engine/Plugins/Media/MediaCompositing/MediaCompositing.uplugin" 428
"../../../Engine/Plugins/Media/MediaMovieStreamer/MediaMovieStreamer.uplugin" 429
"../../../Engine/Plugins/Media/MediaFrameworkUtilities/MediaFrameworkUtilities.uplugin" 430
"../../../Engine/Plugins/Media/MediaIOFramework/MediaIOFramework.uplugin" 431
"../../../Engine/Plugins/Media/MediaPlate/MediaPlate.uplugin" 432
"../../../Engine/Plugins/Media/MfMedia/MfMedia.uplugin" 433
"../../../Engine/Plugins/Media/PixelCapture/PixelCapture.uplugin" 434
"../../../Engine/Plugins/Media/TimecodeSynchronizer/TimecodeSynchronizer.uplugin" 435
"../../../Engine/Plugins/Media/WebMMedia/WebMMedia.uplugin" 436
"../../../Engine/Plugins/Media/WmfMedia/WmfMedia.uplugin" 437
"../../../Engine/Plugins/NetcodeUnitTest/NetcodeUnitTest/NetcodeUnitTest.uplugin" 438
"../../../Engine/Plugins/NetcodeUnitTest/NUTUnrealEngine/NUTUnrealEngine.uplugin" 439
"../../../Engine/Plugins/Portal/LauncherChunkInstaller/LauncherChunkInstaller.uplugin" 440
"../../../Engine/Plugins/Media/PixelStreaming/PixelStreaming.uplugin" 441
"../../../Engine/Plugins/Slate/SlateScripting/SlateScripting.uplugin" 442
"../../../Engine/Plugins/Slate/SlateInsights/SlateInsights.uplugin" 443
"../../../Engine/Plugins/Experimental/PlatformCrypto/PlatformCrypto.uplugin" 444
"../../../Engine/Plugins/Cameras/CameraShakePreviewer/CameraShakePreviewer.uplugin" 445
"../../../Engine/Plugins/Experimental/CharacterFXEditor/BaseCharacterFXEditor/BaseCharacterFXEditor.uplugin" 446
"../../../Engine/Plugins/Experimental/CharacterFXEditor/ExampleCharacterFXEditor/ExampleCharacterFXEditor.uplugin" 447
"../../../Engine/Plugins/Experimental/Enterprise/DataprepGeometryOperations/DataprepGeometryOperations.uplugin" 448
"../../../Engine/Plugins/Experimental/Enterprise/DatasmithInterchange/DatasmithInterchange.uplugin" 449
"../../../Engine/Plugins/Experimental/AR/PointCloud/PointCloud.uplugin" 450
"../../../Engine/Plugins/Experimental/Enterprise/DatasmithRuntime/DatasmithRuntime.uplugin" 451
"../../../Engine/Plugins/Experimental/Web/WebAPI/WebAPI.uplugin" 452
"../../../Engine/Plugins/Online/VoiceChat/VoiceChat/VoiceChat.uplugin" 453
"../../../Engine/Plugins/Runtime/AR/ARUtilities/ARUtilities.uplugin" 454
"../../../Engine/Plugins/Media/MediaPlayerEditor/MediaPlayerEditor.uplugin" 455
"../../../Engine/Plugins/Runtime/AR/AzureSpatialAnchorsForARCore/AzureSpatialAnchorsForARCore.uplugin" 456
"../../../Engine/Plugins/Online/VoiceChat/EOSVoiceChat/EOSVoiceChat.uplugin" 457
"../../../Engine/Plugins/Runtime/AR/AzureSpatialAnchorsForARKit/AzureSpatialAnchorsForARKit.uplugin" 458
"../../../Engine/Plugins/Runtime/MeshReconstruction/DummyMeshReconstructor/DummyMeshReconstructor.uplugin" 459
"../../../Engine/Plugins/Runtime/Nvidia/Reflex/Reflex.uplugin" 460
"../../../Engine/Plugins/Runtime/Nvidia/GeForceNOWWrapper/GeForceNOWWrapper.uplugin" 461
"../../../Engine/Plugins/Runtime/PacketHandlers/AESGCMHandlerComponent/AESGCMHandlerComponent.uplugin" 462
"../../../Engine/Plugins/Runtime/PacketHandlers/AESHandlerComponent/AESHandlerComponent.uplugin" 463
"../../../Engine/Plugins/Runtime/PacketHandlers/DTLSHandlerComponent/DTLSHandlerComponent.uplugin" 464
"../../../Engine/Plugins/Animation/MLDeformer/MLDeformerFramework/MLDeformerFramework.uplugin" 465
"../../../Engine/Plugins/Animation/MLDeformer/NearestNeighborModel/NearestNeighborModel.uplugin" 466
"../../../Engine/Plugins/Animation/MLDeformer/NeuralMorphModel/NeuralMorphModel.uplugin" 467
"../../../Engine/Plugins/Animation/MLDeformer/VertexDeltaModel/VertexDeltaModel.uplugin" 468
"../../../Engine/Plugins/Editor/ContentBrowser/ContentBrowserAssetDataSource/ContentBrowserAssetDataSource.uplugin" 469
"../../../Engine/Plugins/Editor/ContentBrowser/ContentBrowserAliasDataSoure/ContentBrowserAliasDataSource.uplugin" 470
"../../../Engine/Plugins/Editor/ContentBrowser/ContentBrowserClassDataSource/ContentBrowserClassDataSource.uplugin" 471
"../../../Engine/Plugins/Editor/ContentBrowser/ContentBrowserFileDataSource/ContentBrowserFileDataSource.uplugin" 472
"../../../Engine/Plugins/Editor/ObjectMixer/LightMixer/LightMixer.uplugin" 473
"../../../Engine/Plugins/Editor/ObjectMixer/ObjectMixer/ObjectMixer.uplugin" 474
"../../../Engine/Plugins/Developer/Concert/ConcertMain/ConcertMain.uplugin" 475
"../../../Engine/Plugins/Runtime/Windows/WinDualShock/WinDualShock.uplugin" 476
"../../../Engine/Plugins/Experimental/Animation/CurveExpression/CurveExpression.uplugin" 477
"../../../Engine/Plugins/Experimental/Animation/MotionTrajectory/MotionTrajectory.uplugin" 478
"../../../Engine/Plugins/Experimental/Animation/ContextualAnimation/ContextualAnimation.uplugin" 479
"../../../Engine/Plugins/Experimental/Animation/PoseSearch/PoseSearch.uplugin" 480
"../../../Engine/Plugins/Experimental/AVCodecs/AMFCodecs/AMFCodecs.uplugin" 481
"../../../Engine/Plugins/Experimental/NNI/NeuralNetworkInference.uplugin" 482
"../../../Engine/Plugins/Experimental/Animation/Optimus/Optimus.uplugin" 483
"../../../Engine/Plugins/Experimental/Animation/PoseCorrectives/PoseCorrectives.uplugin" 484
"../../../Engine/Plugins/Experimental/AVCodecs/AVCodecsCore/AVCodecsCore.uplugin" 485
"../../../Engine/Plugins/Experimental/AVCodecs/NVCodecs/NVCodecs.uplugin" 486
"../../../Engine/Plugins/Experimental/AVCodecs/WMFCodecs/WMFCodecs.uplugin" 487
"../../../Engine/Plugins/VirtualProduction/DMX/DatasmithMVR/DatasmithMVR.uplugin" 488
"../../../Engine/Plugins/VirtualProduction/DMX/DMXDisplayCluster/DMXDisplayCluster.uplugin" 489
"../../../Engine/Plugins/Runtime/AR/AzureSpatialAnchors/AzureSpatialAnchors.uplugin" 490
"../../../Engine/Plugins/VirtualProduction/DMX/DMXFixtures/DMXFixtures.uplugin" 491
"../../../Engine/Plugins/VirtualProduction/DMX/DMXModularFeatures/DMXModularFeatures.uplugin" 492
"../../../Engine/Plugins/VirtualProduction/DMX/DMXPixelMapping/DMXPixelMapping.uplugin" 493
"../../../Engine/Plugins/VirtualProduction/DMX/DMXProtocol/DMXProtocol.uplugin" 494
"../../../Engine/Plugins/VirtualProduction/Rivermax/RivermaxCore/RivermaxCore.uplugin" 495
"../../../Engine/Plugins/VirtualProduction/Rivermax/RivermaxMedia/RivermaxMedia.uplugin" 496
"../../../Engine/Plugins/Experimental/Animation/SkeletalMeshModelingTools/SkeletalMeshModelingTools.uplugin" 497
"../../../Engine/Plugins/Experimental/VirtualProduction/VPRoles/VPRoles.uplugin" 498
"../../../Engine/Plugins/Online/Android/AndroidFetchBackgroundDownload/AndroidFetchBackgroundDownload.uplugin" 499
"../../../Engine/Plugins/Experimental/VirtualProduction/LedWallCalibration/LedWallCalibration.uplugin" 500
"../../../Engine/Plugins/Online/Android/OnlineSubsystemGooglePlay/OnlineSubsystemGooglePlay.uplugin" 501
"../../../Engine/Plugins/Runtime/Analytics/Adjust/Adjust.uplugin" 502
"../../../Engine/Plugins/Runtime/Analytics/AnalyticsBlueprintLibrary/AnalyticsBlueprintLibrary.uplugin" 503
"../../../Engine/Plugins/Runtime/Analytics/FileLogging/FileLogging.uplugin" 504
"../../../Engine/Plugins/Runtime/Analytics/AnalyticsMulticast/AnalyticsMulticast.uplugin" 505
"../../../Engine/Plugins/Runtime/Analytics/Flurry/Flurry.uplugin" 506
"../../../Engine/Plugins/Runtime/Database/ADOSupport/ADOSupport.uplugin" 507
"../../../Engine/Plugins/Runtime/Database/DatabaseSupport/DatabaseSupport.uplugin" 508
"../../../Engine/Plugins/VirtualProduction/DMX/DMXControlConsole/DMXControlConsole.uplugin" 509
"../../../Engine/Plugins/Runtime/Database/RemoteDatabaseSupport/RemoteDatabaseSupport.uplugin" 510
"../../../Engine/Plugins/Runtime/Database/SQLiteCore/SQLiteCore.uplugin" 511
"../../../Engine/Plugins/Runtime/Database/SQLiteSupport/SQLiteSupport.uplugin" 512
"../../../Engine/Plugins/Marketplace/Developer/RiderLink/RiderLink.uplugin" 513
"../../../Engine/Plugins/Runtime/XR/XRVisualization/XRVisualization.uplugin" 514
"../../../Engine/Plugins/Online/IOS/OnlineSubsystemIOS/OnlineSubsystemIOS.uplugin" 515
"../../../Engine/Plugins/Runtime/Steam/SteamAudio/SteamAudio.uplugin" 516
"../../../Engine/Plugins/Runtime/Steam/SteamController/SteamController.uplugin" 517
"../../../Engine/Plugins/Runtime/Steam/SteamShared/SteamShared.uplugin" 518
"../../../Engine/Plugins/Runtime/Steam/SteamVR/SteamVR.uplugin" 519
"../../../Engine/Plugins/Runtime/Advertising/IOSTapJoy/IOSTapJoy.uplugin" 520
"../../../Engine/Plugins/Runtime/Oculus/OculusVR/OculusVR.uplugin" 521
"../../../Engine/Plugins/Runtime/Oculus/OculusAudio/OculusAudio.uplugin" 522
"../../../Engine/Plugins/VirtualProduction/DMX/DMXEngine/DMXEngine.uplugin" 523
"../../../Engine/Plugins/Runtime/Steam/SteamSockets/SteamSockets.uplugin" 524
"../../../Engine/Plugins/Developer/Concert/ConcertUI/ConcertClientSharedSlate/ConcertClientSharedSlate.uplugin" 525
"../../../Engine/Plugins/Developer/Concert/ConcertUI/ConcertSharedSlate/ConcertSharedSlate.uplugin" 526
"../../../Engine/Plugins/Runtime/AR/AppleAR/AppleARKitFaceSupport/AppleARKitFaceSupport.uplugin" 527
"../../../Engine/Plugins/Runtime/AR/AppleAR/AppleARKit/AppleARKit.uplugin" 528
"../../../Engine/Plugins/Developer/Concert/ConcertApp/DisasterRecoveryClient/DisasterRecoveryClient.uplugin" 529
"../../../Engine/Plugins/Developer/Concert/ConcertApp/MultiUserServer/MultiUserServer.uplugin" 530
"../../../Engine/Plugins/Runtime/AR/Google/GoogleARCoreServices/GoogleARCoreServices.uplugin" 531
"../../../Engine/Plugins/Runtime/AR/Google/GoogleARCore/GoogleARCore.uplugin" 532
"../../../Engine/Plugins/Developer/Concert/ConcertApp/MultiUserClient/MultiUserClient.uplugin" 533
"../../../Engine/Plugins/Developer/Concert/ConcertSync/ConcertSyncClient/ConcertSyncClient.uplugin" 534
"../../../Engine/Plugins/Developer/Concert/ConcertSync/ConcertSyncServer/ConcertSyncServer.uplugin" 535
"../../../Engine/Plugins/Developer/Concert/ConcertSync/ConcertSyncCore/ConcertSyncCore.uplugin" 536
"../../../Engine/Plugins/Developer/Concert/ConcertSync/ConcertSyncTest/ConcertSyncTest.uplugin" 537
"../../../Engine/Plugins/Experimental/VirtualProduction/VPSettings/VPSettings.uplugin" 538
"../../../Engine/Platforms/HoloLens/Plugins/Compression/OodleNetwork/OodleNetwork_HoloLens.uplugin" 539
"../../../Engine/Platforms/HoloLens/Plugins/Runtime/OpenXR/OpenXR_HoloLens.uplugin" 540
"../../../Engine/Platforms/HoloLens/Plugins/Runtime/GeoReferencing/GeoReferencing_HoloLens.uplugin" 541
"../../../Engine/Platforms/HoloLens/Plugins/Runtime/ApexDestruction/ApexDestruction_HoloLens.uplugin" 542
"../../../Engine/Platforms/HoloLens/Plugins/Runtime/OpenXRHandTracking/OpenXRHandTracking_HoloLens.uplugin" 543
"../../../Engine/Platforms/HoloLens/Plugins/Runtime/OpenXREyeTracker/OpenXREyeTracker_HoloLens.uplugin" 544
"../../../Engine/Platforms/HoloLens/Plugins/Media/BinkMedia/BinkMedia_HoloLens.uplugin" 545
"../../../Engine/Platforms/HoloLens/Plugins/Runtime/OpenXRMsftHandInteraction/OpenXRMsftHandInteraction_HoloLens.uplugin" 546
"../../../Engine/Platforms/HoloLens/Plugins/Media/MfMedia/MfMedia_HoloLens.uplugin" 547
"../../../Engine/Platforms/HoloLens/Plugins/Media/HLMedia/HLMedia_HoloLens.uplugin" 548
"../../../Engine/Platforms/HoloLens/Plugins/Online/OnlineServicesEOS/OnlineServicesEOS_HoloLens.uplugin" 549
"../../../Engine/Platforms/HoloLens/Plugins/Runtime/MicrosoftSpatialAudio/MicroSoftSpatialSound_HoloLens.uplugin" 550
"../../../Engine/Platforms/HoloLens/Plugins/Online/OnlineServicesEOSGS/OnlineServicesEOSGS_HoloLens.uplugin" 551
"../../../Engine/Platforms/HoloLens/Plugins/Runtime/AR/AzureSpatialAnchors/AzureSpatialAnchors_HoloLens.uplugin" 552
"../../../Engine/Content/Internationalization/icudt64l/cnvalias.icu" 553
"../../../Engine/Content/Internationalization/icudt64l/res_index.res" 554
"../../../Engine/Content/Internationalization/icudt64l/plurals.res" 555
"../../../Engine/Content/Internationalization/icudt64l/lang/it.res" 556
"../../../Engine/Content/Internationalization/icudt64l/lang/pool.res" 557
"../../../Engine/Content/Internationalization/icudt64l/lang/root.res" 558
"../../../Engine/Content/Internationalization/icudt64l/region/it.res" 559
"../../../Engine/Content/Internationalization/icudt64l/region/pool.res" 560
"../../../Engine/Content/Internationalization/icudt64l/region/root.res" 561
"../../../Engine/Content/Internationalization/icudt64l/lang/en.res" 562
"../../../Engine/Content/Internationalization/icudt64l/region/en.res" 563
"../../../Engine/Content/Internationalization/icudt64l/windowsZones.res" 564
"../../../Engine/Content/Internationalization/icudt64l/zoneinfo64.res" 565
"../../../Engine/Content/Internationalization/icudt64l/keyTypeData.res" 566
"../../../Engine/Content/Internationalization/icudt64l/timezoneTypes.res" 567
"../../../Engine/Content/Internationalization/icudt64l/likelySubtags.res" 568
"../../../Engine/Content/Internationalization/icudt64l/it_IT.res" 569
"../../../Engine/Content/Internationalization/icudt64l/pool.res" 570
"../../../Engine/Content/Internationalization/icudt64l/it.res" 571
"../../../Engine/Content/Internationalization/icudt64l/root.res" 572
"../../../Engine/Content/Internationalization/icudt64l/supplementalData.res" 573
"../../../Engine/Config/ConfigRedirects.ini" 574
"C:/Users/emanu/AppData/Local/UnrealEngine/5.2/Saved/Config/WindowsEditor/Manifest.ini" 575
"../../../Engine/Config/Base.ini" 576
"../../../Engine/Config/BaseEngine.ini" 577
"../../../Engine/Config/IOS/BaseIOSEngine.ini" 578
"../../../Engine/Config/Android/BaseAndroidEngine.ini" 579
"E:/Projects/EcoBots/Config/DefaultEngine.ini" 580
"../../../Engine/Config/IOS/IOSEngine.ini" 581
"../../../Engine/Config/Android/AndroidEngine.ini" 582
"C:/Users/emanu/AppData/Local/Unreal Engine/Engine/Config/UserEngine.ini" 583
"../../../Engine/Platforms/HoloLens/Config/BaseHoloLensEngine.ini" 584
"../../../Engine/Config/BaseGame.ini" 585
"../../../Engine/Config/HoloLens/HoloLensEngine.ini" 586
"../../../Engine/Config/IOS/BaseIOSGame.ini" 587
"../../../Engine/Config/Android/BaseAndroidGame.ini" 588
"E:/Projects/EcoBots/Config/DefaultGame.ini" 589
"E:/Projects/EcoBots/Platforms/HoloLens/Config/HoloLensEngine.ini" 590
"../../../Engine/Config/IOS/IOSGame.ini" 591
"../../../Engine/Config/BaseInput.ini" 592
"../../../Engine/Config/Windows/BaseWindowsEngine.ini" 593
"E:/Projects/EcoBots/Config/DefaultInput.ini" 594
"../../../Engine/Config/HoloLens/HoloLensGame.ini" 595
"../../../Engine/Config/Windows/WindowsEngine.ini" 596
"../../../Engine/Config/BaseDeviceProfiles.ini" 597
"E:/Projects/EcoBots/Saved/Config/WindowsEditor/Engine.ini" 598
"../../../Engine/Config/BaseGameUserSettings.ini" 599
"../../../Engine/Config/Windows/WindowsGame.ini" 600
"../../../Engine/Config/BaseScalability.ini" 601
"E:/Projects/EcoBots/Saved/Config/WindowsEditor/Game.ini" 602
"../../../Engine/Config/IOS/IOSScalability.ini" 603
"../../../Engine/Config/BaseRuntimeOptions.ini" 604
"../../../Engine/Config/Windows/WindowsInput.ini" 605
"../../../Engine/Config/Android/AndroidScalability.ini" 606
"E:/Projects/EcoBots/Saved/Config/WindowsEditor/Input.ini" 607
"../../../Engine/Config/BaseInstallBundle.ini" 608
"../../../Engine/Config/BaseHardware.ini" 609
"../../../Engine/Config/Android/BaseAndroidInstallBundle.ini" 610
"E:/Projects/EcoBots/Saved/Config/WindowsEditor/DeviceProfiles.ini" 611
"../../../Engine/Config/Linux/BaseLinuxEngine.ini" 612
"../../../Engine/Config/LinuxArm64/BaseLinuxArm64Engine.ini" 613
"E:/Projects/EcoBots/Saved/Config/WindowsEditor/GameUserSettings.ini" 614
"../../../Engine/Config/Mac/BaseMacEngine.ini" 615
"../../../Engine/Config/Unix/UnixEngine.ini" 616
"../../../Engine/Config/Linux/LinuxEngine.ini" 617
"../../../Engine/Config/LinuxArm64/LinuxArm64Engine.ini" 618
"../../../Engine/Config/Mac/MacEngine.ini" 619
"../../../Engine/Config/Mac/MacGame.ini" 620
"../../../Engine/Config/Linux/LinuxGame.ini" 621
"E:/Projects/EcoBots/Saved/Config/WindowsEditor/Scalability.ini" 622
"E:/Projects/EcoBots/Saved/Config/WindowsEditor/RuntimeOptions.ini" 623
"E:/Projects/EcoBots/Saved/Config/WindowsEditor/InstallBundle.ini" 624
"E:/Projects/EcoBots/Saved/Config/WindowsEditor/Hardware.ini" 625
"../../../Engine/Config/BaseCompat.ini" 626
"E:/Projects/EcoBots/Saved/Config/WindowsEditor/Compat.ini" 627
"../../../Engine/Config/BaseLightmass.ini" 628
"E:/Projects/EcoBots/Saved/Config/WindowsEditor/Lightmass.ini" 629
"../../../Engine/Config/BaseEditor.ini" 630
"E:/Projects/EcoBots/Config/DefaultEditor.ini" 631
"../../../Engine/Config/TVOS/TVOSEngine.ini" 632
"E:/Projects/EcoBots/Saved/Config/WindowsEditor/Editor.ini" 633
"../../../Engine/Config/BaseEditorPerProjectUserSettings.ini" 634
"../../../Engine/Config/Windows/WindowsEditorPerProjectUserSettings.ini" 635
"E:/Projects/EcoBots/Saved/Config/WindowsEditor/EditorPerProjectUserSettings.ini" 636
"../../../Engine/Config/BaseEditorSettings.ini" 637
"C:/Users/emanu/AppData/Local/UnrealEngine/5.2/Saved/Config/WindowsEditor/EditorSettings.ini" 638
"../../../Engine/Config/BaseEditorKeyBindings.ini" 639
"C:/Users/emanu/AppData/Local/UnrealEngine/5.2/Saved/Config/WindowsEditor/EditorKeyBindings.ini" 640
"C:/Users/emanu/AppData/Local/UnrealEngine/5.2/Saved/Config/WindowsEditor/EditorLayout.ini" 641
"E:/Projects/EcoBots/Binaries/Win64/EcoBots-Win64-Shipping.target" 642
"E:/Projects/EcoBots/Binaries/Win64/EcoBotsEditor.target" 643
"../../../Engine/Plugins/Bridge/Config/BaseBridge.ini" 644
"E:/Projects/EcoBots/Saved/Config/WindowsEditor/Bridge.ini" 645
"../../../Engine/Plugins/EnhancedInput/Config/BaseEnhancedInput.ini" 646
"E:/Projects/EcoBots/Saved/Config/WindowsEditor/EnhancedInput.ini" 647
"../../../Engine/Plugins/EnhancedInput/Config/Input.ini" 648
"../../../Engine/Plugins/TraceUtilities/Config/BaseTraceUtilities.ini" 649
"E:/Projects/EcoBots/Saved/Config/WindowsEditor/TraceUtilities.ini" 650
"../../../Engine/Plugins/Animation/ControlRig/Config/BaseControlRig.ini" 651
"E:/Projects/EcoBots/Saved/Config/WindowsEditor/ControlRig.ini" 652
"../../../Engine/Plugins/Animation/IKRig/Config/BaseIKRig.ini" 653
"E:/Projects/EcoBots/Saved/Config/WindowsEditor/IKRig.ini" 654
"../../../Engine/Plugins/Interchange/Runtime/Config/BaseInterchange.ini" 655
"E:/Projects/EcoBots/Saved/Config/WindowsEditor/Interchange.ini" 656
"../../../Engine/Plugins/2D/Paper2D/Config/BasePaper2D.ini" 657
"E:/Projects/EcoBots/Saved/Config/WindowsEditor/Paper2D.ini" 658
"../../../Engine/Plugins/Editor/EditorScriptingUtilities/Config/BaseEditorScriptingUtilities.ini" 659
"E:/Projects/EcoBots/Saved/Config/WindowsEditor/EditorScriptingUtilities.ini" 660
"../../../Engine/Plugins/FX/Niagara/Config/BaseNiagara.ini" 661
"E:/Projects/EcoBots/Saved/Config/WindowsEditor/Niagara.ini" 662
"../../../Engine/Plugins/Developer/TraceDataFiltering/Config/BaseTraceDataFilters.ini" 663
"E:/Projects/EcoBots/Saved/Config/WindowsEditor/TraceDataFilters.ini" 664
"../../../Engine/Plugins/Experimental/FullBodyIK/Config/BaseFullBodyIK.ini" 665
"E:/Projects/EcoBots/Saved/Config/WindowsEditor/FullBodyIK.ini" 666
"../../../Engine/Plugins/Runtime/InputDebugging/Config/Input.ini" 667
"../../../Engine/Plugins/Runtime/Metasound/Config/BaseMetasound.ini" 668
"E:/Projects/EcoBots/Saved/Config/WindowsEditor/Metasound.ini" 669
"../../../Engine/Plugins/Runtime/Synthesis/Config/BaseSynthesis.ini" 670
"E:/Projects/EcoBots/Saved/Config/WindowsEditor/Synthesis.ini" 671
"../../../Engine/Plugins/Enterprise/DatasmithContent/Config/BaseDatasmithContent.ini" 672
"E:/Projects/EcoBots/Saved/Config/WindowsEditor/DatasmithContent.ini" 673
"../../../Engine/Plugins/Enterprise/GLTFExporter/Config/BaseGLTFExporter.ini" 674
"../../../Engine/Plugins/Enterprise/GLTFExporter/Config/DefaultGLTFExporter.ini" 675
"E:/Projects/EcoBots/Saved/Config/WindowsEditor/GLTFExporter.ini" 676
"../../../Engine/Plugins/Enterprise/VariantManagerContent/Config/BaseVariantManagerContent.ini" 677
"E:/Projects/EcoBots/Saved/Config/WindowsEditor/VariantManagerContent.ini" 678
"../../../Engine/Plugins/Editor/ModelingToolsEditorMode/Binaries/Win64/UnrealEditor.modules" 679
"../../../Engine/Plugins/Runtime/MeshModelingToolset/Binaries/Win64/UnrealEditor.modules" 680
"../../../Engine/Plugins/Experimental/MeshModelingToolsetExp/Binaries/Win64/UnrealEditor.modules" 681
"../../../Engine/Plugins/Experimental/MeshLODToolset/Binaries/Win64/UnrealEditor.modules" 682
"../../../Engine/Plugins/Editor/StylusInput/Binaries/Win64/UnrealEditor.modules" 683
"../../../Engine/Plugins/Experimental/ToolPresets/Binaries/Win64/UnrealEditor.modules" 684
"../../../Engine/Plugins/Runtime/GeometryProcessing/Binaries/Win64/UnrealEditor.modules" 685
"../../../Engine/Plugins/Experimental/ProxyLODPlugin/Binaries/Win64/UnrealEditor.modules" 686
"../../../Engine/Plugins/Experimental/GeometryFlow/Binaries/Win64/UnrealEditor.modules" 687
"../../../Engine/Plugins/Editor/EditorScriptingUtilities/Binaries/Win64/UnrealEditor.modules" 688
"../../../Engine/Plugins/Bridge/Binaries/Win64/UnrealEditor.modules" 689
"../../../Engine/Plugins/EnhancedInput/Binaries/Win64/UnrealEditor.modules" 690
"../../../Engine/Plugins/FastBuildController/Binaries/Win64/UnrealEditor.modules" 691
"../../../Engine/Plugins/TraceUtilities/Binaries/Win64/UnrealEditor.modules" 692
"../../../Engine/Plugins/XGEController/Binaries/Win64/UnrealEditor.modules" 693
"../../../Engine/Plugins/MeshPainting/Binaries/Win64/UnrealEditor.modules" 694
"../../../Engine/Plugins/Interchange/Editor/Binaries/Win64/UnrealEditor.modules" 695
"../../../Engine/Plugins/Interchange/Runtime/Binaries/Win64/UnrealEditor.modules" 696
"../../../Engine/Plugins/Editor/GLTFImporter/Binaries/Win64/UnrealEditor.modules" 697
"../../../Engine/Plugins/Enterprise/VariantManagerContent/Binaries/Win64/UnrealEditor.modules" 698
"../../../Engine/Plugins/Enterprise/VariantManager/Binaries/Win64/UnrealEditor.modules" 699
"../../../Engine/Plugins/Animation/AnimationModifierLibrary/Binaries/Win64/UnrealEditor.modules" 700
"../../../Engine/Plugins/Animation/BlendSpaceMotionAnalysis/Binaries/Win64/UnrealEditor.modules" 701
"../../../Engine/Plugins/Animation/ControlRig/Binaries/Win64/UnrealEditor.modules" 702
"../../../Engine/Plugins/Experimental/PythonScriptPlugin/Binaries/Win64/UnrealEditor.modules" 703
"../../../Engine/Plugins/MovieScene/LevelSequenceEditor/Binaries/Win64/UnrealEditor.modules" 704
"../../../Engine/Plugins/Runtime/PropertyAccess/Binaries/Win64/UnrealEditor.modules" 705
"../../../Engine/Plugins/MovieScene/SequencerScripting/Binaries/Win64/UnrealEditor.modules" 706
"../../../Engine/Plugins/Editor/ContentBrowser/ContentBrowserFileDataSource/Binaries/Win64/UnrealEditor.modules" 707
"../../../Engine/Plugins/Animation/ControlRigSpline/Binaries/Win64/UnrealEditor.modules" 708
"../../../Engine/Plugins/Animation/AnimationData/Binaries/Win64/UnrealEditor.modules" 709
"../../../Engine/Plugins/Animation/IKRig/Binaries/Win64/UnrealEditor.modules" 710
"../../../Engine/Plugins/Experimental/FullBodyIK/Binaries/Win64/UnrealEditor.modules" 711
"../../../Engine/Plugins/Compression/OodleNetwork/Binaries/Win64/UnrealEditor.modules" 712
"../../../Engine/Plugins/2D/Paper2D/Binaries/Win64/UnrealEditor.modules" 713
"../../../Engine/Plugins/Editor/AssetManagerEditor/Binaries/Win64/UnrealEditor.modules" 714
"../../../Engine/Plugins/Editor/ChangelistReview/Binaries/Win64/UnrealEditor.modules" 715
"../../../Engine/Plugins/Editor/CryptoKeys/Binaries/Win64/UnrealEditor.modules" 716
"../../../Engine/Plugins/Editor/BlueprintHeaderView/Binaries/Win64/UnrealEditor.modules" 717
"../../../Engine/Plugins/Editor/CurveEditorTools/Binaries/Win64/UnrealEditor.modules" 718
"../../../Engine/Plugins/Editor/DataValidation/Binaries/Win64/UnrealEditor.modules" 719
"../../../Engine/Plugins/Editor/EditorDebugTools/Binaries/Win64/UnrealEditor.modules" 720
"../../../Engine/Plugins/Editor/EngineAssetDefinitions/Binaries/Win64/UnrealEditor.modules" 721
"../../../Engine/Plugins/Editor/FacialAnimation/Binaries/Win64/UnrealEditor.modules" 722
"../../../Engine/Plugins/Editor/GeometryMode/Binaries/Win64/UnrealEditor.modules" 723
"../../../Engine/Plugins/Editor/GameplayTagsEditor/Binaries/Win64/UnrealEditor.modules" 724
"../../../Engine/Plugins/Editor/MaterialAnalyzer/Binaries/Win64/UnrealEditor.modules" 725
"../../../Engine/Plugins/Editor/MobileLauncherProfileWizard/Binaries/Win64/UnrealEditor.modules" 726
"../../../Engine/Plugins/Editor/SequencerAnimTools/Binaries/Win64/UnrealEditor.modules" 727
"../../../Engine/Plugins/Editor/SpeedTreeImporter/Binaries/Win64/UnrealEditor.modules" 728
"../../../Engine/Plugins/Editor/WorldPartitionHLODUtilities/Binaries/Win64/UnrealEditor.modules" 729
"../../../Engine/Plugins/FX/Niagara/Binaries/Win64/UnrealEditor.modules" 730
"../../../Engine/Plugins/MovieScene/ActorSequence/Binaries/Win64/UnrealEditor.modules" 731
"../../../Engine/Plugins/Tests/InterchangeTests/Binaries/Win64/UnrealEditor.modules" 732
"../../../Engine/Plugins/AI/AISupport/Binaries/Win64/UnrealEditor.modules" 733
"../../../Engine/Plugins/Cameras/GameplayCameras/Binaries/Win64/UnrealEditor.modules" 734
"../../../Engine/Plugins/MovieScene/TemplateSequence/Binaries/Win64/UnrealEditor.modules" 735
"../../../Engine/Plugins/AI/EnvironmentQueryEditor/Binaries/Win64/UnrealEditor.modules" 736
"../../../Engine/Plugins/Developer/CLionSourceCodeAccess/Binaries/Win64/UnrealEditor.modules" 737
"../../../Engine/Plugins/Developer/AnimationSharing/Binaries/Win64/UnrealEditor.modules" 738
"../../../Engine/Plugins/Runtime/SignificanceManager/Binaries/Win64/UnrealEditor.modules" 739
"../../../Engine/Plugins/Developer/DumpGPUServices/Binaries/Win64/UnrealEditor.modules" 740
"../../../Engine/Plugins/Developer/GitSourceControl/Binaries/Win64/UnrealEditor.modules" 741
"../../../Engine/Plugins/Developer/PerforceSourceControl/Binaries/Win64/UnrealEditor.modules" 742
"../../../Engine/Plugins/Developer/PixWinPlugin/Binaries/Win64/UnrealEditor.modules" 743
"../../../Engine/Plugins/Developer/PlasticSourceControl/Binaries/Win64/UnrealEditor.modules" 744
"../../../Engine/Plugins/Developer/PluginUtils/Binaries/Win64/UnrealEditor.modules" 745
"../../../Engine/Plugins/Developer/PropertyAccessNode/Binaries/Win64/UnrealEditor.modules" 746
"../../../Engine/Plugins/Developer/RenderDocPlugin/Binaries/Win64/UnrealEditor.modules" 747
"../../../Engine/Plugins/Developer/RiderSourceCodeAccess/Binaries/Win64/UnrealEditor.modules" 748
"../../../Engine/Plugins/Developer/SubversionSourceControl/Binaries/Win64/UnrealEditor.modules" 749
"../../../Engine/Plugins/Developer/TraceDataFiltering/Binaries/Win64/UnrealEditor.modules" 750
"../../../Engine/Plugins/Developer/UObjectPlugin/Binaries/Win64/UnrealEditor.modules" 751
"../../../Engine/Plugins/Developer/TextureFormatOodle/Binaries/Win64/UnrealEditor.modules" 752
"../../../Engine/Plugins/Developer/VisualStudioCodeSourceCodeAccess/Binaries/Win64/UnrealEditor.modules" 753
"../../../Engine/Plugins/Developer/VisualStudioSourceCodeAccess/Binaries/Win64/UnrealEditor.modules" 754
"../../../Engine/Plugins/Experimental/AutomationUtils/Binaries/Win64/UnrealEditor.modules" 755
"../../../Engine/Plugins/Experimental/BackChannel/Binaries/Win64/UnrealEditor.modules" 756
"../../../Engine/Plugins/Experimental/ChaosCloth/Binaries/Win64/UnrealEditor.modules" 757
"../../../Engine/Plugins/Experimental/ChaosCaching/Binaries/Win64/UnrealEditor.modules" 758
"../../../Engine/Plugins/VirtualProduction/Takes/Binaries/Win64/UnrealEditor.modules" 759
"../../../Engine/Plugins/Experimental/ChaosClothEditor/Binaries/Win64/UnrealEditor.modules" 760
"../../../Engine/Plugins/Experimental/ChaosEditor/Binaries/Win64/UnrealEditor.modules" 761
"../../../Engine/Plugins/Experimental/PlanarCutPlugin/Binaries/Win64/UnrealEditor.modules" 762
"../../../Engine/Plugins/Experimental/GeometryCollectionPlugin/Binaries/Win64/UnrealEditor.modules" 763
"../../../Engine/Plugins/Experimental/Fracture/Binaries/Win64/UnrealEditor.modules" 764
"../../../Engine/Plugins/Runtime/ProceduralMeshComponent/Binaries/Win64/UnrealEditor.modules" 765
"../../../Engine/Plugins/Experimental/ChaosSolverPlugin/Binaries/Win64/UnrealEditor.modules" 766
"../../../Engine/Plugins/Experimental/Dataflow/Binaries/Win64/UnrealEditor.modules" 767
"../../../Engine/Plugins/Experimental/ChaosNiagara/Binaries/Win64/UnrealEditor.modules" 768
"../../../Engine/Plugins/Experimental/ChaosUserDataPT/Binaries/Win64/UnrealEditor.modules" 769
"../../../Engine/Plugins/Experimental/CharacterAI/Binaries/Win64/UnrealEditor.modules" 770
"../../../Engine/Plugins/Experimental/OpenImageDenoise/Binaries/Win64/UnrealEditor.modules" 771
"../../../Engine/Plugins/Experimental/SkeletalReduction/Binaries/Win64/UnrealEditor.modules" 772
"../../../Engine/Plugins/Experimental/UVEditor/Binaries/Win64/UnrealEditor.modules" 773
"../../../Engine/Plugins/Messaging/TcpMessaging/Binaries/Win64/UnrealEditor.modules" 774
"../../../Engine/Plugins/Messaging/UdpMessaging/Binaries/Win64/UnrealEditor.modules" 775
"../../../Engine/Plugins/Online/OnlineBase/Binaries/Win64/UnrealEditor.modules" 776
"../../../Engine/Plugins/Online/OnlineSubsystem/Binaries/Win64/UnrealEditor.modules" 777
"../../../Engine/Plugins/Online/OnlineSubsystemNull/Binaries/Win64/UnrealEditor.modules" 778
"../../../Engine/Plugins/Online/OnlineSubsystemUtils/Binaries/Win64/UnrealEditor.modules" 779
"../../../Engine/Plugins/Online/OnlineServices/Binaries/Win64/UnrealEditor.modules" 780
"../../../Engine/Plugins/Runtime/ActorLayerUtilities/Binaries/Win64/UnrealEditor.modules" 781
"../../../Engine/Plugins/Runtime/AndroidDeviceProfileSelector/Binaries/Win64/UnrealEditor.modules" 782
"../../../Engine/Plugins/Runtime/AndroidFileServer/Binaries/Win64/UnrealEditor.modules" 783
"../../../Engine/Plugins/Runtime/AndroidPermission/Binaries/Win64/UnrealEditor.modules" 784
"../../../Engine/Plugins/Runtime/AppleImageUtils/Binaries/Win64/UnrealEditor.modules" 785
"../../../Engine/Plugins/Runtime/ArchVisCharacter/Binaries/Win64/UnrealEditor.modules" 786
"../../../Engine/Plugins/Runtime/AssetTags/Binaries/Win64/UnrealEditor.modules" 787
"../../../Engine/Plugins/Runtime/AudioCapture/Binaries/Win64/UnrealEditor.modules" 788
"../../../Engine/Plugins/Runtime/CableComponent/Binaries/Win64/UnrealEditor.modules" 789
"../../../Engine/Plugins/Runtime/ChunkDownloader/Binaries/Win64/UnrealEditor.modules" 790
"../../../Engine/Plugins/Runtime/CustomMeshComponent/Binaries/Win64/UnrealEditor.modules" 791
"../../../Engine/Plugins/Runtime/ExampleDeviceProfileSelector/Binaries/Win64/UnrealEditor.modules" 792
"../../../Engine/Plugins/Runtime/GeometryCache/Binaries/Win64/UnrealEditor.modules" 793
"../../../Engine/Plugins/Runtime/GooglePAD/Binaries/Win64/UnrealEditor.modules" 794
"../../../Engine/Plugins/Runtime/InputDebugging/Binaries/Win64/UnrealEditor.modules" 795
"../../../Engine/Plugins/Runtime/Metasound/Binaries/Win64/UnrealEditor.modules" 796
"../../../Engine/Plugins/Runtime/AudioWidgets/Binaries/Win64/UnrealEditor.modules" 797
"../../../Engine/Plugins/Runtime/AudioSynesthesia/Binaries/Win64/UnrealEditor.modules" 798
"../../../Engine/Plugins/Runtime/WaveTable/Binaries/Win64/UnrealEditor.modules" 799
"../../../Engine/Plugins/Runtime/MobilePatchingUtils/Binaries/Win64/UnrealEditor.modules" 800
"../../../Engine/Plugins/Runtime/LocationServicesBPLibrary/Binaries/Win64/UnrealEditor.modules" 801
"../../../Engine/Plugins/Editor/PluginBrowser/Binaries/Win64/UnrealEditor.modules" 802
"../../../Engine/Plugins/Runtime/ResonanceAudio/Binaries/Win64/UnrealEditor.modules" 803
"../../../Engine/Plugins/Runtime/SoundFields/Binaries/Win64/UnrealEditor.modules" 804
"../../../Engine/Plugins/Runtime/Synthesis/Binaries/Win64/UnrealEditor.modules" 805
"../../../Engine/Plugins/Runtime/WebMMoviePlayer/Binaries/Win64/UnrealEditor.modules" 806
"../../../Engine/Plugins/Media/WebMMedia/Binaries/Win64/UnrealEditor.modules" 807
"../../../Engine/Plugins/Runtime/WindowsMoviePlayer/Binaries/Win64/UnrealEditor.modules" 808
"../../../Engine/Plugins/Runtime/WindowsDeviceProfileSelector/Binaries/Win64/UnrealEditor.modules" 809
"../../../Engine/Plugins/Enterprise/DatasmithContent/Binaries/Win64/UnrealEditor.modules" 810
"../../../Engine/Plugins/Enterprise/GLTFExporter/Binaries/Win64/UnrealEditor.modules" 811
"../../../Engine/Plugins/Importers/AlembicImporter/Binaries/Win64/UnrealEditor.modules" 812
"../../../Engine/Plugins/Media/AndroidMedia/Binaries/Win64/UnrealEditor.modules" 813
"../../../Engine/Plugins/Media/AvfMedia/Binaries/Win64/UnrealEditor.modules" 814
"../../../Engine/Plugins/Media/ImgMedia/Binaries/Win64/UnrealEditor.modules" 815
"../../../Engine/Plugins/Media/MediaPlayerEditor/Binaries/Win64/UnrealEditor.modules" 816
"../../../Engine/Plugins/Media/MediaCompositing/Binaries/Win64/UnrealEditor.modules" 817
"../../../Engine/Plugins/Media/MediaPlate/Binaries/Win64/UnrealEditor.modules" 818
"../../../Engine/Plugins/Media/WmfMedia/Binaries/Win64/UnrealEditor.modules" 819
"../../../Engine/Plugins/Portal/LauncherChunkInstaller/Binaries/Win64/UnrealEditor.modules" 820
"../../../Engine/Plugins/Experimental/PlatformCrypto/Binaries/Win64/UnrealEditor.modules" 821
"../../../Engine/Plugins/Cameras/CameraShakePreviewer/Binaries/Win64/UnrealEditor.modules" 822
"../../../Engine/Plugins/Editor/ContentBrowser/ContentBrowserAssetDataSource/Binaries/Win64/UnrealEditor.modules" 823
"../../../Engine/Plugins/Editor/ContentBrowser/ContentBrowserClassDataSource/Binaries/Win64/UnrealEditor.modules" 824
"../../../Engine/Plugins/Editor/ObjectMixer/LightMixer/Binaries/Win64/UnrealEditor.modules" 825
"../../../Engine/Plugins/Editor/ObjectMixer/ObjectMixer/Binaries/Win64/UnrealEditor.modules" 826
"../../../Engine/Plugins/Marketplace/Developer/RiderLink/Binaries/Win64/UnrealEditor.modules" 827
"C:/Users/emanu/AppData/Local/UnrealEngine/5.2/Saved/Config/WindowsEditor/SourceControlSettings.ini" 828
"../../../Engine/Content/Certificates/ThirdParty/cacert.pem" 829
"../../../Engine/Config/ConsoleVariables.ini" 830
"../../../Engine/Binaries/Win64/Android/UnrealEditor.modules" 831
"../../../Engine/Binaries/Win64/IOS/UnrealEditor.modules" 832
"../../../Engine/Binaries/Win64/Linux/UnrealEditor.modules" 833
"../../../Engine/Binaries/Win64/LinuxArm64/UnrealEditor.modules" 834
"../../../Engine/Plugins/Online/OnlineSubsystem/Content/Localization/OnlineSubsystem/it/OnlineSubsystem.locres" 835
"../../../Engine/Plugins/Online/OnlineSubsystemUtils/Content/Localization/OnlineSubsystemUtils/it/OnlineSubsystemUtils.locres" 836
"../../../Engine/Plugins/Online/Android/OnlineSubsystemGooglePlay/Content/Localization/OnlineSubsystemGooglePlay/it/OnlineSubsystemGooglePlay.locres" 837
"../../../Engine/Plugins/Online/IOS/OnlineSubsystemIOS/Content/Localization/OnlineSubsystemIOS/it/OnlineSubsystemIOS.locres" 838
"../../../Engine/Content/Internationalization/icudt64l/numberingSystems.res" 839
"../../../Engine/Content/Internationalization/icudt64l/curr/supplementalData.res" 840
"../../../Engine/Content/Internationalization/icudt64l/curr/it.res" 841
"../../../Engine/Content/Internationalization/icudt64l/curr/pool.res" 842
"../../../Engine/Content/Internationalization/icudt64l/curr/root.res" 843
"../../../Engine/Content/Internationalization/icudt64l/lang/af.res" 844
"../../../Engine/Content/Internationalization/icudt64l/region/af.res" 845
"../../../Engine/Content/Internationalization/icudt64l/lang/agq.res" 846
"../../../Engine/Content/Internationalization/icudt64l/region/agq.res" 847
"../../../Engine/Content/Internationalization/icudt64l/lang/ak.res" 848
"../../../Engine/Content/Internationalization/icudt64l/region/ak.res" 849
"../../../Engine/Content/Internationalization/icudt64l/lang/am.res" 850
"../../../Engine/Content/Internationalization/icudt64l/region/am.res" 851
"../../../Engine/Content/Internationalization/icudt64l/lang/ar.res" 852
"../../../Engine/Content/Internationalization/icudt64l/region/ar.res" 853
"../../../Engine/Content/Internationalization/icudt64l/region/ar_AE.res" 854
"../../../Engine/Content/Internationalization/icudt64l/lang/ar_EG.res" 855
"../../../Engine/Content/Internationalization/icudt64l/lang/ar_LY.res" 856
"../../../Engine/Content/Internationalization/icudt64l/region/ar_LY.res" 857
"../../../Engine/Content/Internationalization/icudt64l/lang/ar_SA.res" 858
"../../../Engine/Content/Internationalization/icudt64l/region/ar_SA.res" 859
"../../../Engine/Content/Internationalization/icudt64l/lang/as.res" 860
"../../../Engine/Content/Internationalization/icudt64l/region/as.res" 861
"../../../Engine/Content/Internationalization/icudt64l/lang/asa.res" 862
"../../../Engine/Content/Internationalization/icudt64l/region/asa.res" 863
"../../../Engine/Content/Internationalization/icudt64l/lang/ast.res" 864
"../../../Engine/Content/Internationalization/icudt64l/region/ast.res" 865
"../../../Engine/Content/Internationalization/icudt64l/lang/az.res" 866
"../../../Engine/Content/Internationalization/icudt64l/lang/az_Cyrl.res" 867
"../../../Engine/Content/Internationalization/icudt64l/lang/az_AZ.res" 868
"../../../Engine/Content/Internationalization/icudt64l/lang/az_Latn_AZ.res" 869
"../../../Engine/Content/Internationalization/icudt64l/lang/az_Latn.res" 870
"../../../Engine/Content/Internationalization/icudt64l/region/az_AZ.res" 871
"../../../Engine/Content/Internationalization/icudt64l/region/az_Latn_AZ.res" 872
"../../../Engine/Content/Internationalization/icudt64l/region/az_Latn.res" 873
"../../../Engine/Content/Internationalization/icudt64l/region/az.res" 874
"../../../Engine/Content/Internationalization/icudt64l/region/az_Cyrl.res" 875
"../../../Engine/Content/Internationalization/icudt64l/lang/bas.res" 876
"../../../Engine/Content/Internationalization/icudt64l/region/bas.res" 877
"../../../Engine/Content/Internationalization/icudt64l/lang/be.res" 878
"../../../Engine/Content/Internationalization/icudt64l/region/be.res" 879
"../../../Engine/Content/Internationalization/icudt64l/lang/bem.res" 880
"../../../Engine/Content/Internationalization/icudt64l/region/bem.res" 881
"../../../Engine/Content/Internationalization/icudt64l/lang/bez.res" 882
"../../../Engine/Content/Internationalization/icudt64l/region/bez.res" 883
"../../../Engine/Content/Internationalization/icudt64l/lang/bg.res" 884
"../../../Engine/Content/Internationalization/icudt64l/region/bg.res" 885
"../../../Engine/Content/Internationalization/icudt64l/lang/bm.res" 886
"../../../Engine/Content/Internationalization/icudt64l/region/bm.res" 887
"../../../Engine/Content/Internationalization/icudt64l/lang/bn.res" 888
"../../../Engine/Content/Internationalization/icudt64l/region/bn.res" 889
"../../../Engine/Content/Internationalization/icudt64l/lang/bn_IN.res" 890
"../../../Engine/Content/Internationalization/icudt64l/region/bn_IN.res" 891
"../../../Engine/Content/Internationalization/icudt64l/lang/bo.res" 892
"../../../Engine/Content/Internationalization/icudt64l/region/bo.res" 893
"../../../Engine/Content/Internationalization/icudt64l/region/bo_IN.res" 894
"../../../Engine/Content/Internationalization/icudt64l/lang/br.res" 895
"../../../Engine/Content/Internationalization/icudt64l/region/br.res" 896
"../../../Engine/Content/Internationalization/icudt64l/lang/brx.res" 897
"../../../Engine/Content/Internationalization/icudt64l/region/brx.res" 898
"../../../Engine/Content/Internationalization/icudt64l/lang/bs.res" 899
"../../../Engine/Content/Internationalization/icudt64l/lang/bs_Cyrl.res" 900
"../../../Engine/Content/Internationalization/icudt64l/lang/bs_BA.res" 901
"../../../Engine/Content/Internationalization/icudt64l/lang/bs_Latn_BA.res" 902
"../../../Engine/Content/Internationalization/icudt64l/lang/bs_Latn.res" 903
"../../../Engine/Content/Internationalization/icudt64l/region/bs_BA.res" 904
"../../../Engine/Content/Internationalization/icudt64l/region/bs_Latn_BA.res" 905
"../../../Engine/Content/Internationalization/icudt64l/region/bs_Latn.res" 906
"../../../Engine/Content/Internationalization/icudt64l/region/bs.res" 907
"../../../Engine/Content/Internationalization/icudt64l/region/bs_Cyrl.res" 908
"../../../Engine/Content/Internationalization/icudt64l/lang/ca.res" 909
"../../../Engine/Content/Internationalization/icudt64l/region/ca.res" 910
"../../../Engine/Content/Internationalization/icudt64l/lang/ccp.res" 911
"../../../Engine/Content/Internationalization/icudt64l/region/ccp.res" 912
"../../../Engine/Content/Internationalization/icudt64l/lang/ce.res" 913
"../../../Engine/Content/Internationalization/icudt64l/region/ce.res" 914
"../../../Engine/Content/Internationalization/icudt64l/lang/ceb.res" 915
"../../../Engine/Content/Internationalization/icudt64l/region/ceb.res" 916
"../../../Engine/Content/Internationalization/icudt64l/lang/cgg.res" 917
"../../../Engine/Content/Internationalization/icudt64l/region/cgg.res" 918
"../../../Engine/Content/Internationalization/icudt64l/lang/chr.res" 919
"../../../Engine/Content/Internationalization/icudt64l/region/chr.res" 920
"../../../Engine/Content/Internationalization/icudt64l/lang/ckb.res" 921
"../../../Engine/Content/Internationalization/icudt64l/region/ckb.res" 922
"../../../Engine/Content/Internationalization/icudt64l/lang/cs.res" 923
"../../../Engine/Content/Internationalization/icudt64l/region/cs.res" 924
"../../../Engine/Content/Internationalization/icudt64l/lang/cy.res" 925
"../../../Engine/Content/Internationalization/icudt64l/region/cy.res" 926
"../../../Engine/Content/Internationalization/icudt64l/lang/da.res" 927
"../../../Engine/Content/Internationalization/icudt64l/region/da.res" 928
"../../../Engine/Content/Internationalization/icudt64l/lang/dav.res" 929
"../../../Engine/Content/Internationalization/icudt64l/region/dav.res" 930
"../../../Engine/Content/Internationalization/icudt64l/lang/de.res" 931
"../../../Engine/Content/Internationalization/icudt64l/lang/de_AT.res" 932
"../../../Engine/Content/Internationalization/icudt64l/region/de_AT.res" 933
"../../../Engine/Content/Internationalization/icudt64l/region/de.res" 934
"../../../Engine/Content/Internationalization/icudt64l/lang/de_CH.res" 935
"../../../Engine/Content/Internationalization/icudt64l/region/de_CH.res" 936
"../../../Engine/Content/Internationalization/icudt64l/lang/de_LU.res" 937
"../../../Engine/Content/Internationalization/icudt64l/lang/dje.res" 938
"../../../Engine/Content/Internationalization/icudt64l/region/dje.res" 939
"../../../Engine/Content/Internationalization/icudt64l/lang/dsb.res" 940
"../../../Engine/Content/Internationalization/icudt64l/region/dsb.res" 941
"../../../Engine/Content/Internationalization/icudt64l/lang/dua.res" 942
"../../../Engine/Content/Internationalization/icudt64l/region/dua.res" 943
"../../../Engine/Content/Internationalization/icudt64l/lang/dyo.res" 944
"../../../Engine/Content/Internationalization/icudt64l/region/dyo.res" 945
"../../../Engine/Content/Internationalization/icudt64l/lang/dz.res" 946
"../../../Engine/Content/Internationalization/icudt64l/region/dz.res" 947
"../../../Engine/Content/Internationalization/icudt64l/lang/ebu.res" 948
"../../../Engine/Content/Internationalization/icudt64l/region/ebu.res" 949
"../../../Engine/Content/Internationalization/icudt64l/lang/ee.res" 950
"../../../Engine/Content/Internationalization/icudt64l/region/ee.res" 951
"../../../Engine/Content/Internationalization/icudt64l/lang/el.res" 952
"../../../Engine/Content/Internationalization/icudt64l/region/el.res" 953
"../../../Engine/Content/Internationalization/icudt64l/lang/en_001.res" 954
"../../../Engine/Content/Internationalization/icudt64l/lang/en_150.res" 955
"../../../Engine/Content/Internationalization/icudt64l/region/en_150.res" 956
"../../../Engine/Content/Internationalization/icudt64l/lang/en_AG.res" 957
"../../../Engine/Content/Internationalization/icudt64l/region/en_AG.res" 958
"../../../Engine/Content/Internationalization/icudt64l/lang/en_AI.res" 959
"../../../Engine/Content/Internationalization/icudt64l/region/en_AI.res" 960
"../../../Engine/Content/Internationalization/icudt64l/lang/en_AT.res" 961
"../../../Engine/Content/Internationalization/icudt64l/region/en_AT.res" 962
"../../../Engine/Content/Internationalization/icudt64l/lang/en_AU.res" 963
"../../../Engine/Content/Internationalization/icudt64l/region/en_AU.res" 964
"../../../Engine/Content/Internationalization/icudt64l/lang/en_BB.res" 965
"../../../Engine/Content/Internationalization/icudt64l/region/en_BB.res" 966
"../../../Engine/Content/Internationalization/icudt64l/lang/en_BE.res" 967
"../../../Engine/Content/Internationalization/icudt64l/region/en_BE.res" 968
"../../../Engine/Content/Internationalization/icudt64l/lang/en_BM.res" 969
"../../../Engine/Content/Internationalization/icudt64l/region/en_BM.res" 970
"../../../Engine/Content/Internationalization/icudt64l/lang/en_BS.res" 971
"../../../Engine/Content/Internationalization/icudt64l/region/en_BS.res" 972
"../../../Engine/Content/Internationalization/icudt64l/lang/en_BW.res" 973
"../../../Engine/Content/Internationalization/icudt64l/region/en_BW.res" 974
"../../../Engine/Content/Internationalization/icudt64l/lang/en_BZ.res" 975
"../../../Engine/Content/Internationalization/icudt64l/region/en_BZ.res" 976
"../../../Engine/Content/Internationalization/icudt64l/lang/en_CA.res" 977
"../../../Engine/Content/Internationalization/icudt64l/region/en_CA.res" 978
"../../../Engine/Content/Internationalization/icudt64l/lang/en_CC.res" 979
"../../../Engine/Content/Internationalization/icudt64l/region/en_CC.res" 980
"../../../Engine/Content/Internationalization/icudt64l/lang/en_CH.res" 981
"../../../Engine/Content/Internationalization/icudt64l/region/en_CH.res" 982
"../../../Engine/Content/Internationalization/icudt64l/lang/en_CK.res" 983
"../../../Engine/Content/Internationalization/icudt64l/region/en_CK.res" 984
"../../../Engine/Content/Internationalization/icudt64l/lang/en_CM.res" 985
"../../../Engine/Content/Internationalization/icudt64l/region/en_CM.res" 986
"../../../Engine/Content/Internationalization/icudt64l/lang/en_CX.res" 987
"../../../Engine/Content/Internationalization/icudt64l/region/en_CX.res" 988
"../../../Engine/Content/Internationalization/icudt64l/lang/en_CY.res" 989
"../../../Engine/Content/Internationalization/icudt64l/region/en_CY.res" 990
"../../../Engine/Content/Internationalization/icudt64l/lang/en_DE.res" 991
"../../../Engine/Content/Internationalization/icudt64l/region/en_DE.res" 992
"../../../Engine/Content/Internationalization/icudt64l/lang/en_DG.res" 993
"../../../Engine/Content/Internationalization/icudt64l/region/en_DG.res" 994
"../../../Engine/Content/Internationalization/icudt64l/lang/en_DK.res" 995
"../../../Engine/Content/Internationalization/icudt64l/region/en_DK.res" 996
"../../../Engine/Content/Internationalization/icudt64l/lang/en_DM.res" 997
"../../../Engine/Content/Internationalization/icudt64l/region/en_DM.res" 998
"../../../Engine/Content/Internationalization/icudt64l/lang/en_ER.res" 999
"../../../Engine/Content/Internationalization/icudt64l/region/en_ER.res" 1000
"../../../Engine/Content/Internationalization/icudt64l/lang/en_FI.res" 1001
"../../../Engine/Content/Internationalization/icudt64l/region/en_FI.res" 1002
"../../../Engine/Content/Internationalization/icudt64l/lang/en_FJ.res" 1003
"../../../Engine/Content/Internationalization/icudt64l/region/en_FJ.res" 1004
"../../../Engine/Content/Internationalization/icudt64l/lang/en_FK.res" 1005
"../../../Engine/Content/Internationalization/icudt64l/region/en_FK.res" 1006
"../../../Engine/Content/Internationalization/icudt64l/lang/en_FM.res" 1007
"../../../Engine/Content/Internationalization/icudt64l/region/en_FM.res" 1008
"../../../Engine/Content/Internationalization/icudt64l/lang/en_GB.res" 1009
"../../../Engine/Content/Internationalization/icudt64l/region/en_GB.res" 1010
"../../../Engine/Content/Internationalization/icudt64l/lang/en_GD.res" 1011
"../../../Engine/Content/Internationalization/icudt64l/region/en_GD.res" 1012
"../../../Engine/Content/Internationalization/icudt64l/lang/en_GG.res" 1013
"../../../Engine/Content/Internationalization/icudt64l/region/en_GG.res" 1014
"../../../Engine/Content/Internationalization/icudt64l/lang/en_GH.res" 1015
"../../../Engine/Content/Internationalization/icudt64l/region/en_GH.res" 1016
"../../../Engine/Content/Internationalization/icudt64l/lang/en_GI.res" 1017
"../../../Engine/Content/Internationalization/icudt64l/region/en_GI.res" 1018
"../../../Engine/Content/Internationalization/icudt64l/lang/en_GM.res" 1019
"../../../Engine/Content/Internationalization/icudt64l/region/en_GM.res" 1020
"../../../Engine/Content/Internationalization/icudt64l/lang/en_GY.res" 1021
"../../../Engine/Content/Internationalization/icudt64l/region/en_GY.res" 1022
"../../../Engine/Content/Internationalization/icudt64l/lang/en_HK.res" 1023
"../../../Engine/Content/Internationalization/icudt64l/region/en_HK.res" 1024
"../../../Engine/Content/Internationalization/icudt64l/lang/en_IE.res" 1025
"../../../Engine/Content/Internationalization/icudt64l/region/en_IE.res" 1026
"../../../Engine/Content/Internationalization/icudt64l/lang/en_IL.res" 1027
"../../../Engine/Content/Internationalization/icudt64l/region/en_IL.res" 1028
"../../../Engine/Content/Internationalization/icudt64l/lang/en_IM.res" 1029
"../../../Engine/Content/Internationalization/icudt64l/region/en_IM.res" 1030
"../../../Engine/Content/Internationalization/icudt64l/lang/en_IN.res" 1031
"../../../Engine/Content/Internationalization/icudt64l/region/en_IN.res" 1032
"../../../Engine/Content/Internationalization/icudt64l/lang/en_IO.res" 1033
"../../../Engine/Content/Internationalization/icudt64l/region/en_IO.res" 1034
"../../../Engine/Content/Internationalization/icudt64l/lang/en_JE.res" 1035
"../../../Engine/Content/Internationalization/icudt64l/region/en_JE.res" 1036
"../../../Engine/Content/Internationalization/icudt64l/lang/en_JM.res" 1037
"../../../Engine/Content/Internationalization/icudt64l/region/en_JM.res" 1038
"../../../Engine/Content/Internationalization/icudt64l/lang/en_KE.res" 1039
"../../../Engine/Content/Internationalization/icudt64l/region/en_KE.res" 1040
"../../../Engine/Content/Internationalization/icudt64l/lang/en_KI.res" 1041
"../../../Engine/Content/Internationalization/icudt64l/region/en_KI.res" 1042
"../../../Engine/Content/Internationalization/icudt64l/lang/en_KN.res" 1043
"../../../Engine/Content/Internationalization/icudt64l/region/en_KN.res" 1044
"../../../Engine/Content/Internationalization/icudt64l/lang/en_KY.res" 1045
"../../../Engine/Content/Internationalization/icudt64l/region/en_KY.res" 1046
"../../../Engine/Content/Internationalization/icudt64l/lang/en_LC.res" 1047
"../../../Engine/Content/Internationalization/icudt64l/region/en_LC.res" 1048
"../../../Engine/Content/Internationalization/icudt64l/lang/en_LR.res" 1049
"../../../Engine/Content/Internationalization/icudt64l/region/en_LR.res" 1050
"../../../Engine/Content/Internationalization/icudt64l/lang/en_LS.res" 1051
"../../../Engine/Content/Internationalization/icudt64l/region/en_LS.res" 1052
"../../../Engine/Content/Internationalization/icudt64l/lang/en_MG.res" 1053
"../../../Engine/Content/Internationalization/icudt64l/region/en_MG.res" 1054
"../../../Engine/Content/Internationalization/icudt64l/lang/en_MO.res" 1055
"../../../Engine/Content/Internationalization/icudt64l/region/en_MO.res" 1056
"../../../Engine/Content/Internationalization/icudt64l/lang/en_MS.res" 1057
"../../../Engine/Content/Internationalization/icudt64l/region/en_MS.res" 1058
"../../../Engine/Content/Internationalization/icudt64l/lang/en_MT.res" 1059
"../../../Engine/Content/Internationalization/icudt64l/region/en_MT.res" 1060
"../../../Engine/Content/Internationalization/icudt64l/lang/en_MU.res" 1061
"../../../Engine/Content/Internationalization/icudt64l/region/en_MU.res" 1062
"../../../Engine/Content/Internationalization/icudt64l/lang/en_MW.res" 1063
"../../../Engine/Content/Internationalization/icudt64l/region/en_MW.res" 1064
"../../../Engine/Content/Internationalization/icudt64l/lang/en_MY.res" 1065
"../../../Engine/Content/Internationalization/icudt64l/region/en_MY.res" 1066
"../../../Engine/Content/Internationalization/icudt64l/lang/en_NA.res" 1067
"../../../Engine/Content/Internationalization/icudt64l/region/en_NA.res" 1068
"../../../Engine/Content/Internationalization/icudt64l/lang/en_NF.res" 1069
"../../../Engine/Content/Internationalization/icudt64l/region/en_NF.res" 1070
"../../../Engine/Content/Internationalization/icudt64l/lang/en_NG.res" 1071
"../../../Engine/Content/Internationalization/icudt64l/region/en_NG.res" 1072
"../../../Engine/Content/Internationalization/icudt64l/lang/en_NL.res" 1073
"../../../Engine/Content/Internationalization/icudt64l/region/en_NL.res" 1074
"../../../Engine/Content/Internationalization/icudt64l/lang/en_NR.res" 1075
"../../../Engine/Content/Internationalization/icudt64l/region/en_NR.res" 1076
"../../../Engine/Content/Internationalization/icudt64l/lang/en_NU.res" 1077
"../../../Engine/Content/Internationalization/icudt64l/region/en_NU.res" 1078
"../../../Engine/Content/Internationalization/icudt64l/lang/en_NZ.res" 1079
"../../../Engine/Content/Internationalization/icudt64l/region/en_NZ.res" 1080
"../../../Engine/Content/Internationalization/icudt64l/lang/en_PG.res" 1081
"../../../Engine/Content/Internationalization/icudt64l/region/en_PG.res" 1082
"../../../Engine/Content/Internationalization/icudt64l/lang/en_PH.res" 1083
"../../../Engine/Content/Internationalization/icudt64l/region/en_PH.res" 1084
"../../../Engine/Content/Internationalization/icudt64l/lang/en_PK.res" 1085
"../../../Engine/Content/Internationalization/icudt64l/region/en_PK.res" 1086
"../../../Engine/Content/Internationalization/icudt64l/lang/en_PN.res" 1087
"../../../Engine/Content/Internationalization/icudt64l/region/en_PN.res" 1088
"../../../Engine/Content/Internationalization/icudt64l/lang/en_PW.res" 1089
"../../../Engine/Content/Internationalization/icudt64l/region/en_PW.res" 1090
"../../../Engine/Content/Internationalization/icudt64l/lang/en_RW.res" 1091
"../../../Engine/Content/Internationalization/icudt64l/region/en_RW.res" 1092
"../../../Engine/Content/Internationalization/icudt64l/lang/en_SB.res" 1093
"../../../Engine/Content/Internationalization/icudt64l/region/en_SB.res" 1094
"../../../Engine/Content/Internationalization/icudt64l/lang/en_SC.res" 1095
"../../../Engine/Content/Internationalization/icudt64l/region/en_SC.res" 1096
"../../../Engine/Content/Internationalization/icudt64l/lang/en_SD.res" 1097
"../../../Engine/Content/Internationalization/icudt64l/region/en_SD.res" 1098
"../../../Engine/Content/Internationalization/icudt64l/lang/en_SE.res" 1099
"../../../Engine/Content/Internationalization/icudt64l/region/en_SE.res" 1100
"../../../Engine/Content/Internationalization/icudt64l/lang/en_SG.res" 1101
"../../../Engine/Content/Internationalization/icudt64l/region/en_SG.res" 1102
"../../../Engine/Content/Internationalization/icudt64l/lang/en_SH.res" 1103
"../../../Engine/Content/Internationalization/icudt64l/region/en_SH.res" 1104
"../../../Engine/Content/Internationalization/icudt64l/lang/en_SI.res" 1105
"../../../Engine/Content/Internationalization/icudt64l/region/en_SI.res" 1106
"../../../Engine/Content/Internationalization/icudt64l/lang/en_SL.res" 1107
"../../../Engine/Content/Internationalization/icudt64l/region/en_SL.res" 1108
"../../../Engine/Content/Internationalization/icudt64l/lang/en_SS.res" 1109
"../../../Engine/Content/Internationalization/icudt64l/region/en_SS.res" 1110
"../../../Engine/Content/Internationalization/icudt64l/lang/en_SX.res" 1111
"../../../Engine/Content/Internationalization/icudt64l/region/en_SX.res" 1112
"../../../Engine/Content/Internationalization/icudt64l/lang/en_SZ.res" 1113
"../../../Engine/Content/Internationalization/icudt64l/region/en_SZ.res" 1114
"../../../Engine/Content/Internationalization/icudt64l/lang/en_TC.res" 1115
"../../../Engine/Content/Internationalization/icudt64l/region/en_TC.res" 1116
"../../../Engine/Content/Internationalization/icudt64l/lang/en_TK.res" 1117
"../../../Engine/Content/Internationalization/icudt64l/region/en_TK.res" 1118
"../../../Engine/Content/Internationalization/icudt64l/lang/en_TO.res" 1119
"../../../Engine/Content/Internationalization/icudt64l/region/en_TO.res" 1120
"../../../Engine/Content/Internationalization/icudt64l/lang/en_TT.res" 1121
"../../../Engine/Content/Internationalization/icudt64l/region/en_TT.res" 1122
"../../../Engine/Content/Internationalization/icudt64l/lang/en_TV.res" 1123
"../../../Engine/Content/Internationalization/icudt64l/region/en_TV.res" 1124
"../../../Engine/Content/Internationalization/icudt64l/lang/en_TZ.res" 1125
"../../../Engine/Content/Internationalization/icudt64l/region/en_TZ.res" 1126
"../../../Engine/Content/Internationalization/icudt64l/lang/en_UG.res" 1127
"../../../Engine/Content/Internationalization/icudt64l/region/en_UG.res" 1128
"../../../Engine/Content/Internationalization/icudt64l/lang/en_VC.res" 1129
"../../../Engine/Content/Internationalization/icudt64l/region/en_VC.res" 1130
"../../../Engine/Content/Internationalization/icudt64l/lang/en_VG.res" 1131
"../../../Engine/Content/Internationalization/icudt64l/region/en_VG.res" 1132
"../../../Engine/Content/Internationalization/icudt64l/lang/en_VU.res" 1133
"../../../Engine/Content/Internationalization/icudt64l/region/en_VU.res" 1134
"../../../Engine/Content/Internationalization/icudt64l/lang/en_WS.res" 1135
"../../../Engine/Content/Internationalization/icudt64l/region/en_WS.res" 1136
"../../../Engine/Content/Internationalization/icudt64l/lang/en_ZA.res" 1137
"../../../Engine/Content/Internationalization/icudt64l/region/en_ZA.res" 1138
"../../../Engine/Content/Internationalization/icudt64l/lang/en_ZM.res" 1139
"../../../Engine/Content/Internationalization/icudt64l/region/en_ZM.res" 1140
"../../../Engine/Content/Internationalization/icudt64l/lang/en_ZW.res" 1141
"../../../Engine/Content/Internationalization/icudt64l/region/en_ZW.res" 1142
"../../../Engine/Content/Internationalization/icudt64l/lang/eo.res" 1143
"../../../Engine/Content/Internationalization/icudt64l/region/eo.res" 1144
"../../../Engine/Content/Internationalization/icudt64l/lang/es.res" 1145
"../../../Engine/Content/Internationalization/icudt64l/lang/es_419.res" 1146
"../../../Engine/Content/Internationalization/icudt64l/region/es_419.res" 1147
"../../../Engine/Content/Internationalization/icudt64l/region/es.res" 1148
"../../../Engine/Content/Internationalization/icudt64l/lang/es_AR.res" 1149
"../../../Engine/Content/Internationalization/icudt64l/region/es_AR.res" 1150
"../../../Engine/Content/Internationalization/icudt64l/lang/es_BO.res" 1151
"../../../Engine/Content/Internationalization/icudt64l/region/es_BO.res" 1152
"../../../Engine/Content/Internationalization/icudt64l/lang/es_BR.res" 1153
"../../../Engine/Content/Internationalization/icudt64l/region/es_BR.res" 1154
"../../../Engine/Content/Internationalization/icudt64l/lang/es_BZ.res" 1155
"../../../Engine/Content/Internationalization/icudt64l/region/es_BZ.res" 1156
"../../../Engine/Content/Internationalization/icudt64l/lang/es_CL.res" 1157
"../../../Engine/Content/Internationalization/icudt64l/region/es_CL.res" 1158
"../../../Engine/Content/Internationalization/icudt64l/lang/es_CO.res" 1159
"../../../Engine/Content/Internationalization/icudt64l/region/es_CO.res" 1160
"../../../Engine/Content/Internationalization/icudt64l/lang/es_CR.res" 1161
"../../../Engine/Content/Internationalization/icudt64l/region/es_CR.res" 1162
"../../../Engine/Content/Internationalization/icudt64l/lang/es_CU.res" 1163
"../../../Engine/Content/Internationalization/icudt64l/region/es_CU.res" 1164
"../../../Engine/Content/Internationalization/icudt64l/lang/es_DO.res" 1165
"../../../Engine/Content/Internationalization/icudt64l/region/es_DO.res" 1166
"../../../Engine/Content/Internationalization/icudt64l/lang/es_EC.res" 1167
"../../../Engine/Content/Internationalization/icudt64l/region/es_EC.res" 1168
"../../../Engine/Content/Internationalization/icudt64l/lang/es_GT.res" 1169
"../../../Engine/Content/Internationalization/icudt64l/region/es_GT.res" 1170
"../../../Engine/Content/Internationalization/icudt64l/lang/es_HN.res" 1171
"../../../Engine/Content/Internationalization/icudt64l/region/es_HN.res" 1172
"../../../Engine/Content/Internationalization/icudt64l/lang/es_MX.res" 1173
"../../../Engine/Content/Internationalization/icudt64l/region/es_MX.res" 1174
"../../../Engine/Content/Internationalization/icudt64l/lang/es_NI.res" 1175
"../../../Engine/Content/Internationalization/icudt64l/region/es_NI.res" 1176
"../../../Engine/Content/Internationalization/icudt64l/lang/es_PA.res" 1177
"../../../Engine/Content/Internationalization/icudt64l/region/es_PA.res" 1178
"../../../Engine/Content/Internationalization/icudt64l/lang/es_PE.res" 1179
"../../../Engine/Content/Internationalization/icudt64l/region/es_PE.res" 1180
"../../../Engine/Content/Internationalization/icudt64l/lang/es_PR.res" 1181
"../../../Engine/Content/Internationalization/icudt64l/region/es_PR.res" 1182
"../../../Engine/Content/Internationalization/icudt64l/lang/es_PY.res" 1183
"../../../Engine/Content/Internationalization/icudt64l/region/es_PY.res" 1184
"../../../Engine/Content/Internationalization/icudt64l/lang/es_SV.res" 1185
"../../../Engine/Content/Internationalization/icudt64l/region/es_SV.res" 1186
"../../../Engine/Content/Internationalization/icudt64l/lang/es_US.res" 1187
"../../../Engine/Content/Internationalization/icudt64l/region/es_US.res" 1188
"../../../Engine/Content/Internationalization/icudt64l/lang/es_UY.res" 1189
"../../../Engine/Content/Internationalization/icudt64l/region/es_UY.res" 1190
"../../../Engine/Content/Internationalization/icudt64l/lang/es_VE.res" 1191
"../../../Engine/Content/Internationalization/icudt64l/region/es_VE.res" 1192
"../../../Engine/Content/Internationalization/icudt64l/lang/et.res" 1193
"../../../Engine/Content/Internationalization/icudt64l/region/et.res" 1194
"../../../Engine/Content/Internationalization/icudt64l/lang/eu.res" 1195
"../../../Engine/Content/Internationalization/icudt64l/region/eu.res" 1196
"../../../Engine/Content/Internationalization/icudt64l/lang/ewo.res" 1197
"../../../Engine/Content/Internationalization/icudt64l/region/ewo.res" 1198
"../../../Engine/Content/Internationalization/icudt64l/lang/fa.res" 1199
"../../../Engine/Content/Internationalization/icudt64l/lang/fa_AF.res" 1200
"../../../Engine/Content/Internationalization/icudt64l/region/fa_AF.res" 1201
"../../../Engine/Content/Internationalization/icudt64l/region/fa.res" 1202
"../../../Engine/Content/Internationalization/icudt64l/lang/ff.res" 1203
"../../../Engine/Content/Internationalization/icudt64l/lang/ff_Latn.res" 1204
"../../../Engine/Content/Internationalization/icudt64l/region/ff.res" 1205
"../../../Engine/Content/Internationalization/icudt64l/region/ff_Latn.res" 1206
"../../../Engine/Content/Internationalization/icudt64l/lang/ff_CM.res" 1207
"../../../Engine/Content/Internationalization/icudt64l/lang/ff_Latn_CM.res" 1208
"../../../Engine/Content/Internationalization/icudt64l/region/ff_CM.res" 1209
"../../../Engine/Content/Internationalization/icudt64l/region/ff_Latn_CM.res" 1210
"../../../Engine/Content/Internationalization/icudt64l/lang/ff_GN.res" 1211
"../../../Engine/Content/Internationalization/icudt64l/lang/ff_Latn_GN.res" 1212
"../../../Engine/Content/Internationalization/icudt64l/region/ff_GN.res" 1213
"../../../Engine/Content/Internationalization/icudt64l/region/ff_Latn_GN.res" 1214
"../../../Engine/Content/Internationalization/icudt64l/lang/ff_MR.res" 1215
"../../../Engine/Content/Internationalization/icudt64l/lang/ff_Latn_MR.res" 1216
"../../../Engine/Content/Internationalization/icudt64l/region/ff_MR.res" 1217
"../../../Engine/Content/Internationalization/icudt64l/region/ff_Latn_MR.res" 1218
"../../../Engine/Content/Internationalization/icudt64l/lang/ff_SN.res" 1219
"../../../Engine/Content/Internationalization/icudt64l/lang/ff_Latn_SN.res" 1220
"../../../Engine/Content/Internationalization/icudt64l/region/ff_SN.res" 1221
"../../../Engine/Content/Internationalization/icudt64l/region/ff_Latn_SN.res" 1222
"../../../Engine/Content/Internationalization/icudt64l/lang/fi.res" 1223
"../../../Engine/Content/Internationalization/icudt64l/region/fi.res" 1224
"../../../Engine/Content/Internationalization/icudt64l/lang/fil.res" 1225
"../../../Engine/Content/Internationalization/icudt64l/lang/fil_PH.res" 1226
"../../../Engine/Content/Internationalization/icudt64l/region/fil_PH.res" 1227
"../../../Engine/Content/Internationalization/icudt64l/region/fil.res" 1228
"../../../Engine/Content/Internationalization/icudt64l/lang/fo.res" 1229
"../../../Engine/Content/Internationalization/icudt64l/region/fo.res" 1230
"../../../Engine/Content/Internationalization/icudt64l/lang/fr.res" 1231
"../../../Engine/Content/Internationalization/icudt64l/lang/fr_BE.res" 1232
"../../../Engine/Content/Internationalization/icudt64l/region/fr_BE.res" 1233
"../../../Engine/Content/Internationalization/icudt64l/region/fr.res" 1234
"../../../Engine/Content/Internationalization/icudt64l/lang/fr_CA.res" 1235
"../../../Engine/Content/Internationalization/icudt64l/region/fr_CA.res" 1236
"../../../Engine/Content/Internationalization/icudt64l/lang/fr_CH.res" 1237
"../../../Engine/Content/Internationalization/icudt64l/lang/fur.res" 1238
"../../../Engine/Content/Internationalization/icudt64l/region/fur.res" 1239
"../../../Engine/Content/Internationalization/icudt64l/lang/fy.res" 1240
"../../../Engine/Content/Internationalization/icudt64l/region/fy.res" 1241
"../../../Engine/Content/Internationalization/icudt64l/lang/ga.res" 1242
"../../../Engine/Content/Internationalization/icudt64l/region/ga.res" 1243
"../../../Engine/Content/Internationalization/icudt64l/lang/gd.res" 1244
"../../../Engine/Content/Internationalization/icudt64l/region/gd.res" 1245
"../../../Engine/Content/Internationalization/icudt64l/lang/gl.res" 1246
"../../../Engine/Content/Internationalization/icudt64l/region/gl.res" 1247
"../../../Engine/Content/Internationalization/icudt64l/lang/gsw.res" 1248
"../../../Engine/Content/Internationalization/icudt64l/region/gsw.res" 1249
"../../../Engine/Content/Internationalization/icudt64l/lang/gu.res" 1250
"../../../Engine/Content/Internationalization/icudt64l/region/gu.res" 1251
"../../../Engine/Content/Internationalization/icudt64l/lang/guz.res" 1252
"../../../Engine/Content/Internationalization/icudt64l/region/guz.res" 1253
"../../../Engine/Content/Internationalization/icudt64l/lang/gv.res" 1254
"../../../Engine/Content/Internationalization/icudt64l/region/gv.res" 1255
"../../../Engine/Content/Internationalization/icudt64l/lang/ha.res" 1256
"../../../Engine/Content/Internationalization/icudt64l/region/ha.res" 1257
"../../../Engine/Content/Internationalization/icudt64l/lang/ha_NE.res" 1258
"../../../Engine/Content/Internationalization/icudt64l/region/ha_NE.res" 1259
"../../../Engine/Content/Internationalization/icudt64l/lang/haw.res" 1260
"../../../Engine/Content/Internationalization/icudt64l/region/haw.res" 1261
"../../../Engine/Content/Internationalization/icudt64l/lang/he.res" 1262
"../../../Engine/Content/Internationalization/icudt64l/lang/he_IL.res" 1263
"../../../Engine/Content/Internationalization/icudt64l/region/he_IL.res" 1264
"../../../Engine/Content/Internationalization/icudt64l/region/he.res" 1265
"../../../Engine/Content/Internationalization/icudt64l/lang/hi.res" 1266
"../../../Engine/Content/Internationalization/icudt64l/region/hi.res" 1267
"../../../Engine/Content/Internationalization/icudt64l/lang/hr.res" 1268
"../../../Engine/Content/Internationalization/icudt64l/region/hr.res" 1269
"../../../Engine/Content/Internationalization/icudt64l/lang/hsb.res" 1270
"../../../Engine/Content/Internationalization/icudt64l/region/hsb.res" 1271
"../../../Engine/Content/Internationalization/icudt64l/lang/hu.res" 1272
"../../../Engine/Content/Internationalization/icudt64l/region/hu.res" 1273
"../../../Engine/Content/Internationalization/icudt64l/lang/hy.res" 1274
"../../../Engine/Content/Internationalization/icudt64l/region/hy.res" 1275
"../../../Engine/Content/Internationalization/icudt64l/lang/ia.res" 1276
"../../../Engine/Content/Internationalization/icudt64l/region/ia.res" 1277
"../../../Engine/Content/Internationalization/icudt64l/lang/id.res" 1278
"../../../Engine/Content/Internationalization/icudt64l/lang/id_ID.res" 1279
"../../../Engine/Content/Internationalization/icudt64l/region/id_ID.res" 1280
"../../../Engine/Content/Internationalization/icudt64l/region/id.res" 1281
"../../../Engine/Content/Internationalization/icudt64l/lang/ig.res" 1282
"../../../Engine/Content/Internationalization/icudt64l/region/ig.res" 1283
"../../../Engine/Content/Internationalization/icudt64l/lang/ii.res" 1284
"../../../Engine/Content/Internationalization/icudt64l/region/ii.res" 1285
"../../../Engine/Content/Internationalization/icudt64l/lang/is.res" 1286
"../../../Engine/Content/Internationalization/icudt64l/region/is.res" 1287
"../../../Engine/Content/Internationalization/icudt64l/lang/ja.res" 1288
"../../../Engine/Content/Internationalization/icudt64l/lang/ja_JP.res" 1289
"../../../Engine/Content/Internationalization/icudt64l/region/ja_JP.res" 1290
"../../../Engine/Content/Internationalization/icudt64l/region/ja.res" 1291
"../../../Engine/Content/Internationalization/icudt64l/lang/jgo.res" 1292
"../../../Engine/Content/Internationalization/icudt64l/region/jgo.res" 1293
"../../../Engine/Content/Internationalization/icudt64l/lang/jmc.res" 1294
"../../../Engine/Content/Internationalization/icudt64l/region/jmc.res" 1295
"../../../Engine/Content/Internationalization/icudt64l/lang/jv.res" 1296
"../../../Engine/Content/Internationalization/icudt64l/region/jv.res" 1297
"../../../Engine/Content/Internationalization/icudt64l/lang/ka.res" 1298
"../../../Engine/Content/Internationalization/icudt64l/region/ka.res" 1299
"../../../Engine/Content/Internationalization/icudt64l/lang/kab.res" 1300
"../../../Engine/Content/Internationalization/icudt64l/region/kab.res" 1301
"../../../Engine/Content/Internationalization/icudt64l/lang/kam.res" 1302
"../../../Engine/Content/Internationalization/icudt64l/region/kam.res" 1303
"../../../Engine/Content/Internationalization/icudt64l/lang/kde.res" 1304
"../../../Engine/Content/Internationalization/icudt64l/region/kde.res" 1305
"../../../Engine/Content/Internationalization/icudt64l/lang/kea.res" 1306
"../../../Engine/Content/Internationalization/icudt64l/region/kea.res" 1307
"../../../Engine/Content/Internationalization/icudt64l/lang/khq.res" 1308
"../../../Engine/Content/Internationalization/icudt64l/region/khq.res" 1309
"../../../Engine/Content/Internationalization/icudt64l/lang/ki.res" 1310
"../../../Engine/Content/Internationalization/icudt64l/region/ki.res" 1311
"../../../Engine/Content/Internationalization/icudt64l/lang/kk.res" 1312
"../../../Engine/Content/Internationalization/icudt64l/region/kk.res" 1313
"../../../Engine/Content/Internationalization/icudt64l/lang/kkj.res" 1314
"../../../Engine/Content/Internationalization/icudt64l/region/kkj.res" 1315
"../../../Engine/Content/Internationalization/icudt64l/lang/kl.res" 1316
"../../../Engine/Content/Internationalization/icudt64l/region/kl.res" 1317
"../../../Engine/Content/Internationalization/icudt64l/lang/kln.res" 1318
"../../../Engine/Content/Internationalization/icudt64l/region/kln.res" 1319
"../../../Engine/Content/Internationalization/icudt64l/lang/km.res" 1320
"../../../Engine/Content/Internationalization/icudt64l/region/km.res" 1321
"../../../Engine/Content/Internationalization/icudt64l/lang/kn.res" 1322
"../../../Engine/Content/Internationalization/icudt64l/region/kn.res" 1323
"../../../Engine/Content/Internationalization/icudt64l/lang/ko.res" 1324
"../../../Engine/Content/Internationalization/icudt64l/region/ko_KP.res" 1325
"../../../Engine/Content/Internationalization/icudt64l/region/ko.res" 1326
"../../../Engine/Content/Internationalization/icudt64l/lang/kok.res" 1327
"../../../Engine/Content/Internationalization/icudt64l/region/kok.res" 1328
"../../../Engine/Content/Internationalization/icudt64l/lang/ks.res" 1329
"../../../Engine/Content/Internationalization/icudt64l/region/ks.res" 1330
"../../../Engine/Content/Internationalization/icudt64l/lang/ksb.res" 1331
"../../../Engine/Content/Internationalization/icudt64l/region/ksb.res" 1332
"../../../Engine/Content/Internationalization/icudt64l/lang/ksf.res" 1333
"../../../Engine/Content/Internationalization/icudt64l/region/ksf.res" 1334
"../../../Engine/Content/Internationalization/icudt64l/lang/ksh.res" 1335
"../../../Engine/Content/Internationalization/icudt64l/region/ksh.res" 1336
"../../../Engine/Content/Internationalization/icudt64l/lang/ku.res" 1337
"../../../Engine/Content/Internationalization/icudt64l/region/ku.res" 1338
"../../../Engine/Content/Internationalization/icudt64l/lang/kw.res" 1339
"../../../Engine/Content/Internationalization/icudt64l/region/kw.res" 1340
"../../../Engine/Content/Internationalization/icudt64l/lang/ky.res" 1341
"../../../Engine/Content/Internationalization/icudt64l/region/ky.res" 1342
"../../../Engine/Content/Internationalization/icudt64l/lang/lag.res" 1343
"../../../Engine/Content/Internationalization/icudt64l/region/lag.res" 1344
"../../../Engine/Content/Internationalization/icudt64l/lang/lb.res" 1345
"../../../Engine/Content/Internationalization/icudt64l/region/lb.res" 1346
"../../../Engine/Content/Internationalization/icudt64l/lang/lg.res" 1347
"../../../Engine/Content/Internationalization/icudt64l/region/lg.res" 1348
"../../../Engine/Content/Internationalization/icudt64l/lang/lkt.res" 1349
"../../../Engine/Content/Internationalization/icudt64l/region/lkt.res" 1350
"../../../Engine/Content/Internationalization/icudt64l/lang/ln.res" 1351
"../../../Engine/Content/Internationalization/icudt64l/region/ln.res" 1352
"../../../Engine/Content/Internationalization/icudt64l/lang/lo.res" 1353
"../../../Engine/Content/Internationalization/icudt64l/region/lo.res" 1354
"../../../Engine/Content/Internationalization/icudt64l/lang/lrc.res" 1355
"../../../Engine/Content/Internationalization/icudt64l/region/lrc.res" 1356
"../../../Engine/Content/Internationalization/icudt64l/lang/lt.res" 1357
"../../../Engine/Content/Internationalization/icudt64l/region/lt.res" 1358
"../../../Engine/Content/Internationalization/icudt64l/lang/lu.res" 1359
"../../../Engine/Content/Internationalization/icudt64l/region/lu.res" 1360
"../../../Engine/Content/Internationalization/icudt64l/lang/luo.res" 1361
"../../../Engine/Content/Internationalization/icudt64l/region/luo.res" 1362
"../../../Engine/Content/Internationalization/icudt64l/lang/luy.res" 1363
"../../../Engine/Content/Internationalization/icudt64l/region/luy.res" 1364
"../../../Engine/Content/Internationalization/icudt64l/lang/lv.res" 1365
"../../../Engine/Content/Internationalization/icudt64l/region/lv.res" 1366
"../../../Engine/Content/Internationalization/icudt64l/lang/mas.res" 1367
"../../../Engine/Content/Internationalization/icudt64l/region/mas.res" 1368
"../../../Engine/Content/Internationalization/icudt64l/lang/mer.res" 1369
"../../../Engine/Content/Internationalization/icudt64l/region/mer.res" 1370
"../../../Engine/Content/Internationalization/icudt64l/lang/mfe.res" 1371
"../../../Engine/Content/Internationalization/icudt64l/region/mfe.res" 1372
"../../../Engine/Content/Internationalization/icudt64l/lang/mg.res" 1373
"../../../Engine/Content/Internationalization/icudt64l/region/mg.res" 1374
"../../../Engine/Content/Internationalization/icudt64l/lang/mgh.res" 1375
"../../../Engine/Content/Internationalization/icudt64l/region/mgh.res" 1376
"../../../Engine/Content/Internationalization/icudt64l/lang/mgo.res" 1377
"../../../Engine/Content/Internationalization/icudt64l/region/mgo.res" 1378
"../../../Engine/Content/Internationalization/icudt64l/lang/mi.res" 1379
"../../../Engine/Content/Internationalization/icudt64l/region/mi.res" 1380
"../../../Engine/Content/Internationalization/icudt64l/lang/mk.res" 1381
"../../../Engine/Content/Internationalization/icudt64l/region/mk.res" 1382
"../../../Engine/Content/Internationalization/icudt64l/lang/ml.res" 1383
"../../../Engine/Content/Internationalization/icudt64l/region/ml.res" 1384
"../../../Engine/Content/Internationalization/icudt64l/lang/mn.res" 1385
"../../../Engine/Content/Internationalization/icudt64l/region/mn.res" 1386
"../../../Engine/Content/Internationalization/icudt64l/lang/mr.res" 1387
"../../../Engine/Content/Internationalization/icudt64l/region/mr.res" 1388
"../../../Engine/Content/Internationalization/icudt64l/lang/ms.res" 1389
"../../../Engine/Content/Internationalization/icudt64l/region/ms.res" 1390
"../../../Engine/Content/Internationalization/icudt64l/lang/mt.res" 1391
"../../../Engine/Content/Internationalization/icudt64l/region/mt.res" 1392
"../../../Engine/Content/Internationalization/icudt64l/lang/mua.res" 1393
"../../../Engine/Content/Internationalization/icudt64l/region/mua.res" 1394
"../../../Engine/Content/Internationalization/icudt64l/lang/my.res" 1395
"../../../Engine/Content/Internationalization/icudt64l/region/my.res" 1396
"../../../Engine/Content/Internationalization/icudt64l/lang/mzn.res" 1397
"../../../Engine/Content/Internationalization/icudt64l/region/mzn.res" 1398
"../../../Engine/Content/Internationalization/icudt64l/lang/naq.res" 1399
"../../../Engine/Content/Internationalization/icudt64l/region/naq.res" 1400
"../../../Engine/Content/Internationalization/icudt64l/lang/nb.res" 1401
"../../../Engine/Content/Internationalization/icudt64l/lang/nb_NO.res" 1402
"../../../Engine/Content/Internationalization/icudt64l/region/nb_NO.res" 1403
"../../../Engine/Content/Internationalization/icudt64l/region/nb.res" 1404
"../../../Engine/Content/Internationalization/icudt64l/lang/nd.res" 1405
"../../../Engine/Content/Internationalization/icudt64l/region/nd.res" 1406
"../../../Engine/Content/Internationalization/icudt64l/lang/nds.res" 1407
"../../../Engine/Content/Internationalization/icudt64l/region/nds.res" 1408
"../../../Engine/Content/Internationalization/icudt64l/lang/ne.res" 1409
"../../../Engine/Content/Internationalization/icudt64l/region/ne.res" 1410
"../../../Engine/Content/Internationalization/icudt64l/lang/nl.res" 1411
"../../../Engine/Content/Internationalization/icudt64l/region/nl.res" 1412
"../../../Engine/Content/Internationalization/icudt64l/lang/nmg.res" 1413
"../../../Engine/Content/Internationalization/icudt64l/region/nmg.res" 1414
"../../../Engine/Content/Internationalization/icudt64l/lang/nn.res" 1415
"../../../Engine/Content/Internationalization/icudt64l/lang/nn_NO.res" 1416
"../../../Engine/Content/Internationalization/icudt64l/region/nn_NO.res" 1417
"../../../Engine/Content/Internationalization/icudt64l/region/nn.res" 1418
"../../../Engine/Content/Internationalization/icudt64l/lang/nnh.res" 1419
"../../../Engine/Content/Internationalization/icudt64l/region/nnh.res" 1420
"../../../Engine/Content/Internationalization/icudt64l/lang/nus.res" 1421
"../../../Engine/Content/Internationalization/icudt64l/region/nus.res" 1422
"../../../Engine/Content/Internationalization/icudt64l/lang/nyn.res" 1423
"../../../Engine/Content/Internationalization/icudt64l/region/nyn.res" 1424
"../../../Engine/Content/Internationalization/icudt64l/lang/om.res" 1425
"../../../Engine/Content/Internationalization/icudt64l/region/om.res" 1426
"../../../Engine/Content/Internationalization/icudt64l/lang/or.res" 1427
"../../../Engine/Content/Internationalization/icudt64l/region/or.res" 1428
"../../../Engine/Content/Internationalization/icudt64l/lang/os.res" 1429
"../../../Engine/Content/Internationalization/icudt64l/region/os.res" 1430
"../../../Engine/Content/Internationalization/icudt64l/lang/pa.res" 1431
"../../../Engine/Content/Internationalization/icudt64l/lang/pa_Arab.res" 1432
"../../../Engine/Content/Internationalization/icudt64l/lang/pa_PK.res" 1433
"../../../Engine/Content/Internationalization/icudt64l/lang/pa_Arab_PK.res" 1434
"../../../Engine/Content/Internationalization/icudt64l/region/pa_PK.res" 1435
"../../../Engine/Content/Internationalization/icudt64l/region/pa_Arab_PK.res" 1436
"../../../Engine/Content/Internationalization/icudt64l/region/pa_Arab.res" 1437
"../../../Engine/Content/Internationalization/icudt64l/lang/pa_Guru.res" 1438
"../../../Engine/Content/Internationalization/icudt64l/lang/pa_IN.res" 1439
"../../../Engine/Content/Internationalization/icudt64l/lang/pa_Guru_IN.res" 1440
"../../../Engine/Content/Internationalization/icudt64l/region/pa_IN.res" 1441
"../../../Engine/Content/Internationalization/icudt64l/region/pa_Guru_IN.res" 1442
"../../../Engine/Content/Internationalization/icudt64l/region/pa_Guru.res" 1443
"../../../Engine/Content/Internationalization/icudt64l/region/pa.res" 1444
"../../../Engine/Content/Internationalization/icudt64l/lang/pl.res" 1445
"../../../Engine/Content/Internationalization/icudt64l/region/pl.res" 1446
"../../../Engine/Content/Internationalization/icudt64l/lang/ps.res" 1447
"../../../Engine/Content/Internationalization/icudt64l/region/ps.res" 1448
"../../../Engine/Content/Internationalization/icudt64l/lang/ps_PK.res" 1449
"../../../Engine/Content/Internationalization/icudt64l/region/ps_PK.res" 1450
"../../../Engine/Content/Internationalization/icudt64l/lang/pt.res" 1451
"../../../Engine/Content/Internationalization/icudt64l/lang/pt_AO.res" 1452
"../../../Engine/Content/Internationalization/icudt64l/lang/pt_PT.res" 1453
"../../../Engine/Content/Internationalization/icudt64l/region/pt_AO.res" 1454
"../../../Engine/Content/Internationalization/icudt64l/region/pt_PT.res" 1455
"../../../Engine/Content/Internationalization/icudt64l/region/pt.res" 1456
"../../../Engine/Content/Internationalization/icudt64l/lang/pt_CH.res" 1457
"../../../Engine/Content/Internationalization/icudt64l/region/pt_CH.res" 1458
"../../../Engine/Content/Internationalization/icudt64l/lang/pt_CV.res" 1459
"../../../Engine/Content/Internationalization/icudt64l/region/pt_CV.res" 1460
"../../../Engine/Content/Internationalization/icudt64l/lang/pt_GQ.res" 1461
"../../../Engine/Content/Internationalization/icudt64l/region/pt_GQ.res" 1462
"../../../Engine/Content/Internationalization/icudt64l/lang/pt_GW.res" 1463
"../../../Engine/Content/Internationalization/icudt64l/region/pt_GW.res" 1464
"../../../Engine/Content/Internationalization/icudt64l/lang/pt_LU.res" 1465
"../../../Engine/Content/Internationalization/icudt64l/region/pt_LU.res" 1466
"../../../Engine/Content/Internationalization/icudt64l/lang/pt_MO.res" 1467
"../../../Engine/Content/Internationalization/icudt64l/region/pt_MO.res" 1468
"../../../Engine/Content/Internationalization/icudt64l/lang/pt_MZ.res" 1469
"../../../Engine/Content/Internationalization/icudt64l/region/pt_MZ.res" 1470
"../../../Engine/Content/Internationalization/icudt64l/lang/pt_ST.res" 1471
"../../../Engine/Content/Internationalization/icudt64l/region/pt_ST.res" 1472
"../../../Engine/Content/Internationalization/icudt64l/lang/pt_TL.res" 1473
"../../../Engine/Content/Internationalization/icudt64l/region/pt_TL.res" 1474
"../../../Engine/Content/Internationalization/icudt64l/lang/qu.res" 1475
"../../../Engine/Content/Internationalization/icudt64l/region/qu.res" 1476
"../../../Engine/Content/Internationalization/icudt64l/lang/rm.res" 1477
"../../../Engine/Content/Internationalization/icudt64l/region/rm.res" 1478
"../../../Engine/Content/Internationalization/icudt64l/lang/rn.res" 1479
"../../../Engine/Content/Internationalization/icudt64l/region/rn.res" 1480
"../../../Engine/Content/Internationalization/icudt64l/lang/ro.res" 1481
"../../../Engine/Content/Internationalization/icudt64l/lang/ro_MD.res" 1482
"../../../Engine/Content/Internationalization/icudt64l/region/ro_MD.res" 1483
"../../../Engine/Content/Internationalization/icudt64l/region/ro.res" 1484
"../../../Engine/Content/Internationalization/icudt64l/lang/rof.res" 1485
"../../../Engine/Content/Internationalization/icudt64l/region/rof.res" 1486
"../../../Engine/Content/Internationalization/icudt64l/lang/ru.res" 1487
"../../../Engine/Content/Internationalization/icudt64l/region/ru.res" 1488
"../../../Engine/Content/Internationalization/icudt64l/region/ru_UA.res" 1489
"../../../Engine/Content/Internationalization/icudt64l/lang/rw.res" 1490
"../../../Engine/Content/Internationalization/icudt64l/region/rw.res" 1491
"../../../Engine/Content/Internationalization/icudt64l/lang/rwk.res" 1492
"../../../Engine/Content/Internationalization/icudt64l/region/rwk.res" 1493
"../../../Engine/Content/Internationalization/icudt64l/lang/sah.res" 1494
"../../../Engine/Content/Internationalization/icudt64l/region/sah.res" 1495
"../../../Engine/Content/Internationalization/icudt64l/lang/saq.res" 1496
"../../../Engine/Content/Internationalization/icudt64l/region/saq.res" 1497
"../../../Engine/Content/Internationalization/icudt64l/lang/sbp.res" 1498
"../../../Engine/Content/Internationalization/icudt64l/region/sbp.res" 1499
"../../../Engine/Content/Internationalization/icudt64l/lang/sd.res" 1500
"../../../Engine/Content/Internationalization/icudt64l/region/sd.res" 1501
"../../../Engine/Content/Internationalization/icudt64l/lang/se.res" 1502
"../../../Engine/Content/Internationalization/icudt64l/lang/se_FI.res" 1503
"../../../Engine/Content/Internationalization/icudt64l/region/se_FI.res" 1504
"../../../Engine/Content/Internationalization/icudt64l/region/se.res" 1505
"../../../Engine/Content/Internationalization/icudt64l/lang/seh.res" 1506
"../../../Engine/Content/Internationalization/icudt64l/region/seh.res" 1507
"../../../Engine/Content/Internationalization/icudt64l/lang/ses.res" 1508
"../../../Engine/Content/Internationalization/icudt64l/region/ses.res" 1509
"../../../Engine/Content/Internationalization/icudt64l/lang/sg.res" 1510
"../../../Engine/Content/Internationalization/icudt64l/region/sg.res" 1511
"../../../Engine/Content/Internationalization/icudt64l/lang/shi.res" 1512
"../../../Engine/Content/Internationalization/icudt64l/lang/shi_Latn.res" 1513
"../../../Engine/Content/Internationalization/icudt64l/lang/shi_MA.res" 1514
"../../../Engine/Content/Internationalization/icudt64l/lang/shi_Tfng_MA.res" 1515
"../../../Engine/Content/Internationalization/icudt64l/lang/shi_Tfng.res" 1516
"../../../Engine/Content/Internationalization/icudt64l/region/shi_MA.res" 1517
"../../../Engine/Content/Internationalization/icudt64l/region/shi_Tfng_MA.res" 1518
"../../../Engine/Content/Internationalization/icudt64l/region/shi_Tfng.res" 1519
"../../../Engine/Content/Internationalization/icudt64l/region/shi.res" 1520
"../../../Engine/Content/Internationalization/icudt64l/region/shi_Latn.res" 1521
"../../../Engine/Content/Internationalization/icudt64l/lang/si.res" 1522
"../../../Engine/Content/Internationalization/icudt64l/region/si.res" 1523
"../../../Engine/Content/Internationalization/icudt64l/lang/sk.res" 1524
"../../../Engine/Content/Internationalization/icudt64l/region/sk.res" 1525
"../../../Engine/Content/Internationalization/icudt64l/lang/sl.res" 1526
"../../../Engine/Content/Internationalization/icudt64l/region/sl.res" 1527
"../../../Engine/Content/Internationalization/icudt64l/lang/smn.res" 1528
"../../../Engine/Content/Internationalization/icudt64l/region/smn.res" 1529
"../../../Engine/Content/Internationalization/icudt64l/lang/sn.res" 1530
"../../../Engine/Content/Internationalization/icudt64l/region/sn.res" 1531
"../../../Engine/Content/Internationalization/icudt64l/lang/so.res" 1532
"../../../Engine/Content/Internationalization/icudt64l/region/so.res" 1533
"../../../Engine/Content/Internationalization/icudt64l/lang/sq.res" 1534
"../../../Engine/Content/Internationalization/icudt64l/region/sq.res" 1535
"../../../Engine/Content/Internationalization/icudt64l/lang/sr.res" 1536
"../../../Engine/Content/Internationalization/icudt64l/lang/sr_Cyrl.res" 1537
"../../../Engine/Content/Internationalization/icudt64l/lang/sr_BA.res" 1538
"../../../Engine/Content/Internationalization/icudt64l/lang/sr_Cyrl_BA.res" 1539
"../../../Engine/Content/Internationalization/icudt64l/region/sr_BA.res" 1540
"../../../Engine/Content/Internationalization/icudt64l/region/sr_Cyrl_BA.res" 1541
"../../../Engine/Content/Internationalization/icudt64l/region/sr_Cyrl.res" 1542
"../../../Engine/Content/Internationalization/icudt64l/region/sr.res" 1543
"../../../Engine/Content/Internationalization/icudt64l/lang/sr_ME.res" 1544
"../../../Engine/Content/Internationalization/icudt64l/lang/sr_Latn_ME.res" 1545
"../../../Engine/Content/Internationalization/icudt64l/lang/sr_Latn.res" 1546
"../../../Engine/Content/Internationalization/icudt64l/region/sr_ME.res" 1547
"../../../Engine/Content/Internationalization/icudt64l/region/sr_Latn_ME.res" 1548
"../../../Engine/Content/Internationalization/icudt64l/region/sr_Latn.res" 1549
"../../../Engine/Content/Internationalization/icudt64l/lang/sr_Cyrl_ME.res" 1550
"../../../Engine/Content/Internationalization/icudt64l/region/sr_Cyrl_ME.res" 1551
"../../../Engine/Content/Internationalization/icudt64l/lang/sr_RS.res" 1552
"../../../Engine/Content/Internationalization/icudt64l/lang/sr_Cyrl_RS.res" 1553
"../../../Engine/Content/Internationalization/icudt64l/region/sr_RS.res" 1554
"../../../Engine/Content/Internationalization/icudt64l/region/sr_Cyrl_RS.res" 1555
"../../../Engine/Content/Internationalization/icudt64l/lang/sr_XK.res" 1556
"../../../Engine/Content/Internationalization/icudt64l/lang/sr_Cyrl_XK.res" 1557
"../../../Engine/Content/Internationalization/icudt64l/region/sr_XK.res" 1558
"../../../Engine/Content/Internationalization/icudt64l/region/sr_Cyrl_XK.res" 1559
"../../../Engine/Content/Internationalization/icudt64l/lang/sr_Latn_BA.res" 1560
"../../../Engine/Content/Internationalization/icudt64l/region/sr_Latn_BA.res" 1561
"../../../Engine/Content/Internationalization/icudt64l/lang/sr_Latn_RS.res" 1562
"../../../Engine/Content/Internationalization/icudt64l/region/sr_Latn_RS.res" 1563
"../../../Engine/Content/Internationalization/icudt64l/lang/sr_Latn_XK.res" 1564
"../../../Engine/Content/Internationalization/icudt64l/region/sr_Latn_XK.res" 1565
"../../../Engine/Content/Internationalization/icudt64l/lang/sv.res" 1566
"../../../Engine/Content/Internationalization/icudt64l/region/sv.res" 1567
"../../../Engine/Content/Internationalization/icudt64l/lang/sv_FI.res" 1568
"../../../Engine/Content/Internationalization/icudt64l/lang/sw.res" 1569
"../../../Engine/Content/Internationalization/icudt64l/lang/sw_CD.res" 1570
"../../../Engine/Content/Internationalization/icudt64l/region/sw_CD.res" 1571
"../../../Engine/Content/Internationalization/icudt64l/region/sw.res" 1572
"../../../Engine/Content/Internationalization/icudt64l/lang/sw_KE.res" 1573
"../../../Engine/Content/Internationalization/icudt64l/region/sw_KE.res" 1574
"../../../Engine/Content/Internationalization/icudt64l/lang/ta.res" 1575
"../../../Engine/Content/Internationalization/icudt64l/region/ta.res" 1576
"../../../Engine/Content/Internationalization/icudt64l/lang/te.res" 1577
"../../../Engine/Content/Internationalization/icudt64l/region/te.res" 1578
"../../../Engine/Content/Internationalization/icudt64l/lang/teo.res" 1579
"../../../Engine/Content/Internationalization/icudt64l/region/teo.res" 1580
"../../../Engine/Content/Internationalization/icudt64l/lang/tg.res" 1581
"../../../Engine/Content/Internationalization/icudt64l/region/tg.res" 1582
"../../../Engine/Content/Internationalization/icudt64l/lang/th.res" 1583
"../../../Engine/Content/Internationalization/icudt64l/lang/th_TH.res" 1584
"../../../Engine/Content/Internationalization/icudt64l/region/th_TH.res" 1585
"../../../Engine/Content/Internationalization/icudt64l/region/th.res" 1586
"../../../Engine/Content/Internationalization/icudt64l/lang/ti.res" 1587
"../../../Engine/Content/Internationalization/icudt64l/region/ti.res" 1588
"../../../Engine/Content/Internationalization/icudt64l/lang/tk.res" 1589
"../../../Engine/Content/Internationalization/icudt64l/region/tk.res" 1590
"../../../Engine/Content/Internationalization/icudt64l/lang/to.res" 1591
"../../../Engine/Content/Internationalization/icudt64l/region/to.res" 1592
"../../../Engine/Content/Internationalization/icudt64l/lang/tr.res" 1593
"../../../Engine/Content/Internationalization/icudt64l/region/tr.res" 1594
"../../../Engine/Content/Internationalization/icudt64l/lang/tt.res" 1595
"../../../Engine/Content/Internationalization/icudt64l/region/tt.res" 1596
"../../../Engine/Content/Internationalization/icudt64l/lang/twq.res" 1597
"../../../Engine/Content/Internationalization/icudt64l/region/twq.res" 1598
"../../../Engine/Content/Internationalization/icudt64l/lang/tzm.res" 1599
"../../../Engine/Content/Internationalization/icudt64l/region/tzm.res" 1600
"../../../Engine/Content/Internationalization/icudt64l/lang/ug.res" 1601
"../../../Engine/Content/Internationalization/icudt64l/region/ug.res" 1602
"../../../Engine/Content/Internationalization/icudt64l/lang/uk.res" 1603
"../../../Engine/Content/Internationalization/icudt64l/region/uk.res" 1604
"../../../Engine/Content/Internationalization/icudt64l/lang/ur.res" 1605
"../../../Engine/Content/Internationalization/icudt64l/lang/ur_IN.res" 1606
"../../../Engine/Content/Internationalization/icudt64l/region/ur_IN.res" 1607
"../../../Engine/Content/Internationalization/icudt64l/region/ur.res" 1608
"../../../Engine/Content/Internationalization/icudt64l/lang/uz.res" 1609
"../../../Engine/Content/Internationalization/icudt64l/lang/uz_Arab.res" 1610
"../../../Engine/Content/Internationalization/icudt64l/lang/uz_AF.res" 1611
"../../../Engine/Content/Internationalization/icudt64l/lang/uz_Arab_AF.res" 1612
"../../../Engine/Content/Internationalization/icudt64l/region/uz_AF.res" 1613
"../../../Engine/Content/Internationalization/icudt64l/region/uz_Arab_AF.res" 1614
"../../../Engine/Content/Internationalization/icudt64l/region/uz_Arab.res" 1615
"../../../Engine/Content/Internationalization/icudt64l/lang/uz_Cyrl.res" 1616
"../../../Engine/Content/Internationalization/icudt64l/lang/uz_UZ.res" 1617
"../../../Engine/Content/Internationalization/icudt64l/lang/uz_Latn_UZ.res" 1618
"../../../Engine/Content/Internationalization/icudt64l/lang/uz_Latn.res" 1619
"../../../Engine/Content/Internationalization/icudt64l/region/uz_UZ.res" 1620
"../../../Engine/Content/Internationalization/icudt64l/region/uz_Latn_UZ.res" 1621
"../../../Engine/Content/Internationalization/icudt64l/region/uz_Latn.res" 1622
"../../../Engine/Content/Internationalization/icudt64l/region/uz.res" 1623
"../../../Engine/Content/Internationalization/icudt64l/region/uz_Cyrl.res" 1624
"../../../Engine/Content/Internationalization/icudt64l/lang/vai.res" 1625
"../../../Engine/Content/Internationalization/icudt64l/lang/vai_Latn.res" 1626
"../../../Engine/Content/Internationalization/icudt64l/lang/vai_LR.res" 1627
"../../../Engine/Content/Internationalization/icudt64l/lang/vai_Vaii_LR.res" 1628
"../../../Engine/Content/Internationalization/icudt64l/lang/vai_Vaii.res" 1629
"../../../Engine/Content/Internationalization/icudt64l/region/vai_LR.res" 1630
"../../../Engine/Content/Internationalization/icudt64l/region/vai_Vaii_LR.res" 1631
"../../../Engine/Content/Internationalization/icudt64l/region/vai_Vaii.res" 1632
"../../../Engine/Content/Internationalization/icudt64l/region/vai.res" 1633
"../../../Engine/Content/Internationalization/icudt64l/region/vai_Latn.res" 1634
"../../../Engine/Content/Internationalization/icudt64l/lang/vi.res" 1635
"../../../Engine/Content/Internationalization/icudt64l/region/vi.res" 1636
"../../../Engine/Content/Internationalization/icudt64l/lang/vun.res" 1637
"../../../Engine/Content/Internationalization/icudt64l/region/vun.res" 1638
"../../../Engine/Content/Internationalization/icudt64l/lang/wae.res" 1639
"../../../Engine/Content/Internationalization/icudt64l/region/wae.res" 1640
"../../../Engine/Content/Internationalization/icudt64l/lang/wo.res" 1641
"../../../Engine/Content/Internationalization/icudt64l/region/wo.res" 1642
"../../../Engine/Content/Internationalization/icudt64l/lang/xh.res" 1643
"../../../Engine/Content/Internationalization/icudt64l/region/xh.res" 1644
"../../../Engine/Content/Internationalization/icudt64l/lang/xog.res" 1645
"../../../Engine/Content/Internationalization/icudt64l/region/xog.res" 1646
"../../../Engine/Content/Internationalization/icudt64l/lang/yav.res" 1647
"../../../Engine/Content/Internationalization/icudt64l/region/yav.res" 1648
"../../../Engine/Content/Internationalization/icudt64l/lang/yi.res" 1649
"../../../Engine/Content/Internationalization/icudt64l/region/yi.res" 1650
"../../../Engine/Content/Internationalization/icudt64l/lang/yo.res" 1651
"../../../Engine/Content/Internationalization/icudt64l/lang/yo_BJ.res" 1652
"../../../Engine/Content/Internationalization/icudt64l/region/yo_BJ.res" 1653
"../../../Engine/Content/Internationalization/icudt64l/region/yo.res" 1654
"../../../Engine/Content/Internationalization/icudt64l/lang/yue.res" 1655
"../../../Engine/Content/Internationalization/icudt64l/lang/yue_Hans.res" 1656
"../../../Engine/Content/Internationalization/icudt64l/lang/yue_CN.res" 1657
"../../../Engine/Content/Internationalization/icudt64l/lang/yue_Hans_CN.res" 1658
"../../../Engine/Content/Internationalization/icudt64l/region/yue_CN.res" 1659
"../../../Engine/Content/Internationalization/icudt64l/region/yue_Hans_CN.res" 1660
"../../../Engine/Content/Internationalization/icudt64l/region/yue_Hans.res" 1661
"../../../Engine/Content/Internationalization/icudt64l/lang/yue_Hant.res" 1662
"../../../Engine/Content/Internationalization/icudt64l/lang/yue_HK.res" 1663
"../../../Engine/Content/Internationalization/icudt64l/lang/yue_Hant_HK.res" 1664
"../../../Engine/Content/Internationalization/icudt64l/region/yue_HK.res" 1665
"../../../Engine/Content/Internationalization/icudt64l/region/yue_Hant_HK.res" 1666
"../../../Engine/Content/Internationalization/icudt64l/region/yue_Hant.res" 1667
"../../../Engine/Content/Internationalization/icudt64l/region/yue.res" 1668
"../../../Engine/Content/Internationalization/icudt64l/lang/zgh.res" 1669
"../../../Engine/Content/Internationalization/icudt64l/region/zgh.res" 1670
"../../../Engine/Content/Internationalization/icudt64l/lang/zh.res" 1671
"../../../Engine/Content/Internationalization/icudt64l/lang/zh_Hans.res" 1672
"../../../Engine/Content/Internationalization/icudt64l/lang/zh_CN.res" 1673
"../../../Engine/Content/Internationalization/icudt64l/lang/zh_Hans_CN.res" 1674
"../../../Engine/Content/Internationalization/icudt64l/region/zh_CN.res" 1675
"../../../Engine/Content/Internationalization/icudt64l/region/zh_Hans_CN.res" 1676
"../../../Engine/Content/Internationalization/icudt64l/region/zh_Hans.res" 1677
"../../../Engine/Content/Internationalization/icudt64l/region/zh.res" 1678
"../../../Engine/Content/Internationalization/icudt64l/lang/zh_HK.res" 1679
"../../../Engine/Content/Internationalization/icudt64l/lang/zh_Hant_HK.res" 1680
"../../../Engine/Content/Internationalization/icudt64l/lang/zh_Hant.res" 1681
"../../../Engine/Content/Internationalization/icudt64l/region/zh_HK.res" 1682
"../../../Engine/Content/Internationalization/icudt64l/region/zh_Hant_HK.res" 1683
"../../../Engine/Content/Internationalization/icudt64l/region/zh_Hant.res" 1684
"../../../Engine/Content/Internationalization/icudt64l/lang/zh_MO.res" 1685
"../../../Engine/Content/Internationalization/icudt64l/lang/zh_Hant_MO.res" 1686
"../../../Engine/Content/Internationalization/icudt64l/region/zh_MO.res" 1687
"../../../Engine/Content/Internationalization/icudt64l/region/zh_Hant_MO.res" 1688
"../../../Engine/Content/Internationalization/icudt64l/lang/zh_SG.res" 1689
"../../../Engine/Content/Internationalization/icudt64l/lang/zh_Hans_SG.res" 1690
"../../../Engine/Content/Internationalization/icudt64l/region/zh_SG.res" 1691
"../../../Engine/Content/Internationalization/icudt64l/region/zh_Hans_SG.res" 1692
"../../../Engine/Content/Internationalization/icudt64l/lang/zh_TW.res" 1693
"../../../Engine/Content/Internationalization/icudt64l/lang/zh_Hant_TW.res" 1694
"../../../Engine/Content/Internationalization/icudt64l/region/zh_TW.res" 1695
"../../../Engine/Content/Internationalization/icudt64l/region/zh_Hant_TW.res" 1696
"../../../Engine/Content/Internationalization/icudt64l/lang/zu.res" 1697
"../../../Engine/Content/Internationalization/icudt64l/region/zu.res" 1698
"../../../Engine/Content/Internationalization/icudt64l/lang/no.res" 1699
"../../../Engine/Content/Internationalization/icudt64l/lang/tl.res" 1700
"../../../Engine/Config/Android/DataDrivenPlatformInfo.ini" 1701
"../../../Engine/Config/HoloLens/DataDrivenPlatformInfo.ini" 1702
"../../../Engine/Config/IOS/DataDrivenPlatformInfo.ini" 1703
"../../../Engine/Config/Linux/DataDrivenPlatformInfo.ini" 1704
"../../../Engine/Config/LinuxArm64/DataDrivenPlatformInfo.ini" 1705
"../../../Engine/Config/Mac/DataDrivenPlatformInfo.ini" 1706
"../../../Engine/Config/TVOS/DataDrivenPlatformInfo.ini" 1707
"../../../Engine/Config/Unix/DataDrivenPlatformInfo.ini" 1708
"../../../Engine/Config/VulkanPC/DataDrivenPlatformInfo.ini" 1709
"../../../Engine/Config/Windows/DataDrivenPlatformInfo.ini" 1710
"../../../Engine/DerivedDataCache/Compressed.ddp" 1711
"C:/Users/emanu/AppData/Local/UnrealEngine/Common/DerivedDataCache/TestData/0/TestData_4kb.dat" 1712
"C:/Users/emanu/AppData/Local/UnrealEngine/Common/DerivedDataCache/TestData/1/TestData_4kb.dat" 1713
"C:/Users/emanu/AppData/Local/UnrealEngine/Common/DerivedDataCache/TestData/0/TestData_8kb.dat" 1714
"C:/Users/emanu/AppData/Local/UnrealEngine/Common/DerivedDataCache/TestData/1/TestData_8kb.dat" 1715
"C:/Users/emanu/AppData/Local/UnrealEngine/Common/DerivedDataCache/TestData/0/TestData_16kb.dat" 1716
"C:/Users/emanu/AppData/Local/UnrealEngine/Common/DerivedDataCache/TestData/1/TestData_16kb.dat" 1717
"C:/Users/emanu/AppData/Local/UnrealEngine/Common/DerivedDataCache/TestData/0/TestData_64kb.dat" 1718
"C:/Users/emanu/AppData/Local/UnrealEngine/Common/DerivedDataCache/TestData/1/TestData_64kb.dat" 1719
"C:/Users/emanu/AppData/Local/UnrealEngine/Common/DerivedDataCache/TestData/0/TestData_128kb.dat" 1720
"C:/Users/emanu/AppData/Local/UnrealEngine/Common/DerivedDataCache/TestData/1/TestData_128kb.dat" 1721
"C:/Users/emanu/AppData/Local/UnrealEngine/Common/DerivedDataCache/TestData/0/TestData_256kb.dat" 1722
"C:/Users/emanu/AppData/Local/UnrealEngine/Common/DerivedDataCache/TestData/1/TestData_256kb.dat" 1723
"../../../Engine/Plugins/FX/Niagara/Shaders/Private/NiagaraSpriteVertexFactory.ush" 1724
"../../../Engine/Shaders/Private/VertexFactoryCommon.ush" 1725
"../../../Engine/Shaders/Private/Common.ush" 1726
"../../../Engine/Shaders/Public/Platform.ush" 1727
"../../../Engine/Shaders/Public/FP16Math.ush" 1728
"../../../Engine/Shaders/Public/Platform/D3D/D3DCommon.ush" 1729
"../../../Engine/Shaders/Public/BindlessResources.ush" 1730
"../../../Engine/Shaders/Public/ShaderVersion.ush" 1731
"../../../Engine/Shaders/Private/GeneratedUniformBufferTypes.ush" 1732
"../../../Engine/Shaders/Private/Nanite/NanitePackedNaniteView.ush" 1733
"../../../Engine/Shaders/Private/HairStrands/HairStrandsVisibilityCommonStruct.ush" 1734
"../../../Engine/Shaders/Private/HairStrands/HairStrandsVoxelPageCommonStruct.ush" 1735
"../../../Engine/Shaders/Private/HairStrands/HairStrandsDeepShadowCommonStruct.ush" 1736
"../../../Engine/Shaders/Private/CommonViewUniformBuffer.ush" 1737
"../../../Engine/Shaders/Private/LargeWorldCoordinates.ush" 1738
"../../../Engine/Shaders/Private/LWCOperations.ush" 1739
"../../../Engine/Shaders/Private/InstancedStereo.ush" 1740
"../../../Engine/Shaders/Private/Definitions.usf" 1741
"../../../Engine/Shaders/Private/AssertionMacros.ush" 1742
"../../../Engine/Shaders/Private/FastMath.ush" 1743
"../../../Engine/Shaders/Private/FastMathThirdParty.ush" 1744
"../../../Engine/Shaders/Private/Random.ush" 1745
"../../../Engine/Shaders/Private/SceneData.ush" 1746
"../../../Engine/Shaders/Private/OctahedralCommon.ush" 1747
"../../../Engine/Shaders/Shared/LightSceneData.h" 1748
"../../../Engine/Shaders/Shared/HLSLTypeAliases.h" 1749
"../../../Engine/Shaders/Private/ParticleVertexFactoryCommon.ush" 1750
"../../../Engine/Plugins/FX/Niagara/Shaders/Private/NiagaraVFCommon.usf" 1751
"../../../Engine/Plugins/FX/Niagara/Shaders/Private/NiagaraVFParticleAccess.usf" 1752
"../../../Engine/Plugins/FX/Niagara/Shaders/Private/NiagaraParticleAccess.ush" 1753
"../../../Engine/Shaders/Private/VertexFactoryDefaultInterface.ush" 1754
"../../../Engine/Plugins/FX/Niagara/Shaders/Private/NiagaraRibbonVertexFactory.ush" 1755
"../../../Engine/Plugins/FX/Niagara/Shaders/Private/NiagaraMeshVertexFactory.ush" 1756
"../../../Engine/Plugins/FX/Niagara/Shaders/Private/NiagaraCommon.ush" 1757
"../../../Engine/Plugins/FX/Niagara/Shaders/Private/NiagaraMeshParticleUtils.ush" 1758
"../../../Engine/Shaders/Private/RayTracing/RayTracingCommon.ush" 1759
"../../../Engine/Shaders/Private/ShadingCommon.ush" 1760
"../../../Engine/Shaders/Shared/RayTracingDefinitions.h" 1761
"../../../Engine/Shaders/Shared/RayTracingPayloadType.h" 1762
"../../../Engine/Shaders/Shared/HLSLStaticAssert.h" 1763
"../../../Engine/Shaders/Private/RayTracing/RayTracingRayCone.ush" 1764
"../../../Engine/Shaders/Private/Strata/Strata.ush" 1765
"../../../Engine/Shaders/Private/ShadingEnergyConservation.ush" 1766
"../../../Engine/Shaders/Private/ShadingEnergyConservationTemplate.ush" 1767
"../../../Engine/Shaders/Private/BRDF.ush" 1768
"../../../Engine/Shaders/Private/ColorSpace.ush" 1769
"../../../Engine/Shaders/Private/DeferredShadingCommon.ush" 1770
"../../../Engine/Shaders/Private/LightAccumulator.ush" 1771
"../../../Engine/Shaders/Private/SceneTexturesCommon.ush" 1772
"../../../Engine/Shaders/Private/MonteCarlo.ush" 1773
"../../../Engine/Shaders/Private/GBufferHelpers.ush" 1774
"../../../Engine/Shaders/Private/SceneTextureParameters.ush" 1775
"E:/Projects/EcoBots/Intermediate/ShaderAutogen/PCD3D_SM5/AutogenShaderHeaders.ush" 1776
"../../../Engine/Shaders/Private/ParticipatingMediaCommon.ush" 1777
"../../../Engine/Shaders/Private/ThinFilmBSDF.ush" 1778
"../../../Engine/Shaders/Private/MortonCode.ush" 1779
"../../../Engine/Shaders/Private/SubsurfaceProfileCommon.ush" 1780
"../../../Engine/Shaders/Private/BurleyNormalizedSSSCommon.ush" 1781
"../../../Engine/Shaders/Private/GammaCorrectionCommon.ush" 1782
"../../../Engine/Shaders/Shared/StrataDefinitions.h" 1783
"../../../Engine/Shaders/Private/Strata/StrataStatisticalOperators.ush" 1784
"../../../Engine/Shaders/Private/RayTracing/RayTracingCommonMetal.ush" 1785
"../../../Engine/Shaders/Private/PositionReconstructionCommon.ush" 1786
"../../../Engine/Shaders/Private/RayTracing/RayTracingHitGroupCommon.ush" 1787
"../../../Engine/Shaders/Shared/RayTracingBuiltInResources.h" 1788
"../../../Engine/Shaders/Private/VectorFieldVisualizationVertexFactory.ush" 1789
"../../../Engine/Shaders/Private/Nanite/NaniteVertexFactory.ush" 1790
"../../../Engine/Shaders/Private/LightmapData.ush" 1791
"../../../Engine/Shaders/Private/Nanite/NaniteDataDecode.ush" 1792
"../../../Engine/Shaders/Private/BitPacking.ush" 1793
"../../../Engine/Shaders/Private/BitStreamReaderImplementation.ush" 1794
"../../../Engine/Shaders/Shared/NaniteDefinitions.h" 1795
"../../../Engine/Shaders/Private/Nanite/NaniteAttributeDecode.ush" 1796
"../../../Engine/Shaders/Private/ParticleSpriteVertexFactory.ush" 1797
"../../../Engine/Shaders/Private/ParticleGPUSpriteVertexFactory.ush" 1798
"../../../Engine/Shaders/Private/ParticleBeamTrailVertexFactory.ush" 1799
"../../../Engine/Shaders/Private/MeshParticleVertexFactory.ush" 1800
"../../../Engine/Shaders/Private/LocalVertexFactory.ush" 1801
"../../../Engine/Shaders/Private/LocalVertexFactoryCommon.ush" 1802
"../../../Engine/Shaders/Private/GpuSkinCommon.ush" 1803
"../../../Engine/Shaders/Private/GpuSkinVertexFactory.ush" 1804
"../../../Engine/Shaders/Private/GeometryCollectionVertexFactory.ush" 1805
"../../../Engine/Shaders/Private/GeometryCacheVertexFactory.ush" 1806
"../../../Engine/Shaders/Private/LandscapeVertexFactory.ush" 1807
"../../../Engine/Plugins/Media/WmfMedia/Shaders/Private/MediaHardwareVideoDecoding.usf" 1808
"../../../Engine/Shaders/Private/ColorUtils.ush" 1809
"../../../Engine/Plugins/Media/ImgMedia/Shaders/Private/ExrSwizzler.usf" 1810
"../../../Engine/Plugins/Enterprise/GLTFExporter/Shaders/Private/SimpleTexture2DPS.usf" 1811
"../../../Engine/Shaders/Private/SimpleElementNormalMapPixelShader.usf" 1812
"../../../Engine/Plugins/FX/Niagara/Shaders/Private/NiagaraFillIntBuffer.usf" 1813
"../../../Engine/Plugins/FX/Niagara/Shaders/Private/NiagaraComputeFreeIDs.usf" 1814
"../../../Engine/Plugins/FX/Niagara/Shaders/Private/NiagaraInitFreeIDBuffer.usf" 1815
"../../../Engine/Plugins/FX/Niagara/Shaders/Private/NiagaraEmitterInstanceShader.usf" 1816
"../../../Engine/Plugins/FX/Niagara/Shaders/Private/NiagaraShaderVersion.ush" 1817
"../../../Engine/Shaders/Private/DistanceField/GlobalDistanceFieldShared.ush" 1818
"../../../Engine/Plugins/FX/Niagara/Shaders/Private/NiagaraPhysicsCommon.ush" 1819
"../../../Engine/Plugins/FX/Niagara/Shaders/Private/Ribbons/NiagaraRibbonGenerateIndices.usf" 1820
"../../../Engine/Plugins/FX/Niagara/Shaders/Private/Ribbons/NiagaraRibbonCommon.ush" 1821
"../../../Engine/Plugins/FX/Niagara/Shaders/Private/Ribbons/NiagaraRibbonInitializeIndices.usf" 1822
"../../../Engine/Plugins/FX/Niagara/Shaders/Private/Ribbons/NiagaraRibbonRibbonUVParamCalculation.usf" 1823
"../../../Engine/Plugins/FX/Niagara/Shaders/Private/Ribbons/NiagaraRibbonVertexReductionFinalization.usf" 1824
"../../../Engine/Plugins/FX/Niagara/Shaders/Private/Ribbons/NiagaraRibbonVertexReductionPropagation.usf" 1825
"../../../Engine/Plugins/FX/Niagara/Shaders/Private/Ribbons/NiagaraRibbonVertexReductionInitialization.usf" 1826
"../../../Engine/Plugins/FX/Niagara/Shaders/Private/Ribbons/NiagaraRibbonSortParticles.usf" 1827
"../../../Engine/Plugins/FX/Niagara/Shaders/Private/NiagaraUpdateMeshGPUSceneInstances.usf" 1828
"../../../Engine/Shaders/Private/ComputeShaderUtils.ush" 1829
"../../../Engine/Shaders/Private/GPUScene/GPUSceneWriter.ush" 1830
"../../../Engine/Plugins/FX/Niagara/Shaders/Private/NiagaraGenerateMips.usf" 1831
"../../../Engine/Plugins/FX/Niagara/Shaders/Private/NiagaraDebugDraw.usf" 1832
"../../../Engine/Plugins/FX/Niagara/Shaders/Private/NiagaraDebugDraw.ush" 1833
"../../../Engine/Plugins/FX/Niagara/Shaders/Private/NiagaraVisualizeTexture.usf" 1834
"../../../Engine/Plugins/FX/Niagara/Shaders/Private/NiagaraClearCounts.usf" 1835
"../../../Engine/Plugins/FX/Niagara/Shaders/Private/NiagaraBatchedElements.usf" 1836
"../../../Engine/Plugins/FX/Niagara/Shaders/Private/NiagaraRayTracingShaders.usf" 1837
"../../../Engine/Plugins/FX/Niagara/Shaders/Private/NiagaraAsyncGpuTraceCommon.ush" 1838
"../../../Engine/Shaders/Private/HashTable.ush" 1839
"../../../Engine/Shaders/Private/Hash.ush" 1840
"../../../Engine/Shaders/Private/RayTracing/VFXTraceRay.ush" 1841
"../../../Engine/Plugins/FX/Niagara/Shaders/Private/NiagaraRayMarchingShaders.usf" 1842
"../../../Engine/Plugins/FX/Niagara/Shaders/Private/NiagaraRayTraceCollisionGroupShaders.usf" 1843
"../../../Engine/Plugins/FX/Niagara/Shaders/Private/NiagaraAsyncGpuTraceUtils.usf" 1844
"../../../Engine/Plugins/FX/Niagara/Shaders/Private/NiagaraSortKeyGen.usf" 1845
"../../../Engine/Plugins/FX/Niagara/Shaders/Private/NiagaraGPURayTracingTransforms.usf" 1846
"../../../Engine/Plugins/FX/Niagara/Shaders/Private/NiagaraDrawIndirectArgsGen.usf" 1847
"../../../Engine/Plugins/FX/Niagara/Shaders/Private/NiagaraDispatchIndirectArgsGen.usf" 1848
"../../../Engine/Shaders/Private/SlateElementPixelShader.usf" 1849
"../../../Engine/Shaders/Private/SlateShaderCommon.ush" 1850
"../../../Engine/Shaders/Private/MaterialTemplate.ush" 1851
"../../../Engine/Shaders/Private/EyeAdaptationCommon.ush" 1852
"../../../Engine/Shaders/Private/SobolRandom.ush" 1853
"../../../Engine/Shaders/Private/DepthOfFieldCommon.ush" 1854
"../../../Engine/Shaders/Private/CircleDOFCommon.ush" 1855
"../../../Engine/Shaders/Private/PhysicsFieldSampler.ush" 1856
"../../../Engine/Shaders/Private/PhysicsFieldShared.ush" 1857
"../../../Engine/Shaders/Private/HairShadingCommon.ush" 1858
"../../../Engine/Shaders/Private/HairStrands/HairCardsAttributeCommon.ush" 1859
"../../../Engine/Shaders/Private/HairStrands/HairStrandsVertexFactoryCommon.ush" 1860
"../../../Engine/Shaders/Shared/HairStrandsDefinitions.h" 1861
"../../../Engine/Shaders/Private/HairStrands/HairStrandsAttributeCommon.ush" 1862
"../../../Engine/Shaders/Private/SpeedTreeCommon.ush" 1863
"../../../Engine/Shaders/Private/VirtualTextureCommon.ush" 1864
"../../../Engine/Shaders/Private/MaterialTexture.ush" 1865
"../../../Engine/Shaders/Private/MinMaterialTexCoords.ush" 1866
"../../../Engine/Shaders/Private/SkyAtmosphereCommon.ush" 1867
"../../../Engine/Shaders/Private/SingleLayerWaterCommon.ush" 1868
"../../../Engine/Shaders/Private/TextureSampling.ush" 1869
"../../../Engine/Shaders/Private/PaniniProjection.ush" 1870
"../../../Engine/Shaders/Private/DBufferNormalReprojection.ush" 1871
"../../../Engine/Shaders/Private/Strata/StrataTree.ush" 1872
"../../../Engine/Shaders/Private/Strata/StrataEvaluation.ush" 1873
"../../../Engine/Shaders/Private/SHCommon.ush" 1874
"../../../Engine/Shaders/Private/ShadingModels.ush" 1875
"../../../Engine/Shaders/Private/CapsuleLight.ush" 1876
"../../../Engine/Shaders/Private/RectLight.ush" 1877
"../../../Engine/Shaders/Private/LightData.ush" 1878
"../../../Engine/Shaders/Private/AreaLightCommon.ush" 1879
"../../../Engine/Shaders/Private/TransmissionCommon.ush" 1880
"../../../Engine/Shaders/Private/HairBsdf.ush" 1881
"../../../Engine/Shaders/Private/MobileGGX.ush" 1882
"../../../Engine/Shaders/Private/ShadingModelsSampling.ush" 1883
"../../../Engine/Shaders/Private/HairStrands/HairBsdfSample.ush" 1884
"../../../Engine/Shaders/Private/HairStrands/HairStrandsCommon.ush" 1885
"../../../Engine/Shaders/Private/HairStrands/HairStrandsDeepTransmittanceCommon.ush" 1886
"../../../Engine/Shaders/Private/HairStrands/HairStrandsDeepTransmittanceDualScattering.ush" 1887
"../../../Engine/Shaders/Private/HairStrands/HairStrandsEnvironmentLightingCommon.ush" 1888
"../../../Engine/Shaders/Private/Strata/StrataLegacyConversion.ush" 1889
"../../../Engine/Shaders/Private/DBufferDecalShared.ush" 1890
"../../../Engine/Shaders/Private/CompositeUIPixelShader.usf" 1891
"../../../Engine/Shaders/Private/TonemapCommon.ush" 1892
"../../../Engine/Shaders/Private/ACES.ush" 1893
"../../../Engine/Shaders/Private/ColorDeficiency.ush" 1894
"../../../Engine/Shaders/Private/SlateMaskingShader.usf" 1895
"../../../Engine/Shaders/Private/SlatePostProcessColorDeficiencyPixelShader.usf" 1896
"../../../Engine/Shaders/Private/SlatePostProcessPixelShader.usf" 1897
"../../../Engine/Shaders/Private/SlateVertexShader.usf" 1898
"../../../Engine/Shaders/Private/TranslucentLightingShaders.usf" 1899
"../../../Engine/Shaders/Private/ShadowProjectionCommon.ush" 1900
"../../../Engine/Shaders/Private/CubemapCommon.ush" 1901
"../../../Engine/Shaders/Private/VectorFieldCompositeShaders.usf" 1902
"../../../Engine/Shaders/Private/UpdateTextureShaders.usf" 1903
"../../../Engine/Shaders/Private/StereoLayerShader.usf" 1904
"../../../Engine/Shaders/Private/MorphTargets.usf" 1905
"../../../Engine/Shaders/Private/SimpleElementColorChannelMaskPixelShader.usf" 1906
"../../../Engine/Shaders/Private/SimpleElementHitProxyPixelShader.usf" 1907
"../../../Engine/Shaders/Private/SimpleElementPixelShader.usf" 1908
"../../../Engine/Shaders/Private/IESLightProfilesCommon.ush" 1909
"../../../Engine/Shaders/Private/SimpleElementVertexShader.usf" 1910
"../../../Engine/Shaders/Private/ScreenPixelShaderOES.usf" 1911
"../../../Engine/Shaders/Private/ScreenVertexShader.usf" 1912
"../../../Engine/Shaders/Private/ScreenPixelShader.usf" 1913
"../../../Engine/Shaders/Private/SSProfilePreIntegratedMobile.usf" 1914
"../../../Engine/Shaders/Private/Nanite/NaniteClusterCulling.usf" 1915
"../../../Engine/Shaders/Private/Nanite/NaniteCulling.ush" 1916
"../../../Engine/Shaders/Private/Nanite/NaniteHierarchyTraversalCommon.ush" 1917
"../../../Engine/Shaders/Private/Nanite/NaniteHierarchyTraversal.ush" 1918
"../../../Engine/Shaders/Private/WaveOpUtil.ush" 1919
"../../../Engine/Shaders/Private/VirtualShadowMaps/VirtualShadowMapPageOverlap.ush" 1920
"../../../Engine/Shaders/Private/Nanite/NaniteHZBCull.ush" 1921
"../../../Engine/Shaders/Private/VirtualShadowMaps/VirtualShadowMapPageAccessCommon.ush" 1922
"../../../Engine/Shaders/Shared/VirtualShadowMapDefinitions.h" 1923
"../../../Engine/Shaders/Private/VirtualShadowMaps/VirtualShadowMapStaticCaching.ush" 1924
"../../../Engine/Shaders/Private/Nanite/NaniteCullingCommon.ush" 1925
"../../../Engine/Shaders/Private/GPUMessaging.ush" 1926
"../../../Engine/Shaders/Private/Nanite/NaniteTranscode.usf" 1927
"../../../Engine/Shaders/Private/VolumetricLightmapStreaming.usf" 1928
"../../../Engine/Shaders/Private/PhysicsFieldReset.usf" 1929
"../../../Engine/Shaders/Private/PhysicsFieldBuilder.usf" 1930
"../../../Engine/Shaders/Private/PhysicsFieldEval.ush" 1931
"../../../Engine/Shaders/Private/ParticleSortKeyGen.usf" 1932
"../../../Engine/Shaders/Private/ParticleBoundsShader.usf" 1933
"../../../Engine/Shaders/Private/ParticleSimVisualizeShader.usf" 1934
"../../../Engine/Shaders/Private/ParticleInjectionShader.usf" 1935
"../../../Engine/Shaders/Private/ParticleSimulationShader.usf" 1936
"../../../Engine/Shaders/Private/ParticleCurveInjectionShader.usf" 1937
"../../../Engine/Shaders/Private/CopyUIntBuffer.usf" 1938
"../../../Engine/Shaders/Private/RadixSortShaders.usf" 1939
"../../../Engine/Shaders/Private/RecomputeTangentsPerVertexPass.usf" 1940
"../../../Engine/Shaders/Private/RecomputeTangentsCommon.ush" 1941
"../../../Engine/Shaders/Private/RecomputeTangentsPerTrianglePass.usf" 1942
"../../../Engine/Shaders/Private/GpuSkinCacheComputeShader.usf" 1943
"../../../Engine/Shaders/Private/HeightFieldAtlasManagement.usf" 1944
"../../../Engine/Shaders/Private/LandscapePhysicalMaterial.usf" 1945
"../../../Engine/Shaders/Private/LandscapeGrassWeight.usf" 1946
"../../../Engine/Shaders/Private/Landscape/LandscapeLayersWeightmapsPS.usf" 1947
"../../../Engine/Shaders/Private/Landscape/LandscapeLayersHeightmapsPS.usf" 1948
"../../../Engine/Shaders/Private/Landscape/LandscapeCommon.ush" 1949
"../../../Engine/Shaders/Private/LandscapeLayersCS.usf" 1950
"../../../Engine/Shaders/Private/LandscapeLayersPS.usf" 1951
"../../../Engine/Shaders/Private/LandscapeLayersVS.usf" 1952
"../../../Engine/Shaders/Private/Landscape/LandscapeMergeHeightmapsPS.usf" 1953
"../../../Engine/Shaders/Private/WideCustomResolveShaders.usf" 1954
"../../../Engine/Shaders/Private/WideCustomResolve_Wide.ush" 1955
"../../../Engine/Shaders/Private/WideCustomResolve_Wider.ush" 1956
"../../../Engine/Shaders/Private/WideCustomResolve_Widest.ush" 1957
"../../../Engine/Shaders/Private/PageTableUpdate.usf" 1958
"../../../Engine/Shaders/Private/VirtualTextureCompress.usf" 1959
"../../../Engine/Shaders/Private/BlockCompressionCommon.ush" 1960
"../../../Engine/Shaders/Private/BCCompressionCommon.ush" 1961
"../../../Engine/Shaders/Private/ETCCompressionCommon.ush" 1962
"../../../Engine/Shaders/Private/VirtualTextureMaterial.usf" 1963
"../../../Engine/Shaders/Private/PixelShaderOutputCommon.ush" 1964
"../../../Engine/Shaders/Private/ShaderOutputCommon.ush" 1965
"../../../Engine/Shaders/Private/VolumetricRenderTarget.usf" 1966
"../../../Engine/Shaders/Private/VolumetricFogVoxelization.usf" 1967
"../../../Engine/Shaders/Private/VolumetricCloudMaterialPixelCommon.ush" 1968
"../../../Engine/Shaders/Private/VolumetricFogLightFunction.usf" 1969
"../../../Engine/Shaders/Private/LightFunctionCommon.ush" 1970
"../../../Engine/Shaders/Private/VolumetricFog.usf" 1971
"../../../Engine/Shaders/Private/DeferredLightingCommon.ush" 1972
"../../../Engine/Shaders/Private/DynamicLightingCommon.ush" 1973
"../../../Engine/Shaders/Private/CapsuleLightIntegrate.ush" 1974
"../../../Engine/Shaders/Private/CapsuleLightSampling.ush" 1975
"../../../Engine/Shaders/Private/RectLightIntegrate.ush" 1976
"../../../Engine/Shaders/Private/LightGridCommon.ush" 1977
"../../../Engine/Shaders/Private/HeightFogCommon.ush" 1978
"../../../Engine/Shaders/Private/DistanceFieldAOShared.ush" 1979
"../../../Engine/Shaders/Private/VolumeLightingCommon.ush" 1980
"../../../Engine/Shaders/Private/ShadowFilteringCommon.ush" 1981
"../../../Engine/Shaders/Private/PixelQuadMessagePassing.ush" 1982
"../../../Engine/Shaders/Private/VolumeLightingCommonSampling.ush" 1983
"../../../Engine/Shaders/Private/VolumetricLightmapShared.ush" 1984
"../../../Engine/Shaders/Private/ForwardShadowingCommon.ush" 1985
"../../../Engine/Shaders/Private/LightDataUniforms.ush" 1986
"../../../Engine/Shaders/Private/Lumen/LumenTranslucencyVolumeShared.ush" 1987
"../../../Engine/Shaders/Private/Lumen/LumenRadianceCacheInterpolation.ush" 1988
"../../../Engine/Shaders/Private/VirtualShadowMaps/VirtualShadowMapProjectionCommon.ush" 1989
"../../../Engine/Shaders/Private/VirtualShadowMaps/VirtualShadowMapProjectionStructs.ush" 1990
"../../../Engine/Shaders/Private/VolumetricCloudCommon.ush" 1991
"../../../Engine/Shaders/Private/VolumetricCloud.usf" 1992
"../../../Engine/Shaders/Private/ColorMap.ush" 1993
"../../../Engine/Shaders/Private/ShaderPrint.ush" 1994
"../../../Engine/Shaders/Private/ShaderPrintCommon.ush" 1995
"../../../Engine/Shaders/Private/MiniFontCommon.ush" 1996
"../../../Engine/Shaders/Private/ReflectionEnvironmentShared.ush" 1997
"../../../Engine/Shaders/Private/BlueNoise.ush" 1998
"../../../Engine/Shaders/Private/VisualizeVolumetricLightmap.usf" 1999
"../../../Engine/Shaders/Private/VirtualShadowMaps/VirtualShadowMapProjectionComposite.usf" 2000
"../../../Engine/Shaders/Private/LightShaderParameters.ush" 2001
"../../../Engine/Shaders/Private/VirtualShadowMaps/VirtualShadowMapMaskBitsCommon.ush" 2002
"../../../Engine/Shaders/Private/VirtualShadowMaps/VirtualShadowMapProjection.usf" 2003
"../../../Engine/Shaders/Private/HairStrands/HairStrandsVisibilityCommon.ush" 2004
"../../../Engine/Shaders/Private/Visualization.ush" 2005
"../../../Engine/Shaders/Private/VirtualShadowMaps/VirtualShadowMapProjectionFilter.ush" 2006
"../../../Engine/Shaders/Private/VirtualShadowMaps/VirtualShadowMapProjectionDirectional.ush" 2007
"../../../Engine/Shaders/Private/PathTracing/Utilities/PathTracingRandomSequence.ush" 2008
"../../../Engine/Shaders/Private/VirtualShadowMaps/VirtualShadowMapSMRTCommon.ush" 2009
"../../../Engine/Shaders/Private/VirtualShadowMaps/VirtualShadowMapSMRTTemplate.ush" 2010
"../../../Engine/Shaders/Private/VirtualShadowMaps/VirtualShadowMapProjectionSpot.ush" 2011
"../../../Engine/Shaders/Private/VirtualShadowMaps/VirtualShadowMapTransmissionCommon.ush" 2012
"../../../Engine/Shaders/Private/HairStrands/HairStrandsVoxelPageCommon.ush" 2013
"../../../Engine/Shaders/Private/HairStrands/HairStrandsVoxelPageTraversal.ush" 2014
"../../../Engine/Shaders/Private/VirtualShadowMaps/VirtualShadowMapCacheManagement.usf" 2015
"../../../Engine/Shaders/Private/VirtualShadowMaps/VirtualShadowMapPageCacheCommon.ush" 2016
"../../../Engine/Shaders/Private/ScreenSpaceDenoise/SSDDefinitions.ush" 2017
"../../../Engine/Shaders/Private/InstanceCulling/InstanceCullingLoadBalancer.ush" 2018
"../../../Engine/Shaders/Private/VirtualShadowMaps/VirtualShadowMapCopyStats.usf" 2019
"../../../Engine/Shaders/Private/VirtualShadowMaps/VirtualShadowMapPageManagement.usf" 2020
"../../../Engine/Shaders/Shared/SingleLayerWaterDefinitions.h" 2021
"../../../Engine/Shaders/Private/HairStrands/HairStrandsTileCommon.ush" 2022
"../../../Engine/Shaders/Private/ReductionCommon.ush" 2023
"../../../Engine/Shaders/Private/VirtualShadowMaps/VirtualShadowMapStats.ush" 2024
"../../../Engine/Shaders/Private/VirtualShadowMaps/VirtualShadowMapBuildPerPageDrawCommands.usf" 2025
"../../../Engine/Shaders/Private/InstanceCulling/InstanceCullingCommon.ush" 2026
"../../../Engine/Shaders/Private/VirtualShadowMaps/VirtualShadowMapPrintStats.usf" 2027
"../../../Engine/Shaders/Private/VirtualShadowMaps/VirtualShadowMapDebug.usf" 2028
"../../../Engine/Shaders/Private/VelocityShader.usf" 2029
"../../../Engine/Shaders/Private/VelocityCommon.ush" 2030
"../../../Engine/Shaders/Private/VariableRateShading/VRSShadingRatePreview.usf" 2031
"../../../Engine/Shaders/Private/VariableRateShading/VRSShadingRateCommon.ush" 2032
"../../../Engine/Shaders/Private/VariableRateShading/VRSShadingRateCombine.usf" 2033
"../../../Engine/Shaders/Private/VariableRateShading/FixedFoveationVariableRateShading.usf" 2034
"../../../Engine/Shaders/Private/VariableRateShading/VRSShadingRateReproject.usf" 2035
"../../../Engine/Shaders/Private/VariableRateShading/VRSShadingRateCalculate.usf" 2036
"../../../Engine/Shaders/Private/TranslucencyUpsampling.usf" 2037
"../../../Engine/Shaders/Private/ScreenPass.ush" 2038
"../../../Engine/Shaders/Private/ComposeSeparateTranslucency.usf" 2039
"../../../Engine/Shaders/Private/SeparateTranslucency.ush" 2040
"../../../Engine/Shaders/Private/TranslucentLightInjectionShaders.usf" 2041
"../../../Engine/Shaders/Private/TranslucentShadowDepthShaders.usf" 2042
"../../../Engine/Shaders/Private/ShadowDepthCommon.ush" 2043
"../../../Engine/Shaders/Private/RayTracing/RayTracingTest.usf" 2044
"../../../Engine/Shaders/Private/PostProcessSubsurfaceTile.usf" 2045
"../../../Engine/Shaders/Private/Strata/StrataVisualize.usf" 2046
"../../../Engine/Shaders/Private/Strata/StrataTile.ush" 2047
"../../../Engine/Shaders/Private/SkyLightingDiffuseShared.ush" 2048
"../../../Engine/Shaders/Private/SkyLightingShared.ush" 2049
"../../../Engine/Shaders/Private/ClearCoatCommon.ush" 2050
"../../../Engine/Shaders/Private/ReflectionEnvironmentComposite.ush" 2051
"../../../Engine/Shaders/Private/Strata/StrataLightingCommon.ush" 2052
"../../../Engine/Shaders/Private/Strata/StrataRoughRefraction.usf" 2053
"../../../Engine/Shaders/Private/PathTracing/Material/PathTracingFresnel.ush" 2054
"../../../Engine/Shaders/Private/PathTracing/Material/PathTracingGlossy.ush" 2055
"../../../Engine/Shaders/Private/Strata/StrataTile.usf" 2056
"../../../Engine/Shaders/Private/Strata/StrataMaterialClassification.usf" 2057
"../../../Engine/Shaders/Private/Strata/StrataDBuffer.usf" 2058
"../../../Engine/Shaders/Private/SparseVolumeTexture/VisualizeSparseVolumeTexture.usf" 2059
"../../../Engine/Shaders/Private/SkyAtmosphere.usf" 2060
"../../../Engine/Shaders/Private/CopyDepthTexture.usf" 2061
"../../../Engine/Shaders/Private/SingleLayerWaterComposite.usf" 2062
"../../../Engine/Shaders/Private/ShadowProjectionVertexShader.usf" 2063
"../../../Engine/Shaders/Private/ShadowProjectionPixelShader.usf" 2064
"../../../Engine/Shaders/Private/ShadowPercentageCloserFiltering.ush" 2065
"../../../Engine/Shaders/Private/TransmissionThickness.ush" 2066
"../../../Engine/Shaders/Private/CopyShadowMaps.usf" 2067
"../../../Engine/Shaders/Private/ShadowDepthPixelShader.usf" 2068
"../../../Engine/Shaders/Private/ShadowDepthVertexShader.usf" 2069
"../../../Engine/Shaders/Private/ShadingEnergyConservationTable.usf" 2070
"../../../Engine/Shaders/Shared/PathTracingDefinitions.h" 2071
"../../../Engine/Shaders/Private/ShadingFurnaceTest.usf" 2072
"../../../Engine/Shaders/Private/Strata/StrataDeferredLighting.ush" 2073
"../../../Engine/Shaders/Private/ShaderPrintDraw.usf" 2074
"../../../Engine/Shaders/Private/ShaderPrintDrawPrimitive.usf" 2075
"../../../Engine/Shaders/Private/SSRT/SSRTDiffuseIndirect.usf" 2076
"../../../Engine/Shaders/Private/SSRT/SSRTRayCast.ush" 2077
"../../../Engine/Shaders/Private/SSRT/SSRTTileClassificationBuffer.ush" 2078
"../../../Engine/Shaders/Private/SSRT/SSRTReflections.usf" 2079
"../../../Engine/Shaders/Private/ScreenSpaceDenoise/SSDPublic.ush" 2080
"../../../Engine/Shaders/Private/SSRT/SSRTTileClassification.usf" 2081
"../../../Engine/Shaders/Private/SSRT/SSRTPrevFrameReduction.usf" 2082
"../../../Engine/Shaders/Private/ScreenSpaceDenoise/SSDComposeHarmonics.usf" 2083
"../../../Engine/Shaders/Private/ScreenSpaceDenoise/SSDPublicHarmonics.ush" 2084
"../../../Engine/Shaders/Private/ScreenSpaceDenoise/SSDSignalFramework.ush" 2085
"../../../Engine/Shaders/Private/ScreenSpaceDenoise/SSDCommon.ush" 2086
"../../../Engine/Shaders/Private/SphericalGaussian.ush" 2087
"../../../Engine/Shaders/Public/WaveBroadcastIntrinsics.ush" 2088
"../../../Engine/Shaders/Private/ScreenSpaceDenoise/SSDMetadata.ush" 2089
"../../../Engine/Shaders/Private/ScreenSpaceDenoise/SSDSignalCore.ush" 2090
"../../../Engine/Shaders/Private/ScreenSpaceDenoise/DenoisingCommon.ush" 2091
"../../../Engine/Shaders/Private/ScreenSpaceDenoise/SSDSignalArray.ush" 2092
"../../../Engine/Shaders/Private/ScreenSpaceDenoise/SSDSignalBufferEncoding.ush" 2093
"../../../Engine/Shaders/Private/ScreenSpaceDenoise/SSDPublicBufferEncoding.ush" 2094
"../../../Engine/Shaders/Private/Lumen/LumenBufferEncoding.ush" 2095
"../../../Engine/Shaders/Private/ScreenSpaceDenoise/SSDTemporalAccumulation.usf" 2096
"../../../Engine/Shaders/Private/ScreenSpaceDenoise/SSDSpatialKernel.ush" 2097
"../../../Engine/Shaders/Private/ScreenSpaceDenoise/SSDSignalAccumulatorArray.ush" 2098
"../../../Engine/Shaders/Private/ScreenSpaceDenoise/SSDSignalAccumulator.ush" 2099
"../../../Engine/Shaders/Private/ScreenSpaceDenoise/SSDSignalCompression.ush" 2100
"../../../Engine/Shaders/Private/ScreenSpaceDenoise/SSDSpatialAccumulation.usf" 2101
"../../../Engine/Shaders/Private/ScreenSpaceDenoise/SSDInjest.usf" 2102
"../../../Engine/Shaders/Private/ScreenSpaceDenoise/SSDCompressMetadata.usf" 2103
"../../../Engine/Shaders/Private/DownsampleDepthPixelShader.usf" 2104
"../../../Engine/Shaders/Private/ScreenPass.usf" 2105
"../../../Engine/Shaders/Private/HZB.usf" 2106
"../../../Engine/Shaders/Private/OcclusionFeedbackShaders.usf" 2107
"../../../Engine/Shaders/Private/HZBOcclusion.usf" 2108
"../../../Engine/Shaders/Private/OcclusionQueryPixelShader.usf" 2109
"../../../Engine/Shaders/Private/OcclusionQueryVertexShader.usf" 2110
"../../../Engine/Shaders/Private/HitProxyPixelShader.usf" 2111
"../../../Engine/Shaders/Private/HitProxyVertexShader.usf" 2112
"../../../Engine/Shaders/Private/SceneCapturePixelShader.usf" 2113
"../../../Engine/Shaders/Private/RTWriteMaskDecode.usf" 2114
"../../../Engine/Shaders/Private/ReflectionEnvironmentShaders.usf" 2115
"../../../Engine/Shaders/Private/RectLightAtlas.usf" 2116
"../../../Engine/Shaders/Private/RayTracing/TraceRayInlineStatistics.usf" 2117
"../../../Engine/Shaders/Private/RayTracing/TraceRayInlineCommon.ush" 2118
"../../../Engine/Shaders/Private/RayTracing/VisualizeSkyLightMipTreePS.usf" 2119
"../../../Engine/Shaders/Private/RayTracing/MipTreeCommon.ush" 2120
"../../../Engine/Shaders/Private/RayTracing/CompositeSkyLightPS.usf" 2121
"../../../Engine/Shaders/Private/RayTracing/GenerateSkyLightVisibilityRaysCS.usf" 2122
"../../../Engine/Shaders/Private/RayTracing/RayTracingSkyLightCommon.ush" 2123
"../../../Engine/Shaders/Private/RayTracing/SkyLightVisibilityRaysData.ush" 2124
"../../../Engine/Shaders/Private/Raytracing/RaytracingSkylightRGS.usf" 2125
"../../../Engine/Shaders/Private/HairStrands/HairStrandsRaytracing.ush" 2126
"../../../Engine/Shaders/Private/Raytracing/RayTracingSkyLightEvaluation.ush" 2127
"../../../Engine/Shaders/Private/Raytracing/RayTracingDeferredShadingCommon.ush" 2128
"../../../Engine/Shaders/Private/RayTracing/RayTracingOcclusionRGS.usf" 2129
"../../../Engine/Shaders/Private/RayTracing/RayTracingDirectionalLight.ush" 2130
"../../../Engine/Shaders/Private/RayTracing/RayTracingRectLight.ush" 2131
"../../../Engine/Shaders/Private/RayTracing/RayTracingSphereLight.ush" 2132
"../../../Engine/Shaders/Private/RayTracing/RayTracingCapsuleLight.ush" 2133
"../../../Engine/Shaders/Private/RayTracing/SplitImaginaryReflectionGBufferCS.usf" 2134
"../../../Engine/Shaders/Private/RayTracing/RayTracingReflectionsCommon.ush" 2135
"../../../Engine/Shaders/Private/RayTracing/RayTracingReflections.usf" 2136
"../../../Engine/Shaders/Private/RayTracing/RayTracingLightingCommon.ush" 2137
"../../../Engine/Shaders/Private/RayTracing/RayTracingLightCullingCommon.ush" 2138
"../../../Engine/Shaders/Private/RayTracing/RayTracingReflectionEnvironment.ush" 2139
"../../../Engine/Shaders/Private/RayTracing/RayTracingPrimaryRays.usf" 2140
"../../../Engine/Shaders/Private/RayTracing/RayTracingMaterialDefaultHitShaders.usf" 2141
"../../../Engine/Shaders/Private/RayTracing/RayTracingMaterialHitShaders.usf" 2142
"../../../Engine/Shaders/Private/RayTracing/RayTracingCalcInterpolants.ush" 2143
"../../../Engine/Shaders/Private/LightmapCommon.ush" 2144
"../../../Engine/Shaders/Private/Lumen/LumenHardwareRayTracingPayloadCommon.ush" 2145
"../../../Engine/Shaders/Private/Strata/StrataExport.ush" 2146
"../../../Engine/Shaders/Private/RayTracing/RayTracingLightingMS.usf" 2147
"../../../Engine/Shaders/Private/RayTracing/RayTracingLightFunctionCommon.ush" 2148
"../../../Engine/Shaders/Private/RayTracing/GenerateCulledLightListCS.usf" 2149
"../../../Engine/Shaders/Private/Raytracing/RayTracingInstanceBufferUtil.usf" 2150
"../../../Engine/Shaders/Private/RayTracing/RayTracingFinalGatherRGS.usf" 2151
"../../../Engine/Shaders/Private/RayTracing/RayTracingGatherPoints.ush" 2152
"../../../Engine/Shaders/Private/PathTracing/Light/PathTracingLightSampling.ush" 2153
"../../../Engine/Shaders/Private/PathTracing/Light/PathTracingLightCommon.ush" 2154
"../../../Engine/Shaders/Shared/RayTracingTypes.h" 2155
"../../../Engine/Shaders/Private/PathTracing/Light/PathTracingDirectionalLight.ush" 2156
"../../../Engine/Shaders/Private/PathTracing/Light/PathTracingPointLight.ush" 2157
"../../../Engine/Shaders/Private/PathTracing/Light/PathTracingCapsuleLight.ush" 2158
"../../../Engine/Shaders/Private/PathTracing/Light/PathTracingRectLight.ush" 2159
"../../../Engine/Shaders/Private/PathTracing/Light/PathTracingSkyLight.ush" 2160
"../../../Engine/Shaders/Private/PathTracing/Light/PathTracingSpotLight.ush" 2161
"../../../Engine/Shaders/Private/RayTracing/RayTracingCreateGatherPointsRGS.usf" 2162
"../../../Engine/Shaders/Private/RayTracing/RayTracingGlobalIlluminationRGS.usf" 2163
"../../../Engine/Shaders/Private/RayTracing/RayTracingDynamicMesh.usf" 2164
"../../../Engine/Shaders/Private/RayTracing/RayTracingDeferredReflections.usf" 2165
"../../../Engine/Shaders/Private/RayTracing/RayTracingDeferredMaterials.ush" 2166
"../../../Engine/Shaders/Shared/ThirdParty/AMD/ags_shader_intrinsics_dx12.h" 2167
"../../../Engine/Shaders/Private/RayTracing/RayTracingDeferredReflections.ush" 2168
"../../../Engine/Shaders/Private/RayTracing/RayTracingReflectionResolve.usf" 2169
"../../../Engine/Shaders/Private/RayTracing/RayTracingReflectionsGenerateRaysCS.usf" 2170
"../../../Engine/Shaders/Private/RayTracing/MaterialSort.usf" 2171
"../../../Engine/Shaders/Private/RayTracing/RayTracingDeferredMaterials.usf" 2172
"../../../Engine/Shaders/Private/RayTracing/RayTracingDefaultDecalHitShader.usf" 2173
"../../../Engine/Shaders/Private/RayTracing/RayTracingDecalMaterialShader.usf" 2174
"../../../Engine/Shaders/Private/RayTracing/RayTracingBuildDecalGrid.usf" 2175
"../../../Engine/Shaders/Private/RayTracing/RayTracingDebugInstanceOverlap.usf" 2176
"../../../Engine/Shaders/Private/RayTracing/RayTracingDebugPicking.usf" 2177
"../../../Engine/Shaders/Private/RayTracing/RayTracingDebugUtils.ush" 2178
"../../../Engine/Shaders/Shared/RayTracingDebugTypes.h" 2179
"../../../Engine/Shaders/Private/RayTracing/RayTracingDebugTraversal.usf" 2180
"../../../Engine/Shaders/Private/Nanite/NaniteRayTrace.ush" 2181
"../../../Engine/Shaders/Shared/ThirdParty/RayTriangleIntersection.h" 2182
"../../../Engine/Shaders/Shared/RayTracingDebugDefinitions.h" 2183
"../../../Engine/Shaders/Private/RayTracing/TraceRayInline.ush" 2184
"../../../Engine/Shaders/Private/RayTracing/TraceRayInlineVulkan.ush" 2185
"../../../Engine/Shaders/Private/RayTracing/TraceRayInlineMetal.ush" 2186
"../../../Engine/Shaders/Private/RayTracing/RayTracingDebugMS.usf" 2187
"../../../Engine/Shaders/Private/RayTracing/RayTracingDebugCHS.usf" 2188
"../../../Engine/Shaders/Private/RayTracing/RayTracingDebug.usf" 2189
"../../../Engine/Shaders/Private/RayTracing/RayTracingBuiltInShaders.usf" 2190
"../../../Engine/Shaders/Private/RayTracing/RayTracingBarycentrics.usf" 2191
"../../../Engine/Shaders/Private/RayTracing/RayTracingAmbientOcclusionRGS.usf" 2192
"../../../Engine/Shaders/Private/VisualizeShadingModels.usf" 2193
"../../../Engine/Shaders/Private/PostProcessCommon.ush" 2194
"../../../Engine/Shaders/Private/MotionBlur/VisualizeMotionVectors.usf" 2195
"../../../Engine/Shaders/Private/TemporalSuperResolution/TSRDebugHistory.usf" 2196
"../../../Engine/Shaders/Private/TemporalSuperResolution/TSRCommon.ush" 2197
"../../../Engine/Shaders/Public/DualPixelVectorization.ush" 2198
"../../../Engine/Shaders/Private/TemporalSuperResolution/TSRResolveHistory.usf" 2199
"../../../Engine/Shaders/Private/TemporalSuperResolution/TSRUpdateHistory.usf" 2200
"../../../Engine/Shaders/Private/TemporalSuperResolution/TSRFilterAntiAliasing.usf" 2201
"../../../Engine/Shaders/Private/TemporalSuperResolution/TSRSpatialAntiAliasing.usf" 2202
"../../../Engine/Shaders/Private/TemporalSuperResolution/TSRRejectShading.usf" 2203
"../../../Engine/Shaders/Public/LaneVectorization.ush" 2204
"../../../Engine/Shaders/Private/TemporalSuperResolution/TSRCompareTranslucency.usf" 2205
"../../../Engine/Shaders/Private/TemporalSuperResolution/TSRDecimateHistory.usf" 2206
"../../../Engine/Shaders/Private/TemporalSuperResolution/TSRDilateVelocity.usf" 2207
"../../../Engine/Shaders/Private/MotionBlur/MotionBlurVelocityFlatten.ush" 2208
"../../../Engine/Shaders/Private/MotionBlur/MotionBlurCommon.ush" 2209
"../../../Engine/Shaders/Private/TemporalSuperResolution/TSRForwardScatterDepth.usf" 2210
"../../../Engine/Shaders/Private/TemporalSuperResolution/TSRClearPrevTextures.usf" 2211
"../../../Engine/Shaders/Private/TemporalSuperResolution/TSRComputeMoireLuma.usf" 2212
"../../../Engine/Shaders/Private/TemporalAA.usf" 2213
"../../../Engine/Shaders/Private/FilterPixelShader.usf" 2214
"../../../Engine/Shaders/Private/FilterVertexShader.usf" 2215
"../../../Engine/Shaders/Private/PostProcessVisualizeBuffer.usf" 2216
"../../../Engine/Shaders/Private/PostProcessVisualizeLocalExposure.usf" 2217
"../../../Engine/Shaders/Private/PostProcessHistogramCommon.ush" 2218
"../../../Engine/Shaders/Private/PostProcessVisualizeLevelInstance.usf" 2219
"../../../Engine/Shaders/Private/PostProcessVisualizeHDR.usf" 2220
"../../../Engine/Shaders/Private/ShaderComplexityApplyPixelShader.usf" 2221
"../../../Engine/Shaders/Private/QuadOverdraw.ush" 2222
"../../../Engine/Shaders/Private/PostProcessUpscale.usf" 2223
"../../../Engine/Shaders/Private/PostProcessTonemap.usf" 2224
"../../../Engine/Shaders/Private/PostProcessing/FilmGrainPackConstants.usf" 2225
"../../../Engine/Shaders/Private/PostProcessing/FilmGrainReduce.usf" 2226
"../../../Engine/Shaders/Private/PostProcessTestImage.usf" 2227
"../../../Engine/Shaders/Private/PostProcessSubsurface.usf" 2228
"../../../Engine/Shaders/Private/SeparableSSS.ush" 2229
"../../../Engine/Shaders/Private/SubsurfaceBurleyNormalized.ush" 2230
"../../../Engine/Shaders/Private/PostProcessSelectionOutline.usf" 2231
"../../../Engine/Shaders/Private/PostProcessPixelProjectedReflectionMobile.usf" 2232
"../../../Engine/Shaders/Private/MotionBlur/MotionBlurVisualize.usf" 2233
"../../../Engine/Shaders/Private/MotionBlur/MotionBlurApply.usf" 2234
"../../../Engine/Shaders/Private/MotionBlur/MotionBlurFilterTileClassify.usf" 2235
"../../../Engine/Shaders/Private/MotionBlur/MotionBlurTileScatter.usf" 2236
"../../../Engine/Shaders/Private/MotionBlur/MotionBlurTileGather.usf" 2237
"../../../Engine/Shaders/Private/MotionBlur/MotionBlurVelocityFlatten.usf" 2238
"../../../Engine/Shaders/Private/PostProcessMobile.usf" 2239
"../../../Engine/Shaders/Private/PostProcessMitchellNetravali.usf" 2240
"../../../Engine/Shaders/Private/PostProcessMaterialShaders.usf" 2241
"../../../Engine/Shaders/Private/PostProcessLocalExposure.usf" 2242
"../../../Engine/Shaders/Private/PostProcessLensFlares.usf" 2243
"../../../Engine/Shaders/Private/PostProcessHMD.usf" 2244
"../../../Engine/Shaders/Private/Histogram.usf" 2245
"../../../Engine/Shaders/Private/PostProcessHistogramReduce.usf" 2246
"../../../Engine/Shaders/Private/PostProcessHistogram.usf" 2247
"../../../Engine/Shaders/Private/PostProcessGBufferHints.usf" 2248
"../../../Engine/Shaders/Private/Bloom/BloomFinalizeApplyConstants.usf" 2249
"../../../Engine/Shaders/Private/Bloom/BloomCommon.ush" 2250
"../../../Engine/Shaders/Private/Bloom/BloomResizeKernel.usf" 2251
"../../../Engine/Shaders/Private/Bloom/BloomClampKernel.usf" 2252
"../../../Engine/Shaders/Private/Bloom/BloomPackKernelConstants.usf" 2253
"../../../Engine/Shaders/Private/Bloom/BloomSumScatterDispersionEnergy.usf" 2254
"../../../Engine/Shaders/Private/Bloom/BloomReduceKernelSurvey.usf" 2255
"../../../Engine/Shaders/Private/Bloom/BloomSurveyKernelCenterEnergy.usf" 2256
"../../../Engine/Shaders/Private/Bloom/BloomSurveyMaxScatterDispersion.usf" 2257
"../../../Engine/Shaders/Private/Bloom/BloomFindKernelCenter.usf" 2258
"../../../Engine/Shaders/Private/PostProcessEyeAdaptation.usf" 2259
"../../../Engine/Shaders/Private/PostProcessDownsample.usf" 2260
"../../../Engine/Shaders/Private/PostProcessDOF.usf" 2261
"../../../Engine/Shaders/Private/PostProcessDeviceEncodingOnly.usf" 2262
"../../../Engine/Shaders/Private/PostProcessCompositeEditorPrimitives.usf" 2263
"../../../Engine/Shaders/Private/PostProcessCombineLUTs.usf" 2264
"../../../Engine/Shaders/Private/PostProcessVisualizeDOF.usf" 2265
"../../../Engine/Shaders/Private/PostProcessBloom.usf" 2266
"../../../Engine/Shaders/Private/PostProcessAmbientOcclusionMobile.usf" 2267
"../../../Engine/Shaders/Private/PostProcessAmbientOcclusionCommon.ush" 2268
"../../../Engine/Shaders/Private/FXAAShader.usf" 2269
"../../../Engine/Shaders/Private/Fxaa3_11.ush" 2270
"../../../Engine/Shaders/Private/DiaphragmDOF/DOFRecombine.usf" 2271
"../../../Engine/Shaders/Private/DiaphragmDOF/DOFCommon.ush" 2272
"../../../Engine/Shaders/Private/DiaphragmDOF/DOFHybridScatterPixelShader.usf" 2273
"../../../Engine/Shaders/Private/DiaphragmDOF/DOFHybridScatterCommon.ush" 2274
"../../../Engine/Shaders/Private/DiaphragmDOF/DOFHybridScatterVertexShader.usf" 2275
"../../../Engine/Shaders/Private/DiaphragmDOF/DOFPostfiltering.usf" 2276
"../../../Engine/Shaders/Private/DiaphragmDOF/DOFGatherTileSuggest.ush" 2277
"../../../Engine/Shaders/Private/DiaphragmDOF/DOFCocTileCommon.ush" 2278
"../../../Engine/Shaders/Private/DiaphragmDOF/DOFGatherPass.usf" 2279
"../../../Engine/Shaders/Private/DiaphragmDOF/DOFGatherCommon.ush" 2280
"../../../Engine/Shaders/Private/DiaphragmDOF/DOFGatherAccumulator.ush" 2281
"../../../Engine/Shaders/Private/DiaphragmDOF/DOFGatherKernel.ush" 2282
"../../../Engine/Shaders/Private/DiaphragmDOF/DOFBokehLUT.usf" 2283
"../../../Engine/Shaders/Private/DiaphragmDOF/DOFHybridScatterCompilation.usf" 2284
"../../../Engine/Shaders/Private/DiaphragmDOF/DOFReduce.usf" 2285
"../../../Engine/Shaders/Private/DiaphragmDOF/DOFDownsample.ush" 2286
"../../../Engine/Shaders/Private/DiaphragmDOF/DOFHybridScatterCompilation.ush" 2287
"../../../Engine/Shaders/Private/DiaphragmDOF/DOFDownsample.usf" 2288
"../../../Engine/Shaders/Private/DiaphragmDOF/DOFCocTileDilate.usf" 2289
"../../../Engine/Shaders/Private/DiaphragmDOF/DOFCocTileFlatten.usf" 2290
"../../../Engine/Shaders/Private/DiaphragmDOF/DOFSetup.usf" 2291
"../../../Engine/Shaders/Private/PlanarReflectionShaders.usf" 2292
"../../../Engine/Shaders/Private/PlanarReflectionShared.ush" 2293
"../../../Engine/Shaders/Private/PhysicsFieldVisualizer.usf" 2294
"../../../Engine/Shaders/Private/PathTracing/PathTracingSpatialTemporalDenoising.usf" 2295
"../../../Engine/Shaders/Private/ColorDifference.ush" 2296
"../../../Engine/Shaders/Private/PathTracing/PathTracingCompositingPixelShader.usf" 2297
"../../../Engine/Shaders/Private/PathTracing/PathTracingDefaultHitShader.usf" 2298
"../../../Engine/Shaders/Private/PathTracing/PathTracingCommon.ush" 2299
"../../../Engine/Shaders/Private/PathTracing/Material/PathTracingMaterialCommon.ush" 2300
"../../../Engine/Shaders/Private/PathTracing/PathTracingMaterialHitShader.usf" 2301
"../../../Engine/Shaders/Private/PathTracing/PathTracingShaderUtils.ush" 2302
"../../../Engine/Shaders/Private/PathTracing/Material/PathTracingThinGlass.ush" 2303
"../../../Engine/Shaders/Private/PathTracing/Material/PathTracingEnergyConservation.ush" 2304
"../../../Engine/Shaders/Private/PathTracing/PathTracingLightingMissShader.usf" 2305
"../../../Engine/Shaders/Private/PathTracing/PathTracingMissShader.usf" 2306
"../../../Engine/Shaders/Private/PathTracing/PathTracingBuildAtmosphereLUT.usf" 2307
"../../../Engine/Shaders/Private/PathTracing/Volume/PathTracingAtmosphereCommon.ush" 2308
"../../../Engine/Shaders/Private/PathTracing/PathTracingSwizzleScanlines.usf" 2309
"../../../Engine/Shaders/Private/PathTracing/PathTracingInitExtinctionCoefficient.usf" 2310
"../../../Engine/Shaders/Private/PathTracing/PathTracing.usf" 2311
"../../../Engine/Shaders/Private/PathTracing/PathTracingCore.ush" 2312
"../../../Engine/Shaders/Private/RayTracing/RayTracingDecalGrid.ush" 2313
"../../../Engine/Shaders/Private/PathTracing/Utilities/PathTracingRIS.ush" 2314
"../../../Engine/Shaders/Private/PathTracing/Light/PathTracingLightGrid.ush" 2315
"../../../Engine/Shaders/Private/PathTracing/Material/PathTracingMaterialSampling.ush" 2316
"../../../Engine/Shaders/Private/PathTracing/Material/PathTracingLambert.ush" 2317
"../../../Engine/Shaders/Private/PathTracing/Material/PathTracingSolidGlass.ush" 2318
"../../../Engine/Shaders/Private/PathTracing/Material/PathTracingDefaultLit.ush" 2319
"../../../Engine/Shaders/Private/PathTracing/Material/PathTracingClearCoat.ush" 2320
"../../../Engine/Shaders/Private/PathTracing/Material/PathTracingTwoSidedFoliage.ush" 2321
"../../../Engine/Shaders/Private/PathTracing/Material/PathTracingCloth.ush" 2322
"../../../Engine/Shaders/Private/PathTracing/Material/PathTracingSubsurfaceProfile.ush" 2323
"../../../Engine/Shaders/Private/PathTracing/Material/PathTracingEye.ush" 2324
"../../../Engine/Shaders/Private/PathTracing/Material/PathTracingHair.ush" 2325
"../../../Engine/Shaders/Private/PathTracing/Material/PathTracingMedium.ush" 2326
"../../../Engine/Shaders/Private/PathTracing/Volume/PathTracingVolume.ush" 2327
"../../../Engine/Shaders/Private/PathTracing/Volume/PathTracingVolumeCommon.ush" 2328
"../../../Engine/Shaders/Private/PathTracing/Volume/PathTracingAtmosphere.ush" 2329
"../../../Engine/Shaders/Private/DoubleWordMath.ush" 2330
"../../../Engine/Shaders/Private/PathTracing/Volume/PathTracingFog.ush" 2331
"../../../Engine/Shaders/Private/PathTracing/Volume/PathTracingVolumeSampling.ush" 2332
"../../../Engine/Shaders/Private/PathTracing/PathTracingBuildLightGrid.usf" 2333
"../../../Engine/Shaders/Private/PathTracing/PathTracingSkylightMISCompensation.usf" 2334
"../../../Engine/Shaders/Private/PathTracing/PathTracingSkylightPrepare.usf" 2335
"../../../Engine/Shaders/Private/OIT/OITSorting.usf" 2336
"../../../Engine/Shaders/Private/OITCombine.usf" 2337
"../../../Engine/Shaders/Private/OITCommon.ush" 2338
"../../../Engine/Shaders/Private/Nanite/NaniteDebugViews.usf" 2339
"../../../Engine/Shaders/Private/Nanite/NaniteDepthDecode.usf" 2340
"../../../Engine/Shaders/Private/HTileEncoding.ush" 2341
"../../../Engine/Shaders/Private/Nanite/NaniteMaterialComplexity.usf" 2342
"../../../Engine/Shaders/Private/Nanite/NaniteVisualize.usf" 2343
"../../../Engine/Shaders/Private/Nanite/NaniteStreamOut.usf" 2344
"../../../Engine/Shaders/Private/Nanite/NaniteMaterialCulling.usf" 2345
"../../../Engine/Shaders/Private/Nanite/NaniteDepthExport.usf" 2346
"../../../Engine/Shaders/Private/Nanite/NaniteExportGBuffer.usf" 2347
"../../../Engine/Shaders/Private/Nanite/NaniteRasterizer.usf" 2348
"../../../Engine/Shaders/Private/Nanite/NaniteRasterizationCommon.ush" 2349
"../../../Engine/Shaders/Private/Nanite/NaniteRasterizer.ush" 2350
"../../../Engine/Shaders/Private/Nanite/NaniteWritePixel.ush" 2351
"../../../Engine/Shaders/Private/Nanite/NaniteTessellation.ush" 2352
"../../../Engine/Shaders/Private/WorkDistribution.ush" 2353
"../../../Engine/Shaders/Private/Nanite/NaniteRasterBinning.usf" 2354
"../../../Engine/Shaders/Private/Nanite/NaniteInstanceCulling.usf" 2355
"../../../Engine/Shaders/Private/Nanite/NaniteImposter.ush" 2356
"../../../Engine/Shaders/Private/Nanite/NanitePrimitiveFilter.usf" 2357
"../../../Engine/Shaders/Private/Nanite/NaniteRasterClear.usf" 2358
"../../../Engine/Shaders/Private/Nanite/NanitePrintStats.usf" 2359
"../../../Engine/Shaders/Private/Nanite/NaniteEmitShadow.usf" 2360
"../../../Engine/Shaders/Private/MobileDeferredUtils.usf" 2361
"../../../Engine/Shaders/Private/MobileFog.usf" 2362
"../../../Engine/Shaders/Private/DistortApplyScreenPS.usf" 2363
"../../../Engine/Shaders/Private/MobileDeferredShading.usf" 2364
"../../../Engine/Shaders/Private/MobileLightingCommon.ush" 2365
"../../../Engine/Shaders/Private/MobileBasePassPixelShader.usf" 2366
"../../../Engine/Shaders/Private/MobileBasePassCommon.ush" 2367
"../../../Engine/Shaders/Private/BasePassCommon.ush" 2368
"../../../Engine/Shaders/Private/ShadingModelsMaterial.ush" 2369
"../../../Engine/Shaders/Private/ThinTranslucentCommon.ush" 2370
"../../../Engine/Shaders/Private/SingleLayerWaterShading.ush" 2371
"../../../Engine/Shaders/Private/DistortionCommon.ush" 2372
"../../../Engine/Shaders/Private/Strata/StrataMobileForwardLighting.ush" 2373
"../../../Engine/Shaders/Private/MobileBasePassVertexShader.usf" 2374
"../../../Engine/Shaders/Private/Lumen/LumenVisualizeRadianceCache.usf" 2375
"../../../Engine/Shaders/Private/Lumen/LumenRadianceCacheCommon.ush" 2376
"../../../Engine/Shaders/Private/Lumen/LumenVisualizeHardwareRayTracing.usf" 2377
"../../../Engine/Shaders/Private/Lumen/LumenCardCommon.ush" 2378
"../../../Engine/Shaders/Private/Lumen/LumenTracingCommon.ush" 2379
"../../../Engine/Shaders/Private/DistanceField/GlobalDistanceFieldUtils.ush" 2380
"../../../Engine/Shaders/Private/DistanceField/GlobalDistanceFieldObjectGrid.ush" 2381
"../../../Engine/Shaders/Private/DistanceFieldLightingShared.ush" 2382
"../../../Engine/Shaders/Private/Lumen/SurfaceCache/LumenSurfaceCacheSampling.ush" 2383
"../../../Engine/Shaders/Private/Lumen/SurfaceCache/LumenSurfaceCache.ush" 2384
"../../../Engine/Shaders/Private/Lumen/LumenVisualize.ush" 2385
"../../../Engine/Shaders/Private/Lumen/LumenHardwareRayTracingCommon.ush" 2386
"../../../Engine/Shaders/Private/Lumen/LumenHardwareRayTracingPipelineCommon.ush" 2387
"../../../Engine/Shaders/Private/Lumen/LumenHardwareRayTracingPlatformCommon.ush" 2388
"../../../Engine/Shaders/Private/Lumen/LumenHairTracing.ush" 2389
"../../../Engine/Shaders/Private/Lumen/LumenFog.ush" 2390
"../../../Engine/Shaders/Private/Lumen/LumenVisualize.usf" 2391
"../../../Engine/Shaders/Private/Lumen/LumenVisualizeTraces.ush" 2392
"../../../Engine/Shaders/Private/Lumen/LumenTranslucencyVolumeLighting.usf" 2393
"../../../Engine/Shaders/Private/Lumen/LumenRadianceCacheMarkCommon.ush" 2394
"../../../Engine/Shaders/Private/Lumen/LumenTranslucencyVolumeLightingShared.ush" 2395
"../../../Engine/Shaders/Private/Lumen/LumenScreenProbeCommon.ush" 2396
"../../../Engine/Shaders/Private/Lumen/LumenTranslucencyVolumeHardwareRayTracing.usf" 2397
"../../../Engine/Shaders/Private/Lumen/LumenTranslucencyRadianceCacheMarkShaders.usf" 2398
"../../../Engine/Shaders/Private/Lumen/SurfaceCache/LumenSurfaceCacheFeedback.usf" 2399
"../../../Engine/Shaders/Private/Lumen/SurfaceCache/LumenSurfaceCache.usf" 2400
"../../../Engine/Shaders/Private/Lumen/LumenShortRangeAOHardwareRayTracing.usf" 2401
"../../../Engine/Shaders/Private/Lumen/LumenMaterial.ush" 2402
"../../../Engine/Shaders/Private/Lumen/LumenScreenSpaceBentNormal.usf" 2403
"../../../Engine/Shaders/Private/Lumen/LumenScreenTracing.ush" 2404
"../../../Engine/Shaders/Private/Lumen/LumenScreenProbeTracing.usf" 2405
"../../../Engine/Shaders/Private/Lumen/LumenScreenProbeTracingCommon.ush" 2406
"../../../Engine/Shaders/Private/Lumen/LumenScreenProbeImportanceSampling.usf" 2407
"../../../Engine/Shaders/Private/Lumen/LumenScreenProbeImportanceSamplingShared.ush" 2408
"../../../Engine/Shaders/Private/Lumen/LumenScreenProbeHardwareRayTracing.usf" 2409
"../../../Engine/Shaders/Private/Lumen/LumenScreenProbeGather.usf" 2410
"../../../Engine/Shaders/Private/Lumen/LumenScreenSpaceBentNormal.ush" 2411
"../../../Engine/Shaders/Private/Lumen/LumenReflectionsCombine.ush" 2412
"../../../Engine/Shaders/Private/Lumen/LumenScreenProbeLightSampling.usf" 2413
"../../../Engine/Shaders/Private/Lumen/LumenScreenProbeFiltering.usf" 2414
"../../../Engine/Shaders/Private/Lumen/LumenSceneLighting.usf" 2415
"../../../Engine/Shaders/Private/Lumen/LumenCardTile.ush" 2416
"../../../Engine/Shaders/Private/Lumen/LumenSceneLighting.ush" 2417
"../../../Engine/Shaders/Private/Lumen/Radiosity/LumenRadiosity.ush" 2418
"../../../Engine/Shaders/Private/Lumen/LumenCardPixelShader.usf" 2419
"../../../Engine/Shaders/Private/Lumen/LumenCardVertexShader.usf" 2420
"../../../Engine/Shaders/Private/Lumen/LumenSceneLightingDebug.usf" 2421
"../../../Engine/Shaders/Private/Lumen/LumenSceneDirectLightingHardwareRayTracing.usf" 2422
"../../../Engine/Shaders/Private/Lumen/LumenReflectionCommon.ush" 2423
"../../../Engine/Shaders/Private/Lumen/LumenSceneDirectLighting.ush" 2424
"../../../Engine/Shaders/Private/Lumen/LumenSceneDirectLightingSoftwareRayTracing.usf" 2425
"../../../Engine/Shaders/Private/DistanceFieldShadowingShared.ush" 2426
"../../../Engine/Shaders/Private/Lumen/LumenSceneDirectLightingPerLightShadowCommon.ush" 2427
"../../../Engine/Shaders/Private/Lumen/LumenSceneDirectLightingShadowMask.usf" 2428
"../../../Engine/Shaders/Private/Lumen/LumenSceneDirectLighting.usf" 2429
"../../../Engine/Shaders/Private/Lumen/LumenSceneDirectLightingCulling.usf" 2430
"../../../Engine/Shaders/Private/Lumen/LumenReflectionTracing.usf" 2431
"../../../Engine/Shaders/Private/Lumen/LumenReflections.usf" 2432
"../../../Engine/Shaders/Private/Lumen/LumenReflectionHardwareRayTracing.usf" 2433
"../../../Engine/Shaders/Private/Lumen/Radiosity/LumenVisualizeRadiosityProbes.usf" 2434
"../../../Engine/Shaders/Private/Lumen/Radiosity/LumenRadiosity.usf" 2435
"../../../Engine/Shaders/Private/RayTracing/RayGenUtils.ush" 2436
"../../../Engine/Shaders/Private/Lumen/Radiosity/LumenRadiosityHardwareRayTracing.usf" 2437
"../../../Engine/Shaders/Private/Lumen/Radiosity/LumenRadiosityCulling.usf" 2438
"../../../Engine/Shaders/Private/Lumen/LumenRadianceCacheHardwareRayTracing.usf" 2439
"../../../Engine/Shaders/Private/Lumen/LumenRadianceCacheTracingCommon.ush" 2440
"../../../Engine/Shaders/Private/Lumen/LumenRadianceCache.usf" 2441
"../../../Engine/Shaders/Private/Lumen/LumenRadianceCacheUpdate.ush" 2442
"../../../Engine/Shaders/Private/Lumen/LumenRadianceCacheDebug.usf" 2443
"../../../Engine/Shaders/Private/Lumen/LumenRadianceCacheUpdate.usf" 2444
"../../../Engine/Shaders/Private/Lumen/LumenMeshSDFCulling.usf" 2445
"../../../Engine/Shaders/Private/HybridIndirectLighting.ush" 2446
"../../../Engine/Shaders/Private/MeshDistanceFieldCommon.ush" 2447
"../../../Engine/Shaders/Private/Lumen/LumenIrradianceFieldGather.usf" 2448
"../../../Engine/Shaders/Private/Lumen/LumenHardwareRayTracingMaterials.usf" 2449
"../../../Engine/Shaders/Private/Lumen/LumenHardwareRayTracingPipeline.usf" 2450
"../../../Engine/Shaders/Private/Lumen/LumenFrontLayerTranslucency.usf" 2451
"../../../Engine/Shaders/Private/LightShaftShader.usf" 2452
"../../../Engine/Shaders/Private/StationaryLightOverlapShaders.usf" 2453
"../../../Engine/Shaders/Private/DeferredLightPixelShaders.usf" 2454
"../../../Engine/Shaders/Private/HairStrands/HairStrandsVisibilityUtils.ush" 2455
"../../../Engine/Shaders/Private/DeferredLightVertexShaders.usf" 2456
"../../../Engine/Shaders/Private/LightMapDensityShader.usf" 2457
"../../../Engine/Shaders/Private/LightGridInjection.usf" 2458
"../../../Engine/Shaders/Private/LightFunctionPixelShader.usf" 2459
"../../../Engine/Shaders/Private/LightFunctionVertexShader.usf" 2460
"../../../Engine/Shaders/Private/InstanceCulling/BuildInstanceDrawCommands.usf" 2461
"../../../Engine/Shaders/Private/InstanceCulling/InstanceCompactionCommon.ush" 2462
"../../../Engine/Shaders/Private/InstanceCulling/CompactVisibleInstances.usf" 2463
"../../../Engine/Shaders/Private/ThreadGroupPrefixSum.ush" 2464
"../../../Engine/Shaders/Private/ReflectionEnvironmentPixelShader.usf" 2465
"../../../Engine/Shaders/Private/Strata/StrataEnvironmentLighting.ush" 2466
"../../../Engine/Shaders/Private/AmbientCubemapComposite.usf" 2467
"../../../Engine/Shaders/Private/DiffuseIndirectComposite.usf" 2468
"../../../Engine/Shaders/Private/IESAtlas.usf" 2469
"../../../Engine/Shaders/Private/HeterogeneousVolumes/HeterogeneousVolumesSparseVoxelPipeline.usf" 2470
"../../../Engine/Shaders/Private/HeterogeneousVolumes/HeterogeneousVolumesSparseVoxelUtils.ush" 2471
"../../../Engine/Shaders/Private/HeterogeneousVolumes/HeterogeneousVolumesSparseVoxelUniformBufferUtils.ush" 2472
"../../../Engine/Shaders/Private/HeterogeneousVolumes/HeterogeneousVolumesPreshadingPipeline.usf" 2473
"../../../Engine/Shaders/Private/HeterogeneousVolumes/HeterogeneousVolumesTracingUtils.ush" 2474
"../../../Engine/Shaders/Private/HeterogeneousVolumes/HeterogeneousVolumesLightingUtils.ush" 2475
"../../../Engine/Shaders/Private/HeterogeneousVolumes/HeterogeneousVolumesRayMarchingUtils.ush" 2476
"../../../Engine/Shaders/Private/HeterogeneousVolumes/HeterogeneousVolumesTransmittanceVolumeUtils.ush" 2477
"../../../Engine/Shaders/Private/HeterogeneousVolumes/HeterogeneousVolumesMaterialBakingPipeline.usf" 2478
"../../../Engine/Shaders/Private/HeterogeneousVolumes/HeterogeneousVolumesLiveShadingUtils.ush" 2479
"../../../Engine/Shaders/Private/HeterogeneousVolumes/HeterogeneousVolumesLiveShadingPipeline.usf" 2480
"../../../Engine/Shaders/Private/HeterogeneousVolumes/HeterogeneousVolumesHardwareRayTracing.usf" 2481
"../../../Engine/Shaders/Private/HeterogeneousVolumes/HeterogeneousVolumesComposite.usf" 2482
"../../../Engine/Shaders/Private/HdrCustomResolveShaders.usf" 2483
"../../../Engine/Shaders/Private/HairStrands/HairStrandsVoxelMip.usf" 2484
"../../../Engine/Shaders/Private/HairStrands/HairStrandsVoxelRasterCompute.usf" 2485
"../../../Engine/Shaders/Private/HairStrands/HairStrandsClusterCommon.ush" 2486
"../../../Engine/Shaders/Private/HairStrands/HairStrandsVoxelPageAllocation.usf" 2487
"../../../Engine/Shaders/Private/Matrices.ush" 2488
"../../../Engine/Shaders/Private/HairStrands/HairStrandsAABBCommon.ush" 2489
"../../../Engine/Shaders/Private/HairStrands/HairStrandsVoxelOpaque.usf" 2490
"../../../Engine/Shaders/Private/HairStrands/HairStrandsRaytracingGeometry.usf" 2491
"../../../Engine/Shaders/Private/HairStrands/HairStrandsHitProxy.usf" 2492
"../../../Engine/Shaders/Private/HairStrands/HairStrandsVisibilityRasterComputeNaive.usf" 2493
"../../../Engine/Shaders/Private/HairStrands/HairStrandsVisibilityRasterHW.usf" 2494
"../../../Engine/Shaders/Private/HairStrands/HairStrandsVisibilityRasterCompute.usf" 2495
"../../../Engine/Shaders/Private/HairStrands/HairStrandsVisibilityRasterClassification.usf" 2496
"../../../Engine/Shaders/Private/HairStrands/HairStrandsCoverage.usf" 2497
"../../../Engine/Shaders/Private/HairStrands/HairStrandsVisibilityDepthPS.usf" 2498
"../../../Engine/Shaders/Private/HairStrands/HairStrandsVisibilityTransmittanceDepthPS.usf" 2499
"../../../Engine/Shaders/Private/HairStrands/HairStrandsVisibilityFillOpaqueDepthPS.usf" 2500
"../../../Engine/Shaders/Private/HairStrands/HairStrandsVisibilityCompactionComputeRaster.usf" 2501
"../../../Engine/Shaders/Private/HairStrands/HairStrandsVisibilityCompaction.usf" 2502
"../../../Engine/Shaders/Private/HairStrands/HairStrandsVisibilityCopyIndirectArg.usf" 2503
"../../../Engine/Shaders/Private/HairStrands/HairStrandsVisibilityClearPS.usf" 2504
"../../../Engine/Shaders/Private/HairStrands/HairStrandsVisibilityPS.usf" 2505
"../../../Engine/Shaders/Private/HairStrands/HairStrandsVisibilityVS.usf" 2506
"../../../Engine/Shaders/Private/HairStrands/HairStrandsVelocity.usf" 2507
"../../../Engine/Shaders/Private/HairStrands/HairStrandsVisibilityComputeSampleCoverage.usf" 2508
"../../../Engine/Shaders/Private/HairStrands/HairStrandsMaterialPS.usf" 2509
"../../../Engine/Shaders/Private/HairStrands/HairStrandsMaterialCommon.ush" 2510
"../../../Engine/Shaders/Private/HairStrands/HairStrandsMaterialVS.usf" 2511
"../../../Engine/Shaders/Private/HairStrands/HairStrandsLightSample.usf" 2512
"../../../Engine/Shaders/Private/HairStrands/HairStrandsDeepShadowMask.usf" 2513
"../../../Engine/Shaders/Private/HairStrands/HairStrandsDeepShadowCommon.ush" 2514
"../../../Engine/Shaders/Private/HairStrands/HairStrandsDeepTransmittanceMask.usf" 2515
"../../../Engine/Shaders/Private/HairStrands/HairStrandsVisibilityTile.usf" 2516
"../../../Engine/Shaders/Private/HairStrands/HairStrandsDeepShadowPS.usf" 2517
"../../../Engine/Shaders/Private/HairStrands/HairStrandsDeepShadowVS.usf" 2518
"../../../Engine/Shaders/Private/HairStrands/HairStrandsLUT.usf" 2519
"../../../Engine/Shaders/Private/HairStrands/HairStrandsForwardRaster.usf" 2520
"../../../Engine/Shaders/Private/HairStrands/HairStrandsForwardCulling.usf" 2521
"../../../Engine/Shaders/Private/HairStrands/HairStrandsEnvironmentLighting.usf" 2522
"../../../Engine/Shaders/Private/HairStrands/HairStrandsDebugCommonStruct.ush" 2523
"../../../Engine/Shaders/Private/HairStrands/HairStrandsEnvironmentAO.usf" 2524
"../../../Engine/Shaders/Private/HairStrands/HairStrandsDeepShadowAllocation.usf" 2525
"../../../Engine/Shaders/Private/HairStrands/HairStrandsVoxelDepthInjection.usf" 2526
"../../../Engine/Shaders/Private/HairStrands/HairStrandsClusterCulling.usf" 2527
"../../../Engine/Shaders/Private/HairStrands/HairStrandsDebug.usf" 2528
"../../../Engine/Shaders/Private/HairStrands/HairStrandsMeshProjectionCommon.ush" 2529
"../../../Engine/Shaders/Private/HairStrands/HairStrandsVoxelPageRayMarching.usf" 2530
"../../../Engine/Shaders/Private/HairStrands/HairStrandsGBufferWrite.usf" 2531
"../../../Engine/Shaders/Private/HairStrands/HairStrandsGBufferCommon.ush" 2532
"../../../Engine/Shaders/Private/HairStrands/HairStrandsVisibilityComposeSubPixelPS.usf" 2533
"../../../Engine/Shaders/Private/HairStrands/HairStrandsAABB.usf" 2534
"../../../Engine/Shaders/Private/GPUScene/GPUSceneDataManagement.usf" 2535
"../../../Engine/Shaders/Private/GPUSceneDebugRender.usf" 2536
"../../../Engine/Shaders/Private/GPUFastFourierTransform.usf" 2537
"../../../Engine/Shaders/Private/GPUFastFourierTransform2DCore.ush" 2538
"../../../Engine/Shaders/Private/GPUFastFourierTransformCore.ush" 2539
"../../../Engine/Shaders/Private/GPUBenchmark.usf" 2540
"../../../Engine/Shaders/Private/DistanceField/GlobalDistanceFieldDebug.usf" 2541
"../../../Engine/Shaders/Private/DistanceField/GlobalDistanceFieldMip.usf" 2542
"../../../Engine/Shaders/Private/DistanceField/GlobalDistanceField.usf" 2543
"../../../Engine/Shaders/Private/DistanceField/GlobalDistanceFieldUpdate.ush" 2544
"../../../Engine/Shaders/Private/DistanceField/GlobalDistanceFieldCompositeObjects.usf" 2545
"../../../Engine/Shaders/Private/DistanceField/GlobalDistanceFieldHeightfields.usf" 2546
"../../../Engine/Shaders/Private/HeightfieldLightingShared.ush" 2547
"../../../Engine/Shaders/Private/GenerateConservativeDepth.usf" 2548
"../../../Engine/Shaders/Private/HeightFogPixelShader.usf" 2549
"../../../Engine/Shaders/Private/HeightFogVertexShader.usf" 2550
"../../../Engine/Shaders/Private/DistortFiltering.usf" 2551
"../../../Engine/Shaders/Private/DistortAccumulatePS.usf" 2552
"../../../Engine/Shaders/Private/DistortAccumulateVS.usf" 2553
"../../../Engine/Shaders/Private/DistanceFieldVisualization.usf" 2554
"../../../Engine/Shaders/Private/DistanceFieldStreaming.usf" 2555
"../../../Engine/Shaders/Private/DistanceFieldShadowing.usf" 2556
"../../../Engine/Shaders/Private/DistanceFieldScreenGridLighting.usf" 2557
"../../../Engine/Shaders/Private/DistanceFieldObjectCulling.usf" 2558
"../../../Engine/Shaders/Private/DistanceFieldLightingPost.usf" 2559
"../../../Engine/Shaders/Private/DitheredTransitionStencil.usf" 2560
"../../../Engine/Shaders/Private/DepthOnlyPixelShader.usf" 2561
"../../../Engine/Shaders/Private/DepthOnlyVertexShader.usf" 2562
"../../../Engine/Shaders/Private/PositionOnlyDepthVertexShader.usf" 2563
"../../../Engine/Shaders/Private/DeferredDecal.usf" 2564
"../../../Engine/Shaders/Private/DecalCommon.ush" 2565
"../../../Engine/Shaders/Private/DebugViewModeVertexShader.usf" 2566
"../../../Engine/Shaders/Private/DebugViewModeCommon.ush" 2567
"../../../Engine/Shaders/Private/DebugViewModePixelShader.usf" 2568
"../../../Engine/Shaders/Private/DebugProbes.usf" 2569
"../../../Engine/Shaders/Private/MeshDecals.usf" 2570
"../../../Engine/Shaders/Private/PostProcessAmbientOcclusion.usf" 2571
"../../../Engine/Shaders/Private/ClusteredDeferredShadingPixelShader.usf" 2572
"../../../Engine/Shaders/Private/ClusteredDeferredShadingVertexShader.usf" 2573
"../../../Engine/Shaders/Private/CapsuleShadowShaders.usf" 2574
"../../../Engine/Shaders/Private/BasePassPixelShader.usf" 2575
"../../../Engine/Shaders/Private/ForwardLightingCommon.ush" 2576
"../../../Engine/Shaders/Private/Strata/StrataForwardLighting.ush" 2577
"../../../Engine/Shaders/Private/ComputeShaderOutputCommon.ush" 2578
"../../../Engine/Shaders/Private/BasePassVertexShader.usf" 2579
"../../../Engine/Shaders/Private/BasePassVertexCommon.ush" 2580
"../../../Engine/Shaders/Private/AnisotropyPassShader.usf" 2581
"../../../Engine/Shaders/Private/SimpleElementVolumeTexturePreviewPixelShader.usf" 2582
"../../../Engine/Shaders/Private/SimpleElementTexture2DPreviewPixelShader.usf" 2583
"../../../Engine/Shaders/Private/meshpaintdilatepixelshader.usf" 2584
"../../../Engine/Shaders/Private/meshpaintdilatevertexshader.usf" 2585
"../../../Engine/Shaders/Private/MeshPaintPixelShader.usf" 2586
"../../../Engine/Shaders/Private/MeshPaintVertexShader.usf" 2587
"../../../Engine/Shaders/Private/Tools/VisualizeTexture.usf" 2588
"../../../Engine/Shaders/Private/ByteBuffer.usf" 2589
"../../../Engine/Shaders/Private/ResolveVertexShader.usf" 2590
"../../../Engine/Shaders/Private/ResolvePixelShader.usf" 2591
"../../../Engine/Shaders/Private/Tools/SetupIndirectArgs.usf" 2592
"../../../Engine/Shaders/Private/Tools/ClearUAV.usf" 2593
"../../../Engine/Shaders/Private/ClearReplacementShaders.usf" 2594
"../../../Engine/Shaders/Private/Tools/DrawTexture.usf" 2595
"../../../Engine/Shaders/Private/RayTracing/RayTracingValidation.usf" 2596
"../../../Engine/Shaders/Private/RenderGraphUtilities.usf" 2597
"../../../Engine/Shaders/Private/OneColorShader.usf" 2598
"../../../Engine/Shaders/Private/OculusShaders.usf" 2599
"../../../Engine/Shaders/Private/MediaShaders.usf" 2600
"../../../Engine/Shaders/Private/GPUMessaging.usf" 2601
"../../../Engine/Shaders/Private/NullPixelShader.usf" 2602
"../../../Engine/Shaders/Private/ComputeGenerateMips.usf" 2603
"../../../Engine/Shaders/Private/Tools/DumpTexture.usf" 2604
"../../../Engine/Shaders/Private/CopyTextureShaders.usf" 2605
"../../../Engine/Shaders/Private/Tools/FullscreenVertexShader.usf" 2606
"../../../Engine/Shaders/Private/RayTracing/RayTracingDispatchDesc.usf" 2607
"../../../Engine/Shaders/Private/Bink.usf" 2608
"E:/Projects/EcoBots/Content/Levels/Menu/MainMenu.umap" 2609
"E:/Projects/EcoBots/Content/Levels/Menu/GameOverMenu.umap" 2610
"E:/Projects/EcoBots/Content/Blueprints/Characters/BP_EcoBotCharacter.uasset" 2611
"../../../Engine/Content/EditorResources/S_Actor.uasset" 2612
"C:/Users/emanu/AppData/Local/UnrealEngine/Common/DerivedDataCache/Buckets/BulkDataList/28/3e/659c70d096b871e39de62beaf4df01f8a665.udd" 2613
"E:/Projects/EcoBots/Intermediate/ShaderAutogen/VULKAN_ES3_1_ANDROID/AutogenShaderHeaders.ush" 2614
"E:/Projects/EcoBots/Intermediate/ShaderAutogen/OPENGL_ES3_1_ANDROID/AutogenShaderHeaders.ush" 2615
"E:/Projects/EcoBots/Intermediate/ShaderAutogen/PCD3D_ES3_1/AutogenShaderHeaders.ush" 2616
"../../../Engine/Content/EditorResources/S_BoxReflectionCapture.uasset" 2617
"C:/Users/emanu/AppData/Local/UnrealEngine/Common/DerivedDataCache/Buckets/BulkDataList/c7/ce/a8c2963d03218b1e1dd6de1f3b495d0f599d.udd" 2618
"../../../Engine/Content/EngineResources/DefaultTexture.uasset" 2619
"C:/Users/emanu/AppData/Local/UnrealEngine/Common/DerivedDataCache/Buckets/BulkDataList/a8/36/f45a5b677047a7e00c427dd4a635d4af1453.udd" 2620
"../../../Engine/Content/EngineResources/DefaultTextureCube.uasset" 2621
"C:/Users/emanu/AppData/Local/UnrealEngine/Common/DerivedDataCache/Buckets/BulkDataList/f4/41/4b34339a0566ecaa2fa0b9844807e9bda7db.udd" 2622
"../../../Engine/Content/EngineResources/DefaultVolumeTexture.uasset" 2623
"../../../Engine/Content/EngineResources/DefaultVolumeTexture2D.uasset" 2624
"C:/Users/emanu/AppData/Local/UnrealEngine/Common/DerivedDataCache/Buckets/BulkDataList/a6/55/f584c1caf268e684fc4a72e5da41c8333f0e.udd" 2625
"C:/Users/emanu/AppData/Local/UnrealEngine/Common/DerivedDataCache/Buckets/BulkDataList/b5/c6/081809cb146a7905f651c9bb3fcf39cf01f0.udd" 2626
"../../../Engine/Content/EngineFonts/RobotoDistanceField.uasset" 2627
"C:/Users/emanu/AppData/Local/UnrealEngine/Common/DerivedDataCache/Buckets/BulkDataList/8e/61/28ec9927b93d44dab46d002f25af96bd09f5.udd" 2628
"../../../Engine/Content/EngineMaterials/DefaultTextMaterialOpaque.uasset" 2629
"../../../Engine/Content/Functions/Engine_MaterialFunctions01/Shading/PowerToRoughness.uasset" 2630
"../../../Engine/Content/Functions/Engine_MaterialFunctions01/Shading/ConvertFromDiffSpec.uasset" 2631
"../../../Engine/Content/EngineMaterials/WorldGridMaterial.uasset" 2632
"../../../Engine/Content/Functions/Engine_MaterialFunctions01/Opacity/CameraDepthFade.uasset" 2633
"../../../Engine/Content/EngineMaterials/T_Default_Material_Grid_M.uasset" 2634
"../../../Engine/Content/EngineMaterials/T_Default_Material_Grid_N.uasset" 2635
"../../../Engine/Content/EngineMaterials/DefaultDeferredDecalMaterial.uasset" 2636
"../../../Engine/Content/EngineMaterials/DefaultDiffuse.uasset" 2637
"../../../Engine/Content/EngineMaterials/DefaultLightFunctionMaterial.uasset" 2638
"../../../Engine/Content/EngineMaterials/DefaultPostProcessMaterial.uasset" 2639
"../../../Engine/Content/Functions/Engine_MaterialFunctions02/Utility/BreakOutFloat2Components.uasset" 2640
"C:/Users/emanu/AppData/Local/UnrealEngine/Common/DerivedDataCache/Buckets/BulkDataList/40/80/d3c3e5243e4344424532e6607ec82bcb8fa6.udd" 2641
"C:/Users/emanu/AppData/Local/UnrealEngine/Common/DerivedDataCache/Buckets/BulkDataList/ca/fd/a4abdfc5d451c9fb351fffd432681930a699.udd" 2642
"C:/Users/emanu/AppData/Local/UnrealEngine/Common/DerivedDataCache/Buckets/BulkDataList/9e/3b/ec23d8f312475e8fe22ee3ed74e24309a88e.udd" 2643
"../../../Engine/Content/EditorResources/S_Trigger.uasset" 2644
"C:/Users/emanu/AppData/Local/UnrealEngine/Common/DerivedDataCache/Buckets/BulkDataList/68/3b/97de2695808dc5fce5cc0097e0828747ada4.udd" 2645
"../../../Engine/Content/EditorResources/S_TriggerBox.uasset" 2646
"C:/Users/emanu/AppData/Local/UnrealEngine/Common/DerivedDataCache/Buckets/BulkDataList/80/2d/ff9ff3072097e125dbc6a6613d371299207c.udd" 2647
"../../../Engine/Content/EditorResources/S_TriggerCapsule.uasset" 2648
"C:/Users/emanu/AppData/Local/UnrealEngine/Common/DerivedDataCache/Buckets/BulkDataList/3c/8c/e09b17ba4b32bfd9170af2f34df51bf236e4.udd" 2649
"../../../Engine/Content/EditorResources/S_TriggerSphere.uasset" 2650
"C:/Users/emanu/AppData/Local/UnrealEngine/Common/DerivedDataCache/Buckets/BulkDataList/89/eb/98af938235088ed8e7fd0bf12c0cf3a57e5f.udd" 2651
"../../../Engine/Content/EngineDamageTypes/DmgTypeBP_Environmental.uasset" 2652
"../../../Engine/Content/EngineSky/VolumetricClouds/m_SimpleVolumetricCloud_Inst.uasset" 2653
"../../../Engine/Content/EngineSky/VolumetricClouds/m_SimpleVolumetricCloud.uasset" 2654
"../../../Engine/Content/Functions/Engine_MaterialFunctions02/Utility/MakeFloat2.uasset" 2655
"../../../Engine/Content/EngineSky/VolumetricClouds/CloudGradientTexture.uasset" 2656
"../../../Engine/Content/EngineSky/VolumetricClouds/CloudWeatherTexture.uasset" 2657
"../../../Engine/Content/EngineSky/VolumetricClouds/T_VolumeNoiseErosion32.uasset" 2658
"../../../Engine/Content/EngineSky/VolumetricClouds/T_NoiseErosion.uasset" 2659
"../../../Engine/Content/EngineSky/VolumetricClouds/T_VolumeNoiseShape64.uasset" 2660
"../../../Engine/Content/EngineSky/VolumetricClouds/T_NoiseShape64.uasset" 2661
"C:/Users/emanu/AppData/Local/UnrealEngine/Common/DerivedDataCache/Buckets/BulkDataList/b1/66/ca33e1706e17c0ff322627016096bda39b7b.udd" 2662
"C:/Users/emanu/AppData/Local/UnrealEngine/Common/DerivedDataCache/Buckets/BulkDataList/9b/67/9d107e3d065abe044101297111c9db675e55.udd" 2663
"C:/Users/emanu/AppData/Local/UnrealEngine/Common/DerivedDataCache/Buckets/BulkDataList/7d/08/53a4e5c47022c417ebe38ed9ae417b324fe6.udd" 2664
"C:/Users/emanu/AppData/Local/UnrealEngine/Common/DerivedDataCache/Buckets/BulkDataList/90/21/ad0b637ffdfdff841a19f9090246638cec55.udd" 2665
"C:/Users/emanu/AppData/Local/UnrealEngine/Common/DerivedDataCache/Buckets/BulkDataList/b1/18/c8b4e9403544fdcaebde93775982440f7814.udd" 2666
"C:/Users/emanu/AppData/Local/UnrealEngine/Common/DerivedDataCache/Buckets/BulkDataList/f4/d5/de0b8a5ac30f442ff0e923fce506c0540034.udd" 2667
"../../../Engine/Content/EngineMeshes/Sphere.uasset" 2668
"C:/Users/emanu/AppData/Local/UnrealEngine/Common/DerivedDataCache/Buckets/StaticMesh/56/86/4b851ef058b4f312007108f0efa3f9caad76.udd" 2669
"C:/Users/emanu/AppData/Local/UnrealEngine/Common/DerivedDataCache/Buckets/LegacyDIST/e2/ae/2afa755ff7e9429963f5e52c3b75c8a48fa6.udd" 2670
"C:/Users/emanu/AppData/Local/UnrealEngine/Common/DerivedDataCache/Buckets/LegacyCARD/7a/67/0103309eb61fb439d741408be411ed9e217b.udd" 2671
"C:/Users/emanu/AppData/Local/UnrealEngine/Common/DerivedDataCache/Buckets/LegacyNavCollision/1a/ea/6b0e8fab9d1212ee8db58df061bb0b14406b.udd" 2672
"../../../Engine/Content/EngineResources/WhiteSquareTexture.uasset" 2673
"C:/Users/emanu/AppData/Local/UnrealEngine/Common/DerivedDataCache/Buckets/BulkDataList/c9/a8/66edd8aa1565954cc3ee7a97aff101608c95.udd" 2674
"../../../Engine/Content/EngineResources/GradientTexture0.uasset" 2675
"C:/Users/emanu/AppData/Local/UnrealEngine/Common/DerivedDataCache/Buckets/BulkDataList/35/a5/84dcb60d03ca83f623dc393962742f3c7a98.udd" 2676
"../../../Engine/Content/EngineResources/Black.uasset" 2677
"C:/Users/emanu/AppData/Local/UnrealEngine/Common/DerivedDataCache/Buckets/BulkDataList/e5/7c/353d21ed96f0d0ff487f059ca754f01949e1.udd" 2678
"../../../Engine/Content/EngineMaterials/Widget3DPassThrough_Translucent.uasset" 2679
"../../../Engine/Content/EngineMaterials/Widget3DPassThrough.uasset" 2680
"../../../Engine/Content/EngineMaterials/Widget3DPassThrough_Translucent_OneSided.uasset" 2681
"../../../Engine/Content/EngineMaterials/Widget3DPassThrough_Opaque.uasset" 2682
"../../../Engine/Content/EngineMaterials/Widget3DPassThrough_Opaque_OneSided.uasset" 2683
"../../../Engine/Content/EngineMaterials/Widget3DPassThrough_Masked.uasset" 2684
"../../../Engine/Content/EngineMaterials/Widget3DPassThrough_Masked_OneSided.uasset" 2685
"../../../Engine/Content/VREditor/TransformGizmo/PlaneTranslationHandle.uasset" 2686
"../../../Engine/Content/VREditor/TransformGizmo/TransformGizmoMaterial.uasset" 2687
"../../../Engine/Content/VREditor/LaserPointer/VR_LaserPower_01.uasset" 2688
"../../../Engine/Content/VREditor/TransformGizmo/TranslucentTransformGizmoMaterial.uasset" 2689
"C:/Users/emanu/AppData/Local/UnrealEngine/Common/DerivedDataCache/Buckets/BulkDataList/fe/58/8084867abd2b1af11c5754888689b34859a7.udd" 2690
"C:/Users/emanu/AppData/Local/UnrealEngine/Common/DerivedDataCache/Buckets/StaticMesh/d2/4b/65c33361560aa3febaf93e3b0143ea53c174.udd" 2691
"C:/Users/emanu/AppData/Local/UnrealEngine/Common/DerivedDataCache/Buckets/LegacyDIST/85/87/78487ef4ac4d1aa7111f1c1171ab97468e28.udd" 2692
"C:/Users/emanu/AppData/Local/UnrealEngine/Common/DerivedDataCache/Buckets/LegacyCARD/e0/74/a9ff210039d00ca18b00f66089c0a84891f1.udd" 2693
"../../../Engine/Content/VREditor/TransformGizmo/BoundingBoxCorner.uasset" 2694
"C:/Users/emanu/AppData/Local/UnrealEngine/Common/DerivedDataCache/Buckets/StaticMesh/15/11/d729a202ad273f36192711332b1e85722b4f.udd" 2695
"C:/Users/emanu/AppData/Local/UnrealEngine/Common/DerivedDataCache/Buckets/LegacyDIST/05/9e/86bad435f6f8bde71663546035c5cbc62c51.udd" 2696
"C:/Users/emanu/AppData/Local/UnrealEngine/Common/DerivedDataCache/Buckets/LegacyCARD/9b/ea/1e63b6a516fcdf6ed8984b04272e57bac95d.udd" 2697
"../../../Engine/Content/VREditor/TransformGizmo/BoundingBoxEdge.uasset" 2698
"C:/Users/emanu/AppData/Local/UnrealEngine/Common/DerivedDataCache/Buckets/StaticMesh/88/0f/ba88afc455d9d2e0a4e23fd9a913b97b7f1d.udd" 2699
"C:/Users/emanu/AppData/Local/UnrealEngine/Common/DerivedDataCache/Buckets/LegacyDIST/88/13/4504ac0c7e37a482fb1bd5bd0b4bf8e2ce8b.udd" 2700
"C:/Users/emanu/AppData/Local/UnrealEngine/Common/DerivedDataCache/Buckets/LegacyCARD/4a/61/a1116f3811a7130f8eccca492926a71da0e6.udd" 2701
"../../../Engine/Content/VREditor/TransformGizmo/SM_Sequencer_Node.uasset" 2702
"../../../Engine/Content/VREditor/TransformGizmo/Main.uasset" 2703
"../../../Engine/Content/VREditor/TransformGizmo/Xray.uasset" 2704
"C:/Users/emanu/AppData/Local/UnrealEngine/Common/DerivedDataCache/Buckets/StaticMesh/6e/0f/ec898f597eabefaea7b78ac4111219d08a1c.udd" 2705
"C:/Users/emanu/AppData/Local/UnrealEngine/Common/DerivedDataCache/Buckets/LegacyDIST/b0/75/6febd93a5eca937f2183b81585c86cdd4155.udd" 2706
"C:/Users/emanu/AppData/Local/UnrealEngine/Common/DerivedDataCache/Buckets/LegacyCARD/cb/7a/dfb4e710ef1f8207f7fca07a363038c3c31e.udd" 2707
"../../../Engine/Content/EditorMeshes/Camera/SM_CraneRig_Base.uasset" 2708
"../../../Engine/Content/EditorMaterials/Camera/MI_CineMat_Rig.uasset" 2709
"../../../Engine/Content/EditorMaterials/Camera/CineMat.uasset" 2710
"C:/Users/emanu/AppData/Local/UnrealEngine/Common/DerivedDataCache/Buckets/StaticMesh/9f/92/d51405485d3c96c31354cc7355c46e5aa265.udd" 2711
"C:/Users/emanu/AppData/Local/UnrealEngine/Common/DerivedDataCache/Buckets/LegacyDIST/a6/25/8b5993ed355586ab427cf82216e76bf0cb10.udd" 2712
"C:/Users/emanu/AppData/Local/UnrealEngine/Common/DerivedDataCache/Buckets/LegacyCARD/80/ff/307a24985120761212b22868fa994501efe9.udd" 2713
"../../../Engine/Content/EditorMeshes/Camera/SM_CraneRig_Arm.uasset" 2714
"C:/Users/emanu/AppData/Local/UnrealEngine/Common/DerivedDataCache/Buckets/StaticMesh/db/71/3e9152edf773f5219fc000fb3daa7a295c08.udd" 2715
"C:/Users/emanu/AppData/Local/UnrealEngine/Common/DerivedDataCache/Buckets/LegacyDIST/6b/e4/22a1e196812cbb6d52cd3560bea86b8f2c8c.udd" 2716
"C:/Users/emanu/AppData/Local/UnrealEngine/Common/DerivedDataCache/Buckets/LegacyCARD/a9/55/5bf82a507ee5750b62f7f9cc3f05ce054c68.udd" 2717
"../../../Engine/Content/EditorMeshes/Camera/SM_CraneRig_Mount.uasset" 2718
"C:/Users/emanu/AppData/Local/UnrealEngine/Common/DerivedDataCache/Buckets/StaticMesh/b7/4d/6ba64841be11ed78fa5c7f60a5642b50276e.udd" 2719
"C:/Users/emanu/AppData/Local/UnrealEngine/Common/DerivedDataCache/Buckets/LegacyDIST/3f/18/1663a29e8ce2618b68e89afee8003f9abb36.udd" 2720
"C:/Users/emanu/AppData/Local/UnrealEngine/Common/DerivedDataCache/Buckets/LegacyCARD/aa/57/98599fd4ee2e4751576cae65ca3380d48b2f.udd" 2721
"../../../Engine/Content/EditorMeshes/Camera/SM_CraneRig_Body.uasset" 2722
"C:/Users/emanu/AppData/Local/UnrealEngine/Common/DerivedDataCache/Buckets/StaticMesh/19/42/c80af348e30ced3167bb1f8b8310dcb1ebe0.udd" 2723
"C:/Users/emanu/AppData/Local/UnrealEngine/Common/DerivedDataCache/Buckets/LegacyDIST/a0/1d/61cfc883082cffc3612dd1bb22adeecbcadd.udd" 2724
"C:/Users/emanu/AppData/Local/UnrealEngine/Common/DerivedDataCache/Buckets/LegacyCARD/35/ad/6157119418991e437979d8a15c15a5d5f7d0.udd" 2725
"../../../Engine/Content/EditorMeshes/Camera/SM_RailRig_Track.uasset" 2726
"C:/Users/emanu/AppData/Local/UnrealEngine/Common/DerivedDataCache/Buckets/StaticMesh/9f/77/4ce6090a15d286cd27d1f313ae6ecf06ca47.udd" 2727
"C:/Users/emanu/AppData/Local/UnrealEngine/Common/DerivedDataCache/Buckets/LegacyDIST/21/e4/bbd711a307bee6deb060907865614eabac0b.udd" 2728
"C:/Users/emanu/AppData/Local/UnrealEngine/Common/DerivedDataCache/Buckets/LegacyCARD/6f/36/7fea853c813ce7784d604071deb6ccfd0e3b.udd" 2729
"../../../Engine/Content/EditorMeshes/Camera/SM_RailRig_Mount.uasset" 2730
"C:/Users/emanu/AppData/Local/UnrealEngine/Common/DerivedDataCache/Buckets/StaticMesh/bc/44/70806cc69ea2cb5bcd407fc1f7e77865fa02.udd" 2731
"C:/Users/emanu/AppData/Local/UnrealEngine/Common/DerivedDataCache/Buckets/LegacyDIST/56/f2/3dde8f388f7353feea62cbda3c0864836aa7.udd" 2732
"C:/Users/emanu/AppData/Local/UnrealEngine/Common/DerivedDataCache/Buckets/LegacyCARD/84/ce/fb65d3e321e10ed9122e11c60448b2eb672f.udd" 2733
"../../../Engine/Content/ArtTools/RenderToTexture/Meshes/S_1_Unit_Plane.uasset" 2734
"C:/Users/emanu/AppData/Local/UnrealEngine/Common/DerivedDataCache/Buckets/StaticMesh/44/f8/c8f113858f9c38bb8c091a2e016973a9db7f.udd" 2735
"C:/Users/emanu/AppData/Local/UnrealEngine/Common/DerivedDataCache/Buckets/LegacyDIST/f8/38/231779aa090f98c9bfc7ff319faf0d7bf3fc.udd" 2736
"C:/Users/emanu/AppData/Local/UnrealEngine/Common/DerivedDataCache/Buckets/LegacyCARD/c8/02/c103436d9b22bdf20210310f3b5296a3619e.udd" 2737
"../../../Engine/Content/EngineDebugMaterials/M_SimpleUnlitTranslucent.uasset" 2738
"../../../Engine/Content/EngineFonts/Roboto.uasset" 2739
"../../../Engine/Content/EngineFonts/Faces/DroidSansFallback.uasset" 2740
"../../../Engine/Content/EngineFonts/Faces/RobotoBold.uasset" 2741
"../../../Engine/Content/EngineFonts/Faces/RobotoBoldItalic.uasset" 2742
"../../../Engine/Content/EngineFonts/Faces/RobotoItalic.uasset" 2743
"../../../Engine/Content/EngineFonts/Faces/RobotoLight.uasset" 2744
"../../../Engine/Content/EngineFonts/Faces/RobotoRegular.uasset" 2745
"../../../Engine/Content/EditorMaterials/ParticleSystems/PSysThumbnail_NoImage.uasset" 2746
"C:/Users/emanu/AppData/Local/UnrealEngine/Common/DerivedDataCache/Buckets/BulkDataList/40/23/73ef74923ac749fbb2b668df4dac7f86200f.udd" 2747
"../../../Engine/Content/EditorMaterials/ParticleSystems/PSysThumbnail_OOD.uasset" 2748
"C:/Users/emanu/AppData/Local/UnrealEngine/Common/DerivedDataCache/Buckets/BulkDataList/36/e8/6845d6df6ad82497e5b6304ecc856084bcb2.udd" 2749
"../../../Engine/Content/EditorLandscapeResources/SplineEditorMesh.uasset" 2750
"../../../Engine/Content/EditorLandscapeResources/SplineEditorMeshMat.uasset" 2751
"C:/Users/emanu/AppData/Local/UnrealEngine/Common/DerivedDataCache/Buckets/StaticMesh/c3/09/76f94b1e9e37dbb8d7b413339df2fcd7eb4d.udd" 2752
"C:/Users/emanu/AppData/Local/UnrealEngine/Common/DerivedDataCache/Buckets/LegacyDIST/ea/c7/9740f4b1a460eddde71b73d9606bba74edfb.udd" 2753
"C:/Users/emanu/AppData/Local/UnrealEngine/Common/DerivedDataCache/Buckets/LegacyCARD/6f/ee/fa32b1911528c1adea5d6c14943f69eb90d7.udd" 2754
"../../../Engine/Content/EditorLandscapeResources/DataLayer.uasset" 2755
"../../../Engine/Content/EditorResources/S_Solver.uasset" 2756
"C:/Users/emanu/AppData/Local/UnrealEngine/Common/DerivedDataCache/Buckets/BulkDataList/eb/ac/fc8fb9f13d29c57a2f163040f7362da48d7d.udd" 2757
"../../../Engine/Content/EngineDebugMaterials/VolumeToRender.uasset" 2758
"C:/Users/emanu/AppData/Local/UnrealEngine/Common/DerivedDataCache/Buckets/BulkDataList/09/12/764c974b227086c0c76e887ecd35a2200616.udd" 2759
"../../../Engine/Content/EngineDebugMaterials/M_VolumeRenderSphereTracePP.uasset" 2760
"../../../Engine/Content/Functions/Engine_MaterialFunctions02/Utility/CameraDirectionVector.uasset" 2761
"../../../Engine/Content/Internationalization/icudt64l/coll/ucadata.icu" 2762
"../../../Engine/Content/Internationalization/icudt64l/coll/it.res" 2763
"../../../Engine/Content/Internationalization/icudt64l/coll/root.res" 2764
"../../../Engine/Content/Animation/DefaultAnimBoneCompressionSettings.uasset" 2765
"../../../Engine/Content/Animation/DefaultRecorderBoneCompression.uasset" 2766
"../../../Engine/Content/Animation/DefaultAnimCurveCompressionSettings.uasset" 2767
"../../Plugins/Animation/ControlRig/Content/Controls/ControlRigXRayMaterial.uasset" 2768
"../../Plugins/Animation/ControlRig/Content/Controls/DefaultGizmoLibraryNormalized.uasset" 2769
"../../Plugins/Animation/ControlRig/Content/M_Manip.uasset" 2770
"../../../Engine/Content/Functions/Engine_MaterialFunctions02/WorldPositionOffset/CameraOffset.uasset" 2771
"../../Plugins/2D/Paper2D/Content/MaskedUnlitSpriteMaterial.uasset" 2772
"../../Plugins/2D/Paper2D/Content/DefaultSpriteMaterial.uasset" 2773
"../../Plugins/2D/Paper2D/Content/PlaceholderTextures/DummySpriteTexture.uasset" 2774
"C:/Users/emanu/AppData/Local/UnrealEngine/Common/DerivedDataCache/Buckets/BulkDataList/0c/10/23993ba2e1b3922a048bc20f0e70b712bf71.udd" 2775
"../../Plugins/2D/Paper2D/Content/OpaqueUnlitSpriteMaterial.uasset" 2776
"../../Plugins/2D/Paper2D/Content/DefaultPaperTerrainMaterial.uasset" 2777
"../../Plugins/2D/Paper2D/Content/DummySprite.uasset" 2778
"../../Plugins/Editor/SpeedTreeImporter/Content/SpeedTree9/SpeedTreeMaster.uasset" 2779
"../../../Engine/Content/Functions/Engine_MaterialFunctions02/ObjectLocalBounds.uasset" 2780
"../../../Engine/Content/Functions/Engine_MaterialFunctions02/SafeNormalize.uasset" 2781
"../../../Engine/Content/Functions/Engine_MaterialFunctions02/Utility/BreakOutFloat3Components.uasset" 2782
"../../../Engine/Content/Functions/Engine_MaterialFunctions02/Utility/VectorLength.uasset" 2783
"../../../Engine/Content/Functions/Engine_MaterialFunctions02/UVs/BoundingBoxBased_0-1_UVW.uasset" 2784
"../../../Engine/Content/Functions/Engine_MaterialFunctions02/WorldPositionOffset/ObjectScale.uasset" 2785
"../../Plugins/Editor/SpeedTreeImporter/Content/SpeedTree9/SpeedTreeBranchMotion.uasset" 2786
"../../Plugins/Editor/SpeedTreeImporter/Content/SpeedTree9/SpeedTreeWindMotion.uasset" 2787
"../../Plugins/Editor/SpeedTreeImporter/Content/SpeedTree9/game_wind_noise.uasset" 2788
"../../Plugins/Editor/SpeedTreeImporter/Content/SpeedTree9/UnpackDirection.uasset" 2789
"../../Plugins/Editor/SpeedTreeImporter/Content/SpeedTree9/UnpackInteger3.uasset" 2790
"../../Plugins/Editor/SpeedTreeImporter/Content/SpeedTree9/SpeedTreeCameraFacing.uasset" 2791
"../../Plugins/Editor/SpeedTreeImporter/Content/SpeedTree9/SpeedTreeWind.uasset" 2792
"../../Plugins/Editor/SpeedTreeImporter/Content/SpeedTree9/Empty.uasset" 2793
"../../Plugins/Editor/SpeedTreeImporter/Content/SpeedTree9/EmptyNormal.uasset" 2794
"C:/Users/emanu/AppData/Local/UnrealEngine/Common/DerivedDataCache/Buckets/BulkDataList/30/73/c051e78e294adc21a0f4ea75b1f6f9016b92.udd" 2795
"C:/Users/emanu/AppData/Local/UnrealEngine/Common/DerivedDataCache/Buckets/BulkDataList/b4/ee/cb9cf6a72adc23e2f5f999120caace09a96a.udd" 2796
"C:/Users/emanu/AppData/Local/UnrealEngine/Common/DerivedDataCache/Buckets/BulkDataList/b5/f1/db4267538114582ec58cc054c0d9d28523f8.udd" 2797
"C:/Users/emanu/AppData/Local/UnrealEngine/Common/DerivedDataCache/Buckets/BulkDataPayloadId/93/1e/fa687e128aa134c7085da39d1269fafb1746.udd" 2798
"C:/Users/emanu/AppData/Local/UnrealEngine/Common/DerivedDataCache/Buckets/BulkDataPayloadId/ac/cc/a6aa9daa7cbf76c8953f7e3d2c201a8a54cb.udd" 2799
"../../Plugins/Editor/SpeedTreeImporter/Content/SpeedTree9/SpeedTreeBillboardMaster.uasset" 2800
"../../Plugins/Editor/SpeedTreeImporter/Content/SpeedTree9/SpeedTreeBillboard.uasset" 2801
"../../Plugins/Media/MediaPlate/Content/SM_MediaPlateScreen.uasset" 2802
"C:/Users/emanu/AppData/Local/UnrealEngine/Common/DerivedDataCache/Buckets/StaticMesh/c0/ce/8d410818b72c04b9c905d2f9310a6f202b05.udd" 2803
"C:/Users/emanu/AppData/Local/UnrealEngine/Common/DerivedDataCache/Buckets/LegacyDIST/76/e1/504c40ce09f0b541f1346e40c48bd47c461b.udd" 2804
"C:/Users/emanu/AppData/Local/UnrealEngine/Common/DerivedDataCache/Buckets/LegacyCARD/99/5a/63c13b0653b500179cb35a69294220700cab.udd" 2805
"E:/Projects/EcoBots/Saved/Config/WindowsEditor/ObjectMixerSerializedData.ini" 2806
"../../../Engine/Content/EngineMaterials/NaniteHiddenSectionMaterial.uasset" 2807
"../../../Engine/Content/EngineMaterials/RemoveSurfaceMaterial.uasset" 2808
"../../../Engine/Content/EngineDebugMaterials/DebugMeshMaterial.uasset" 2809
"../../../Engine/Content/EngineMaterials/EmissiveMeshMaterial.uasset" 2810
"../../../Engine/Content/EngineMaterials/DefaultWhiteGrid_Low.uasset" 2811
"C:/Users/emanu/AppData/Local/UnrealEngine/Common/DerivedDataCache/Buckets/BulkDataList/c7/d0/ba4cb5a957bc068cc9a67e616f05cbe94e5f.udd" 2812
"../../../Engine/Content/EngineMaterials/M_InvalidLightmapSettings.uasset" 2813
"../../../Engine/Content/EngineMaterials/InvalidLightmapSettings.uasset" 2814
"C:/Users/emanu/AppData/Local/UnrealEngine/Common/DerivedDataCache/Buckets/BulkDataList/54/c0/c70a70e48373844e60b0e605bf55af68a7f4.udd" 2815
"../../../Engine/Content/EngineMaterials/GizmoMaterial.uasset" 2816
"../../../Engine/Content/EngineMaterials/PhAT_JointLimitMaterial.uasset" 2817
"../../../Engine/Content/EngineMaterials/FlattenMaterial.uasset" 2818
"../../../Engine/Content/EngineMaterials/BaseFlattenDiffuseMap.uasset" 2819
"../../../Engine/Content/EngineMaterials/BaseFlattenEmissiveMap.uasset" 2820
"../../../Engine/Content/EngineMaterials/BaseFlattenGrayscaleMap.uasset" 2821
"../../../Engine/Content/EngineMaterials/BaseFlattenLinearColor.uasset" 2822
"../../../Engine/Content/EngineMaterials/BaseFlattenNormalMap.uasset" 2823
"../../../Engine/Content/Functions/Engine_MaterialFunctions02/PivotPainter2/Black_1x1_EXR_Texture.uasset" 2824
"C:/Users/emanu/AppData/Local/UnrealEngine/Common/DerivedDataCache/Buckets/BulkDataList/63/3f/15585bd8964db1a66621696236a516b26a45.udd" 2825
"C:/Users/emanu/AppData/Local/UnrealEngine/Common/DerivedDataCache/Buckets/BulkDataList/40/82/7d7634626c396575f37cae3cf1535e673e42.udd" 2826
"C:/Users/emanu/AppData/Local/UnrealEngine/Common/DerivedDataCache/Buckets/BulkDataList/ce/81/11b4615cff744307153c59f77195df26c367.udd" 2827
"C:/Users/emanu/AppData/Local/UnrealEngine/Common/DerivedDataCache/Buckets/BulkDataList/69/9d/ddcccd257450ddf4dda4d447d124ef31a712.udd" 2828
"C:/Users/emanu/AppData/Local/UnrealEngine/Common/DerivedDataCache/Buckets/BulkDataList/29/e8/910965f29e82d2c3d7d612a59a45767ccf60.udd" 2829
"C:/Users/emanu/AppData/Local/UnrealEngine/Common/DerivedDataCache/Buckets/BulkDataList/2a/ef/001baf4754d6e4c901355543ac1f52f9df0d.udd" 2830
"../../../Engine/Content/EngineMaterials/FlattenMaterial_VT.uasset" 2831
"../../../Engine/Content/EngineMaterials/BaseFlattenDiffuseMap_VT.uasset" 2832
"../../../Engine/Content/EngineMaterials/BaseFlattenEmissiveMap_VT.uasset" 2833
"../../../Engine/Content/EngineMaterials/BaseFlattenGrayscaleMap_VT.uasset" 2834
"../../../Engine/Content/EngineMaterials/BaseFlattenLinearColor_VT.uasset" 2835
"../../../Engine/Content/EngineMaterials/BaseFlattenNormalMap_VT.uasset" 2836
"../../../Engine/Content/EngineMaterials/Black_1x1_EXR_Texture_VT.uasset" 2837
"C:/Users/emanu/AppData/Local/UnrealEngine/Common/DerivedDataCache/Buckets/BulkDataList/be/97/831ab56c641b9e28494af99ed901e61209a3.udd" 2838
"C:/Users/emanu/AppData/Local/UnrealEngine/Common/DerivedDataCache/Buckets/BulkDataList/aa/52/333bbf9c0a91bbe6cec1f64bca80a547ff74.udd" 2839
"C:/Users/emanu/AppData/Local/UnrealEngine/Common/DerivedDataCache/Buckets/BulkDataList/c3/7b/72b68e2fb3897490b15323d9e1ea2adb532a.udd" 2840
"C:/Users/emanu/AppData/Local/UnrealEngine/Common/DerivedDataCache/Buckets/BulkDataList/f3/64/77ea20ddc1c68fb0d5a0ae67af33502196bc.udd" 2841
"C:/Users/emanu/AppData/Local/UnrealEngine/Common/DerivedDataCache/Buckets/BulkDataList/0d/2d/d41f7443a3142a421b893798e75191a39508.udd" 2842
"C:/Users/emanu/AppData/Local/UnrealEngine/Common/DerivedDataCache/Buckets/BulkDataList/7e/66/3de48b5d998856ddddba9083b591112da458.udd" 2843
"../../../Engine/Content/EngineMaterials/FlattenMaterial_WS_Normal_VT.uasset" 2844
"../../../Engine/Content/EngineMaterials/Good64x64TilingNoiseHighFreq.uasset" 2845
"C:/Users/emanu/AppData/Local/UnrealEngine/Common/DerivedDataCache/Buckets/BulkDataList/66/da/0f28d9eae13db645770f75f55ec37aec788a.udd" 2846
"../../../Engine/Content/EngineMaterials/DefaultBokeh.uasset" 2847
"C:/Users/emanu/AppData/Local/UnrealEngine/Common/DerivedDataCache/Buckets/BulkDataList/36/d4/549bab9ac069bc0d38382ed2ebd836f0dbfe.udd" 2848
"../../../Engine/Content/EngineMaterials/PreintegratedSkinBRDF.uasset" 2849
"C:/Users/emanu/AppData/Local/UnrealEngine/Common/DerivedDataCache/Buckets/BulkDataList/1e/10/4b6f9e2787e28345d2a1d2fc7d4b7474b002.udd" 2850
"../../../Engine/Content/EngineMaterials/MiniFont.uasset" 2851
"C:/Users/emanu/AppData/Local/UnrealEngine/Common/DerivedDataCache/Buckets/BulkDataList/1a/b4/efa2527ce05df4fea683edb2aad30de9d47f.udd" 2852
"../../../Engine/Content/EngineMaterials/WeightMapPlaceholderTexture.uasset" 2853
"C:/Users/emanu/AppData/Local/UnrealEngine/Common/DerivedDataCache/Buckets/BulkDataList/7e/31/dcf11dd68e728938fa2e9a7a82a71bf50881.udd" 2854
"../../../Engine/Content/EngineMaterials/DefaultWhiteGrid.uasset" 2855
"C:/Users/emanu/AppData/Local/UnrealEngine/Common/DerivedDataCache/Buckets/BulkDataList/69/16/551acf695c4fe3f4e6b4b10bc18492764cdd.udd" 2856
"../../../Engine/Content/EngineMaterials/DefaultPhysicalMaterial.uasset" 2857
"../../../Engine/Content/EngineMaterials/DefaultDestructiblePhysicalMaterial.uasset" 2858
"../../../Engine/Content/EditorLandscapeResources/DefaultAlphaTexture.uasset" 2859
"C:/Users/emanu/AppData/Local/UnrealEngine/Common/DerivedDataCache/Buckets/BulkDataList/f4/78/7461d3e211c25aab0282806d0bb0729f1967.udd" 2860
"../../../Engine/Content/EditorResources/S_Terrain.uasset" 2861
"C:/Users/emanu/AppData/Local/UnrealEngine/Common/DerivedDataCache/Buckets/BulkDataList/57/c4/c54ed6cb7798394a805773d0b5ace4506544.udd" 2862
"../../../Engine/Content/BasicShapes/Cube.uasset" 2863
"../../../Engine/Content/BasicShapes/Sphere.uasset" 2864
"C:/Users/emanu/AppData/Local/UnrealEngine/Common/DerivedDataCache/Buckets/StaticMesh/d0/87/3a7844fcc6f7acf0b3497820d22ebab8aff6.udd" 2865
"../../../Engine/Content/EngineMaterials/DefaultMaterial.uasset" 2866
"C:/Users/emanu/AppData/Local/UnrealEngine/Common/DerivedDataCache/Buckets/LegacyDIST/67/97/f30405935c4ac1e37c533997e89d1184fc9c.udd" 2867
"C:/Users/emanu/AppData/Local/UnrealEngine/Common/DerivedDataCache/Buckets/LegacyCARD/16/1c/39cfb7a2362241a04a1053ae6647bc6167dc.udd" 2868
"../../../Engine/Content/BasicShapes/Cylinder.uasset" 2869
"../../../Engine/Content/BasicShapes/Cone.uasset" 2870
"../../../Engine/Content/BasicShapes/Plane.uasset" 2871
"C:/Users/emanu/AppData/Local/UnrealEngine/Common/DerivedDataCache/Buckets/StaticMesh/c8/bb/8861edfb9c01f884f03426027ed2f7d4ed4f.udd" 2872
"C:/Users/emanu/AppData/Local/UnrealEngine/Common/DerivedDataCache/Buckets/StaticMesh/14/a9/551c7ddc4c75cc8c885d6dc71bbb7b433c52.udd" 2873
"C:/Users/emanu/AppData/Local/UnrealEngine/Common/DerivedDataCache/Buckets/LegacyDIST/75/77/fb954c128b73cd8bdf61c813f0aa777e799f.udd" 2874
"C:/Users/emanu/AppData/Local/UnrealEngine/Common/DerivedDataCache/Buckets/LegacyDIST/a7/57/0c35265a11f1988a048bb10c70b866872eda.udd" 2875
"C:/Users/emanu/AppData/Local/UnrealEngine/Common/DerivedDataCache/Buckets/LegacyCARD/39/0b/b57ab1c2a51d82d6429c87a59b3e4b074863.udd" 2876
"../../Plugins/Runtime/MeshModelingToolset/Content/Materials/M_DynamicMeshComponentVtxColor.uasset" 2877
"C:/Users/emanu/AppData/Local/UnrealEngine/Common/DerivedDataCache/Buckets/LegacyCARD/94/75/9b4e99850787b1ee13f42771290defe4d87e.udd" 2878
"C:/Users/emanu/AppData/Local/UnrealEngine/Common/DerivedDataCache/Buckets/StaticMesh/b9/9d/24c4f0e661dd47203985c38c77aeeea46e53.udd" 2879
"C:/Users/emanu/AppData/Local/UnrealEngine/Common/DerivedDataCache/Buckets/LegacyDIST/ca/75/cff5c009cd7f0fab397ae8c3b30073534b16.udd" 2880
"C:/Users/emanu/AppData/Local/UnrealEngine/Common/DerivedDataCache/Buckets/LegacyCARD/6e/04/7811348d1fa0b60a67ef5c1403b2e9a7a436.udd" 2881
"C:/Users/emanu/AppData/Local/UnrealEngine/Common/DerivedDataCache/Buckets/StaticMesh/3f/69/e993a442137f04ae875576b4a0e0c0c73be6.udd" 2882
"C:/Users/emanu/AppData/Local/UnrealEngine/Common/DerivedDataCache/Buckets/LegacyDIST/fb/9c/df14d5a0da2096a550365b8a9c19ec120e21.udd" 2883
"C:/Users/emanu/AppData/Local/UnrealEngine/Common/DerivedDataCache/Buckets/LegacyCARD/1e/a3/791811542a21d188b35f6612960c87af24b9.udd" 2884
"../../Plugins/FX/Niagara/Content/ParameterDefinitions/SpriteRenderer.uasset" 2885
"../../Plugins/FX/Niagara/Content/ParameterDefinitions/RibbonRenderer.uasset" 2886
"../../Plugins/FX/Niagara/Content/ParameterDefinitions/MeshRenderer.uasset" 2887
"../../Plugins/FX/Niagara/Content/ParameterDefinitions/LightRenderer.uasset" 2888
"../../Plugins/FX/Niagara/Content/ParameterDefinitions/DecalRenderer.uasset" 2889
"../../Plugins/FX/Niagara/Content/ParameterDefinitions/CoreParameters.uasset" 2890
"../../../Engine/Content/EditorResources/SequenceRecorder/Countdown.uasset" 2891
"C:/Users/emanu/AppData/Local/UnrealEngine/Common/DerivedDataCache/Buckets/BulkDataList/75/55/483879c0dfb5417aa114757ba04b2d7e4c3e.udd" 2892
"../../../Engine/Content/EditorResources/SequenceRecorder/RecordingIndicator.uasset" 2893
"C:/Users/emanu/AppData/Local/UnrealEngine/Common/DerivedDataCache/Buckets/BulkDataList/1c/59/f1e22d62a9fb36a196006c9e0e0dfde276aa.udd" 2894
"../../../Engine/Content/EditorMaterials/PhAT_UnselectedMaterial.uasset" 2895
"../../../Engine/Content/EditorMaterials/PhAT_NoCollisionMaterial.uasset" 2896
"../../../Engine/Shaders/Public/Platform/Vulkan/VulkanCommon.ush" 2897
"../../../Engine/Shaders/Public/Platform/Vulkan/VulkanSubpassSupport.ush" 2898
"C:/Users/emanu/AppData/Local/UnrealEngine/Common/DerivedDataCache/Buckets/GlobalShaderMap/ba/34/6e236559e9652b736ae8443bb160657fdee9.udd" 2899
"C:/Users/emanu/AppData/Local/UnrealEngine/Common/DerivedDataCache/Buckets/GlobalShaderMap/58/ea/8654d43dfe2dca780a9ba3d8417e6de3e731.udd" 2900
"C:/Users/emanu/AppData/Local/UnrealEngine/Common/DerivedDataCache/Buckets/GlobalShaderMap/00/bd/6f6f3e724c7274822e41df543c977acc0384.udd" 2901
"C:/Users/emanu/AppData/Local/UnrealEngine/Common/DerivedDataCache/Buckets/GlobalShaderMap/ca/01/9d7ccecfa21cd3dc6a07e536a787217e4596.udd" 2902
"C:/Users/emanu/AppData/Local/UnrealEngine/Common/DerivedDataCache/Buckets/GlobalShaderMap/6f/fb/56caebd78ee616dca78af7bf0c76f8e52d02.udd" 2903
"C:/Users/emanu/AppData/Local/UnrealEngine/Common/DerivedDataCache/Buckets/GlobalShaderMap/e0/27/97e4c63ab4fa6532581c9353d6298f41f4c5.udd" 2904
"C:/Users/emanu/AppData/Local/UnrealEngine/Common/DerivedDataCache/Buckets/GlobalShaderMap/0a/6f/04bc36f1a9697a8fbb257f86c3c906cee672.udd" 2905
"C:/Users/emanu/AppData/Local/UnrealEngine/Common/DerivedDataCache/Buckets/GlobalShaderMap/6f/5b/ca09f55f6da55001163b80571b4e10e7aaca.udd" 2906
"C:/Users/emanu/AppData/Local/UnrealEngine/Common/DerivedDataCache/Buckets/GlobalShaderMap/e3/14/a9c20cd964038552decb2146ab5bae82ed9a.udd" 2907
"C:/Users/emanu/AppData/Local/UnrealEngine/Common/DerivedDataCache/Buckets/GlobalShaderMap/14/b9/1cf3216904779a6f4ecb78100b30ee66a851.udd" 2908
"C:/Users/emanu/AppData/Local/UnrealEngine/Common/DerivedDataCache/Buckets/GlobalShaderMap/c3/68/b35dda680a7b1d54989d1285f7557b24bd22.udd" 2909
"C:/Users/emanu/AppData/Local/UnrealEngine/Common/DerivedDataCache/Buckets/GlobalShaderMap/31/88/f9561ad8e5d92665cf3e40a90d47c561ad2a.udd" 2910
"C:/Users/emanu/AppData/Local/UnrealEngine/Common/DerivedDataCache/Buckets/GlobalShaderMap/23/2b/e339c2dbbc273c984317dfa61d1b975c669f.udd" 2911
"C:/Users/emanu/AppData/Local/UnrealEngine/Common/DerivedDataCache/Buckets/GlobalShaderMap/d7/7d/83a3b8c7a4ff1870f3b64ff12e1d388d5444.udd" 2912
"C:/Users/emanu/AppData/Local/UnrealEngine/Common/DerivedDataCache/Buckets/GlobalShaderMap/c4/06/2840affc21ded9004c9324db38e09277bda2.udd" 2913
"C:/Users/emanu/AppData/Local/UnrealEngine/Common/DerivedDataCache/Buckets/GlobalShaderMap/93/71/d65fd3db3bc6725580340e93e6d17cd88470.udd" 2914
"C:/Users/emanu/AppData/Local/UnrealEngine/Common/DerivedDataCache/Buckets/GlobalShaderMap/57/e5/550eadbb46806df2fea14956886284c92a18.udd" 2915
"C:/Users/emanu/AppData/Local/UnrealEngine/Common/DerivedDataCache/Buckets/GlobalShaderMap/26/60/346a4f8d9c48282419155bb075f4332d7b89.udd" 2916
"C:/Users/emanu/AppData/Local/UnrealEngine/Common/DerivedDataCache/Buckets/GlobalShaderMap/23/0f/22185c06f018c0a33799fea2d0a85f9cf5dc.udd" 2917
"C:/Users/emanu/AppData/Local/UnrealEngine/Common/DerivedDataCache/Buckets/GlobalShaderMap/4c/f8/745448a6f6e2673ac6913c0c26476aacec97.udd" 2918
"C:/Users/emanu/AppData/Local/UnrealEngine/Common/DerivedDataCache/Buckets/GlobalShaderMap/91/37/d12168443661fd585ddb4027f5f269f44269.udd" 2919
"C:/Users/emanu/AppData/Local/UnrealEngine/Common/DerivedDataCache/Buckets/GlobalShaderMap/e3/4a/b73743a273def4c4206fc4f8d212aed15361.udd" 2920
"C:/Users/emanu/AppData/Local/UnrealEngine/Common/DerivedDataCache/Buckets/GlobalShaderMap/6a/fe/cd7ee9f0566e9dbe523f8034861064f4b0a6.udd" 2921
"C:/Users/emanu/AppData/Local/UnrealEngine/Common/DerivedDataCache/Buckets/GlobalShaderMap/d8/72/0a96aace87878515c09dc7a26b42edad4e7f.udd" 2922
"C:/Users/emanu/AppData/Local/UnrealEngine/Common/DerivedDataCache/Buckets/GlobalShaderMap/78/1f/368fc610dbc5a47777893496e248f5717523.udd" 2923
"C:/Users/emanu/AppData/Local/UnrealEngine/Common/DerivedDataCache/Buckets/GlobalShaderMap/23/3d/90b5935582059df0598b18fb07de6006d61d.udd" 2924
"C:/Users/emanu/AppData/Local/UnrealEngine/Common/DerivedDataCache/Buckets/GlobalShaderMap/c9/7d/015c42c969cdba2fcd1bffed47fa491443cb.udd" 2925
"C:/Users/emanu/AppData/Local/UnrealEngine/Common/DerivedDataCache/Buckets/GlobalShaderMap/92/ad/7893e724d3e8b7b0d8c44c23d42247e8a230.udd" 2926
"C:/Users/emanu/AppData/Local/UnrealEngine/Common/DerivedDataCache/Buckets/GlobalShaderMap/07/af/7f256b014aab51a6e77537db0619d5f347df.udd" 2927
"C:/Users/emanu/AppData/Local/UnrealEngine/Common/DerivedDataCache/Buckets/GlobalShaderMap/8c/2c/a1987f0e0d400fe01115541fd9915ad8a65a.udd" 2928
"C:/Users/emanu/AppData/Local/UnrealEngine/Common/DerivedDataCache/Buckets/GlobalShaderMap/61/8a/c8537a06567df583cf4c10923830f946cf2f.udd" 2929
"C:/Users/emanu/AppData/Local/UnrealEngine/Common/DerivedDataCache/Buckets/GlobalShaderMap/9c/95/f174ec988629bb34871e6114d05d24b23855.udd" 2930
"C:/Users/emanu/AppData/Local/UnrealEngine/Common/DerivedDataCache/Buckets/GlobalShaderMap/91/5b/fcf13db19b8646e801cc4a4129445f76ac6f.udd" 2931
"C:/Users/emanu/AppData/Local/UnrealEngine/Common/DerivedDataCache/Buckets/GlobalShaderMap/e1/a2/315cff3d76a9498a45c0a758b83877167416.udd" 2932
"C:/Users/emanu/AppData/Local/UnrealEngine/Common/DerivedDataCache/Buckets/GlobalShaderMap/4c/c4/d458dde67f564a900f2945465da8d757dc33.udd" 2933
"C:/Users/emanu/AppData/Local/UnrealEngine/Common/DerivedDataCache/Buckets/GlobalShaderMap/02/a1/04300a1b5da798d60f10b063e5816c2afdb9.udd" 2934
"C:/Users/emanu/AppData/Local/UnrealEngine/Common/DerivedDataCache/Buckets/GlobalShaderMap/71/a2/bc17c6d844f09e0c292d16b4b59b763ae346.udd" 2935
"C:/Users/emanu/AppData/Local/UnrealEngine/Common/DerivedDataCache/Buckets/GlobalShaderMap/a1/1b/7e63f9469caa587b827c688a70b5fce3e62f.udd" 2936
"C:/Users/emanu/AppData/Local/UnrealEngine/Common/DerivedDataCache/Buckets/GlobalShaderMap/d2/bd/e5c486d78c6c3881afc5b7134326e7a99b33.udd" 2937
"C:/Users/emanu/AppData/Local/UnrealEngine/Common/DerivedDataCache/Buckets/GlobalShaderMap/cb/34/ff4c6b408e74771df5b703fcd0b5a89ef1ab.udd" 2938
"C:/Users/emanu/AppData/Local/UnrealEngine/Common/DerivedDataCache/Buckets/GlobalShaderMap/f5/fc/3206bcecae17997cf7b0e998ae2ca2582881.udd" 2939
"C:/Users/emanu/AppData/Local/UnrealEngine/Common/DerivedDataCache/Buckets/GlobalShaderMap/cf/90/610e39350d121dd0d7c63d1c658ef66cbd63.udd" 2940
"C:/Users/emanu/AppData/Local/UnrealEngine/Common/DerivedDataCache/Buckets/GlobalShaderMap/c7/fd/25b37873ea1468d7a8c7665ec901968d1f10.udd" 2941
"C:/Users/emanu/AppData/Local/UnrealEngine/Common/DerivedDataCache/Buckets/GlobalShaderMap/0f/6b/e1032d6d61a159adab47b82a967a7d4860fe.udd" 2942
"C:/Users/emanu/AppData/Local/UnrealEngine/Common/DerivedDataCache/Buckets/GlobalShaderMap/16/2a/a380a2dbb6ed6cfae8c1db455d0d5172cef7.udd" 2943
"C:/Users/emanu/AppData/Local/UnrealEngine/Common/DerivedDataCache/Buckets/GlobalShaderMap/18/05/960bec8875d72c74e3883eb42173fdcfba0c.udd" 2944
"C:/Users/emanu/AppData/Local/UnrealEngine/Common/DerivedDataCache/Buckets/GlobalShaderMap/61/31/05982e3f410ccc0354d6dad53aee825d9a83.udd" 2945
"C:/Users/emanu/AppData/Local/UnrealEngine/Common/DerivedDataCache/Buckets/GlobalShaderMap/ae/40/1a6d1a6ecfd2bf0c4df38a9c3f05f034b5d1.udd" 2946
"C:/Users/emanu/AppData/Local/UnrealEngine/Common/DerivedDataCache/Buckets/GlobalShaderMap/4f/86/44cd371c43d62b0be30660dc3fec2b8b9f07.udd" 2947
"C:/Users/emanu/AppData/Local/UnrealEngine/Common/DerivedDataCache/Buckets/GlobalShaderMap/60/22/518804ab49b5d07fe1885c2a90b097d0a5a1.udd" 2948
"C:/Users/emanu/AppData/Local/UnrealEngine/Common/DerivedDataCache/Buckets/GlobalShaderMap/a2/f4/468ad6c7d9693c400c36731b751fad71dbe0.udd" 2949
"C:/Users/emanu/AppData/Local/UnrealEngine/Common/DerivedDataCache/Buckets/GlobalShaderMap/52/78/aaab235694b5fcad8c5da9a6fe0dcbaec409.udd" 2950
"C:/Users/emanu/AppData/Local/UnrealEngine/Common/DerivedDataCache/Buckets/GlobalShaderMap/78/a9/4aadc06e4929b168b5c1aa0237bd336d85d2.udd" 2951
"C:/Users/emanu/AppData/Local/UnrealEngine/Common/DerivedDataCache/Buckets/GlobalShaderMap/1c/5c/d48dec348fb16ac29789039237f84b7d2a25.udd" 2952
"C:/Users/emanu/AppData/Local/UnrealEngine/Common/DerivedDataCache/Buckets/GlobalShaderMap/15/1d/02668ce9394cc80279424b8b8cf51485b7cf.udd" 2953
"C:/Users/emanu/AppData/Local/UnrealEngine/Common/DerivedDataCache/Buckets/GlobalShaderMap/56/5c/e057bdafeb3a9f4fce46bf41c9d4c01f426e.udd" 2954
"C:/Users/emanu/AppData/Local/UnrealEngine/Common/DerivedDataCache/Buckets/GlobalShaderMap/07/dd/77cf38023460801f49c13d35f7a702a5eb6e.udd" 2955
"C:/Users/emanu/AppData/Local/UnrealEngine/Common/DerivedDataCache/Buckets/GlobalShaderMap/30/66/39a1031e1f19fef7f771068df2f19a16914f.udd" 2956
"C:/Users/emanu/AppData/Local/UnrealEngine/Common/DerivedDataCache/Buckets/GlobalShaderMap/3c/e0/9dcef3bafb021a4f24681300e2872c32c241.udd" 2957
"C:/Users/emanu/AppData/Local/UnrealEngine/Common/DerivedDataCache/Buckets/GlobalShaderMap/5f/fe/4c5fb5b8cde03ee5fd5c6aacc6c9e44a56d9.udd" 2958
"C:/Users/emanu/AppData/Local/UnrealEngine/Common/DerivedDataCache/Buckets/GlobalShaderMap/65/f3/0d63ab781a280f84429e27bfb27d198bac07.udd" 2959
"C:/Users/emanu/AppData/Local/UnrealEngine/Common/DerivedDataCache/Buckets/GlobalShaderMap/8c/cf/5adde9e4bd27e251218bfbd83fdfdd862252.udd" 2960
"C:/Users/emanu/AppData/Local/UnrealEngine/Common/DerivedDataCache/Buckets/GlobalShaderMap/34/11/a0f04dbeb535b46cc2bb8cc1695e4e4faf20.udd" 2961
"C:/Users/emanu/AppData/Local/UnrealEngine/Common/DerivedDataCache/Buckets/GlobalShaderMap/53/2b/93e1584c7e98e86eb1629918e7d2911387c4.udd" 2962
"C:/Users/emanu/AppData/Local/UnrealEngine/Common/DerivedDataCache/Buckets/GlobalShaderMap/76/e3/89f472e65bfe01241f32b2ebb20fa4937a82.udd" 2963
"C:/Users/emanu/AppData/Local/UnrealEngine/Common/DerivedDataCache/Buckets/GlobalShaderMap/f7/f8/02cd471b31e514ccb3db9075553e1605c905.udd" 2964
"C:/Users/emanu/AppData/Local/UnrealEngine/Common/DerivedDataCache/Buckets/GlobalShaderMap/6d/f5/4b4df964711822583594286183f1dcbb112c.udd" 2965
"C:/Users/emanu/AppData/Local/UnrealEngine/Common/DerivedDataCache/Buckets/GlobalShaderMap/dd/fc/7a7991c5a33d74c50edda872efd1c3a845cb.udd" 2966
"C:/Users/emanu/AppData/Local/UnrealEngine/Common/DerivedDataCache/Buckets/GlobalShaderMap/db/1a/7a650a09bf50112506886bf16ccf3cdb8289.udd" 2967
"C:/Users/emanu/AppData/Local/UnrealEngine/Common/DerivedDataCache/Buckets/GlobalShaderMap/03/e8/34d1fccb007ec6322cbc54a2e09398e3291d.udd" 2968
"C:/Users/emanu/AppData/Local/UnrealEngine/Common/DerivedDataCache/Buckets/GlobalShaderMap/ee/5e/9d6cf4a05f40faed4e261dcf79a0145890f5.udd" 2969
"C:/Users/emanu/AppData/Local/UnrealEngine/Common/DerivedDataCache/Buckets/GlobalShaderMap/9c/68/0691c576b23c05b94d9f80f7c4865cbc0834.udd" 2970
"C:/Users/emanu/AppData/Local/UnrealEngine/Common/DerivedDataCache/Buckets/GlobalShaderMap/48/b7/63b5ec46e0ec60aed4daa3ab5bd0e385c153.udd" 2971
"C:/Users/emanu/AppData/Local/UnrealEngine/Common/DerivedDataCache/Buckets/GlobalShaderMap/5e/3f/7b003f22149529728afffdce1496267fdb65.udd" 2972
"C:/Users/emanu/AppData/Local/UnrealEngine/Common/DerivedDataCache/Buckets/GlobalShaderMap/58/36/a0629f2465e5102246e5dbd99b0195aaecea.udd" 2973
"C:/Users/emanu/AppData/Local/UnrealEngine/Common/DerivedDataCache/Buckets/GlobalShaderMap/ba/4d/00c30261b9eb3b73381068f4fe3604be99c2.udd" 2974
"C:/Users/emanu/AppData/Local/UnrealEngine/Common/DerivedDataCache/Buckets/GlobalShaderMap/09/fd/4e3d6026e73d7a8e7d9bbaa58c7436457ee3.udd" 2975
"C:/Users/emanu/AppData/Local/UnrealEngine/Common/DerivedDataCache/Buckets/GlobalShaderMap/e5/71/e682f5306439d556a5b986103479edaaaf38.udd" 2976
"C:/Users/emanu/AppData/Local/UnrealEngine/Common/DerivedDataCache/Buckets/GlobalShaderMap/74/e5/47df8b5a1780cebe090f7f2c4dfbaa2a8c73.udd" 2977
"C:/Users/emanu/AppData/Local/UnrealEngine/Common/DerivedDataCache/Buckets/GlobalShaderMap/b7/46/339902abbdcc9c0168954799637b0ddb7e49.udd" 2978
"C:/Users/emanu/AppData/Local/UnrealEngine/Common/DerivedDataCache/Buckets/GlobalShaderMap/3b/2b/48dd6c1ee37a4c3e7a46dc72daa31c341278.udd" 2979
"C:/Users/emanu/AppData/Local/UnrealEngine/Common/DerivedDataCache/Buckets/GlobalShaderMap/0c/59/d45c20e5c82a6ebeff6d7e2e58a43149fd37.udd" 2980
"C:/Users/emanu/AppData/Local/UnrealEngine/Common/DerivedDataCache/Buckets/GlobalShaderMap/54/e5/a93f6b9b962137762fae4602038db98bc591.udd" 2981
"C:/Users/emanu/AppData/Local/UnrealEngine/Common/DerivedDataCache/Buckets/GlobalShaderMap/a0/d5/8497c446c8c8cd9cc578f71b8180ecf22612.udd" 2982
"C:/Users/emanu/AppData/Local/UnrealEngine/Common/DerivedDataCache/Buckets/GlobalShaderMap/da/0b/d8355f5a948b48698a7391f3cccef0286da8.udd" 2983
"C:/Users/emanu/AppData/Local/UnrealEngine/Common/DerivedDataCache/Buckets/GlobalShaderMap/16/4a/9bf635e1f1e3e1fb42cc3243b1531a61621d.udd" 2984
"C:/Users/emanu/AppData/Local/UnrealEngine/Common/DerivedDataCache/Buckets/GlobalShaderMap/2f/18/10b6e36ec269ad97d1f9bf0770b3cf3e3342.udd" 2985
"C:/Users/emanu/AppData/Local/UnrealEngine/Common/DerivedDataCache/Buckets/GlobalShaderMap/1e/45/d001f5b8ea6177cb862209cbddb32659c7ca.udd" 2986
"C:/Users/emanu/AppData/Local/UnrealEngine/Common/DerivedDataCache/Buckets/GlobalShaderMap/0e/47/a664789488c5126f7c868d119d4fe1574776.udd" 2987
"C:/Users/emanu/AppData/Local/UnrealEngine/Common/DerivedDataCache/Buckets/GlobalShaderMap/74/99/858b9df228b4e8b76f25a928cf4e20244213.udd" 2988
"C:/Users/emanu/AppData/Local/UnrealEngine/Common/DerivedDataCache/Buckets/GlobalShaderMap/48/df/fc82beb576bb241943474181bd41b3f6ad73.udd" 2989
"C:/Users/emanu/AppData/Local/UnrealEngine/Common/DerivedDataCache/Buckets/GlobalShaderMap/63/da/6803f7ea1a825b67c379b081fb73f910e3ba.udd" 2990
"C:/Users/emanu/AppData/Local/UnrealEngine/Common/DerivedDataCache/Buckets/GlobalShaderMap/e9/a5/3280b676cd862b1f949bf07c31cf711e189b.udd" 2991
"C:/Users/emanu/AppData/Local/UnrealEngine/Common/DerivedDataCache/Buckets/GlobalShaderMap/ab/a5/a483d5d24ed4853868edbbf7c74dd7ca2b86.udd" 2992
"C:/Users/emanu/AppData/Local/UnrealEngine/Common/DerivedDataCache/Buckets/GlobalShaderMap/29/a8/fba472d1025bc74270233f707d67e0330d6a.udd" 2993
"C:/Users/emanu/AppData/Local/UnrealEngine/Common/DerivedDataCache/Buckets/GlobalShaderMap/70/43/3ac8f54162ede65eae243b0f47c4d12d2b60.udd" 2994
"C:/Users/emanu/AppData/Local/UnrealEngine/Common/DerivedDataCache/Buckets/GlobalShaderMap/57/54/885db1c8201c7d33eeb44252613cb109cb5e.udd" 2995
"../../../Engine/Shaders/Public/Platform/GL/GLCommon.ush" 2996
"../../../Engine/Shaders/Public/Platform/GL/GLSubpassSupport.ush" 2997
"C:/Users/emanu/AppData/Local/UnrealEngine/Common/DerivedDataCache/Buckets/GlobalShaderMap/c1/e9/f54cfc7127ec1e7bfc5ac3858e4ab939a86e.udd" 2998
"C:/Users/emanu/AppData/Local/UnrealEngine/Common/DerivedDataCache/Buckets/GlobalShaderMap/a3/19/bb34a7f52b40509efde9ce32b0d8e28d68cb.udd" 2999
"C:/Users/emanu/AppData/Local/UnrealEngine/Common/DerivedDataCache/Buckets/GlobalShaderMap/c4/94/960d3d9e22d3e23b954dc1da4ca93637cc80.udd" 3000
"C:/Users/emanu/AppData/Local/UnrealEngine/Common/DerivedDataCache/Buckets/GlobalShaderMap/8e/07/e0dff2342346fc07386aa66d811cf8f8747d.udd" 3001
"C:/Users/emanu/AppData/Local/UnrealEngine/Common/DerivedDataCache/Buckets/GlobalShaderMap/6a/47/90ed7bce539ed8cca71a42bf4e136677d119.udd" 3002
"C:/Users/emanu/AppData/Local/UnrealEngine/Common/DerivedDataCache/Buckets/GlobalShaderMap/3e/e4/fefce03a4bccc784bd8ec315a62c6e29a37b.udd" 3003
"C:/Users/emanu/AppData/Local/UnrealEngine/Common/DerivedDataCache/Buckets/GlobalShaderMap/ae/23/6efce53742ef385b292806dfaa55677c7391.udd" 3004
"C:/Users/emanu/AppData/Local/UnrealEngine/Common/DerivedDataCache/Buckets/GlobalShaderMap/82/f8/d2b9c9be721041ee5dccb8022c74529b8864.udd" 3005
"C:/Users/emanu/AppData/Local/UnrealEngine/Common/DerivedDataCache/Buckets/GlobalShaderMap/bf/65/3c55c2043afa9712759979bf79eebf3769e5.udd" 3006
"C:/Users/emanu/AppData/Local/UnrealEngine/Common/DerivedDataCache/Buckets/GlobalShaderMap/fb/c1/a5ff6b18cbcae962a4680d7e8f5d6e0ac139.udd" 3007
"C:/Users/emanu/AppData/Local/UnrealEngine/Common/DerivedDataCache/Buckets/GlobalShaderMap/bc/c2/99135073daefdc11ee2d064f243b15fd07e7.udd" 3008
"C:/Users/emanu/AppData/Local/UnrealEngine/Common/DerivedDataCache/Buckets/GlobalShaderMap/db/e6/802e6780ee8a694b371d535e670c4d73bab3.udd" 3009
"C:/Users/emanu/AppData/Local/UnrealEngine/Common/DerivedDataCache/Buckets/GlobalShaderMap/d4/99/a315e03b7296beb5b228122e5e521c83e0a3.udd" 3010
"C:/Users/emanu/AppData/Local/UnrealEngine/Common/DerivedDataCache/Buckets/GlobalShaderMap/08/91/86c29dbe05d268f4f6fde839dca8d082f83a.udd" 3011
"C:/Users/emanu/AppData/Local/UnrealEngine/Common/DerivedDataCache/Buckets/GlobalShaderMap/00/a1/8c5a519dbe1c2b9e4b6c893d964819f38c8b.udd" 3012
"C:/Users/emanu/AppData/Local/UnrealEngine/Common/DerivedDataCache/Buckets/GlobalShaderMap/47/16/4d96b25f6e2f56a320f7d4a74541ea7ee798.udd" 3013
"C:/Users/emanu/AppData/Local/UnrealEngine/Common/DerivedDataCache/Buckets/GlobalShaderMap/71/b4/123a8c6455fcdcfa0039baecc2636f5b0244.udd" 3014
"C:/Users/emanu/AppData/Local/UnrealEngine/Common/DerivedDataCache/Buckets/GlobalShaderMap/6f/35/d83ea2d2fec5862762f8d50203558c4469e0.udd" 3015
"C:/Users/emanu/AppData/Local/UnrealEngine/Common/DerivedDataCache/Buckets/GlobalShaderMap/b7/00/67146c5bf30cc637d142a61e762bd8548649.udd" 3016
"C:/Users/emanu/AppData/Local/UnrealEngine/Common/DerivedDataCache/Buckets/GlobalShaderMap/41/aa/60d54b2942639b0ddaddc92e3e3e738921d5.udd" 3017
"C:/Users/emanu/AppData/Local/UnrealEngine/Common/DerivedDataCache/Buckets/GlobalShaderMap/14/48/aee6a41d68e51e9f286561fa816f0b829c32.udd" 3018
"C:/Users/emanu/AppData/Local/UnrealEngine/Common/DerivedDataCache/Buckets/GlobalShaderMap/bf/f1/908488f925d01b8fe4c0af7da8ca52f56509.udd" 3019
"C:/Users/emanu/AppData/Local/UnrealEngine/Common/DerivedDataCache/Buckets/GlobalShaderMap/3b/47/62770e773cf7d69ef08040b1329aaef46237.udd" 3020
"C:/Users/emanu/AppData/Local/UnrealEngine/Common/DerivedDataCache/Buckets/GlobalShaderMap/fe/32/aa1313513fda5731eac8a08612d65fa9b375.udd" 3021
"C:/Users/emanu/AppData/Local/UnrealEngine/Common/DerivedDataCache/Buckets/GlobalShaderMap/6f/a9/b50450495b986f7bea152eafcd6c5b7bc38d.udd" 3022
"C:/Users/emanu/AppData/Local/UnrealEngine/Common/DerivedDataCache/Buckets/GlobalShaderMap/e6/ff/e2e38e21571988f5abf29a62785e25fc4e8d.udd" 3023
"C:/Users/emanu/AppData/Local/UnrealEngine/Common/DerivedDataCache/Buckets/GlobalShaderMap/58/07/521b26ebf1dd4c9b5cad72e66f6cd72cb155.udd" 3024
"C:/Users/emanu/AppData/Local/UnrealEngine/Common/DerivedDataCache/Buckets/GlobalShaderMap/74/62/b53ee274340f76b4b52fc6994c0353d4a87f.udd" 3025
"C:/Users/emanu/AppData/Local/UnrealEngine/Common/DerivedDataCache/Buckets/GlobalShaderMap/1f/85/bf1352e60a41bf998f7bf7197f339fd25d86.udd" 3026
"C:/Users/emanu/AppData/Local/UnrealEngine/Common/DerivedDataCache/Buckets/GlobalShaderMap/cf/fc/cef3d9292cf69792da805c098f590c471634.udd" 3027
"C:/Users/emanu/AppData/Local/UnrealEngine/Common/DerivedDataCache/Buckets/GlobalShaderMap/28/94/3ee9d1c0e0941d6674d0c479187ff4411b5f.udd" 3028
"C:/Users/emanu/AppData/Local/UnrealEngine/Common/DerivedDataCache/Buckets/GlobalShaderMap/62/9e/8a995d873d32818ca1cc9114cef6d63641ec.udd" 3029
"C:/Users/emanu/AppData/Local/UnrealEngine/Common/DerivedDataCache/Buckets/GlobalShaderMap/9c/bb/42be5d850ac3ff022c0e66d877cb47cbb5b3.udd" 3030
"C:/Users/emanu/AppData/Local/UnrealEngine/Common/DerivedDataCache/Buckets/GlobalShaderMap/3b/26/f01e8d2f589bd31d2f2fbde2d271b74ac1a4.udd" 3031
"C:/Users/emanu/AppData/Local/UnrealEngine/Common/DerivedDataCache/Buckets/GlobalShaderMap/1f/1d/8b7093db94f186b5e159fa036b82dab18005.udd" 3032
"C:/Users/emanu/AppData/Local/UnrealEngine/Common/DerivedDataCache/Buckets/GlobalShaderMap/48/38/fec500677ab2adcf908b168cb1ba813efef8.udd" 3033
"C:/Users/emanu/AppData/Local/UnrealEngine/Common/DerivedDataCache/Buckets/GlobalShaderMap/f2/bf/669b179823bbe2cc1348ac16fa1bd19e5a85.udd" 3034
"C:/Users/emanu/AppData/Local/UnrealEngine/Common/DerivedDataCache/Buckets/GlobalShaderMap/d5/aa/d5478dffb7e39c8affb37853891e135e7a90.udd" 3035
"C:/Users/emanu/AppData/Local/UnrealEngine/Common/DerivedDataCache/Buckets/GlobalShaderMap/25/99/f3e654be44fa6129f604398567e8addea442.udd" 3036
"C:/Users/emanu/AppData/Local/UnrealEngine/Common/DerivedDataCache/Buckets/GlobalShaderMap/f2/df/4f02cf178675e3e43013dfd4cca76bdfef9f.udd" 3037
"C:/Users/emanu/AppData/Local/UnrealEngine/Common/DerivedDataCache/Buckets/GlobalShaderMap/86/f6/660dc1d0e2011e408a5086d7d3db740c8fe9.udd" 3038
"C:/Users/emanu/AppData/Local/UnrealEngine/Common/DerivedDataCache/Buckets/GlobalShaderMap/23/ed/21f1894ff9d6209f9a11d3d4077533327a18.udd" 3039
"C:/Users/emanu/AppData/Local/UnrealEngine/Common/DerivedDataCache/Buckets/GlobalShaderMap/c2/55/52b45c20d3c76f543189ce74202819742a1a.udd" 3040
"C:/Users/emanu/AppData/Local/UnrealEngine/Common/DerivedDataCache/Buckets/GlobalShaderMap/31/a6/eef00ab86b0c940b08d49590834936db5166.udd" 3041
"C:/Users/emanu/AppData/Local/UnrealEngine/Common/DerivedDataCache/Buckets/GlobalShaderMap/a2/26/400d7e9f6778ad9ddd34792142af023ac38e.udd" 3042
"C:/Users/emanu/AppData/Local/UnrealEngine/Common/DerivedDataCache/Buckets/GlobalShaderMap/13/de/4a3be7bb7507ff342481e481e3c72a022384.udd" 3043
"C:/Users/emanu/AppData/Local/UnrealEngine/Common/DerivedDataCache/Buckets/GlobalShaderMap/94/1a/129018d979bd49582e48ddc3d762ef8f6102.udd" 3044
"C:/Users/emanu/AppData/Local/UnrealEngine/Common/DerivedDataCache/Buckets/GlobalShaderMap/fb/da/c69c1d10aa355b131c413ca2c8846e65e057.udd" 3045
"C:/Users/emanu/AppData/Local/UnrealEngine/Common/DerivedDataCache/Buckets/GlobalShaderMap/61/ac/a67d7eb32aed313ce060bf3a5ba1ab668361.udd" 3046
"C:/Users/emanu/AppData/Local/UnrealEngine/Common/DerivedDataCache/Buckets/GlobalShaderMap/b5/06/969d6c151c1a3e0f4e7b8f3b39ca75d3be3e.udd" 3047
"C:/Users/emanu/AppData/Local/UnrealEngine/Common/DerivedDataCache/Buckets/GlobalShaderMap/31/34/ddbe925194aa4c9e867ff3928859dc1aca09.udd" 3048
"C:/Users/emanu/AppData/Local/UnrealEngine/Common/DerivedDataCache/Buckets/GlobalShaderMap/ac/c7/6f9518ef43b98bf3cc9d82bb0d4e5ff1da28.udd" 3049
"C:/Users/emanu/AppData/Local/UnrealEngine/Common/DerivedDataCache/Buckets/GlobalShaderMap/5f/5f/9d2a3f22ef2d8d7b976d68ae992c58626253.udd" 3050
"C:/Users/emanu/AppData/Local/UnrealEngine/Common/DerivedDataCache/Buckets/GlobalShaderMap/30/a6/ac2034ad77f3ef4b97d6fe90a6f5bf32f3ed.udd" 3051
"C:/Users/emanu/AppData/Local/UnrealEngine/Common/DerivedDataCache/Buckets/GlobalShaderMap/dc/90/048835d718bba1bc9b48a3a9bf511906d4b0.udd" 3052
"C:/Users/emanu/AppData/Local/UnrealEngine/Common/DerivedDataCache/Buckets/GlobalShaderMap/7b/09/506cd4bb39dfd8a790d6274c34fb3e4dfa58.udd" 3053
"C:/Users/emanu/AppData/Local/UnrealEngine/Common/DerivedDataCache/Buckets/GlobalShaderMap/d5/62/55a93a8be8bf89c7fae698c25d5e99323a57.udd" 3054
"C:/Users/emanu/AppData/Local/UnrealEngine/Common/DerivedDataCache/Buckets/GlobalShaderMap/70/fe/0125fb380c157693ea68ae6f84ed505d699d.udd" 3055
"C:/Users/emanu/AppData/Local/UnrealEngine/Common/DerivedDataCache/Buckets/GlobalShaderMap/34/f8/4b92cd2ece3aa769b20edf36c3ea740ef44a.udd" 3056
"C:/Users/emanu/AppData/Local/UnrealEngine/Common/DerivedDataCache/Buckets/GlobalShaderMap/39/db/c7afe926c78b70923dc4232d253158129ade.udd" 3057
"C:/Users/emanu/AppData/Local/UnrealEngine/Common/DerivedDataCache/Buckets/GlobalShaderMap/3a/4c/eec2d5936c47e10248f8457fc35811b37fcd.udd" 3058
"C:/Users/emanu/AppData/Local/UnrealEngine/Common/DerivedDataCache/Buckets/GlobalShaderMap/da/d9/0fb6fdf3e33568808a9474200a48c824de31.udd" 3059
"C:/Users/emanu/AppData/Local/UnrealEngine/Common/DerivedDataCache/Buckets/GlobalShaderMap/67/16/f1f94c97bf7576cdaa6737cb9f8132939520.udd" 3060
"C:/Users/emanu/AppData/Local/UnrealEngine/Common/DerivedDataCache/Buckets/GlobalShaderMap/34/c6/cdb6536e5ef8f3a81c671b552381579281a2.udd" 3061
"C:/Users/emanu/AppData/Local/UnrealEngine/Common/DerivedDataCache/Buckets/GlobalShaderMap/e8/b1/98be7144644d370faac7d3f901ab2f73b979.udd" 3062
"C:/Users/emanu/AppData/Local/UnrealEngine/Common/DerivedDataCache/Buckets/GlobalShaderMap/91/f1/8cbccba97148d96939e447c30fdafc7f0ab3.udd" 3063
"C:/Users/emanu/AppData/Local/UnrealEngine/Common/DerivedDataCache/Buckets/GlobalShaderMap/8c/d0/25be59010871423c5b5377f36712154221a7.udd" 3064
"C:/Users/emanu/AppData/Local/UnrealEngine/Common/DerivedDataCache/Buckets/GlobalShaderMap/4e/4d/616f3633429456e16a6bb6ad3695864759b8.udd" 3065
"C:/Users/emanu/AppData/Local/UnrealEngine/Common/DerivedDataCache/Buckets/GlobalShaderMap/6a/32/467d48f3bd55d82a5f5fd5ad43fae73a0615.udd" 3066
"C:/Users/emanu/AppData/Local/UnrealEngine/Common/DerivedDataCache/Buckets/GlobalShaderMap/19/b1/383d018edd53e5f0b71d475fbeb6a8e386f3.udd" 3067
"C:/Users/emanu/AppData/Local/UnrealEngine/Common/DerivedDataCache/Buckets/GlobalShaderMap/72/24/a731de235e264947787df29d6d2ef35d33f5.udd" 3068
"C:/Users/emanu/AppData/Local/UnrealEngine/Common/DerivedDataCache/Buckets/GlobalShaderMap/8e/d6/f6a91af83dabc8006dd9e034285c73eaec4c.udd" 3069
"C:/Users/emanu/AppData/Local/UnrealEngine/Common/DerivedDataCache/Buckets/GlobalShaderMap/32/1b/91fa5989df688b1af64f691cb6920c22d895.udd" 3070
"C:/Users/emanu/AppData/Local/UnrealEngine/Common/DerivedDataCache/Buckets/GlobalShaderMap/56/9a/ac357e2902efd7e48ff7d8e5d44efaf07af9.udd" 3071
"C:/Users/emanu/AppData/Local/UnrealEngine/Common/DerivedDataCache/Buckets/GlobalShaderMap/19/a5/c363fdcf28b4417e380d05341ccee878b2b0.udd" 3072
"C:/Users/emanu/AppData/Local/UnrealEngine/Common/DerivedDataCache/Buckets/GlobalShaderMap/a9/ed/c2207a2e76124d9b2263cb749a2934d71fad.udd" 3073
"C:/Users/emanu/AppData/Local/UnrealEngine/Common/DerivedDataCache/Buckets/GlobalShaderMap/b5/2b/e28bcb21ecf8117d69cc671623903cdf9eaf.udd" 3074
"C:/Users/emanu/AppData/Local/UnrealEngine/Common/DerivedDataCache/Buckets/GlobalShaderMap/a1/c6/a33438c099049bd9cd176432af68b45953d2.udd" 3075
"C:/Users/emanu/AppData/Local/UnrealEngine/Common/DerivedDataCache/Buckets/GlobalShaderMap/9b/24/c7d5e65517b5d69abfad5e8d336640368f44.udd" 3076
"C:/Users/emanu/AppData/Local/UnrealEngine/Common/DerivedDataCache/Buckets/GlobalShaderMap/06/fc/68c7d337d02741dceaa8d85d2d7968f6cdeb.udd" 3077
"C:/Users/emanu/AppData/Local/UnrealEngine/Common/DerivedDataCache/Buckets/GlobalShaderMap/fc/d2/8c8e64505905e18860bc5681356b5db531c2.udd" 3078
"C:/Users/emanu/AppData/Local/UnrealEngine/Common/DerivedDataCache/Buckets/GlobalShaderMap/66/a4/f7153ed97f105203b99a1656826744a963c2.udd" 3079
"C:/Users/emanu/AppData/Local/UnrealEngine/Common/DerivedDataCache/Buckets/GlobalShaderMap/fa/b1/7b12c2db3536aa497a9df432807014c8b93e.udd" 3080
"C:/Users/emanu/AppData/Local/UnrealEngine/Common/DerivedDataCache/Buckets/GlobalShaderMap/7a/ff/95ba149aa42b1d420531bcc2120311f21c46.udd" 3081
"C:/Users/emanu/AppData/Local/UnrealEngine/Common/DerivedDataCache/Buckets/GlobalShaderMap/f0/50/c1d07edb000fbc042d5de734a583cb208a2d.udd" 3082
"C:/Users/emanu/AppData/Local/UnrealEngine/Common/DerivedDataCache/Buckets/GlobalShaderMap/c9/69/86a1113db56e318fc65086af537da1424467.udd" 3083
"C:/Users/emanu/AppData/Local/UnrealEngine/Common/DerivedDataCache/Buckets/GlobalShaderMap/75/a3/4dbcab9b867dac39c716eb9ba6b6434fafdd.udd" 3084
"C:/Users/emanu/AppData/Local/UnrealEngine/Common/DerivedDataCache/Buckets/GlobalShaderMap/f7/14/e716f1527590e1011b57b546a3666abe0287.udd" 3085
"C:/Users/emanu/AppData/Local/UnrealEngine/Common/DerivedDataCache/Buckets/GlobalShaderMap/fe/e8/0b6a2e4d65d3e23e64c81ba7d58ed822f610.udd" 3086
"C:/Users/emanu/AppData/Local/UnrealEngine/Common/DerivedDataCache/Buckets/GlobalShaderMap/07/d3/0a8abf78abbca9d4543363d27d2c1b77c7d8.udd" 3087
"C:/Users/emanu/AppData/Local/UnrealEngine/Common/DerivedDataCache/Buckets/GlobalShaderMap/5e/8b/bd6e101530d6921fceaf281f2d248a54dc70.udd" 3088
"C:/Users/emanu/AppData/Local/UnrealEngine/Common/DerivedDataCache/Buckets/GlobalShaderMap/3d/d3/57e3617a755684d95f1c50165a1ce19bf191.udd" 3089
"C:/Users/emanu/AppData/Local/UnrealEngine/Common/DerivedDataCache/Buckets/GlobalShaderMap/6a/91/dfd77c1d80bfe5eeacd0b3ffff6f8ae30a94.udd" 3090
"C:/Users/emanu/AppData/Local/UnrealEngine/Common/DerivedDataCache/Buckets/GlobalShaderMap/a7/6b/1665625f6d449bf99cc832719225018278dc.udd" 3091
"C:/Users/emanu/AppData/Local/UnrealEngine/Common/DerivedDataCache/Buckets/GlobalShaderMap/58/b7/709ef531f7e24fb59a063397d3c99df962a1.udd" 3092
"C:/Users/emanu/AppData/Local/UnrealEngine/Common/DerivedDataCache/Buckets/GlobalShaderMap/05/f8/be66c9b3ddee01c6ca01245ab1af84230ea8.udd" 3093
"C:/Users/emanu/AppData/Local/UnrealEngine/Common/DerivedDataCache/Buckets/GlobalShaderMap/b9/93/ff56eb6272c8b40addfcd0f4d91297082431.udd" 3094
"../../../Engine/Plugins/Animation/ControlRig/Content/Controls/ControlRigGizmoMaterial.uasset" 3095
"../../../Engine/Plugins/Interchange/Runtime/Content/Pipelines/DefaultSceneLevelPipeline.uasset" 3096
"../../../Engine/Plugins/Interchange/Runtime/Content/Pipelines/DefaultSceneAssetsPipeline.uasset" 3097
"../../../Engine/Plugins/Interchange/Runtime/Content/Pipelines/DefaultTexturePipeline.uasset" 3098
"../../../Engine/Plugins/Interchange/Runtime/Content/Pipelines/DefaultMaterialPipeline.uasset" 3099
"../../../Engine/Plugins/Interchange/Runtime/Content/Pipelines/DefaultAssetsPipeline.uasset" 3100
"../../../Engine/Content/EngineMaterials/STBlueNoise_vec2_128x128x64.uasset" 3101
"../../../Engine/Content/EngineMaterials/STBlueNoise_scalar_128x128x64.uasset" 3102
"../../../Engine/Content/EngineDebugMaterials/DebugEditorMaterial.uasset" 3103
"../../../Engine/Content/EngineResources/FilmGrains/Marcie_Grain_v3_128_M2_000.uasset" 3104
"../../../Engine/Content/EditorResources/BSPVertex.uasset" 3105
"../../../Engine/Content/EngineMaterials/DefaultBloomKernel.uasset" 3106
"C:/Users/emanu/AppData/Local/UnrealEngine/Common/DerivedDataCache/Buckets/BulkDataList/b9/cd/1024a08bff47cd3df5ec9b1d5cd6c20df5fb.udd" 3107
"C:/Users/emanu/AppData/Local/UnrealEngine/Common/DerivedDataCache/Buckets/BulkDataList/b2/70/57d869c07c41c9aeae0baad724bdd66d8029.udd" 3108
"C:/Users/emanu/AppData/Local/UnrealEngine/Common/DerivedDataCache/Buckets/BulkDataList/35/f4/639877c54386cd4cbaa589b0f4c406b6481e.udd" 3109
"C:/Users/emanu/AppData/Local/UnrealEngine/Common/DerivedDataCache/Buckets/BulkDataList/3e/c6/ba527403e95a8758a1e7ea471c1a869457e0.udd" 3110
"C:/Users/emanu/AppData/Local/UnrealEngine/Common/DerivedDataCache/Buckets/BulkDataList/e2/81/d5dc36c022ec0bde7c834923f3b25716348e.udd" 3111
"C:/Users/emanu/AppData/Local/UnrealEngine/Common/DerivedDataCache/Buckets/MaterialShaderMap/5f/f7/9f722e8d0eb49e623d322a8c0c5192f1c95c.udd" 3112
"C:/Users/emanu/AppData/Local/UnrealEngine/Common/DerivedDataCache/Buckets/MaterialShaderMap/01/ac/30e13172efb3d7bbaadb2cca9c49869e689e.udd" 3113
"C:/Users/emanu/AppData/Local/UnrealEngine/Common/DerivedDataCache/Buckets/MaterialShaderMap/9a/76/305bf03381d490ce241282dd6cc2ac9247d8.udd" 3114
"C:/Users/emanu/AppData/Local/UnrealEngine/Common/DerivedDataCache/Buckets/MaterialShaderMap/2a/20/65a1e488fda1bffb15a8b300570d59715edf.udd" 3115
"C:/Users/emanu/AppData/Local/UnrealEngine/Common/DerivedDataCache/Buckets/MaterialShaderMap/40/d4/1b4ec18952a983a9e4b61feb59c0bd0c4c82.udd" 3116
"C:/Users/emanu/AppData/Local/UnrealEngine/Common/DerivedDataCache/Buckets/MaterialShaderMap/9a/96/032d29cc0de027ea82eef38788ffdf82535d.udd" 3117
"C:/Users/emanu/AppData/Local/UnrealEngine/Common/DerivedDataCache/Buckets/MaterialShaderMap/2c/ca/de0cd53a04d684e269b0d46911346a7400d3.udd" 3118
"C:/Users/emanu/AppData/Local/UnrealEngine/Common/DerivedDataCache/Buckets/MaterialShaderMap/5f/ca/0bfe309f79ba1a250c4bc129d20545a48711.udd" 3119
"C:/Users/emanu/AppData/Local/UnrealEngine/Common/DerivedDataCache/Buckets/MaterialShaderMap/5a/dd/df92af9912a9caa68b65e563671acb7fdb81.udd" 3120
"C:/Users/emanu/AppData/Local/UnrealEngine/Common/DerivedDataCache/Buckets/MaterialShaderMap/31/78/938880d19453e77fc782553f988c433f4c7f.udd" 3121
"C:/Users/emanu/AppData/Local/UnrealEngine/Common/DerivedDataCache/Buckets/MaterialShaderMap/03/cf/63ad28e8e4d64286f5fd575e0a8a2003a232.udd" 3122
"C:/Users/emanu/AppData/Local/UnrealEngine/Common/DerivedDataCache/Buckets/MaterialShaderMap/d5/e7/95b6ed65ccc5bd990889aa907003d394bc78.udd" 3123
"C:/Users/emanu/AppData/Local/UnrealEngine/Common/DerivedDataCache/Buckets/MaterialShaderMap/e9/90/db4453a0dfb3fef606339be1b0b943b7e540.udd" 3124
"C:/Users/emanu/AppData/Local/UnrealEngine/Common/DerivedDataCache/Buckets/MaterialShaderMap/e8/56/f1b4d13e97da6e637553617bbb826aab0c0b.udd" 3125
"C:/Users/emanu/AppData/Local/UnrealEngine/Common/DerivedDataCache/Buckets/MaterialShaderMap/fd/39/db4359f508ffe6a66b5f12d369fd2b4df044.udd" 3126
"C:/Users/emanu/AppData/Local/UnrealEngine/Common/DerivedDataCache/Buckets/MaterialShaderMap/cc/ac/4380f72754b542638d8c8687d8423fc0665a.udd" 3127
"C:/Users/emanu/AppData/Local/UnrealEngine/Common/DerivedDataCache/Buckets/MaterialShaderMap/8b/9a/6fdfce05a074912cc78bf6a347467cea8c44.udd" 3128
"C:/Users/emanu/AppData/Local/UnrealEngine/Common/DerivedDataCache/Buckets/MaterialShaderMap/37/53/8a90036a96ee8e7e2e19732a1993d1f6d418.udd" 3129
"C:/Users/emanu/AppData/Local/UnrealEngine/Common/DerivedDataCache/Buckets/MaterialShaderMap/29/ff/51e8bfd5eb744dfc8133b4cb064cb19ddb33.udd" 3130
"C:/Users/emanu/AppData/Local/UnrealEngine/Common/DerivedDataCache/Buckets/MaterialShaderMap/ad/6d/6d69ecdf4acbda337139860b578bc4474f8f.udd" 3131
"C:/Users/emanu/AppData/Local/UnrealEngine/Common/DerivedDataCache/Buckets/MaterialShaderMap/76/c7/695022a3f2c13d8e9497946acd438d19108b.udd" 3132
"C:/Users/emanu/AppData/Local/UnrealEngine/Common/DerivedDataCache/Buckets/MaterialShaderMap/2f/d9/fe6190d41ee62f889a514914d1956c7ac084.udd" 3133
"C:/Users/emanu/AppData/Local/UnrealEngine/Common/DerivedDataCache/Buckets/MaterialShaderMap/ce/6d/a544fbf5629afe1630f99f0d0efc96c9b4ea.udd" 3134
"C:/Users/emanu/AppData/Local/UnrealEngine/Common/DerivedDataCache/Buckets/MaterialShaderMap/7c/4c/d24614234427c129bbbd4f922d730089c5f8.udd" 3135
"C:/Users/emanu/AppData/Local/UnrealEngine/Common/DerivedDataCache/Buckets/MaterialShaderMap/ba/45/1acad8d211d88af88b7ddd774678940016a0.udd" 3136
"C:/Users/emanu/AppData/Local/UnrealEngine/Common/DerivedDataCache/Buckets/MaterialShaderMap/47/22/b384446570bb9a58bb465715e36b7861dbe5.udd" 3137
"C:/Users/emanu/AppData/Local/UnrealEngine/Common/DerivedDataCache/Buckets/MaterialShaderMap/b4/cd/ce7424a90d53b49324f4cfd212c7d843c022.udd" 3138
"C:/Users/emanu/AppData/Local/UnrealEngine/Common/DerivedDataCache/Buckets/MaterialShaderMap/e5/0b/a1a04f4fcfa59f1029d0b246341b1a74c95a.udd" 3139
"../../../Engine/Content/EngineMaterials/DefaultCalibrationGrayscale.uasset" 3140
"../../../Engine/Content/EngineMaterials/DefaultCalibrationColor.uasset" 3141
"../../../Engine/Content/MobileResources/HUD/VirtualJoystick_Background.uasset" 3142
"../../../Engine/Content/EngineSounds/Submixes/MasterEQEffectPreset.uasset" 3143
"../../../Engine/Content/EngineSounds/Submixes/MasterReverbEffectPreset.uasset" 3144
"../../../Engine/Content/MobileResources/HUD/VirtualJoystick_Thumb.uasset" 3145
"C:/Users/emanu/AppData/Local/UnrealEngine/Common/DerivedDataCache/Buckets/MaterialShaderMap/7e/e2/e8b76fb5f631cd8118b35893c93bc4b547ca.udd" 3146
"C:/Users/emanu/AppData/Local/UnrealEngine/Common/DerivedDataCache/Buckets/MaterialShaderMap/8e/c6/015e27e311d5a766737dc74080124dc86163.udd" 3147
"C:/Users/emanu/AppData/Local/UnrealEngine/Common/DerivedDataCache/Buckets/MaterialShaderMap/16/dd/a80b8e9aca4f2a28b1c9e079701fdc586910.udd" 3148
"C:/Users/emanu/AppData/Local/UnrealEngine/Common/DerivedDataCache/Buckets/MaterialShaderMap/16/bd/a54445e83a9766a2a26f87110de21819568a.udd" 3149
"C:/Users/emanu/AppData/Local/UnrealEngine/Common/DerivedDataCache/Buckets/MaterialShaderMap/3f/c9/92cd853a4df0e30890727bd4dea277409775.udd" 3150
"C:/Users/emanu/AppData/Local/UnrealEngine/Common/DerivedDataCache/Buckets/MaterialShaderMap/4d/79/d26da5ffb375b90abe19d35e729a856581b5.udd" 3151
"../../../Engine/Content/EditorMaterials/PreviewShadowIndicator.uasset" 3152
"E:/Projects/EcoBots/Content/Assets/Orasot_Bundle/LowPolyForestVol2/Materials/M_Water.uasset" 3153
"E:/Projects/EcoBots/Content/Blueprints/Audio/SC_Music.uasset" 3154
"E:/Projects/EcoBots/Content/Blueprints/Characters/BP_PersonalizationCam.uasset" 3155
"E:/Projects/EcoBots/Content/Blueprints/Managers/BP_DayNightManagers.uasset" 3156
"../../../Engine/Content/Functions/Engine_MaterialFunctions02/HueShift.uasset" 3157
"E:/Projects/EcoBots/Content/Assets/StackOBot/Characters/Bot/Textures/T_Bot_Albedo.uasset" 3158
"E:/Projects/EcoBots/Content/Assets/StackOBot/Characters/Bot/Textures/T_Bot_M_R_AO.uasset" 3159
"E:/Projects/EcoBots/Content/Assets/StackOBot/Characters/Bot/Textures/T_Bot_Masks.uasset" 3160
"E:/Projects/EcoBots/Content/Assets/StackOBot/Characters/Bot/Textures/T_Bot_Normal.uasset" 3161
"E:/Projects/EcoBots/Content/Blueprints/Characters/MiniMap/MiniMapTextureRenderTarget2D.uasset" 3162
"E:/Projects/EcoBots/Content/Blueprints/Characters/BP_CameraPawn.uasset" 3163
"../../../Engine/Content/EngineSky/T_Sky_Blue.uasset" 3164
"../../../Engine/Content/EngineSky/T_Sky_Clouds_M.uasset" 3165
"../../../Engine/Content/EngineSky/T_Sky_Stars.uasset" 3166
"../../../Engine/Content/MapTemplates/Sky/T_Sky_Stars.uasset" 3167
"../../../Engine/Content/MapTemplates/Sky/T_UDK_Sky_CloudMask01_N.uasset" 3168
"../../../Engine/Content/MapTemplates/T_UDK_Sky_CloudMask03.uasset" 3169
"E:/Projects/EcoBots/Content/Assets/LUSH_StylizedEnvironmentSet/_SharedAssets/T_Tree_Leaves_03.uasset" 3170
"../../../Engine/Content/EngineMaterials/FlatNormal.uasset" 3171
"C:/Users/emanu/AppData/Local/UnrealEngine/Common/DerivedDataCache/Buckets/BulkDataList/9f/fb/a27eb48972431489533c7bdcbb9ce42cecaf.udd" 3172
"E:/Projects/EcoBots/Content/Assets/LUSH_StylizedEnvironmentSet/Foliage/Flowers/Textures/T_Flowers_01_D.uasset" 3173
"C:/Users/emanu/AppData/Local/UnrealEngine/Common/DerivedDataCache/Buckets/BulkDataList/ce/0a/681503dae0401404fca3d7a0c1df56f2cd42.udd" 3174
"C:/Users/emanu/AppData/Local/UnrealEngine/Common/DerivedDataCache/Buckets/BulkDataList/55/3c/d3bff971872df98d1262b632ea160069f6b2.udd" 3175
"E:/Projects/EcoBots/Content/Assets/LUSH_StylizedEnvironmentSet/Foliage/Plants/Textures/T_eleplant_leaf_01.uasset" 3176
"E:/Projects/EcoBots/Content/Assets/LUSH_StylizedEnvironmentSet/Foliage/Plants/Textures/T_eleplant_leaf_01_N.uasset" 3177
"E:/Projects/EcoBots/Content/Assets/LUSH_StylizedEnvironmentSet/_SharedAssets/T_Leaves_01.uasset" 3178
"E:/Projects/EcoBots/Content/Assets/LUSH_StylizedEnvironmentSet/Foliage/Trees/Textures/T_BananaLeaf_02_D.uasset" 3179
"E:/Projects/EcoBots/Content/Assets/LUSH_StylizedEnvironmentSet/Foliage/Trees/Textures/T_BananaLeaf_02_N.uasset" 3180
"E:/Projects/EcoBots/Content/Assets/LUSH_StylizedEnvironmentSet/Foliage/Trees/Textures/T_BananaLeaf_02_RAOH.uasset" 3181
"E:/Projects/EcoBots/Content/Assets/LUSH_StylizedEnvironmentSet/Foliage/Trees/Textures/T_Banana_Bark_D.uasset" 3182
"E:/Projects/EcoBots/Content/Assets/LUSH_StylizedEnvironmentSet/Foliage/Trees/Textures/T_Banana_Bark_N.uasset" 3183
"E:/Projects/EcoBots/Content/Assets/LUSH_StylizedEnvironmentSet/Foliage/Trees/Textures/T_Banana_Bark_RHAO.uasset" 3184
"C:/Users/emanu/AppData/Local/UnrealEngine/Common/DerivedDataCache/Buckets/BulkDataList/2b/27/2d0e1433306c63669a63ea306446360dd23b.udd" 3185
"E:/Projects/EcoBots/Content/Assets/LUSH_StylizedEnvironmentSet/Foliage/Trees/Textures/T_Palm_A_Bark_D.uasset" 3186
"E:/Projects/EcoBots/Content/Assets/LUSH_StylizedEnvironmentSet/Foliage/Trees/Textures/T_Palm_A_Bark_N.uasset" 3187
"C:/Users/emanu/AppData/Local/UnrealEngine/Common/DerivedDataCache/Buckets/BulkDataList/7b/97/696e41aaaf5050a13b1a9a1819f6a9bc9e13.udd" 3188
"C:/Users/emanu/AppData/Local/UnrealEngine/Common/DerivedDataCache/Buckets/BulkDataList/6f/0f/a21c5c9f685826131f0328a58893fc2b1238.udd" 3189
"C:/Users/emanu/AppData/Local/UnrealEngine/Common/DerivedDataCache/Buckets/BulkDataList/40/60/7664160fc66ee36bbd24db9ba5822cec7059.udd" 3190
"C:/Users/emanu/AppData/Local/UnrealEngine/Common/DerivedDataCache/Buckets/MaterialShaderMap/d6/f2/f0175b2357f65a6a27d55f771b48056d9298.udd" 3191
"C:/Users/emanu/AppData/Local/UnrealEngine/Common/DerivedDataCache/Buckets/MaterialShaderMap/13/48/1491093bdc6ea4eb34d7e51f3adc2d047d2a.udd" 3192
"C:/Users/emanu/AppData/Local/UnrealEngine/Common/DerivedDataCache/Buckets/BulkDataList/f8/df/f3ae33edc9bb7a8e87764e847c0d96eeb9f0.udd" 3193
"C:/Users/emanu/AppData/Local/UnrealEngine/Common/DerivedDataCache/Buckets/BulkDataList/13/78/3bad144e134cf266c18be32f3576082a0fbd.udd" 3194
"C:/Users/emanu/AppData/Local/UnrealEngine/Common/DerivedDataCache/Buckets/BulkDataList/d0/59/8cc7be6b0f78913b07ad7c136684f7dc92ed.udd" 3195
"C:/Users/emanu/AppData/Local/UnrealEngine/Common/DerivedDataCache/Buckets/BulkDataList/05/85/e68b46740122dadf1c64746f4329d075dbe7.udd" 3196
"C:/Users/emanu/AppData/Local/UnrealEngine/Common/DerivedDataCache/Buckets/BulkDataList/0d/74/98604970c1d9073efd3a2acc583a1a96c61d.udd" 3197
"C:/Users/emanu/AppData/Local/UnrealEngine/Common/DerivedDataCache/Buckets/BulkDataList/a5/d9/d933d70ea34c865617d31d768727fef57abd.udd" 3198
"C:/Users/emanu/AppData/Local/UnrealEngine/Common/DerivedDataCache/Buckets/BulkDataList/6d/e8/ebe516138f03f4f485c3e8e579894307a11a.udd" 3199
"C:/Users/emanu/AppData/Local/UnrealEngine/Common/DerivedDataCache/Buckets/BulkDataList/71/d1/a12ce879367b89e4c20be942db5489e44d3d.udd" 3200
"C:/Users/emanu/AppData/Local/UnrealEngine/Common/DerivedDataCache/Buckets/BulkDataList/81/6e/b4fa78037fcbf37bb2263eed5ebebd03e549.udd" 3201
"C:/Users/emanu/AppData/Local/UnrealEngine/Common/DerivedDataCache/Buckets/BulkDataList/29/6f/61da6e5226a0252b8c8379f27e52b5270f6d.udd" 3202
"C:/Users/emanu/AppData/Local/UnrealEngine/Common/DerivedDataCache/Buckets/BulkDataList/84/dd/48df61bb218dfc1294214a58074951df982a.udd" 3203
"C:/Users/emanu/AppData/Local/UnrealEngine/Common/DerivedDataCache/Buckets/BulkDataList/66/39/7978ca9da405387fe334baeb56c42a1cb5a8.udd" 3204
"C:/Users/emanu/AppData/Local/UnrealEngine/Common/DerivedDataCache/Buckets/BulkDataList/f0/c0/a5eb112a32c4baaebba70089fc2331de7223.udd" 3205
"C:/Users/emanu/AppData/Local/UnrealEngine/Common/DerivedDataCache/Buckets/BulkDataList/f7/79/852d3b3f97c5dcf1bea37f88fb33afe4fd42.udd" 3206
"E:/Projects/EcoBots/Content/Assets/LUSH_StylizedEnvironmentSet/Foliage/Trees/Textures/T_Palm_A_Bark_RAOH.uasset" 3207
"E:/Projects/EcoBots/Content/Assets/LUSH_StylizedEnvironmentSet/_SharedAssets/Textures/T_Default_RAOH.uasset" 3208
"E:/Projects/EcoBots/Content/Assets/LUSH_StylizedEnvironmentSet/Foliage/Trees/Textures/T_Palm_A_Leaf_D.uasset" 3209
"E:/Projects/EcoBots/Content/Assets/LUSH_StylizedEnvironmentSet/Foliage/Trees/Textures/T_Palm_A_Leaf_N.uasset" 3210
"E:/Projects/EcoBots/Content/Assets/LUSH_StylizedEnvironmentSet/Foliage/Trees/Textures/T_Palm_B_Bark_D.uasset" 3211
"E:/Projects/EcoBots/Content/Assets/LUSH_StylizedEnvironmentSet/Foliage/Trees/Textures/T_Palm_B_Bark_N.uasset" 3212
"E:/Projects/EcoBots/Content/Assets/LUSH_StylizedEnvironmentSet/Foliage/Trees/Textures/T_Palm_B_Bark_RAOH.uasset" 3213
"E:/Projects/EcoBots/Content/Assets/LUSH_StylizedEnvironmentSet/Foliage/Trees/Textures/T_Palm_B_Leaf_D.uasset" 3214
"E:/Projects/EcoBots/Content/Assets/LUSH_StylizedEnvironmentSet/Foliage/Trees/Textures/T_Palm_B_Leaf_N.uasset" 3215
"C:/Users/emanu/AppData/Local/UnrealEngine/Common/DerivedDataCache/Buckets/BulkDataList/62/ae/67f69c81a0d67fd70f156209f3984c4332c9.udd" 3216
"E:/Projects/EcoBots/Content/Assets/LUSH_StylizedEnvironmentSet/Foliage/Trees/Textures/T_Trunk_04_Moss_D.uasset" 3217
"E:/Projects/EcoBots/Content/Assets/LUSH_StylizedEnvironmentSet/Foliage/Trees/Textures/T_Trunk_04_Moss_RAOH.uasset" 3218
"E:/Projects/EcoBots/Content/Assets/LUSH_StylizedEnvironmentSet/Foliage/Trees/Textures/T_Trunk_04_Moss_N.uasset" 3219
"E:/Projects/EcoBots/Content/Assets/LUSH_StylizedEnvironmentSet/Foliage/Trees/Textures/T_Bark_04_D.uasset" 3220
"E:/Projects/EcoBots/Content/Assets/LUSH_StylizedEnvironmentSet/Foliage/Trees/Textures/T_Bark_04_N.uasset" 3221
"E:/Projects/EcoBots/Content/Assets/LUSH_StylizedEnvironmentSet/Foliage/Trees/Textures/T_Bark_04_RAOH.uasset" 3222
"../../../Engine/Content/EngineMaterials/BlendFunc_DefBase.uasset" 3223
"../../../Engine/Content/EngineMaterials/BlendFunc_DefBlend.uasset" 3224
"../../../Engine/Content/Functions/Engine_MaterialFunctions02/Utility/MakeFloat3.uasset" 3225
"E:/Projects/EcoBots/Content/Assets/StackOBot/UI/Textures/T_Bot_ThumbsUp_Circle_Background.uasset" 3226
"E:/Projects/EcoBots/Content/Assets/StackOBot/Characters/Backpack/Mesh/SK_Backpack.uasset" 3227
"E:/Projects/EcoBots/Content/Assets/StackOBot/Characters/Bot/Mesh/SK_Bot.uasset" 3228
"E:/Projects/EcoBots/Content/Assets/StackOBot/Characters/Bot/Rig/PhA_Bot.uasset" 3229
"E:/Projects/EcoBots/Content/Assets/StackOBot/FX/JetpackThruster/M_JetpackThrusterEfect.uasset" 3230
"E:/Projects/EcoBots/Content/Blueprints/Audio/SA_MasterAttenuation.uasset" 3231
"E:/Projects/EcoBots/Content/Assets/media/img/AirPurifierIcon.uasset" 3232
"E:/Projects/EcoBots/Content/Assets/media/img/CampFireIcon.uasset" 3233
"E:/Projects/EcoBots/Content/Assets/media/img/CraftableFenceIcon.uasset" 3234
"C:/Users/emanu/AppData/Local/UnrealEngine/Common/DerivedDataCache/Buckets/BulkDataList/1c/6a/0caa0f4c79895f9c52ff7954d6a217e3e35c.udd" 3235
"C:/Users/emanu/AppData/Local/UnrealEngine/Common/DerivedDataCache/Buckets/BulkDataList/e1/b8/d66f824883dd195ea286fba01efc7f064804.udd" 3236
"E:/Projects/EcoBots/Content/Assets/media/img/RockwallIcon.uasset" 3237
"C:/Users/emanu/AppData/Local/UnrealEngine/Common/DerivedDataCache/Buckets/BulkDataList/7a/fd/3f322c856c42296205e6857c672405a501db.udd" 3238
"C:/Users/emanu/AppData/Local/UnrealEngine/Common/DerivedDataCache/Buckets/BulkDataList/6a/4f/5e129c105b0b05047d53921a236907131fe6.udd" 3239
"E:/Projects/EcoBots/Content/Assets/media/img/WoodPlate.uasset" 3240
"../../../Engine/Content/EditorBlueprintResources/StandardMacros.uasset" 3241
"C:/Users/emanu/AppData/Local/UnrealEngine/Common/DerivedDataCache/Buckets/BulkDataList/dc/15/b026ee07cb90a892e6bae37864a0c642f001.udd" 3242
"C:/Users/emanu/AppData/Local/UnrealEngine/Common/DerivedDataCache/Buckets/BulkDataList/4e/88/072bf96576fdfab8e4c73643f232a472e743.udd" 3243
"E:/Projects/EcoBots/Content/Assets/media/img/ExitIco.uasset" 3244
"C:/Users/emanu/AppData/Local/UnrealEngine/Common/DerivedDataCache/Buckets/BulkDataList/0c/96/56c8c39a94eccdab6125b3070486242dd0b9.udd" 3245
"E:/Projects/EcoBots/Content/Assets/media/img/InventoryBg.uasset" 3246
"C:/Users/emanu/AppData/Local/UnrealEngine/Common/DerivedDataCache/Buckets/BulkDataList/b2/06/7d3bbe94ce5c8b3ac26625fb7394b4ff3986.udd" 3247
"C:/Users/emanu/AppData/Local/UnrealEngine/Common/DerivedDataCache/Buckets/BulkDataList/d9/fa/7c6c94670710d6e8a684c579a166bad9647a.udd" 3248
"C:/Users/emanu/AppData/Local/UnrealEngine/Common/DerivedDataCache/Buckets/BulkDataList/d5/6b/8acca49caf5191c3f8117d813ead555e16e5.udd" 3249
"C:/Users/emanu/AppData/Local/UnrealEngine/Common/DerivedDataCache/Buckets/BulkDataList/b2/60/1a9868d9276ecb702ea9adb847f8d6b2ad84.udd" 3250
"C:/Users/emanu/AppData/Local/UnrealEngine/Common/DerivedDataCache/Buckets/BulkDataList/8b/e5/033648a73aefaa256d3a014170db020df633.udd" 3251
"C:/Users/emanu/AppData/Local/UnrealEngine/Common/DerivedDataCache/Buckets/BulkDataList/0b/d7/ce6b00d6920bf018b37cdf5abf53251db6bd.udd" 3252
"C:/Users/emanu/AppData/Local/UnrealEngine/Common/DerivedDataCache/Buckets/BulkDataList/00/92/86190b320be1c9b1e8b9d56c62042c335cac.udd" 3253
"C:/Users/emanu/AppData/Local/UnrealEngine/Common/DerivedDataCache/Buckets/BulkDataList/ba/96/6e993b04e165ca94e4b3b437610d68ead59b.udd" 3254
"C:/Users/emanu/AppData/Local/UnrealEngine/Common/DerivedDataCache/Buckets/BulkDataList/0a/63/55f435a8baff027944aec02200ffa9b2db87.udd" 3255
"C:/Users/emanu/AppData/Local/UnrealEngine/Common/DerivedDataCache/Buckets/BulkDataList/74/57/0ca9e8a35f206024c6061350856f4df46cb6.udd" 3256
"C:/Users/emanu/AppData/Local/UnrealEngine/Common/DerivedDataCache/Buckets/BulkDataList/55/a4/3cb9e0ea1b8b3ffc6b26cab9f1b535d24cf0.udd" 3257
"C:/Users/emanu/AppData/Local/UnrealEngine/Common/DerivedDataCache/Buckets/BulkDataList/ab/9d/0db030c79c64034e3964b1df30a7f56ab692.udd" 3258
"C:/Users/emanu/AppData/Local/UnrealEngine/Common/DerivedDataCache/Buckets/BulkDataList/ae/0a/e4904385c6e944e2a4bf18e9247fc3320822.udd" 3259
"C:/Users/emanu/AppData/Local/UnrealEngine/Common/DerivedDataCache/Buckets/BulkDataList/f8/70/81325c00ed42d50d23dc0e1661b66cf1f5ef.udd" 3260
"C:/Users/emanu/AppData/Local/UnrealEngine/Common/DerivedDataCache/Buckets/BulkDataList/31/93/046abdf88ef6d05fecbf8944a57b39e91c78.udd" 3261
"C:/Users/emanu/AppData/Local/UnrealEngine/Common/DerivedDataCache/Buckets/BulkDataList/f7/3c/28de36f3185c3b86e5ec8450d9de68a188fd.udd" 3262
"C:/Users/emanu/AppData/Local/UnrealEngine/Common/DerivedDataCache/Buckets/BulkDataList/1d/c4/770d3c6d44212f0087d6bd35ee9f11e8469f.udd" 3263
"C:/Users/emanu/AppData/Local/UnrealEngine/Common/DerivedDataCache/Buckets/BulkDataList/d6/12/b5672b92d625abf73ad955332002e84257b4.udd" 3264
"../../../Engine/Content/EngineMeshes/Humanoid.uasset" 3265
"C:/Users/emanu/AppData/Local/UnrealEngine/Common/DerivedDataCache/Buckets/MaterialShaderMap/40/a1/9f12570f5c4f32ae0752755cd1213571bbb5.udd" 3266
"C:/Users/emanu/AppData/Local/UnrealEngine/Common/DerivedDataCache/Buckets/MaterialShaderMap/16/a5/8353a9de88a96230f47375c3768ac3605fa8.udd" 3267
"E:/Projects/EcoBots/Content/Assets/media/img/foodIco.uasset" 3268
"E:/Projects/EcoBots/Content/Assets/media/img/CraftBookIco.uasset" 3269
"E:/Projects/EcoBots/Content/Assets/media/img/HealthIco.uasset" 3270
"E:/Projects/EcoBots/Content/Assets/media/img/InventoryIco.uasset" 3271
"E:/Projects/EcoBots/Content/Assets/media/img/MoneyIco.uasset" 3272
"E:/Projects/EcoBots/Content/Assets/media/img/OptionsIco.uasset" 3273
"E:/Projects/EcoBots/Content/Assets/media/img/PauseIco.uasset" 3274
"E:/Projects/EcoBots/Content/Assets/media/img/QuestIco.uasset" 3275
"E:/Projects/EcoBots/Content/Assets/media/img/ThirstIco.uasset" 3276
"E:/Projects/EcoBots/Content/Assets/media/img/WorldHealth.uasset" 3277
"E:/Projects/EcoBots/Content/Assets/media/wavs/OpenCraft.uasset" 3278
"E:/Projects/EcoBots/Content/Assets/media/wavs/OpenInventory.uasset" 3279
"E:/Projects/EcoBots/Content/Assets/Boat/body_1.uasset" 3280
"E:/Projects/EcoBots/Content/Assets/Boat/body_2.uasset" 3281
"E:/Projects/EcoBots/Content/Assets/Boat/bottom.uasset" 3282
"E:/Projects/EcoBots/Content/Assets/Boat/paddle_.uasset" 3283
"E:/Projects/EcoBots/Content/StarterContent/Textures/T_MacroVariation.uasset" 3284
"E:/Projects/EcoBots/Content/StarterContent/Textures/T_Wood_Oak_D.uasset" 3285
"E:/Projects/EcoBots/Content/StarterContent/Textures/T_Wood_Oak_N.uasset" 3286
"E:/Projects/EcoBots/Content/StarterContent/Textures/T_Perlin_Noise_M.uasset" 3287
"E:/Projects/EcoBots/Content/StarterContent/Textures/T_Wood_Pine_D.uasset" 3288
"E:/Projects/EcoBots/Content/StarterContent/Textures/T_Wood_Pine_N.uasset" 3289
"E:/Projects/EcoBots/Content/Assets/media/fonts/LEAFLETS.uasset" 3290
"E:/Projects/EcoBots/Content/Assets/media/fonts/Robot-Regular.uasset" 3291
"C:/Users/emanu/AppData/Local/UnrealEngine/Common/DerivedDataCache/Buckets/BulkDataList/38/d4/84a18ef2a79fa7851e7f33cd41d269aa75b2.udd" 3292
"E:/Projects/EcoBots/Content/StarterContent/Textures/T_Lamp_M.uasset" 3293
"C:/Users/emanu/AppData/Local/UnrealEngine/Common/DerivedDataCache/Buckets/BulkDataList/82/1f/2b7da4090046e641d4a697dea8b1ef0686ff.udd" 3294
"E:/Projects/EcoBots/Content/StarterContent/Textures/T_Lamp_N.uasset" 3295
"C:/Users/emanu/AppData/Local/UnrealEngine/Common/DerivedDataCache/Buckets/BulkDataList/eb/2e/740b9182b81a68ce7f85fdd59074b67d3e90.udd" 3296
"../../../Engine/Content/Functions/Engine_MaterialFunctions01/WorldPositionOffset/SimpleGrassWind.uasset" 3297
"C:/Users/emanu/AppData/Local/UnrealEngine/Common/DerivedDataCache/Buckets/BulkDataList/9b/3a/9db75472ca382d1ea3a25b807c17c3ec8d94.udd" 3298
"E:/Projects/EcoBots/Content/Assets/LUSH_StylizedEnvironmentSet/_SharedAssets/T_Tree_Leaves_02.uasset" 3299
"C:/Users/emanu/AppData/Local/UnrealEngine/Common/DerivedDataCache/Buckets/BulkDataList/99/07/8d3746b1a40c71f1c9a7952706a609b2a25c.udd" 3300
"E:/Projects/EcoBots/Content/Assets/LUSH_StylizedEnvironmentSet/_SharedAssets/Textures/T_Default_D.uasset" 3301
"E:/Projects/EcoBots/Content/Assets/LUSH_StylizedEnvironmentSet/_SharedAssets/Textures/T_Default_N.uasset" 3302
"C:/Users/emanu/AppData/Local/UnrealEngine/Common/DerivedDataCache/Buckets/BulkDataList/b1/f0/0bc8747547952785b38c2b78de38b5cf110a.udd" 3303
"E:/Projects/EcoBots/Content/Assets/LUSH_StylizedEnvironmentSet/Foliage/Trees/Textures/T_Bark_01_D.uasset" 3304
"C:/Users/emanu/AppData/Local/UnrealEngine/Common/DerivedDataCache/Buckets/BulkDataList/e0/46/e981075e0378ad3dbbef2745757586249260.udd" 3305
"C:/Users/emanu/AppData/Local/UnrealEngine/Common/DerivedDataCache/Buckets/BulkDataList/48/fb/1b515c4a5d00ffd5eae79d3edf666bf74dca.udd" 3306
"C:/Users/emanu/AppData/Local/UnrealEngine/Common/DerivedDataCache/Buckets/BulkDataList/9e/ec/a328f1a9f003fc5d4643c8578fa5a8f12bef.udd" 3307
"C:/Users/emanu/AppData/Local/UnrealEngine/Common/DerivedDataCache/Buckets/BulkDataList/f8/c7/93150fbad81787e16acb76ecc4e525ad1008.udd" 3308
"C:/Users/emanu/AppData/Local/UnrealEngine/Common/DerivedDataCache/Buckets/BulkDataList/17/a1/53f717e790defeb148344c6fdf8d099f18ba.udd" 3309
"C:/Users/emanu/AppData/Local/UnrealEngine/Common/DerivedDataCache/Buckets/BulkDataList/c5/6b/756f33333b8c1ac28a2c2d435f24ddd4d28d.udd" 3310
"C:/Users/emanu/AppData/Local/UnrealEngine/Common/DerivedDataCache/Buckets/BulkDataList/07/6f/b8c6ad29f3286d9c1f97a2bd3cf2adea94d5.udd" 3311
"C:/Users/emanu/AppData/Local/UnrealEngine/Common/DerivedDataCache/Buckets/BulkDataList/cb/dc/6c1e1d3bcd01a89442155135fb3cd2511d40.udd" 3312
"C:/Users/emanu/AppData/Local/UnrealEngine/Common/DerivedDataCache/Buckets/BulkDataList/10/16/519f33362fb3b9625433b85412bba90a007e.udd" 3313
"C:/Users/emanu/AppData/Local/UnrealEngine/Common/DerivedDataCache/Buckets/BulkDataList/6a/39/db948109ef86755d32fc5d547f60c56d7c36.udd" 3314
"C:/Users/emanu/AppData/Local/UnrealEngine/Common/DerivedDataCache/Buckets/BulkDataList/32/46/497105be6df2efdfab1068b065d3ab76a6c2.udd" 3315
"C:/Users/emanu/AppData/Local/UnrealEngine/Common/DerivedDataCache/Buckets/BulkDataList/45/ff/a44f202dc64d880401f6f29c8b13568b6b63.udd" 3316
"C:/Users/emanu/AppData/Local/UnrealEngine/Common/DerivedDataCache/Buckets/BulkDataList/2e/af/a29f69d7dfa4cada030088dd53578bafdca2.udd" 3317
"C:/Users/emanu/AppData/Local/UnrealEngine/Common/DerivedDataCache/Buckets/BulkDataList/1a/98/64cae44dd6b0cee832f94c8c3e30cd426e85.udd" 3318
"C:/Users/emanu/AppData/Local/UnrealEngine/Common/DerivedDataCache/Buckets/BulkDataList/4d/2e/3a8a4bdfb9a705f14b009a333a1693f360e9.udd" 3319
"C:/Users/emanu/AppData/Local/UnrealEngine/Common/DerivedDataCache/Buckets/BulkDataList/e2/36/2eeaf6af865c22943b109313a4436d7402bb.udd" 3320
"C:/Users/emanu/AppData/Local/UnrealEngine/Common/DerivedDataCache/Buckets/BulkDataList/2d/04/6447f69f20618c5a6b855cbd4e933269b391.udd" 3321
"C:/Users/emanu/AppData/Local/UnrealEngine/Common/DerivedDataCache/Buckets/BulkDataList/8e/08/376387f27b03bb9fc25c8a97d72fbcc21f58.udd" 3322
"C:/Users/emanu/AppData/Local/UnrealEngine/Common/DerivedDataCache/Buckets/BulkDataList/d9/1a/9fcf93fadfe247506d75bb73fdae280d5b1d.udd" 3323
"C:/Users/emanu/AppData/Local/UnrealEngine/Common/DerivedDataCache/Buckets/MaterialShaderMap/e8/d6/135a64e3f2a6a526c26e3efc10a3a8477fd3.udd" 3324
"C:/Users/emanu/AppData/Local/UnrealEngine/Common/DerivedDataCache/Buckets/MaterialShaderMap/80/bf/71fb5e99729539275534cf0aba7d5328bb2d.udd" 3325
"C:/Users/emanu/AppData/Local/UnrealEngine/Common/DerivedDataCache/Buckets/MaterialShaderMap/85/4e/ae6be92c07dca6dc8ebaa01c85f260e0c305.udd" 3326
"C:/Users/emanu/AppData/Local/UnrealEngine/Common/DerivedDataCache/Buckets/MaterialShaderMap/1b/d6/dc2ce4b4fbd935eed67bb881bcc1119ffe02.udd" 3327
"C:/Users/emanu/AppData/Local/UnrealEngine/Common/DerivedDataCache/Buckets/MaterialShaderMap/3e/10/a41e79f83f799572af5ce7d8d979ae3ae9ad.udd" 3328
"C:/Users/emanu/AppData/Local/UnrealEngine/Common/DerivedDataCache/Buckets/MaterialShaderMap/35/6e/390b87d2d319fb9bd1b87b6afc15d9358922.udd" 3329
"C:/Users/emanu/AppData/Local/UnrealEngine/Common/DerivedDataCache/Buckets/MaterialShaderMap/ad/dc/7bf4e744315c843b6f96cf595d39adee1530.udd" 3330
"C:/Users/emanu/AppData/Local/UnrealEngine/Common/DerivedDataCache/Buckets/MaterialShaderMap/fa/ce/513d610028ebc2ed7613f392842cf3ecb0fe.udd" 3331
"E:/Projects/EcoBots/Content/Assets/LUSH_StylizedEnvironmentSet/Foliage/Trees/Textures/T_Bark_01_RAOH.uasset" 3332
"E:/Projects/EcoBots/Content/Assets/LUSH_StylizedEnvironmentSet/Foliage/Trees/Textures/T_Bark_01_N.uasset" 3333
"E:/Projects/EcoBots/Content/Assets/StackOBot/Characters/Backpack/Textures/T_Backpack_Albedo.uasset" 3334
"E:/Projects/EcoBots/Content/Assets/StackOBot/Characters/Backpack/Textures/T_Backpack_M_R_AO.uasset" 3335
"E:/Projects/EcoBots/Content/Assets/StackOBot/Characters/Backpack/Textures/T_Backpack_Masks.uasset" 3336
"E:/Projects/EcoBots/Content/Assets/StackOBot/Characters/Backpack/Textures/T_Backpack_Normal.uasset" 3337
"E:/Projects/EcoBots/Content/Assets/StackOBot/Characters/Bot/Textures/T_Bot_FaceBG.uasset" 3338
"E:/Projects/EcoBots/Content/Assets/StackOBot/Characters/Bot/Textures/T_Eyes_Atlas.uasset" 3339
"E:/Projects/EcoBots/Content/Assets/media/img/BatteryItemIcon.uasset" 3340
"E:/Projects/EcoBots/Content/Assets/media/img/IronItemIcon.uasset" 3341
"E:/Projects/EcoBots/Content/Assets/media/img/RockItemIcon.uasset" 3342
"E:/Projects/EcoBots/Content/Assets/media/img/WoodItemIcon.uasset" 3343
"E:/Projects/EcoBots/Content/Assets/media/img/RootRope.uasset" 3344
"../../../Engine/Content/EngineFonts/Faces/RobotoTiny.uasset" 3345
"E:/Projects/EcoBots/Content/Assets/media/fonts/Robot_Roc.uasset" 3346
"../../../Engine/Content/Functions/Engine_MaterialFunctions01/Gradient/RadialGradient.uasset" 3347
"E:/Projects/EcoBots/Content/StarterContent/Textures/T_Smoke_SubUV.uasset" 3348
"E:/Projects/EcoBots/Content/StarterContent/Textures/T_Smoke_Tiled_D.uasset" 3349
"E:/Projects/EcoBots/Content/StarterContent/Textures/T_Spark_Core.uasset" 3350
"../../../Engine/Content/Functions/Engine_MaterialFunctions01/Gradient/LinearGradient.uasset" 3351
"../../../Engine/Content/Functions/Engine_MaterialFunctions02/Texturing/ScreenAlignedPixelToPixelUVs.uasset" 3352
"E:/Projects/EcoBots/Content/Assets/LUSH_StylizedEnvironmentSet/Landscape/Textures/RVT_BaseColor.uasset" 3353
"E:/Projects/EcoBots/Content/Assets/LUSH_StylizedEnvironmentSet/Landscape/Textures/T_LushGrass_D.uasset" 3354
"../../../Engine/Content/Functions/Engine_MaterialFunctions02/ExampleContent/Textures/flipbook.uasset" 3355
"E:/Projects/EcoBots/Content/Assets/media/fonts/Robot_Roc_Not_a_Tilter.uasset" 3356
"C:/Users/emanu/AppData/Local/UnrealEngine/Common/DerivedDataCache/Buckets/BulkDataList/6f/51/f2003ec35465c92f39016c650147de382019.udd" 3357
"../../../Engine/Content/MapTemplates/Materials/BasicAsset01.uasset" 3358
"C:/Users/emanu/AppData/Local/UnrealEngine/Common/DerivedDataCache/Buckets/BulkDataList/9d/e8/7f1785e2e68a221290966a512a44d2d77458.udd" 3359
"E:/Projects/EcoBots/Content/Assets/StackOBot/Environment/Materials/Textures/T_Grunge_A.uasset" 3360
"E:/Projects/EcoBots/Content/Assets/StackOBot/Environment/Materials/Textures/T_Ribbing_A.uasset" 3361
"C:/Users/emanu/AppData/Local/UnrealEngine/Common/DerivedDataCache/Buckets/BulkDataList/f9/5c/74a3a30681de1e28044dcf8288681742111d.udd" 3362
"E:/Projects/EcoBots/Content/Assets/StackOBot/Environment/Materials/Textures/T_Ribbing_N.uasset" 3363
"C:/Users/emanu/AppData/Local/UnrealEngine/Common/DerivedDataCache/Buckets/BulkDataList/9a/14/b3ded0915cc9bf6cb853b1d9f819f0424407.udd" 3364
"../../../Engine/Content/ArtTools/RenderToTexture/Textures/127grey.uasset" 3365
"C:/Users/emanu/AppData/Local/UnrealEngine/Common/DerivedDataCache/Buckets/BulkDataList/81/1b/f2eb0919854cc071f9b5f70ed0b0a3287662.udd" 3366
"E:/Projects/EcoBots/Content/Assets/StackOBot/Environment/Materials/Textures/T_ConcreteTileable_M.uasset" 3367
"C:/Users/emanu/AppData/Local/UnrealEngine/Common/DerivedDataCache/Buckets/BulkDataList/29/26/1d8055443cc3cab7642177325a3e0d93c86d.udd" 3368
"E:/Projects/EcoBots/Content/Assets/StackOBot/Environment/Materials/Textures/T_ConcreteTileable_N.uasset" 3369
"C:/Users/emanu/AppData/Local/UnrealEngine/Common/DerivedDataCache/Buckets/BulkDataList/d2/14/079fff60ab94e18dacd74f3171f5f6755fa4.udd" 3370
"C:/Users/emanu/AppData/Local/UnrealEngine/Common/DerivedDataCache/Buckets/BulkDataList/d7/ef/f73686b34bd63c95fb9f90de487fd9bdc47a.udd" 3371
"C:/Users/emanu/AppData/Local/UnrealEngine/Common/DerivedDataCache/Buckets/BulkDataList/0a/c4/1eb12de58add468a0b2646b670e880502ab2.udd" 3372
"C:/Users/emanu/AppData/Local/UnrealEngine/Common/DerivedDataCache/Buckets/BulkDataList/ee/ab/91f1c1575169febc01da8eb0fdc9d1943f82.udd" 3373
"C:/Users/emanu/AppData/Local/UnrealEngine/Common/DerivedDataCache/Buckets/BulkDataList/40/a6/88141fa2a664dfb05def95fe78245eb4c149.udd" 3374
"C:/Users/emanu/AppData/Local/UnrealEngine/Common/DerivedDataCache/Buckets/BulkDataList/0e/ba/ead82455b4e65005f11f644ebe98d3a0af81.udd" 3375
"C:/Users/emanu/AppData/Local/UnrealEngine/Common/DerivedDataCache/Buckets/BulkDataList/7f/fa/ecae805cd36876e68ee09f5de44558c04e1c.udd" 3376
"C:/Users/emanu/AppData/Local/UnrealEngine/Common/DerivedDataCache/Buckets/BulkDataList/6d/8b/259031e3181fe71b8dd2eed5dec97451e18e.udd" 3377
"C:/Users/emanu/AppData/Local/UnrealEngine/Common/DerivedDataCache/Buckets/BulkDataList/4e/7e/194a59d52a0e88a9f1062155599e28c4db4c.udd" 3378
"C:/Users/emanu/AppData/Local/UnrealEngine/Common/DerivedDataCache/Buckets/BulkDataList/fd/30/001d13e5c698ef88eb703d893e0e3d6640db.udd" 3379
"C:/Users/emanu/AppData/Local/UnrealEngine/Common/DerivedDataCache/Buckets/BulkDataList/b2/3e/96c2692d382845270ba7d257009d9c646a69.udd" 3380
"C:/Users/emanu/AppData/Local/UnrealEngine/Common/DerivedDataCache/Buckets/BulkDataList/73/43/1a0706aec3bb27312e4d577e8ba98a97f786.udd" 3381
"C:/Users/emanu/AppData/Local/UnrealEngine/Common/DerivedDataCache/Buckets/BulkDataList/3e/76/5cb943ffc933d733ca0726bf23f4c4b04a0f.udd" 3382
"C:/Users/emanu/AppData/Local/UnrealEngine/Common/DerivedDataCache/Buckets/BulkDataList/24/41/c4636d73bb1997141f14a3a1cf0d79bf1b83.udd" 3383
"C:/Users/emanu/AppData/Local/UnrealEngine/Common/DerivedDataCache/Buckets/BulkDataList/bb/26/119ff99f6928c717f08482f50b7526cacacf.udd" 3384
"C:/Users/emanu/AppData/Local/UnrealEngine/Common/DerivedDataCache/Buckets/BulkDataList/bc/d2/bb35317c9183b6dbaf0893c342c1292b7334.udd" 3385
"C:/Users/emanu/AppData/Local/UnrealEngine/Common/DerivedDataCache/Buckets/BulkDataList/a0/84/e5d84c2a4d2d5b38fd1587d294ccf908a62f.udd" 3386
"C:/Users/emanu/AppData/Local/UnrealEngine/Common/DerivedDataCache/Buckets/BulkDataList/f0/3a/e96b899ecb044b5e8e9a36ff9d5d652dd032.udd" 3387
"E:/Projects/EcoBots/Content/Assets/StackOBot/Environment/Materials/Textures/T_Metal_Painted_N.uasset" 3388
"../../../Engine/Content/TemplateResources/M_Template_Master.uasset" 3389
"E:/Projects/EcoBots/Content/Assets/LUSH_StylizedEnvironmentSet/Landscape/Textures/RVT_Height.uasset" 3390
"E:/Projects/EcoBots/Content/Assets/LUSH_StylizedEnvironmentSet/Meshes/Rocks/Textures/T_Rock_01_N.uasset" 3391
"E:/Projects/EcoBots/Content/Assets/LUSH_StylizedEnvironmentSet/Meshes/Rocks/Textures/T_RockSurface_D_02.uasset" 3392
"E:/Projects/EcoBots/Content/Assets/LUSH_StylizedEnvironmentSet/Foliage/Trees/Textures/T_Bark_02_N.uasset" 3393
"E:/Projects/EcoBots/Content/Assets/LUSH_StylizedEnvironmentSet/Foliage/Trees/Textures/T_Bark_02_D.uasset" 3394
"E:/Projects/EcoBots/Content/Assets/LUSH_StylizedEnvironmentSet/Foliage/Trees/Textures/T_Bark_02_RAOH.uasset" 3395
"E:/Projects/EcoBots/Content/Assets/Orasot_Bundle/Stylized_Landscape_5_Bioms/Biom_Bamboo/Textures/T_Bamboo_Fence.uasset" 3396
"E:/Projects/EcoBots/Content/Assets/Orasot_Bundle/Stylized_Landscape_5_Bioms/Biom_Bamboo/Textures/T_Bamboo_Fence_n.uasset" 3397
"../../../Engine/Content/Functions/Engine_MaterialFunctions02/ExampleContent/Textures/newhplaneAlphaMap.uasset" 3398
"../../../Engine/Content/Functions/Engine_MaterialFunctions02/ExampleContent/Textures/newhplaneLightingMap.uasset" 3399
"../../../Engine/Content/MapTemplates/Sky/DaylightAmbientCubemap.uasset" 3400
"../../../Engine/Content/Functions/Engine_MaterialFunctions02/ExampleContent/Textures/newhplaneNormalsMap.uasset" 3401
"E:/Projects/EcoBots/Content/Assets/Orasot_Bundle/Stylized_Landscape_5_Bioms/Biom_Red/Bridge/Assets/Textures/T_Rope.uasset" 3402
"E:/Projects/EcoBots/Content/Assets/Orasot_Bundle/Stylized_Landscape_5_Bioms/Biom_Red/Bridge/Assets/Textures/T_Rope_n.uasset" 3403
"E:/Projects/EcoBots/Content/Assets/Orasot_Bundle/StylizedForestLandscape/Textures/T_Moss.uasset" 3404
"E:/Projects/EcoBots/Content/Assets/Orasot_Bundle/StylizedForestLandscape/Textures/T_Rock_Scatter_2.uasset" 3405
"E:/Projects/EcoBots/Content/Assets/Orasot_Bundle/StylizedForestLandscape/Textures/T_Rock_Scatter_2_normal.uasset" 3406
"E:/Projects/EcoBots/Content/StarterContent/Textures/T_Wood_Floor_Walnut_D.uasset" 3407
"C:/Users/emanu/AppData/Local/UnrealEngine/Common/DerivedDataCache/Buckets/BulkDataList/ca/a9/7b9dee58991cb027d05fba0d876655c55c0f.udd" 3408
"E:/Projects/EcoBots/Content/StarterContent/Textures/T_Wood_Floor_Walnut_M.uasset" 3409
"C:/Users/emanu/AppData/Local/UnrealEngine/Common/DerivedDataCache/Buckets/BulkDataList/14/b8/d3ba77c1cc6cb59a5b6dddd2a67bb7d459f6.udd" 3410
"E:/Projects/EcoBots/Content/StarterContent/Textures/T_Wood_Floor_Walnut_N.uasset" 3411
"E:/Projects/EcoBots/Content/StarterContent/Materials/M_Basic_Wall.uasset" 3412
"E:/Projects/EcoBots/Content/Assets/Orasot_Bundle/Stylized_Landscape_5_Bioms/Biom_Green/Textures/T_Plant_1.uasset" 3413
"E:/Projects/EcoBots/Content/Assets/Orasot_Bundle/StylizedForestLandscape/Textures/T_Rock_Scatter.uasset" 3414
"E:/Projects/EcoBots/Content/Assets/Orasot_Bundle/StylizedForestLandscape/Textures/T_Rock_Scatter_normal.uasset" 3415
"E:/Projects/EcoBots/Content/Assets/Orasot_Bundle/StylizedForestLandscape/Textures/T_Leaf.uasset" 3416
"E:/Projects/EcoBots/Content/Assets/Orasot_Bundle/Stylized_Landscape_5_Bioms/Biom_Red/Textures/T_Leaf_base.uasset" 3417
"E:/Projects/EcoBots/Content/Assets/Orasot_Bundle/StylizedForestLandscape/Textures/T_Noise_for_normal.uasset" 3418
"C:/Users/emanu/AppData/Local/UnrealEngine/Common/DerivedDataCache/Buckets/BulkDataList/f1/03/8feda19f91a1dcfd1b384d565e2ef4a1eeff.udd" 3419
"C:/Users/emanu/AppData/Local/UnrealEngine/Common/DerivedDataCache/Buckets/BulkDataList/69/3f/0574c50292efc468ebf3ccb602c833449089.udd" 3420
"E:/Projects/EcoBots/Content/Assets/Orasot_Bundle/StylizedForestLandscape/Textures/T_Leaf_Poplar.uasset" 3421
"C:/Users/emanu/AppData/Local/UnrealEngine/Common/DerivedDataCache/Buckets/BulkDataList/d8/24/3768fbd914db30256ba090cf941f26cb48fb.udd" 3422
"E:/Projects/EcoBots/Content/Assets/Orasot_Bundle/StylizedForestLandscape/Textures/T_Pine_Leaf.uasset" 3423
"C:/Users/emanu/AppData/Local/UnrealEngine/Common/DerivedDataCache/Buckets/BulkDataList/17/40/e3cabd7fd9912b7b248130fc2f789eabdd1e.udd" 3424
"E:/Projects/EcoBots/Content/Assets/media/img/BerryItem.uasset" 3425
"C:/Users/emanu/AppData/Local/UnrealEngine/Common/DerivedDataCache/Buckets/BulkDataList/3e/00/6a354f6edec4ac21902a295341608fa133fa.udd" 3426
"C:/Users/emanu/AppData/Local/UnrealEngine/Common/DerivedDataCache/Buckets/BulkDataList/23/a6/20436a1534467fb891ba565ae9dd81f28145.udd" 3427
"C:/Users/emanu/AppData/Local/UnrealEngine/Common/DerivedDataCache/Buckets/BulkDataList/d5/bb/f4308f7518e1db6aa6533256e603f0e1dba6.udd" 3428
"C:/Users/emanu/AppData/Local/UnrealEngine/Common/DerivedDataCache/Buckets/BulkDataList/21/15/8e471820593e09b73189d35557f581177f29.udd" 3429
"C:/Users/emanu/AppData/Local/UnrealEngine/Common/DerivedDataCache/Buckets/BulkDataList/8d/3b/d6f0a57a87797ad5b235eb84d2070327775c.udd" 3430
"C:/Users/emanu/AppData/Local/UnrealEngine/Common/DerivedDataCache/Buckets/BulkDataList/4b/fd/19c1323ae3d054ee411eedaf08d512bef561.udd" 3431
"C:/Users/emanu/AppData/Local/UnrealEngine/Common/DerivedDataCache/Buckets/MaterialShaderMap/42/42/2ef280dc02bb0762a3f7978c1bf28d16c6bf.udd" 3432
"C:/Users/emanu/AppData/Local/UnrealEngine/Common/DerivedDataCache/Buckets/MaterialShaderMap/ae/3c/27cc0879f9f40a5250717ec7526cad2b8a76.udd" 3433
"C:/Users/emanu/AppData/Local/UnrealEngine/Common/DerivedDataCache/Buckets/MaterialShaderMap/e9/1e/396f555dde2aed681fd9db7af29b23a202e7.udd" 3434
"C:/Users/emanu/AppData/Local/UnrealEngine/Common/DerivedDataCache/Buckets/MaterialShaderMap/96/e0/2222007a760ce67baf1e8ba3900c9b251351.udd" 3435
"C:/Users/emanu/AppData/Local/UnrealEngine/Common/DerivedDataCache/Buckets/BulkDataList/76/a3/c573128e17e46aac4f65183320fc76fbefc2.udd" 3436
"C:/Users/emanu/AppData/Local/UnrealEngine/Common/DerivedDataCache/Buckets/BulkDataList/53/57/cb50912287950813af10c59999b26b2ceeae.udd" 3437
"C:/Users/emanu/AppData/Local/UnrealEngine/Common/DerivedDataCache/Buckets/BulkDataList/8b/6c/edb00ae2aff1a48b10f5bf60ab7415e0c35e.udd" 3438
"C:/Users/emanu/AppData/Local/UnrealEngine/Common/DerivedDataCache/Buckets/BulkDataList/99/5e/0b733e9da48b729b7530800900ba434fc78a.udd" 3439
"C:/Users/emanu/AppData/Local/UnrealEngine/Common/DerivedDataCache/Buckets/BulkDataList/12/79/b0aa82fdbaac5b56eb64e594899f4725c69a.udd" 3440
"C:/Users/emanu/AppData/Local/UnrealEngine/Common/DerivedDataCache/Buckets/BulkDataList/80/b8/a7c6f4ba9eb6dd9aa31bb612b5f9a130089e.udd" 3441
"C:/Users/emanu/AppData/Local/UnrealEngine/Common/DerivedDataCache/Buckets/BulkDataList/e8/ef/74d88bde4355b0ca85106aae6f21a1f98705.udd" 3442
"C:/Users/emanu/AppData/Local/UnrealEngine/Common/DerivedDataCache/Buckets/BulkDataList/d2/13/80c84fafca7befc1303c4993a655c567f073.udd" 3443
"C:/Users/emanu/AppData/Local/UnrealEngine/Common/DerivedDataCache/Buckets/BulkDataList/70/56/7f685e85763b23c5edc1e783d1ef1a46be88.udd" 3444
"C:/Users/emanu/AppData/Local/UnrealEngine/Common/DerivedDataCache/Buckets/BulkDataList/e4/38/9974dd2beff7066be6d972f662836e7d0f0f.udd" 3445
"C:/Users/emanu/AppData/Local/UnrealEngine/Common/DerivedDataCache/Buckets/BulkDataList/c3/dc/e42ea76a62ad40d5a035a559626201601617.udd" 3446
"C:/Users/emanu/AppData/Local/UnrealEngine/Common/DerivedDataCache/Buckets/BulkDataList/4f/fe/1517f59ed36567299622c07940857505adff.udd" 3447
"C:/Users/emanu/AppData/Local/UnrealEngine/Common/DerivedDataCache/Buckets/BulkDataList/1d/a1/546b3cd70dd1f960836e5c1b292102506a21.udd" 3448
"C:/Users/emanu/AppData/Local/UnrealEngine/Common/DerivedDataCache/Buckets/BulkDataList/1f/fe/bfffd27b06278453e25260844293e9c15383.udd" 3449
"C:/Users/emanu/AppData/Local/UnrealEngine/Common/DerivedDataCache/Buckets/BulkDataList/e7/cc/507d7d429cd890985cf1f6b0f3aae1a9ccd6.udd" 3450
"C:/Users/emanu/AppData/Local/UnrealEngine/Common/DerivedDataCache/Buckets/MaterialShaderMap/a0/c1/40a915fe82e9e0a0f2015df0321415765f39.udd" 3451
"C:/Users/emanu/AppData/Local/UnrealEngine/Common/DerivedDataCache/Buckets/MaterialShaderMap/85/8c/fd57c0b0815cc15d9a16dd7c801bdffbbb46.udd" 3452
"E:/Projects/EcoBots/Content/Assets/media/img/CoconutItemIcon.uasset" 3453
"E:/Projects/EcoBots/Content/Assets/Realistic_Starter_VFX_Pack_Vol2/Vectorfields/VectorField_C.uasset" 3454
"E:/Projects/EcoBots/Content/StarterContent/Textures/T_Rock_Sandstone_D.uasset" 3455
"E:/Projects/EcoBots/Content/StarterContent/Textures/T_Rock_Sandstone_N.uasset" 3456
"E:/Projects/EcoBots/Content/Assets/Realistic_Starter_VFX_Pack_Vol2/Vectorfields/VectorField_D.uasset" 3457
"E:/Projects/EcoBots/Content/Assets/Orasot_Bundle/StylizedForestLandscape/Textures/T_Big_Rock.uasset" 3458
"E:/Projects/EcoBots/Content/Assets/Orasot_Bundle/StylizedForestLandscape/Textures/T_Big_Rock_normal.uasset" 3459
"E:/Projects/EcoBots/Content/StarterContent/Textures/T_Statue_M.uasset" 3460
"E:/Projects/EcoBots/Content/StarterContent/Textures/T_Statue_N.uasset" 3461
"E:/Projects/EcoBots/Content/Assets/Orasot_Bundle/StylizedForestLandscape/Textures/T_Big_Rock_2.uasset" 3462
"E:/Projects/EcoBots/Content/Assets/Orasot_Bundle/StylizedForestLandscape/Textures/T_Big_Rock_2_normal.uasset" 3463
"E:/Projects/EcoBots/Content/Assets/Orasot_Bundle/StylizedForestLandscape/Textures/T_Big_Rock_3.uasset" 3464
"E:/Projects/EcoBots/Content/Assets/Orasot_Bundle/StylizedForestLandscape/Textures/T_Big_Rock_3_normal.uasset" 3465
"../../../Engine/Content/OpenWorldTemplate/LandscapeMaterial/T_GridChecker_A.uasset" 3466
"E:/Projects/EcoBots/Content/Assets/media/wavs/SeaAmbient.uasset" 3467
"../../../Engine/Content/Functions/Engine_MaterialFunctions01/Texturing/ComputeMipLevel.uasset" 3468
"../../../Engine/Content/Functions/Engine_MaterialFunctions02/ExampleContent/DebugNumberStrip.uasset" 3469
"../../../Engine/Content/Functions/Engine_MaterialFunctions02/ExampleContent/Textures/DebugNumberPeriod.uasset" 3470
"E:/Projects/EcoBots/Content/Assets/LUSH_StylizedEnvironmentSet/Meshes/Rocks/Textures/T_Rock_03_N.uasset" 3471
"C:/Users/emanu/AppData/Local/UnrealEngine/Common/DerivedDataCache/Buckets/BulkDataList/2d/00/104d92a44a357f279c1479f98e3d126e2277.udd" 3472
"E:/Projects/EcoBots/Content/Assets/LUSH_StylizedEnvironmentSet/Meshes/Rocks/Textures/T_StylizedMoss_D.uasset" 3473
"../../../Engine/Content/Functions/Engine_MaterialFunctions01/AlphaBlend/WorldAlignedBlend.uasset" 3474
"E:/Projects/EcoBots/Content/Assets/LUSH_StylizedEnvironmentSet/Landscape/Textures/T_TropicalCliff_D.uasset" 3475
"E:/Projects/EcoBots/Content/StarterContent/Textures/T_Fire_SubUV.uasset" 3476
"E:/Projects/EcoBots/Content/StarterContent/Textures/T_Fire_Tiled_D.uasset" 3477
"E:/Projects/EcoBots/Content/StarterContent/Textures/T_Water_N.uasset" 3478
"C:/Users/emanu/AppData/Local/UnrealEngine/Common/DerivedDataCache/Buckets/BulkDataList/05/3a/ee99a54fc871e134e5343df842d02cfa1128.udd" 3479
"../../../Engine/Content/EngineMaterials/DefaultNormal.uasset" 3480
"C:/Users/emanu/AppData/Local/UnrealEngine/Common/DerivedDataCache/Buckets/BulkDataList/0e/3d/af6f07a8334b17f8c0ae03606209605f0c4b.udd" 3481
"../../../Engine/Content/Functions/Engine_MaterialFunctions02/Utility/BlendAngleCorrectedNormals.uasset" 3482
"C:/Users/emanu/AppData/Local/UnrealEngine/Common/DerivedDataCache/Buckets/BulkDataList/29/97/e3e7b44a4062c9e7bc2b018a0a72e0e86cdb.udd" 3483
"E:/Projects/EcoBots/Content/Assets/Orasot_Bundle/Stylized_Landscape_5_Bioms/Global/Material_Functions/MF_Normal_Intensity.uasset" 3484
"C:/Users/emanu/AppData/Local/UnrealEngine/Common/DerivedDataCache/Buckets/BulkDataList/41/74/967ff25733f8be80cd6f9206afd7ebf675cf.udd" 3485
"../../../Engine/Content/Functions/Engine_MaterialFunctions02/ExampleContent/Textures/newhplaneHeightMap.uasset" 3486
"C:/Users/emanu/AppData/Local/UnrealEngine/Common/DerivedDataCache/Buckets/BulkDataList/2d/de/4de0787965b69d5a78daf4bb9f0bbbb06924.udd" 3487
"E:/Projects/EcoBots/Content/Assets/Orasot_Bundle/Stylized_Landscape_5_Bioms/Biom_Desert/Textures/Tree_1/T_Impostor_Tree_1.uasset" 3488
"C:/Users/emanu/AppData/Local/UnrealEngine/Common/DerivedDataCache/Buckets/BulkDataList/69/ff/8718f6befdffe5adb2191062bbb78af58326.udd" 3489
"E:/Projects/EcoBots/Content/Assets/Orasot_Bundle/Stylized_Landscape_5_Bioms/Biom_Desert/Textures/Tree_1/T_Impostor_Tree_1_e.uasset" 3490
"C:/Users/emanu/AppData/Local/UnrealEngine/Common/DerivedDataCache/Buckets/BulkDataList/ab/89/55194b2257b71f9510aeced07b7dae80bcfe.udd" 3491
"E:/Projects/EcoBots/Content/Assets/Orasot_Bundle/Stylized_Landscape_5_Bioms/Biom_Desert/Textures/Tree_1/T_Impostor_Tree_1_n.uasset" 3492
"C:/Users/emanu/AppData/Local/UnrealEngine/Common/DerivedDataCache/Buckets/BulkDataList/5b/b5/a3f12671f72c643a492a98aa7e4be7a49486.udd" 3493
"C:/Users/emanu/AppData/Local/UnrealEngine/Common/DerivedDataCache/Buckets/BulkDataList/af/76/bd52a125b85ee217fe08099d8fdb896e908b.udd" 3494
"C:/Users/emanu/AppData/Local/UnrealEngine/Common/DerivedDataCache/Buckets/BulkDataList/38/8e/08f192ca9faadf29c414dc99177f64721819.udd" 3495
"C:/Users/emanu/AppData/Local/UnrealEngine/Common/DerivedDataCache/Buckets/BulkDataList/7d/71/bf6c35a1cb9ec6dc2126517ce1d275b6b3f9.udd" 3496
"C:/Users/emanu/AppData/Local/UnrealEngine/Common/DerivedDataCache/Buckets/BulkDataList/8c/36/bddf5a883f2bebdc9002c0d407ef3e4c5c89.udd" 3497
"C:/Users/emanu/AppData/Local/UnrealEngine/Common/DerivedDataCache/Buckets/BulkDataList/64/2f/125d62c5dbd2f5ff3aa260a3e12a66c336b9.udd" 3498
"C:/Users/emanu/AppData/Local/UnrealEngine/Common/DerivedDataCache/Buckets/BulkDataList/31/77/3a873279cbeedd9c2ed6b6891144da8ab147.udd" 3499
"C:/Users/emanu/AppData/Local/UnrealEngine/Common/DerivedDataCache/Buckets/BulkDataList/2a/df/98bc8ea8d65dfba1d911004e4f0bf1c1016c.udd" 3500
"C:/Users/emanu/AppData/Local/UnrealEngine/Common/DerivedDataCache/Buckets/BulkDataList/9e/c6/bf2a16f5d1a18dcba0463fc1791ea09f5a23.udd" 3501
"C:/Users/emanu/AppData/Local/UnrealEngine/Common/DerivedDataCache/Buckets/BulkDataList/56/81/7c2996feb8cfbb4dd8f9250679f80118eca7.udd" 3502
"C:/Users/emanu/AppData/Local/UnrealEngine/Common/DerivedDataCache/Buckets/BulkDataList/d7/e3/f62a188586caf56c07bf48fb0099e37e166a.udd" 3503
"C:/Users/emanu/AppData/Local/UnrealEngine/Common/DerivedDataCache/Buckets/BulkDataList/c8/a6/0cf7182e33db033176f75f8dd2a552dd36b2.udd" 3504
"C:/Users/emanu/AppData/Local/UnrealEngine/Common/DerivedDataCache/Buckets/BulkDataList/73/94/86e1ae3d338dae824e0c2b65700845030226.udd" 3505
"C:/Users/emanu/AppData/Local/UnrealEngine/Common/DerivedDataCache/Buckets/BulkDataList/f5/b1/916fc91ce472c95df3c52b65813cbfc9e1e9.udd" 3506
"C:/Users/emanu/AppData/Local/UnrealEngine/Common/DerivedDataCache/Buckets/BulkDataList/47/55/8eee26952eb654a7fb1ca6c16717fe53b3bc.udd" 3507
"C:/Users/emanu/AppData/Local/UnrealEngine/Common/DerivedDataCache/Buckets/BulkDataList/bb/93/d60bd1c0dffc31c06bcfaf752e36e0217834.udd" 3508
"C:/Users/emanu/AppData/Local/UnrealEngine/Common/DerivedDataCache/Buckets/BulkDataList/83/93/c82a2cfe2e089d5fd0a9eec537ba2f33daee.udd" 3509
"C:/Users/emanu/AppData/Local/UnrealEngine/Common/DerivedDataCache/Buckets/BulkDataList/2c/e6/4754f27e1e42461c2ef83c70b331ecc4fd10.udd" 3510
"C:/Users/emanu/AppData/Local/UnrealEngine/Common/DerivedDataCache/Buckets/BulkDataList/74/92/55f5c2f261dea75b6b3b72b745ab51fc8c1c.udd" 3511
"C:/Users/emanu/AppData/Local/UnrealEngine/Common/DerivedDataCache/Buckets/BulkDataList/79/1e/33c10f240b8edc34e5d02e51840a17ea72f7.udd" 3512
"E:/Projects/EcoBots/Content/Assets/Orasot_Bundle/Stylized_Landscape_5_Bioms/Biom_Green/Textures/T_Bark.uasset" 3513
"E:/Projects/EcoBots/Content/Assets/Orasot_Bundle/Stylized_Landscape_5_Bioms/Biom_Green/Textures/T_Bush_Card.uasset" 3514
"E:/Projects/EcoBots/Content/Assets/Orasot_Bundle/Stylized_Landscape_5_Bioms/Biom_Green/Textures/T_Bark_n.uasset" 3515
"E:/Projects/EcoBots/Content/Assets/Orasot_Bundle/Stylized_Landscape_5_Bioms/Biom_Green/Textures/T_Tree_BarL_h.uasset" 3516
"../../../Engine/Content/EngineMaterials/T_Default_Normal.uasset" 3517
"../../../Engine/Content/EngineResources/DefaultTexture_Low.uasset" 3518
"E:/Projects/EcoBots/Content/Blueprints/Characters/AI/BB_Buddy.uasset" 3519
"E:/Projects/EcoBots/Content/Assets/Orasot_Bundle/Stylized_Landscape_5_Bioms/Biom_Green/Textures/T_Leaf.uasset" 3520
"E:/Projects/EcoBots/Content/Assets/Orasot_Bundle/Stylized_Landscape_5_Bioms/Global/Textures/T_Noise.uasset" 3521
"E:/Projects/EcoBots/Content/Assets/LUSH_StylizedEnvironmentSet/Foliage/GroundIvy/Textures/T_GroundIvy_D.uasset" 3522
"E:/Projects/EcoBots/Content/Assets/LUSH_StylizedEnvironmentSet/Foliage/GroundIvy/Textures/T_GroundIvy_N.uasset" 3523
"E:/Projects/EcoBots/Content/Assets/Realistic_Starter_VFX_Pack_Vol2/Textures/T_Fireflies_Emms.uasset" 3524
"C:/Users/emanu/AppData/Local/UnrealEngine/Common/DerivedDataCache/Buckets/BulkDataList/17/52/ca6b14fbb569926a1b241930122fff18d524.udd" 3525
"E:/Projects/EcoBots/Content/Assets/Realistic_Starter_VFX_Pack_Vol2/Textures/T_Bubble.uasset" 3526
"E:/Projects/EcoBots/Content/Assets/Realistic_Starter_VFX_Pack_Vol2/Textures/T_Flies.uasset" 3527
"../../../Engine/Content/Functions/Engine_MaterialFunctions02/Texturing/CustomRotator.uasset" 3528
"E:/Projects/EcoBots/Content/Assets/Realistic_Starter_VFX_Pack_Vol2/Textures/T_Fish.uasset" 3529
"E:/Projects/EcoBots/Content/Assets/Realistic_Starter_VFX_Pack_Vol2/Textures/T_Fish_NM.uasset" 3530
"E:/Projects/EcoBots/Content/Blueprints/Characters/Controllers/InputActions/Interact.uasset" 3531
"E:/Projects/EcoBots/Content/Blueprints/Characters/Controllers/InputActions/Jump.uasset" 3532
"E:/Projects/EcoBots/Content/Blueprints/Characters/Controllers/InputActions/Move.uasset" 3533
"E:/Projects/EcoBots/Content/Blueprints/Characters/Controllers/InputActions/Run.uasset" 3534
"E:/Projects/EcoBots/Content/Assets/Orasot_Bundle/Stylized_Landscape_5_Bioms/Global/Demo/EpicGames/Fog/Textures/T_Noise01.uasset" 3535
"E:/Projects/EcoBots/Content/Assets/Orasot_Bundle/Stylized_Landscape_5_Bioms/Global/Demo/EpicGames/Fog/Textures/T_Water_N.uasset" 3536
"../../../Engine/Content/Functions/Engine_MaterialFunctions01/Texturing/FlattenNormal.uasset" 3537
"E:/Projects/EcoBots/Content/Assets/StackOBot/Environment/Foilage/Textures/Wind.uasset" 3538
"C:/Users/emanu/AppData/Local/UnrealEngine/Common/DerivedDataCache/Buckets/BulkDataList/34/b6/f7b5b1de8931ff96a507d6d81387304c29ba.udd" 3539
"E:/Projects/EcoBots/Content/Assets/StackOBot/Environment/Landscape/Textures/RVT_Crater_H.uasset" 3540
"E:/Projects/EcoBots/Content/Assets/StackOBot/Environment/Materials/MF_WorldSpaceUV.uasset" 3541
"E:/Projects/EcoBots/Content/Assets/StackOBot/Environment/Materials/MPC_DataSet.uasset" 3542
"C:/Users/emanu/AppData/Local/UnrealEngine/Common/DerivedDataCache/Buckets/BulkDataList/15/72/92797eb44a23b5b11f6454ff0ed91eea0503.udd" 3543
"E:/Projects/EcoBots/Content/Assets/StackOBot/Environment/Materials/Textures/T_SandTileabe_BC.uasset" 3544
"C:/Users/emanu/AppData/Local/UnrealEngine/Common/DerivedDataCache/Buckets/BulkDataList/b0/68/d112e8937cf6faa615a144f902e5110bc46a.udd" 3545
"E:/Projects/EcoBots/Content/Assets/Orasot_Bundle/Stylized_Landscape_5_Bioms/Biom_Green/Textures/T_Gravel_1_h.uasset" 3546
"C:/Users/emanu/AppData/Local/UnrealEngine/Common/DerivedDataCache/Buckets/BulkDataList/64/33/8c7d2f81c6233bdaab2db0492be9b6cd2079.udd" 3547
"E:/Projects/EcoBots/Content/Assets/Orasot_Bundle/Stylized_Landscape_5_Bioms/Global/RVT/RVT_Landscape_Height.uasset" 3548
"C:/Users/emanu/AppData/Local/UnrealEngine/Common/DerivedDataCache/Buckets/BulkDataList/5e/81/405d18139d1cbc7ab273faa73a49d7d55495.udd" 3549
"E:/Projects/EcoBots/Content/Assets/Orasot_Bundle/Stylized_Landscape_5_Bioms/Global/RVT/RVT_Landscape_Material.uasset" 3550
"C:/Users/emanu/AppData/Local/UnrealEngine/Common/DerivedDataCache/Buckets/BulkDataList/ae/d6/625fbd4a21c91478ab7e895b7cdbbfe860b8.udd" 3551
"C:/Users/emanu/AppData/Local/UnrealEngine/Common/DerivedDataCache/Buckets/BulkDataList/fa/3f/8acf1d7b73feeabffcb794a53102366a3bcf.udd" 3552
"C:/Users/emanu/AppData/Local/UnrealEngine/Common/DerivedDataCache/Buckets/BulkDataList/51/58/9cb5ad9894be6153873fbaa2d586092e21ab.udd" 3553
"C:/Users/emanu/AppData/Local/UnrealEngine/Common/DerivedDataCache/Buckets/BulkDataList/0a/ae/7e3e4dde552af6685aa46af2f7491f037757.udd" 3554
"C:/Users/emanu/AppData/Local/UnrealEngine/Common/DerivedDataCache/Buckets/BulkDataList/8f/91/33fad406518aa48091bf17eff1530bde3879.udd" 3555
"C:/Users/emanu/AppData/Local/UnrealEngine/Common/DerivedDataCache/Buckets/BulkDataList/84/11/3941735072f4db09d550566907e223cd3d70.udd" 3556
"C:/Users/emanu/AppData/Local/UnrealEngine/Common/DerivedDataCache/Buckets/BulkDataList/48/bc/b3ba5f458bd062182e970038b0e5ddc92fa1.udd" 3557
"C:/Users/emanu/AppData/Local/UnrealEngine/Common/DerivedDataCache/Buckets/BulkDataList/c0/5a/23bb18624124100766e45190c060efa08315.udd" 3558
"C:/Users/emanu/AppData/Local/UnrealEngine/Common/DerivedDataCache/Buckets/BulkDataList/62/95/4f2a8292867124fffb4f6153a5c6ca0edb2c.udd" 3559
"C:/Users/emanu/AppData/Local/UnrealEngine/Common/DerivedDataCache/Buckets/BulkDataList/4b/a3/71bb98ba29186aa46c41053ed80bba1feec9.udd" 3560
"C:/Users/emanu/AppData/Local/UnrealEngine/Common/DerivedDataCache/Buckets/BulkDataList/15/45/1ff9c5ac1e48cb1719f5ea0efae462369b19.udd" 3561
"C:/Users/emanu/AppData/Local/UnrealEngine/Common/DerivedDataCache/Buckets/BulkDataList/72/e6/4a547b36272f75e34bbd96aa6e96d7a3f48f.udd" 3562
"C:/Users/emanu/AppData/Local/UnrealEngine/Common/DerivedDataCache/Buckets/BulkDataList/e6/07/527e9c65aa9cb7e3efc2958de510b89b070d.udd" 3563
"C:/Users/emanu/AppData/Local/UnrealEngine/Common/DerivedDataCache/Buckets/BulkDataList/ed/bc/4c4f55e6a142a524ed695c68281fa24665ee.udd" 3564
"C:/Users/emanu/AppData/Local/UnrealEngine/Common/DerivedDataCache/Buckets/BulkDataList/21/94/73336ff77fe87510d0e29752ab362e2dd17e.udd" 3565
"C:/Users/emanu/AppData/Local/UnrealEngine/Common/DerivedDataCache/Buckets/BulkDataList/6d/c9/d1827c9b59f036c7675b99947462036de821.udd" 3566
"C:/Users/emanu/AppData/Local/UnrealEngine/Common/DerivedDataCache/Buckets/BulkDataList/b5/9a/9d30c5123b0f41ad65ec108f9b07bf12bce3.udd" 3567
"E:/Projects/EcoBots/Content/Assets/Orasot_Bundle/Stylized_Landscape_5_Bioms/Biom_Bamboo/Textures/Imposter_Bamboo_2/T_Impostor_Bamboo_2_e.uasset" 3568
"E:/Projects/EcoBots/Content/Assets/Orasot_Bundle/Stylized_Landscape_5_Bioms/Biom_Red/Textures/Imposter_Tree_3/T_Impostor_Tree_3_s.uasset" 3569
"E:/Projects/EcoBots/Content/Assets/Orasot_Bundle/Stylized_Landscape_5_Bioms/Biom_Desert/Textures/T_Palm.uasset" 3570
"E:/Projects/EcoBots/Content/Assets/Orasot_Bundle/Stylized_Landscape_5_Bioms/Biom_Desert/Textures/T_Palm_n.uasset" 3571
"E:/Projects/EcoBots/Content/Assets/Orasot_Bundle/StylizedForestLandscape/Textures/T_paint_noise.uasset" 3572
"E:/Projects/EcoBots/Content/Assets/Orasot_Bundle/StylizedForestLandscape/Textures/T_Birch_Trunk.uasset" 3573
"E:/Projects/EcoBots/Content/Assets/Orasot_Bundle/StylizedForestLandscape/Textures/T_Birch_Trunk_normal.uasset" 3574
"../../../Engine/Content/Functions/Engine_MaterialFunctions02/Utility/AppendMany.uasset" 3575
"../../../Engine/Content/Functions/Engine_MaterialFunctions02/SplitComponents.uasset" 3576
"E:/Projects/EcoBots/Content/Assets/StackOBot/Environment/Landscape/Textures/RVT_Crater.uasset" 3577
"E:/Projects/EcoBots/Content/Assets/StackOBot/Environment/Materials/Textures/T_RockTileable_BC.uasset" 3578
"E:/Projects/EcoBots/Content/Assets/StackOBot/Environment/Materials/Textures/T_RockTint.uasset" 3579
"../../../Engine/Content/Functions/Engine_MaterialFunctions03/Procedurals/NormalFromHeightmap.uasset" 3580
"../../../Engine/Content/Functions/Engine_MaterialFunctions02/WorldPositionOffset/ObjectPivotPoint.uasset" 3581
"E:/Projects/EcoBots/Content/Assets/Orasot_Bundle/Stylized_Landscape_5_Bioms/Global/Material_Functions/MF_Imposter_OverrideMobile.uasset" 3582
"../../../Engine/Content/Functions/Engine_MaterialFunctions01/Vectors/UnitVectorToOctahedron.uasset" 3583
"C:/Users/emanu/AppData/Local/UnrealEngine/Common/DerivedDataCache/Buckets/BulkDataList/ed/1b/391b518a5cd96cd3d0450c3601ae050c8ffa.udd" 3584
"E:/Projects/EcoBots/Content/Assets/Orasot_Bundle/Stylized_Landscape_5_Bioms/Global/Material_Functions/MF_Imposter_UnitVectorToHemiOctahedra.uasset" 3585
"E:/Projects/EcoBots/Content/Assets/StackOBot/Environment/Foilage/Textures/T_Leaves_D.uasset" 3586
"E:/Projects/EcoBots/Content/Assets/StackOBot/Environment/Foilage/Textures/T_Leaves_M.uasset" 3587
"E:/Projects/EcoBots/Content/Assets/StackOBot/Environment/Foilage/Textures/T_Leaves_N.uasset" 3588
"../../../Engine/Content/Functions/Engine_MaterialFunctions02/WorldPositionOffset/ComponentPivotLocation.uasset" 3589
"../../../Engine/Content/Functions/Engine_MaterialFunctions02/Math/InverseTransformMatrix.uasset" 3590
"../../../Engine/Content/Functions/Engine_MaterialFunctions01/Vectors/OctahedronToUnitVector.uasset" 3591
"E:/Projects/EcoBots/Content/Assets/Orasot_Bundle/Stylized_Landscape_5_Bioms/Global/Material_Functions/MF_Imposter_HemiOctahedronToUnitVector.uasset" 3592
"E:/Projects/EcoBots/Content/Assets/StackOBot/Environment/Materials/Textures/T_Bark_D.uasset" 3593
"E:/Projects/EcoBots/Content/Assets/StackOBot/Environment/Materials/Textures/T_Bark_N.uasset" 3594
"../../../Engine/Content/Functions/Engine_MaterialFunctions03/Texturing/TwoSidedTexturing.uasset" 3595
"C:/Users/emanu/AppData/Local/UnrealEngine/Common/DerivedDataCache/Buckets/BulkDataList/07/d9/f0206840683cd3c93a8c2d0024e55d253f9f.udd" 3596
"C:/Users/emanu/AppData/Local/UnrealEngine/Common/DerivedDataCache/Buckets/BulkDataList/76/b2/d8b7afc6c1576a1f5eda2b3c70f0313bf6c3.udd" 3597
"C:/Users/emanu/AppData/Local/UnrealEngine/Common/DerivedDataCache/Buckets/BulkDataList/86/d0/d1899946a6b9e89f1a9a02f7d56fbbfca39c.udd" 3598
"C:/Users/emanu/AppData/Local/UnrealEngine/Common/DerivedDataCache/Buckets/BulkDataList/38/1d/6c9efbae0de1a42090b5f565b6f303db9b80.udd" 3599
"C:/Users/emanu/AppData/Local/UnrealEngine/Common/DerivedDataCache/Buckets/BulkDataList/31/51/14e228bae57a4a3102de890c699b6deec951.udd" 3600
"C:/Users/emanu/AppData/Local/UnrealEngine/Common/DerivedDataCache/Buckets/BulkDataList/fc/40/70641a9b7da1173c48e8708765015bbb78c9.udd" 3601
"C:/Users/emanu/AppData/Local/UnrealEngine/Common/DerivedDataCache/Buckets/BulkDataList/ea/1e/6ace13c137fa7f4727fd57c6ba8698de5857.udd" 3602
"C:/Users/emanu/AppData/Local/UnrealEngine/Common/DerivedDataCache/Buckets/BulkDataList/77/8f/648daf5440c5a675aaca688f87fdf849e169.udd" 3603
"C:/Users/emanu/AppData/Local/UnrealEngine/Common/DerivedDataCache/Buckets/BulkDataList/d6/5e/1ca11590c956509b7da1174d0021054f7e9b.udd" 3604
"C:/Users/emanu/AppData/Local/UnrealEngine/Common/DerivedDataCache/Buckets/BulkDataList/1e/40/09aa42d63077bd9a99d15829eb9b40288708.udd" 3605
"C:/Users/emanu/AppData/Local/UnrealEngine/Common/DerivedDataCache/Buckets/BulkDataList/c3/01/f51ee473f136c1fbb3d12075f2e5f7fb5059.udd" 3606
"C:/Users/emanu/AppData/Local/UnrealEngine/Common/DerivedDataCache/Buckets/BulkDataList/c6/0b/8e854f3b4865a4716da041a496e644b8bef4.udd" 3607
"C:/Users/emanu/AppData/Local/UnrealEngine/Common/DerivedDataCache/Buckets/BulkDataList/04/a1/15bd68328c61d2ac143ee686cec71238fac8.udd" 3608
"C:/Users/emanu/AppData/Local/UnrealEngine/Common/DerivedDataCache/Buckets/BulkDataList/82/7e/4fbbab74900ec8c2767ba54fda2d6ecfab5f.udd" 3609
"E:/Projects/EcoBots/Content/Assets/Orasot_Bundle/Stylized_Landscape_5_Bioms/Global/Material_Functions/MF_Imposter_FrameBlendWeights.uasset" 3610
"../../../Engine/Content/Functions/Engine_MaterialFunctions02/Math/CreateThirdOrthogonalVector.uasset" 3611
"E:/Projects/EcoBots/Content/Assets/Mat/M_CraftablePreview2.uasset" 3612
"../../../Engine/Content/VREditor/LaserPointer/LaserPointerMaterial.uasset" 3613
"E:/Projects/EcoBots/Content/Assets/Orasot_Bundle/StylizedForestLandscape/Material_Functions/MF_Linear_Gradient.uasset" 3614
"../../../Engine/Content/Functions/Engine_MaterialFunctions01/Texturing/TextureCropping.uasset" 3615
"../../../Engine/Content/EngineMaterials/PPM_DefaultCalibrationGrayscale.uasset" 3616
"../../../Engine/Content/MobileResources/HUD/LeftVirtualJoystickOnly.uasset" 3617
"../../../Engine/Content/EngineMaterials/PPM_DefaultCalibrationColor.uasset" 3618
"../../../Engine/Content/EditorMaterials/PreviewShadowIndicatorMaterial.uasset" 3619
"E:/Projects/EcoBots/Content/Assets/media/wavs/MainMenu.uasset" 3620
"E:/Projects/EcoBots/Content/Assets/media/wavs/DayTrack1.uasset" 3621
"C:/Users/emanu/AppData/Local/UnrealEngine/Common/DerivedDataCache/Buckets/BulkDataList/49/44/c84d76e60aa7e5c688a5d705caa684019315.udd" 3622
"E:/Projects/EcoBots/Content/Assets/media/wavs/GameOver.uasset" 3623
"C:/Users/emanu/AppData/Local/UnrealEngine/Common/DerivedDataCache/Buckets/BulkDataList/31/f7/5437cfd7d54160e41d311f25c947adf7dbf2.udd" 3624
"C:/Users/emanu/AppData/Local/UnrealEngine/Common/DerivedDataCache/Buckets/MaterialShaderMap/e4/da/4ec0ac3620983eb333c55e8dd6e36b725226.udd" 3625
"C:/Users/emanu/AppData/Local/UnrealEngine/Common/DerivedDataCache/Buckets/MaterialShaderMap/0d/7c/ba4127b7a7d2f96b2a58bee38a28e9ea827c.udd" 3626
"C:/Users/emanu/AppData/Local/UnrealEngine/Common/DerivedDataCache/Buckets/MaterialShaderMap/07/8a/90af15f69499e5991c595d6fb4148357e58a.udd" 3627
"C:/Users/emanu/AppData/Local/UnrealEngine/Common/DerivedDataCache/Buckets/MaterialShaderMap/4e/db/510eeba16640a87773b4385256a3f52ed1f2.udd" 3628
"C:/Users/emanu/AppData/Local/UnrealEngine/Common/DerivedDataCache/Buckets/MaterialShaderMap/e6/f1/d72908d23198e7d9414956a0836db382cbb8.udd" 3629
"C:/Users/emanu/AppData/Local/UnrealEngine/Common/DerivedDataCache/Buckets/MaterialShaderMap/98/8b/c8d6d747da45da39221b4bbced8fee850f50.udd" 3630
"C:/Users/emanu/AppData/Local/UnrealEngine/Common/DerivedDataCache/Buckets/MaterialShaderMap/0d/7d/85d2b460ce5e00a4db65d226311d9270586c.udd" 3631
"C:/Users/emanu/AppData/Local/UnrealEngine/Common/DerivedDataCache/Buckets/MaterialShaderMap/78/b6/8aadc5726a93c255140fddb2d516a4f54e9d.udd" 3632
"C:/Users/emanu/AppData/Local/UnrealEngine/Common/DerivedDataCache/Buckets/MaterialShaderMap/71/a2/d53e498dbfb01d18bf2b1434a981562062b2.udd" 3633
"C:/Users/emanu/AppData/Local/UnrealEngine/Common/DerivedDataCache/Buckets/MaterialShaderMap/73/de/befab6586d488f895130fe44b0230d44d547.udd" 3634
"C:/Users/emanu/AppData/Local/UnrealEngine/Common/DerivedDataCache/Buckets/MaterialShaderMap/29/58/92edc83b09336ac6f9271df15a30442b962d.udd" 3635
"C:/Users/emanu/AppData/Local/UnrealEngine/Common/DerivedDataCache/Buckets/MaterialShaderMap/25/b6/e4e61c4ab2107708e95bba0314a5e5efe2e6.udd" 3636
"C:/Users/emanu/AppData/Local/UnrealEngine/Common/DerivedDataCache/Buckets/MaterialShaderMap/e3/c0/794193359d8b65021fbb4db5d61ca1a1af67.udd" 3637
"C:/Users/emanu/AppData/Local/UnrealEngine/Common/DerivedDataCache/Buckets/MaterialShaderMap/01/38/3820484e3bc751f7e66143389190edc75b14.udd" 3638
"C:/Users/emanu/AppData/Local/UnrealEngine/Common/DerivedDataCache/Buckets/MaterialShaderMap/9a/62/5e247f55610e8813a7b2ecdee331beccbd49.udd" 3639
"C:/Users/emanu/AppData/Local/UnrealEngine/Common/DerivedDataCache/Buckets/MaterialShaderMap/9b/71/cb64435c478e838bd757135614211bd3ab80.udd" 3640
"C:/Users/emanu/AppData/Local/UnrealEngine/Common/DerivedDataCache/Buckets/MaterialShaderMap/c7/46/d08587300d1e01eaa398c045618913376021.udd" 3641
"C:/Users/emanu/AppData/Local/UnrealEngine/Common/DerivedDataCache/Buckets/MaterialShaderMap/6f/6e/9b0add8f7e6e8cc500aa1ce12cc5795523dd.udd" 3642
"C:/Users/emanu/AppData/Local/UnrealEngine/Common/DerivedDataCache/Buckets/MaterialShaderMap/55/ae/010855662f6efddcf92eb88e445b1e25aada.udd" 3643
"C:/Users/emanu/AppData/Local/UnrealEngine/Common/DerivedDataCache/Buckets/MaterialShaderMap/73/75/a138540757aeb154b7fd2a6abe955d2c04cf.udd" 3644
"C:/Users/emanu/AppData/Local/UnrealEngine/Common/DerivedDataCache/Buckets/MaterialShaderMap/2a/ab/56bfe915e87159e08d3a31de8814b5ae8293.udd" 3645
"C:/Users/emanu/AppData/Local/UnrealEngine/Common/DerivedDataCache/Buckets/MaterialShaderMap/42/00/baa0f5eef2767a76775caf4a1ea37fa79951.udd" 3646
"C:/Users/emanu/AppData/Local/UnrealEngine/Common/DerivedDataCache/Buckets/MaterialShaderMap/f0/0a/529585e151c7b250c4236c63d4f470ed01ae.udd" 3647
"C:/Users/emanu/AppData/Local/UnrealEngine/Common/DerivedDataCache/Buckets/MaterialShaderMap/52/3b/629c5034d1e6255b3e113b9fdf6fc852e0db.udd" 3648
"C:/Users/emanu/AppData/Local/UnrealEngine/Common/DerivedDataCache/Buckets/MaterialShaderMap/6f/54/c1b2b87a572f0b47400d3bf285c4e50cbc0e.udd" 3649
"C:/Users/emanu/AppData/Local/UnrealEngine/Common/DerivedDataCache/Buckets/MaterialShaderMap/7b/ff/746b76eb3369a8a549c1a4edfb10960722fd.udd" 3650
"C:/Users/emanu/AppData/Local/UnrealEngine/Common/DerivedDataCache/Buckets/MaterialShaderMap/cd/8b/7a7334633b7dc10262717e476027cdbc18ce.udd" 3651
"C:/Users/emanu/AppData/Local/UnrealEngine/Common/DerivedDataCache/Buckets/MaterialShaderMap/dc/01/df63528f3e1e64ac96b45f81a78a4e5a28d9.udd" 3652
"C:/Users/emanu/AppData/Local/UnrealEngine/Common/DerivedDataCache/Buckets/MaterialShaderMap/3d/9b/93c555958764e1de51ab3ada7536e5e6df2c.udd" 3653
"C:/Users/emanu/AppData/Local/UnrealEngine/Common/DerivedDataCache/Buckets/MaterialShaderMap/3e/5f/a734086435ab18e1078440cc8837224b8120.udd" 3654
"C:/Users/emanu/AppData/Local/UnrealEngine/Common/DerivedDataCache/Buckets/MaterialShaderMap/f7/c3/e081615fe270102cf41088f3581357f7da16.udd" 3655
"C:/Users/emanu/AppData/Local/UnrealEngine/Common/DerivedDataCache/Buckets/MaterialShaderMap/64/af/03ac42e5bf91f35b515d64f22899b34c86eb.udd" 3656
"C:/Users/emanu/AppData/Local/UnrealEngine/Common/DerivedDataCache/Buckets/MaterialShaderMap/7c/02/0a927e6a2d1fc7195e3f9343abfc3db3e9dd.udd" 3657
"C:/Users/emanu/AppData/Local/UnrealEngine/Common/DerivedDataCache/Buckets/MaterialShaderMap/9a/9a/73d1ad647351324dbbfb01eb4c78e4a1d0c9.udd" 3658
"C:/Users/emanu/AppData/Local/UnrealEngine/Common/DerivedDataCache/Buckets/MaterialShaderMap/4b/10/9edd6f3bbda6773199f5167b7d571ed1af5f.udd" 3659
"C:/Users/emanu/AppData/Local/UnrealEngine/Common/DerivedDataCache/Content/2f/a8/c6bff72b34a5c9f3f22c04c22f6c40599ef5.udd" 3660
"C:/Users/emanu/AppData/Local/UnrealEngine/Common/DerivedDataCache/Buckets/MaterialShaderMap/bc/8e/7c3e46512b00272c64ef571e2e8dfc98543e.udd" 3661
"C:/Users/emanu/AppData/Local/UnrealEngine/Common/DerivedDataCache/Content/b8/44/f05f0d00f7257ef2d538516829118ae9ecbd.udd" 3662
"E:/Projects/EcoBots/Content/Assets/media/wavs/DayTrack3.uasset" 3663
"E:/Projects/EcoBots/Content/Assets/media/wavs/DayTrack2.uasset" 3664
"E:/Projects/EcoBots/Content/Assets/media/wavs/DayTrack4.uasset" 3665
"E:/Projects/EcoBots/Content/Assets/media/wavs/NightTrack1.uasset" 3666
"E:/Projects/EcoBots/Content/Assets/media/wavs/NightTrack3.uasset" 3667
"E:/Projects/EcoBots/Content/Assets/media/wavs/NightTrack2.uasset" 3668
"E:/Projects/EcoBots/Content/Assets/media/wavs/NightTrack4.uasset" 3669
"E:/Projects/EcoBots/Content/Assets/LUSH_StylizedEnvironmentSet/_SharedAssets/Materials/MF_LeafGradient.uasset" 3670
"E:/Projects/EcoBots/Content/Blueprints/Characters/MiniMap/M_MiniMapTextureRenderTarget2D_Mat.uasset" 3671
"E:/Projects/EcoBots/Content/Blueprints/Gamemodes/BP_MenuGameMode.uasset" 3672
"../../../Engine/Content/EngineSky/M_Sky_Panning_Clouds2.uasset" 3673
"../../../Engine/Content/MapTemplates/Sky/M_Procedural_Sky_MASTER02.uasset" 3674
"../../../Engine/Content/Functions/Engine_MaterialFunctions03/Blends/Blend_Overlay.uasset" 3675
"E:/Projects/EcoBots/Content/Assets/StackOBot/FX/Spawn/MF_SpawnEffect.uasset" 3676
"E:/Projects/EcoBots/Content/Assets/Orasot_Bundle/Stylized_Landscape_5_Bioms/Global/Material_Functions/MF_Imposter_TriangleInterpolator.uasset" 3677
"E:/Projects/EcoBots/Content/Assets/StackOBot/Characters/Bot/Animations/A_Bot_Fall.uasset" 3678
"E:/Projects/EcoBots/Content/Assets/StackOBot/Characters/Bot/Animations/A_Bot_Idle.uasset" 3679
"E:/Projects/EcoBots/Content/Assets/StackOBot/Characters/Bot/Animations/A_Bot_Interact_PressButton.uasset" 3680
"E:/Projects/EcoBots/Content/Assets/StackOBot/Characters/Bot/Animations/A_Bot_LandIdle.uasset" 3681
"E:/Projects/EcoBots/Content/Assets/StackOBot/Characters/Bot/Animations/A_Bot_RunJump.uasset" 3682
"E:/Projects/EcoBots/Content/Assets/StackOBot/Characters/Bot/Animations/A_Bot_IdleJump.uasset" 3683
"E:/Projects/EcoBots/Content/Assets/StackOBot/FX/JetpackThruster/FX_JetpackThruster.uasset" 3684
"E:/Projects/EcoBots/Content/Assets/media/wavs/singlestep.uasset" 3685
"E:/Projects/EcoBots/Content/Assets/Boat/Boat_body_1.uasset" 3686
"E:/Projects/EcoBots/Content/Assets/Boat/Boat_body_2.uasset" 3687
"E:/Projects/EcoBots/Content/Assets/Boat/Boat_bottom.uasset" 3688
"E:/Projects/EcoBots/Content/Assets/Boat/Boat_paddle_1.uasset" 3689
"E:/Projects/EcoBots/Content/Assets/Boat/Boat_paddle_2.uasset" 3690
"E:/Projects/EcoBots/Content/StarterContent/Materials/M_Wood_Oak.uasset" 3691
"C:/Users/emanu/AppData/Local/UnrealEngine/Common/DerivedDataCache/Buckets/BulkDataList/f5/d8/9c927b481bb62d574b67a5605734dd993c1e.udd" 3692
"E:/Projects/EcoBots/Content/StarterContent/Materials/M_Wood_Pine.uasset" 3693
"C:/Users/emanu/AppData/Local/UnrealEngine/Common/DerivedDataCache/Buckets/BulkDataList/f7/0b/dff21789b4479b243722056dca9628bfadee.udd" 3694
"E:/Projects/EcoBots/Content/Assets/media/fonts/LEAFLETS_0_Font.uasset" 3695
"C:/Users/emanu/AppData/Local/UnrealEngine/Common/DerivedDataCache/Buckets/BulkDataList/6e/80/c8758bd27da79482a98e472f878980bbc6f3.udd" 3696
"E:/Projects/EcoBots/Content/Assets/media/fonts/LEAFLETS_Font.uasset" 3697
"C:/Users/emanu/AppData/Local/UnrealEngine/Common/DerivedDataCache/Buckets/BulkDataList/4e/b2/a2a3d9fff69ebde712cf0971a774c641c777.udd" 3698
"C:/Users/emanu/AppData/Local/UnrealEngine/Common/DerivedDataCache/Buckets/BulkDataList/54/a9/f09dba9e4010ecac9d21b682005a7dba264a.udd" 3699
"C:/Users/emanu/AppData/Local/UnrealEngine/Common/DerivedDataCache/Buckets/BulkDataList/9e/b0/32d236c91c0fd421c8298d7ced19f6b0ad41.udd" 3700
"C:/Users/emanu/AppData/Local/UnrealEngine/Common/DerivedDataCache/Buckets/BulkDataList/c1/41/91def6617dae028432fdd28bc1f360546f5b.udd" 3701
"C:/Users/emanu/AppData/Local/UnrealEngine/Common/DerivedDataCache/Buckets/BulkDataList/15/3c/982d8d6a7a141b7bcacc1de75137d5c22c43.udd" 3702
"C:/Users/emanu/AppData/Local/UnrealEngine/Common/DerivedDataCache/Buckets/BulkDataList/90/c0/d7da73165b52d0333ab77ccf8ee69ffd4a1c.udd" 3703
"C:/Users/emanu/AppData/Local/UnrealEngine/Common/DerivedDataCache/Buckets/BulkDataList/26/26/e3a60a3ec815cda6b265e53a646f152e12a4.udd" 3704
"C:/Users/emanu/AppData/Local/UnrealEngine/Common/DerivedDataCache/Buckets/MaterialShaderMap/a5/f9/927d041e3f03d5c967a1250d2f967b2a12d1.udd" 3705
"C:/Users/emanu/AppData/Local/UnrealEngine/Common/DerivedDataCache/Buckets/MaterialShaderMap/b5/df/1e9e47b0a7b99563eb31ab5aa3c135e7ae53.udd" 3706
"C:/Users/emanu/AppData/Local/UnrealEngine/Common/DerivedDataCache/Buckets/MaterialShaderMap/d5/5a/9926d007c672d5d3eea856a571d0fd752d95.udd" 3707
"C:/Users/emanu/AppData/Local/UnrealEngine/Common/DerivedDataCache/Buckets/MaterialShaderMap/2d/fb/12916097cc4e75d7967c2cf1e9eee1af43f9.udd" 3708
"C:/Users/emanu/AppData/Local/UnrealEngine/Common/DerivedDataCache/Buckets/MaterialShaderMap/d5/7c/beb83f7d2ce573a125991f22f0ee747d8a3b.udd" 3709
"C:/Users/emanu/AppData/Local/UnrealEngine/Common/DerivedDataCache/Buckets/MaterialShaderMap/a0/39/a914025253edecf03976e1a02e681e6b09c7.udd" 3710
"C:/Users/emanu/AppData/Local/UnrealEngine/Common/DerivedDataCache/Buckets/MaterialShaderMap/50/d3/94ebb3aa90668f3b11495b5847713e0f3e86.udd" 3711
"C:/Users/emanu/AppData/Local/UnrealEngine/Common/DerivedDataCache/Buckets/MaterialShaderMap/b5/ab/30f7120e0434d9e75a4fecf1906fd29ec731.udd" 3712
"../../Plugins/FX/Niagara/Content/DynamicInputs/Add/Add_Float.uasset" 3713
"../../Plugins/FX/Niagara/Content/DynamicInputs/Multiply/Multiply_Float.uasset" 3714
"../../Plugins/FX/Niagara/Content/DynamicInputs/UniformRange/V2/RandomRangeFloat.uasset" 3715
"../../Plugins/FX/Niagara/Content/Functions/V2/CalculateRandomRangeFloat.uasset" 3716
"../../Plugins/FX/Niagara/Content/Enums/ENiagaraRandomnessEvaluation.uasset" 3717
"../../Plugins/FX/Niagara/Content/Enums/ENiagaraRandomnessMode.uasset" 3718
"../../Plugins/FX/Niagara/Content/DynamicInputs/ValueFromCurve/FloatFromCurve.uasset" 3719
"../../Plugins/FX/Niagara/Content/DynamicInputs/ValueFromCurve/Vector2DFromCurve.uasset" 3720
"../../Plugins/FX/Niagara/Content/Modules/Emitter/EmitterState.uasset" 3721
"../../Plugins/FX/Niagara/Content/Functions/Emitter/EmitterChangeState.uasset" 3722
"../../Plugins/FX/Niagara/Content/Enums/ENiagara_EmitterStateOptions.uasset" 3723
"../../Plugins/FX/Niagara/Content/Enums/ENiagara_InfiniteLoopDuration.uasset" 3724
"../../Plugins/FX/Niagara/Content/Enums/ENiagaraEmitterLifeCycleMode.uasset" 3725
"../../Plugins/FX/Niagara/Content/Enums/ENiagaraEmitterScalabilityMode_Limited.uasset" 3726
"../../Plugins/FX/Niagara/Content/Enums/ENiagaraExecutionStateManagement.uasset" 3727
"../../Plugins/FX/Niagara/Content/Enums/ENiagaraInactiveMode.uasset" 3728
"../../Plugins/FX/Niagara/Content/Modules/Emitter/SpawnRate.uasset" 3729
"../../Plugins/FX/Niagara/Content/Functions/RandomRangeFloat.uasset" 3730
"../../Plugins/FX/Niagara/Content/Functions/GetRandomInfo.uasset" 3731
"../../Plugins/FX/Niagara/Content/Modules/Solvers/SolveForcesAndVelocity.uasset" 3732
"../../Plugins/FX/Niagara/Content/Functions/DirectionAndLengthSafe.uasset" 3733
"../../Plugins/FX/Niagara/Content/Functions/Drag/DragVelocity.uasset" 3734
"../../Plugins/FX/Niagara/Content/Functions/Math/CentimeterMeterConversion.uasset" 3735
"../../Plugins/FX/Niagara/Content/Functions/Rotation/MultiplyVectorWithQuaternion.uasset" 3736
"../../Plugins/FX/Niagara/Content/Modules/Solvers/ApplyRotationVector.uasset" 3737
"../../Plugins/FX/Niagara/Content/Functions/Rotation/AxisAngleToQuaternion.uasset" 3738
"../../Plugins/FX/Niagara/Content/Functions/Rotation/MultiplyQuaternion.uasset" 3739
"../../Plugins/FX/Niagara/Content/Icons/Modules/T_Icon_Solver_LimitAccel.uasset" 3740
"../../Plugins/FX/Niagara/Content/Icons/Modules/T_Icon_Solver_LimitSpeed.uasset" 3741
"../../Plugins/FX/Niagara/Content/Icons/Modules/T_Icon_Solver_RotationalSolve.uasset" 3742
"../../Plugins/FX/Niagara/Content/Modules/Spawn/Initialization/V2/InitializeParticle.uasset" 3743
"../../Plugins/FX/Niagara/Content/Functions/LinearColor/HueShiftLinearColor.uasset" 3744
"../../Plugins/FX/Niagara/Content/Functions/Localspace/SimulationPosition.uasset" 3745
"../../Plugins/FX/Niagara/Content/Functions/Localspace/TransformVector.uasset" 3746
"../../Plugins/FX/Niagara/Content/Functions/Localspace/TransformBase.uasset" 3747
"../../Plugins/FX/Niagara/Content/Functions/V2/CalculateRandomBool.uasset" 3748
"../../Plugins/FX/Niagara/Content/Functions/V2/CalculateRandomRangeInteger.uasset" 3749
"../../Plugins/FX/Niagara/Content/Functions/V2/CalculateRandomRange.uasset" 3750
"../../Plugins/FX/Niagara/Content/Enums/ENiagara_ColorInitializationMode.uasset" 3751
"../../Plugins/FX/Niagara/Content/Enums/ENiagara_LifetimeMode.uasset" 3752
"../../Plugins/FX/Niagara/Content/Enums/ENiagara_MassInitializationMode.uasset" 3753
"../../Plugins/FX/Niagara/Content/Enums/ENiagara_PositionInitializationMode.uasset" 3754
"../../Plugins/FX/Niagara/Content/Enums/ENiagara_SizeScaleMode.uasset" 3755
"../../Plugins/FX/Niagara/Content/Enums/ENiagara_SpriteRotationMode.uasset" 3756
"../../Plugins/FX/Niagara/Content/Enums/ENiagara_UVFlippingMode.uasset" 3757
"../../Plugins/FX/Niagara/Content/Enums/ENiagaraChannelCorrelation.uasset" 3758
"../../Plugins/FX/Niagara/Content/Enums/Ribbons/ENiagara_UnsetDirectSet.uasset" 3759
"../../Plugins/FX/Niagara/Content/Enums/Ribbons/ENiagara_UnsetDirectSetRandom.uasset" 3760
"../../Plugins/FX/Niagara/Content/Modules/Spawn/Location/V2/SkeletalMeshLocation.uasset" 3761
"../../Plugins/FX/Niagara/Content/Functions/Localspace/TransformPosition.uasset" 3762
"../../Plugins/FX/Niagara/Content/Functions/Rotation/InvertQuaternion.uasset" 3763
"../../Plugins/FX/Niagara/Content/Functions/Rotation/MakeQuaternionFrom3BasisVectors.uasset" 3764
"../../Plugins/FX/Niagara/Content/Functions/Rotation/MatrixToQuaternion.uasset" 3765
"../../Plugins/FX/Niagara/Content/Enums/ENiagara_AttributeSamplingApplyOutput.uasset" 3766
"../../Plugins/FX/Niagara/Content/Enums/ENiagaraBoneSamplingMode.uasset" 3767
"../../Plugins/FX/Niagara/Content/Enums/ENiagaraBoneSocketSamplingMode.uasset" 3768
"../../Plugins/FX/Niagara/Content/Enums/ENiagaraMeshTransforms.uasset" 3769
"../../Plugins/FX/Niagara/Content/Enums/ENiagaraSkelMeshPositionSamplingMode.uasset" 3770
"../../Plugins/FX/Niagara/Content/Enums/ENiagaraSkelMeshTransforms.uasset" 3771
"../../Plugins/FX/Niagara/Content/Enums/ENiagaraSkelSamplingModeFull.uasset" 3772
"../../Plugins/FX/Niagara/Content/Enums/ENiagaraSocketSamplingMode.uasset" 3773
"../../Plugins/FX/Niagara/Content/Enums/ENiagaraTriangleSamplingMode.uasset" 3774
"../../Plugins/FX/Niagara/Content/Enums/ENiagaraVertexSamplingMode.uasset" 3775
"../../Plugins/FX/Niagara/Content/Modules/Spawn/Velocity/AddVelocityInCone.uasset" 3776
"../../Plugins/FX/Niagara/Content/Functions/Math/CalculateRandomPointInConeSphereIntersection.uasset" 3777
"../../Plugins/FX/Niagara/Content/Functions/Rotation/AngleUnitConverter.uasset" 3778
"../../Plugins/FX/Niagara/Content/Enums/Angles/ENiagara_AngleInput.uasset" 3779
"../../Plugins/FX/Niagara/Content/Functions/Rotation/FindQuatBetween.uasset" 3780
"../../Plugins/FX/Niagara/Content/Functions/Math/RemapValueRange.uasset" 3781
"../../Plugins/FX/Niagara/Content/Functions/RandomVectorInCone.uasset" 3782
"../../Plugins/FX/Niagara/Content/Functions/PolarToCartesianCoordinates.uasset" 3783
"../../Plugins/FX/Niagara/Content/Modules/System/SystemState.uasset" 3784
"../../Plugins/FX/Niagara/Content/Functions/System/SystemChangeState.uasset" 3785
"../../Plugins/FX/Niagara/Content/Enums/ENiagaraSystemInactiveMode.uasset" 3786
"../../Plugins/FX/Niagara/Content/Modules/Update/Color/ScaleColor.uasset" 3787
"../../Plugins/FX/Niagara/Content/Enums/ENiagaraScaleColorMode.uasset" 3788
"../../Plugins/FX/Niagara/Content/Modules/Update/Forces/Drag.uasset" 3789
"../../Plugins/FX/Niagara/Content/Modules/Update/Forces/GravityForce.uasset" 3790
"../../Plugins/FX/Niagara/Content/Modules/Update/Lifetime/ParticleState.uasset" 3791
"../../Plugins/FX/Niagara/Content/Functions/Math/SaturateFloat.uasset" 3792
"../../Plugins/FX/Niagara/Content/Icons/Modules/T_Icon_Particle_InfiniteLife.uasset" 3793
"../../Plugins/FX/Niagara/Content/Modules/Update/Size/ScaleSpriteSize.uasset" 3794
"../../Plugins/FX/Niagara/Content/Enums/SpriteRenderer/ENiagara_ScaleSpriteSize.uasset" 3795
"C:/Users/emanu/AppData/Local/UnrealEngine/Common/DerivedDataCache/Buckets/BulkDataList/17/b2/169b665575a947aa13d6a33e6c5d850242bb.udd" 3796
"C:/Users/emanu/AppData/Local/UnrealEngine/Common/DerivedDataCache/Buckets/BulkDataList/3d/24/15f165bdbf1e35cd133d72371963f2377943.udd" 3797
"C:/Users/emanu/AppData/Local/UnrealEngine/Common/DerivedDataCache/Buckets/BulkDataList/d8/bd/fb0ee48a566c9560320673541b7496deaa02.udd" 3798
"C:/Users/emanu/AppData/Local/UnrealEngine/Common/DerivedDataCache/Buckets/BulkDataList/5e/07/515c4f3d5a37a44d502a26f65933a9ec6d4e.udd" 3799
"../../../Engine/Plugins/FX/Niagara/Shaders/Private/NiagaraDataInterfaceCurveTemplate.ush" 3800
"../../../Engine/Plugins/FX/Niagara/Shaders/Private/NiagaraDataInterfaceMeshRendererInfoTemplate.ush" 3801
"../../../Engine/Plugins/FX/Niagara/Shaders/Private/NiagaraDataInterfaceSkeletalMesh.ush" 3802
"../../../Engine/Plugins/FX/Niagara/Shaders/Private/NiagaraBaryCentricUtils.ush" 3803
"../../../Engine/Plugins/FX/Niagara/Shaders/Private/NiagaraDataInterfaceSkeletalMeshTemplate.ush" 3804
"../../../Engine/Plugins/FX/Niagara/Shaders/Private/NiagaraDataInterfaceTexture2DArrayTemplate.ush" 3805
"../../../Engine/Plugins/FX/Niagara/Shaders/Private/NiagaraDataInterfaceActorComponentTemplate.ush" 3806
"../../../Engine/Plugins/FX/Niagara/Shaders/Private/NiagaraDataInterfaceArrayTemplate.ush" 3807
"../../../Engine/Plugins/FX/Niagara/Shaders/Private/NiagaraDataInterfaceArrayRWTemplate.ush" 3808
"../../../Engine/Plugins/FX/Niagara/Shaders/Private/NiagaraDataInterfaceAsyncGpuTrace.ush" 3809
"../../../Engine/Plugins/FX/Niagara/Shaders/Private/NiagaraDataInterfaceAsyncGpuTraceTemplate.ush" 3810
"../../../Engine/Plugins/FX/Niagara/Shaders/Private/NiagaraDataInterfaceCamera.ush" 3811
"../../../Engine/Plugins/Experimental/ChaosNiagara/Shaders/NiagaraDataInterfaceChaosDestruction.ush" 3812
"../../../Engine/Plugins/FX/Niagara/Shaders/Private/NiagaraDataInterfaceCollisionQuery.ush" 3813
"../../../Engine/Shaders/Public/StrataPublic.ush" 3814
"../../../Engine/Plugins/FX/Niagara/Shaders/Private/NiagaraDataInterfaceCollisionQueryTemplate.ush" 3815
"../../../Engine/Plugins/FX/Niagara/Shaders/Private/NiagaraDataInterfaceCubeTextureTemplate.ush" 3816
"../../../Engine/Plugins/FX/Niagara/Shaders/Private/DataChannel/NiagaraDataInterfaceDataChannelCommon.ush" 3817
"../../../Engine/Plugins/FX/Niagara/Shaders/Private/DataChannel/NiagaraDataInterfaceDataChannelTemplateCommon.ush" 3818
"../../../Engine/Plugins/FX/Niagara/Shaders/Private/DataChannel/NiagaraDataInterfaceDataChannelTemplate_Read.ush" 3819
"../../../Engine/Plugins/FX/Niagara/Shaders/Private/DataChannel/NiagaraDataInterfaceDataChannelTemplate_Consume.ush" 3820
"../../../Engine/Plugins/FX/Niagara/Shaders/Private/NiagaraDataInterfaceDebugDraw.ush" 3821
"../../../Engine/Plugins/FX/Niagara/Shaders/Private/NiagaraDataInterfaceDebugDrawTemplate.ush" 3822
"../../../Engine/Plugins/FX/Niagara/Shaders/Private/NiagaraDataInterfaceDynamicMeshTemplate.ush" 3823
"../../../Engine/Plugins/FX/Niagara/Shaders/Private/NiagaraDataInterfaceEmitterPropertiesTemplate.ush" 3824
"../../../Engine/Plugins/FX/Niagara/Shaders/Private/NiagaraDataInterfaceExportTemplate.ush" 3825
"../../../Engine/Plugins/FX/Niagara/Shaders/Private/NiagaraDataInterfaceGBufferTemplate.ush" 3826
"../../../Engine/Plugins/Experimental/ChaosNiagara/Shaders/NiagaraDataInterfaceGeometryCollection.ush" 3827
"../../../Engine/Plugins/FX/Niagara/Shaders/Private/NiagaraDataInterfaceIntRenderTarget2D.ush" 3828
"../../../Engine/Plugins/FX/Niagara/Shaders/Private/NiagaraDataInterfaceLandscape.ush" 3829
"../../../Engine/Plugins/FX/Niagara/Shaders/Private/NiagaraDataInterfaceOcclusion.ush" 3830
"../../../Engine/Plugins/FX/Niagara/Shaders/Private/NiagaraDataInterfacePhysicsAsset.ush" 3831
"../../../Engine/Plugins/Experimental/ChaosNiagara/Shaders/NiagaraDataInterfacePhysicsField.ush" 3832
"../../../Engine/Plugins/FX/Niagara/Shaders/Private/NiagaraDataInterfaceRenderTarget2DTemplate.ush" 3833
"../../../Engine/Plugins/FX/Niagara/Shaders/Private/NiagaraDataInterfaceRenderTarget2DArrayTemplate.ush" 3834
"../../../Engine/Plugins/FX/Niagara/Shaders/Private/NiagaraDataInterfaceRenderTargetCubeTemplate.ush" 3835
"../../../Engine/Plugins/FX/Niagara/Shaders/Private/NiagaraDataInterfaceRenderTargetVolumeTemplate.ush" 3836
"../../../Engine/Plugins/FX/Niagara/Shaders/Private/NiagaraDataInterfaceRigidMeshCollisionQuery.ush" 3837
"../../../Engine/Plugins/FX/Niagara/Shaders/Private/NiagaraDataInterfaceSimCacheReaderTemplate.ush" 3838
"../../../Engine/Plugins/FX/Niagara/Shaders/Private/NiagaraDataInterfaceSimpleCounterTemplate.ush" 3839
"../../../Engine/Plugins/FX/Niagara/Shaders/Private/NiagaraDataInterfaceSplineTemplate.ush" 3840
"../../../Engine/Plugins/FX/Niagara/Shaders/Private/NiagaraDataInterfaceSpriteRendererInfoTemplate.ush" 3841
"../../../Engine/Plugins/FX/Niagara/Shaders/Private/NiagaraDataInterfaceStaticMeshTemplate.ush" 3842
"../../../Engine/Plugins/FX/Niagara/Shaders/Private/NiagaraQuaternionUtils.ush" 3843
"../../../Engine/Plugins/FX/Niagara/Shaders/Private/NiagaraDataInterfaceTextureTemplate.ush" 3844
"../../../Engine/Plugins/FX/Niagara/Shaders/Private/NiagaraDataInterfaceVirtualTexture.ush" 3845
"../../../Engine/Plugins/FX/Niagara/Shaders/Private/NiagaraDataInterfaceVirtualTextureTemplate.ush" 3846
"../../../Engine/Plugins/FX/Niagara/Shaders/Private/NiagaraDataInterfaceVolumeCache.ush" 3847
"../../../Engine/Plugins/FX/Niagara/Shaders/Private/NiagaraDataInterfaceVolumeTextureTemplate.ush" 3848
"C:/Users/emanu/AppData/Local/UnrealEngine/Common/DerivedDataCache/Buckets/BulkDataList/03/0f/4e5a96a04f7f196f87895bc97e5228624ab2.udd" 3849
"C:/Users/emanu/AppData/Local/UnrealEngine/Common/DerivedDataCache/Buckets/MaterialShaderMap/be/18/af01c75154c9cf49e38a95ab6ef849bb6d47.udd" 3850
"C:/Users/emanu/AppData/Local/UnrealEngine/Common/DerivedDataCache/Buckets/MaterialShaderMap/75/63/d34510a33ec2d571d106c04067ae17ccdde9.udd" 3851
"C:/Users/emanu/AppData/Local/UnrealEngine/Common/DerivedDataCache/Buckets/MaterialShaderMap/b5/e3/69846ee61de4df125200c1d1fc387ee2d82f.udd" 3852
"C:/Users/emanu/AppData/Local/UnrealEngine/Common/DerivedDataCache/Buckets/MaterialShaderMap/fe/3e/6424dd630132dceea2c4371b0a9a5b1afc7a.udd" 3853
"C:/Users/emanu/AppData/Local/UnrealEngine/Common/DerivedDataCache/Buckets/MaterialShaderMap/a6/a9/aecc7f22fdfea74105285666ff7c3c659f57.udd" 3854
"C:/Users/emanu/AppData/Local/UnrealEngine/Common/DerivedDataCache/Buckets/MaterialShaderMap/96/65/ee799656a7a6419e7925dd334f646465f3df.udd" 3855
"C:/Users/emanu/AppData/Local/UnrealEngine/Common/DerivedDataCache/Buckets/MaterialShaderMap/64/af/9ef29166a0d31ea2e0029a3591fc563bee64.udd" 3856
"C:/Users/emanu/AppData/Local/UnrealEngine/Common/DerivedDataCache/Buckets/MaterialShaderMap/c3/cb/7cf456a6aa285897bb07d842b35e20cd2bcd.udd" 3857
"C:/Users/emanu/AppData/Local/UnrealEngine/Common/DerivedDataCache/Buckets/MaterialShaderMap/c8/be/a81b9262284ac95a107752da9ad41a8b2fbb.udd" 3858
"C:/Users/emanu/AppData/Local/UnrealEngine/Common/DerivedDataCache/Buckets/MaterialShaderMap/a6/d2/900095f1fc25f0248c2c574d23c95280a88e.udd" 3859
"E:/Projects/EcoBots/Content/StarterContent/Props/Materials/M_Lamp.uasset" 3860
"E:/Projects/EcoBots/Content/Assets/media/fonts/Robot-Regular_Font.uasset" 3861
"E:/Projects/EcoBots/Content/Assets/LUSH_StylizedEnvironmentSet/_SharedAssets/Materials/M_Leaves_Base.uasset" 3862
"E:/Projects/EcoBots/Content/Assets/LUSH_StylizedEnvironmentSet/Foliage/Trees/Materials/M_Bark_Base.uasset" 3863
"E:/Projects/EcoBots/Content/Assets/media/fonts/Robot_Roc_Font.uasset" 3864
"../../../Engine/Content/EngineFonts/RobotoTiny.uasset" 3865
"E:/Projects/EcoBots/Content/StarterContent/Particles/Materials/M_Radial_Gradient.uasset" 3866
"E:/Projects/EcoBots/Content/StarterContent/Particles/Materials/M_smoke_subUV.uasset" 3867
"E:/Projects/EcoBots/Content/StarterContent/Particles/Materials/M_Spark.uasset" 3868
"../../../Engine/Content/Functions/Engine_MaterialFunctions01/ImageAdjustment/CheapContrast.uasset" 3869
"../../../Engine/Content/Functions/Engine_MaterialFunctions02/Utility/DitherTemporalAA.uasset" 3870
"E:/Projects/EcoBots/Content/Assets/LUSH_StylizedEnvironmentSet/_SharedAssets/Materials/M_Grass_Base.uasset" 3871
"E:/Projects/EcoBots/Content/Assets/media/fonts/Robot_Roc_Not_a_Tilter_Font.uasset" 3872
"C:/Users/emanu/AppData/Local/UnrealEngine/Common/DerivedDataCache/Buckets/MaterialShaderMap/f5/f3/e40841948081b15c52922086a631141d8b97.udd" 3873
"C:/Users/emanu/AppData/Local/UnrealEngine/Common/DerivedDataCache/Buckets/MaterialShaderMap/8c/3b/bbf3912f585b9ef6a3bbaf5751ef03a37b64.udd" 3874
"C:/Users/emanu/AppData/Local/UnrealEngine/Common/DerivedDataCache/Buckets/MaterialShaderMap/38/44/f7a996368fec0282b3c0e77dc5dc403848f7.udd" 3875
"C:/Users/emanu/AppData/Local/UnrealEngine/Common/DerivedDataCache/Buckets/MaterialShaderMap/b6/91/1a9e8ab3c8c8adfa4355be77ed3bdb4c3d24.udd" 3876
"C:/Users/emanu/AppData/Local/UnrealEngine/Common/DerivedDataCache/Buckets/MaterialShaderMap/1a/9d/18d68679b8a4c348fd8f2479af33e730b789.udd" 3877
"C:/Users/emanu/AppData/Local/UnrealEngine/Common/DerivedDataCache/Buckets/MaterialShaderMap/3b/2e/8c90acf93ee7d7fa28f5c640a9737a611915.udd" 3878
"../../../Engine/Content/TemplateResources/MI_Template_BaseGray_02_Metal.uasset" 3879
"../../../Engine/Content/TemplateResources/MI_Template_BaseOrange_Metal.uasset" 3880
"../../../Engine/Content/TemplateResources/MI_Template_BaseGray_Metal.uasset" 3881
"E:/Projects/EcoBots/Content/StarterContent/Materials/M_Wood_Floor_Walnut_Polished.uasset" 3882
"E:/Projects/EcoBots/Content/StarterContent/Shapes/Shape_Cylinder.uasset" 3883
"E:/Projects/EcoBots/Content/StarterContent/Materials/M_Rock_Sandstone.uasset" 3884
"E:/Projects/EcoBots/Content/StarterContent/Particles/Materials/M_Fire_SubUV.uasset" 3885
"E:/Projects/EcoBots/Content/StarterContent/Props/Materials/M_StatueGlass.uasset" 3886
"E:/Projects/EcoBots/Content/StarterContent/Particles/Materials/M_Heat_Distortion.uasset" 3887
"../../../Engine/Content/Functions/Engine_MaterialFunctions02/Texturing/3dParticleOpacity.uasset" 3888
"E:/Projects/EcoBots/Content/Blueprints/Characters/AI/BT_Buddy.uasset" 3889
"E:/Projects/EcoBots/Content/Assets/Realistic_Starter_VFX_Pack_Vol2/Materials/M_Flies.uasset" 3890
"E:/Projects/EcoBots/Content/Assets/Realistic_Starter_VFX_Pack_Vol2/Materials/M_Bubble.uasset" 3891
"E:/Projects/EcoBots/Content/Blueprints/Characters/Controllers/IMC_EcoBot.uasset" 3892
"E:/Projects/EcoBots/Content/Blueprints/Characters/Controllers/DA_PlayerInputData.uasset" 3893
"E:/Projects/EcoBots/Content/Assets/StackOBot/Environment/Foilage/Materials/MF_TreeWind.uasset" 3894
"E:/Projects/EcoBots/Content/Assets/Orasot_Bundle/Stylized_Landscape_5_Bioms/Global/Materials/M_Water.uasset" 3895
"E:/Projects/EcoBots/Content/Assets/StackOBot/Environment/Foilage/Materials/MF_RotateAwayPoint.uasset" 3896
"E:/Projects/EcoBots/Content/Assets/Orasot_Bundle/Stylized_Landscape_5_Bioms/Global/Material_Functions/MF_Wind.uasset" 3897
"E:/Projects/EcoBots/Content/Assets/Orasot_Bundle/StylizedForestLandscape/Material_Functions/MF_Noise_Heightmap_Normal.uasset" 3898
"../../../Engine/Content/Functions/Engine_MaterialFunctions02/WorldPositionOffset/RotateAboutWorldAxis_cheap.uasset" 3899
"E:/Projects/EcoBots/Content/Assets/Orasot_Bundle/Stylized_Landscape_5_Bioms/Global/Material_Functions/MF_Imposter_ImposterFrameTransform.uasset" 3900
"../../../Engine/Content/Functions/Engine_MaterialFunctions02/WorldPositionOffset/Sprite.uasset" 3901
"E:/Projects/EcoBots/Content/Assets/Orasot_Bundle/Stylized_Landscape_5_Bioms/Global/Material_Functions/MF_Imposter_ImposterFrameTransform_Setup.uasset" 3902
"../../../Engine/Content/BasicShapes/M_Cube_WorldGridMaterial_8D67460644F5AEE976EC80B26230FFEB.uasset" 3903
"E:/Projects/EcoBots/Content/Assets/Orasot_Bundle/Stylized_Landscape_5_Bioms/Global/Material_Functions/MF_Imposter_ImpostorInfo.uasset" 3904
"E:/Projects/EcoBots/Content/Assets/Orasot_Bundle/Stylized_Landscape_5_Bioms/Global/Material_Functions/MF_Imposter_FrameBlendWeights_TextureObject.uasset" 3905
"E:/Projects/EcoBots/Content/Assets/Orasot_Bundle/Stylized_Landscape_5_Bioms/Global/Material_Functions/MF_Imposter_VirtualPlaneCoordinates_Imposter.uasset" 3906
"E:/Projects/EcoBots/Content/Assets/Orasot_Bundle/StylizedForestLandscape/Materials/M_Bark_Master.uasset" 3907
"C:/Users/emanu/AppData/Local/UnrealEngine/Common/DerivedDataCache/Buckets/MaterialShaderMap/88/0c/0d1a2be637c4d3e0fcd67ed7c6021280a768.udd" 3908
"C:/Users/emanu/AppData/Local/UnrealEngine/Common/DerivedDataCache/Buckets/MaterialShaderMap/bc/b3/3b1cd9fc3a46c82dbbfa206cd9fdb0ef8c47.udd" 3909
"C:/Users/emanu/AppData/Local/UnrealEngine/Common/DerivedDataCache/Buckets/MaterialShaderMap/7b/95/6d946edda28a1ae147a7db13ea50da5afd2a.udd" 3910
"C:/Users/emanu/AppData/Local/UnrealEngine/Common/DerivedDataCache/Buckets/MaterialShaderMap/e9/82/047bda4e767351a501491bc7ae50805f4e77.udd" 3911
"C:/Users/emanu/AppData/Local/UnrealEngine/Common/DerivedDataCache/Buckets/MaterialShaderMap/ad/de/00e504023d4847a9aed2b1aa3f42fadde50e.udd" 3912
"C:/Users/emanu/AppData/Local/UnrealEngine/Common/DerivedDataCache/Buckets/MaterialShaderMap/be/94/f2bdac7a42f88229b14428d151c074f44d53.udd" 3913
"C:/Users/emanu/AppData/Local/UnrealEngine/Common/DerivedDataCache/Buckets/MaterialShaderMap/12/f1/5a15f01f5c057fe5ab96d9bd7d454c3a860b.udd" 3914
"C:/Users/emanu/AppData/Local/UnrealEngine/Common/DerivedDataCache/Buckets/MaterialShaderMap/2f/e8/8e82d3b5c76df990bba2de597d76f43e31c4.udd" 3915
"C:/Users/emanu/AppData/Local/UnrealEngine/Common/DerivedDataCache/Buckets/MaterialShaderMap/cd/e8/60b21e812fcf7ca7c2837f028463ac7403c9.udd" 3916
"C:/Users/emanu/AppData/Local/UnrealEngine/Common/DerivedDataCache/Buckets/MaterialShaderMap/ef/50/2071ae2cab411ea5e21638b5635b5dc3330e.udd" 3917
"C:/Users/emanu/AppData/Local/UnrealEngine/Common/DerivedDataCache/Buckets/MaterialShaderMap/60/98/66fdbb02c73a4460a6d9ea8673566d60be4a.udd" 3918
"C:/Users/emanu/AppData/Local/UnrealEngine/Common/DerivedDataCache/Buckets/MaterialShaderMap/67/f8/3b5ac7a06900d0221d5e1fdf83dae0cc210b.udd" 3919
"C:/Users/emanu/AppData/Local/UnrealEngine/Common/DerivedDataCache/Buckets/MaterialShaderMap/c5/73/3ad59d3f2ee4f895c823161032957f1e7e65.udd" 3920
"C:/Users/emanu/AppData/Local/UnrealEngine/Common/DerivedDataCache/Buckets/MaterialShaderMap/78/8c/50ed0a3943a27c16dccc3466e775c0d3a5ca.udd" 3921
"C:/Users/emanu/AppData/Local/UnrealEngine/Common/DerivedDataCache/Buckets/MaterialShaderMap/b6/9a/31900620b66d632129d66af14b59b1141aad.udd" 3922
"C:/Users/emanu/AppData/Local/UnrealEngine/Common/DerivedDataCache/Buckets/MaterialShaderMap/d5/f8/c1ccca0a985d0831e5f4389f153d50c44d35.udd" 3923
"C:/Users/emanu/AppData/Local/UnrealEngine/Common/DerivedDataCache/Buckets/MaterialShaderMap/08/e5/ca61de4d9c5bd22407996522c933dbe6184a.udd" 3924
"C:/Users/emanu/AppData/Local/UnrealEngine/Common/DerivedDataCache/Buckets/MaterialShaderMap/fb/a1/fb4ebacb8e343bddceb5d36327eb4909a874.udd" 3925
"C:/Users/emanu/AppData/Local/UnrealEngine/Common/DerivedDataCache/Buckets/MaterialShaderMap/68/fa/c1a3bb3a6c94969e33ae5a1f5344e58716f5.udd" 3926
"C:/Users/emanu/AppData/Local/UnrealEngine/Common/DerivedDataCache/Buckets/MaterialShaderMap/a7/f1/0b4950d4540cff766173bb4958d8451b19b0.udd" 3927
"C:/Users/emanu/AppData/Local/UnrealEngine/Common/DerivedDataCache/Buckets/MaterialShaderMap/ce/c7/7b3b97e255d14c45b80df247591852f12cfb.udd" 3928
"C:/Users/emanu/AppData/Local/UnrealEngine/Common/DerivedDataCache/Buckets/MaterialShaderMap/30/96/92649f2512508a31f000a0612ab7732bb97a.udd" 3929
"C:/Users/emanu/AppData/Local/UnrealEngine/Common/DerivedDataCache/Buckets/MaterialShaderMap/d6/2d/84937a3a5ad7381e1962f64b4cb50a8f4de4.udd" 3930
"C:/Users/emanu/AppData/Local/UnrealEngine/Common/DerivedDataCache/Buckets/MaterialShaderMap/50/43/fd99b5f404a303a8b1b71aad29a06233a3e3.udd" 3931
"../../../Engine/Content/VREditor/LaserPointer/LaserPointerMaterial_Inst.uasset" 3932
"../../../Engine/Content/Functions/Engine_MaterialFunctions02/Utility/DebugScalarValues.uasset" 3933
"../../../Engine/Plugins/2D/Paper2D/Content/TranslucentUnlitSpriteMaterial.uasset" 3934
"../../../Engine/Plugins/Animation/ControlRig/Content/Controls/ControlRig_Wedge_solid.uasset" 3935
"../../../Engine/Plugins/Animation/ControlRig/Content/Controls/ControlRig_Wedge_3mm.uasset" 3936
"../../../Engine/Plugins/Animation/ControlRig/Content/Controls/ControlRig_Wedge_1mm.uasset" 3937
"../../../Engine/Plugins/Animation/ControlRig/Content/Controls/ControlRig_Triangle_solid.uasset" 3938
"../../../Engine/Plugins/Animation/ControlRig/Content/Controls/ControlRig_Triangle_3mm.uasset" 3939
"../../../Engine/Plugins/Animation/ControlRig/Content/Controls/ControlRig_Triangle_1mm.uasset" 3940
"../../../Engine/Plugins/Animation/ControlRig/Content/Controls/ControlRig_Star4_3mm.uasset" 3941
"../../../Engine/Plugins/Animation/ControlRig/Content/Controls/ControlRig_Star4_1mm.uasset" 3942
"../../../Engine/Plugins/Animation/ControlRig/Content/Controls/ControlRig_Square_solid.uasset" 3943
"../../../Engine/Plugins/Animation/ControlRig/Content/Controls/ControlRig_Square_3mm.uasset" 3944
"../../../Engine/Plugins/Animation/ControlRig/Content/Controls/ControlRig_Star4_solid.uasset" 3945
"C:/Users/emanu/AppData/Local/UnrealEngine/Common/DerivedDataCache/Buckets/BulkDataList/b8/08/164fe9be794b916f59d07ebbe37b6f8e943d.udd" 3946
"C:/Users/emanu/AppData/Local/UnrealEngine/Common/DerivedDataCache/Buckets/MaterialShaderMap/6d/4b/76d695c18acf3a213ccef5cd7fbf48b81413.udd" 3947
"C:/Users/emanu/AppData/Local/UnrealEngine/Common/DerivedDataCache/Buckets/MaterialShaderMap/dd/22/c5a34cbcd792900eb9e39e870a0e6e09227a.udd" 3948
"C:/Users/emanu/AppData/Local/UnrealEngine/Common/DerivedDataCache/Buckets/MaterialShaderMap/a2/18/567bd927a388ce25ff2f93f0b6979141d5d0.udd" 3949
"C:/Users/emanu/AppData/Local/UnrealEngine/Common/DerivedDataCache/Buckets/MaterialShaderMap/a1/60/da515247d8b547d48b34fa096a59ae050a3c.udd" 3950
"C:/Users/emanu/AppData/Local/UnrealEngine/Common/DerivedDataCache/Buckets/MaterialShaderMap/13/0b/2cf27f59fdfe1cc1b3446f099a40e02eba49.udd" 3951
"C:/Users/emanu/AppData/Local/UnrealEngine/Common/DerivedDataCache/Buckets/MaterialShaderMap/20/d5/fd6d68e260fe44855b06abd99c094db11be2.udd" 3952
"C:/Users/emanu/AppData/Local/UnrealEngine/Common/DerivedDataCache/Buckets/MaterialShaderMap/3b/82/620f9ce06a057890e65dbade126431219df0.udd" 3953
"C:/Users/emanu/AppData/Local/UnrealEngine/Common/DerivedDataCache/Buckets/MaterialShaderMap/c5/12/f94693ece1d41e3a6ac2a5ce597a15d640f9.udd" 3954
"C:/Users/emanu/AppData/Local/UnrealEngine/Common/DerivedDataCache/Buckets/MaterialShaderMap/70/81/7c5147ee7ef64307848c10cf94fa81f8b0af.udd" 3955
"C:/Users/emanu/AppData/Local/UnrealEngine/Common/DerivedDataCache/Buckets/MaterialShaderMap/74/81/683b5f8fe8fe5c181f5d4048104284723d4e.udd" 3956
"C:/Users/emanu/AppData/Local/UnrealEngine/Common/DerivedDataCache/Buckets/MaterialShaderMap/a4/8d/d8ef235bb4adcf994dede4cccae607f745eb.udd" 3957
"C:/Users/emanu/AppData/Local/UnrealEngine/Common/DerivedDataCache/Buckets/MaterialShaderMap/15/f5/3dd9ced0fb66a62d76a735ff951b61161879.udd" 3958
"C:/Users/emanu/AppData/Local/UnrealEngine/Common/DerivedDataCache/Buckets/MaterialShaderMap/60/90/63da3e51fded114585de5c90547f92d010dc.udd" 3959
"C:/Users/emanu/AppData/Local/UnrealEngine/Common/DerivedDataCache/Buckets/MaterialShaderMap/ec/50/202e61d4e2f16844671569a02fc2b9ff30c5.udd" 3960
"C:/Users/emanu/AppData/Local/UnrealEngine/Common/DerivedDataCache/Buckets/MaterialShaderMap/d9/16/7c72b476f2e2f51d64c1815c86b8aa3c1da8.udd" 3961
"C:/Users/emanu/AppData/Local/UnrealEngine/Common/DerivedDataCache/Buckets/MaterialShaderMap/2a/93/e686cb6679c7c9f2e93caa5a1a89d14579dd.udd" 3962
"C:/Users/emanu/AppData/Local/UnrealEngine/Common/DerivedDataCache/Buckets/MaterialShaderMap/b3/02/28178a74a72c1ab01ee776ac33ffedd67c82.udd" 3963
"C:/Users/emanu/AppData/Local/UnrealEngine/Common/DerivedDataCache/Buckets/MaterialShaderMap/30/6b/9c6f05f09e7b5ab37087cfbcae90c1a93dac.udd" 3964
"../../../Engine/Plugins/Animation/ControlRig/Content/Controls/ControlRig_Square_1mm.uasset" 3965
"../../../Engine/Plugins/Animation/ControlRig/Content/Controls/ControlRig_Sphere_3mm.uasset" 3966
"../../../Engine/Plugins/Animation/ControlRig/Content/Controls/ControlRig_Sphere_1mm.uasset" 3967
"../../../Engine/Plugins/Animation/ControlRig/Content/Controls/ControlRig_RoundedTriangle_solid.uasset" 3968
"../../../Engine/Plugins/Animation/ControlRig/Content/Controls/ControlRig_RoundedTriangle_3mm.uasset" 3969
"../../../Engine/Plugins/Animation/ControlRig/Content/Controls/ControlRig_RoundedTriangle_1mm.uasset" 3970
"../../../Engine/Plugins/Animation/ControlRig/Content/Controls/ControlRig_RoundedSquare_solid.uasset" 3971
"../../../Engine/Plugins/Animation/ControlRig/Content/Controls/ControlRig_RoundedSquare_3mm.uasset" 3972
"../../../Engine/Plugins/Animation/ControlRig/Content/Controls/ControlRig_QuarterCircle_solid.uasset" 3973
"../../../Engine/Plugins/Animation/ControlRig/Content/Controls/ControlRig_QuarterCircle_3mm.uasset" 3974
"../../../Engine/Plugins/Animation/ControlRig/Content/Controls/ControlRig_QuarterCircle_1mm.uasset" 3975
"../../../Engine/Plugins/Animation/ControlRig/Content/Controls/ControlRig_Pyramid_solid.uasset" 3976
"../../../Engine/Plugins/Animation/ControlRig/Content/Controls/ControlRig_Pyramid_3mm.uasset" 3977
"../../../Engine/Plugins/Animation/ControlRig/Content/Controls/ControlRig_Pyramid_1mm.uasset" 3978
"../../../Engine/Plugins/Animation/ControlRig/Content/Controls/ControlRig_Octagon_solid.uasset" 3979
"../../../Engine/Plugins/Animation/ControlRig/Content/Controls/ControlRig_Octagon_3mm.uasset" 3980
"../../../Engine/Plugins/Animation/ControlRig/Content/Controls/ControlRig_Octagon_1mm.uasset" 3981
"../../../Engine/Plugins/Animation/ControlRig/Content/Controls/ControlRig_RoundedSquare_1mm.uasset" 3982
"../../../Engine/Plugins/Animation/ControlRig/Content/Controls/ControlRig_Hexagon_solid.uasset" 3983
"../../../Engine/Plugins/Animation/ControlRig/Content/Controls/ControlRig_Hexagon_1mm.uasset" 3984
"../../../Engine/Plugins/Animation/ControlRig/Content/Controls/ControlRig_HalfCircle_solid.uasset" 3985
"../../../Engine/Plugins/Animation/ControlRig/Content/Controls/ControlRig_Hexagon_3mm.uasset" 3986
"../../../Engine/Plugins/Animation/ControlRig/Content/Controls/ControlRig_HalfCircle_3mm.uasset" 3987
"../../../Engine/Plugins/Animation/ControlRig/Content/Controls/ControlRig_HalfCircle_1mm.uasset" 3988
"../../../Engine/Plugins/Animation/ControlRig/Content/Controls/ControlRig_Diamond_solid.uasset" 3989
"../../../Engine/Plugins/Animation/ControlRig/Content/Controls/ControlRig_Diamond_3mm.uasset" 3990
"../../../Engine/Plugins/Animation/ControlRig/Content/Controls/ControlRig_Diamond_1mm.uasset" 3991
"../../../Engine/Plugins/Animation/ControlRig/Content/Controls/ControlRig_Circle_solid.uasset" 3992
"../../../Engine/Plugins/Animation/ControlRig/Content/Controls/ControlRig_Circle_3mm.uasset" 3993
"../../../Engine/Plugins/Animation/ControlRig/Content/Controls/ControlRig_Circle_1mm.uasset" 3994
"../../../Engine/Plugins/Animation/ControlRig/Content/Controls/ControlRig_Box_solid.uasset" 3995
"../../../Engine/Plugins/Animation/ControlRig/Content/Controls/ControlRig_Box_3mm.uasset" 3996
"../../../Engine/Plugins/Animation/ControlRig/Content/Controls/ControlRig_Box_1mm.uasset" 3997
"../../../Engine/Plugins/Animation/ControlRig/Content/Controls/ControlRig_Arrow_3mm.uasset" 3998
"../../../Engine/Plugins/Animation/ControlRig/Content/Controls/ControlRig_Arrow_1mm.uasset" 3999
"../../../Engine/Plugins/Animation/ControlRig/Content/Controls/ControlRig_Arrow4_solid.uasset" 4000
"../../../Engine/Plugins/Animation/ControlRig/Content/Controls/ControlRig_Arrow_solid.uasset" 4001
"../../../Engine/Plugins/Animation/ControlRig/Content/Controls/ControlRig_Arrow4_1mm.uasset" 4002
"../../../Engine/Plugins/Animation/ControlRig/Content/Controls/ControlRig_Arrow2_solid.uasset" 4003
"../../../Engine/Plugins/Animation/ControlRig/Content/Controls/ControlRig_Arrow4_3mm.uasset" 4004
"../../../Engine/Plugins/Animation/ControlRig/Content/Controls/ControlRig_Arrow2_3mm.uasset" 4005
"../../../Engine/Plugins/Animation/ControlRig/Content/Controls/ControlRig_Arrow2_1mm.uasset" 4006
"../../../Engine/Plugins/Animation/ControlRig/Content/Controls/ControlRig_Sphere_solid.uasset" 4007
"E:/Projects/EcoBots/Content/Blueprints/Audio/MetaSounds/MS_MainMenu.uasset" 4008
"E:/Projects/EcoBots/Content/Blueprints/Audio/MetaSounds/MS_GameOver.uasset" 4009
"E:/Projects/EcoBots/Content/Blueprints/Audio/MetaSounds/MS_NightMusic.uasset" 4010
"../../../Engine/Content/EngineSky/SM_SkySphere.uasset" 4011
"../../../Engine/Content/MapTemplates/Sky/M_Procedural_Sky_Night.uasset" 4012
"E:/Projects/EcoBots/Content/Blueprints/Audio/MetaSounds/MS_DayMusic.uasset" 4013
"E:/Projects/EcoBots/Content/Assets/StackOBot/Environment/Landscape/Materials/M_Rock.uasset" 4014
"E:/Projects/EcoBots/Content/Assets/StackOBot/Characters/Bot/Materials/M_BotBaseGreen.uasset" 4015
"E:/Projects/EcoBots/Content/Assets/StackOBot/Characters/Bot/Materials/M_BotBaseOrange.uasset" 4016
"E:/Projects/EcoBots/Content/Assets/StackOBot/Characters/Bot/Materials/M_BotBaseRed.uasset" 4017
"E:/Projects/EcoBots/Content/Assets/StackOBot/Characters/Bot/Materials/M_BotLightBlue.uasset" 4018
"E:/Projects/EcoBots/Content/Assets/StackOBot/Characters/Bot/Materials/M_BotPink.uasset" 4019
"E:/Projects/EcoBots/Content/Assets/StackOBot/Characters/Bot/Materials/M_BotWhite.uasset" 4020
"E:/Projects/EcoBots/Content/Assets/StackOBot/Characters/Bot/Materials/M_BotYellow.uasset" 4021
"E:/Projects/EcoBots/Content/Assets/StackOBot/Characters/Bot/Materials/M_BotBaseBuddy.uasset" 4022
"E:/Projects/EcoBots/Content/Assets/StackOBot/Characters/Bot/Animations/BS_Bot_RunIdleJump.uasset" 4023
"E:/Projects/EcoBots/Content/Blueprints/Miscellaneous/BP_Boat.uasset" 4024
"C:/Users/emanu/AppData/Local/UnrealEngine/Common/DerivedDataCache/Buckets/MaterialShaderMap/95/47/2b27bdf91c09192c866be768b7c58ceb58ff.udd" 4025
"C:/Users/emanu/AppData/Local/UnrealEngine/Common/DerivedDataCache/Buckets/MaterialShaderMap/b0/ed/730fdcddc3986842e186de8ec3f1c53322a8.udd" 4026
"C:/Users/emanu/AppData/Local/UnrealEngine/Common/DerivedDataCache/Buckets/MaterialShaderMap/ab/a3/66b5ed906899c5e057ddd876a53e76881ca8.udd" 4027
"C:/Users/emanu/AppData/Local/UnrealEngine/Common/DerivedDataCache/Buckets/MaterialShaderMap/bb/ba/430fc8f0b6b47a93156d6bfa17383e06434d.udd" 4028
"C:/Users/emanu/AppData/Local/UnrealEngine/Common/DerivedDataCache/Buckets/MaterialShaderMap/6c/e5/09b6f77c1023d1f0f291bf3dd7e7811155f6.udd" 4029
"C:/Users/emanu/AppData/Local/UnrealEngine/Common/DerivedDataCache/Buckets/MaterialShaderMap/69/87/ef6b422c601eaf9603b11720c1d59f05df03.udd" 4030
"C:/Users/emanu/AppData/Local/UnrealEngine/Common/DerivedDataCache/Buckets/MaterialShaderMap/c8/e1/3e93c59e7e400a0ce7e41adb8573218b5c20.udd" 4031
"C:/Users/emanu/AppData/Local/UnrealEngine/Common/DerivedDataCache/Buckets/MaterialShaderMap/b2/49/e25121c36291c1d06f0b5bf311625fa439d5.udd" 4032
"E:/Projects/EcoBots/Content/Blueprints/Widgets/InGame/BP_BuddyPhrasesWidget.uasset" 4033
"E:/Projects/EcoBots/Content/StarterContent/Props/SM_Lamp_Ceiling.uasset" 4034
"E:/Projects/EcoBots/Content/Assets/LUSH_StylizedEnvironmentSet/Foliage/Bushes/Materials/MI_Leaves_Bushes.uasset" 4035
"E:/Projects/EcoBots/Content/Assets/LUSH_StylizedEnvironmentSet/Foliage/Trees/Materials/MI_Leaves_SwampTree_01.uasset" 4036
"E:/Projects/EcoBots/Content/Assets/LUSH_StylizedEnvironmentSet/Foliage/Trees/Materials/MI_Leaves_Tree_01.uasset" 4037
"E:/Projects/EcoBots/Content/Assets/LUSH_StylizedEnvironmentSet/Foliage/Trees/Materials/MI_Bark_BananaTree.uasset" 4038
"E:/Projects/EcoBots/Content/Assets/LUSH_StylizedEnvironmentSet/Foliage/Trees/Materials/MI_Palm_A_Bark_01.uasset" 4039
"E:/Projects/EcoBots/Content/Assets/LUSH_StylizedEnvironmentSet/Foliage/Trees/Materials/MI_Palm_B_Bark_01.uasset" 4040
"E:/Projects/EcoBots/Content/Assets/LUSH_StylizedEnvironmentSet/Foliage/Trees/Materials/MI_Bark_04_Moss.uasset" 4041
"E:/Projects/EcoBots/Content/Assets/LUSH_StylizedEnvironmentSet/Foliage/Trees/Materials/MI_Tree_Large_Bark.uasset" 4042
"E:/Projects/EcoBots/Content/Assets/LUSH_StylizedEnvironmentSet/Foliage/Trees/Materials/MI_Bark_05.uasset" 4043
"E:/Projects/EcoBots/Content/Blueprints/Widgets/InGame/BP_InteractionWidget.uasset" 4044
"E:/Projects/EcoBots/Content/Assets/LUSH_StylizedEnvironmentSet/Foliage/Trees/Materials/MI_Bark_01.uasset" 4045
"E:/Projects/EcoBots/Content/Blueprints/Widgets/InGame/BP_CraftablePreviewWidget.uasset" 4046
"E:/Projects/EcoBots/Content/StarterContent/Particles/P_Sparks.uasset" 4047
"E:/Projects/EcoBots/Content/Blueprints/Widgets/InGame/BP_CraftMaterialCostItem.uasset" 4048
"../../../Engine/Content/Functions/Engine_MaterialFunctions01/Texturing/WorldAlignedTexture.uasset" 4049
"../../../Engine/Content/OpenWorldTemplate/LandscapeMaterial/MF_ProcGrid.uasset" 4050
"E:/Projects/EcoBots/Content/Assets/Orasot_Bundle/Stylized_Landscape_5_Bioms/Global/Material_Functions/MF_RVT.uasset" 4051
"E:/Projects/EcoBots/Content/Assets/LUSH_StylizedEnvironmentSet/_SharedAssets/Materials/M_Plants_Base.uasset" 4052
"E:/Projects/EcoBots/Content/Assets/LUSH_StylizedEnvironmentSet/_SharedAssets/Materials/M_Plants_Base_TangentSpace.uasset" 4053
"E:/Projects/EcoBots/Content/Assets/StackOBot/Environment/Foilage/Materials/M_TreeBaseNOWPO.uasset" 4054
"E:/Projects/EcoBots/Content/Assets/LUSH_StylizedEnvironmentSet/Foliage/Grass/Materials/MI_Grass_01.uasset" 4055
"E:/Projects/EcoBots/Content/StarterContent/Particles/P_Fire.uasset" 4056
"../../../Engine/Content/Functions/Engine_MaterialFunctions02/ExampleContent/3dParticleOpacity_Mat.uasset" 4057
"E:/Projects/EcoBots/Content/Blueprints/Characters/AI/BP_BuddyAIController.uasset" 4058
"E:/Projects/EcoBots/Content/Assets/Realistic_Starter_VFX_Pack_Vol2/Particles/Environment/P_Fireflies.uasset" 4059
"E:/Projects/EcoBots/Content/Assets/Orasot_Bundle/Stylized_Landscape_5_Bioms/Global/Material_Instances/MI_Water.uasset" 4060
"E:/Projects/EcoBots/Content/Assets/StackOBot/Environment/Foilage/Materials/M_TreeBase.uasset" 4061
"E:/Projects/EcoBots/Content/Assets/Orasot_Bundle/StylizedForestLandscape/Materials/M_Leaf_Master.uasset" 4062
"E:/Projects/EcoBots/Content/Assets/Realistic_Starter_VFX_Pack_Vol2/Materials/M_Fish_A.uasset" 4063
"E:/Projects/EcoBots/Content/Assets/Orasot_Bundle/Stylized_Landscape_5_Bioms/Global/Material_Functions/MF_Imposter_Sprite_PositionBased.uasset" 4064
"C:/Users/emanu/AppData/Local/UnrealEngine/Common/DerivedDataCache/Buckets/MaterialShaderMap/34/3c/6cad9ca115da328ac5acde234c5db8a124c0.udd" 4065
"C:/Users/emanu/AppData/Local/UnrealEngine/Common/DerivedDataCache/Buckets/MaterialShaderMap/e3/70/a3e662be7e2eba39212941606e7fe7ff3e41.udd" 4066
"C:/Users/emanu/AppData/Local/UnrealEngine/Common/DerivedDataCache/Buckets/MaterialShaderMap/1d/45/727c958cf70358a02d316a1876f99389d686.udd" 4067
"C:/Users/emanu/AppData/Local/UnrealEngine/Common/DerivedDataCache/Buckets/MaterialShaderMap/01/b2/7ecaf240197386b2ee75e919d9438e3299f9.udd" 4068
"C:/Users/emanu/AppData/Local/UnrealEngine/Common/DerivedDataCache/Buckets/MaterialShaderMap/09/ca/88b1fc8559393e5d20e6be2590e432f1753e.udd" 4069
"C:/Users/emanu/AppData/Local/UnrealEngine/Common/DerivedDataCache/Buckets/MaterialShaderMap/c0/30/1e65e6d5cb2b62a0619e16b3d854d7ed86c3.udd" 4070
"C:/Users/emanu/AppData/Local/UnrealEngine/Common/DerivedDataCache/Buckets/MaterialShaderMap/26/da/93de08095186f3b6ba9bd3ffe06ff7b1fd9e.udd" 4071
"C:/Users/emanu/AppData/Local/UnrealEngine/Common/DerivedDataCache/Buckets/MaterialShaderMap/1a/e4/7f1266c33b6063a022ed7d4dd827600413b8.udd" 4072
"C:/Users/emanu/AppData/Local/UnrealEngine/Common/DerivedDataCache/Buckets/MaterialShaderMap/76/34/49ea54bc34bdfb4dfbf4862bb50b2d6d1c4a.udd" 4073
"C:/Users/emanu/AppData/Local/UnrealEngine/Common/DerivedDataCache/Buckets/MaterialShaderMap/08/62/c8dcd485e9f6f2938bfcde48bcab243ec17e.udd" 4074
"C:/Users/emanu/AppData/Local/UnrealEngine/Common/DerivedDataCache/Buckets/MaterialShaderMap/76/3b/254fbb8c360de6e670c14eaf3f4aa4e997d0.udd" 4075
"C:/Users/emanu/AppData/Local/UnrealEngine/Common/DerivedDataCache/Buckets/MaterialShaderMap/8e/28/6c3abc8c2c7484425d6b0ffef181ab249838.udd" 4076
"C:/Users/emanu/AppData/Local/UnrealEngine/Common/DerivedDataCache/Buckets/MaterialShaderMap/c8/78/7a31ea1567f7f281deedaa5a40b458fef769.udd" 4077
"C:/Users/emanu/AppData/Local/UnrealEngine/Common/DerivedDataCache/Buckets/MaterialShaderMap/c0/1d/ecdf26cfc266db08f55cac5592da53b5e4f0.udd" 4078
"C:/Users/emanu/AppData/Local/UnrealEngine/Common/DerivedDataCache/Buckets/BulkDataList/5e/8f/f136ceaaab5995254afb5b259456a45184cb.udd" 4079
"C:/Users/emanu/AppData/Local/UnrealEngine/Common/DerivedDataCache/Buckets/BulkDataList/7b/f3/1c943a7f9caa585a01bdd99c12ce83a7fac8.udd" 4080
"C:/Users/emanu/AppData/Local/UnrealEngine/Common/DerivedDataCache/Buckets/MaterialShaderMap/52/0a/32377a73b6896a3c9c2b2c2bbd0805628390.udd" 4081
"C:/Users/emanu/AppData/Local/UnrealEngine/Common/DerivedDataCache/Buckets/MaterialShaderMap/f0/cf/ba0de19efae5dad01151d922a20456123d94.udd" 4082
"C:/Users/emanu/AppData/Local/UnrealEngine/Common/DerivedDataCache/Buckets/MaterialShaderMap/f0/8c/6a64ca95fb47808c39d6e8f79786434419a1.udd" 4083
"C:/Users/emanu/AppData/Local/UnrealEngine/Common/DerivedDataCache/Buckets/MaterialShaderMap/d5/22/d6d748f2bff8dfa8c95f76d7288d602944b8.udd" 4084
"C:/Users/emanu/AppData/Local/UnrealEngine/Common/DerivedDataCache/Buckets/MaterialShaderMap/aa/28/4261a5ed8ad00a3a5250d2f892c32edb319b.udd" 4085
"C:/Users/emanu/AppData/Local/UnrealEngine/Common/DerivedDataCache/Buckets/MaterialShaderMap/80/90/f7510b5e83161a823f620d487fb8bf281b57.udd" 4086
"C:/Users/emanu/AppData/Local/UnrealEngine/Common/DerivedDataCache/Buckets/MaterialShaderMap/1e/5a/cdb5f1f1218c3cb5e8d716b9ad6d368b7551.udd" 4087
"C:/Users/emanu/AppData/Local/UnrealEngine/Common/DerivedDataCache/Buckets/MaterialShaderMap/d1/28/0ef0a7ae58dd5de68de2483f05b03380256b.udd" 4088
"E:/Projects/EcoBots/Content/Assets/Orasot_Bundle/StylizedForestLandscape/Material_Instances/MI_Birch.uasset" 4089
"E:/Projects/EcoBots/Content/Assets/Orasot_Bundle/Stylized_Landscape_5_Bioms/Global/Material_Functions/MF_Imposter_Impostor_SingleFrameVersion.uasset" 4090
"E:/Projects/EcoBots/Content/Assets/media/img/T_Bot_ThumbsUp_Circle_Background_Sprite.uasset" 4091
"../../../Engine/Content/Functions/Engine_MaterialFunctions02/Utility/DebugFloat2Values.uasset" 4092
"E:/Projects/EcoBots/Content/Blueprints/Craftables/BP_CraftableWoodWall.uasset" 4093
"E:/Projects/EcoBots/Content/Assets/StackOBot/Environment/Landscape/Materials/MI_Boulder.uasset" 4094
"E:/Projects/EcoBots/Content/Assets/StackOBot/Characters/Backpack/Materials/MI_Backpack.uasset" 4095
"E:/Projects/EcoBots/Content/Assets/LUSH_StylizedEnvironmentSet/Foliage/Bushes/SM_Bush_Large.uasset" 4096
"E:/Projects/EcoBots/Content/Assets/LUSH_StylizedEnvironmentSet/Foliage/Bushes/SM_Bush_Medium_01.uasset" 4097
"E:/Projects/EcoBots/Content/Assets/LUSH_StylizedEnvironmentSet/Foliage/Bushes/SM_Bush_Medium_02.uasset" 4098
"E:/Projects/EcoBots/Content/Assets/LUSH_StylizedEnvironmentSet/Foliage/Bushes/SM_Bush_Medium_04.uasset" 4099
"E:/Projects/EcoBots/Content/Assets/LUSH_StylizedEnvironmentSet/Foliage/Bushes/SM_Bush_Medium_03.uasset" 4100
"E:/Projects/EcoBots/Content/Assets/LUSH_StylizedEnvironmentSet/Foliage/Trees/SM_SwampTree_01.uasset" 4101
"E:/Projects/EcoBots/Content/Assets/LUSH_StylizedEnvironmentSet/Foliage/Trees/SM_Tree_Medium_01.uasset" 4102
"E:/Projects/EcoBots/Content/Assets/LUSH_StylizedEnvironmentSet/Foliage/Trees/SM_SwampTree_02.uasset" 4103
"E:/Projects/EcoBots/Content/Assets/LUSH_StylizedEnvironmentSet/Foliage/Trees/SM_Tree_Medium_02.uasset" 4104
"E:/Projects/EcoBots/Content/Assets/LUSH_StylizedEnvironmentSet/Foliage/Trees/SM_Tree_Large_01.uasset" 4105
"../../../Engine/Content/OpenWorldTemplate/LandscapeMaterial/M_ProcGrid.uasset" 4106
"E:/Projects/EcoBots/Content/Assets/LUSH_StylizedEnvironmentSet/_SharedAssets/Materials/M_Rock_Base.uasset" 4107
"E:/Projects/EcoBots/Content/Assets/Orasot_Bundle/Stylized_Landscape_5_Bioms/Global/Materials/M_Master_Leaf.uasset" 4108
"E:/Projects/EcoBots/Content/Assets/StackOBot/Environment/Materials/ML_Base.uasset" 4109
"E:/Projects/EcoBots/Content/Assets/Orasot_Bundle/Stylized_Landscape_5_Bioms/Global/Materials/M_Assets_MasterMat.uasset" 4110
"E:/Projects/EcoBots/Content/Assets/Orasot_Bundle/StylizedForestLandscape/Material_Functions/MF_Paint_Noise.uasset" 4111
"E:/Projects/EcoBots/Content/Assets/LUSH_StylizedEnvironmentSet/Foliage/Flowers/Materials/MI_Flowers_01.uasset" 4112
"E:/Projects/EcoBots/Content/Assets/LUSH_StylizedEnvironmentSet/Foliage/Trees/Materials/MI_BananaLeaf_01.uasset" 4113
"E:/Projects/EcoBots/Content/Assets/LUSH_StylizedEnvironmentSet/Foliage/Trees/Materials/MI_Palm_A_Leaf_01.uasset" 4114
"E:/Projects/EcoBots/Content/Assets/LUSH_StylizedEnvironmentSet/Foliage/Trees/Materials/MI_Palm_B_Leaf_01.uasset" 4115
"E:/Projects/EcoBots/Content/Assets/LUSH_StylizedEnvironmentSet/Foliage/Plants/Materials/MI_Plant_Taro.uasset" 4116
"E:/Projects/EcoBots/Content/Assets/LUSH_StylizedEnvironmentSet/Foliage/GroundIvy/Materials/MI_GroundIvy.uasset" 4117
"C:/Users/emanu/AppData/Local/UnrealEngine/Common/DerivedDataCache/Buckets/MaterialShaderMap/5c/6d/bbb1bf8b16208a2091a0c6b9bc3a22f9596f.udd" 4118
"C:/Users/emanu/AppData/Local/UnrealEngine/Common/DerivedDataCache/Buckets/MaterialShaderMap/f9/d4/d3e1fc51c50da12d1e612b3e5d1a1d4f4ccb.udd" 4119
"C:/Users/emanu/AppData/Local/UnrealEngine/Common/DerivedDataCache/Buckets/MaterialShaderMap/db/22/190c3335af868eac6d57771266bc2d078596.udd" 4120
"C:/Users/emanu/AppData/Local/UnrealEngine/Common/DerivedDataCache/Buckets/MaterialShaderMap/4c/9c/790d547197da893501c6679ddb55242f4c19.udd" 4121
"C:/Users/emanu/AppData/Local/UnrealEngine/Common/DerivedDataCache/Buckets/MaterialShaderMap/be/41/98100e9ef3cf88c50701ff03174ef5ce14c3.udd" 4122
"C:/Users/emanu/AppData/Local/UnrealEngine/Common/DerivedDataCache/Buckets/MaterialShaderMap/9d/a9/6f195ff52b4ce8f0c6c5b865e74918503fa3.udd" 4123
"C:/Users/emanu/AppData/Local/UnrealEngine/Common/DerivedDataCache/Buckets/MaterialShaderMap/7b/ab/c605f000bca12904781e6ebbbc408bec020c.udd" 4124
"C:/Users/emanu/AppData/Local/UnrealEngine/Common/DerivedDataCache/Buckets/MaterialShaderMap/89/40/0539fbccd6c99ba56caa053f1018c1f8cc48.udd" 4125
"C:/Users/emanu/AppData/Local/UnrealEngine/Common/DerivedDataCache/Buckets/MaterialShaderMap/9e/4e/5c3ca39b1e8a9a9424d9b9242a053dabab14.udd" 4126
"C:/Users/emanu/AppData/Local/UnrealEngine/Common/DerivedDataCache/Buckets/MaterialShaderMap/8d/2c/c96146ba87a8bff7da6a754576471a50a241.udd" 4127
"C:/Users/emanu/AppData/Local/UnrealEngine/Common/DerivedDataCache/Buckets/MaterialShaderMap/db/38/f86dc0058579a46c2bb7fcc79100f9ef30d2.udd" 4128
"C:/Users/emanu/AppData/Local/UnrealEngine/Common/DerivedDataCache/Buckets/MaterialShaderMap/cd/54/b3cecf0a1ec5bc67fa0e70371e7437aa2b32.udd" 4129
"C:/Users/emanu/AppData/Local/UnrealEngine/Common/DerivedDataCache/Buckets/MaterialShaderMap/7b/eb/4a8b4781b4f244fdae6369ebbbffac182519.udd" 4130
"C:/Users/emanu/AppData/Local/UnrealEngine/Common/DerivedDataCache/Buckets/MaterialShaderMap/f5/e3/64808d6535508d92f77705012d05b069833a.udd" 4131
"C:/Users/emanu/AppData/Local/UnrealEngine/Common/DerivedDataCache/Buckets/MaterialShaderMap/5b/dd/6386ed97e8a95255319c6e7bb364397a1252.udd" 4132
"C:/Users/emanu/AppData/Local/UnrealEngine/Common/DerivedDataCache/Buckets/MaterialShaderMap/da/63/e112a1f37c8aa073586dae23c1a451170ddf.udd" 4133
"C:/Users/emanu/AppData/Local/UnrealEngine/Common/DerivedDataCache/Buckets/MaterialShaderMap/b4/1d/7051dd84621728eee79a31e184bbe6e6095c.udd" 4134
"C:/Users/emanu/AppData/Local/UnrealEngine/Common/DerivedDataCache/Buckets/MaterialShaderMap/4a/e1/26d1378f5377dbdb5213ae859c73ecfd8d4e.udd" 4135
"E:/Projects/EcoBots/Content/Assets/StackOBot/Environment/Foilage/Materials/M_CyberTrunk_NoWPO.uasset" 4136
"E:/Projects/EcoBots/Content/Assets/LUSH_StylizedEnvironmentSet/Foliage/Grass/Materials/MI_Grass_Tiny_A.uasset" 4137
"E:/Projects/EcoBots/Content/Assets/StackOBot/Environment/Foilage/Materials/M_CyberTrunk.uasset" 4138
"E:/Projects/EcoBots/Content/Assets/Mat/MI_SnowLeaf.uasset" 4139
"E:/Projects/EcoBots/Content/Assets/Mat/MI_SnowPoplar_Leaf_2.uasset" 4140
"E:/Projects/EcoBots/Content/Assets/Mat/MI_SnowPIne_Leaf.uasset" 4141
"E:/Projects/EcoBots/Content/Assets/Orasot_Bundle/StylizedForestLandscape/Material_Instances/MI_Poplar_Leaf_2.uasset" 4142
"E:/Projects/EcoBots/Content/Assets/Orasot_Bundle/StylizedForestLandscape/Material_Instances/MI_PIne_Leaf.uasset" 4143
"E:/Projects/EcoBots/Content/Assets/Orasot_Bundle/StylizedForestLandscape/Material_Instances/MI_Leaf.uasset" 4144
"E:/Projects/EcoBots/Content/Assets/Realistic_Starter_VFX_Pack_Vol2/Particles/Environment/P_Fish_A.uasset" 4145
"E:/Projects/EcoBots/Content/Assets/Realistic_Starter_VFX_Pack_Vol2/Particles/Environment/P_Fish_B.uasset" 4146
"E:/Projects/EcoBots/Content/Assets/Orasot_Bundle/Stylized_Landscape_5_Bioms/Global/Material_Functions/MF_Impostor.uasset" 4147
"../../../Engine/Content/Functions/Engine_MaterialFunctions02/Texturing/FlipBook.uasset" 4148
"E:/Projects/EcoBots/Content/Blueprints/Craftables/CraftPreviews/BP_PreviewWoodWall.uasset" 4149
"E:/Projects/EcoBots/Content/Assets/StackOBot/Environment/Rocks/SM_Boulder.uasset" 4150
"E:/Projects/EcoBots/Content/Assets/StackOBot/Characters/Backpack/Mesh/SKM_Backpack.uasset" 4151
"E:/Projects/EcoBots/Content/Assets/LUSH_StylizedEnvironmentSet/Foliage/Bushes/SMF_Bush_Large.uasset" 4152
"E:/Projects/EcoBots/Content/Assets/LUSH_StylizedEnvironmentSet/Foliage/Bushes/SMF_Bush_Medium_01.uasset" 4153
"E:/Projects/EcoBots/Content/Assets/LUSH_StylizedEnvironmentSet/Foliage/Bushes/SMF_Bush_Medium_02.uasset" 4154
"E:/Projects/EcoBots/Content/Assets/LUSH_StylizedEnvironmentSet/Foliage/Bushes/SMF_Bush_Medium_03.uasset" 4155
"E:/Projects/EcoBots/Content/Assets/LUSH_StylizedEnvironmentSet/Foliage/Bushes/SMF_Bush_Medium_04.uasset" 4156
"E:/Projects/EcoBots/Content/Assets/LUSH_StylizedEnvironmentSet/Foliage/Trees/SMF_Swamp_Tree_01.uasset" 4157
"E:/Projects/EcoBots/Content/Assets/LUSH_StylizedEnvironmentSet/Foliage/Trees/SMF_Swamp_Tree_02.uasset" 4158
"E:/Projects/EcoBots/Content/Assets/LUSH_StylizedEnvironmentSet/Foliage/Trees/SMF_Tree_Medium_01.uasset" 4159
"E:/Projects/EcoBots/Content/Assets/LUSH_StylizedEnvironmentSet/Foliage/Trees/SMF_Tree_Medium_02.uasset" 4160
"E:/Projects/EcoBots/Content/Assets/LUSH_StylizedEnvironmentSet/Foliage/Trees/SMF_Tree_Large_01.uasset" 4161
"E:/Projects/EcoBots/Content/Assets/LUSH_StylizedEnvironmentSet/Meshes/Rocks/Materials/MI_Rock_01_A.uasset" 4162
"E:/Projects/EcoBots/Content/Assets/LUSH_StylizedEnvironmentSet/Meshes/Rocks/Materials/MI_Rock_03_A.uasset" 4163
"E:/Projects/EcoBots/Content/Assets/Orasot_Bundle/Stylized_Landscape_5_Bioms/Biom_Desert/Material_Instances/MI_Leaves_A_light_orange_2.uasset" 4164
"E:/Projects/EcoBots/Content/Assets/Orasot_Bundle/Stylized_Landscape_5_Bioms/Biom_Desert/Material_Instances/MI_Leaves_A_red.uasset" 4165
"E:/Projects/EcoBots/Content/Assets/Orasot_Bundle/Stylized_Landscape_5_Bioms/Biom_Red/Material_Instances/MI_Leaves_A_4.uasset" 4166
"E:/Projects/EcoBots/Content/Assets/Orasot_Bundle/Stylized_Landscape_5_Bioms/Biom_Desert/Material_Instances/MI_Leaves_A_light_orange.uasset" 4167
"C:/Users/emanu/AppData/Local/UnrealEngine/Common/DerivedDataCache/Buckets/MaterialShaderMap/f3/ba/10eb59e2567e8accf945a42707a95790a629.udd" 4168
"C:/Users/emanu/AppData/Local/UnrealEngine/Common/DerivedDataCache/Buckets/MaterialShaderMap/fc/fc/1232e5b6f824d1c8dd8c3ee0c2d6d10073f0.udd" 4169
"C:/Users/emanu/AppData/Local/UnrealEngine/Common/DerivedDataCache/Buckets/MaterialShaderMap/58/b2/b38e0691586ccb4ebf6657cd6f4bfc433ba9.udd" 4170
"C:/Users/emanu/AppData/Local/UnrealEngine/Common/DerivedDataCache/Buckets/MaterialShaderMap/cb/a7/48d24db33ff82b96f6564f86cb0c5451d2f0.udd" 4171
"C:/Users/emanu/AppData/Local/UnrealEngine/Common/DerivedDataCache/Buckets/MaterialShaderMap/1a/8f/973b813ef97c31a5e79a552a883252256961.udd" 4172
"C:/Users/emanu/AppData/Local/UnrealEngine/Common/DerivedDataCache/Buckets/MaterialShaderMap/40/d9/8b83809fa93688dfef7d4c3c7af679147776.udd" 4173
"C:/Users/emanu/AppData/Local/UnrealEngine/Common/DerivedDataCache/Buckets/MaterialShaderMap/d1/51/81335597b3849e6e0e5282a2bcce7564db4d.udd" 4174
"C:/Users/emanu/AppData/Local/UnrealEngine/Common/DerivedDataCache/Buckets/MaterialShaderMap/a3/b7/126ca034b6cc26309fb34bc43a8f603da246.udd" 4175
"C:/Users/emanu/AppData/Local/UnrealEngine/Common/DerivedDataCache/Buckets/MaterialShaderMap/5d/01/0b97ebdf21956f0a8435df1e446515446899.udd" 4176
"C:/Users/emanu/AppData/Local/UnrealEngine/Common/DerivedDataCache/Buckets/MaterialShaderMap/79/ef/900f6db0d4c8b6a79ec8147c5baeb9fdf872.udd" 4177
"C:/Users/emanu/AppData/Local/UnrealEngine/Common/DerivedDataCache/Buckets/MaterialShaderMap/fd/fe/bacf0c6450840fd416fc3f91338cb1cc70de.udd" 4178
"C:/Users/emanu/AppData/Local/UnrealEngine/Common/DerivedDataCache/Buckets/MaterialShaderMap/d9/c8/2db08981673ea011600c1959743e3abd7ba0.udd" 4179
"C:/Users/emanu/AppData/Local/UnrealEngine/Common/DerivedDataCache/Buckets/LegacySKELETALMESH/a8/a9/3599befbdfe32c72b357f072fd98e734f80a.udd" 4180
"E:/Projects/EcoBots/Content/Assets/StackOBot/Environment/Materials/M_TileMaster.uasset" 4181
"E:/Projects/EcoBots/Content/Assets/Orasot_Bundle/StylizedForestLandscape/Materials/M_Master_Material_Prop.uasset" 4182
"E:/Projects/EcoBots/Content/Assets/Orasot_Bundle/Stylized_Landscape_5_Bioms/Biom_Bamboo/Material_Instances/MI_Bamboo_Fence.uasset" 4183
"E:/Projects/EcoBots/Content/Assets/Orasot_Bundle/Stylized_Landscape_5_Bioms/Biom_Red/Bridge/Assets/Material_Instances/MI_Rope.uasset" 4184
"E:/Projects/EcoBots/Content/Assets/Orasot_Bundle/Stylized_Landscape_5_Bioms/Biom_Desert/Material_Instances/MI_Palm_Bark.uasset" 4185
"E:/Projects/EcoBots/Content/Assets/LUSH_StylizedEnvironmentSet/Foliage/Flowers/SM_FlowerClump_A_01.uasset" 4186
"E:/Projects/EcoBots/Content/Assets/LUSH_StylizedEnvironmentSet/Foliage/Flowers/SM_FlowerClump_B_01.uasset" 4187
"E:/Projects/EcoBots/Content/Assets/LUSH_StylizedEnvironmentSet/Foliage/Flowers/SM_FlowerClump_C_01.uasset" 4188
"E:/Projects/EcoBots/Content/Assets/LUSH_StylizedEnvironmentSet/Foliage/Flowers/SM_FlowerClump_D_01.uasset" 4189
"E:/Projects/EcoBots/Content/Assets/LUSH_StylizedEnvironmentSet/Foliage/Trees/SM_BananaTree_01.uasset" 4190
"E:/Projects/EcoBots/Content/Assets/LUSH_StylizedEnvironmentSet/Foliage/Trees/SM_BananaTree_02.uasset" 4191
"E:/Projects/EcoBots/Content/Assets/LUSH_StylizedEnvironmentSet/Foliage/Trees/SM_BananaTree_03.uasset" 4192
"E:/Projects/EcoBots/Content/Assets/LUSH_StylizedEnvironmentSet/Foliage/Trees/SM_BananaTree_04.uasset" 4193
"E:/Projects/EcoBots/Content/Assets/LUSH_StylizedEnvironmentSet/Foliage/Trees/SM_Palm_A_01.uasset" 4194
"E:/Projects/EcoBots/Content/Assets/LUSH_StylizedEnvironmentSet/Foliage/Trees/SM_Palm_A_02.uasset" 4195
"E:/Projects/EcoBots/Content/Assets/LUSH_StylizedEnvironmentSet/Foliage/Trees/SM_Palm_A_03.uasset" 4196
"E:/Projects/EcoBots/Content/Assets/LUSH_StylizedEnvironmentSet/Foliage/Trees/SM_Palm_A_04.uasset" 4197
"E:/Projects/EcoBots/Content/Assets/LUSH_StylizedEnvironmentSet/Foliage/Trees/SM_Palm_B_01.uasset" 4198
"E:/Projects/EcoBots/Content/Assets/LUSH_StylizedEnvironmentSet/Foliage/Trees/SM_Palm_B_02.uasset" 4199
"E:/Projects/EcoBots/Content/Assets/LUSH_StylizedEnvironmentSet/Foliage/Trees/SM_Palm_B_03.uasset" 4200
"E:/Projects/EcoBots/Content/Assets/LUSH_StylizedEnvironmentSet/Foliage/Trees/SM_Palm_B_04.uasset" 4201
"E:/Projects/EcoBots/Content/Assets/LUSH_StylizedEnvironmentSet/Foliage/Plants/SM_Plant_Taro_01.uasset" 4202
"E:/Projects/EcoBots/Content/Assets/LUSH_StylizedEnvironmentSet/Foliage/Plants/SM_Plant_Taro_02.uasset" 4203
"E:/Projects/EcoBots/Content/Assets/LUSH_StylizedEnvironmentSet/Foliage/GroundIvy/SM_GroundIvy_03.uasset" 4204
"E:/Projects/EcoBots/Content/Assets/LUSH_StylizedEnvironmentSet/Foliage/GroundIvy/SM_GroundIvy_04.uasset" 4205
"E:/Projects/EcoBots/Content/Assets/LUSH_StylizedEnvironmentSet/Foliage/GroundIvy/SM_GroundIvy_01.uasset" 4206
"E:/Projects/EcoBots/Content/Assets/StackOBot/Environment/Foilage/Materials/M_CyberFern_NoWPO.uasset" 4207
"E:/Projects/EcoBots/Content/Assets/LUSH_StylizedEnvironmentSet/Foliage/Grass/SM_Grass_Tiny.uasset" 4208
"E:/Projects/EcoBots/Content/Assets/StackOBot/Environment/Foilage/Materials/M_CyberFern.uasset" 4209
"E:/Projects/EcoBots/Content/Assets/Orasot_Bundle/StylizedForestLandscape/Meshes/SM_Bush_2.uasset" 4210
"E:/Projects/EcoBots/Content/Assets/Orasot_Bundle/StylizedForestLandscape/Meshes/SM_Bush.uasset" 4211
"E:/Projects/EcoBots/Content/Assets/Orasot_Bundle/Stylized_Landscape_5_Bioms/Global/Materials/M_Impostor_SimpleOffset.uasset" 4212
"C:/Users/emanu/AppData/Local/UnrealEngine/Common/DerivedDataCache/Buckets/MaterialShaderMap/ff/f0/52986574a989cf4f4d32fd53db471db4792a.udd" 4213
"C:/Users/emanu/AppData/Local/UnrealEngine/Common/DerivedDataCache/Buckets/MaterialShaderMap/48/3d/a487c1448524020876f63757589d04a757fd.udd" 4214
"C:/Users/emanu/AppData/Local/UnrealEngine/Common/DerivedDataCache/Buckets/MaterialShaderMap/af/51/2ad6fb99acbc7d19038a0158385e65aeb1fd.udd" 4215
"C:/Users/emanu/AppData/Local/UnrealEngine/Common/DerivedDataCache/Buckets/MaterialShaderMap/22/21/d59d8110457a76118b3900ad45305f4bffa7.udd" 4216
"C:/Users/emanu/AppData/Local/UnrealEngine/Common/DerivedDataCache/Buckets/MaterialShaderMap/bf/dd/814f2a5d241af82a24c6cd206ba5e7a72280.udd" 4217
"C:/Users/emanu/AppData/Local/UnrealEngine/Common/DerivedDataCache/Buckets/MaterialShaderMap/6c/a3/2e07b86f0ddf413f46b7f445a38eb1c108e0.udd" 4218
"C:/Users/emanu/AppData/Local/UnrealEngine/Common/DerivedDataCache/Buckets/MaterialShaderMap/a0/84/7811924df46045ae920d55699ccc626eff7e.udd" 4219
"C:/Users/emanu/AppData/Local/UnrealEngine/Common/DerivedDataCache/Buckets/MaterialShaderMap/35/0f/4aaae7d2536791cad4b819179f7edd654c1c.udd" 4220
"C:/Users/emanu/AppData/Local/UnrealEngine/Common/DerivedDataCache/Buckets/MaterialShaderMap/cc/4c/3e69596e5f8a62ed1682d4df6496244efbf8.udd" 4221
"C:/Users/emanu/AppData/Local/UnrealEngine/Common/DerivedDataCache/Buckets/MaterialShaderMap/93/0a/2e82d6ccf51408df261b1ae5ba7c9f3b5089.udd" 4222
"C:/Users/emanu/AppData/Local/UnrealEngine/Common/DerivedDataCache/Buckets/MaterialShaderMap/c2/4e/79261fe68ebef0163729a6b7c93a7857bba6.udd" 4223
"C:/Users/emanu/AppData/Local/UnrealEngine/Common/DerivedDataCache/Buckets/MaterialShaderMap/26/57/2f9eb8216468d2c53931cfa8d2659dceaa31.udd" 4224
"E:/Projects/EcoBots/Content/Assets/StackOBot/Characters/Bot/Materials/M_BotLedWhite.uasset" 4225
"E:/Projects/EcoBots/Content/Assets/StackOBot/Characters/Bot/Materials/M_BotLedGreen.uasset" 4226
"E:/Projects/EcoBots/Content/Assets/StackOBot/Characters/Bot/Materials/M_BotLedOrange.uasset" 4227
"E:/Projects/EcoBots/Content/Assets/StackOBot/Characters/Bot/Materials/M_BotLedLightBlue.uasset" 4228
"E:/Projects/EcoBots/Content/Assets/StackOBot/Characters/Bot/Materials/M_BotLedPink.uasset" 4229
"E:/Projects/EcoBots/Content/Assets/StackOBot/Characters/Bot/Materials/M_BotLedRed.uasset" 4230
"E:/Projects/EcoBots/Content/Assets/StackOBot/Characters/Bot/Materials/M_BotLedYellow.uasset" 4231
"E:/Projects/EcoBots/Content/Assets/LUSH_StylizedEnvironmentSet/Meshes/Rocks/SM_Rock_01.uasset" 4232
"E:/Projects/EcoBots/Content/Assets/LUSH_StylizedEnvironmentSet/Meshes/Rocks/SM_Rock_03.uasset" 4233
"E:/Projects/EcoBots/Content/Assets/StackOBot/Environment/Materials/MI_Carbon.uasset" 4234
"E:/Projects/EcoBots/Content/Assets/StackOBot/Environment/Materials/MI_Glow.uasset" 4235
"E:/Projects/EcoBots/Content/Assets/StackOBot/Environment/Materials/MI_Metal.uasset" 4236
"E:/Projects/EcoBots/Content/Assets/StackOBot/Environment/Materials/MI_Plastic.uasset" 4237
"E:/Projects/EcoBots/Content/Assets/Orasot_Bundle/StylizedForestLandscape/Material_Instances/MI_Rock_Scatter_2.uasset" 4238
"E:/Projects/EcoBots/Content/Assets/Orasot_Bundle/StylizedForestLandscape/Material_Instances/MI_Rock_Scatter.uasset" 4239
"E:/Projects/EcoBots/Content/Assets/Mat/MI_Snow1.uasset" 4240
"E:/Projects/EcoBots/Content/Assets/Mat/MI_Snow2.uasset" 4241
"E:/Projects/EcoBots/Content/Assets/Orasot_Bundle/StylizedForestLandscape/Material_Instances/MI_Big_Rock_3.uasset" 4242
"E:/Projects/EcoBots/Content/Assets/Orasot_Bundle/StylizedForestLandscape/Material_Instances/MI_Big_Rock_1.uasset" 4243
"E:/Projects/EcoBots/Content/Assets/Orasot_Bundle/StylizedForestLandscape/Material_Instances/MI_Big_Rock_2.uasset" 4244
"E:/Projects/EcoBots/Content/Assets/Orasot_Bundle/Stylized_Landscape_5_Bioms/Biom_Bamboo/StaticMeshes/SM_Bamboo_fence.uasset" 4245
"E:/Projects/EcoBots/Content/Assets/Orasot_Bundle/Stylized_Landscape_5_Bioms/Biom_Red/Bridge/Assets/StaticMeshes/SM_Rope.uasset" 4246
"E:/Projects/EcoBots/Content/Assets/Orasot_Bundle/Stylized_Landscape_5_Bioms/Biom_Green/Material_Instances/MI_Tree_Bark.uasset" 4247
"E:/Projects/EcoBots/Content/Assets/LUSH_StylizedEnvironmentSet/Foliage/Flowers/SMF_Flowers_A_01.uasset" 4248
"E:/Projects/EcoBots/Content/Assets/LUSH_StylizedEnvironmentSet/Foliage/Flowers/SMF_Flowers_B_01.uasset" 4249
"E:/Projects/EcoBots/Content/Assets/LUSH_StylizedEnvironmentSet/Foliage/Flowers/SMF_Flowers_C_01.uasset" 4250
"E:/Projects/EcoBots/Content/Assets/LUSH_StylizedEnvironmentSet/Foliage/Flowers/SMF_Flowers_D_01.uasset" 4251
"E:/Projects/EcoBots/Content/Assets/LUSH_StylizedEnvironmentSet/Foliage/Trees/SMF_BananaTree_01.uasset" 4252
"E:/Projects/EcoBots/Content/Assets/LUSH_StylizedEnvironmentSet/Foliage/Trees/SMF_BananaTree_02.uasset" 4253
"E:/Projects/EcoBots/Content/Assets/LUSH_StylizedEnvironmentSet/Foliage/Trees/SMF_BananaTree_03.uasset" 4254
"E:/Projects/EcoBots/Content/Assets/LUSH_StylizedEnvironmentSet/Foliage/Trees/SMF_BananaTree_04.uasset" 4255
"E:/Projects/EcoBots/Content/Assets/LUSH_StylizedEnvironmentSet/Foliage/Trees/SMF_Palm_A_01.uasset" 4256
"C:/Users/emanu/AppData/Local/UnrealEngine/Common/DerivedDataCache/Buckets/MaterialShaderMap/8a/11/277cb5d22015232d94407e445f90d6396372.udd" 4257
"C:/Users/emanu/AppData/Local/UnrealEngine/Common/DerivedDataCache/Buckets/MaterialShaderMap/81/b6/85e0fbec12671b96bf75f8b535e40a699dbd.udd" 4258
"C:/Users/emanu/AppData/Local/UnrealEngine/Common/DerivedDataCache/Buckets/MaterialShaderMap/af/b3/0406f002085787f816666f5c5ce2d32f229f.udd" 4259
"C:/Users/emanu/AppData/Local/UnrealEngine/Common/DerivedDataCache/Buckets/MaterialShaderMap/08/26/6f86a135d95af1b3c4278217888837e1be58.udd" 4260
"C:/Users/emanu/AppData/Local/UnrealEngine/Common/DerivedDataCache/Buckets/MaterialShaderMap/61/40/bd3ff4db7e83680692cc92bcdc57094066c5.udd" 4261
"C:/Users/emanu/AppData/Local/UnrealEngine/Common/DerivedDataCache/Buckets/MaterialShaderMap/3c/78/b4ff79071f29c54dcc8963f84ccf07bee5bb.udd" 4262
"C:/Users/emanu/AppData/Local/UnrealEngine/Common/DerivedDataCache/Buckets/MaterialShaderMap/a8/04/601e55a198273f24ca9ae6afeac5a059ec9e.udd" 4263
"C:/Users/emanu/AppData/Local/UnrealEngine/Common/DerivedDataCache/Buckets/MaterialShaderMap/38/7a/e7f55bbebe6e14b6326fee81d93e8b5e392d.udd" 4264
"C:/Users/emanu/AppData/Local/UnrealEngine/Common/DerivedDataCache/Buckets/MaterialShaderMap/d7/c4/e7bb357b23aca820a116034d0f8382716255.udd" 4265
"C:/Users/emanu/AppData/Local/UnrealEngine/Common/DerivedDataCache/Buckets/MaterialShaderMap/27/70/6858cd8f0e6d7790806fbd7403c5a016e97e.udd" 4266
"C:/Users/emanu/AppData/Local/UnrealEngine/Common/DerivedDataCache/Buckets/MaterialShaderMap/14/fa/3b79303913782b1d09b626bb9584ef21543f.udd" 4267
"C:/Users/emanu/AppData/Local/UnrealEngine/Common/DerivedDataCache/Buckets/MaterialShaderMap/63/b0/8add038b7a385e1e8cd9a8cbf0cfd6bd879c.udd" 4268
"C:/Users/emanu/AppData/Local/UnrealEngine/Common/DerivedDataCache/Buckets/MaterialShaderMap/c7/15/2b4f1a9e120aaabc9a8500998589f2d38caa.udd" 4269
"C:/Users/emanu/AppData/Local/UnrealEngine/Common/DerivedDataCache/Buckets/MaterialShaderMap/96/03/bd19003c21ce295816e7ce2bb7f33b200b13.udd" 4270
"C:/Users/emanu/AppData/Local/UnrealEngine/Common/DerivedDataCache/Buckets/MaterialShaderMap/a9/fa/cd514df55269ef2387867ff1238ced91a2ff.udd" 4271
"C:/Users/emanu/AppData/Local/UnrealEngine/Common/DerivedDataCache/Buckets/MaterialShaderMap/be/c1/ef5ac0b18afbd7c484f9b2b48da6bde30309.udd" 4272
"C:/Users/emanu/AppData/Local/UnrealEngine/Common/DerivedDataCache/Buckets/MaterialShaderMap/8b/c5/d22ba654814a579a882e5e4ebdebd71f3cba.udd" 4273
"C:/Users/emanu/AppData/Local/UnrealEngine/Common/DerivedDataCache/Buckets/MaterialShaderMap/30/26/6a6cb275985f4cf9fa575a3ecda48e5bdadc.udd" 4274
"C:/Users/emanu/AppData/Local/UnrealEngine/Common/DerivedDataCache/Buckets/MaterialShaderMap/bc/e9/5aa0c986cff2ef7acdf1bb7c0a4ee48395ed.udd" 4275
"C:/Users/emanu/AppData/Local/UnrealEngine/Common/DerivedDataCache/Buckets/MaterialShaderMap/9c/ce/8c75ee9c061394730c5344d8b8d8007e17f6.udd" 4276
"C:/Users/emanu/AppData/Local/UnrealEngine/Common/DerivedDataCache/Buckets/MaterialShaderMap/c6/d4/89bb4a2ad444663894cd8675dcd0ebdd76f3.udd" 4277
"C:/Users/emanu/AppData/Local/UnrealEngine/Common/DerivedDataCache/Buckets/MaterialShaderMap/61/6d/f3d31e064769cd62bb794dff7987188735ed.udd" 4278
"C:/Users/emanu/AppData/Local/UnrealEngine/Common/DerivedDataCache/Buckets/MaterialShaderMap/20/a8/ff6add9d9c742e981ee68917fbc477b97ce1.udd" 4279
"C:/Users/emanu/AppData/Local/UnrealEngine/Common/DerivedDataCache/Buckets/MaterialShaderMap/d4/1c/8caf9ed9aa7dac3dc05a829db065cd295c95.udd" 4280
"C:/Users/emanu/AppData/Local/UnrealEngine/Common/DerivedDataCache/Buckets/MaterialShaderMap/19/ef/2b3aa9ff66ca2950391f3113ab8ab2c50bad.udd" 4281
"C:/Users/emanu/AppData/Local/UnrealEngine/Common/DerivedDataCache/Buckets/MaterialShaderMap/1e/7f/f51e467294b4363517e971c7811084f12ba7.udd" 4282
"C:/Users/emanu/AppData/Local/UnrealEngine/Common/DerivedDataCache/Buckets/MaterialShaderMap/e0/62/e953a471cc2cf48e0dffc1a9fb9c1ddd0906.udd" 4283
"C:/Users/emanu/AppData/Local/UnrealEngine/Common/DerivedDataCache/Buckets/MaterialShaderMap/6f/4d/62fc2eed01dc0430e0055832d98e6ddd6696.udd" 4284
"C:/Users/emanu/AppData/Local/UnrealEngine/Common/DerivedDataCache/Buckets/MaterialShaderMap/65/bb/c70c97c0033afd549dd842bd1ee142f6dbfd.udd" 4285
"C:/Users/emanu/AppData/Local/UnrealEngine/Common/DerivedDataCache/Buckets/MaterialShaderMap/0b/5f/06597e841a5e5328f68207bdf91a09f0f36c.udd" 4286
"C:/Users/emanu/AppData/Local/UnrealEngine/Common/DerivedDataCache/Buckets/MaterialShaderMap/73/cc/abd0d4bc26429ba7d112e27f1193594f62bd.udd" 4287
"C:/Users/emanu/AppData/Local/UnrealEngine/Common/DerivedDataCache/Buckets/MaterialShaderMap/31/85/df5ee181f674fb09cceb642cf8e1e138b278.udd" 4288
"C:/Users/emanu/AppData/Local/UnrealEngine/Common/DerivedDataCache/Buckets/MaterialShaderMap/3e/84/5ddaf704c5f927cf269ca12cdb057cac78b1.udd" 4289
"C:/Users/emanu/AppData/Local/UnrealEngine/Common/DerivedDataCache/Buckets/MaterialShaderMap/0f/2c/4c981cc92cd6ffa0b694288ca6d92684484f.udd" 4290
"C:/Users/emanu/AppData/Local/UnrealEngine/Common/DerivedDataCache/Buckets/MaterialShaderMap/bf/68/94bf9479c12ddffcb275ad81d69d46d7fd21.udd" 4291
"C:/Users/emanu/AppData/Local/UnrealEngine/Common/DerivedDataCache/Buckets/MaterialShaderMap/7e/a6/b11258e91a9502b3e2504b1c8d5d387c02bb.udd" 4292
"E:/Projects/EcoBots/Content/Assets/LUSH_StylizedEnvironmentSet/Foliage/Trees/SMF_Palm_A_02.uasset" 4293
"E:/Projects/EcoBots/Content/Assets/LUSH_StylizedEnvironmentSet/Foliage/Trees/SMF_Palm_A_03.uasset" 4294
"E:/Projects/EcoBots/Content/Assets/LUSH_StylizedEnvironmentSet/Foliage/Trees/SMF_Palm_A_04.uasset" 4295
"E:/Projects/EcoBots/Content/Assets/LUSH_StylizedEnvironmentSet/Foliage/Trees/SMF_Palm_B_02.uasset" 4296
"E:/Projects/EcoBots/Content/Assets/LUSH_StylizedEnvironmentSet/Foliage/Trees/SMF_Palm_B_01.uasset" 4297
"E:/Projects/EcoBots/Content/Assets/LUSH_StylizedEnvironmentSet/Foliage/Trees/SMF_Palm_B_03.uasset" 4298
"E:/Projects/EcoBots/Content/Assets/LUSH_StylizedEnvironmentSet/Foliage/Trees/SMF_Palm_B_04.uasset" 4299
"E:/Projects/EcoBots/Content/Assets/LUSH_StylizedEnvironmentSet/Foliage/Plants/SMF_Plant_Taro_01.uasset" 4300
"E:/Projects/EcoBots/Content/Assets/LUSH_StylizedEnvironmentSet/Foliage/Plants/SMF_Plant_Taro_02.uasset" 4301
"E:/Projects/EcoBots/Content/Assets/StackOBot/Environment/Foilage/Meshes/SM_Bush.uasset" 4302
"E:/Projects/EcoBots/Content/Assets/Orasot_Bundle/Stylized_Landscape_5_Bioms/Biom_Desert/Material_Instances/MI_Impostor_Tree_1.uasset" 4303
"E:/Projects/EcoBots/Content/Assets/StackOBot/Characters/Bot/Materials/MI_BotFaceWhite.uasset" 4304
"E:/Projects/EcoBots/Content/Assets/StackOBot/Characters/Bot/Materials/MI_BotFaceGreen.uasset" 4305
"E:/Projects/EcoBots/Content/Assets/StackOBot/Characters/Bot/Materials/MI_BotFaceOrange.uasset" 4306
"E:/Projects/EcoBots/Content/Assets/StackOBot/Characters/Bot/Materials/MI_BotFaceLightBlue.uasset" 4307
"E:/Projects/EcoBots/Content/Assets/StackOBot/Characters/Bot/Materials/MI_BotFacePink.uasset" 4308
"E:/Projects/EcoBots/Content/Assets/LUSH_StylizedEnvironmentSet/Foliage/Grass/SMF_TinyGrass.uasset" 4309
"E:/Projects/EcoBots/Content/Assets/StackOBot/Characters/Bot/Materials/MI_BotFaceRed.uasset" 4310
"E:/Projects/EcoBots/Content/Assets/StackOBot/Characters/Bot/Materials/MI_BotFaceYellow.uasset" 4311
"E:/Projects/EcoBots/Content/Assets/StackOBot/Environment/Props/SM_GenericMachine_Engine.uasset" 4312
"E:/Projects/EcoBots/Content/Assets/StackOBot/Environment/Props/SM_SpawnPad_Ring.uasset" 4313
"E:/Projects/EcoBots/Content/Blueprints/Craftables/BP_CraftableRockWall.uasset" 4314
"E:/Projects/EcoBots/Content/Blueprints/Craftables/BP_CraftableFence.uasset" 4315
"E:/Projects/EcoBots/Content/Assets/Orasot_Bundle/Stylized_Landscape_5_Bioms/Biom_Desert/StaticMeshes/SM_Hero_Tree_1_with_Roots.uasset" 4316
"E:/Projects/EcoBots/Content/Assets/StackOBot/Characters/Bot/Mesh/SKM_Bot.uasset" 4317
"E:/Projects/EcoBots/Content/Blueprints/Craftables/CraftPreviews/BP_PreviewRockWall.uasset" 4318
"E:/Projects/EcoBots/Content/Blueprints/Craftables/CraftPreviews/BP_PreviewFence.uasset" 4319
"../../../Engine/Content/EngineSounds/Submixes/MasterEQSubmixDefault.uasset" 4320
"../../../Engine/Content/EngineSounds/Submixes/MasterSubmixDefault.uasset" 4321
"../../../Engine/Content/EngineSounds/Submixes/MasterReverbSubmixDefault.uasset" 4322
"E:/Projects/EcoBots/Content/Blueprints/Audio/SC_Master.uasset" 4323
"E:/Projects/EcoBots/Content/Blueprints/Audio/SCM_Master.uasset" 4324
"C:/Users/emanu/AppData/Local/UnrealEngine/Common/DerivedDataCache/Buckets/MaterialShaderMap/0d/09/590c1358fd69a0fb1ee2036c7cc4eebb03f7.udd" 4325
"C:/Users/emanu/AppData/Local/UnrealEngine/Common/DerivedDataCache/Buckets/MaterialShaderMap/76/e5/ff90662834ebd86cdb711ec4feb35ca57575.udd" 4326
"C:/Users/emanu/AppData/Local/UnrealEngine/Common/DerivedDataCache/Buckets/MaterialShaderMap/a1/24/a70c7882c4f873ddbb23b84bd7e802382a17.udd" 4327
"C:/Users/emanu/AppData/Local/UnrealEngine/Common/DerivedDataCache/Buckets/MaterialShaderMap/17/de/bef857af61be5a0c968b0a52be93fdecacaa.udd" 4328
"C:/Users/emanu/AppData/Local/UnrealEngine/Common/DerivedDataCache/Buckets/MaterialShaderMap/06/45/7ecb0651b774757810268c95afb63a8670ff.udd" 4329
"C:/Users/emanu/AppData/Local/UnrealEngine/Common/DerivedDataCache/Buckets/MaterialShaderMap/41/45/22ea2cb4a4cae301bdbf701edaa0c0a1466a.udd" 4330
"E:/Projects/EcoBots/Content/Assets/Orasot_Bundle/StylizedForestLandscape/Meshes/SM_Big_Rock_3.uasset" 4331
"E:/Projects/EcoBots/Content/Assets/Orasot_Bundle/StylizedForestLandscape/Meshes/SM_Scatter_1.uasset" 4332
"E:/Projects/EcoBots/Content/Assets/Orasot_Bundle/StylizedForestLandscape/Meshes/SM_Rock_Scatter_2.uasset" 4333
"E:/Projects/EcoBots/Content/Assets/media/wavs/woodenclick.uasset" 4334
"E:/Projects/EcoBots/Content/Assets/media/wavs/woodenhover.uasset" 4335
"E:/Projects/EcoBots/Content/Assets/media/wavs/RobotTalk.uasset" 4336
"E:/Projects/EcoBots/Content/Blueprints/Audio/MetaSounds/MS_Steps.uasset" 4337
"E:/Projects/EcoBots/Content/Assets/media/wavs/JetpackLoop.uasset" 4338
"E:/Projects/EcoBots/Content/Blueprints/Audio/wavs/AirPurifierInteract.uasset" 4339
"E:/Projects/EcoBots/Content/Blueprints/Audio/wavs/GrabItem.uasset" 4340
"E:/Projects/EcoBots/Content/StarterContent/Audio/Fire01.uasset" 4341
"E:/Projects/EcoBots/Content/Blueprints/Audio/wavs/WoodInteract.uasset" 4342
"E:/Projects/EcoBots/Content/Blueprints/Audio/wavs/RockInteract.uasset" 4343
"E:/Projects/EcoBots/Content/Blueprints/Audio/wavs/BushInteract.uasset" 4344
"E:/Projects/EcoBots/Content/Blueprints/Audio/MetaSounds/MS_SeaAmbient.uasset" 4345
"E:/Projects/EcoBots/Content/Assets/media/wavs/Catastrophe.uasset" 4346
"E:/Projects/EcoBots/Content/Assets/media/wavs/AmbientDay.uasset" 4347
"E:/Projects/EcoBots/Content/Assets/media/wavs/AmbientNight.uasset" 4348
"E:/Projects/EcoBots/Content/Blueprints/Widgets/InGame/BP_CraftRecipeWidget.uasset" 4349
"E:/Projects/EcoBots/Content/Blueprints/Widgets/InGame/BP_OptionsGameWidget.uasset" 4350
"E:/Projects/EcoBots/Content/Blueprints/Widgets/InGame/BP_InventorySlotWidget.uasset" 4351
"E:/Projects/EcoBots/Content/Blueprints/Widgets/Menu/BP_GameOverWidget.uasset" 4352
"E:/Projects/EcoBots/Content/Blueprints/Audio/MetaSounds/MS_RobotInteract.uasset" 4353
"E:/Projects/EcoBots/Content/Blueprints/Audio/MetaSounds/MS_RobotTalk.uasset" 4354
"C:/Users/emanu/AppData/Local/UnrealEngine/Common/DerivedDataCache/Buckets/LegacySKELETALMESH/cd/08/4ff098e28afd4b7f91d8220381b45f7fd8eb.udd" 4355
"E:/Projects/EcoBots/Content/Assets/StackOBot/Characters/Bot/Animations/A_Bot_Run.uasset" 4356
"C:/Users/emanu/AppData/Local/UnrealEngine/Common/DerivedDataCache/Content/14/8e/95801dd9c3bbeacf043fce8712feb7da7f0c.udd" 4357
"E:/Projects/EcoBots/Content/Assets/StackOBot/Characters/Bot/Animations/A_Bot_Walk.uasset" 4358
"E:/Projects/EcoBots/Content/Blueprints/Audio/MetaSounds/MS_JetPack.uasset" 4359
"E:/Projects/EcoBots/Content/Blueprints/Craftables/BP_CraftableCampFire.uasset" 4360
"E:/Projects/EcoBots/Content/Blueprints/Audio/MetaSounds/MS_Catastrophe.uasset" 4361
"E:/Projects/EcoBots/Content/Blueprints/Audio/MetaSounds/MS_AmbientDay.uasset" 4362
"E:/Projects/EcoBots/Content/Blueprints/Audio/MetaSounds/MS_AmbientNight.uasset" 4363
"E:/Projects/EcoBots/Content/Blueprints/Widgets/InGame/BP_CraftWidget.uasset" 4364
"C:/Users/emanu/AppData/Local/UnrealEngine/Common/DerivedDataCache/Buckets/BulkDataList/18/6c/8ba522ab0164cc3471360783fe48cb681559.udd" 4365
"C:/Users/emanu/AppData/Local/UnrealEngine/Common/DerivedDataCache/Buckets/BulkDataList/50/1e/5f41a8120803a892ed940d64dfc726a2f00d.udd" 4366
"C:/Users/emanu/AppData/Local/UnrealEngine/Common/DerivedDataCache/Buckets/BulkDataList/01/dc/6f8df13952b8e3d7d613963138a3d2b74e85.udd" 4367
"C:/Users/emanu/AppData/Local/UnrealEngine/Common/DerivedDataCache/Buckets/BulkDataList/2e/19/8070a6444182912e1dcf6902ba6d9914976d.udd" 4368
"C:/Users/emanu/AppData/Local/UnrealEngine/Common/DerivedDataCache/Buckets/BulkDataList/ec/4d/92b53088a115deca4d1cf80acf6e972a0479.udd" 4369
"C:/Users/emanu/AppData/Local/UnrealEngine/Common/DerivedDataCache/Buckets/BulkDataList/6a/64/483c5e5287eeb661897bf8a97742dd8cde58.udd" 4370
"C:/Users/emanu/AppData/Local/UnrealEngine/Common/DerivedDataCache/Buckets/BulkDataList/20/2a/6b66939d099a145c3e629fe2e4b86d47f42b.udd" 4371
"C:/Users/emanu/AppData/Local/UnrealEngine/Common/DerivedDataCache/Buckets/BulkDataList/f3/13/6e8480e7bfc422520dfffe9eb7de88d9a252.udd" 4372
"C:/Users/emanu/AppData/Local/UnrealEngine/Common/DerivedDataCache/Buckets/BulkDataList/42/2a/dada7746aafb4f4aa98bf8564dd8cbea1ff3.udd" 4373
"C:/Users/emanu/AppData/Local/UnrealEngine/Common/DerivedDataCache/Buckets/BulkDataList/38/d2/627eb7a277e289640250e1f1e6353202dd4a.udd" 4374
"C:/Users/emanu/AppData/Local/UnrealEngine/Common/DerivedDataCache/Buckets/BulkDataList/7f/69/be9292a6afd8978cdc4dab79df7fe6048c17.udd" 4375
"C:/Users/emanu/AppData/Local/UnrealEngine/Common/DerivedDataCache/Buckets/BulkDataList/10/d7/5741375292f72f52e8bced1d522df06a4e6c.udd" 4376
"C:/Users/emanu/AppData/Local/UnrealEngine/Common/DerivedDataCache/Buckets/BulkDataList/fc/13/4d98c646b015bec5c387bd77b5b98afe6b4f.udd" 4377
"E:/Projects/EcoBots/Content/Blueprints/Widgets/InGame/BP_InventoryWidget.uasset" 4378
"E:/Projects/EcoBots/Content/Blueprints/Craftables/CraftPreviews/BP_PreviewCampFire.uasset" 4379
"E:/Projects/EcoBots/Content/Assets/StackOBot/Characters/Bot/Animations/A_Bot_Flying.uasset" 4380
"E:/Projects/EcoBots/Content/Blueprints/Characters/Anim/ABP_EcobotAnim.uasset" 4381
"E:/Projects/EcoBots/Content/Blueprints/Items/InventoryItems/BP_BatteryInventoryItem.uasset" 4382
"E:/Projects/EcoBots/Content/Blueprints/Items/BP_BatteryItem.uasset" 4383
"E:/Projects/EcoBots/Content/Blueprints/Spawners/BP_BatterySpawner.uasset" 4384
"E:/Projects/EcoBots/Content/Blueprints/LevelPieces/DesertBiome/Terrains/BP_DesertTerrain1.uasset" 4385
"E:/Projects/EcoBots/Content/Blueprints/LevelPieces/DesertBiome/Terrains/BP_DesertTerrain2.uasset" 4386
"E:/Projects/EcoBots/Content/Blueprints/LevelPieces/DesertBiome/Terrains/BP_DesertTerrain4.uasset" 4387
"E:/Projects/EcoBots/Content/Blueprints/LevelPieces/FrostBiome/Terrains/BP_FrostTerrain1.uasset" 4388
"E:/Projects/EcoBots/Content/Blueprints/LevelPieces/FrostBiome/Terrains/BP_FrostTerrain4.uasset" 4389
"E:/Projects/EcoBots/Content/Blueprints/LevelPieces/FrostBiome/Terrains/BP_FrostTerrain2.uasset" 4390
"E:/Projects/EcoBots/Content/Blueprints/LevelPieces/TropicalBiome/Terrains/BP_TropicalTerrain1.uasset" 4391
"E:/Projects/EcoBots/Content/Blueprints/LevelPieces/TropicalBiome/Terrains/BP_TropicalTerrain2.uasset" 4392
"E:/Projects/EcoBots/Content/Blueprints/LevelPieces/TropicalBiome/Terrains/BP_TropicalTerrain4.uasset" 4393
"E:/Projects/EcoBots/Content/Blueprints/LevelPieces/DesertBiome/BP_DesertPiece5.uasset" 4394
"E:/Projects/EcoBots/Content/Blueprints/Items/InventoryItems/BP_IronInventoryItem.uasset" 4395
"E:/Projects/EcoBots/Content/Blueprints/Items/BP_IronItem.uasset" 4396
"E:/Projects/EcoBots/Content/Blueprints/Items/InventoryItems/BP_RockInventoryItem.uasset" 4397
"E:/Projects/EcoBots/Content/Blueprints/Items/BP_RockItem.uasset" 4398
"E:/Projects/EcoBots/Content/Blueprints/Interactables/Desert/BP_DesertInteractableRock.uasset" 4399
"E:/Projects/EcoBots/Content/Blueprints/Interactables/Desert/BP_DesertInteractableRock_2.uasset" 4400
"E:/Projects/EcoBots/Content/Blueprints/Interactables/Snow/BP_SnowInteractableRock.uasset" 4401
"E:/Projects/EcoBots/Content/Blueprints/Interactables/Snow/BP_SnowInteractableRock_2.uasset" 4402
"E:/Projects/EcoBots/Content/Blueprints/Interactables/Tropical/BP_TropicalInteractableRock.uasset" 4403
"E:/Projects/EcoBots/Content/Blueprints/Interactables/Tropical/BP_TropicalInteractableRock_2.uasset" 4404
"E:/Projects/EcoBots/Content/Blueprints/LevelPieces/DesertBiome/BP_DesertPiece6.uasset" 4405
"E:/Projects/EcoBots/Content/Blueprints/LevelPieces/DesertBiome/BP_DesertPiece7.uasset" 4406
"E:/Projects/EcoBots/Content/Blueprints/LevelPieces/FrostBiome/BP_SnowPiece6.uasset" 4407
"E:/Projects/EcoBots/Content/Blueprints/LevelPieces/TropicalBiome/BP_TropicalPiece6.uasset" 4408
"E:/Projects/EcoBots/Content/Blueprints/Items/InventoryItems/BP_WoodInventoryItem.uasset" 4409
"E:/Projects/EcoBots/Content/Blueprints/Items/BP_WoodItem.uasset" 4410
"E:/Projects/EcoBots/Content/Blueprints/Craftables/CraftRecipes/BP_CampFireRecipe.uasset" 4411
"E:/Projects/EcoBots/Content/Blueprints/Items/BP_RootRopeItem.uasset" 4412
"E:/Projects/EcoBots/Content/Blueprints/Items/InventoryItems/BP_RootRopeInventoryItem.uasset" 4413
"E:/Projects/EcoBots/Content/Blueprints/Craftables/CraftRecipes/BP_FenceRecipe.uasset" 4414
"E:/Projects/EcoBots/Content/Blueprints/Craftables/CraftRecipes/BP_RockWallRecipe.uasset" 4415
"E:/Projects/EcoBots/Content/Blueprints/Craftables/CraftRecipes/BP_WoodWallRecipe.uasset" 4416
"E:/Projects/EcoBots/Content/Blueprints/Interactables/BP_BuddyInteractableComponent.uasset" 4417
"E:/Projects/EcoBots/Content/Blueprints/Characters/AI/BP_EcoBotBuddy.uasset" 4418
"E:/Projects/EcoBots/Content/Blueprints/Items/BP_BerryItem.uasset" 4419
"E:/Projects/EcoBots/Content/Blueprints/Items/InventoryItems/BP_BerryInventoryItem.uasset" 4420
"E:/Projects/EcoBots/Content/Blueprints/Interactables/Tropical/BP_TropicalInteractableBush_2.uasset" 4421
"E:/Projects/EcoBots/Content/Blueprints/Interactables/Tropical/BP_TropicalCuttedBush.uasset" 4422
"E:/Projects/EcoBots/Content/Blueprints/Interactables/Desert/BP_DesertCuttedBush.uasset" 4423
"E:/Projects/EcoBots/Content/Blueprints/Interactables/Desert/BP_DesertInteractableBush_2.uasset" 4424
"E:/Projects/EcoBots/Content/Blueprints/LevelPieces/DesertBiome/BP_DesertPiece3.uasset" 4425
"E:/Projects/EcoBots/Content/Blueprints/Interactables/Tropical/BP_TropicalInteractableBush.uasset" 4426
"E:/Projects/EcoBots/Content/Blueprints/Interactables/Tropical/BP_TropicalCuttedBush2.uasset" 4427
"E:/Projects/EcoBots/Content/Blueprints/Interactables/Desert/BP_DesertCuttedBush2.uasset" 4428
"E:/Projects/EcoBots/Content/Blueprints/Interactables/Desert/BP_DesertInteractableBush.uasset" 4429
"E:/Projects/EcoBots/Content/Blueprints/Interactables/Tropical/BP_TropicalInteractableTree.uasset" 4430
"E:/Projects/EcoBots/Content/Blueprints/Interactables/Tropical/BP_TropicalCuttedTree.uasset" 4431
"E:/Projects/EcoBots/Content/Blueprints/Interactables/Desert/BP_DesertCuttedTree.uasset" 4432
"E:/Projects/EcoBots/Content/Blueprints/LevelPieces/TropicalBiome/BP_TropicalPiece1.uasset" 4433
"E:/Projects/EcoBots/Content/Blueprints/LevelPieces/TropicalBiome/BP_TropicalPiece5.uasset" 4434
"E:/Projects/EcoBots/Content/Blueprints/LevelPieces/TropicalBiome/BP_TropicalPiece7.uasset" 4435
"E:/Projects/EcoBots/Content/Blueprints/LevelPieces/TropicalBiome/BP_TropicalPiece8.uasset" 4436
"E:/Projects/EcoBots/Content/Blueprints/Interactables/Desert/BP_DesertInteractableTree.uasset" 4437
"E:/Projects/EcoBots/Content/Blueprints/LevelPieces/DesertBiome/BP_DesertPiece1.uasset" 4438
"E:/Projects/EcoBots/Content/Blueprints/LevelPieces/DesertBiome/BP_DesertPiece8.uasset" 4439
"E:/Projects/EcoBots/Content/Blueprints/Items/BP_CoconutItem.uasset" 4440
"E:/Projects/EcoBots/Content/Blueprints/Items/InventoryItems/BP_CoconutInventoryItem.uasset" 4441
"E:/Projects/EcoBots/Content/Blueprints/Interactables/Snow/BP_SnowInteractableTree_2.uasset" 4442
"E:/Projects/EcoBots/Content/Blueprints/Interactables/Desert/BP_DesertInteractableTree_2.uasset" 4443
"E:/Projects/EcoBots/Content/Blueprints/Interactables/Tropical/BP_TropicalInteractableTree_2.uasset" 4444
"E:/Projects/EcoBots/Content/Blueprints/LevelPieces/DesertBiome/BP_DesertPiece2.uasset" 4445
"E:/Projects/EcoBots/Content/Blueprints/LevelPieces/DesertBiome/BP_DesertPiece9.uasset" 4446
"E:/Projects/EcoBots/Content/Blueprints/LevelPieces/FrostBiome/BP_SnowPiece9.uasset" 4447
"E:/Projects/EcoBots/Content/Blueprints/LevelPieces/TropicalBiome/BP_TropicalPiece2.uasset" 4448
"E:/Projects/EcoBots/Content/Blueprints/LevelPieces/TropicalBiome/BP_TropicalPiece3.uasset" 4449
"E:/Projects/EcoBots/Content/Blueprints/LevelPieces/TropicalBiome/BP_TropicalPiece9.uasset" 4450
"E:/Projects/EcoBots/Content/Blueprints/Interactables/Snow/BP_SnowCuttedBush.uasset" 4451
"E:/Projects/EcoBots/Content/Blueprints/Interactables/Snow/BP_SnowInteractableBush_2.uasset" 4452
"E:/Projects/EcoBots/Content/Blueprints/Interactables/Snow/BP_SnowCuttedBush2.uasset" 4453
"E:/Projects/EcoBots/Content/Blueprints/Interactables/Snow/BP_SnowInteractableBush.uasset" 4454
"E:/Projects/EcoBots/Content/Blueprints/LevelPieces/FrostBiome/BP_SnowPiece2.uasset" 4455
"E:/Projects/EcoBots/Content/Blueprints/LevelPieces/FrostBiome/BP_SnowPiece3.uasset" 4456
"E:/Projects/EcoBots/Content/Blueprints/Interactables/Snow/BP_SnowCuttedTree.uasset" 4457
"E:/Projects/EcoBots/Content/Blueprints/Interactables/Snow/BP_SnowInteractableTree.uasset" 4458
"E:/Projects/EcoBots/Content/Blueprints/LevelPieces/FrostBiome/BP_SnowPiece1.uasset" 4459
"E:/Projects/EcoBots/Content/Blueprints/LevelPieces/FrostBiome/BP_SnowPiece5.uasset" 4460
"E:/Projects/EcoBots/Content/Blueprints/LevelPieces/FrostBiome/BP_SnowPiece7.uasset" 4461
"E:/Projects/EcoBots/Content/Blueprints/LevelPieces/FrostBiome/BP_SnowPiece8.uasset" 4462
"E:/Projects/EcoBots/Content/Blueprints/Widgets/InGame/BP_EcoBotWidget.uasset" 4463
"E:/Projects/EcoBots/Content/Blueprints/Widgets/InGame/BP_MainGameWidget.uasset" 4464
"E:/Projects/EcoBots/Content/Blueprints/Widgets/InGame/BP_PauseWidget.uasset" 4465
"E:/Projects/EcoBots/Content/Blueprints/Widgets/InGame/BP_QuestWidget.uasset" 4466
"E:/Projects/EcoBots/Content/Blueprints/Craftables/BP_CraftableAirPurifier.uasset" 4467
"E:/Projects/EcoBots/Content/Blueprints/Managers/BP_WorldCatastrophesManager.uasset" 4468
"E:/Projects/EcoBots/Content/Blueprints/Managers/BP_VillageSavingsManager.uasset" 4469
"E:/Projects/EcoBots/Content/Blueprints/LevelPieces/DesertBiome/Terrains/BP_DesertTerrain3.uasset" 4470
"E:/Projects/EcoBots/Content/Blueprints/LevelPieces/FrostBiome/Terrains/BP_FrostTerrain3.uasset" 4471
"E:/Projects/EcoBots/Content/Blueprints/LevelPieces/TropicalBiome/Terrains/BP_TropicalTerrain3.uasset" 4472
"E:/Projects/EcoBots/Content/Blueprints/Interactables/BP_Water.uasset" 4473
"E:/Projects/EcoBots/Content/Assets/media/wavs/PlaceCraftable.uasset" 4474
"E:/Projects/EcoBots/Content/Blueprints/Craftables/CraftRecipes/BP_AirPurifierRecipe.uasset" 4475
"E:/Projects/EcoBots/Content/Blueprints/Craftables/CraftPreviews/BP_PreviewAirPurifier.uasset" 4476
"C:/Users/emanu/AppData/Local/UnrealEngine/Common/DerivedDataCache/Buckets/BulkDataList/22/a9/16c1d34125799117d2c0fccbd47614eeadc8.udd" 4477
"E:/Projects/EcoBots/Content/Blueprints/LevelPieces/DesertBiome/BP_DesertPiece4.uasset" 4478
"E:/Projects/EcoBots/Content/Blueprints/Characters/Controllers/BP_EcoBotController.uasset" 4479
"E:/Projects/EcoBots/Content/Blueprints/LevelPieces/FrostBiome/BP_SnowPiece4.uasset" 4480
"E:/Projects/EcoBots/Content/Blueprints/LevelPieces/TropicalBiome/BP_TropicalPiece4.uasset" 4481
"E:/Projects/EcoBots/Content/Blueprints/Gamemodes/BP_EcoBotGamemode.uasset" 4482
"E:/Projects/EcoBots/Content/Blueprints/Managers/BP_VillageGeneratorManager.uasset" 4483
"E:/Projects/EcoBots/Content/Levels/InGame/EcoBotGame.umap" 4484
"E:/Projects/EcoBots/Content/Levels/InGame/EcoBotGen.umap" 4485
"E:/Projects/EcoBots/Content/Blueprints/Widgets/Menu/BP_MainMenuWidget.uasset" 4486
"E:/Projects/EcoBots/Content/Blueprints/Widgets/Menu/BP_HowToWidget.uasset" 4487
"E:/Projects/EcoBots/Content/Blueprints/Widgets/Menu/BP_SelectSlotMenu.uasset" 4488
"E:/Projects/EcoBots/Content/Blueprints/Widgets/Menu/BP_OptionsMenuWidget.uasset" 4489
"E:/Projects/EcoBots/Content/Blueprints/Widgets/Menu/BP_NewGameWidget.uasset" 4490
"E:/Projects/EcoBots/Content/Blueprints/Widgets/Menu/BP_ControlsMenuWidget.uasset" 4491
"C:/Users/emanu/AppData/Local/UnrealEngine/Common/DerivedDataCache/Buckets/BulkDataList/f9/2a/4b4bd2b60232ab9afdacb16e28b7c05e5411.udd" 4492
"C:/Users/emanu/AppData/Local/UnrealEngine/Common/DerivedDataCache/Buckets/BulkDataList/f7/65/f6f58daa922f064cd73a5d935f8918c8b8a0.udd" 4493
"C:/Users/emanu/AppData/Local/UnrealEngine/Common/DerivedDataCache/Buckets/LegacyAudio/01/da/b1a1c165f5b198101756cec64c7b4daaef3d.udd" 4494
"C:/Users/emanu/AppData/Local/UnrealEngine/Common/DerivedDataCache/Buckets/LegacyAudio/dd/43/5dce64ff8c1ac6f06a76632035e3184d228e.udd" 4495
"C:/Users/emanu/AppData/Local/UnrealEngine/Common/DerivedDataCache/Buckets/LegacyAudio/64/09/e342da9923d33267289e798879710c0b5969.udd" 4496
"C:/Users/emanu/AppData/Local/UnrealEngine/Common/DerivedDataCache/Content/2e/c1/573fb0113adf028e59664dd1eb3f8252f09e.udd" 4497
"C:/Users/emanu/AppData/Local/UnrealEngine/Common/DerivedDataCache/Buckets/LegacyAudio/61/d8/3c841443299dd19b566215b7d9d1210d0b1f.udd" 4498
"C:/Users/emanu/AppData/Local/UnrealEngine/Common/DerivedDataCache/Content/76/9f/e9c536b827b6d7918d15f89860d587220f2d.udd" 4499
"C:/Users/emanu/AppData/Local/UnrealEngine/Common/DerivedDataCache/Buckets/LegacyAudio/d2/1c/34d9c1eeb4717d53214298e449dd8fd5f3d5.udd" 4500
"C:/Users/emanu/AppData/Local/UnrealEngine/Common/DerivedDataCache/Content/43/73/120265002e50d5f2e0f084ad973bceec4060.udd" 4501
"C:/Users/emanu/AppData/Local/UnrealEngine/Common/DerivedDataCache/Buckets/LegacyAudio/25/fb/9345d13dd5819ccfb01b198da90eabe1cd0c.udd" 4502
"C:/Users/emanu/AppData/Local/UnrealEngine/Common/DerivedDataCache/Content/9e/fd/a512ddc66da4c5768c59f81a27e29012365e.udd" 4503
"C:/Users/emanu/AppData/Local/UnrealEngine/Common/DerivedDataCache/Buckets/LegacyAudio/dc/f1/240e5c4767874b37fdea8fc4a51548fdd9fd.udd" 4504
"C:/Users/emanu/AppData/Local/UnrealEngine/Common/DerivedDataCache/Content/93/ff/7202530473e6d64bec899c3c065b377be133.udd" 4505
"C:/Users/emanu/AppData/Local/UnrealEngine/Common/DerivedDataCache/Buckets/LegacyAudio/45/5f/ec5ea59093550a575c6f6f95d203daf04e1e.udd" 4506
"C:/Users/emanu/AppData/Local/UnrealEngine/Common/DerivedDataCache/Content/ac/6b/1d45f299c43182090ea3f23fd98c6d923bd9.udd" 4507
"C:/Users/emanu/AppData/Local/UnrealEngine/Common/DerivedDataCache/Buckets/LegacyAudio/97/26/cd8f6e8cd6cac350054053bf252e85b96bcf.udd" 4508
"C:/Users/emanu/AppData/Local/UnrealEngine/Common/DerivedDataCache/Content/12/a8/c6c7914018c804261b5dcb4e06d60ab141d8.udd" 4509
"C:/Users/emanu/AppData/Local/UnrealEngine/Common/DerivedDataCache/Buckets/LegacyAudio/5f/06/c9e9171774a92ab15907db5dfd29593b4d56.udd" 4510
"C:/Users/emanu/AppData/Local/UnrealEngine/Common/DerivedDataCache/Content/e8/ad/492099d27576a850a636d62153460f871aea.udd" 4511
"C:/Users/emanu/AppData/Local/UnrealEngine/Common/DerivedDataCache/Buckets/LegacyAudio/cb/d4/37ac340048532110e285f9b51be455e6837b.udd" 4512
"C:/Users/emanu/AppData/Local/UnrealEngine/Common/DerivedDataCache/Content/4b/02/0628bbbdf32a608a6ddffe3ac81d4cc6948d.udd" 4513
"C:/Users/emanu/AppData/Local/UnrealEngine/Common/DerivedDataCache/Buckets/LegacyAudio/be/ea/57de7872b08698e606d1eb5618f83cc56fd0.udd" 4514
"C:/Users/emanu/AppData/Local/UnrealEngine/Common/DerivedDataCache/Buckets/LegacyAudio/85/cf/f410d56278d0bf326be525f539df9f18d47e.udd" 4515
"C:/Users/emanu/AppData/Local/UnrealEngine/Common/DerivedDataCache/Content/ee/35/3aff1a32466f520f9a939dea7a5d424cbdff.udd" 4516
"C:/Users/emanu/AppData/Local/UnrealEngine/Common/DerivedDataCache/Content/cf/78/65f664ce46754260406bf5a32107550432fc.udd" 4517
"C:/Users/emanu/AppData/Local/UnrealEngine/Common/DerivedDataCache/Buckets/LegacyAudio/b1/97/abdcbef4c85f9496c669ae5e22569fa802f0.udd" 4518
"C:/Users/emanu/AppData/Local/UnrealEngine/Common/DerivedDataCache/Buckets/LegacyAudio/77/0d/1e0d2d2b1205e557976d551b06da7fa26bfe.udd" 4519
"C:/Users/emanu/AppData/Local/UnrealEngine/Common/DerivedDataCache/Buckets/LegacyAudio/7a/5a/70817eb66f00458843a7d78963c613abf17c.udd" 4520
"C:/Users/emanu/AppData/Local/UnrealEngine/Common/DerivedDataCache/Buckets/LegacyAudio/20/2e/7ccb372036ce1ffd8147d62b8d6f32513bae.udd" 4521
"C:/Users/emanu/AppData/Local/UnrealEngine/Common/DerivedDataCache/Buckets/LegacyAudio/e1/68/2747a7ff3188ebac87c0f1936ab389131bf6.udd" 4522
"C:/Users/emanu/AppData/Local/UnrealEngine/Common/DerivedDataCache/Buckets/LegacyAudio/6d/ad/b23b0ecb021e03209d99d28823876fb5460e.udd" 4523
"C:/Users/emanu/AppData/Local/UnrealEngine/Common/DerivedDataCache/Content/a3/24/651cb0025a169f06d7bfe1186e9f2383fb93.udd" 4524
"C:/Users/emanu/AppData/Local/UnrealEngine/Common/DerivedDataCache/Buckets/LegacyAudio/9a/37/aeeeccd3f62e2ba6793d1b73309efa276cad.udd" 4525
"C:/Users/emanu/AppData/Local/UnrealEngine/Common/DerivedDataCache/Buckets/LegacyAudio/2b/ff/44f66769822b43bbfee0d8f5b2f5f501ae20.udd" 4526
"C:/Users/emanu/AppData/Local/UnrealEngine/Common/DerivedDataCache/Buckets/LegacyAudio/d9/fa/9bfe0d76255435ebb5b1a4c623918cafc06a.udd" 4527
"C:/Users/emanu/AppData/Local/UnrealEngine/Common/DerivedDataCache/Buckets/LegacyAudio/a1/9f/75e9905255653c618f3a8fde005643ba64cf.udd" 4528
"C:/Users/emanu/AppData/Local/UnrealEngine/Common/DerivedDataCache/Buckets/LegacyAudio/b7/ac/7d246179123e2d262023e470a940e34d6f1d.udd" 4529
"C:/Users/emanu/AppData/Local/UnrealEngine/Common/DerivedDataCache/Buckets/LegacyAudio/67/af/aa09603a343a9570af30ee13495f3fc63577.udd" 4530
"C:/Users/emanu/AppData/Local/UnrealEngine/Common/DerivedDataCache/Buckets/LegacyAudio/52/eb/7306894a740a902d5b3c13dae439e2f51cea.udd" 4531
"C:/Users/emanu/AppData/Local/UnrealEngine/Common/DerivedDataCache/Content/6b/3d/5d97270522f133096c72f92cd91a9c90a835.udd" 4532
"C:/Users/emanu/AppData/Local/UnrealEngine/Common/DerivedDataCache/Buckets/LegacyAudio/af/36/0b202e9dc60451349422c1e9724c1827dfcb.udd" 4533
"C:/Users/emanu/AppData/Local/UnrealEngine/Common/DerivedDataCache/Buckets/LegacyAudio/5f/73/84f5c5a190bddb3b92e75bef247e1a5d7800.udd" 4534
"C:/Users/emanu/AppData/Local/UnrealEngine/Common/DerivedDataCache/Buckets/LegacyTEXTURE/49/30/d84f69abb4658ded9a76443d580b69a75a96.udd" 4535
"C:/Users/emanu/AppData/Local/UnrealEngine/Common/DerivedDataCache/Buckets/LegacyTEXTURE/f7/b0/0512d2e3d693ad19ff1938714f59bf7fd292.udd" 4536
"C:/Users/emanu/AppData/Local/UnrealEngine/Common/DerivedDataCache/Buckets/LegacyTEXTURE/3c/bf/272b0a790e5017dc8cb507be7622d8be5e6c.udd" 4537
"C:/Users/emanu/AppData/Local/UnrealEngine/Common/DerivedDataCache/Buckets/LegacyTEXTURE/48/34/4fbe4691ff734e166de7f1c1d19b3f07d419.udd" 4538
"C:/Users/emanu/AppData/Local/UnrealEngine/Common/DerivedDataCache/Buckets/StaticMesh/f7/35/1184ef85f699b60dbcfa17209830fffb31a8.udd" 4539
"C:/Users/emanu/AppData/Local/UnrealEngine/Common/DerivedDataCache/Buckets/LegacyDIST/1f/74/d328ea8f1cd2f14cad1afb4eb3f9203beaee.udd" 4540
"C:/Users/emanu/AppData/Local/UnrealEngine/Common/DerivedDataCache/Buckets/AnimationSequence/aa/da/dc12bc607746a05820ef6ffe1646b363eeb0.udd" 4541
"C:/Users/emanu/AppData/Local/UnrealEngine/Common/DerivedDataCache/Buckets/LegacyCARD/ef/90/97cf8a43fd807da8cb8b7d9526d000eb58bc.udd" 4542
"C:/Users/emanu/AppData/Local/UnrealEngine/Common/DerivedDataCache/Buckets/LegacyChaosGeometryData/86/6d/8912c07eff5e09fe749ea8ef0f936d81d686.udd" 4543
"C:/Users/emanu/AppData/Local/UnrealEngine/Common/DerivedDataCache/Buckets/AnimationSequence/2a/2b/748a9bc9f8ad8fce8430f1ca2491ae514add.udd" 4544
"C:/Users/emanu/AppData/Local/UnrealEngine/Common/DerivedDataCache/Buckets/AnimationSequence/b6/28/7dc3204d4a9169048555955adf12496e4c5f.udd" 4545
"C:/Users/emanu/AppData/Local/UnrealEngine/Common/DerivedDataCache/Buckets/AnimationSequence/07/1c/a70b79d9d1af80876eb82d650346305115ff.udd" 4546
"C:/Users/emanu/AppData/Local/UnrealEngine/Common/DerivedDataCache/Buckets/StaticMesh/50/a4/a7d66ce4f95dcca5717a1052c7adb1b45cee.udd" 4547
"C:/Users/emanu/AppData/Local/UnrealEngine/Common/DerivedDataCache/Buckets/AnimationSequence/65/67/2b905f1529bce1b3a786c6c535364cad513c.udd" 4548
"C:/Users/emanu/AppData/Local/UnrealEngine/Common/DerivedDataCache/Buckets/LegacyDIST/09/c1/8876ca2c0dc6d28f9d5de09ec3bc50b3d05a.udd" 4549
"C:/Users/emanu/AppData/Local/UnrealEngine/Common/DerivedDataCache/Buckets/StaticMesh/59/85/6d5e500abb13b48a1b7f52b314d641dcdf98.udd" 4550
"C:/Users/emanu/AppData/Local/UnrealEngine/Common/DerivedDataCache/Buckets/LegacyDIST/a2/78/1763f6b6458e396afa25a57ece14ed48f6ae.udd" 4551
"C:/Users/emanu/AppData/Local/UnrealEngine/Common/DerivedDataCache/Buckets/LegacyCARD/74/e9/a4dbb3574d4eb0e65ff476e532cba642f1b6.udd" 4552
"C:/Users/emanu/AppData/Local/UnrealEngine/Common/DerivedDataCache/Buckets/LegacyCARD/a7/77/81dd6da4e9719cbc9b291fcaef0ce786b9a7.udd" 4553
"C:/Users/emanu/AppData/Local/UnrealEngine/Common/DerivedDataCache/Buckets/LegacyNavCollision/61/96/7c2ecfe86cd3a26b99f30ff6b4e33342ddaa.udd" 4554
"C:/Users/emanu/AppData/Local/UnrealEngine/Common/DerivedDataCache/Buckets/StaticMesh/4f/23/9ece06ef55440799642761897e8625faeea4.udd" 4555
"C:/Users/emanu/AppData/Local/UnrealEngine/Common/DerivedDataCache/Buckets/StaticMesh/17/82/98c6fbc7a1658d432af832d498bdfa190dd9.udd" 4556
"C:/Users/emanu/AppData/Local/UnrealEngine/Common/DerivedDataCache/Buckets/LegacyDIST/00/11/9a564f1ab041db4028f435c124372c406f9d.udd" 4557
"C:/Users/emanu/AppData/Local/UnrealEngine/Common/DerivedDataCache/Buckets/LegacyCARD/2e/bd/23a109afbd5340f813703d51df6aeba21710.udd" 4558
"C:/Users/emanu/AppData/Local/UnrealEngine/Common/DerivedDataCache/Buckets/LegacyDIST/0c/45/b389d0dcb70b87007c25613dba0fba62eb43.udd" 4559
"C:/Users/emanu/AppData/Local/UnrealEngine/Common/DerivedDataCache/Buckets/LegacyNavCollision/48/a7/eabda881d642d62c27fb64dbddf114a31df0.udd" 4560
"C:/Users/emanu/AppData/Local/UnrealEngine/Common/DerivedDataCache/Buckets/LegacyCARD/3c/6b/652dae07e5cde6f5742c8e08402a919e06dd.udd" 4561
"C:/Users/emanu/AppData/Local/UnrealEngine/Common/DerivedDataCache/Buckets/StaticMesh/e1/8b/dd619574a5633f5c11875c3c5943b37aa819.udd" 4562
"C:/Users/emanu/AppData/Local/UnrealEngine/Common/DerivedDataCache/Buckets/LegacyChaosGeometryData/87/0a/669e5d76c5666c95e57fc870f2c407bb255b.udd" 4563
"C:/Users/emanu/AppData/Local/UnrealEngine/Common/DerivedDataCache/Buckets/LegacyDIST/e1/bb/da0a5e17aaaba2398a468b8cb12dd1397979.udd" 4564
"C:/Users/emanu/AppData/Local/UnrealEngine/Common/DerivedDataCache/Buckets/LegacyCARD/4a/89/cd2f6700ed8e7122e597a1121082323b6fc7.udd" 4565
"C:/Users/emanu/AppData/Local/UnrealEngine/Common/DerivedDataCache/Buckets/StaticMesh/6a/d4/38510c04393ed688a7eac3551956f01956cf.udd" 4566
"C:/Users/emanu/AppData/Local/UnrealEngine/Common/DerivedDataCache/Buckets/StaticMesh/e0/be/70000a2feeb4af2ef7b96a5e2e30d8910b12.udd" 4567
"C:/Users/emanu/AppData/Local/UnrealEngine/Common/DerivedDataCache/Buckets/LegacyDIST/2e/82/e9b92992ab745cd9ef3a38c4c007cc612c26.udd" 4568
"C:/Users/emanu/AppData/Local/UnrealEngine/Common/DerivedDataCache/Buckets/LegacyCARD/a0/60/644345eea347c187e3c0068f30593abf54bd.udd" 4569
"C:/Users/emanu/AppData/Local/UnrealEngine/Common/DerivedDataCache/Buckets/LegacyNavCollision/46/31/4920f35ddb881c53b3d3b25e3e7a59b77a5d.udd" 4570
"C:/Users/emanu/AppData/Local/UnrealEngine/Common/DerivedDataCache/Buckets/LegacyDIST/a0/79/e2a1d031ca39894c8999e8d96229e42cacd5.udd" 4571
"C:/Users/emanu/AppData/Local/UnrealEngine/Common/DerivedDataCache/Buckets/StaticMesh/ce/89/5b4d4d66b262b09dfd2917673ce159275876.udd" 4572
"C:/Users/emanu/AppData/Local/UnrealEngine/Common/DerivedDataCache/Buckets/LegacyCARD/b2/98/f74c00edc84470ee39a46d08562c566967b0.udd" 4573
"C:/Users/emanu/AppData/Local/UnrealEngine/Common/DerivedDataCache/Buckets/LegacyNavCollision/38/5a/07e66afdba09a31d4c03d1395079ba88ae95.udd" 4574
"C:/Users/emanu/AppData/Local/UnrealEngine/Common/DerivedDataCache/Buckets/LegacyDIST/90/2e/f93a8540f9d4fed90336f9d3ac6162c4aff8.udd" 4575
"C:/Users/emanu/AppData/Local/UnrealEngine/Common/DerivedDataCache/Buckets/LegacyCARD/50/6d/030c7ccaba4d6c2b40d50b6db5833742f1fd.udd" 4576
"C:/Users/emanu/AppData/Local/UnrealEngine/Common/DerivedDataCache/Buckets/StaticMesh/c9/53/978ca2cfd3e29c382823b75800bc012cc36f.udd" 4577
"C:/Users/emanu/AppData/Local/UnrealEngine/Common/DerivedDataCache/Buckets/LegacyDIST/d5/06/ca7a98d12fd75452fd4cc6a4b1915d2e1518.udd" 4578
"C:/Users/emanu/AppData/Local/UnrealEngine/Common/DerivedDataCache/Buckets/LegacyCARD/5f/51/453f50c02395849dd368684256d4a464fdf5.udd" 4579
"C:/Users/emanu/AppData/Local/UnrealEngine/Common/DerivedDataCache/Buckets/AnimationSequence/ed/75/8335107e0a79f9c3c254a9caa9059ae493f3.udd" 4580
"C:/Users/emanu/AppData/Local/UnrealEngine/Common/DerivedDataCache/Buckets/LegacyNavCollision/d3/2f/d7699283e939b94eca0b0265382f2f89d591.udd" 4581
"C:/Users/emanu/AppData/Local/UnrealEngine/Common/DerivedDataCache/Buckets/AnimationSequence/4c/5e/00efe681e92903aadecb518438d74f3bdc03.udd" 4582
"C:/Users/emanu/AppData/Local/UnrealEngine/Common/DerivedDataCache/Buckets/AnimationSequence/cc/8c/58daab9d140a8c17ee5c8c1c31c7d199920d.udd" 4583
"C:/Users/emanu/AppData/Local/UnrealEngine/Common/DerivedDataCache/Buckets/StaticMesh/9c/e1/21cbf5df933ad868b07f5282fd06d955874c.udd" 4584
"C:/Users/emanu/AppData/Local/UnrealEngine/Common/DerivedDataCache/Buckets/LegacyDIST/7a/6a/dc693179d7e33dc7d12d98b09ad303458824.udd" 4585
"C:/Users/emanu/AppData/Local/UnrealEngine/Common/DerivedDataCache/Buckets/LegacyCARD/fd/f3/baf2d9a92ab70045be1c1a2db327e44293f7.udd" 4586
"C:/Users/emanu/AppData/Local/UnrealEngine/Common/DerivedDataCache/Buckets/StaticMesh/70/02/4b1584e75086565c081d00529d4f15c4208f.udd" 4587
"C:/Users/emanu/AppData/Local/UnrealEngine/Common/DerivedDataCache/Buckets/LegacyDIST/60/76/7a12d784e0148b4bdc3b1035ff1029e727da.udd" 4588
"C:/Users/emanu/AppData/Local/UnrealEngine/Common/DerivedDataCache/Buckets/LegacyCARD/d0/54/83d74a8c6eb1142f479b3c38fb2e67b096e7.udd" 4589
"C:/Users/emanu/AppData/Local/UnrealEngine/Common/DerivedDataCache/Buckets/StaticMesh/58/78/88b617a11696534c49b459da139db4811b49.udd" 4590
"C:/Users/emanu/AppData/Local/UnrealEngine/Common/DerivedDataCache/Buckets/LegacyDIST/f4/56/b047729a677c1935904616b133176c8b1387.udd" 4591
"C:/Users/emanu/AppData/Local/UnrealEngine/Common/DerivedDataCache/Buckets/LegacyCARD/8e/22/4663de8c387c85fd1c7c506418e82ea83a99.udd" 4592
"C:/Users/emanu/AppData/Local/UnrealEngine/Common/DerivedDataCache/Buckets/StaticMesh/b7/c9/afce187bec3fa7909c417766fcd825de8c83.udd" 4593
"C:/Users/emanu/AppData/Local/UnrealEngine/Common/DerivedDataCache/Buckets/LegacyDIST/d9/be/ce165e3cce9018ff9c519aba3b084e285102.udd" 4594
"C:/Users/emanu/AppData/Local/UnrealEngine/Common/DerivedDataCache/Buckets/LegacyTEXTURE/c6/97/39f2ff8b25122b0b1ac2a7fadd7255e3fd82.udd" 4595
"C:/Users/emanu/AppData/Local/UnrealEngine/Common/DerivedDataCache/Buckets/LegacyCARD/97/8b/2124ae48c48a544b28ffb578863fb14b4c75.udd" 4596
"C:/Users/emanu/AppData/Local/UnrealEngine/Common/DerivedDataCache/Buckets/LegacyTEXTURE/bd/4d/6ce17cfad89a6402b49197c1854d5b9a0df8.udd" 4597
"C:/Users/emanu/AppData/Local/UnrealEngine/Common/DerivedDataCache/Buckets/StaticMesh/43/c8/d6d8d7d1da847e2b038aa198c0463fb401e7.udd" 4598
"C:/Users/emanu/AppData/Local/UnrealEngine/Common/DerivedDataCache/Buckets/StaticMesh/21/95/46c7140731b316964d6ad0010bf335dbae6f.udd" 4599
"C:/Users/emanu/AppData/Local/UnrealEngine/Common/DerivedDataCache/Buckets/LegacyDIST/02/e5/5cfe55029c05492476adbd0619eb16023d15.udd" 4600
"C:/Users/emanu/AppData/Local/UnrealEngine/Common/DerivedDataCache/Buckets/LegacyDIST/f9/3d/5d27585132d6f1f6ec7cf8e976d58877f206.udd" 4601
"C:/Users/emanu/AppData/Local/UnrealEngine/Common/DerivedDataCache/Buckets/LegacyCARD/3c/b8/30dd49e4621fe152325c2a59502b7bcb9bf6.udd" 4602
"C:/Users/emanu/AppData/Local/UnrealEngine/Common/DerivedDataCache/Buckets/LegacyCARD/ae/ec/bab4a15e822341e578ac6b40a940cb697b02.udd" 4603
"C:/Users/emanu/AppData/Local/UnrealEngine/Common/DerivedDataCache/Buckets/StaticMesh/16/48/4995d9543fe03cc31a8216b3dc4192e61cdd.udd" 4604
"C:/Users/emanu/AppData/Local/UnrealEngine/Common/DerivedDataCache/Buckets/StaticMesh/b2/08/b9a9f8bb28f520d14125116ada570a251a23.udd" 4605
"C:/Users/emanu/AppData/Local/UnrealEngine/Common/DerivedDataCache/Buckets/LegacyDIST/15/2b/5413f3c977e90b652063c1be576e11daacce.udd" 4606
"C:/Users/emanu/AppData/Local/UnrealEngine/Common/DerivedDataCache/Buckets/LegacyCARD/bf/71/4f57c94b3125fbffd6ba8df333150e00a65f.udd" 4607
"C:/Users/emanu/AppData/Local/UnrealEngine/Common/DerivedDataCache/Buckets/LegacyDIST/02/8b/40f98c7f0f76a962bca2aad6dc15a01ed53c.udd" 4608
"C:/Users/emanu/AppData/Local/UnrealEngine/Common/DerivedDataCache/Buckets/LegacyTEXTURE/79/f2/27bc8d18f08ef69c09672412be174061378a.udd" 4609
"C:/Users/emanu/AppData/Local/UnrealEngine/Common/DerivedDataCache/Buckets/LegacyCARD/35/83/1419dab73697f4437da939a9f6f92645eb6f.udd" 4610
"C:/Users/emanu/AppData/Local/UnrealEngine/Common/DerivedDataCache/Buckets/LegacyTEXTURE/e5/7a/cb75bb3a3c86f611cd94797d8b091084a581.udd" 4611
"C:/Users/emanu/AppData/Local/UnrealEngine/Common/DerivedDataCache/Buckets/StaticMesh/9a/f1/635357f1745e444f7fe393da3bc863d5eacf.udd" 4612
"C:/Users/emanu/AppData/Local/UnrealEngine/Common/DerivedDataCache/Buckets/LegacyDIST/f4/24/c62ee15c7f015c4f5438379157e2b8c75410.udd" 4613
"C:/Users/emanu/AppData/Local/UnrealEngine/Common/DerivedDataCache/Buckets/LegacyCARD/08/69/aa60345d7ba9f31b661683e6b6f122f0961b.udd" 4614
"C:/Users/emanu/AppData/Local/UnrealEngine/Common/DerivedDataCache/Buckets/StaticMesh/fe/2e/0182cfd5f7c79c2623e70f178e606c95c57f.udd" 4615
"C:/Users/emanu/AppData/Local/UnrealEngine/Common/DerivedDataCache/Buckets/StaticMesh/f3/fd/89529a546da6fa1b0c3ff799626703b31e06.udd" 4616
"C:/Users/emanu/AppData/Local/UnrealEngine/Common/DerivedDataCache/Buckets/LegacyDIST/0a/11/8ff0d23373a6e45616ac654077721d9d4a3f.udd" 4617
"C:/Users/emanu/AppData/Local/UnrealEngine/Common/DerivedDataCache/Buckets/LegacyDIST/f8/c5/8b143632bc8b2cbe417e89b4e03e6ff76d35.udd" 4618
"C:/Users/emanu/AppData/Local/UnrealEngine/Common/DerivedDataCache/Buckets/LegacyCARD/f2/d6/71e3d7361dea3a192fde893ad539829ae164.udd" 4619
"C:/Users/emanu/AppData/Local/UnrealEngine/Common/DerivedDataCache/Buckets/LegacyCARD/c4/26/91cb4a70950a98f03f07324e4fbc6efc870a.udd" 4620
"C:/Users/emanu/AppData/Local/UnrealEngine/Common/DerivedDataCache/Buckets/StaticMesh/92/7b/bb0c0335ddb0c936b06e19aaa6404d126d2f.udd" 4621
"C:/Users/emanu/AppData/Local/UnrealEngine/Common/DerivedDataCache/Buckets/StaticMesh/7b/b3/9fc87668fd5e8c3f6e57b47c37b93d97b480.udd" 4622
"C:/Users/emanu/AppData/Local/UnrealEngine/Common/DerivedDataCache/Buckets/LegacyDIST/dd/2a/693a04e9aae3534bdf7ab5d91f42079a56fe.udd" 4623
"C:/Users/emanu/AppData/Local/UnrealEngine/Common/DerivedDataCache/Buckets/LegacyDIST/0b/60/5687d2266190646cbef9f38115de6f708273.udd" 4624
"C:/Users/emanu/AppData/Local/UnrealEngine/Common/DerivedDataCache/Buckets/LegacyCARD/0e/20/8047f484171d7780b19f426a1e8da3be98f9.udd" 4625
"C:/Users/emanu/AppData/Local/UnrealEngine/Common/DerivedDataCache/Buckets/LegacyCARD/1d/15/74bbec12f6df9830de11c59f80841faafe5e.udd" 4626
"C:/Users/emanu/AppData/Local/UnrealEngine/Common/DerivedDataCache/Buckets/StaticMesh/7d/7e/ff3ed137fb2c723d55099b895644a361f0f6.udd" 4627
"C:/Users/emanu/AppData/Local/UnrealEngine/Common/DerivedDataCache/Buckets/StaticMesh/cf/3e/8e7e5a442218211cdd742e5a898a10e6dfc0.udd" 4628
"C:/Users/emanu/AppData/Local/UnrealEngine/Common/DerivedDataCache/Buckets/LegacyDIST/61/30/3cc2d58f92516c9a32c6eb17b33f6e3c5022.udd" 4629
"C:/Users/emanu/AppData/Local/UnrealEngine/Common/DerivedDataCache/Buckets/LegacyCARD/11/88/04952321cc93c6f8f4ef52a67810a0644866.udd" 4630
"C:/Users/emanu/AppData/Local/UnrealEngine/Common/DerivedDataCache/Buckets/LegacyDIST/64/5b/fe2eb7d665e773cc1830db06c7f9687dcbfd.udd" 4631
"C:/Users/emanu/AppData/Local/UnrealEngine/Common/DerivedDataCache/Buckets/LegacyCARD/87/97/ed895af3a5b10c4847040ea1d0efe138669a.udd" 4632
"C:/Users/emanu/AppData/Local/UnrealEngine/Common/DerivedDataCache/Buckets/StaticMesh/77/91/6fd8f1378f63bd8ef87387b34ae04ea4db18.udd" 4633
"C:/Users/emanu/AppData/Local/UnrealEngine/Common/DerivedDataCache/Buckets/LegacyDIST/06/d1/42633425155c128a5335fbee161435471c4e.udd" 4634
"C:/Users/emanu/AppData/Local/UnrealEngine/Common/DerivedDataCache/Buckets/StaticMesh/4c/aa/12b35764df6b2cab9d7a1199a4e0e992a696.udd" 4635
"C:/Users/emanu/AppData/Local/UnrealEngine/Common/DerivedDataCache/Buckets/LegacyCARD/d6/0a/d502cff3b310682b4be9cd8d2f7aa12919a2.udd" 4636
"C:/Users/emanu/AppData/Local/UnrealEngine/Common/DerivedDataCache/Buckets/LegacyDIST/06/05/136f44dfd618343763e8473aff7977654799.udd" 4637
"C:/Users/emanu/AppData/Local/UnrealEngine/Common/DerivedDataCache/Buckets/LegacyCARD/b5/8a/76592a9e463377530e668bf57f06de38dbd6.udd" 4638
"C:/Users/emanu/AppData/Local/UnrealEngine/Common/DerivedDataCache/Buckets/StaticMesh/df/7a/d1ec516e7b41a4bd65ffdb5035ffeb9359c3.udd" 4639
"C:/Users/emanu/AppData/Local/UnrealEngine/Common/DerivedDataCache/Buckets/StaticMesh/1e/24/fcd94b11db3956273ca9ba864df771f1435b.udd" 4640
"C:/Users/emanu/AppData/Local/UnrealEngine/Common/DerivedDataCache/Buckets/LegacyDIST/3b/12/a1d0e411c80a70703c9c71d211eaca93ee60.udd" 4641
"C:/Users/emanu/AppData/Local/UnrealEngine/Common/DerivedDataCache/Buckets/LegacyCARD/9b/8b/c4888ed68248798507527ae70622229c6906.udd" 4642
"C:/Users/emanu/AppData/Local/UnrealEngine/Common/DerivedDataCache/Buckets/LegacyDIST/34/60/e8dcd5e64a330c841c4cbc651594eb954a43.udd" 4643
"C:/Users/emanu/AppData/Local/UnrealEngine/Common/DerivedDataCache/Buckets/LegacyCARD/3b/eb/47b6bfe82e657b09cb2e87d3decb1503ba9f.udd" 4644
"C:/Users/emanu/AppData/Local/UnrealEngine/Common/DerivedDataCache/Buckets/StaticMesh/6f/5f/b8324d90fcf11d2cc76ac154a74a08e97dc8.udd" 4645
"C:/Users/emanu/AppData/Local/UnrealEngine/Common/DerivedDataCache/Buckets/StaticMesh/77/cb/0ee4f7d3d652fb191a8b1cf196160d3af0ce.udd" 4646
"C:/Users/emanu/AppData/Local/UnrealEngine/Common/DerivedDataCache/Buckets/LegacyDIST/01/59/499ced1d9e74794bb8a987c9cfc7c3585a8f.udd" 4647
"C:/Users/emanu/AppData/Local/UnrealEngine/Common/DerivedDataCache/Buckets/LegacyDIST/98/26/5bcb432fa8f55c5abe4fb409e6577db7ca2f.udd" 4648
"C:/Users/emanu/AppData/Local/UnrealEngine/Common/DerivedDataCache/Buckets/LegacyCARD/cd/22/818547e7f5bf4f6aa86b687d0dd9fc7bb69f.udd" 4649
"C:/Users/emanu/AppData/Local/UnrealEngine/Common/DerivedDataCache/Buckets/LegacyCARD/1b/03/b996e9023b102f059a5e5ada00a67f2e7302.udd" 4650
"C:/Users/emanu/AppData/Local/UnrealEngine/Common/DerivedDataCache/Buckets/StaticMesh/7a/da/63b5182746345aad8086efde0853a2706184.udd" 4651
"C:/Users/emanu/AppData/Local/UnrealEngine/Common/DerivedDataCache/Buckets/StaticMesh/b7/bf/9e73f99840c098ba36b436986b18a512ae64.udd" 4652
"C:/Users/emanu/AppData/Local/UnrealEngine/Common/DerivedDataCache/Buckets/LegacyDIST/a4/26/1b15b1d1073dc9746e2692f4a0bd6279ecf4.udd" 4653
"C:/Users/emanu/AppData/Local/UnrealEngine/Common/DerivedDataCache/Buckets/LegacyDIST/58/15/2db7108155b8e75d1ac6acdff7d50637336d.udd" 4654
"C:/Users/emanu/AppData/Local/UnrealEngine/Common/DerivedDataCache/Buckets/LegacyCARD/7d/4c/7db657b04173405a18a76ba3f697669e74bb.udd" 4655
"C:/Users/emanu/AppData/Local/UnrealEngine/Common/DerivedDataCache/Buckets/LegacyCARD/ad/0a/e1473ff01f660e06c2a70901b5c5ec077405.udd" 4656
"C:/Users/emanu/AppData/Local/UnrealEngine/Common/DerivedDataCache/Buckets/StaticMesh/f0/4d/7524ac5dde67b224951bf4908e4aeffd09c6.udd" 4657
"C:/Users/emanu/AppData/Local/UnrealEngine/Common/DerivedDataCache/Buckets/StaticMesh/a2/27/292392d94bb3a7e63f4754f9bc2a4be5eb24.udd" 4658
"C:/Users/emanu/AppData/Local/UnrealEngine/Common/DerivedDataCache/Buckets/LegacyDIST/91/7a/c53c8189f6b8a01b45e0b2504dad4d797fcd.udd" 4659
"C:/Users/emanu/AppData/Local/UnrealEngine/Common/DerivedDataCache/Buckets/LegacyDIST/60/1b/388a45c3e4f58affb4d833a542f52c15fd7b.udd" 4660
"C:/Users/emanu/AppData/Local/UnrealEngine/Common/DerivedDataCache/Buckets/LegacyCARD/0f/dc/4ca7b87770f7d96eb47810dd0e9669e1cd78.udd" 4661
"C:/Users/emanu/AppData/Local/UnrealEngine/Common/DerivedDataCache/Buckets/LegacyCARD/b7/30/4455968efbcdb64f17d994329182771c800e.udd" 4662
"C:/Users/emanu/AppData/Local/UnrealEngine/Common/DerivedDataCache/Buckets/StaticMesh/1f/b8/0967b75f7f80d6c8e4a0e4131f117c9b8d8d.udd" 4663
"C:/Users/emanu/AppData/Local/UnrealEngine/Common/DerivedDataCache/Buckets/LegacyDIST/78/bb/d09b0761311a69e9e51d785755524d521a1b.udd" 4664
"C:/Users/emanu/AppData/Local/UnrealEngine/Common/DerivedDataCache/Buckets/StaticMesh/c3/1e/7959cb5013d0322eb5622b00af85d43fc9c9.udd" 4665
"C:/Users/emanu/AppData/Local/UnrealEngine/Common/DerivedDataCache/Buckets/LegacyCARD/24/05/bfc7a167d3f065f31475f7af2501791c863e.udd" 4666
"C:/Users/emanu/AppData/Local/UnrealEngine/Common/DerivedDataCache/Buckets/LegacyDIST/89/5c/b52c93b383e7bfb445d745017e4cd5bb9dfb.udd" 4667
"C:/Users/emanu/AppData/Local/UnrealEngine/Common/DerivedDataCache/Buckets/LegacyCARD/e0/59/44ef1db64af06b68854fa02232f89f9c9f28.udd" 4668
"C:/Users/emanu/AppData/Local/UnrealEngine/Common/DerivedDataCache/Buckets/StaticMesh/67/d0/1d805894c2f977870875c54c1bdaabdb4a80.udd" 4669
"C:/Users/emanu/AppData/Local/UnrealEngine/Common/DerivedDataCache/Buckets/LegacyDIST/89/de/8362f27f96c329873f2c4a12f8d21a8e61b2.udd" 4670
"C:/Users/emanu/AppData/Local/UnrealEngine/Common/DerivedDataCache/Buckets/LegacyCARD/3a/ec/c8d91650303fdb2e475f2efa9e45d4291e39.udd" 4671
"C:/Users/emanu/AppData/Local/UnrealEngine/Common/DerivedDataCache/Buckets/StaticMesh/bb/c7/f4475b1499fc94ec5d034270c235ed24116b.udd" 4672
"C:/Users/emanu/AppData/Local/UnrealEngine/Common/DerivedDataCache/Buckets/StaticMesh/8b/26/a0969bdb7fef121d213dc2f2a2996a68bdb5.udd" 4673
"C:/Users/emanu/AppData/Local/UnrealEngine/Common/DerivedDataCache/Buckets/LegacyDIST/37/11/23a047cf77cf7f797a50c73d0173dc82bd49.udd" 4674
"C:/Users/emanu/AppData/Local/UnrealEngine/Common/DerivedDataCache/Buckets/LegacyDIST/1e/95/d9b8008a08f029beb0fc1659b36ea1186491.udd" 4675
"C:/Users/emanu/AppData/Local/UnrealEngine/Common/DerivedDataCache/Buckets/LegacyCARD/cc/47/8b59e010cb4689c16364d60cea0434479743.udd" 4676
"C:/Users/emanu/AppData/Local/UnrealEngine/Common/DerivedDataCache/Buckets/LegacyCARD/7b/ed/21614da43535d0461d3a1234f7512b3f6743.udd" 4677
"C:/Users/emanu/AppData/Local/UnrealEngine/Common/DerivedDataCache/Buckets/StaticMesh/9f/65/ed5f2223034a95d913a3015069183471c1d0.udd" 4678
"C:/Users/emanu/AppData/Local/UnrealEngine/Common/DerivedDataCache/Buckets/StaticMesh/a4/77/777f5bbb1a20ee01d1b699d45800e165422d.udd" 4679
"C:/Users/emanu/AppData/Local/UnrealEngine/Common/DerivedDataCache/Buckets/LegacyDIST/c0/b9/7f394e41cbd15f22f4bd9519985da51d71f4.udd" 4680
"C:/Users/emanu/AppData/Local/UnrealEngine/Common/DerivedDataCache/Buckets/LegacyDIST/05/ab/e1493e22d5fbfdf3310ad29f37a8fdbb0d28.udd" 4681
"C:/Users/emanu/AppData/Local/UnrealEngine/Common/DerivedDataCache/Buckets/LegacyCARD/ab/48/9776efa24e9e1ea3d281f79d61960cf187a1.udd" 4682
"C:/Users/emanu/AppData/Local/UnrealEngine/Common/DerivedDataCache/Buckets/LegacyCARD/7e/f5/965445ad4ccd74ebdeb850d6ebed8d3a7c24.udd" 4683
"C:/Users/emanu/AppData/Local/UnrealEngine/Common/DerivedDataCache/Buckets/StaticMesh/97/80/b65847574b7ae1e7d900d005b7915d3e1d1d.udd" 4684
"C:/Users/emanu/AppData/Local/UnrealEngine/Common/DerivedDataCache/Buckets/StaticMesh/24/b2/26d127b5a070f364886ab1a2285f95e4054d.udd" 4685
"C:/Users/emanu/AppData/Local/UnrealEngine/Common/DerivedDataCache/Buckets/LegacyDIST/6f/8b/deb43f50c7ba1bd4fc7e4f37f24b482e3ccc.udd" 4686
"C:/Users/emanu/AppData/Local/UnrealEngine/Common/DerivedDataCache/Buckets/LegacyDIST/88/f4/5f4e92341b3ec43fdae826d295c2bcf160a8.udd" 4687
"C:/Users/emanu/AppData/Local/UnrealEngine/Common/DerivedDataCache/Buckets/LegacyCARD/ed/c4/1b79264c07b741d9db45d6232d669cd0a7ee.udd" 4688
"C:/Users/emanu/AppData/Local/UnrealEngine/Common/DerivedDataCache/Buckets/LegacyCARD/f1/21/c340e36cab0c659e56a74d3f336a4bc015e1.udd" 4689
"C:/Users/emanu/AppData/Local/UnrealEngine/Common/DerivedDataCache/Buckets/StaticMesh/ce/41/a66bcdb50c82d9c01efdca381b18d19a046a.udd" 4690
"C:/Users/emanu/AppData/Local/UnrealEngine/Common/DerivedDataCache/Buckets/StaticMesh/e5/5e/29ab58f138bf57250a3e4ea0cb17cf797499.udd" 4691
"C:/Users/emanu/AppData/Local/UnrealEngine/Common/DerivedDataCache/Buckets/LegacyDIST/4b/a0/4902fbd05f89ac1a62c8a0f0597da8006f80.udd" 4692
"C:/Users/emanu/AppData/Local/UnrealEngine/Common/DerivedDataCache/Buckets/LegacyDIST/97/10/dea931772cebaaeb62ee576601803e5af5bc.udd" 4693
"C:/Users/emanu/AppData/Local/UnrealEngine/Common/DerivedDataCache/Buckets/LegacyCARD/b7/87/361f33fe5aa09f88201ac8415a235a5575f8.udd" 4694
"C:/Users/emanu/AppData/Local/UnrealEngine/Common/DerivedDataCache/Buckets/LegacyCARD/e9/25/c8e5c522074706c6a9af84069f86d3a1ce11.udd" 4695
"C:/Users/emanu/AppData/Local/UnrealEngine/Common/DerivedDataCache/Buckets/StaticMesh/8c/7a/6ca7d7e0d459f731f68cfc37f2afea73ea4a.udd" 4696
"C:/Users/emanu/AppData/Local/UnrealEngine/Common/DerivedDataCache/Buckets/LegacyDIST/30/98/0769aff391522d3863528c509191a34906b7.udd" 4697
"C:/Users/emanu/AppData/Local/UnrealEngine/Common/DerivedDataCache/Buckets/LegacyCARD/03/8c/4da53a67fecdaf23d8e4aecd023a781ecd3e.udd" 4698
"C:/Users/emanu/AppData/Local/UnrealEngine/Common/DerivedDataCache/Buckets/StaticMesh/df/90/1de40197d6a25db0f10e0036a1bb43080791.udd" 4699
"C:/Users/emanu/AppData/Local/UnrealEngine/Common/DerivedDataCache/Buckets/LegacyDIST/87/23/51af4a260fbc7bba170653ad335c98d363b1.udd" 4700
"C:/Users/emanu/AppData/Local/UnrealEngine/Common/DerivedDataCache/Buckets/LegacyCARD/c8/d1/bfdd9f5ad7da86c544131701fbf5d4f59795.udd" 4701
"C:/Users/emanu/AppData/Local/UnrealEngine/Common/DerivedDataCache/Buckets/StaticMesh/d2/fb/8dee7703852ec764540bdbd957bf4efb9454.udd" 4702
"C:/Users/emanu/AppData/Local/UnrealEngine/Common/DerivedDataCache/Buckets/LegacyDIST/41/91/34e6a45606011bd3cfd38c1cce9fd561a3be.udd" 4703
"C:/Users/emanu/AppData/Local/UnrealEngine/Common/DerivedDataCache/Buckets/LegacyCARD/9a/b4/f255e2f78b083f37125fd83668a459544e99.udd" 4704
"C:/Users/emanu/AppData/Local/UnrealEngine/Common/DerivedDataCache/Buckets/StaticMesh/f6/7d/d0707bd2aaef5b389879d3d35861fa938d66.udd" 4705
"C:/Users/emanu/AppData/Local/UnrealEngine/Common/DerivedDataCache/Buckets/LegacyDIST/f5/73/7b3fbb2187a16b2f41ab93a4abefeb98b06a.udd" 4706
"C:/Users/emanu/AppData/Local/UnrealEngine/Common/DerivedDataCache/Buckets/LegacyCARD/e8/02/1ebcfaba43889b113eea488acd6199672069.udd" 4707
"C:/Users/emanu/AppData/Local/UnrealEngine/Common/DerivedDataCache/Buckets/StaticMesh/71/ea/fe70e96c7e2b19625ddff9fc3c5e064d0858.udd" 4708
"C:/Users/emanu/AppData/Local/UnrealEngine/Common/DerivedDataCache/Buckets/LegacyDIST/2d/ae/2ea994e9e2a4ad7f3023d80018c7c0a1777e.udd" 4709
"C:/Users/emanu/AppData/Local/UnrealEngine/Common/DerivedDataCache/Buckets/LegacyCARD/5a/5c/1fe7e75ce090df5c0a9614c2f2028b314ed7.udd" 4710
"C:/Users/emanu/AppData/Local/UnrealEngine/Common/DerivedDataCache/Buckets/StaticMesh/d1/cd/efa09ac48a5b44289b9436b6b1bc06076c41.udd" 4711
"C:/Users/emanu/AppData/Local/UnrealEngine/Common/DerivedDataCache/Buckets/StaticMesh/33/e4/5180d71c5b09c1e86f489dba396f370022aa.udd" 4712
"C:/Users/emanu/AppData/Local/UnrealEngine/Common/DerivedDataCache/Buckets/LegacyDIST/58/93/c4134c7dfe03514690d6e40422760eff0c3f.udd" 4713
"C:/Users/emanu/AppData/Local/UnrealEngine/Common/DerivedDataCache/Buckets/LegacyDIST/43/f1/38f9e321036d3024e5b1cb0069c89d371740.udd" 4714
"C:/Users/emanu/AppData/Local/UnrealEngine/Common/DerivedDataCache/Buckets/LegacyCARD/dc/37/43ffcbd84d2775a088b5509ca2fa45c1156f.udd" 4715
"C:/Users/emanu/AppData/Local/UnrealEngine/Common/DerivedDataCache/Buckets/LegacyCARD/da/29/d8f7a1685da779c1f67c25a413247bbeb58c.udd" 4716
"C:/Users/emanu/AppData/Local/UnrealEngine/Common/DerivedDataCache/Buckets/StaticMesh/cc/39/f11e4bbbdb4579d72da2c786404d80911d2b.udd" 4717
"C:/Users/emanu/AppData/Local/UnrealEngine/Common/DerivedDataCache/Buckets/LegacyDIST/fb/54/d630e0d17f7aa6c087eeff059a7f39a66f1d.udd" 4718
"C:/Users/emanu/AppData/Local/UnrealEngine/Common/DerivedDataCache/Buckets/LegacyCARD/7c/7c/1d35e7737f6bfddbba9f93474b0512bd5636.udd" 4719
"C:/Users/emanu/AppData/Local/UnrealEngine/Common/DerivedDataCache/Buckets/StaticMesh/b6/9c/1f883dbd2bfd4fad3d1988f5e6504d4acc99.udd" 4720
"C:/Users/emanu/AppData/Local/UnrealEngine/Common/DerivedDataCache/Buckets/LegacyDIST/23/a3/ec547970cbb68bb095b362cd4c58c11ef114.udd" 4721
"C:/Users/emanu/AppData/Local/UnrealEngine/Common/DerivedDataCache/Buckets/StaticMesh/e1/ae/35519317bb4b836820f0fa19007d6ff81c03.udd" 4722
"C:/Users/emanu/AppData/Local/UnrealEngine/Common/DerivedDataCache/Buckets/LegacyCARD/14/2f/37b51c032270dd337f3ecba3db95c5a0ccbe.udd" 4723
"C:/Users/emanu/AppData/Local/UnrealEngine/Common/DerivedDataCache/Buckets/LegacyDIST/a5/42/8d1e7192b1d4ed765caada81d2752c5ae636.udd" 4724
"C:/Users/emanu/AppData/Local/UnrealEngine/Common/DerivedDataCache/Buckets/LegacyCARD/0f/bb/8aee4bea71c6eb250c77f58ae4604febcf06.udd" 4725
"C:/Users/emanu/AppData/Local/UnrealEngine/Common/DerivedDataCache/Buckets/StaticMesh/3c/67/6739eb42613534e4ac43daf36d6fc3b3db55.udd" 4726
"C:/Users/emanu/AppData/Local/UnrealEngine/Common/DerivedDataCache/Buckets/StaticMesh/cc/10/f5b00ffa2949c0f4c6c87075a7042c227c3c.udd" 4727
"C:/Users/emanu/AppData/Local/UnrealEngine/Common/DerivedDataCache/Buckets/LegacyDIST/31/60/d4d904c301706d762e9b291ced0dc6ce8dd9.udd" 4728
"C:/Users/emanu/AppData/Local/UnrealEngine/Common/DerivedDataCache/Buckets/LegacyDIST/76/9d/84bc1fd9d3a6c829e5d9be7ebe10b43be4e1.udd" 4729
"C:/Users/emanu/AppData/Local/UnrealEngine/Common/DerivedDataCache/Buckets/LegacyCARD/7c/d1/6cef0f7dd244e69cc8eb1a77e06744c204d8.udd" 4730
"C:/Users/emanu/AppData/Local/UnrealEngine/Common/DerivedDataCache/Buckets/LegacyCARD/e6/68/92635a9bc07df8fb2043953ea6d677e573fa.udd" 4731
"C:/Users/emanu/AppData/Local/UnrealEngine/Common/DerivedDataCache/Buckets/StaticMesh/f2/79/a4c95cad3a30f4eaf11c369d66ab936fd8a2.udd" 4732
"C:/Users/emanu/AppData/Local/UnrealEngine/Common/DerivedDataCache/Buckets/StaticMesh/f1/0b/5b7c2d93ef537a5036038d72b34c144e44e0.udd" 4733
"C:/Users/emanu/AppData/Local/UnrealEngine/Common/DerivedDataCache/Buckets/LegacyDIST/a5/15/6b88d92a8ce97376a307a4f02b9ef591b58b.udd" 4734
"C:/Users/emanu/AppData/Local/UnrealEngine/Common/DerivedDataCache/Buckets/LegacyDIST/38/c2/4edc19197c8ecc42bd81f528dcf1403dfd2b.udd" 4735
"C:/Users/emanu/AppData/Local/UnrealEngine/Common/DerivedDataCache/Buckets/LegacyCARD/7f/92/64da046f885db48b95e40633ab414c4ac373.udd" 4736
"C:/Users/emanu/AppData/Local/UnrealEngine/Common/DerivedDataCache/Buckets/LegacyCARD/5a/58/c23bccc0436e31b7e2669b1c9e82e7e7b4ea.udd" 4737
"C:/Users/emanu/AppData/Local/UnrealEngine/Common/DerivedDataCache/Buckets/StaticMesh/2a/cb/c955e552ebb64a712c7ff12acaf7dbb207cc.udd" 4738
"C:/Users/emanu/AppData/Local/UnrealEngine/Common/DerivedDataCache/Buckets/StaticMesh/50/28/7a3b99d130be4183c334526fbb5c93d371aa.udd" 4739
"C:/Users/emanu/AppData/Local/UnrealEngine/Common/DerivedDataCache/Buckets/LegacyDIST/ba/16/953a79678c4b76c6b2b6a197a0d6f78bdc1b.udd" 4740
"C:/Users/emanu/AppData/Local/UnrealEngine/Common/DerivedDataCache/Buckets/LegacyDIST/01/e7/fe569cb8345b7d394dc0b78e158d948ec1aa.udd" 4741
"C:/Users/emanu/AppData/Local/UnrealEngine/Common/DerivedDataCache/Buckets/LegacyCARD/ac/1b/f630222e71f7bdcc83e414d958816bca4512.udd" 4742
"C:/Users/emanu/AppData/Local/UnrealEngine/Common/DerivedDataCache/Buckets/LegacyCARD/05/cd/625a59e13065452e093133c54c907ef49689.udd" 4743
"C:/Users/emanu/AppData/Local/UnrealEngine/Common/DerivedDataCache/Buckets/StaticMesh/14/85/540c4b85a28b6155991bcf5102e030b5b49c.udd" 4744
"C:/Users/emanu/AppData/Local/UnrealEngine/Common/DerivedDataCache/Buckets/StaticMesh/35/d0/63027e948ad1941961c0004605f59c769f2a.udd" 4745
"C:/Users/emanu/AppData/Local/UnrealEngine/Common/DerivedDataCache/Buckets/LegacyDIST/d9/ef/f397e566d21d12535501cd5a06205d4e5a85.udd" 4746
"C:/Users/emanu/AppData/Local/UnrealEngine/Common/DerivedDataCache/Buckets/LegacyDIST/96/02/140d202a85322f43ca5914ab4aa7c1278bb8.udd" 4747
"C:/Users/emanu/AppData/Local/UnrealEngine/Common/DerivedDataCache/Buckets/LegacyCARD/a8/4a/f360c6b405e27026a8432c8578638cf6c2a6.udd" 4748
"C:/Users/emanu/AppData/Local/UnrealEngine/Common/DerivedDataCache/Buckets/LegacyCARD/8b/69/560ae11fc4ee520697c73dc23ffb7324607d.udd" 4749
"C:/Users/emanu/AppData/Local/UnrealEngine/Common/DerivedDataCache/Buckets/StaticMesh/89/18/9edd309746f705e335b32aa7bb678c2db819.udd" 4750
"C:/Users/emanu/AppData/Local/UnrealEngine/Common/DerivedDataCache/Buckets/LegacyDIST/55/10/8c9d6abede2752ed8a81591f0bfa7b464f74.udd" 4751
"C:/Users/emanu/AppData/Local/UnrealEngine/Common/DerivedDataCache/Buckets/LegacyCARD/de/aa/3f8891c71d75dfd665c8ba0c64a9473473e2.udd" 4752
"C:/Users/emanu/AppData/Local/UnrealEngine/Common/DerivedDataCache/Buckets/StaticMesh/73/40/b80a0e6614eefb8fd617b04d4a137817c4ec.udd" 4753
"C:/Users/emanu/AppData/Local/UnrealEngine/Common/DerivedDataCache/Buckets/LegacyDIST/2b/10/d0d2901037370312d898acdbe0deb7c7d01b.udd" 4754
"C:/Users/emanu/AppData/Local/UnrealEngine/Common/DerivedDataCache/Buckets/LegacyCARD/aa/2f/3b18428ba229e2fc8498e3f735ee8624b105.udd" 4755
"C:/Users/emanu/AppData/Local/UnrealEngine/Common/DerivedDataCache/Buckets/StaticMesh/9e/1f/499d46e238ff6c5d31ceea07f48b85251438.udd" 4756
"C:/Users/emanu/AppData/Local/UnrealEngine/Common/DerivedDataCache/Buckets/StaticMesh/01/c4/45a78ec3118ba26d46683920b9a4dec42619.udd" 4757
"C:/Users/emanu/AppData/Local/UnrealEngine/Common/DerivedDataCache/Buckets/LegacyDIST/07/d1/36981d44e2f8ddef981c9cc254fbad508d71.udd" 4758
"C:/Users/emanu/AppData/Local/UnrealEngine/Common/DerivedDataCache/Buckets/LegacyDIST/90/b7/7b054c95aeab37bd60ee97a1bc7e44889fab.udd" 4759
"C:/Users/emanu/AppData/Local/UnrealEngine/Common/DerivedDataCache/Buckets/LegacyCARD/bb/43/b507e4cacc495d4c0ebb62ce6a8854dda22b.udd" 4760
"C:/Users/emanu/AppData/Local/UnrealEngine/Common/DerivedDataCache/Buckets/StaticMesh/16/58/3cbdfb609e2edcc111e7baa9299ef395f512.udd" 4761
"C:/Users/emanu/AppData/Local/UnrealEngine/Common/DerivedDataCache/Buckets/LegacyDIST/be/5f/114142e5213b5dcd7bf2fdccda846af075a9.udd" 4762
"C:/Users/emanu/AppData/Local/UnrealEngine/Common/DerivedDataCache/Buckets/LegacyCARD/2b/d9/7153547eb23e553710176d92a632f7384d6d.udd" 4763
"C:/Users/emanu/AppData/Local/UnrealEngine/Common/DerivedDataCache/Buckets/LegacyCARD/c7/c4/32e3005d5bc6be8abc8533bba566fddb8490.udd" 4764
"C:/Users/emanu/AppData/Local/UnrealEngine/Common/DerivedDataCache/Buckets/StaticMesh/c8/2d/cf8fbf432d2b038c1c5f9acc909a2ad02aa3.udd" 4765
"C:/Users/emanu/AppData/Local/UnrealEngine/Common/DerivedDataCache/Buckets/LegacyDIST/19/f5/483babdf1f03e21094eaceff569cd1ff6127.udd" 4766
"C:/Users/emanu/AppData/Local/UnrealEngine/Common/DerivedDataCache/Buckets/StaticMesh/3d/71/e8feb2a953b7f98e2d3b4a6453216ed39b85.udd" 4767
"C:/Users/emanu/AppData/Local/UnrealEngine/Common/DerivedDataCache/Buckets/LegacyDIST/1c/e9/9206f138d5d35eed9cab135bab8d252f3ce0.udd" 4768
"C:/Users/emanu/AppData/Local/UnrealEngine/Common/DerivedDataCache/Buckets/LegacyCARD/ea/3c/a86c43fce97a3f138e335acc7c88a9205c0d.udd" 4769
"C:/Users/emanu/AppData/Local/UnrealEngine/Common/DerivedDataCache/Buckets/LegacyNavCollision/99/0f/9c3248ddf3a3400fda69345fa722448689c3.udd" 4770
"C:/Users/emanu/AppData/Local/UnrealEngine/Common/DerivedDataCache/Buckets/StaticMesh/7a/b9/e89bf6eadccfa8e79923dfaa3d97e85534a6.udd" 4771
"C:/Users/emanu/AppData/Local/UnrealEngine/Common/DerivedDataCache/Buckets/LegacyDIST/14/d3/e29a83ebbb622989b19710272755ddb77a39.udd" 4772
"C:/Users/emanu/AppData/Local/UnrealEngine/Common/DerivedDataCache/Buckets/LegacyCARD/29/89/3347b8113a657bc6d39682efe89025adf8dc.udd" 4773
"C:/Users/emanu/AppData/Local/UnrealEngine/Common/DerivedDataCache/Buckets/LegacyCARD/9b/17/fac34f53264cbc45dc1b073afac0126ffea2.udd" 4774
"C:/Users/emanu/AppData/Local/UnrealEngine/Common/DerivedDataCache/Buckets/LegacyNavCollision/f7/4f/d2528c1304ebed1ec1f3d9c435b61dc743c6.udd" 4775
"C:/Users/emanu/AppData/Local/UnrealEngine/Common/DerivedDataCache/Buckets/StaticMesh/b4/a5/4d59afc8a08f7a48a7187ff0e516b203d21d.udd" 4776
"C:/Users/emanu/AppData/Local/UnrealEngine/Common/DerivedDataCache/Buckets/LegacyDIST/65/80/0487b1593d94db6c5962c09d45d292e1510b.udd" 4777
"C:/Users/emanu/AppData/Local/UnrealEngine/Common/DerivedDataCache/Buckets/StaticMesh/6d/97/bdc8abb60f14b5055ba7771d70c83c31783e.udd" 4778
"C:/Users/emanu/AppData/Local/UnrealEngine/Common/DerivedDataCache/Buckets/LegacyDIST/71/9e/b8f7232333aecd968ee792cb07034ba0bbd8.udd" 4779
"C:/Users/emanu/AppData/Local/UnrealEngine/Common/DerivedDataCache/Buckets/LegacyCARD/e1/ad/ba33e91605e759be8b04d26d3fb9c61a2955.udd" 4780
"C:/Users/emanu/AppData/Local/UnrealEngine/Common/DerivedDataCache/Buckets/LegacyCARD/f2/3a/881078d5193b7784002093bf428eaffec31c.udd" 4781
"C:/Users/emanu/AppData/Local/UnrealEngine/Common/DerivedDataCache/Buckets/LegacyNavCollision/18/bd/6f94d3e0c076782b4f1e0eebc9cdc60f8fc6.udd" 4782
"C:/Users/emanu/AppData/Local/UnrealEngine/Common/DerivedDataCache/Buckets/StaticMesh/79/01/e53ddfaf9ea67a1c855d054b5244f3d1d7a7.udd" 4783
"C:/Users/emanu/AppData/Local/UnrealEngine/Common/DerivedDataCache/Buckets/LegacyDIST/76/0e/d247935a5737f3cf52db44aba75c57cba5e4.udd" 4784
"C:/Users/emanu/AppData/Local/UnrealEngine/Common/DerivedDataCache/Buckets/StaticMesh/31/f7/6d1d13d820526be4283bead0bab09701a488.udd" 4785
"C:/Users/emanu/AppData/Local/UnrealEngine/Common/DerivedDataCache/Buckets/LegacyDIST/42/10/fd4dc4a54fda9008b5c8a057670ddbd3a495.udd" 4786
"C:/Users/emanu/AppData/Local/UnrealEngine/Common/DerivedDataCache/Buckets/LegacyCARD/5c/80/5eb31881b669a62903eb460a8d03f90e6107.udd" 4787
"C:/Users/emanu/AppData/Local/UnrealEngine/Common/DerivedDataCache/Buckets/StaticMesh/c9/43/3b1c7cad476d7c3c1a0a41e966629e84a2ef.udd" 4788
"C:/Users/emanu/AppData/Local/UnrealEngine/Common/DerivedDataCache/Buckets/LegacyCARD/9c/27/65e7a324b4a40bb0d29b2a692c4b30a55019.udd" 4789
"C:/Users/emanu/AppData/Local/UnrealEngine/Common/DerivedDataCache/Buckets/LegacyDIST/bc/f6/efe61d26a45826cf8ba363ba9eb974187137.udd" 4790
"C:/Users/emanu/AppData/Local/UnrealEngine/Common/DerivedDataCache/Buckets/LegacyNavCollision/4b/58/da412f4f44a6112f1dd6bc96bc86934fc101.udd" 4791
"C:/Users/emanu/AppData/Local/UnrealEngine/Common/DerivedDataCache/Buckets/StaticMesh/b0/2e/016c973f541bf7a85a76f8360130046992d1.udd" 4792
"C:/Users/emanu/AppData/Local/UnrealEngine/Common/DerivedDataCache/Buckets/LegacyCARD/1e/65/efd4015d35128d27247876f1db120c54c384.udd" 4793
"C:/Users/emanu/AppData/Local/UnrealEngine/Common/DerivedDataCache/Buckets/LegacyNavCollision/30/cb/bdd5cef13e740409e4f132956322afcff45a.udd" 4794
"C:/Users/emanu/AppData/Local/UnrealEngine/Common/DerivedDataCache/Buckets/LegacyDIST/12/40/c9962de7dcf7f2f11fbd758ebe3d068ec657.udd" 4795
"C:/Users/emanu/AppData/Local/UnrealEngine/Common/DerivedDataCache/Buckets/StaticMesh/d4/a5/26e4b1b94ea31566b70f8ddf61c4ac9ee049.udd" 4796
"C:/Users/emanu/AppData/Local/UnrealEngine/Common/DerivedDataCache/Buckets/LegacyDIST/28/55/1a958978569b3b57f3d178fc49b38cbc3594.udd" 4797
"C:/Users/emanu/AppData/Local/UnrealEngine/Common/DerivedDataCache/Buckets/LegacyCARD/3b/13/f6c8f70ae0a1cc609d46fd74e07571f11ae6.udd" 4798
"C:/Users/emanu/AppData/Local/UnrealEngine/Common/DerivedDataCache/Buckets/LegacyCARD/37/7a/bcb5e97c08239fabf68e960fa974f3fe2101.udd" 4799
"C:/Users/emanu/AppData/Local/UnrealEngine/Common/DerivedDataCache/Buckets/StaticMesh/eb/2a/ba80493dd81dab4213174c972f418e577c8b.udd" 4800
"C:/Users/emanu/AppData/Local/UnrealEngine/Common/DerivedDataCache/Buckets/StaticMesh/86/f6/cbd490cdbc0244eedefdce77870e2a197a7e.udd" 4801
"C:/Users/emanu/AppData/Local/UnrealEngine/Common/DerivedDataCache/Buckets/LegacyDIST/b7/67/abd1d26c730a3ce59652f05e1be1bbc567c7.udd" 4802
"C:/Users/emanu/AppData/Local/UnrealEngine/Common/DerivedDataCache/Buckets/LegacyDIST/fd/6a/cb0bc615816eb006252de439cd7133648571.udd" 4803
"C:/Users/emanu/AppData/Local/UnrealEngine/Common/DerivedDataCache/Buckets/LegacyCARD/14/e9/b1bf097da3b6bdd10e943c5fcadc7d31aeeb.udd" 4804
"C:/Users/emanu/AppData/Local/UnrealEngine/Common/DerivedDataCache/Buckets/LegacyNavCollision/da/10/9d380140fef5e6960d5d08ef5662f3fccd20.udd" 4805
"C:/Users/emanu/AppData/Local/UnrealEngine/Common/DerivedDataCache/Buckets/LegacyCARD/ca/3c/e17a22bb6d308cff5b1614c90d80db68ab1f.udd" 4806
"C:/Users/emanu/AppData/Local/UnrealEngine/Common/DerivedDataCache/Buckets/LegacyNavCollision/7a/6a/b325dc6e702306eb3d2356ba04bb32050cea.udd" 4807
"C:/Users/emanu/AppData/Local/UnrealEngine/Common/DerivedDataCache/Buckets/StaticMesh/f1/b6/f6fc92cbbaa7b0ca399a90d6c173f1a387ba.udd" 4808
"C:/Users/emanu/AppData/Local/UnrealEngine/Common/DerivedDataCache/Buckets/StaticMesh/35/71/c5d1a26183c598c5b6ad3ed5715b3c56d7a7.udd" 4809
"C:/Users/emanu/AppData/Local/UnrealEngine/Common/DerivedDataCache/Buckets/LegacyDIST/f0/87/2ade4ed43c5aa919bb442d6cee78b621fa00.udd" 4810
"C:/Users/emanu/AppData/Local/UnrealEngine/Common/DerivedDataCache/Buckets/LegacyDIST/79/18/9c71b8a2edb01a9999e867dae6a0be81ccd0.udd" 4811
"C:/Users/emanu/AppData/Local/UnrealEngine/Common/DerivedDataCache/Buckets/LegacyCARD/c5/9d/fa61823747696b97d57445a93f3302739dbf.udd" 4812
"C:/Users/emanu/AppData/Local/UnrealEngine/Common/DerivedDataCache/Buckets/LegacyCARD/ee/27/c875ebf67d9d7afdfaf0cc110bdb4b568042.udd" 4813
"C:/Users/emanu/AppData/Local/UnrealEngine/Common/DerivedDataCache/Buckets/StaticMesh/a5/78/f5ae5de3432b77cf111810da56381c0eba65.udd" 4814
"C:/Users/emanu/AppData/Local/UnrealEngine/Common/DerivedDataCache/Buckets/StaticMesh/b1/19/568d6df2c9226e682f5686841af18dac501e.udd" 4815
"C:/Users/emanu/AppData/Local/UnrealEngine/Common/DerivedDataCache/Buckets/LegacyDIST/af/c0/6d42ede36e10e819ddf6e996d5f5c26716d1.udd" 4816
"C:/Users/emanu/AppData/Local/UnrealEngine/Common/DerivedDataCache/Buckets/LegacyDIST/d4/1d/55485fa1e7231b477818c41fcf46347f8363.udd" 4817
"C:/Users/emanu/AppData/Local/UnrealEngine/Common/DerivedDataCache/Buckets/LegacyCARD/cc/00/e3ca2b5e6604e02bc224472a41d726b9f305.udd" 4818
"C:/Users/emanu/AppData/Local/UnrealEngine/Common/DerivedDataCache/Buckets/LegacyCARD/2f/36/0b39c372cabac7eb622ba63a566ad4f4c11a.udd" 4819
"C:/Users/emanu/AppData/Local/UnrealEngine/Common/DerivedDataCache/Buckets/LegacyNavCollision/27/5d/b8b714b32e3bab759fbcb62385fa19beb5d1.udd" 4820
"C:/Users/emanu/AppData/Local/UnrealEngine/Common/DerivedDataCache/Buckets/LegacyNavCollision/f2/cb/8c7c05659492837d5c2388a720a518da1419.udd" 4821
"C:/Users/emanu/AppData/Local/UnrealEngine/Common/DerivedDataCache/Buckets/StaticMesh/09/af/95c66db422c1642f23a85208289f63efb07f.udd" 4822
"C:/Users/emanu/AppData/Local/UnrealEngine/Common/DerivedDataCache/Buckets/StaticMesh/f5/97/167dddb7b1b7ad92e63b53666483545e555e.udd" 4823
"C:/Users/emanu/AppData/Local/UnrealEngine/Common/DerivedDataCache/Content/ad/a5/585adbf328a805a783d9dda150050f4e7eee.udd" 4824
"C:/Users/emanu/AppData/Local/UnrealEngine/Common/DerivedDataCache/Buckets/LegacyDIST/b1/01/653743cc983aba998d2e69c4aa0e725d83b4.udd" 4825
"C:/Users/emanu/AppData/Local/UnrealEngine/Common/DerivedDataCache/Buckets/LegacyCARD/df/56/14f2c6f79e4b3afa4291892377cd872f62f3.udd" 4826
"C:/Users/emanu/AppData/Local/UnrealEngine/Common/DerivedDataCache/Buckets/LegacyDIST/af/2d/f965b560c56cdd22ef986e0162071c3c6b24.udd" 4827
"C:/Users/emanu/AppData/Local/UnrealEngine/Common/DerivedDataCache/Buckets/LegacyCARD/97/0d/06e882b6fc74ecaf141bad4fc06b9964d726.udd" 4828
"C:/Users/emanu/AppData/Local/UnrealEngine/Common/DerivedDataCache/Buckets/LegacyChaosGeometryData/3b/e2/b0ac33d3b64919f9a189794e70b25a1e0c20.udd" 4829
"C:/Users/emanu/AppData/Local/UnrealEngine/Common/DerivedDataCache/Buckets/StaticMesh/32/e3/6f57055b35acf57b479a5b5710f772216831.udd" 4830
"C:/Users/emanu/AppData/Local/UnrealEngine/Common/DerivedDataCache/Buckets/StaticMesh/61/8f/f956bac78e58cd1578258482199677cb9038.udd" 4831
"C:/Users/emanu/AppData/Local/UnrealEngine/Common/DerivedDataCache/Buckets/LegacyDIST/16/21/8112d02a9f4e1d3d681542b1d8ec0b733dff.udd" 4832
"C:/Users/emanu/AppData/Local/UnrealEngine/Common/DerivedDataCache/Buckets/LegacyCARD/88/15/ade554553b5891c780b9b77c3abe74b83a7d.udd" 4833
"C:/Users/emanu/AppData/Local/UnrealEngine/Common/DerivedDataCache/Buckets/LegacyNavCollision/cd/6e/67bd9aec48d8410297bfa80f44b2dd515b5a.udd" 4834
"C:/Users/emanu/AppData/Local/UnrealEngine/Common/DerivedDataCache/Buckets/StaticMesh/2d/ff/3621ead1bd1cc65064a5059a2a247b0e686c.udd" 4835
"C:/Users/emanu/AppData/Local/UnrealEngine/Common/DerivedDataCache/Buckets/LegacyDIST/5c/a6/e00cb5d7c30bdce527ef72fd8266c90207a2.udd" 4836
"C:/Users/emanu/AppData/Local/UnrealEngine/Common/DerivedDataCache/Buckets/LegacyCARD/42/c4/916feb58a445965581b07a5622c0b7fa2379.udd" 4837
"C:/Users/emanu/AppData/Local/UnrealEngine/Common/DerivedDataCache/Buckets/StaticMesh/34/e4/7bd561b7261e1c2a5505fd3f5de327ff2bb4.udd" 4838
"C:/Users/emanu/AppData/Local/UnrealEngine/Common/DerivedDataCache/Buckets/LegacyDIST/02/c6/9898f5652dedcd783dc004d359894b793823.udd" 4839
"C:/Users/emanu/AppData/Local/UnrealEngine/Common/DerivedDataCache/Buckets/LegacyCARD/f2/68/5c924e46c1e81105c8fb6c9decb22f7a4eae.udd" 4840
"C:/Users/emanu/AppData/Local/UnrealEngine/Common/DerivedDataCache/Buckets/LegacyDIST/93/cb/3bbd32ad821c5b826d0f22ee06a9d5a119f3.udd" 4841
"C:/Users/emanu/AppData/Local/UnrealEngine/Common/DerivedDataCache/Buckets/LegacyCARD/83/cb/c65eefac6f7b33103d2234befa309a685975.udd" 4842
"C:/Users/emanu/AppData/Local/UnrealEngine/Common/DerivedDataCache/Buckets/LegacyNavCollision/45/1c/4aca2fcbaa0080d31191521fe5accac90b6c.udd" 4843
"C:/Users/emanu/AppData/Local/UnrealEngine/Common/DerivedDataCache/Buckets/LegacyNavCollision/d6/d4/02b26ceedf1682afb95a7512bf8cb04f3dad.udd" 4844
"C:/Users/emanu/AppData/Local/UnrealEngine/Common/DerivedDataCache/Buckets/StaticMesh/4f/23/27516ea7b883efab9b768022eafc857dab07.udd" 4845
"C:/Users/emanu/AppData/Local/UnrealEngine/Common/DerivedDataCache/Buckets/LegacyDIST/4d/ca/fd7a3cfed947386daa4b12bab4fdee33018d.udd" 4846
"C:/Users/emanu/AppData/Local/UnrealEngine/Common/DerivedDataCache/Buckets/LegacyCARD/0f/70/d8a65a66da4f124788eceb20512919398aea.udd" 4847
"C:/Users/emanu/AppData/Local/UnrealEngine/Common/DerivedDataCache/Buckets/StaticMesh/79/bb/c2d2d25ca1a2fe7a09a213ee5b8deed584f1.udd" 4848
"C:/Users/emanu/AppData/Local/UnrealEngine/Common/DerivedDataCache/Buckets/LegacyDIST/70/57/f8d37fe2cac962059aa40edcf94951cd0b0e.udd" 4849
"C:/Users/emanu/AppData/Local/UnrealEngine/Common/DerivedDataCache/Buckets/LegacyCARD/70/96/f44bc2694864650c9f082b63b684e52250f4.udd" 4850
"C:/Users/emanu/AppData/Local/UnrealEngine/Common/DerivedDataCache/Buckets/LegacyNavCollision/94/ee/5d40e7dadfc653e8144648a49d7f21cd9061.udd" 4851
"C:/Users/emanu/AppData/Local/UnrealEngine/Common/DerivedDataCache/Buckets/StaticMesh/f1/2b/66193c7485f836cf3bfb2c5937c76ce445c3.udd" 4852
"C:/Users/emanu/AppData/Local/UnrealEngine/Common/DerivedDataCache/Buckets/StaticMesh/62/ee/4a8812d7ba2026a55dacdf07d92cd331c98b.udd" 4853
"C:/Users/emanu/AppData/Local/UnrealEngine/Common/DerivedDataCache/Buckets/LegacyDIST/2c/27/474c6af781b1131ea63eacd2abeb3c58d559.udd" 4854
"C:/Users/emanu/AppData/Local/UnrealEngine/Common/DerivedDataCache/Buckets/LegacyDIST/65/2c/77fe66fe3c2ce678e7b9edab81f95da78135.udd" 4855
"C:/Users/emanu/AppData/Local/UnrealEngine/Common/DerivedDataCache/Buckets/LegacyCARD/29/91/9675b325ddafa87af952c3d15aa9daa07247.udd" 4856
"C:/Users/emanu/AppData/Local/UnrealEngine/Common/DerivedDataCache/Buckets/LegacyCARD/a6/3b/cbc7df0bcc939932b51f1a9370108b061b62.udd" 4857
"C:/Users/emanu/AppData/Local/UnrealEngine/Common/DerivedDataCache/Buckets/StaticMesh/b9/6f/f80ea5526d08d05455c28c00dddb2500439f.udd" 4858
"C:/Users/emanu/AppData/Local/UnrealEngine/Common/DerivedDataCache/Buckets/LegacyDIST/a2/bc/4afda55c959038c4ba83b9a4206374a66702.udd" 4859
"C:/Users/emanu/AppData/Local/UnrealEngine/Common/DerivedDataCache/Buckets/StaticMesh/b7/4a/302f9d7729dde6199f328b3cd39c48d24a64.udd" 4860
"C:/Users/emanu/AppData/Local/UnrealEngine/Common/DerivedDataCache/Buckets/LegacyCARD/a1/5b/460c1f8bfbfd6a44b6f5b1219b9c141f62c2.udd" 4861
"C:/Users/emanu/AppData/Local/UnrealEngine/Common/DerivedDataCache/Buckets/LegacyDIST/3b/dc/c32cb1ad0cb852793381454e9fffc7099812.udd" 4862
"C:/Users/emanu/AppData/Local/UnrealEngine/Common/DerivedDataCache/Buckets/LegacyNavCollision/20/e7/8ce2169492d886d26a3ad4614720a0204f3a.udd" 4863
"C:/Users/emanu/AppData/Local/UnrealEngine/Common/DerivedDataCache/Buckets/LegacyCARD/5c/3f/06c4123830f31c7502b12fd902553b4ca789.udd" 4864
"C:/Users/emanu/AppData/Local/UnrealEngine/Common/DerivedDataCache/Buckets/LegacyNavCollision/54/e5/9d6fb93d2db4f2cdfda79991881b30583667.udd" 4865
"C:/Users/emanu/AppData/Local/UnrealEngine/Common/DerivedDataCache/Buckets/StaticMesh/43/50/10b543a414bf73d3cdc8ba9141359263962f.udd" 4866
"C:/Users/emanu/AppData/Local/UnrealEngine/Common/DerivedDataCache/Buckets/StaticMesh/ca/36/65018f621bcc64992e2e2477118adc995a0f.udd" 4867
"C:/Users/emanu/AppData/Local/UnrealEngine/Common/DerivedDataCache/Buckets/LegacyDIST/f3/c8/9fa427795ab1b816c9583b26e2d5289631cf.udd" 4868
"C:/Users/emanu/AppData/Local/UnrealEngine/Common/DerivedDataCache/Buckets/LegacyDIST/b7/46/0e9426890137467f0fcd2c365dc5d4a541c0.udd" 4869
"C:/Users/emanu/AppData/Local/UnrealEngine/Common/DerivedDataCache/Buckets/LegacyCARD/16/0b/6ddfb473e733e1fd56851d00ba6dfc3a6fa2.udd" 4870
"C:/Users/emanu/AppData/Local/UnrealEngine/Common/DerivedDataCache/Buckets/LegacyCARD/ff/40/1151188409b2b8f98cfd082d4ef990f6b945.udd" 4871
"C:/Users/emanu/AppData/Local/UnrealEngine/Common/DerivedDataCache/Buckets/StaticMesh/c3/6f/a72d6dc4ec32e984b8a0256cfe0ac30ebf76.udd" 4872
"C:/Users/emanu/AppData/Local/UnrealEngine/Common/DerivedDataCache/Buckets/LegacyDIST/5a/85/c02b57dd88c5d1321b1ba79dfadbf178862a.udd" 4873
"C:/Users/emanu/AppData/Local/UnrealEngine/Common/DerivedDataCache/Buckets/StaticMesh/ac/78/c4e44dec5eb745e3400bb1862ddfea839a50.udd" 4874
"C:/Users/emanu/AppData/Local/UnrealEngine/Common/DerivedDataCache/Buckets/LegacyDIST/62/d8/4285dd36d795f6e4e941945b2ba0ba32384e.udd" 4875
"C:/Users/emanu/AppData/Local/UnrealEngine/Common/DerivedDataCache/Buckets/LegacyCARD/fa/cc/76b1dd4c249d6c80380ce4738d5e8e087acf.udd" 4876
"C:/Users/emanu/AppData/Local/UnrealEngine/Common/DerivedDataCache/Buckets/LegacyNavCollision/e2/8a/f1d9b427fc098d705808ade7636cd960f9d8.udd" 4877
"C:/Users/emanu/AppData/Local/UnrealEngine/Common/DerivedDataCache/Buckets/StaticMesh/b0/72/8359edaf51e917a78bc57d9fcf7998057b72.udd" 4878
"C:/Users/emanu/AppData/Local/UnrealEngine/Common/DerivedDataCache/Buckets/LegacyDIST/18/5c/8fcfd74e0b1b6427d6930f4a3a1e35cedb9e.udd" 4879
"C:/Users/emanu/AppData/Local/UnrealEngine/Common/DerivedDataCache/Buckets/LegacyCARD/2a/ef/e76f234e1c05a35d43b554c4e9e0e057f104.udd" 4880
"C:/Users/emanu/AppData/Local/UnrealEngine/Common/DerivedDataCache/Buckets/LegacyNavCollision/d2/83/4ce3cf6ee4a393d4f57303bbe2f572c5afcf.udd" 4881
"C:/Users/emanu/AppData/Local/UnrealEngine/Common/DerivedDataCache/Buckets/StaticMesh/7a/d6/4d0b1cc724535607885fbc58ce51ef321a1e.udd" 4882
"C:/Users/emanu/AppData/Local/UnrealEngine/Common/DerivedDataCache/Buckets/LegacyCARD/12/79/b08e401c6c3ac046816435242ca907c809b9.udd" 4883
"C:/Users/emanu/AppData/Local/UnrealEngine/Common/DerivedDataCache/Buckets/LegacyDIST/7d/d3/7aa20a21a5e37b88e3ca48ddc2b49ec5917f.udd" 4884
"C:/Users/emanu/AppData/Local/UnrealEngine/Common/DerivedDataCache/Buckets/LegacyCARD/23/a5/962999de90ba9fbb06cfaaa714be80faf8a8.udd" 4885
"C:/Users/emanu/AppData/Local/UnrealEngine/Common/DerivedDataCache/Buckets/StaticMesh/d2/07/f6e79c10c2a8ce636feaf978b7f5fc2701a8.udd" 4886
"C:/Users/emanu/AppData/Local/UnrealEngine/Common/DerivedDataCache/Buckets/LegacyDIST/b5/fb/d8e91968f0ab42bffb8808c8d2dc50a087e4.udd" 4887
"C:/Users/emanu/AppData/Local/UnrealEngine/Common/DerivedDataCache/Buckets/StaticMesh/1d/15/85899d5c568c497c47dcb3d8863bb44114aa.udd" 4888
"C:/Users/emanu/AppData/Local/UnrealEngine/Common/DerivedDataCache/Buckets/LegacyDIST/c3/9d/7543f90e04bd1e8540cc7ccbb6451ab0a576.udd" 4889
"C:/Users/emanu/AppData/Local/UnrealEngine/Common/DerivedDataCache/Buckets/LegacyCARD/91/42/4ea2e5394ded7b78b0109a9ff43ddea9802a.udd" 4890
"C:/Users/emanu/AppData/Local/UnrealEngine/Common/DerivedDataCache/Buckets/LegacyNavCollision/e0/84/fde0b9ed0d2ba5618afd06dca6415fcf4461.udd" 4891
"C:/Users/emanu/AppData/Local/UnrealEngine/Common/DerivedDataCache/Buckets/StaticMesh/88/c5/68d6df4af20189fc66ea5d5cb305473b8815.udd" 4892
"C:/Users/emanu/AppData/Local/UnrealEngine/Common/DerivedDataCache/Buckets/LegacyCARD/1c/3b/e8ba8304890d21b26855f48f6f6532351cb5.udd" 4893
"C:/Users/emanu/AppData/Local/UnrealEngine/Common/DerivedDataCache/Buckets/LegacyDIST/3a/2f/7c881ed80d6111f6db7fd465d2922c0d54fc.udd" 4894
"C:/Users/emanu/AppData/Local/UnrealEngine/Common/DerivedDataCache/Buckets/LegacyNavCollision/3e/bf/6b45367855aed87f3cef62465ef9bf630066.udd" 4895
"C:/Users/emanu/AppData/Local/UnrealEngine/Common/DerivedDataCache/Buckets/StaticMesh/39/63/9a54ae95564d6dc6b1d57e05c7fbc84030a7.udd" 4896
"C:/Users/emanu/AppData/Local/UnrealEngine/Common/DerivedDataCache/Buckets/LegacyDIST/38/45/1a9942c0fb13e302f08987ac71c4876d0a12.udd" 4897
"C:/Users/emanu/AppData/Local/UnrealEngine/Common/DerivedDataCache/Buckets/LegacyCARD/a2/7d/a87c1d5208476e2855643ae6df284c7b10d3.udd" 4898
"C:/Users/emanu/AppData/Local/UnrealEngine/Common/DerivedDataCache/Buckets/LegacyCARD/16/77/d4027ed8fa9861d2337d12c617e0fc3fa02b.udd" 4899
"C:/Users/emanu/AppData/Local/UnrealEngine/Common/DerivedDataCache/Buckets/StaticMesh/c1/ab/ee4fec109bd398758c0e0e979196434cd95b.udd" 4900
"C:/Users/emanu/AppData/Local/UnrealEngine/Common/DerivedDataCache/Buckets/LegacyDIST/97/d9/64d421393b41fc1418e89c141ff20d3a4e31.udd" 4901
"C:/Users/emanu/AppData/Local/UnrealEngine/Common/DerivedDataCache/Buckets/StaticMesh/43/78/47019b1fc97fa6099419ae724a72fd6ad192.udd" 4902
"C:/Users/emanu/AppData/Local/UnrealEngine/Common/DerivedDataCache/Buckets/LegacyDIST/8b/5e/76d38adf36146a3a3d1c5f551c7320e564c6.udd" 4903
"C:/Users/emanu/AppData/Local/UnrealEngine/Common/DerivedDataCache/Buckets/LegacyCARD/42/1e/490b0ccd6aa463a41bc25f214df491f1d6d6.udd" 4904
"C:/Users/emanu/AppData/Local/UnrealEngine/Common/DerivedDataCache/Buckets/LegacyNavCollision/78/6f/7960fd9332696a0a98c7986f6c62fa907d2e.udd" 4905
"C:/Users/emanu/AppData/Local/UnrealEngine/Common/DerivedDataCache/Buckets/StaticMesh/b1/38/4aa746a435f5ac89636318c02bf4c34c7764.udd" 4906
"C:/Users/emanu/AppData/Local/UnrealEngine/Common/DerivedDataCache/Buckets/LegacyDIST/d6/83/546bcabd034067c108e0f834644e16865fc8.udd" 4907
"C:/Users/emanu/AppData/Local/UnrealEngine/Common/DerivedDataCache/Buckets/LegacyCARD/45/37/20439b7ca747b57d1dc0852d789d1d24d1c1.udd" 4908
"C:/Users/emanu/AppData/Local/UnrealEngine/Common/DerivedDataCache/Buckets/LegacyNavCollision/92/c0/47597339752203c75e6b1c49571725be490a.udd" 4909
"C:/Users/emanu/AppData/Local/UnrealEngine/Common/DerivedDataCache/Buckets/StaticMesh/0a/e3/ffc7a8f2357262c3a69e355bfaa8bb9c592f.udd" 4910
"C:/Users/emanu/AppData/Local/UnrealEngine/Common/DerivedDataCache/Buckets/LegacyDIST/c7/7f/d820e57f72fc34e7efe75ca7cc4156310770.udd" 4911
"C:/Users/emanu/AppData/Local/UnrealEngine/Common/DerivedDataCache/Buckets/LegacyCARD/a5/95/f39ed252d8da4a11da15e39504b465da0a8f.udd" 4912
"C:/Users/emanu/AppData/Local/UnrealEngine/Common/DerivedDataCache/Buckets/LegacyCARD/8d/73/40b985466d01571ce98128948e6c9a1cf125.udd" 4913
"C:/Users/emanu/AppData/Local/UnrealEngine/Common/DerivedDataCache/Buckets/StaticMesh/c7/70/e1e87808e1f8408c8deb66ceab87efdba4a4.udd" 4914
"C:/Users/emanu/AppData/Local/UnrealEngine/Common/DerivedDataCache/Buckets/LegacyDIST/91/96/5783cd5d357793b626ab111fa55c1fcd5e7b.udd" 4915
"C:/Users/emanu/AppData/Local/UnrealEngine/Common/DerivedDataCache/Buckets/StaticMesh/f9/f0/949460d1742a30e51eac8761dfd3c8cbdae8.udd" 4916
"C:/Users/emanu/AppData/Local/UnrealEngine/Common/DerivedDataCache/Buckets/LegacyCARD/c9/35/2f31efe5e30227accfad762f5b460e97d2fc.udd" 4917
"C:/Users/emanu/AppData/Local/UnrealEngine/Common/DerivedDataCache/Buckets/LegacyDIST/a8/0c/2256e502d2943dfdf75afbb15d6e89421405.udd" 4918
"C:/Users/emanu/AppData/Local/UnrealEngine/Common/DerivedDataCache/Buckets/LegacyNavCollision/4c/fd/8cd509976c9581fb84b1f5c02f3946260750.udd" 4919
"C:/Users/emanu/AppData/Local/UnrealEngine/Common/DerivedDataCache/Buckets/StaticMesh/7a/b0/4c2c73ab9c32d6b3b319a779a6a4b34af217.udd" 4920
"C:/Users/emanu/AppData/Local/UnrealEngine/Common/DerivedDataCache/Buckets/LegacyDIST/10/66/03cc772f7c7519b3a65df7d5fbaa0208ca49.udd" 4921
"C:/Users/emanu/AppData/Local/UnrealEngine/Common/DerivedDataCache/Buckets/LegacyCARD/b8/bf/7a4c92f7eae78355c6b19f278da3c4c576d4.udd" 4922
"C:/Users/emanu/AppData/Local/UnrealEngine/Common/DerivedDataCache/Buckets/LegacyNavCollision/f1/44/4903f7b15095f2fd4e288808080ac67ae9ca.udd" 4923
"C:/Users/emanu/AppData/Local/UnrealEngine/Common/DerivedDataCache/Buckets/LegacyCARD/10/b7/abc8e977e5cacca34d20f0c5ded80f3205fc.udd" 4924
"C:/Users/emanu/AppData/Local/UnrealEngine/Common/DerivedDataCache/Buckets/StaticMesh/49/0a/58f42ca84a8fc516d2d5c8469ba80a989f66.udd" 4925
"C:/Users/emanu/AppData/Local/UnrealEngine/Common/DerivedDataCache/Buckets/LegacyDIST/99/e8/0d2aa49c2a1b55241c77e7527b4432045c53.udd" 4926
"C:/Users/emanu/AppData/Local/UnrealEngine/Common/DerivedDataCache/Buckets/StaticMesh/95/55/2365799dd1cc5521d3682745d29beadbf652.udd" 4927
"C:/Users/emanu/AppData/Local/UnrealEngine/Common/DerivedDataCache/Buckets/LegacyCARD/01/0e/1ad9412708185cf1c2523cb9b02b53a0d2b8.udd" 4928
"C:/Users/emanu/AppData/Local/UnrealEngine/Common/DerivedDataCache/Buckets/LegacyDIST/98/da/c6085cef38955b0a3b165e111860a671ad8b.udd" 4929
"C:/Users/emanu/AppData/Local/UnrealEngine/Common/DerivedDataCache/Buckets/StaticMesh/64/e5/c28998e0e2121514d075326a5e8934ff4474.udd" 4930
"C:/Users/emanu/AppData/Local/UnrealEngine/Common/DerivedDataCache/Buckets/LegacyCARD/6e/48/568c49c4983fd9da5b915fe14debb5d4be82.udd" 4931
"C:/Users/emanu/AppData/Local/UnrealEngine/Common/DerivedDataCache/Buckets/LegacyNavCollision/24/2c/d0f68ddd85b516cc96fa892b5cebc0061b30.udd" 4932
"C:/Users/emanu/AppData/Local/UnrealEngine/Common/DerivedDataCache/Buckets/LegacyDIST/eb/29/1a107a36edbc3152690e4a628ced3e936c10.udd" 4933
"C:/Users/emanu/AppData/Local/UnrealEngine/Common/DerivedDataCache/Buckets/StaticMesh/dd/4e/ad797ca4d2896d4225ccc441b9165c96bd56.udd" 4934
"C:/Users/emanu/AppData/Local/UnrealEngine/Common/DerivedDataCache/Buckets/LegacyDIST/f1/66/f30b7ab55abfbf50c2d1a4f993c1914529fd.udd" 4935
"C:/Users/emanu/AppData/Local/UnrealEngine/Common/DerivedDataCache/Buckets/LegacyCARD/ba/cc/663936fa5189e07b78acbb3fdc34a72d1c55.udd" 4936
"C:/Users/emanu/AppData/Local/UnrealEngine/Common/DerivedDataCache/Buckets/LegacyNavCollision/d4/62/80e82562bdff2e2a98178719099edf6761d1.udd" 4937
"C:/Users/emanu/AppData/Local/UnrealEngine/Common/DerivedDataCache/Buckets/LegacyCARD/ae/7a/6eae53766520a57649ec47eeebdb5fa6370c.udd" 4938
"C:/Users/emanu/AppData/Local/UnrealEngine/Common/DerivedDataCache/Buckets/StaticMesh/58/b4/7324b65f868fdb6debed7adf392dadfacb3b.udd" 4939
"C:/Users/emanu/AppData/Local/UnrealEngine/Common/DerivedDataCache/Buckets/LegacyDIST/d3/42/892ee0c532df5c864118245957e12f467ea9.udd" 4940
"C:/Users/emanu/AppData/Local/UnrealEngine/Common/DerivedDataCache/Buckets/StaticMesh/41/c2/468a73db4940d6c5c05ff8614945ead68aa4.udd" 4941
"C:/Users/emanu/AppData/Local/UnrealEngine/Common/DerivedDataCache/Buckets/LegacyDIST/54/b8/6aaa2108ea8f303f88fc98d128eb440c4ed3.udd" 4942
"C:/Users/emanu/AppData/Local/UnrealEngine/Common/DerivedDataCache/Buckets/LegacyCARD/a7/db/00bde676ffbcf98d2ddb663d6e4614077b66.udd" 4943
"C:/Users/emanu/AppData/Local/UnrealEngine/Common/DerivedDataCache/Buckets/LegacyCARD/71/5f/b24a039c0831f8a1f099fdea368673068d63.udd" 4944
"C:/Users/emanu/AppData/Local/UnrealEngine/Common/DerivedDataCache/Buckets/StaticMesh/40/6c/d2b2b5157ab21659ddd5a47539dd2dd4dbf9.udd" 4945
"C:/Users/emanu/AppData/Local/UnrealEngine/Common/DerivedDataCache/Buckets/LegacyNavCollision/7e/6d/2f97cca0e1511f575e1fb246eb785a3f74d8.udd" 4946
"C:/Users/emanu/AppData/Local/UnrealEngine/Common/DerivedDataCache/Buckets/LegacyDIST/c8/e1/64a88a359bb34f54b7c19448d3fb059fcb4e.udd" 4947
"C:/Users/emanu/AppData/Local/UnrealEngine/Common/DerivedDataCache/Buckets/StaticMesh/6c/a8/94733e86f3dc76727655387233c8caaeb57e.udd" 4948
"C:/Users/emanu/AppData/Local/UnrealEngine/Common/DerivedDataCache/Buckets/LegacyDIST/10/6b/80f47295d845291ef01dc5f5597e533981ad.udd" 4949
"C:/Users/emanu/AppData/Local/UnrealEngine/Common/DerivedDataCache/Buckets/LegacyCARD/d3/e9/781bd18ff0aede43d2da889e3420300f39c9.udd" 4950
"C:/Users/emanu/AppData/Local/UnrealEngine/Common/DerivedDataCache/Buckets/LegacyCARD/d7/3a/3df9ee9a7284e7571ca0342b7c8565db2efd.udd" 4951
"C:/Users/emanu/AppData/Local/UnrealEngine/Common/DerivedDataCache/Buckets/LegacyNavCollision/27/08/37cf5613b70a0299936a1650465a2c9f5293.udd" 4952
"C:/Users/emanu/AppData/Local/UnrealEngine/Common/DerivedDataCache/Buckets/StaticMesh/66/f3/0f6dd9cf35ad2fb91db6852014ee3ee48c81.udd" 4953
"C:/Users/emanu/AppData/Local/UnrealEngine/Common/DerivedDataCache/Buckets/StaticMesh/cd/64/69487f123cb3de34f5dbd484657d846198c9.udd" 4954
"C:/Users/emanu/AppData/Local/UnrealEngine/Common/DerivedDataCache/Buckets/LegacyDIST/51/68/0fb4431bbe83b3cdeb15c6aaa7ae6e1d1762.udd" 4955
"C:/Users/emanu/AppData/Local/UnrealEngine/Common/DerivedDataCache/Buckets/LegacyDIST/ed/97/6a0297d67d4c318fb4a4c0e96ce83020d112.udd" 4956
"C:/Users/emanu/AppData/Local/UnrealEngine/Common/DerivedDataCache/Buckets/LegacyCARD/bf/0f/4d1cb6c35ef0712bf32b1c1a91367b4a909e.udd" 4957
"C:/Users/emanu/AppData/Local/UnrealEngine/Common/DerivedDataCache/Buckets/LegacyCARD/1c/0f/c8db048f1ada36829912c207cb2c3be31ac8.udd" 4958
"C:/Users/emanu/AppData/Local/UnrealEngine/Common/DerivedDataCache/Buckets/LegacyNavCollision/f4/4d/9199ead439693d784723ae3aa79102c7b67c.udd" 4959
"C:/Users/emanu/AppData/Local/UnrealEngine/Common/DerivedDataCache/Buckets/StaticMesh/32/0b/0d3e6e08108391a83991d3551cd4333be7c9.udd" 4960
"C:/Users/emanu/AppData/Local/UnrealEngine/Common/DerivedDataCache/Buckets/LegacyDIST/18/ea/9528714bf0969de52a416d3ccdbb8084f5a3.udd" 4961
"C:/Users/emanu/AppData/Local/UnrealEngine/Common/DerivedDataCache/Buckets/StaticMesh/11/de/09ed68596ae651f3313acc52edcd7ba5b644.udd" 4962
"C:/Users/emanu/AppData/Local/UnrealEngine/Common/DerivedDataCache/Buckets/LegacyCARD/d7/17/f8d036375e9a02b7b8b5867ec4d19702b03e.udd" 4963
"C:/Users/emanu/AppData/Local/UnrealEngine/Common/DerivedDataCache/Buckets/LegacyDIST/c4/b3/a65cc8345baee25114e3db0bfb7783f2112c.udd" 4964
"C:/Users/emanu/AppData/Local/UnrealEngine/Common/DerivedDataCache/Buckets/StaticMesh/f5/49/3d92ee19a15a965206efb440807e52b0f8ae.udd" 4965
"C:/Users/emanu/AppData/Local/UnrealEngine/Common/DerivedDataCache/Buckets/LegacyDIST/c9/02/a91f162eb49249c918ba68fa1c191c58c31e.udd" 4966
"C:/Users/emanu/AppData/Local/UnrealEngine/Common/DerivedDataCache/Buckets/LegacyCARD/15/48/8d6269dea47589941f9f19ce32283d807006.udd" 4967
"C:/Users/emanu/AppData/Local/UnrealEngine/Common/DerivedDataCache/Buckets/LegacyCARD/4d/bf/1d7aa4011a27f0af2459fbcc2859eff96eff.udd" 4968
"C:/Users/emanu/AppData/Local/UnrealEngine/Common/DerivedDataCache/Buckets/LegacyNavCollision/31/62/f116924507850c4d2b4a41107c482030a0bd.udd" 4969
"C:/Users/emanu/AppData/Local/UnrealEngine/Common/DerivedDataCache/Buckets/LegacyNavCollision/98/db/efe264659ee2abf22e9e59057f160b0ce44d.udd" 4970
"C:/Users/emanu/AppData/Local/UnrealEngine/Common/DerivedDataCache/Buckets/StaticMesh/43/b3/d1667d4f73931ae2933be6d598f45dc9aeb4.udd" 4971
"C:/Users/emanu/AppData/Local/UnrealEngine/Common/DerivedDataCache/Buckets/StaticMesh/5b/53/9c878687f3f73828fb62bb2cc48ce45b3ecb.udd" 4972
"C:/Users/emanu/AppData/Local/UnrealEngine/Common/DerivedDataCache/Buckets/LegacyDIST/9c/47/f1be81783ea361f2d0cce884e600e2a0b62c.udd" 4973
"C:/Users/emanu/AppData/Local/UnrealEngine/Common/DerivedDataCache/Buckets/LegacyDIST/27/25/5fa5dd8b69b7165d1b7d7c2bc431e12d27dc.udd" 4974
"C:/Users/emanu/AppData/Local/UnrealEngine/Common/DerivedDataCache/Buckets/LegacyCARD/5b/fd/e4df1244f7c963cba6be30db00e7eee6781e.udd" 4975
"C:/Users/emanu/AppData/Local/UnrealEngine/Common/DerivedDataCache/Buckets/LegacyCARD/96/87/59b49e835a47d13b32299e1e2864f705e938.udd" 4976
"C:/Users/emanu/AppData/Local/UnrealEngine/Common/DerivedDataCache/Buckets/StaticMesh/18/84/b0d55f2964f533ca7797049cf25122532c80.udd" 4977
"C:/Users/emanu/AppData/Local/UnrealEngine/Common/DerivedDataCache/Buckets/StaticMesh/97/62/330ed52b0be6217f1aa983519394790cff1a.udd" 4978
"C:/Users/emanu/AppData/Local/UnrealEngine/Common/DerivedDataCache/Buckets/LegacyDIST/99/1f/7f33c40a92fc05f67af6bf5e082a6cb58b80.udd" 4979
"C:/Users/emanu/AppData/Local/UnrealEngine/Common/DerivedDataCache/Buckets/LegacyDIST/ea/7e/d769623dc1c368fb8115080d6785ec33d07e.udd" 4980
"C:/Users/emanu/AppData/Local/UnrealEngine/Common/DerivedDataCache/Buckets/LegacyCARD/32/97/6d81e827c95fa11ada6bfec5fae347be2019.udd" 4981
"C:/Users/emanu/AppData/Local/UnrealEngine/Common/DerivedDataCache/Buckets/LegacyCARD/7c/a9/067211c52c51092e76b905e6628d6e75c661.udd" 4982
"C:/Users/emanu/AppData/Local/UnrealEngine/Common/DerivedDataCache/Buckets/LegacyNavCollision/06/6a/e373d3144637f9b04b654cb3fa75f3ff9b82.udd" 4983
"C:/Users/emanu/AppData/Local/UnrealEngine/Common/DerivedDataCache/Buckets/LegacyNavCollision/05/96/cb9fb899acdfa6f1bb1138e34148c75b72d3.udd" 4984
"C:/Users/emanu/AppData/Local/UnrealEngine/Common/DerivedDataCache/Buckets/StaticMesh/7b/e9/e6c419fa9508850aa1991632d2cd1b31d788.udd" 4985
"C:/Users/emanu/AppData/Local/UnrealEngine/Common/DerivedDataCache/Buckets/StaticMesh/de/26/63d1f798badf3a165d43743e8ddf7028f9ea.udd" 4986
"C:/Users/emanu/AppData/Local/UnrealEngine/Common/DerivedDataCache/Buckets/LegacyDIST/79/a3/9ef62735302220e76d4d96053e56558e03af.udd" 4987
"C:/Users/emanu/AppData/Local/UnrealEngine/Common/DerivedDataCache/Buckets/LegacyDIST/98/60/480c5a8f96aa6933c1b48434a09e50a09aa0.udd" 4988
"C:/Users/emanu/AppData/Local/UnrealEngine/Common/DerivedDataCache/Buckets/LegacyCARD/0b/d8/08a6fb85ef5f1523042ce24e123eee76253b.udd" 4989
"C:/Users/emanu/AppData/Local/UnrealEngine/Common/DerivedDataCache/Buckets/StaticMesh/65/36/6669055b8acfbdab8fb370f77cd50be1c836.udd" 4990
"C:/Users/emanu/AppData/Local/UnrealEngine/Common/DerivedDataCache/Buckets/LegacyDIST/b2/ff/cc871251bb7a6936d1749c994dda7ecdea5c.udd" 4991
"C:/Users/emanu/AppData/Local/UnrealEngine/Common/DerivedDataCache/Buckets/LegacyCARD/45/96/f74e0e04e4f4c551cde8096d24a51ebbbdf1.udd" 4992
"C:/Users/emanu/AppData/Local/UnrealEngine/Common/DerivedDataCache/Buckets/LegacyCARD/1f/14/5028250a9f131296bbc272bfb648c4445aed.udd" 4993
"C:/Users/emanu/AppData/Local/UnrealEngine/Common/DerivedDataCache/Buckets/LegacyNavCollision/08/7c/8cc3c106b9698d38f9f3e902e0e007e0e1b2.udd" 4994
"C:/Users/emanu/AppData/Local/UnrealEngine/Common/DerivedDataCache/Buckets/StaticMesh/51/da/ede37116a3c0bf9429766e6576102ba92f93.udd" 4995
"C:/Users/emanu/AppData/Local/UnrealEngine/Common/DerivedDataCache/Buckets/LegacyDIST/37/d3/9205c3382a6d3976e3aeb167a962b628a051.udd" 4996
"C:/Users/emanu/AppData/Local/UnrealEngine/Common/DerivedDataCache/Buckets/LegacyCARD/b9/73/d7fd1eba8108a176ff67ecd505ba9e450944.udd" 4997
"C:/Users/emanu/AppData/Local/UnrealEngine/Common/DerivedDataCache/Buckets/StaticMesh/9a/fe/7b50f17b7b4761c7b4699d84758b0d05584f.udd" 4998
"C:/Users/emanu/AppData/Local/UnrealEngine/Common/DerivedDataCache/Buckets/LegacyDIST/2d/97/76cf86a6de39874ef9c72e1ecb680eb59fd1.udd" 4999
"C:/Users/emanu/AppData/Local/UnrealEngine/Common/DerivedDataCache/Buckets/LegacyCARD/6a/36/ebd0466a380bf1a2ff82a64cedc8aaabd08a.udd" 5000
"C:/Users/emanu/AppData/Local/UnrealEngine/Common/DerivedDataCache/Buckets/LegacyNavCollision/ca/8b/32c14df9c796fce17cacd586317dd401f86a.udd" 5001
"C:/Users/emanu/AppData/Local/UnrealEngine/Common/DerivedDataCache/Buckets/StaticMesh/32/97/d8c29adb0e55b33e063e62e303afabbcab85.udd" 5002
"C:/Users/emanu/AppData/Local/UnrealEngine/Common/DerivedDataCache/Buckets/StaticMesh/3e/9f/f214d3150e97a9bca2ac0cd967812e2a4009.udd" 5003
"C:/Users/emanu/AppData/Local/UnrealEngine/Common/DerivedDataCache/Buckets/LegacyDIST/2f/91/1cebd9c0c3ff9643008b278016177d4dd908.udd" 5004
"C:/Users/emanu/AppData/Local/UnrealEngine/Common/DerivedDataCache/Buckets/LegacyDIST/eb/d6/95d582f147af7393f651d750ceed4c47647e.udd" 5005
"C:/Users/emanu/AppData/Local/UnrealEngine/Common/DerivedDataCache/Buckets/LegacyCARD/70/6f/280cdb02502767b95acba4b0c9e21bff2b42.udd" 5006
"C:/Users/emanu/AppData/Local/UnrealEngine/Common/DerivedDataCache/Buckets/LegacyNavCollision/f2/12/2d0c1d6323cc5f0e1c3b0f9375e7b159a35e.udd" 5007
"C:/Users/emanu/AppData/Local/UnrealEngine/Common/DerivedDataCache/Buckets/StaticMesh/2d/7e/956b175b7d926de215a3a5d6f784214a7c20.udd" 5008
"C:/Users/emanu/AppData/Local/UnrealEngine/Common/DerivedDataCache/Buckets/LegacyCARD/2c/1e/0bcf5bc09ea45ee79908d21ce854fcfceb2c.udd" 5009
"C:/Users/emanu/AppData/Local/UnrealEngine/Common/DerivedDataCache/Buckets/LegacyDIST/53/24/fd7ad883885896b58f0d7b73642f7a691d33.udd" 5010
"C:/Users/emanu/AppData/Local/UnrealEngine/Common/DerivedDataCache/Buckets/LegacyCARD/1e/f5/10ddb1da66dee32e726e45f2d7110ba9afd2.udd" 5011
"C:/Users/emanu/AppData/Local/UnrealEngine/Common/DerivedDataCache/Buckets/StaticMesh/2a/37/463778b494ff93696ea59d1b2af5454eb5a4.udd" 5012
"C:/Users/emanu/AppData/Local/UnrealEngine/Common/DerivedDataCache/Buckets/LegacyDIST/1a/3e/331be4dc9d65ed61defcba89ee5c7fde8b5c.udd" 5013
"C:/Users/emanu/AppData/Local/UnrealEngine/Common/DerivedDataCache/Buckets/StaticMesh/a0/2b/54bdf1d5a279fc67c680bac7671f24ee81b3.udd" 5014
"C:/Users/emanu/AppData/Local/UnrealEngine/Common/DerivedDataCache/Buckets/LegacyDIST/ba/e6/d584676f954ed3575f348623b8e840917d2d.udd" 5015
"C:/Users/emanu/AppData/Local/UnrealEngine/Common/DerivedDataCache/Buckets/LegacyCARD/17/4e/f9a1f8a6c5ddb90708fb2a48a2cfa1af9bda.udd" 5016
"C:/Users/emanu/AppData/Local/UnrealEngine/Common/DerivedDataCache/Buckets/LegacyNavCollision/4e/86/02e513c8edd65cd8dae7147e76c91cf80a7b.udd" 5017
"C:/Users/emanu/AppData/Local/UnrealEngine/Common/DerivedDataCache/Buckets/StaticMesh/72/47/8be69d4fa54d2be2f567fc1ecff33185e8d3.udd" 5018
"C:/Users/emanu/AppData/Local/UnrealEngine/Common/DerivedDataCache/Buckets/LegacyCARD/29/ff/3709543c6b2696a28493213312771ea8450f.udd" 5019
"C:/Users/emanu/AppData/Local/UnrealEngine/Common/DerivedDataCache/Buckets/LegacyDIST/f3/33/5dfafd6dde1f1b311fde4a2ee66eef26ca85.udd" 5020
"C:/Users/emanu/AppData/Local/UnrealEngine/Common/DerivedDataCache/Buckets/LegacyCARD/55/5c/504a0221644ca8d5b59d90b586b326e90f6b.udd" 5021
"C:/Users/emanu/AppData/Local/UnrealEngine/Common/DerivedDataCache/Buckets/LegacyNavCollision/b0/86/de68f6f5dacb413aea486fb4a1c4f0d274f8.udd" 5022
"C:/Users/emanu/AppData/Local/UnrealEngine/Common/DerivedDataCache/Buckets/StaticMesh/72/08/ebb2cc38970de34cfbddde43f7ddcd8ba1fd.udd" 5023
"C:/Users/emanu/AppData/Local/UnrealEngine/Common/DerivedDataCache/Buckets/LegacyDIST/a9/a8/17c7628bb25be3909724138c49cf74b16198.udd" 5024
"C:/Users/emanu/AppData/Local/UnrealEngine/Common/DerivedDataCache/Buckets/LegacyCARD/ce/3c/3debd595a6e7ab4b22e6792469e0177793e0.udd" 5025
"C:/Users/emanu/AppData/Local/UnrealEngine/Common/DerivedDataCache/Buckets/StaticMesh/63/cd/93d3ea52aeca26be1dfd7dbe002ff6412773.udd" 5026
"C:/Users/emanu/AppData/Local/UnrealEngine/Common/DerivedDataCache/Buckets/StaticMesh/89/b2/0f704820033a1b683c9cd5bb6cc69ab9a3c6.udd" 5027
"C:/Users/emanu/AppData/Local/UnrealEngine/Common/DerivedDataCache/Buckets/LegacyDIST/50/93/8f48af1e0643d567833b6c8d41066b86982f.udd" 5028
"C:/Users/emanu/AppData/Local/UnrealEngine/Common/DerivedDataCache/Buckets/LegacyDIST/6f/7c/fc61d6255ef7c047da1f5d51ebf97d38737d.udd" 5029
"C:/Users/emanu/AppData/Local/UnrealEngine/Common/DerivedDataCache/Buckets/LegacyCARD/b1/fb/c1d74829e0d57290269d73ab9f3cd34a6495.udd" 5030
"C:/Users/emanu/AppData/Local/UnrealEngine/Common/DerivedDataCache/Buckets/LegacyCARD/67/b5/73e23be85d18ef704de11e8cc1fc1e86c2b4.udd" 5031
"C:/Users/emanu/AppData/Local/UnrealEngine/Common/DerivedDataCache/Buckets/LegacyNavCollision/ea/17/bc523d27fa3ef95c67b6210b8a3fd96b58ae.udd" 5032
"C:/Users/emanu/AppData/Local/UnrealEngine/Common/DerivedDataCache/Buckets/LegacyNavCollision/5c/d4/3328051ec88f2e6f8d2dd8e07a0383490b44.udd" 5033
"C:/Users/emanu/AppData/Local/UnrealEngine/Common/DerivedDataCache/Buckets/StaticMesh/68/7d/a473b377684e49f04a9b24776696740b16d4.udd" 5034
"C:/Users/emanu/AppData/Local/UnrealEngine/Common/DerivedDataCache/Buckets/StaticMesh/6a/68/a9e4d5fb1317a3f0815fd365aeba063c14b0.udd" 5035
"C:/Users/emanu/AppData/Local/UnrealEngine/Common/DerivedDataCache/Buckets/LegacyDIST/2e/04/b65d9d18f3ff77b5aabeba101967affaec50.udd" 5036
"C:/Users/emanu/AppData/Local/UnrealEngine/Common/DerivedDataCache/Buckets/LegacyCARD/47/bc/a568d2fc1adcc299c405c95eb9f2bf090d91.udd" 5037
"C:/Users/emanu/AppData/Local/UnrealEngine/Common/DerivedDataCache/Buckets/LegacyDIST/20/cd/ca3404a87e4d4f1737849d6752bd056553d0.udd" 5038
"C:/Users/emanu/AppData/Local/UnrealEngine/Common/DerivedDataCache/Buckets/LegacyCARD/20/7c/18fabb6e308edd91d3e84b59ab5291e68b98.udd" 5039
"C:/Users/emanu/AppData/Local/UnrealEngine/Common/DerivedDataCache/Buckets/LegacyChaosGeometryData/22/1b/dc18ce936e0246c6e65214f2f8d52376f67c.udd" 5040
"C:/Users/emanu/AppData/Local/UnrealEngine/Common/DerivedDataCache/Buckets/StaticMesh/4c/27/af87e4cdc1c0e0bc0ed7f00d3cbb4dd4f03a.udd" 5041
"C:/Users/emanu/AppData/Local/UnrealEngine/Common/DerivedDataCache/Buckets/StaticMesh/1a/f1/4cb83bc6e85605b965d9f7fb66574245b267.udd" 5042
"C:/Users/emanu/AppData/Local/UnrealEngine/Common/DerivedDataCache/Buckets/LegacyDIST/c9/ef/8840d531c025254725b7cb14d95a10bf73ed.udd" 5043
"C:/Users/emanu/AppData/Local/UnrealEngine/Common/DerivedDataCache/Buckets/LegacyCARD/d3/8e/1f00bec472873165647a8b6bd2d1afcdf500.udd" 5044
"C:/Users/emanu/AppData/Local/UnrealEngine/Common/DerivedDataCache/Buckets/LegacyNavCollision/c7/a7/d7d8299111de914e24984dbad8e3042eb50b.udd" 5045
"C:/Users/emanu/AppData/Local/UnrealEngine/Common/DerivedDataCache/Buckets/StaticMesh/90/77/5a944ff13031fcb583113de08740aeef3506.udd" 5046
"C:/Users/emanu/AppData/Local/UnrealEngine/Common/DerivedDataCache/Buckets/LegacyDIST/dc/5d/f46b63f39c142913ec8a2551db2380bebcd7.udd" 5047
"C:/Users/emanu/AppData/Local/UnrealEngine/Common/DerivedDataCache/Buckets/LegacyDIST/81/28/0ce6d6a6378f3ba829d06d8cc91e5107a379.udd" 5048
"C:/Users/emanu/AppData/Local/UnrealEngine/Common/DerivedDataCache/Buckets/LegacyCARD/dc/a5/c1c18c82cd9d62386b8216f8cc63e0c4605c.udd" 5049
"C:/Users/emanu/AppData/Local/UnrealEngine/Common/DerivedDataCache/Buckets/LegacyCARD/fb/40/f0958922f8ea43e0ce138b6356135fd1e0a1.udd" 5050
"C:/Users/emanu/AppData/Local/UnrealEngine/Common/DerivedDataCache/Buckets/LegacyNavCollision/50/ad/214aaf7b3250a38d576e62cdd4800f0e4f8c.udd" 5051
"C:/Users/emanu/AppData/Local/UnrealEngine/Common/DerivedDataCache/Buckets/StaticMesh/56/44/ebe2e704e75beb14f1c7a06919540cf7b843.udd" 5052
"C:/Users/emanu/AppData/Local/UnrealEngine/Common/DerivedDataCache/Buckets/StaticMesh/83/bf/c6a94423dbd0eb92a2a207b39bbe90cca613.udd" 5053
"C:/Users/emanu/AppData/Local/UnrealEngine/Common/DerivedDataCache/Buckets/LegacyDIST/31/c2/18d07a93caca8b82092e524c13406b6dcab6.udd" 5054
"C:/Users/emanu/AppData/Local/UnrealEngine/Common/DerivedDataCache/Buckets/LegacyCARD/94/d0/994e1b177c3ce6976762517a777fbcaa91f7.udd" 5055
"C:/Users/emanu/AppData/Local/UnrealEngine/Common/DerivedDataCache/Buckets/LegacyNavCollision/38/b7/4d7a8ca44ff2ad3753c8c9a09b58ee954e5d.udd" 5056
"C:/Users/emanu/AppData/Local/UnrealEngine/Common/DerivedDataCache/Buckets/StaticMesh/46/9e/2ec1b2cc8b0e56715400d230a8c57484903e.udd" 5057
"C:/Users/emanu/AppData/Local/UnrealEngine/Common/DerivedDataCache/Buckets/LegacyDIST/7e/45/7c04400ed8914be8d1335026b74c21174805.udd" 5058
"C:/Users/emanu/AppData/Local/UnrealEngine/Common/DerivedDataCache/Buckets/LegacyDIST/af/42/83e0cc35acc9e516ff51b2b86403b78b7fa0.udd" 5059
"C:/Users/emanu/AppData/Local/UnrealEngine/Common/DerivedDataCache/Buckets/LegacyCARD/d8/b7/d49168c5daac1546b515f2ba99c849826fae.udd" 5060
"C:/Users/emanu/AppData/Local/UnrealEngine/Common/DerivedDataCache/Buckets/LegacyCARD/2a/5f/5b2b663659ab8a4811a1992c670cc33f8309.udd" 5061
"C:/Users/emanu/AppData/Local/UnrealEngine/Common/DerivedDataCache/Buckets/LegacyChaosGeometryData/e6/75/f3734825c8aad1b3d382976ce7774856881e.udd" 5062
"C:/Users/emanu/AppData/Local/UnrealEngine/Common/DerivedDataCache/Buckets/StaticMesh/7e/77/b82dbcfe62fe73111029b830c6ca71e7b102.udd" 5063
"C:/Users/emanu/AppData/Local/UnrealEngine/Common/DerivedDataCache/Buckets/StaticMesh/e5/6b/0f1ddc64883380f263616d70b27b9b8a9346.udd" 5064
"C:/Users/emanu/AppData/Local/UnrealEngine/Common/DerivedDataCache/Buckets/LegacyDIST/a9/e8/7433416fa26a7350f7750f1f0c75086f8c38.udd" 5065
"C:/Users/emanu/AppData/Local/UnrealEngine/Common/DerivedDataCache/Buckets/LegacyDIST/66/90/d432e5496dea7d53783912b3ec55b89ffc90.udd" 5066
"C:/Users/emanu/AppData/Local/UnrealEngine/Common/DerivedDataCache/Buckets/LegacyCARD/3a/5b/bbedbc5aa48acc3e1c2e20bafcbf376bb442.udd" 5067
"C:/Users/emanu/AppData/Local/UnrealEngine/Common/DerivedDataCache/Buckets/LegacyNavCollision/7b/55/b4562b378fcabfa5f7bcbbfc4d12e39e0ba3.udd" 5068
"C:/Users/emanu/AppData/Local/UnrealEngine/Common/DerivedDataCache/Buckets/LegacyCARD/8d/6b/4dd5c9805c4c761ade20c048b55ccc77f9c3.udd" 5069
"C:/Users/emanu/AppData/Local/UnrealEngine/Common/DerivedDataCache/Buckets/LegacyNavCollision/01/37/9268feaaad33cdf60efed8d0c3df93b5f49b.udd" 5070
"C:/Users/emanu/AppData/Local/UnrealEngine/Common/DerivedDataCache/Buckets/StaticMesh/dd/08/00ab0f52e4317a3aa0b8696d93576bcd65c2.udd" 5071
"C:/Users/emanu/AppData/Local/UnrealEngine/Common/DerivedDataCache/Buckets/LegacyDIST/ff/5f/f4373621e526dc6e2d7559f4260add8330ea.udd" 5072
"C:/Users/emanu/AppData/Local/UnrealEngine/Common/DerivedDataCache/Buckets/LegacyCARD/6a/e5/7aa109d50e62d2cf50d1528bb46be1b4ddad.udd" 5073
"C:/Users/emanu/AppData/Local/UnrealEngine/Common/DerivedDataCache/Buckets/StaticMesh/02/1a/8cd64e198d8268f66580e90a64e5f2f7a635.udd" 5074
"C:/Users/emanu/AppData/Local/UnrealEngine/Common/DerivedDataCache/Buckets/LegacyDIST/07/90/bf29e50968842a24ef57308974dc8d99d9ba.udd" 5075
"C:/Users/emanu/AppData/Local/UnrealEngine/Common/DerivedDataCache/Buckets/LegacyCARD/d4/52/3c48bb48ee7c6cc4a726eec7abc6c52cb059.udd" 5076
"C:/Users/emanu/AppData/Local/UnrealEngine/Common/DerivedDataCache/Buckets/LegacyNavCollision/a2/3f/629828eae9db6723f25a3739154df74ffba6.udd" 5077
"C:/Users/emanu/AppData/Local/UnrealEngine/Common/DerivedDataCache/Buckets/StaticMesh/4c/3a/68f554869cd19f0d3623227e0d42b23b8855.udd" 5078
"C:/Users/emanu/AppData/Local/UnrealEngine/Common/DerivedDataCache/Buckets/LegacyDIST/a5/fe/ff3c6428deb24de3cd34095bd749f9adbc74.udd" 5079
"C:/Users/emanu/AppData/Local/UnrealEngine/Common/DerivedDataCache/Buckets/LegacyCARD/51/96/ff9974f4b6be3247c1951df57e9b5ea43720.udd" 5080
"C:/Users/emanu/AppData/Local/UnrealEngine/Common/DerivedDataCache/Buckets/LegacySTREAMEDAUDIO/d6/83/eee4ff905b2fce8fd41dc7dfadbe410c0b50.udd" 5081
"C:/Users/emanu/AppData/Local/UnrealEngine/Common/DerivedDataCache/Buckets/LegacySTREAMEDAUDIO/6b/7b/fe20ec9eb3915158408ea88a3bc829da436d.udd" 5082
"C:/Users/emanu/AppData/Local/UnrealEngine/Common/DerivedDataCache/Buckets/StaticMesh/88/0a/82cb6a66b2bf83eb7f11c96b02c5f88393eb.udd" 5083
"C:/Users/emanu/AppData/Local/UnrealEngine/Common/DerivedDataCache/Buckets/LegacyDIST/3a/96/71b4a5b13bf7147a1fedd19a706e9d336107.udd" 5084
"C:/Users/emanu/AppData/Local/UnrealEngine/Common/DerivedDataCache/Buckets/LegacyCARD/07/62/34648266ef1c510d3d5b20691882de3c316b.udd" 5085
"C:/Users/emanu/AppData/Local/UnrealEngine/Common/DerivedDataCache/Buckets/LegacyNavCollision/a3/30/2580828ed6a1066c26654fe2aacea42582a8.udd" 5086
"C:/Users/emanu/AppData/Local/UnrealEngine/Common/DerivedDataCache/Buckets/LegacySTREAMEDAUDIO/f8/c6/ff15b867c2cc2456e218c487b6019906e07c.udd" 5087
"C:/Users/emanu/AppData/Local/UnrealEngine/Common/DerivedDataCache/Buckets/LegacySTREAMEDAUDIO/5e/af/2e84029e9df4e2f73b0a1b2133ca66cf6b15.udd" 5088
"C:/Users/emanu/AppData/Local/UnrealEngine/Common/DerivedDataCache/Buckets/LegacySTREAMEDAUDIO/7c/c4/1c3c3d5fe8d3310622d5b780ad785aca86d3.udd" 5089
"C:/Users/emanu/AppData/Local/UnrealEngine/Common/DerivedDataCache/Buckets/LegacySTREAMEDAUDIO/e3/e2/32d5916faab218ea07abb0e2c21b0b6f5ae0.udd" 5090
"C:/Users/emanu/AppData/Local/UnrealEngine/Common/DerivedDataCache/Buckets/LegacySTREAMEDAUDIO/05/1b/72e4fa4739f420b9a2b9cd969f4a66c8031e.udd" 5091
"C:/Users/emanu/AppData/Local/UnrealEngine/Common/DerivedDataCache/Buckets/LegacySTREAMEDAUDIO/7e/2e/73950d691c780a696ac0d9071fc8824ffaa3.udd" 5092
"C:/Users/emanu/AppData/Local/UnrealEngine/Common/DerivedDataCache/Buckets/LegacySTREAMEDAUDIO/a4/22/7c8a3c67bece86412187dfbc221976a884b1.udd" 5093
"C:/Users/emanu/AppData/Local/UnrealEngine/Common/DerivedDataCache/Buckets/LegacySTREAMEDAUDIO/76/d6/c545bfebb39c4cae14e6147abcc2dbe62c20.udd" 5094
"C:/Users/emanu/AppData/Local/UnrealEngine/Common/DerivedDataCache/Buckets/LegacySTREAMEDAUDIO/52/02/40a38359f2df34147e3330edba42b5fb789f.udd" 5095
"C:/Users/emanu/AppData/Local/UnrealEngine/Common/DerivedDataCache/Buckets/LegacySTREAMEDAUDIO/d3/4c/dc416c0d1f7d96672f9853f2c04a61a11840.udd" 5096
"C:/Users/emanu/AppData/Local/UnrealEngine/Common/DerivedDataCache/Buckets/LegacySTREAMEDAUDIO/f3/f9/65f420a0522f4be49e94a5c43b066f044548.udd" 5097
"C:/Users/emanu/AppData/Local/UnrealEngine/Common/DerivedDataCache/Buckets/LegacySTREAMEDAUDIO/0c/a7/791ccbc52e021d8b8811d2452bae0d862c3b.udd" 5098
"C:/Users/emanu/AppData/Local/UnrealEngine/Common/DerivedDataCache/Buckets/LegacySTREAMEDAUDIO/a0/88/21b66d6d80ce37799d10f055703014bd3c91.udd" 5099
"C:/Users/emanu/AppData/Local/UnrealEngine/Common/DerivedDataCache/Buckets/LegacySTREAMEDAUDIO/b9/5d/ac0328ba94e7f545b4faf4d877b3037083d6.udd" 5100
"C:/Users/emanu/AppData/Local/UnrealEngine/Common/DerivedDataCache/Buckets/LegacySTREAMEDAUDIO/bb/4c/283169e010ebb1c861ad2dd3915c9469a1d7.udd" 5101
"C:/Users/emanu/AppData/Local/UnrealEngine/Common/DerivedDataCache/Buckets/LegacySTREAMEDAUDIO/43/3a/9386e4dadeeba8dd13d9705ac0bfd75af94b.udd" 5102
"C:/Users/emanu/AppData/Local/UnrealEngine/Common/DerivedDataCache/Buckets/LegacySTREAMEDAUDIO/64/76/ed8f099f55e08651a27684cc9bd3b12bd170.udd" 5103
"C:/Users/emanu/AppData/Local/UnrealEngine/Common/DerivedDataCache/Buckets/LegacySTREAMEDAUDIO/d6/1e/11c468da096964e034cfaa8247ea8da422b9.udd" 5104
"C:/Users/emanu/AppData/Local/UnrealEngine/Common/DerivedDataCache/Buckets/LegacySTREAMEDAUDIO/37/07/7d0b2b1eaed449576f30dc49e396d6dd1870.udd" 5105
"C:/Users/emanu/AppData/Local/UnrealEngine/Common/DerivedDataCache/Buckets/LegacySTREAMEDAUDIO/ec/18/bc926ce39ab3ca048ced0a8ca07616332680.udd" 5106
"C:/Users/emanu/AppData/Local/UnrealEngine/Common/DerivedDataCache/Buckets/LegacySTREAMEDAUDIO/05/21/e11a092e58072046fed6f5dc617d0a29147c.udd" 5107
"C:/Users/emanu/AppData/Local/UnrealEngine/Common/DerivedDataCache/Buckets/LegacySTREAMEDAUDIO/75/91/f67a7f5f1e6ea58fb52431ec810673d88d0a.udd" 5108
"C:/Users/emanu/AppData/Local/UnrealEngine/Common/DerivedDataCache/Buckets/LegacySTREAMEDAUDIO/79/02/2756b7026b4236018cc9224a40a5f8159ccd.udd" 5109
"C:/Users/emanu/AppData/Local/UnrealEngine/Common/DerivedDataCache/Buckets/LegacySTREAMEDAUDIO/53/b3/fb3564707d0ffd34c3b203f5e663c8ab1fd7.udd" 5110
"C:/Users/emanu/AppData/Local/UnrealEngine/Common/DerivedDataCache/Buckets/LegacySTREAMEDAUDIO/a2/25/935d656eb159bbf00c323df02ec696455bae.udd" 5111
"C:/Users/emanu/AppData/Local/UnrealEngine/Common/DerivedDataCache/Buckets/LegacySTREAMEDAUDIO/2b/27/6c9a7c89a5c20f2d5d4fc60ce0b2c0b6f633.udd" 5112
"C:/Users/emanu/AppData/Local/UnrealEngine/Common/DerivedDataCache/Buckets/LegacySTREAMEDAUDIO/20/6f/1a1de2eea0b0e90e4d41b713a84b92504d4c.udd" 5113
"C:/Users/emanu/AppData/Local/UnrealEngine/Common/DerivedDataCache/Buckets/LegacySTREAMEDAUDIO/4f/6f/4c8587b310fc93d949e91b4141230de11ae1.udd" 5114
"C:/Users/emanu/AppData/Local/UnrealEngine/Common/DerivedDataCache/Buckets/LegacySTREAMEDAUDIO/a4/a4/d39853ab31a52e4c54c3e58815999342130f.udd" 5115
"C:/Users/emanu/AppData/Local/UnrealEngine/Common/DerivedDataCache/Buckets/LegacySTREAMEDAUDIO/e7/a9/ed1d3033d07f20905f4441eef9efa69a6834.udd" 5116
"C:/Users/emanu/AppData/Local/UnrealEngine/Common/DerivedDataCache/Buckets/LegacySTREAMEDAUDIO/b5/df/7702147a06474699efba97e3c1a6ce98034f.udd" 5117
"C:/Users/emanu/AppData/Local/UnrealEngine/Common/DerivedDataCache/Buckets/LegacySTREAMEDAUDIO/75/30/941c217bb3a18057f045157a4519073a379a.udd" 5118
"C:/Users/emanu/AppData/Local/UnrealEngine/Common/DerivedDataCache/Buckets/LegacySTREAMEDAUDIO/34/4c/5c73bc94023ecaee393f648702e45cd26eae.udd" 5119
"C:/Users/emanu/AppData/Local/UnrealEngine/Common/DerivedDataCache/Buckets/LegacySTREAMEDAUDIO/db/5c/525a42d094c4fceecccd9eaa8c9e179eb712.udd" 5120
"C:/Users/emanu/AppData/Local/UnrealEngine/Common/DerivedDataCache/Buckets/LegacySTREAMEDAUDIO/c9/be/4dd4dde20a46ca0e102dacd04279fc4a168f.udd" 5121
"C:/Users/emanu/AppData/Local/UnrealEngine/Common/DerivedDataCache/Buckets/LegacySTREAMEDAUDIO/d9/bd/420638558075a5a7009e388e0706bc60e0ee.udd" 5122
"C:/Users/emanu/AppData/Local/UnrealEngine/Common/DerivedDataCache/Buckets/LegacySTREAMEDAUDIO/1d/7c/fd95cd0150f3e2627cc601c44b783575c133.udd" 5123
"C:/Users/emanu/AppData/Local/UnrealEngine/Common/DerivedDataCache/Buckets/LegacySTREAMEDAUDIO/f7/31/d6a40e1885b77bc1252c74046ff2589086eb.udd" 5124
"C:/Users/emanu/AppData/Local/UnrealEngine/Common/DerivedDataCache/Buckets/LegacySTREAMEDAUDIO/d6/61/05591526d761bc340699cd315b1a63b44aac.udd" 5125
"C:/Users/emanu/AppData/Local/UnrealEngine/Common/DerivedDataCache/Buckets/LegacySTREAMEDAUDIO/3f/6b/e1b7bc8342bd4c82b90bd8bafeba69f24631.udd" 5126
"C:/Users/emanu/AppData/Local/UnrealEngine/Common/DerivedDataCache/Buckets/LegacySTREAMEDAUDIO/00/7a/0aa575c109ca39375f8b9c4ec1af9326f332.udd" 5127
"C:/Users/emanu/AppData/Local/UnrealEngine/Common/DerivedDataCache/Buckets/LegacySTREAMEDAUDIO/82/b3/6cc21a953b648906c468d5c28d3df6656b40.udd" 5128
"C:/Users/emanu/AppData/Local/UnrealEngine/Common/DerivedDataCache/Buckets/LegacySTREAMEDAUDIO/7b/50/c484fb6100d6b7843395d2267246afc7b9ae.udd" 5129
"C:/Users/emanu/AppData/Local/UnrealEngine/Common/DerivedDataCache/Buckets/LegacySTREAMEDAUDIO/1e/d9/90f936784a13b0ace94065b95e8fcf17923f.udd" 5130
"C:/Users/emanu/AppData/Local/UnrealEngine/Common/DerivedDataCache/Buckets/LegacySTREAMEDAUDIO/aa/0c/7fb99a1b01cfc691d1ae8e7ef38de667ad7c.udd" 5131
"C:/Users/emanu/AppData/Local/UnrealEngine/Common/DerivedDataCache/Buckets/LegacySTREAMEDAUDIO/d0/22/c73cf798e64b8badc3cd415f35d91b1cc5e4.udd" 5132
"C:/Users/emanu/AppData/Local/UnrealEngine/Common/DerivedDataCache/Buckets/LegacySTREAMEDAUDIO/c6/2c/90640d14321ae9d049a180fb2b50924a9b46.udd" 5133
"C:/Users/emanu/AppData/Local/UnrealEngine/Common/DerivedDataCache/Buckets/LegacySTREAMEDAUDIO/7c/9c/45723cbab3d5cf144f812b565c10a69bddee.udd" 5134
"C:/Users/emanu/AppData/Local/UnrealEngine/Common/DerivedDataCache/Buckets/LegacySTREAMEDAUDIO/cd/65/c8488b6cb04540c30d322068201d04718642.udd" 5135
"C:/Users/emanu/AppData/Local/UnrealEngine/Common/DerivedDataCache/Buckets/LegacySTREAMEDAUDIO/63/0a/fefa57ef1424f57461861693a3bf47c6baa2.udd" 5136
"C:/Users/emanu/AppData/Local/UnrealEngine/Common/DerivedDataCache/Buckets/LegacySTREAMEDAUDIO/2a/cb/9ed12f85269b9dc857328a445f5d2c87521c.udd" 5137
"C:/Users/emanu/AppData/Local/UnrealEngine/Common/DerivedDataCache/Buckets/LegacySTREAMEDAUDIO/4b/69/a5130a8485f0a5c416c47ccc1719a7088af7.udd" 5138
"C:/Users/emanu/AppData/Local/UnrealEngine/Common/DerivedDataCache/Buckets/LegacySTREAMEDAUDIO/2d/15/46f75e3499898f0c847b2bf4be454c17803a.udd" 5139
"C:/Users/emanu/AppData/Local/UnrealEngine/Common/DerivedDataCache/Buckets/LegacySTREAMEDAUDIO/d1/70/52e17b186bcba076ccfb594c2fbc80a1c735.udd" 5140
"C:/Users/emanu/AppData/Local/UnrealEngine/Common/DerivedDataCache/Buckets/LegacySTREAMEDAUDIO/fa/ae/23ad149729fdafe19937fca642500bc796fc.udd" 5141
"C:/Users/emanu/AppData/Local/UnrealEngine/Common/DerivedDataCache/Buckets/LegacySTREAMEDAUDIO/fd/7c/d87fbf0eeace4ead7c352cc6d5aa1fe568d1.udd" 5142
"C:/Users/emanu/AppData/Local/UnrealEngine/Common/DerivedDataCache/Buckets/LegacySTREAMEDAUDIO/b3/eb/b10d56f1f279b0a3dd6dbb024e20a832d9d1.udd" 5143
"C:/Users/emanu/AppData/Local/UnrealEngine/Common/DerivedDataCache/Buckets/LegacySTREAMEDAUDIO/e9/14/8fc05a9449143a9d0cf520972be5a2ed96cf.udd" 5144
"C:/Users/emanu/AppData/Local/UnrealEngine/Common/DerivedDataCache/Buckets/LegacySTREAMEDAUDIO/8a/c6/f98715d232540ba27fc4eca9851d0e46ccf6.udd" 5145
"C:/Users/emanu/AppData/Local/UnrealEngine/Common/DerivedDataCache/Buckets/LegacySTREAMEDAUDIO/75/3d/6d1bc9e981da5a2bbdd48d2fa8fc03e61595.udd" 5146
"C:/Users/emanu/AppData/Local/UnrealEngine/Common/DerivedDataCache/Buckets/LegacySTREAMEDAUDIO/68/a0/21d0b12afd77a68122ddc2f5c37623e545c3.udd" 5147
"C:/Users/emanu/AppData/Local/UnrealEngine/Common/DerivedDataCache/Buckets/LegacySTREAMEDAUDIO/4e/11/3d67a5fab3172abd418a2ec72b0525e6cb1d.udd" 5148
"C:/Users/emanu/AppData/Local/UnrealEngine/Common/DerivedDataCache/Buckets/LegacySTREAMEDAUDIO/64/68/44962beec5a3576b92b34461e873584c7954.udd" 5149
"C:/Users/emanu/AppData/Local/UnrealEngine/Common/DerivedDataCache/Buckets/LegacySTREAMEDAUDIO/a0/46/116e81da2054eb9680e6ce3d43ed2073083d.udd" 5150
"C:/Users/emanu/AppData/Local/UnrealEngine/Common/DerivedDataCache/Buckets/LegacySTREAMEDAUDIO/bf/a2/5e07e7c890aeafe783253513d758a092d35a.udd" 5151
"C:/Users/emanu/AppData/Local/UnrealEngine/Common/DerivedDataCache/Buckets/LegacySTREAMEDAUDIO/61/e3/0de2c2ff4895b071c89d81d4fd727dbc4910.udd" 5152
"C:/Users/emanu/AppData/Local/UnrealEngine/Common/DerivedDataCache/Buckets/LegacySTREAMEDAUDIO/09/c1/388d72d86f6cecf6809544dafc2c5be6e25d.udd" 5153
"C:/Users/emanu/AppData/Local/UnrealEngine/Common/DerivedDataCache/Buckets/LegacySTREAMEDAUDIO/72/74/29ac303cf5857c25214861f55f297ec8eaae.udd" 5154
"C:/Users/emanu/AppData/Local/UnrealEngine/Common/DerivedDataCache/Buckets/LegacySTREAMEDAUDIO/81/08/b6db6d8270470f224b817ec6fef3eba62c53.udd" 5155
"C:/Users/emanu/AppData/Local/UnrealEngine/Common/DerivedDataCache/Buckets/LegacySTREAMEDAUDIO/77/3e/9f6b26e45feaf33d92052d3b489870235936.udd" 5156
"C:/Users/emanu/AppData/Local/UnrealEngine/Common/DerivedDataCache/Buckets/LegacySTREAMEDAUDIO/99/f0/59241d271c6583f30b29a4fed93f240ec44e.udd" 5157
"C:/Users/emanu/AppData/Local/UnrealEngine/Common/DerivedDataCache/Buckets/LegacySTREAMEDAUDIO/80/55/ba55b9c4734c9b569a70748a64b7c46f8cab.udd" 5158
"C:/Users/emanu/AppData/Local/UnrealEngine/Common/DerivedDataCache/Buckets/LegacySTREAMEDAUDIO/f0/d4/b5d5eb5d7b43686edced68ad4efddc45730c.udd" 5159
"C:/Users/emanu/AppData/Local/UnrealEngine/Common/DerivedDataCache/Buckets/LegacySTREAMEDAUDIO/b7/8e/f0f178edd665d7104877083b0d4868a1b442.udd" 5160
"C:/Users/emanu/AppData/Local/UnrealEngine/Common/DerivedDataCache/Buckets/LegacySTREAMEDAUDIO/3b/9a/770201cfe28a987fb483d58f3e05813fc99a.udd" 5161
"C:/Users/emanu/AppData/Local/UnrealEngine/Common/DerivedDataCache/Buckets/LegacySTREAMEDAUDIO/48/05/c7f6195e32f0b8fcdf1c65a4953986f2d4d0.udd" 5162
"C:/Users/emanu/AppData/Local/UnrealEngine/Common/DerivedDataCache/Buckets/LegacySTREAMEDAUDIO/27/93/2c3aa7dbcdc2d2c5896c87aef0228b3525e4.udd" 5163
"C:/Users/emanu/AppData/Local/UnrealEngine/Common/DerivedDataCache/Buckets/LegacySTREAMEDAUDIO/fb/6e/6dfb5a73056dd788853874aef52db54b3b64.udd" 5164
"C:/Users/emanu/AppData/Local/UnrealEngine/Common/DerivedDataCache/Buckets/LegacySTREAMEDAUDIO/b1/c3/3ef32bc03140e7e01b191b5a9b2d507051c4.udd" 5165
"C:/Users/emanu/AppData/Local/UnrealEngine/Common/DerivedDataCache/Buckets/LegacySTREAMEDAUDIO/e5/c9/ebbbb9c67da20e37220e9d169d507cafe268.udd" 5166
"C:/Users/emanu/AppData/Local/UnrealEngine/Common/DerivedDataCache/Buckets/LegacySTREAMEDAUDIO/eb/a3/e58236847bb91a8b96d48707bf21af7a8029.udd" 5167
"C:/Users/emanu/AppData/Local/UnrealEngine/Common/DerivedDataCache/Buckets/LegacySTREAMEDAUDIO/3a/f2/4bc7cc0aaece3bd49da740c3f728ace7b1f3.udd" 5168
"C:/Users/emanu/AppData/Local/UnrealEngine/Common/DerivedDataCache/Buckets/LegacySTREAMEDAUDIO/ef/15/ac1748470dcdfe44bb98d888c6f31a5d0282.udd" 5169
"C:/Users/emanu/AppData/Local/UnrealEngine/Common/DerivedDataCache/Buckets/LegacySTREAMEDAUDIO/65/12/255e8ce4b76c27463a1b15b5c29c769c1578.udd" 5170
"C:/Users/emanu/AppData/Local/UnrealEngine/Common/DerivedDataCache/Buckets/LegacySTREAMEDAUDIO/08/d4/b28be19ec4eb42455c9ca9b9c94281d5ee52.udd" 5171
"C:/Users/emanu/AppData/Local/UnrealEngine/Common/DerivedDataCache/Buckets/LegacySTREAMEDAUDIO/3c/8a/a5c1d3cfb35e3bcae1808007aaaf39ad6711.udd" 5172
"C:/Users/emanu/AppData/Local/UnrealEngine/Common/DerivedDataCache/Buckets/LegacySTREAMEDAUDIO/84/45/0171fa9cef108ce5f8215cbd0bd818047a37.udd" 5173
"C:/Users/emanu/AppData/Local/UnrealEngine/Common/DerivedDataCache/Buckets/LegacySTREAMEDAUDIO/1f/0d/989005c88d177358ad2e54b78b83017bb24e.udd" 5174
"C:/Users/emanu/AppData/Local/UnrealEngine/Common/DerivedDataCache/Buckets/LegacySTREAMEDAUDIO/cb/1e/51293d60e9553970ed6f8993bda9bf8ff538.udd" 5175
"C:/Users/emanu/AppData/Local/UnrealEngine/Common/DerivedDataCache/Buckets/LegacySTREAMEDAUDIO/53/d1/66fd60e081e466d86147de63136698cdf370.udd" 5176
"C:/Users/emanu/AppData/Local/UnrealEngine/Common/DerivedDataCache/Buckets/LegacySTREAMEDAUDIO/87/6a/9eca78bc05594111da68b2873803976ec916.udd" 5177
"C:/Users/emanu/AppData/Local/UnrealEngine/Common/DerivedDataCache/Buckets/LegacySTREAMEDAUDIO/97/3e/0309e02c67e894ce6bff1a7e08fec1f5b1d5.udd" 5178
"C:/Users/emanu/AppData/Local/UnrealEngine/Common/DerivedDataCache/Buckets/LegacySTREAMEDAUDIO/be/75/44acf81aea15bf83a219c7f5c7c869f28c62.udd" 5179
"C:/Users/emanu/AppData/Local/UnrealEngine/Common/DerivedDataCache/Buckets/LegacySTREAMEDAUDIO/db/ff/b7d35afaceb7ee1d59a48c008332439f461f.udd" 5180
"C:/Users/emanu/AppData/Local/UnrealEngine/Common/DerivedDataCache/Buckets/LegacySTREAMEDAUDIO/88/88/c0de9bbb39536203a608c323566aaf5fd4ce.udd" 5181
"C:/Users/emanu/AppData/Local/UnrealEngine/Common/DerivedDataCache/Buckets/LegacySTREAMEDAUDIO/d9/a7/cef78b36bfd36200fd1db27eb8cc877bfcae.udd" 5182
"C:/Users/emanu/AppData/Local/UnrealEngine/Common/DerivedDataCache/Buckets/LegacySTREAMEDAUDIO/eb/f5/1443ec6dcb75fe680ff84a666e982f60348c.udd" 5183
"C:/Users/emanu/AppData/Local/UnrealEngine/Common/DerivedDataCache/Buckets/LegacySTREAMEDAUDIO/c3/28/ce6b57f371389bdcfd530c2c99dc9aacdbc9.udd" 5184
"C:/Users/emanu/AppData/Local/UnrealEngine/Common/DerivedDataCache/Buckets/LegacySTREAMEDAUDIO/29/2d/6141c6a41d6c5e7d12f92877218cee747379.udd" 5185
"C:/Users/emanu/AppData/Local/UnrealEngine/Common/DerivedDataCache/Buckets/LegacySTREAMEDAUDIO/79/3b/af2be6e617e4a4dafb2ee9d15e16fa82b206.udd" 5186
"C:/Users/emanu/AppData/Local/UnrealEngine/Common/DerivedDataCache/Buckets/LegacySTREAMEDAUDIO/2f/b2/4b58e00defb682b4dfe12614bf782949c5c8.udd" 5187
"C:/Users/emanu/AppData/Local/UnrealEngine/Common/DerivedDataCache/Buckets/LegacySTREAMEDAUDIO/28/95/8f59cad835395c2d3dc1a50b043a6b03d663.udd" 5188
"C:/Users/emanu/AppData/Local/UnrealEngine/Common/DerivedDataCache/Buckets/LegacySTREAMEDAUDIO/c3/e1/3d7aa7cfb289977801d3cb6f2e683b87ae82.udd" 5189
"C:/Users/emanu/AppData/Local/UnrealEngine/Common/DerivedDataCache/Buckets/LegacyTEXTURE/bf/1a/d1bde4b2405fc111caf2e1d67941c5915780.udd" 5190
"C:/Users/emanu/AppData/Local/UnrealEngine/Common/DerivedDataCache/Buckets/LegacySTREAMEDAUDIO/47/29/5b3b704bac3b21940db82145271743312ea7.udd" 5191
"C:/Users/emanu/AppData/Local/UnrealEngine/Common/DerivedDataCache/Buckets/LegacySTREAMEDAUDIO/d0/de/da5af6f5c0b0059cf37a2b88111c93b10b7b.udd" 5192
"C:/Users/emanu/AppData/Local/UnrealEngine/Common/DerivedDataCache/Buckets/LegacySTREAMEDAUDIO/ca/39/67147ffcf80fc2c94fcfdfe266b551429d55.udd" 5193
"C:/Users/emanu/AppData/Local/UnrealEngine/Common/DerivedDataCache/Buckets/LegacySTREAMEDAUDIO/7e/b6/0b01f40c4ed9e652cb7ddc091edbfb5ff27b.udd" 5194
"C:/Users/emanu/AppData/Local/UnrealEngine/Common/DerivedDataCache/Buckets/LegacySTREAMEDAUDIO/eb/d0/4c68824e5be64ed95fd001792f1589fe61c6.udd" 5195
"C:/Users/emanu/AppData/Local/UnrealEngine/Common/DerivedDataCache/Buckets/LegacySTREAMEDAUDIO/fa/c3/e244de60b0b03fce3ad506382c5d8ebb3754.udd" 5196
"C:/Users/emanu/AppData/Local/UnrealEngine/Common/DerivedDataCache/Buckets/LegacySTREAMEDAUDIO/0f/a0/f3f64e45bc53ef1ab11fe4485abedeb312bc.udd" 5197
"C:/Users/emanu/AppData/Local/UnrealEngine/Common/DerivedDataCache/Buckets/LegacySTREAMEDAUDIO/27/99/2860facecd4a5a42797e047dd56b2cfa4c21.udd" 5198
"C:/Users/emanu/AppData/Local/UnrealEngine/Common/DerivedDataCache/Buckets/LegacySTREAMEDAUDIO/59/b3/e9837f5707b8d3adf90f14c827b70966d887.udd" 5199
"C:/Users/emanu/AppData/Local/UnrealEngine/Common/DerivedDataCache/Buckets/LegacySTREAMEDAUDIO/fd/39/1553f0c4be86dd95ecd09d7d0a263010f74c.udd" 5200
"C:/Users/emanu/AppData/Local/UnrealEngine/Common/DerivedDataCache/Buckets/LegacySTREAMEDAUDIO/a7/09/a36870951a888fafcf50818047a9a74c23b4.udd" 5201
"C:/Users/emanu/AppData/Local/UnrealEngine/Common/DerivedDataCache/Buckets/LegacySTREAMEDAUDIO/07/53/74eaed5751fc09665c511d7be0bd6d5d43f8.udd" 5202
"C:/Users/emanu/AppData/Local/UnrealEngine/Common/DerivedDataCache/Buckets/LegacySTREAMEDAUDIO/af/0a/ad41e18121e68ca45424efba952065ac9cf6.udd" 5203
"C:/Users/emanu/AppData/Local/UnrealEngine/Common/DerivedDataCache/Buckets/LegacySTREAMEDAUDIO/af/6b/f20662dfe9ae8b06712d6878d438fce16a2f.udd" 5204
"C:/Users/emanu/AppData/Local/UnrealEngine/Common/DerivedDataCache/Buckets/LegacySTREAMEDAUDIO/a9/a1/bc3b9399cfc82cd2de8a782c593fce62cf9b.udd" 5205
"C:/Users/emanu/AppData/Local/UnrealEngine/Common/DerivedDataCache/Buckets/LegacySTREAMEDAUDIO/34/8b/3e76223b61dde0aa6423e96519ff3e6fdace.udd" 5206
"C:/Users/emanu/AppData/Local/UnrealEngine/Common/DerivedDataCache/Buckets/LegacySTREAMEDAUDIO/3d/82/8f93d286580483a299d25295ac7413030d2d.udd" 5207
"C:/Users/emanu/AppData/Local/UnrealEngine/Common/DerivedDataCache/Buckets/LegacySTREAMEDAUDIO/4b/92/57c37a0fbdcc115d9778c4c7d32b695259d4.udd" 5208
"C:/Users/emanu/AppData/Local/UnrealEngine/Common/DerivedDataCache/Buckets/LegacyTEXTURE/34/ab/f78c6231e2752798caf64ac829b4a31b1040.udd" 5209
"C:/Users/emanu/AppData/Local/UnrealEngine/Common/DerivedDataCache/Buckets/LegacyTEXTURE/a9/0a/2e060681631ab50e94900b625c166db0c947.udd" 5210
"C:/Users/emanu/AppData/Local/UnrealEngine/Common/DerivedDataCache/Buckets/LegacySTREAMEDAUDIO/2b/28/303d8f001ff305d9b5f38d1dc210b727c9dc.udd" 5211
"C:/Users/emanu/AppData/Local/UnrealEngine/Common/DerivedDataCache/Buckets/LegacySTREAMEDAUDIO/71/7a/e0538adb6098fb89e5dcb27283ab28cc1d86.udd" 5212
"C:/Users/emanu/AppData/Local/UnrealEngine/Common/DerivedDataCache/Buckets/LegacySTREAMEDAUDIO/04/fa/0cda111d43027782fbe3a3f000933c5ecf21.udd" 5213
"C:/Users/emanu/AppData/Local/UnrealEngine/Common/DerivedDataCache/Buckets/LegacySTREAMEDAUDIO/b5/b5/c42bb3892d8b3914b048dd17c42f9e4706b5.udd" 5214
"C:/Users/emanu/AppData/Local/UnrealEngine/Common/DerivedDataCache/Buckets/LegacySTREAMEDAUDIO/ed/3a/25691371c3adc3b80997972d022dee2e0b8f.udd" 5215
"C:/Users/emanu/AppData/Local/UnrealEngine/Common/DerivedDataCache/Buckets/LegacySTREAMEDAUDIO/72/38/40d1b83645e89fa1a5dcfa326abff8cce35d.udd" 5216
"C:/Users/emanu/AppData/Local/UnrealEngine/Common/DerivedDataCache/Buckets/LegacySTREAMEDAUDIO/7d/c2/e26dc4e817541c08a5883b8f443049a85370.udd" 5217
"C:/Users/emanu/AppData/Local/UnrealEngine/Common/DerivedDataCache/Buckets/LegacySTREAMEDAUDIO/28/8c/c6ac89d496849d7472650c790d62194a972a.udd" 5218
"C:/Users/emanu/AppData/Local/UnrealEngine/Common/DerivedDataCache/Buckets/LegacySTREAMEDAUDIO/36/5c/a5588d929572f75043e3a59219249e97e9bc.udd" 5219
"C:/Users/emanu/AppData/Local/UnrealEngine/Common/DerivedDataCache/Buckets/LegacySTREAMEDAUDIO/96/da/155cb9f0c6ca118de35b793cb5bee426df4d.udd" 5220
"C:/Users/emanu/AppData/Local/UnrealEngine/Common/DerivedDataCache/Buckets/LegacySTREAMEDAUDIO/27/56/e72247749dca9361a1bd48433a8bc0ff62a5.udd" 5221
"C:/Users/emanu/AppData/Local/UnrealEngine/Common/DerivedDataCache/Buckets/LegacySTREAMEDAUDIO/e6/74/d6b0d0bf1a28b64339f4d7ebfb76ed3316c2.udd" 5222
"C:/Users/emanu/AppData/Local/UnrealEngine/Common/DerivedDataCache/Buckets/LegacySTREAMEDAUDIO/b8/20/edf97c43ce4ce00421c109aa526ca531b935.udd" 5223
"C:/Users/emanu/AppData/Local/UnrealEngine/Common/DerivedDataCache/Buckets/LegacySTREAMEDAUDIO/2d/7a/c178e070811c4627d3cd7bd7d1990945644a.udd" 5224
"C:/Users/emanu/AppData/Local/UnrealEngine/Common/DerivedDataCache/Buckets/LegacySTREAMEDAUDIO/c4/3f/3db305a24a7dd1a63ae18d77423071f7eeff.udd" 5225
"C:/Users/emanu/AppData/Local/UnrealEngine/Common/DerivedDataCache/Buckets/LegacySTREAMEDAUDIO/74/30/957288295b64b6f19995b3b2fba9a8c0d759.udd" 5226
"C:/Users/emanu/AppData/Local/UnrealEngine/Common/DerivedDataCache/Buckets/LegacySTREAMEDAUDIO/1b/b9/801c18d5a4514d4af759a051ebcc5075d234.udd" 5227
"C:/Users/emanu/AppData/Local/UnrealEngine/Common/DerivedDataCache/Buckets/LegacySTREAMEDAUDIO/0d/df/5e728b741fbc02052d7067ff2827f65d0751.udd" 5228
"C:/Users/emanu/AppData/Local/UnrealEngine/Common/DerivedDataCache/Buckets/LegacySTREAMEDAUDIO/55/24/0f08e3462d2c626a431c6afbdb0d5e083df1.udd" 5229
"C:/Users/emanu/AppData/Local/UnrealEngine/Common/DerivedDataCache/Buckets/LegacySTREAMEDAUDIO/a6/6b/5111748cae9dd0d91c38389f82c140ae973a.udd" 5230
"C:/Users/emanu/AppData/Local/UnrealEngine/Common/DerivedDataCache/Buckets/LegacySTREAMEDAUDIO/b6/85/5ec4d46d18ad8c21916639634e2c55b40c51.udd" 5231
"C:/Users/emanu/AppData/Local/UnrealEngine/Common/DerivedDataCache/Buckets/LegacySTREAMEDAUDIO/8d/ae/be29c920a144fab860b921aa95fcb9eb43ec.udd" 5232
"C:/Users/emanu/AppData/Local/UnrealEngine/Common/DerivedDataCache/Buckets/LegacySTREAMEDAUDIO/b8/da/debfc45982fbc4f010190d9aa8dbeebdd610.udd" 5233
"C:/Users/emanu/AppData/Local/UnrealEngine/Common/DerivedDataCache/Buckets/LegacySTREAMEDAUDIO/03/ad/b713eb420a97d417de1bd048d6564642dd86.udd" 5234
"C:/Users/emanu/AppData/Local/UnrealEngine/Common/DerivedDataCache/Buckets/LegacySTREAMEDAUDIO/e4/c8/d2c72e9159ce08c8cc1d6c8a43ce7c3c1671.udd" 5235
"C:/Users/emanu/AppData/Local/UnrealEngine/Common/DerivedDataCache/Buckets/LegacySTREAMEDAUDIO/41/f4/373896244ce4746c350bdeb14093c2a29c14.udd" 5236
"C:/Users/emanu/AppData/Local/UnrealEngine/Common/DerivedDataCache/Buckets/LegacySTREAMEDAUDIO/e7/15/e48c54ab9fd9e3174a5a0852cf0f53a718e5.udd" 5237
"C:/Users/emanu/AppData/Local/UnrealEngine/Common/DerivedDataCache/Buckets/LegacySTREAMEDAUDIO/e4/a6/3766e1c1f87b3032cb1f45061b43e8842fa1.udd" 5238
"C:/Users/emanu/AppData/Local/UnrealEngine/Common/DerivedDataCache/Buckets/LegacySTREAMEDAUDIO/0a/bf/c3f9bb359f6cb02a70fda27abb3dfa4c0bfb.udd" 5239
"C:/Users/emanu/AppData/Local/UnrealEngine/Common/DerivedDataCache/Buckets/LegacySTREAMEDAUDIO/51/38/3d60697d9fdf1e243a5069288b81ccbb6a7c.udd" 5240
"C:/Users/emanu/AppData/Local/UnrealEngine/Common/DerivedDataCache/Buckets/LegacySTREAMEDAUDIO/cd/db/e7d3d1a7582de95cb4efe4b09f797313a38b.udd" 5241
"C:/Users/emanu/AppData/Local/UnrealEngine/Common/DerivedDataCache/Buckets/LegacySTREAMEDAUDIO/98/ed/20fb76c9e1db5a66e6011712dbcd442eee40.udd" 5242
"C:/Users/emanu/AppData/Local/UnrealEngine/Common/DerivedDataCache/Buckets/LegacySTREAMEDAUDIO/04/be/37892b00dac7b3c999ed7e9a3850234fa38f.udd" 5243
"C:/Users/emanu/AppData/Local/UnrealEngine/Common/DerivedDataCache/Buckets/LegacySTREAMEDAUDIO/d9/70/b6a96bd40fe908a2018a96e13e384759eea6.udd" 5244
"C:/Users/emanu/AppData/Local/UnrealEngine/Common/DerivedDataCache/Buckets/LegacySTREAMEDAUDIO/7e/d7/403d049e35dffbccb3f90657180a638bfa0a.udd" 5245
"C:/Users/emanu/AppData/Local/UnrealEngine/Common/DerivedDataCache/Buckets/LegacySTREAMEDAUDIO/80/c6/706803ed36684bd3eed75b2efa91b727e990.udd" 5246
"C:/Users/emanu/AppData/Local/UnrealEngine/Common/DerivedDataCache/Buckets/LegacySTREAMEDAUDIO/80/00/ce39dfb08bfe6c102bb2dde2819bed1032e5.udd" 5247
"C:/Users/emanu/AppData/Local/UnrealEngine/Common/DerivedDataCache/Buckets/LegacySTREAMEDAUDIO/1b/d3/c7735d1092eb6739b0ece79835f812840f8f.udd" 5248
"C:/Users/emanu/AppData/Local/UnrealEngine/Common/DerivedDataCache/Buckets/LegacySTREAMEDAUDIO/1a/6c/97df88a55f2f6f32be176e06dd6f4ab08a25.udd" 5249
"C:/Users/emanu/AppData/Local/UnrealEngine/Common/DerivedDataCache/Buckets/LegacySTREAMEDAUDIO/ce/bc/b3dcb7b0ef442c8f8e606e84042a40a74145.udd" 5250
"C:/Users/emanu/AppData/Local/UnrealEngine/Common/DerivedDataCache/Buckets/LegacySTREAMEDAUDIO/3d/b8/dd81264940d914144e28849d15cab57534d8.udd" 5251
"C:/Users/emanu/AppData/Local/UnrealEngine/Common/DerivedDataCache/Buckets/LegacySTREAMEDAUDIO/36/71/e445c77c4af0591fbabf25cd1d8161e55da0.udd" 5252
"C:/Users/emanu/AppData/Local/UnrealEngine/Common/DerivedDataCache/Buckets/LegacySTREAMEDAUDIO/84/c9/12769134f7df87136d6e39e216db7b9f0a19.udd" 5253
"C:/Users/emanu/AppData/Local/UnrealEngine/Common/DerivedDataCache/Buckets/LegacySTREAMEDAUDIO/5f/40/c7148ac95dec7bf84aade7a32cb62312bcf3.udd" 5254
"C:/Users/emanu/AppData/Local/UnrealEngine/Common/DerivedDataCache/Buckets/LegacySTREAMEDAUDIO/de/db/894fab1ddf49bbdbd897610c1de21e48828c.udd" 5255
"C:/Users/emanu/AppData/Local/UnrealEngine/Common/DerivedDataCache/Buckets/LegacySTREAMEDAUDIO/0b/2e/a9d4d0938ac3f5615f71449265d84759991e.udd" 5256
"C:/Users/emanu/AppData/Local/UnrealEngine/Common/DerivedDataCache/Buckets/LegacySTREAMEDAUDIO/90/44/68167c5e296f77ae5e99c597a89ac420c8d1.udd" 5257
"C:/Users/emanu/AppData/Local/UnrealEngine/Common/DerivedDataCache/Buckets/LegacySTREAMEDAUDIO/bf/c9/7dd276e00754015679c5428a5a44a336ffeb.udd" 5258
"C:/Users/emanu/AppData/Local/UnrealEngine/Common/DerivedDataCache/Buckets/LegacySTREAMEDAUDIO/49/a2/d6f1a97cecc95db3ad54f4b85dfa58ad63af.udd" 5259
"C:/Users/emanu/AppData/Local/UnrealEngine/Common/DerivedDataCache/Buckets/LegacySTREAMEDAUDIO/3a/f6/f526ecbd64d1dcfcb3a6f04d8ad9926ab64f.udd" 5260
"C:/Users/emanu/AppData/Local/UnrealEngine/Common/DerivedDataCache/Buckets/LegacySTREAMEDAUDIO/3d/80/69d6e6a1f4490a378c1e8ad912fcaa8c36fd.udd" 5261
"C:/Users/emanu/AppData/Local/UnrealEngine/Common/DerivedDataCache/Buckets/LegacySTREAMEDAUDIO/42/a5/37b7814a1b6180f99542688a00a6e7baf1c9.udd" 5262
"C:/Users/emanu/AppData/Local/UnrealEngine/Common/DerivedDataCache/Buckets/LegacyTEXTURE/c1/a5/27999200f48cf9cc5e7473d1fdd606d3c17a.udd" 5263
"C:/Users/emanu/AppData/Local/UnrealEngine/Common/DerivedDataCache/Buckets/LegacyTEXTURE/cc/bd/6f3cfdcfd5a469abb066e6e891ef2ae87a22.udd" 5264
"C:/Users/emanu/AppData/Local/UnrealEngine/Common/DerivedDataCache/Buckets/LegacyTEXTURE/6d/a9/32a6959c706cc25698407061b06386574a73.udd" 5265
"C:/Users/emanu/AppData/Local/UnrealEngine/Common/DerivedDataCache/Buckets/LegacySTREAMEDAUDIO/1c/b1/9d453d66b231e3b599759855e2413bf586f2.udd" 5266
"C:/Users/emanu/AppData/Local/UnrealEngine/Common/DerivedDataCache/Buckets/LegacyTEXTURE/d4/81/d08da9031dc3ab12abc1b7b006cb6e8fe2b4.udd" 5267
"C:/Users/emanu/AppData/Local/UnrealEngine/Common/DerivedDataCache/Buckets/LegacySTREAMEDAUDIO/b9/56/9528d9d8b122f117f3188be0561e934545ce.udd" 5268
"C:/Users/emanu/AppData/Local/UnrealEngine/Common/DerivedDataCache/Buckets/LegacySTREAMEDAUDIO/e3/a7/d03a6314da1271acbae81eafe3951d1c6c6c.udd" 5269
"C:/Users/emanu/AppData/Local/UnrealEngine/Common/DerivedDataCache/Buckets/LegacySTREAMEDAUDIO/dc/47/235ec8ebaeb72c5186831e373e2c8d4c2a2d.udd" 5270
"C:/Users/emanu/AppData/Local/UnrealEngine/Common/DerivedDataCache/Buckets/LegacySTREAMEDAUDIO/b6/3a/950c9662bc64e890d0a15c319c9eb2aece3c.udd" 5271
"C:/Users/emanu/AppData/Local/UnrealEngine/Common/DerivedDataCache/Buckets/LegacySTREAMEDAUDIO/08/74/3ce513262f0f41dd3f76fbcc8a4f4e19740f.udd" 5272
"C:/Users/emanu/AppData/Local/UnrealEngine/Common/DerivedDataCache/Buckets/LegacySTREAMEDAUDIO/d6/65/5e07ed0828155979b8fd50214f31a476a1e5.udd" 5273
"C:/Users/emanu/AppData/Local/UnrealEngine/Common/DerivedDataCache/Buckets/LegacySTREAMEDAUDIO/63/24/fb8f8ce7818d6a06099e5cb729a8c92e7e93.udd" 5274
"C:/Users/emanu/AppData/Local/UnrealEngine/Common/DerivedDataCache/Buckets/LegacySTREAMEDAUDIO/0f/a4/61d60316892c75c6a0278ad56b946bafb69e.udd" 5275
"C:/Users/emanu/AppData/Local/UnrealEngine/Common/DerivedDataCache/Buckets/LegacySTREAMEDAUDIO/70/bf/62573b0823d085c99743ce224eeb8f22562d.udd" 5276
"C:/Users/emanu/AppData/Local/UnrealEngine/Common/DerivedDataCache/Buckets/LegacySTREAMEDAUDIO/56/cd/9b2e26c7ccb3e996af8980fd7d6f8501d2c1.udd" 5277
"C:/Users/emanu/AppData/Local/UnrealEngine/Common/DerivedDataCache/Buckets/LegacySTREAMEDAUDIO/7a/0c/c7df24c107b8b5ce000b463d555694ca9620.udd" 5278
"C:/Users/emanu/AppData/Local/UnrealEngine/Common/DerivedDataCache/Buckets/LegacySTREAMEDAUDIO/8a/85/3261235fed2233f4f706c7ce9a6602607775.udd" 5279
"C:/Users/emanu/AppData/Local/UnrealEngine/Common/DerivedDataCache/Buckets/LegacySTREAMEDAUDIO/4a/84/5736298a2e77c9e05eab53c5ff12dbb64a42.udd" 5280
"C:/Users/emanu/AppData/Local/UnrealEngine/Common/DerivedDataCache/Buckets/LegacySTREAMEDAUDIO/5f/3c/973bee71d5c84fd80bdd043bb06a516ef7ea.udd" 5281
"C:/Users/emanu/AppData/Local/UnrealEngine/Common/DerivedDataCache/Buckets/LegacySTREAMEDAUDIO/4d/df/0097d4103e0b1a0af0e3a5fd713c09a85e58.udd" 5282
"C:/Users/emanu/AppData/Local/UnrealEngine/Common/DerivedDataCache/Buckets/LegacySTREAMEDAUDIO/45/a3/0958acad89e8a80948d57a433e765942526d.udd" 5283
"C:/Users/emanu/AppData/Local/UnrealEngine/Common/DerivedDataCache/Buckets/LegacySTREAMEDAUDIO/70/b0/5e1471c416bf50e386e8fed86afd0a679bad.udd" 5284
"C:/Users/emanu/AppData/Local/UnrealEngine/Common/DerivedDataCache/Buckets/LegacySTREAMEDAUDIO/60/5a/849a9d15cc477647ab80b27a92c1efe7b862.udd" 5285
"C:/Users/emanu/AppData/Local/UnrealEngine/Common/DerivedDataCache/Buckets/LegacySTREAMEDAUDIO/ee/d0/d5a7ee3f3b5bcf059a09885163450bc3ae75.udd" 5286
"C:/Users/emanu/AppData/Local/UnrealEngine/Common/DerivedDataCache/Buckets/LegacySTREAMEDAUDIO/a9/26/4bde02d9c330d5ab72b93b281c540fb1e6b8.udd" 5287
"C:/Users/emanu/AppData/Local/UnrealEngine/Common/DerivedDataCache/Buckets/LegacySTREAMEDAUDIO/fa/43/40296f67e21f831e5cbb1f594c36edd8376a.udd" 5288
"C:/Users/emanu/AppData/Local/UnrealEngine/Common/DerivedDataCache/Buckets/LegacySTREAMEDAUDIO/68/fc/67cac2111637f2de999eabb7bc0f77d5b3fd.udd" 5289
"C:/Users/emanu/AppData/Local/UnrealEngine/Common/DerivedDataCache/Buckets/LegacySTREAMEDAUDIO/48/86/3b8eaa4392388a83a9743ed1e3b2b675979c.udd" 5290
"C:/Users/emanu/AppData/Local/UnrealEngine/Common/DerivedDataCache/Buckets/LegacySTREAMEDAUDIO/ca/4d/b795f688afa6f9412edf31a527ff9458a8f8.udd" 5291
"C:/Users/emanu/AppData/Local/UnrealEngine/Common/DerivedDataCache/Buckets/LegacySTREAMEDAUDIO/bc/ab/e34e19bd29488a9402b2fc8fd3dfece54111.udd" 5292
"C:/Users/emanu/AppData/Local/UnrealEngine/Common/DerivedDataCache/Buckets/LegacySTREAMEDAUDIO/a9/82/91471fba77ce9de9a7c9a47cf6c4ba8610a2.udd" 5293
"C:/Users/emanu/AppData/Local/UnrealEngine/Common/DerivedDataCache/Buckets/LegacySTREAMEDAUDIO/dc/08/adafc5709b4e3e4e9d3ff44a22e9f7b297e1.udd" 5294
"C:/Users/emanu/AppData/Local/UnrealEngine/Common/DerivedDataCache/Buckets/LegacySTREAMEDAUDIO/66/c5/722382c33aace537b8385dc79796f65e797a.udd" 5295
"C:/Users/emanu/AppData/Local/UnrealEngine/Common/DerivedDataCache/Buckets/LegacySTREAMEDAUDIO/2a/c8/8d494e5467bb9fe48b625b702e246efcce9a.udd" 5296
"C:/Users/emanu/AppData/Local/UnrealEngine/Common/DerivedDataCache/Buckets/LegacySTREAMEDAUDIO/f0/53/594dd42b15021a1a603d81158a539e535765.udd" 5297
"C:/Users/emanu/AppData/Local/UnrealEngine/Common/DerivedDataCache/Buckets/LegacySTREAMEDAUDIO/1d/55/5e22e8912adbde4d1224dabe07c8aa46797a.udd" 5298
"C:/Users/emanu/AppData/Local/UnrealEngine/Common/DerivedDataCache/Buckets/LegacySTREAMEDAUDIO/54/53/701459b83be2463eb69082a1b59dc7094985.udd" 5299
"C:/Users/emanu/AppData/Local/UnrealEngine/Common/DerivedDataCache/Buckets/LegacySTREAMEDAUDIO/b0/88/d448256cf9aec1963dc5e9bbdc246b6e4f82.udd" 5300
"C:/Users/emanu/AppData/Local/UnrealEngine/Common/DerivedDataCache/Buckets/LegacySTREAMEDAUDIO/61/35/a45aaee9493349168513086490c3505f491a.udd" 5301
"C:/Users/emanu/AppData/Local/UnrealEngine/Common/DerivedDataCache/Buckets/LegacySTREAMEDAUDIO/cd/e5/f134617827ee8e4af594dc30fe5ecce70e63.udd" 5302
"C:/Users/emanu/AppData/Local/UnrealEngine/Common/DerivedDataCache/Buckets/LegacySTREAMEDAUDIO/fd/06/793ef6cd01a24b7085b38d54ab8594ebc193.udd" 5303
"C:/Users/emanu/AppData/Local/UnrealEngine/Common/DerivedDataCache/Buckets/LegacySTREAMEDAUDIO/8c/cd/758e92a2e404b30225c0f961c9fa1284768b.udd" 5304
"C:/Users/emanu/AppData/Local/UnrealEngine/Common/DerivedDataCache/Buckets/LegacySTREAMEDAUDIO/cb/1e/8cfb586b409248fd5cd88eaf242f9cf820fd.udd" 5305
"C:/Users/emanu/AppData/Local/UnrealEngine/Common/DerivedDataCache/Buckets/LegacySTREAMEDAUDIO/e9/f2/a579d5d3bd36844e65b3bf626d625b081034.udd" 5306
"C:/Users/emanu/AppData/Local/UnrealEngine/Common/DerivedDataCache/Buckets/LegacySTREAMEDAUDIO/11/e8/9f8ae211cb07df4d6c1cb6a84b0c241b316d.udd" 5307
"C:/Users/emanu/AppData/Local/UnrealEngine/Common/DerivedDataCache/Buckets/LegacySTREAMEDAUDIO/c3/4d/8f654f3780cfc9ff8db9fdfdbbfa0d5398ae.udd" 5308
"C:/Users/emanu/AppData/Local/UnrealEngine/Common/DerivedDataCache/Buckets/LegacySTREAMEDAUDIO/c2/b8/32ea4b08aaa53b32ffe3fc34fd4af8675b28.udd" 5309
"C:/Users/emanu/AppData/Local/UnrealEngine/Common/DerivedDataCache/Buckets/LegacySTREAMEDAUDIO/dc/6d/2ce24a244a464412a4486de25f00a9933d8a.udd" 5310
"C:/Users/emanu/AppData/Local/UnrealEngine/Common/DerivedDataCache/Buckets/LegacySTREAMEDAUDIO/a5/22/4bf6f6fd47fccc18d9c1578fcb404db77ea1.udd" 5311
"C:/Users/emanu/AppData/Local/UnrealEngine/Common/DerivedDataCache/Buckets/LegacySTREAMEDAUDIO/2c/48/0749ec172c1dd1d884fa7591b21bc7dfd405.udd" 5312
"C:/Users/emanu/AppData/Local/UnrealEngine/Common/DerivedDataCache/Buckets/LegacySTREAMEDAUDIO/20/12/ad4e7231a87db3fc2737324bb6b4ad493967.udd" 5313
"C:/Users/emanu/AppData/Local/UnrealEngine/Common/DerivedDataCache/Buckets/LegacySTREAMEDAUDIO/1a/df/863ca997cda89822626f867939c7403ad282.udd" 5314
"C:/Users/emanu/AppData/Local/UnrealEngine/Common/DerivedDataCache/Buckets/LegacySTREAMEDAUDIO/8b/44/bfb3b60b0ea8128b6d9779e8b106c0a9f7ca.udd" 5315
"C:/Users/emanu/AppData/Local/UnrealEngine/Common/DerivedDataCache/Buckets/LegacyTEXTURE/e1/92/60d542e05835b7b58444e9423bafed04d259.udd" 5316
"C:/Users/emanu/AppData/Local/UnrealEngine/Common/DerivedDataCache/Buckets/LegacyTEXTURE/6e/07/b12af78911d5c91c7d4d733f98b2805e9513.udd" 5317
"C:/Users/emanu/AppData/Local/UnrealEngine/Common/DerivedDataCache/Buckets/LegacySTREAMEDAUDIO/d7/aa/6d50b85333c48f91bf1fa02fae3339ebb5f4.udd" 5318
"C:/Users/emanu/AppData/Local/UnrealEngine/Common/DerivedDataCache/Buckets/LegacySTREAMEDAUDIO/18/ec/7a012489a15fd15ef28e62cd098367a5011e.udd" 5319
"C:/Users/emanu/AppData/Local/UnrealEngine/Common/DerivedDataCache/Buckets/LegacyTEXTURE/6e/98/204e3f5729434255ca6af7095a14d0c35021.udd" 5320
"C:/Users/emanu/AppData/Local/UnrealEngine/Common/DerivedDataCache/Buckets/LegacyTEXTURE/21/8c/64276760ca8109e4715bc7d3bb66d250c2fc.udd" 5321
"C:/Users/emanu/AppData/Local/UnrealEngine/Common/DerivedDataCache/Buckets/LegacySTREAMEDAUDIO/7f/a2/07a7c52396e00ec06338ca3680ec311efa3d.udd" 5322
"C:/Users/emanu/AppData/Local/UnrealEngine/Common/DerivedDataCache/Buckets/LegacySTREAMEDAUDIO/40/bc/22849a55956e10326c1a354ed06f84cf6e03.udd" 5323
"C:/Users/emanu/AppData/Local/UnrealEngine/Common/DerivedDataCache/Buckets/LegacySTREAMEDAUDIO/c7/bf/fb032e1b62c47d5c8369a37bed2e7e49e9f9.udd" 5324
"C:/Users/emanu/AppData/Local/UnrealEngine/Common/DerivedDataCache/Buckets/LegacySTREAMEDAUDIO/ee/13/45935ea1aaeee7fe534311b57d6556e823c5.udd" 5325
"C:/Users/emanu/AppData/Local/UnrealEngine/Common/DerivedDataCache/Buckets/LegacySTREAMEDAUDIO/bb/6f/e2d6499eee5ac97345db0bee93bbdb38e366.udd" 5326
"C:/Users/emanu/AppData/Local/UnrealEngine/Common/DerivedDataCache/Buckets/LegacySTREAMEDAUDIO/52/a7/37d8e59526a7f8c3e6adda619d8f87d18cb5.udd" 5327
"C:/Users/emanu/AppData/Local/UnrealEngine/Common/DerivedDataCache/Buckets/LegacySTREAMEDAUDIO/2c/6c/2adbc8003e2e0ff1d26d4e8d216b36accd3a.udd" 5328
"C:/Users/emanu/AppData/Local/UnrealEngine/Common/DerivedDataCache/Buckets/LegacySTREAMEDAUDIO/02/e3/1c8613024634c631c4115ea847b0208c747f.udd" 5329
"C:/Users/emanu/AppData/Local/UnrealEngine/Common/DerivedDataCache/Buckets/LegacySTREAMEDAUDIO/bc/f5/11bc7d4df5bbdbd21a395de9981a22fabc0c.udd" 5330
"C:/Users/emanu/AppData/Local/UnrealEngine/Common/DerivedDataCache/Buckets/LegacySTREAMEDAUDIO/40/32/f837522a1619e1026187187e5bc49a369d0e.udd" 5331
"C:/Users/emanu/AppData/Local/UnrealEngine/Common/DerivedDataCache/Buckets/LegacySTREAMEDAUDIO/10/f9/3787b360e076557df4b882427a61f1f891db.udd" 5332
"C:/Users/emanu/AppData/Local/UnrealEngine/Common/DerivedDataCache/Buckets/LegacySTREAMEDAUDIO/43/bd/16fbe08604e1ffba7845161ad23102ca9d2d.udd" 5333
"C:/Users/emanu/AppData/Local/UnrealEngine/Common/DerivedDataCache/Buckets/LegacySTREAMEDAUDIO/63/04/4af53a270eb841037dd0b0a20d23d8d8a596.udd" 5334
"C:/Users/emanu/AppData/Local/UnrealEngine/Common/DerivedDataCache/Buckets/LegacySTREAMEDAUDIO/7a/f8/956cd68503386ac20a755bc6ceca8fe66918.udd" 5335
"C:/Users/emanu/AppData/Local/UnrealEngine/Common/DerivedDataCache/Buckets/LegacySTREAMEDAUDIO/2d/41/b4188733bc69fed4dcf5fc310d3e72524b13.udd" 5336
"C:/Users/emanu/AppData/Local/UnrealEngine/Common/DerivedDataCache/Buckets/LegacySTREAMEDAUDIO/d2/6f/dc56785bd9770edb0b6c7d74228d3dfdfc34.udd" 5337
"C:/Users/emanu/AppData/Local/UnrealEngine/Common/DerivedDataCache/Buckets/LegacySTREAMEDAUDIO/dd/93/a746874e00aa4a38edfa03863692667502be.udd" 5338
"C:/Users/emanu/AppData/Local/UnrealEngine/Common/DerivedDataCache/Buckets/LegacySTREAMEDAUDIO/74/86/2065c00f1305d8d182152b6b7b37e226a1be.udd" 5339
"C:/Users/emanu/AppData/Local/UnrealEngine/Common/DerivedDataCache/Buckets/LegacySTREAMEDAUDIO/17/8e/963d3c20bbefeb443f15b7dfdc8b8989a128.udd" 5340
"C:/Users/emanu/AppData/Local/UnrealEngine/Common/DerivedDataCache/Buckets/LegacySTREAMEDAUDIO/02/bb/5910bae68db78da82438fa6b000506d7327f.udd" 5341
"C:/Users/emanu/AppData/Local/UnrealEngine/Common/DerivedDataCache/Buckets/LegacySTREAMEDAUDIO/2c/f8/652dee5498574df2b1641a7765661fb52977.udd" 5342
"C:/Users/emanu/AppData/Local/UnrealEngine/Common/DerivedDataCache/Buckets/LegacySTREAMEDAUDIO/c9/ea/7bd2828291473ccced2929dcda34918c10b2.udd" 5343
"C:/Users/emanu/AppData/Local/UnrealEngine/Common/DerivedDataCache/Buckets/LegacySTREAMEDAUDIO/b9/df/258660fea490e3757ee0fe815f833c8979cb.udd" 5344
"C:/Users/emanu/AppData/Local/UnrealEngine/Common/DerivedDataCache/Buckets/LegacySTREAMEDAUDIO/90/cc/30670a2cdd449df1d4680bf446d9c215e8ae.udd" 5345
"C:/Users/emanu/AppData/Local/UnrealEngine/Common/DerivedDataCache/Buckets/LegacySTREAMEDAUDIO/26/60/d5bbbcf984d6f7afc0216b896079278bc800.udd" 5346
"C:/Users/emanu/AppData/Local/UnrealEngine/Common/DerivedDataCache/Buckets/LegacySTREAMEDAUDIO/35/2e/bf4e911d0a6fda0a9f3362040f907fdd2e99.udd" 5347
"C:/Users/emanu/AppData/Local/UnrealEngine/Common/DerivedDataCache/Buckets/LegacySTREAMEDAUDIO/b3/41/cadca62bc3e0c17bc56bf20de02b5c144100.udd" 5348
"C:/Users/emanu/AppData/Local/UnrealEngine/Common/DerivedDataCache/Buckets/LegacySTREAMEDAUDIO/c9/b9/29d81ee74d8105efe8d2e22ed5913da9bbcc.udd" 5349
"C:/Users/emanu/AppData/Local/UnrealEngine/Common/DerivedDataCache/Buckets/LegacySTREAMEDAUDIO/67/cb/b9f4ecc4b13c4f1c47654bcc08d166ebffb8.udd" 5350
"C:/Users/emanu/AppData/Local/UnrealEngine/Common/DerivedDataCache/Buckets/LegacySTREAMEDAUDIO/f7/02/577edb9f40bfbc6b70c156ff699e3f3356e8.udd" 5351
"C:/Users/emanu/AppData/Local/UnrealEngine/Common/DerivedDataCache/Buckets/LegacySTREAMEDAUDIO/1a/de/2905c9b31e6d6016e0363c64782a12495c26.udd" 5352
"C:/Users/emanu/AppData/Local/UnrealEngine/Common/DerivedDataCache/Buckets/LegacySTREAMEDAUDIO/85/ef/6db07e2294b83fac0b6908ca8384fb56f7aa.udd" 5353
"C:/Users/emanu/AppData/Local/UnrealEngine/Common/DerivedDataCache/Buckets/LegacyTEXTURE/49/c5/c5ae2cd4b4ba101ad2e0ce184a19daa71b21.udd" 5354
"C:/Users/emanu/AppData/Local/UnrealEngine/Common/DerivedDataCache/Buckets/LegacyTEXTURE/e0/77/16d448c0c3061e11aab50581dab476227498.udd" 5355
"C:/Users/emanu/AppData/Local/UnrealEngine/Common/DerivedDataCache/Buckets/LegacyTEXTURE/90/04/9bff57e43d85bc2d3ed9113fa7eeca7dcd41.udd" 5356
"C:/Users/emanu/AppData/Local/UnrealEngine/Common/DerivedDataCache/Buckets/LegacyTEXTURE/37/cc/04dc0e056eabcd5cb75213dfc517acbe9606.udd" 5357
"C:/Users/emanu/AppData/Local/UnrealEngine/Common/DerivedDataCache/Buckets/LegacyTEXTURE/e8/91/e15645e79468f498b87ffcb7304b1f646f27.udd" 5358
"C:/Users/emanu/AppData/Local/UnrealEngine/Common/DerivedDataCache/Buckets/LegacyTEXTURE/49/59/b32d3708c19698a01067475996275b19a219.udd" 5359
"C:/Users/emanu/AppData/Local/UnrealEngine/Common/DerivedDataCache/Buckets/LegacyTEXTURE/c8/1b/20e6bfae7670739b358d5a50230c41d82612.udd" 5360
"C:/Users/emanu/AppData/Local/UnrealEngine/Common/DerivedDataCache/Buckets/LegacySTREAMEDAUDIO/95/52/164e3084e294cd26c32a7e52e8464c5dee44.udd" 5361
"C:/Users/emanu/AppData/Local/UnrealEngine/Common/DerivedDataCache/Buckets/LegacySTREAMEDAUDIO/36/24/762002579947ea3dec97b3d1fd799e0d760d.udd" 5362
"C:/Users/emanu/AppData/Local/UnrealEngine/Common/DerivedDataCache/Buckets/LegacySTREAMEDAUDIO/ea/50/1ad37f8edac740644cf5ec3a40d3af45e2dc.udd" 5363
"C:/Users/emanu/AppData/Local/UnrealEngine/Common/DerivedDataCache/Buckets/LegacySTREAMEDAUDIO/21/86/05aea3c4569eca47bc4718036578ddd99967.udd" 5364
"C:/Users/emanu/AppData/Local/UnrealEngine/Common/DerivedDataCache/Buckets/LegacySTREAMEDAUDIO/72/5a/a8cceee20c107da262c626a5f8dc11dafe41.udd" 5365
"C:/Users/emanu/AppData/Local/UnrealEngine/Common/DerivedDataCache/Buckets/LegacySTREAMEDAUDIO/0f/1c/9a28b8f1453ee9bbc1abcec17b9184b73aff.udd" 5366
"C:/Users/emanu/AppData/Local/UnrealEngine/Common/DerivedDataCache/Buckets/LegacySTREAMEDAUDIO/c9/eb/5310535df4f9322efa93958938fc5f062e11.udd" 5367
"C:/Users/emanu/AppData/Local/UnrealEngine/Common/DerivedDataCache/Buckets/LegacySTREAMEDAUDIO/97/4b/50acfbfd9722421bf9cc7dd8d1459b1d753b.udd" 5368
"C:/Users/emanu/AppData/Local/UnrealEngine/Common/DerivedDataCache/Buckets/LegacySTREAMEDAUDIO/92/ed/3cfec73d558c8a2e93a587f1595c64766d39.udd" 5369
"C:/Users/emanu/AppData/Local/UnrealEngine/Common/DerivedDataCache/Buckets/LegacySTREAMEDAUDIO/b1/7c/1ea1ffb0be77d05913a0d9999e42f887d7da.udd" 5370
"C:/Users/emanu/AppData/Local/UnrealEngine/Common/DerivedDataCache/Buckets/LegacySTREAMEDAUDIO/77/2b/94808466a65f242a775ec62e181b9d674e28.udd" 5371
"C:/Users/emanu/AppData/Local/UnrealEngine/Common/DerivedDataCache/Buckets/LegacySTREAMEDAUDIO/4a/a5/861045e5496cd0a1d4a08cad4037c4855fcd.udd" 5372
"C:/Users/emanu/AppData/Local/UnrealEngine/Common/DerivedDataCache/Buckets/LegacySTREAMEDAUDIO/af/6a/a7ef77d2bbd7c7e71bc6bf35b7686e058edf.udd" 5373
"C:/Users/emanu/AppData/Local/UnrealEngine/Common/DerivedDataCache/Buckets/LegacySTREAMEDAUDIO/06/38/7dc04fec6c579a08d2566adb6f9e88c7fd0e.udd" 5374
"C:/Users/emanu/AppData/Local/UnrealEngine/Common/DerivedDataCache/Buckets/LegacySTREAMEDAUDIO/6c/97/3835a3fc14165d5319ee5b708354d6cac3ae.udd" 5375
"C:/Users/emanu/AppData/Local/UnrealEngine/Common/DerivedDataCache/Buckets/LegacySTREAMEDAUDIO/bd/71/cc7c63c2da5b697a49fefaa7584d97b74a3c.udd" 5376
"C:/Users/emanu/AppData/Local/UnrealEngine/Common/DerivedDataCache/Buckets/LegacySTREAMEDAUDIO/57/19/fc221e57d6b266bf654162f56b9ace279e49.udd" 5377
"C:/Users/emanu/AppData/Local/UnrealEngine/Common/DerivedDataCache/Buckets/LegacySTREAMEDAUDIO/4b/c1/90c9076f8fba1fc44eb84469943f91d4ba20.udd" 5378
"C:/Users/emanu/AppData/Local/UnrealEngine/Common/DerivedDataCache/Buckets/LegacySTREAMEDAUDIO/5e/d9/97028ac3962f17d31794607f10c5e568870d.udd" 5379
"C:/Users/emanu/AppData/Local/UnrealEngine/Common/DerivedDataCache/Buckets/LegacySTREAMEDAUDIO/46/ac/4358400f69ece33bf8b24fb2b030849d2a0f.udd" 5380
"C:/Users/emanu/AppData/Local/UnrealEngine/Common/DerivedDataCache/Buckets/LegacySTREAMEDAUDIO/0a/cc/bd5415c4f18495ba5f764d09ae728ca85629.udd" 5381
"C:/Users/emanu/AppData/Local/UnrealEngine/Common/DerivedDataCache/Buckets/LegacySTREAMEDAUDIO/22/b3/3a3cd9220ba41aa3599f72665adcf0198bec.udd" 5382
"C:/Users/emanu/AppData/Local/UnrealEngine/Common/DerivedDataCache/Buckets/LegacySTREAMEDAUDIO/f2/b4/39f3c62cfa9d168ba68e77d92254803f1b17.udd" 5383
"C:/Users/emanu/AppData/Local/UnrealEngine/Common/DerivedDataCache/Buckets/LegacySTREAMEDAUDIO/97/2f/1f4af60dbecc7cf8ec1003b99b7b7e17a1e0.udd" 5384
"C:/Users/emanu/AppData/Local/UnrealEngine/Common/DerivedDataCache/Buckets/LegacySTREAMEDAUDIO/84/16/69f524e97a93eaf9d9dd0977a92e3bc5496d.udd" 5385
"C:/Users/emanu/AppData/Local/UnrealEngine/Common/DerivedDataCache/Buckets/LegacySTREAMEDAUDIO/a5/a3/96533967ae15653728e00341d93237534110.udd" 5386
"C:/Users/emanu/AppData/Local/UnrealEngine/Common/DerivedDataCache/Buckets/LegacySTREAMEDAUDIO/43/cc/6991c245ea995c74369a71912cbf08cd24cb.udd" 5387
"C:/Users/emanu/AppData/Local/UnrealEngine/Common/DerivedDataCache/Buckets/LegacySTREAMEDAUDIO/b7/0d/48fc432d223d8bb5e62edfedf301e6b0cbaa.udd" 5388
"C:/Users/emanu/AppData/Local/UnrealEngine/Common/DerivedDataCache/Buckets/LegacyTEXTURE/57/df/296a1b52ca767a098f26bd9f20a61a1a9265.udd" 5389
"C:/Users/emanu/AppData/Local/UnrealEngine/Common/DerivedDataCache/Buckets/LegacyTEXTURE/06/d9/93dae171c73334e065c77bfda936598e1386.udd" 5390
"C:/Users/emanu/AppData/Local/UnrealEngine/Common/DerivedDataCache/Buckets/LegacyTEXTURE/2b/de/fcb4b998261813937d6197afdf5f4f48cf69.udd" 5391
"C:/Users/emanu/AppData/Local/UnrealEngine/Common/DerivedDataCache/Buckets/LegacyTEXTURE/51/68/063012940107d80156b310c9ba65b2560094.udd" 5392
"C:/Users/emanu/AppData/Local/UnrealEngine/Common/DerivedDataCache/Buckets/LegacyTEXTURE/d5/94/9f1ad40f0ab6dce16fad25ebf263b857917c.udd" 5393
"C:/Users/emanu/AppData/Local/UnrealEngine/Common/DerivedDataCache/Buckets/LegacyTEXTURE/ee/5b/4ee8f2e3dfbc2273e422cd7c5aed904ee78c.udd" 5394
"C:/Users/emanu/AppData/Local/UnrealEngine/Common/DerivedDataCache/Buckets/LegacyTEXTURE/c6/ca/67e708d63b10a30ed614c2ec1ebabbe385f7.udd" 5395
"C:/Users/emanu/AppData/Local/UnrealEngine/Common/DerivedDataCache/Buckets/LegacyTEXTURE/01/7e/ff1efe4c539a54ea52d3ea0f32dc0f2b50f0.udd" 5396
"C:/Users/emanu/AppData/Local/UnrealEngine/Common/DerivedDataCache/Buckets/LegacyTEXTURE/dc/b0/531b9ef9457f167a69103e1bd7138c406fe1.udd" 5397
"C:/Users/emanu/AppData/Local/UnrealEngine/Common/DerivedDataCache/Buckets/LegacyTEXTURE/be/d0/543209ab7b02a59c57603c4922043ff29c18.udd" 5398
"C:/Users/emanu/AppData/Local/UnrealEngine/Common/DerivedDataCache/Buckets/LegacyTEXTURE/71/f1/fef29c98351d748c133460cedba775ae3ba2.udd" 5399
"C:/Users/emanu/AppData/Local/UnrealEngine/Common/DerivedDataCache/Buckets/LegacyTEXTURE/29/4e/1e85a5120a27e677230a64e3381ada9f8753.udd" 5400
"C:/Users/emanu/AppData/Local/UnrealEngine/Common/DerivedDataCache/Buckets/LegacyTEXTURE/a8/95/e8274178b49d817762d41a9dca647200a9f8.udd" 5401
"C:/Users/emanu/AppData/Local/UnrealEngine/Common/DerivedDataCache/Buckets/LegacyTEXTURE/25/4b/8e92fe7b013976d33533c623f154f06dd5f9.udd" 5402
"C:/Users/emanu/AppData/Local/UnrealEngine/Common/DerivedDataCache/Buckets/LegacyTEXTURE/8b/78/ffdf37483c8875145f98348ef39710fa38a0.udd" 5403
"C:/Users/emanu/AppData/Local/UnrealEngine/Common/DerivedDataCache/Buckets/LegacyTEXTURE/6f/e8/dfedb7aeb930f4300fd2c30fc486098a98f1.udd" 5404
"C:/Users/emanu/AppData/Local/UnrealEngine/Common/DerivedDataCache/Buckets/LegacyTEXTURE/9c/eb/62c3df507b08bb33513d62c0de278104bdb3.udd" 5405
"C:/Users/emanu/AppData/Local/UnrealEngine/Common/DerivedDataCache/Buckets/LegacyTEXTURE/b4/ad/ea8c7561d01c69d9a54859ea0a3a89b7fb71.udd" 5406
"C:/Users/emanu/AppData/Local/UnrealEngine/Common/DerivedDataCache/Buckets/LegacyTEXTURE/5f/7c/2be4ccc5180b27fe228e2b1f7e3270a2a1de.udd" 5407
"C:/Users/emanu/AppData/Local/UnrealEngine/Common/DerivedDataCache/Buckets/LegacyTEXTURE/54/8c/0c23ff70a68d9291e73aee3868e27ae4bfeb.udd" 5408
"C:/Users/emanu/AppData/Local/UnrealEngine/Common/DerivedDataCache/Buckets/LegacyTEXTURE/68/30/d3bef15c551abb256b9c7d70d88b892294b3.udd" 5409
"C:/Users/emanu/AppData/Local/UnrealEngine/Common/DerivedDataCache/Buckets/LegacyTEXTURE/57/89/45a4f6510d23ef9825eced2044084bbaa8de.udd" 5410
"C:/Users/emanu/AppData/Local/UnrealEngine/Common/DerivedDataCache/Buckets/LegacyTEXTURE/88/4b/2f8289dc53a52e273eba4ad2f1212fc20853.udd" 5411
"C:/Users/emanu/AppData/Local/UnrealEngine/Common/DerivedDataCache/Buckets/LegacyTEXTURE/7d/87/eaed155ca7b343345b27813ec8e19a318f53.udd" 5412
"C:/Users/emanu/AppData/Local/UnrealEngine/Common/DerivedDataCache/Buckets/LegacyTEXTURE/d1/c2/dfcea6d9340cdfee6f29e28a22dcb42f0e85.udd" 5413
"C:/Users/emanu/AppData/Local/UnrealEngine/Common/DerivedDataCache/Buckets/LegacyTEXTURE/b0/92/5eb3eafb5e1a2e10305c03cbc79d45a450c2.udd" 5414
"C:/Users/emanu/AppData/Local/UnrealEngine/Common/DerivedDataCache/Buckets/LegacyTEXTURE/76/c7/1c034874c2f2ea6febf0858242d1d9427b3c.udd" 5415
"C:/Users/emanu/AppData/Local/UnrealEngine/Common/DerivedDataCache/Buckets/LegacyTEXTURE/5f/54/6aad8403c3c6520eaf2dc530d863080f150c.udd" 5416
"C:/Users/emanu/AppData/Local/UnrealEngine/Common/DerivedDataCache/Buckets/LegacyTEXTURE/d3/25/34d10c71b0eb5453b39786eba761629885e7.udd" 5417
"C:/Users/emanu/AppData/Local/UnrealEngine/Common/DerivedDataCache/Buckets/LegacyTEXTURE/2c/53/b63c6752bf0b4531534d565d392ca3d53423.udd" 5418
"C:/Users/emanu/AppData/Local/UnrealEngine/Common/DerivedDataCache/Buckets/LegacyTEXTURE/de/c0/9d2ab87283f6e96fa176ede81fba42d5c43d.udd" 5419
"C:/Users/emanu/AppData/Local/UnrealEngine/Common/DerivedDataCache/Buckets/LegacyTEXTURE/6a/18/f1d71f1ee9c152ee1531dcf8fea5cde8f5c5.udd" 5420
"C:/Users/emanu/AppData/Local/UnrealEngine/Common/DerivedDataCache/Buckets/LegacyTEXTURE/46/65/1677601cf643d7c07beae384150838498e98.udd" 5421
"C:/Users/emanu/AppData/Local/UnrealEngine/Common/DerivedDataCache/Buckets/LegacyTEXTURE/db/ce/f7eab8e3ee9f6209a5e87290f789bbaab94a.udd" 5422
"C:/Users/emanu/AppData/Local/UnrealEngine/Common/DerivedDataCache/Buckets/LegacyTEXTURE/66/ce/a2380042c1a875c3f538f403d82497ff5597.udd" 5423
"C:/Users/emanu/AppData/Local/UnrealEngine/Common/DerivedDataCache/Buckets/LegacyTEXTURE/60/4c/87caf6d5f4ea49903094046c6ec1f1510d43.udd" 5424
"C:/Users/emanu/AppData/Local/UnrealEngine/Common/DerivedDataCache/Buckets/LegacyTEXTURE/44/b9/60c3ce23b1e303ddd4e59fb78618a218c0bc.udd" 5425
"C:/Users/emanu/AppData/Local/UnrealEngine/Common/DerivedDataCache/Buckets/LegacyTEXTURE/b3/c9/e00e23464a4d65ad5029de91e4c41546fe20.udd" 5426
"C:/Users/emanu/AppData/Local/UnrealEngine/Common/DerivedDataCache/Buckets/LegacyTEXTURE/02/17/791197cdf7c908ddb4c966201a087d714b41.udd" 5427
"C:/Users/emanu/AppData/Local/UnrealEngine/Common/DerivedDataCache/Buckets/LegacyTEXTURE/aa/c0/65fb3989ded6b7413e4c4c5aa5e735312d60.udd" 5428
"C:/Users/emanu/AppData/Local/UnrealEngine/Common/DerivedDataCache/Buckets/LegacyTEXTURE/20/da/9677ed89171d9a6b7ef3f4451ec4874d09f5.udd" 5429
"C:/Users/emanu/AppData/Local/UnrealEngine/Common/DerivedDataCache/Buckets/LegacyTEXTURE/6b/3e/2ea0f55cde505b9a80853674f9b4052bf549.udd" 5430
"C:/Users/emanu/AppData/Local/UnrealEngine/Common/DerivedDataCache/Buckets/LegacyTEXTURE/a3/10/647614ec6005754554a1f9df0624f9bff914.udd" 5431
"C:/Users/emanu/AppData/Local/UnrealEngine/Common/DerivedDataCache/Buckets/LegacyTEXTURE/05/ec/0505a3e8f4d9481193b7d1dda4476e390344.udd" 5432
"C:/Users/emanu/AppData/Local/UnrealEngine/Common/DerivedDataCache/Buckets/LegacyTEXTURE/63/07/f3d225d2cbfde4107bf567e8f0e9955ff189.udd" 5433
"C:/Users/emanu/AppData/Local/UnrealEngine/Common/DerivedDataCache/Buckets/LegacyTEXTURE/2d/7f/11282776b92bb27cb1d3504756a5d15ff43b.udd" 5434
"C:/Users/emanu/AppData/Local/UnrealEngine/Common/DerivedDataCache/Buckets/LegacyTEXTURE/25/46/796fdf9e400efeaad6c59eddcd4d8ac133d0.udd" 5435
"C:/Users/emanu/AppData/Local/UnrealEngine/Common/DerivedDataCache/Buckets/LegacyTEXTURE/a7/ac/d74f3ea7bf862f1534f04d18c8eee58b10bc.udd" 5436
"C:/Users/emanu/AppData/Local/UnrealEngine/Common/DerivedDataCache/Buckets/LegacyTEXTURE/cd/3d/c10c846bf5103947ee47492bcdceb881928f.udd" 5437
"C:/Users/emanu/AppData/Local/UnrealEngine/Common/DerivedDataCache/Buckets/LegacyTEXTURE/2a/61/4354f2c0f0e8200a30356584e9a3e05f130f.udd" 5438
"C:/Users/emanu/AppData/Local/UnrealEngine/Common/DerivedDataCache/Buckets/LegacyTEXTURE/a7/4a/e83854f190a78ddf686a7b257eae3270b33e.udd" 5439
"C:/Users/emanu/AppData/Local/UnrealEngine/Common/DerivedDataCache/Buckets/LegacyTEXTURE/a4/65/5be6143f1b6fa109878d48fbf6e5435aa1c1.udd" 5440
"C:/Users/emanu/AppData/Local/UnrealEngine/Common/DerivedDataCache/Buckets/LegacyTEXTURE/b5/b3/e35c00b0422c51fd5656fe7714fdd55fd170.udd" 5441
"C:/Users/emanu/AppData/Local/UnrealEngine/Common/DerivedDataCache/Buckets/LegacyTEXTURE/5d/36/92320153d20f97841a8c86581bb8c277efa1.udd" 5442
"C:/Users/emanu/AppData/Local/UnrealEngine/Common/DerivedDataCache/Buckets/LegacyTEXTURE/b3/f0/daa83f1193d07ab4c6453d38896d9dc700bd.udd" 5443
"C:/Users/emanu/AppData/Local/UnrealEngine/Common/DerivedDataCache/Buckets/LegacyTEXTURE/48/e6/6c72d57c074df68d99fb9ac97422def85b73.udd" 5444
"C:/Users/emanu/AppData/Local/UnrealEngine/Common/DerivedDataCache/Buckets/LegacyTEXTURE/b7/4d/e5ef1e109ac57be05a52bd4276f75bd61fe1.udd" 5445
"C:/Users/emanu/AppData/Local/UnrealEngine/Common/DerivedDataCache/Buckets/LegacyTEXTURE/17/49/104b94e9afba2af6ea48a1507a91c81d098e.udd" 5446
"C:/Users/emanu/AppData/Local/UnrealEngine/Common/DerivedDataCache/Buckets/LegacyTEXTURE/f7/b7/bf0e44659736b9ef99c089a86c21293b9a0d.udd" 5447
"C:/Users/emanu/AppData/Local/UnrealEngine/Common/DerivedDataCache/Buckets/LegacyTEXTURE/2c/9f/56b8f74d07e1a44807f65a5cd6a5c9cb67a3.udd" 5448
"C:/Users/emanu/AppData/Local/UnrealEngine/Common/DerivedDataCache/Buckets/LegacyTEXTURE/9f/1a/048140585185f2589c94a1140c64ef0089ac.udd" 5449
"C:/Users/emanu/AppData/Local/UnrealEngine/Common/DerivedDataCache/Buckets/LegacyTEXTURE/93/6f/49b42f79a3053dfafba11e71b24466523528.udd" 5450
"C:/Users/emanu/AppData/Local/UnrealEngine/Common/DerivedDataCache/Buckets/LegacyTEXTURE/5e/b1/7977f6b0067954b8b4bbaee7f3aa532b54cf.udd" 5451
"C:/Users/emanu/AppData/Local/UnrealEngine/Common/DerivedDataCache/Buckets/LegacyTEXTURE/0b/21/9ad6819eba5eb3ff4fe8a60d2f8d8b9f3dfb.udd" 5452
"C:/Users/emanu/AppData/Local/UnrealEngine/Common/DerivedDataCache/Buckets/LegacyTEXTURE/cb/e5/3c381784a57bf4fea2bbea9c7e4b14c6cd3e.udd" 5453
"C:/Users/emanu/AppData/Local/UnrealEngine/Common/DerivedDataCache/Buckets/LegacyTEXTURE/89/7a/abc9d6c946520d1d6a3878310f7d8093e6b1.udd" 5454
"C:/Users/emanu/AppData/Local/UnrealEngine/Common/DerivedDataCache/Buckets/LegacyTEXTURE/1e/00/0f85eadfc5b67882f6054637299fadd94fd1.udd" 5455
"C:/Users/emanu/AppData/Local/UnrealEngine/Common/DerivedDataCache/Buckets/LegacyChaosGeometryData/73/34/d419a85bd26e8dbeea404c1aa13ea7f686d8.udd" 5456
"C:/Users/emanu/AppData/Local/UnrealEngine/Common/DerivedDataCache/Buckets/LegacyTEXTURE/d6/74/c5caa5c6cfdd4acbe1f553c71c2717b86805.udd" 5457
"C:/Users/emanu/AppData/Local/UnrealEngine/Common/DerivedDataCache/Buckets/LegacyTEXTURE/1c/38/1cd347f91d419aafeea3d70d34f6d3412024.udd" 5458
"C:/Users/emanu/AppData/Local/UnrealEngine/Common/DerivedDataCache/Buckets/LegacyTEXTURE/2e/f9/9a4a489b65de409b6ecc94b8265fceb29a11.udd" 5459
"C:/Users/emanu/AppData/Local/UnrealEngine/Common/DerivedDataCache/Buckets/LegacyTEXTURE/16/30/f8e1564dea89191e2e329988c503630fb4b6.udd" 5460
"C:/Users/emanu/AppData/Local/UnrealEngine/Common/DerivedDataCache/Buckets/LegacyTEXTURE/8d/1f/b3703a572840e2c7f0b147c209c2e88b3b3c.udd" 5461
"C:/Users/emanu/AppData/Local/UnrealEngine/Common/DerivedDataCache/Buckets/LegacyTEXTURE/64/d1/8833389a18eae674600afdf10623276e37ff.udd" 5462
"C:/Users/emanu/AppData/Local/UnrealEngine/Common/DerivedDataCache/Buckets/LegacyTEXTURE/eb/6d/ca36a6022cf917abc433ed9c95c9ac5767af.udd" 5463
"C:/Users/emanu/AppData/Local/UnrealEngine/Common/DerivedDataCache/Buckets/LegacyTEXTURE/2d/e2/3cfa5a5d5cbc217ba21a3ce9c7f65c081ac5.udd" 5464
"C:/Users/emanu/AppData/Local/UnrealEngine/Common/DerivedDataCache/Buckets/LegacyTEXTURE/77/cf/4ac45099359c443ce3328c05366370dbb4dd.udd" 5465
"C:/Users/emanu/AppData/Local/UnrealEngine/Common/DerivedDataCache/Buckets/LegacyTEXTURE/6d/55/c59453e83b5a09c1bafb23f3f18ee2d3059f.udd" 5466
"C:/Users/emanu/AppData/Local/UnrealEngine/Common/DerivedDataCache/Buckets/LegacyTEXTURE/5e/af/83c4d6e6cdb3cc602313d8a6c11a2246908c.udd" 5467
"C:/Users/emanu/AppData/Local/UnrealEngine/Common/DerivedDataCache/Buckets/LegacyTEXTURE/fd/60/403ac23be29ec3e39bbcd0557372706ec949.udd" 5468
"C:/Users/emanu/AppData/Local/UnrealEngine/Common/DerivedDataCache/Content/b8/8f/9229cec6ca365719eae65a49d1f545dd7495.udd" 5469
"C:/Users/emanu/AppData/Local/UnrealEngine/Common/DerivedDataCache/Buckets/LegacyChaosGeometryData/0e/30/30738c316cc95a9328526930399ab0af74ee.udd" 5470
"C:/Users/emanu/AppData/Local/UnrealEngine/Common/DerivedDataCache/Buckets/LegacyTEXTURE/76/6e/8ac44738b677de47b37d1da4fd6b93e2cd02.udd" 5471
"C:/Users/emanu/AppData/Local/UnrealEngine/Common/DerivedDataCache/Content/5c/55/476251a4b46457ad8e6f553ada8d4fd6f5db.udd" 5472
"C:/Users/emanu/AppData/Local/UnrealEngine/Common/DerivedDataCache/Buckets/LegacyTEXTURE/4e/44/be426cf5667927d53de00122c44b3d74a540.udd" 5473
"C:/Users/emanu/AppData/Local/UnrealEngine/Common/DerivedDataCache/Buckets/LegacyTEXTURE/c0/42/4b120ab04050b46e6fecfc34bbc65fa7e23d.udd" 5474
"C:/Users/emanu/AppData/Local/UnrealEngine/Common/DerivedDataCache/Buckets/LegacyTEXTURE/14/f6/08c1fbed6bfca751fee7529ef72bc1f111f9.udd" 5475
"C:/Users/emanu/AppData/Local/UnrealEngine/Common/DerivedDataCache/Buckets/LegacyTEXTURE/9e/44/83a786abee028715c4c90e6b326cc1ae6b8f.udd" 5476
"C:/Users/emanu/AppData/Local/UnrealEngine/Common/DerivedDataCache/Buckets/LegacyChaosGeometryData/bc/f5/a7bd3399d87310e2030da510a790c7fd84f3.udd" 5477
"C:/Users/emanu/AppData/Local/UnrealEngine/Common/DerivedDataCache/Buckets/LegacyChaosGeometryData/2c/14/1829a954d96f378a72aacabc259fe496b2bb.udd" 5478
"../../../Engine/Content/EditorResources/EmptyActor.uasset" 5479
"C:/Users/emanu/AppData/Local/UnrealEngine/Common/DerivedDataCache/Buckets/BulkDataList/c5/e5/25c0d0b82fc916f3b56cebfbbd1245cd33c5.udd" 5480
"../../../Engine/Content/EditorResources/LightIcons/S_LightError.uasset" 5481
"C:/Users/emanu/AppData/Local/UnrealEngine/Common/DerivedDataCache/Buckets/BulkDataList/51/14/55d2af26817ddfa01f4f36bb8b6a666152d2.udd" 5482
"C:/Users/emanu/AppData/Local/UnrealEngine/Common/DerivedDataCache/Buckets/LegacyChaosGeometryData/00/7e/90290b1d71f0545f9a38c02a74f3aac0ab4a.udd" 5483
"C:/Users/emanu/AppData/Local/UnrealEngine/Common/DerivedDataCache/Buckets/LegacyTEXTURE/36/09/b14bdc2e05b337c0eaa7eb29308be2b8ade9.udd" 5484
"C:/Users/emanu/AppData/Local/UnrealEngine/Common/DerivedDataCache/Buckets/LegacyTEXTURE/c2/59/336bfec1702ba38eb48df155de79918f47e5.udd" 5485
"C:/Users/emanu/AppData/Local/UnrealEngine/Common/DerivedDataCache/Buckets/LegacyTEXTURE/3c/de/9a2509cdb3d5a797aa512a188f977dfdb85a.udd" 5486
"C:/Users/emanu/AppData/Local/UnrealEngine/Common/DerivedDataCache/Buckets/LegacyTEXTURE/01/ff/633d93632131709dc3dfec8035689a8043f9.udd" 5487
"C:/Users/emanu/AppData/Local/UnrealEngine/Common/DerivedDataCache/Buckets/LegacyTEXTURE/3b/a8/4c7d5570d041ecc17481d6f73770d1cd9be9.udd" 5488
"C:/Users/emanu/AppData/Local/UnrealEngine/Common/DerivedDataCache/Buckets/LegacyTEXTURE/4e/08/234961767353fa1c807ee6a3dbd1a9fa3a24.udd" 5489
"C:/Users/emanu/AppData/Local/UnrealEngine/Common/DerivedDataCache/Buckets/LegacyTEXTURE/88/da/19b0485b1f15e51b67b7a6e784c460c9b523.udd" 5490
"C:/Users/emanu/AppData/Local/UnrealEngine/Common/DerivedDataCache/Buckets/LegacyTEXTURE/68/a4/416f408e49a3105995ff7895402f0c0e3de0.udd" 5491
"C:/Users/emanu/AppData/Local/UnrealEngine/Common/DerivedDataCache/Buckets/LegacyTEXTURE/7b/8e/816844006323e0570a425081be5c68db026a.udd" 5492
"C:/Users/emanu/AppData/Local/UnrealEngine/Common/DerivedDataCache/Buckets/LegacyTEXTURE/1f/c1/7046b29706c28c93c4b82c5631720a0428e5.udd" 5493
"C:/Users/emanu/AppData/Local/UnrealEngine/Common/DerivedDataCache/Buckets/LegacyTEXTURE/d7/50/4042883ac283b08e26bc2dc24474e7b4dbc4.udd" 5494
"C:/Users/emanu/AppData/Local/UnrealEngine/Common/DerivedDataCache/Buckets/LegacyTEXTURE/77/5a/91da549c3d496f2ed8b53001d7db7b29dff8.udd" 5495
"C:/Users/emanu/AppData/Local/UnrealEngine/Common/DerivedDataCache/Buckets/LegacyTEXTURE/22/be/eaa7848c4c559443044f76f7bde6a68e9ee2.udd" 5496
"C:/Users/emanu/AppData/Local/UnrealEngine/Common/DerivedDataCache/Buckets/LegacyTEXTURE/83/39/a712c9b6a6131b9d57bff312b72c2d5ea3cc.udd" 5497
"C:/Users/emanu/AppData/Local/UnrealEngine/Common/DerivedDataCache/Buckets/LegacyTEXTURE/8a/2e/95ba3adb8328c8a9d7a253fbb5df03ad7c50.udd" 5498
"C:/Users/emanu/AppData/Local/UnrealEngine/Common/DerivedDataCache/Buckets/LegacyTEXTURE/97/47/fdc6e10b30b9ba1cac23aa9040b6aa41dfe0.udd" 5499
"C:/Users/emanu/AppData/Local/UnrealEngine/Common/DerivedDataCache/Content/65/4a/1e643d89b70796e9d5fcbc315af60f84079f.udd" 5500
"C:/Users/emanu/AppData/Local/UnrealEngine/Common/DerivedDataCache/Buckets/LegacyTEXTURE/b4/cb/5efa3d8e17bb55181e063e4447bf2ce8356c.udd" 5501
"C:/Users/emanu/AppData/Local/UnrealEngine/Common/DerivedDataCache/Buckets/LegacyTEXTURE/5a/2f/a0dea0141d77aebf89e504a23aa9090dce04.udd" 5502
"C:/Users/emanu/AppData/Local/UnrealEngine/Common/DerivedDataCache/Buckets/LegacyTEXTURE/bb/9b/4c5824bdaa7606ad3f1871f61666dc4252a2.udd" 5503
"C:/Users/emanu/AppData/Local/UnrealEngine/Common/DerivedDataCache/Buckets/LegacyTEXTURE/a0/5d/548a2b9110db95a8947e38c0ce10ff8658d4.udd" 5504
"C:/Users/emanu/AppData/Local/UnrealEngine/Common/DerivedDataCache/Buckets/LegacyTEXTURE/da/75/cf9a1f2a16abf0607a5e19ce4d7713b5ee16.udd" 5505
"C:/Users/emanu/AppData/Local/UnrealEngine/Common/DerivedDataCache/Buckets/LegacyTEXTURE/5b/88/c305760414539f141f6d20c4ffbe8df8e25d.udd" 5506
"C:/Users/emanu/AppData/Local/UnrealEngine/Common/DerivedDataCache/Buckets/LegacyTEXTURE/81/c3/5f0356172113a9afe7c9f6dd3e046ce65a8a.udd" 5507
"C:/Users/emanu/AppData/Local/UnrealEngine/Common/DerivedDataCache/Buckets/LegacyTEXTURE/b9/e6/e871ee631a57233f77c28de1324ec1901891.udd" 5508
"C:/Users/emanu/AppData/Local/UnrealEngine/Common/DerivedDataCache/Buckets/LegacyTEXTURE/28/69/141c5bb82cb3cfb027d56e269be4d07f571f.udd" 5509
"C:/Users/emanu/AppData/Local/UnrealEngine/Common/DerivedDataCache/Buckets/LegacyTEXTURE/a9/43/9936b0c83ad3592123a34713f894f3c0ea30.udd" 5510
"C:/Users/emanu/AppData/Local/UnrealEngine/Common/DerivedDataCache/Buckets/LegacyTEXTURE/fb/8e/e0ed5cd183fea12c275234bce307ed2a6637.udd" 5511
"C:/Users/emanu/AppData/Local/UnrealEngine/Common/DerivedDataCache/Buckets/LegacyTEXTURE/8d/66/6663dd54ae02e074736bf582797006b7114e.udd" 5512
"C:/Users/emanu/AppData/Local/UnrealEngine/Common/DerivedDataCache/Buckets/LegacyTEXTURE/9a/1d/0a80c6ff32beeef82e3a9b7872414d6ad9d2.udd" 5513
"C:/Users/emanu/AppData/Local/UnrealEngine/Common/DerivedDataCache/Buckets/LegacyTEXTURE/bf/27/151f368320501b10c4eb156fa8533de5ccf4.udd" 5514
"C:/Users/emanu/AppData/Local/UnrealEngine/Common/DerivedDataCache/Buckets/LegacyTEXTURE/d0/6d/69f2f375234cf3c1a5fb6c097f1a95ccc018.udd" 5515
"C:/Users/emanu/AppData/Local/UnrealEngine/Common/DerivedDataCache/Buckets/LegacyTEXTURE/aa/d0/3e3b5d77f73746b5985c20ac7cbe59c7c942.udd" 5516
"C:/Users/emanu/AppData/Local/UnrealEngine/Common/DerivedDataCache/Buckets/LegacyTEXTURE/54/d9/2c4398e1033189e2b5bc5de8734f542d9c70.udd" 5517
"C:/Users/emanu/AppData/Local/UnrealEngine/Common/DerivedDataCache/Buckets/LegacyTEXTURE/1c/43/ae622ad834577be66c63e0bf015e9f571d54.udd" 5518
"C:/Users/emanu/AppData/Local/UnrealEngine/Common/DerivedDataCache/Buckets/LegacyTEXTURE/c3/01/0dcd74ef38d0c8c503127da1155ef10ceeba.udd" 5519
"C:/Users/emanu/AppData/Local/UnrealEngine/Common/DerivedDataCache/Buckets/LegacyTEXTURE/54/28/25765550bc86c2de61a581c1faed76cb91ca.udd" 5520
"C:/Users/emanu/AppData/Local/UnrealEngine/Common/DerivedDataCache/Buckets/LegacyTEXTURE/dc/5e/6dc2556c0a4c3ef972cc093803994df69e44.udd" 5521
"C:/Users/emanu/AppData/Local/UnrealEngine/Common/DerivedDataCache/Buckets/LegacyTEXTURE/bd/44/f5e02de7fa0246aabd8841ebb330ecc13b0c.udd" 5522
"C:/Users/emanu/AppData/Local/UnrealEngine/Common/DerivedDataCache/Buckets/LegacyTEXTURE/42/a1/784cf378f86f07dcfd7dc2a8312e32dbd2cb.udd" 5523
"C:/Users/emanu/AppData/Local/UnrealEngine/Common/DerivedDataCache/Buckets/LegacyTEXTURE/d1/63/914ed433b979c7a7c502467155948d1c2f8d.udd" 5524
"C:/Users/emanu/AppData/Local/UnrealEngine/Common/DerivedDataCache/Buckets/LegacyTEXTURE/4a/02/5c6604f7d7b1eee9e0edb4013f98e89cc216.udd" 5525
"C:/Users/emanu/AppData/Local/UnrealEngine/Common/DerivedDataCache/Buckets/LegacyTEXTURE/5b/66/bb3d5115c32f779ba4c4831f06872cf0f1d6.udd" 5526
"C:/Users/emanu/AppData/Local/UnrealEngine/Common/DerivedDataCache/Buckets/LegacyTEXTURE/61/bb/23383d2f4eb48bb673ae79104278700f33a2.udd" 5527
"C:/Users/emanu/AppData/Local/UnrealEngine/Common/DerivedDataCache/Buckets/LegacyTEXTURE/d7/fb/4265e1be2b61d8d3af06956ef7f8635fc700.udd" 5528
"C:/Users/emanu/AppData/Local/UnrealEngine/Common/DerivedDataCache/Buckets/LegacyTEXTURE/e6/60/9a8cdb9b278edafbbcda3a379321e917d0e6.udd" 5529
"C:/Users/emanu/AppData/Local/UnrealEngine/Common/DerivedDataCache/Buckets/LegacyTEXTURE/02/4a/599b5a3722d221f965214c94c9f656316b0f.udd" 5530
"C:/Users/emanu/AppData/Local/UnrealEngine/Common/DerivedDataCache/Buckets/LegacyTEXTURE/03/a5/a09b2f8225b9cd5936a0e9fad57b35ecd82e.udd" 5531
"C:/Users/emanu/AppData/Local/UnrealEngine/Common/DerivedDataCache/Buckets/LegacyTEXTURE/58/cb/c8b6ceabe3eaa5833a0d824827fd76472d22.udd" 5532
"C:/Users/emanu/AppData/Local/UnrealEngine/Common/DerivedDataCache/Buckets/LegacyTEXTURE/9e/25/fcea2fd2a25874eea38d6c0a3199d4f87e95.udd" 5533
"C:/Users/emanu/AppData/Local/UnrealEngine/Common/DerivedDataCache/Buckets/LegacyTEXTURE/f1/50/31cec01ef05e31821027c2cc350fafa3ccaf.udd" 5534
"C:/Users/emanu/AppData/Local/UnrealEngine/Common/DerivedDataCache/Buckets/LegacyTEXTURE/2d/70/7119ff98dab4ddeaeff03375770e9aa09771.udd" 5535
"C:/Users/emanu/AppData/Local/UnrealEngine/Common/DerivedDataCache/Buckets/LegacyTEXTURE/9b/3b/990a69ef0b555284e07528a3c385bf90f3c6.udd" 5536
"C:/Users/emanu/AppData/Local/UnrealEngine/Common/DerivedDataCache/Buckets/LegacyTEXTURE/6f/c4/322ea1cb15679d16b6dbc01719b80bff856c.udd" 5537
"C:/Users/emanu/AppData/Local/UnrealEngine/Common/DerivedDataCache/Buckets/LegacyTEXTURE/79/27/4b80cf55938fa0c2b33a54ba44ff42a213fd.udd" 5538
"C:/Users/emanu/AppData/Local/UnrealEngine/Common/DerivedDataCache/Buckets/LegacyTEXTURE/21/76/e339716d6e283dd175d93b1430ecb4888ad6.udd" 5539
"C:/Users/emanu/AppData/Local/UnrealEngine/Common/DerivedDataCache/Buckets/LegacyTEXTURE/13/fa/eb1af53c2b3a5882add46b894ee8812756e1.udd" 5540
"C:/Users/emanu/AppData/Local/UnrealEngine/Common/DerivedDataCache/Buckets/LegacyTEXTURE/47/a3/1a753affcc8d1601b37da1c86a88e7fb25e0.udd" 5541
"C:/Users/emanu/AppData/Local/UnrealEngine/Common/DerivedDataCache/Buckets/LegacyTEXTURE/15/e1/3e328e6656e3a81c7e147706ee716ec0c76f.udd" 5542
"C:/Users/emanu/AppData/Local/UnrealEngine/Common/DerivedDataCache/Buckets/LegacyTEXTURE/4d/f2/8c18c7e7385f2b5321a5e274a202b0cd1793.udd" 5543
"C:/Users/emanu/AppData/Local/UnrealEngine/Common/DerivedDataCache/Buckets/LegacyTEXTURE/17/20/f7e20e340993b3dc2c07fe9291930d318f4c.udd" 5544
"C:/Users/emanu/AppData/Local/UnrealEngine/Common/DerivedDataCache/Buckets/LegacyTEXTURE/6b/03/5f4f006e5c1846db4efbb71e45015122ef6a.udd" 5545
"C:/Users/emanu/AppData/Local/UnrealEngine/Common/DerivedDataCache/Buckets/LegacyTEXTURE/bf/06/8efd18bcb53e22a4a9a876d72cbec1434127.udd" 5546
"C:/Users/emanu/AppData/Local/UnrealEngine/Common/DerivedDataCache/Buckets/LegacyTEXTURE/12/ae/855be386c2a382b8e0cf03b42de854095681.udd" 5547
"C:/Users/emanu/AppData/Local/UnrealEngine/Common/DerivedDataCache/Buckets/LegacyTEXTURE/1b/ef/cc0e2dde354a4171422f3f249ac9670e326d.udd" 5548
"C:/Users/emanu/AppData/Local/UnrealEngine/Common/DerivedDataCache/Buckets/LegacyTEXTURE/ff/b9/4e4ad6167eb4d841fc02351a99b51bc257b5.udd" 5549
"C:/Users/emanu/AppData/Local/UnrealEngine/Common/DerivedDataCache/Buckets/LegacyTEXTURE/2a/24/f10890303abbd6fd2d479379d034fb5cac66.udd" 5550
"C:/Users/emanu/AppData/Local/UnrealEngine/Common/DerivedDataCache/Buckets/LegacyTEXTURE/fe/ca/22a913efb726b665d650840dce6659879e7c.udd" 5551
"C:/Users/emanu/AppData/Local/UnrealEngine/Common/DerivedDataCache/Buckets/LegacyTEXTURE/56/26/a1306c3c7a12013e761d792c773a7b620ad8.udd" 5552
"C:/Users/emanu/AppData/Local/UnrealEngine/Common/DerivedDataCache/Buckets/LegacyTEXTURE/b6/ef/881390634202b941fef77722cebf105df955.udd" 5553
"C:/Users/emanu/AppData/Local/UnrealEngine/Common/DerivedDataCache/Buckets/LegacyTEXTURE/40/e3/be2fb001b1547721be29d347ec7c4545966a.udd" 5554
"C:/Users/emanu/AppData/Local/UnrealEngine/Common/DerivedDataCache/Buckets/LegacyTEXTURE/b7/df/6502cd33e52e6cd9e065caef74b393ee52e2.udd" 5555
"C:/Users/emanu/AppData/Local/UnrealEngine/Common/DerivedDataCache/Buckets/LegacyTEXTURE/4d/ce/684eea895425d004a7d9624abf512586f620.udd" 5556
"C:/Users/emanu/AppData/Local/UnrealEngine/Common/DerivedDataCache/Buckets/LegacyTEXTURE/ef/47/93408302c899f118c9fdd0da398e5b99ea8f.udd" 5557
"C:/Users/emanu/AppData/Local/UnrealEngine/Common/DerivedDataCache/Buckets/LegacyTEXTURE/59/c1/c4b1e58a391f8e55cfc1d43ee2f96738399c.udd" 5558
"C:/Users/emanu/AppData/Local/UnrealEngine/Common/DerivedDataCache/Buckets/LegacyTEXTURE/e4/00/06140b4fa4b010195d1ae05f5ffbe70570c8.udd" 5559
"C:/Users/emanu/AppData/Local/UnrealEngine/Common/DerivedDataCache/Buckets/LegacyTEXTURE/71/8e/7394bd4ca37e296f9013c4bef0bb4cd2b88c.udd" 5560
"C:/Users/emanu/AppData/Local/UnrealEngine/Common/DerivedDataCache/Buckets/LegacyTEXTURE/6a/d1/195e0d657bb66be5781d2d4e372cd72624de.udd" 5561
"C:/Users/emanu/AppData/Local/UnrealEngine/Common/DerivedDataCache/Buckets/LegacyTEXTURE/f2/b9/066e865b6f50ea2267add5ce0150d5236301.udd" 5562
"C:/Users/emanu/AppData/Local/UnrealEngine/Common/DerivedDataCache/Buckets/LegacyTEXTURE/0f/3d/72da9a0a2b0f719ccabec10d8f4909e7b97f.udd" 5563
"C:/Users/emanu/AppData/Local/UnrealEngine/Common/DerivedDataCache/Buckets/LegacyTEXTURE/1e/3b/bde057a757e9692a892b450596b4cf34a96e.udd" 5564
"C:/Users/emanu/AppData/Local/UnrealEngine/Common/DerivedDataCache/Buckets/LegacyTEXTURE/94/f8/ebad29a7b56654c11bcd9bed180da8f0ee2f.udd" 5565
"C:/Users/emanu/AppData/Local/UnrealEngine/Common/DerivedDataCache/Buckets/LegacyTEXTURE/91/13/557207add4718e42d7f30ad42d8d9b6f1dc4.udd" 5566
"C:/Users/emanu/AppData/Local/UnrealEngine/Common/DerivedDataCache/Buckets/LegacyTEXTURE/05/77/2fff858b82d7e314af51948f858c3e8f946e.udd" 5567
"C:/Users/emanu/AppData/Local/UnrealEngine/Common/DerivedDataCache/Buckets/LegacyTEXTURE/5c/03/a07ec1d50467895670f67acac4b4264aa031.udd" 5568
"C:/Users/emanu/AppData/Local/UnrealEngine/Common/DerivedDataCache/Buckets/LegacyTEXTURE/c5/e0/11a4b2afb599f5cd4a955070315e6d14bf34.udd" 5569
"C:/Users/emanu/AppData/Local/UnrealEngine/Common/DerivedDataCache/Buckets/LegacyTEXTURE/93/c1/9130d8bda865c71393a249e9e37af240ce4b.udd" 5570
"C:/Users/emanu/AppData/Local/UnrealEngine/Common/DerivedDataCache/Buckets/LegacyTEXTURE/e3/1a/b3eb02ae6be7331a2263da3444580dc61b3c.udd" 5571
"C:/Users/emanu/AppData/Local/UnrealEngine/Common/DerivedDataCache/Buckets/LegacyTEXTURE/8c/36/c89e81408467b7715e203381fc9269f3058c.udd" 5572
"C:/Users/emanu/AppData/Local/UnrealEngine/Common/DerivedDataCache/Buckets/LegacyTEXTURE/62/5f/704ea2bf26c472a23a57239e4f70893eb919.udd" 5573
"C:/Users/emanu/AppData/Local/UnrealEngine/Common/DerivedDataCache/Buckets/LegacyTEXTURE/23/80/43f4c32ef9942ec56432eb5a080d03106dc2.udd" 5574
"C:/Users/emanu/AppData/Local/UnrealEngine/Common/DerivedDataCache/Buckets/LegacyTEXTURE/11/49/741c124339b580efb3dc98e3a527203666cc.udd" 5575
"C:/Users/emanu/AppData/Local/UnrealEngine/Common/DerivedDataCache/Buckets/LegacyTEXTURE/34/df/94b9abd3bb837c64c88fd2eaba1c17a49589.udd" 5576
"C:/Users/emanu/AppData/Local/UnrealEngine/Common/DerivedDataCache/Buckets/LegacyTEXTURE/d1/5d/5f011ab77319e67bc8565184b4e305bbe859.udd" 5577
"C:/Users/emanu/AppData/Local/UnrealEngine/Common/DerivedDataCache/Buckets/LegacyTEXTURE/8a/88/304accf3b306f34d1d3951c9df969f63dc54.udd" 5578
"C:/Users/emanu/AppData/Local/UnrealEngine/Common/DerivedDataCache/Buckets/LegacyTEXTURE/68/02/eb7d33667f8cdbc326292ea7aac888364b9c.udd" 5579
"C:/Users/emanu/AppData/Local/UnrealEngine/Common/DerivedDataCache/Buckets/LegacyTEXTURE/8e/fa/5e37c05cd95b98cedefca74c1f8542d9e1b2.udd" 5580
"C:/Users/emanu/AppData/Local/UnrealEngine/Common/DerivedDataCache/Buckets/LegacyTEXTURE/b1/68/c50cc4963fe54dae5623f7be9b871e85c175.udd" 5581
"C:/Users/emanu/AppData/Local/UnrealEngine/Common/DerivedDataCache/Buckets/LegacyTEXTURE/41/ec/fb52586a9941b956360014aaf27aac4f394e.udd" 5582
"C:/Users/emanu/AppData/Local/UnrealEngine/Common/DerivedDataCache/Buckets/LegacyTEXTURE/8d/10/ef5f2033eea72a67aa0c5fa1a068a0fa1062.udd" 5583
"C:/Users/emanu/AppData/Local/UnrealEngine/Common/DerivedDataCache/Buckets/LegacyTEXTURE/3f/aa/e086abe60b10d5cea01cdfb27c719490c236.udd" 5584
"C:/Users/emanu/AppData/Local/UnrealEngine/Common/DerivedDataCache/Buckets/LegacyTEXTURE/77/55/e59cb42023a829466b25418986365f14b8fa.udd" 5585
"C:/Users/emanu/AppData/Local/UnrealEngine/Common/DerivedDataCache/Buckets/LegacyTEXTURE/f5/ef/db0a4f54577c2d79acdab9e0ec88c2a1899f.udd" 5586
"C:/Users/emanu/AppData/Local/UnrealEngine/Common/DerivedDataCache/Buckets/LegacyTEXTURE/b4/ab/b682973a9dd8d447115158e2bc96ed71179d.udd" 5587
"C:/Users/emanu/AppData/Local/UnrealEngine/Common/DerivedDataCache/Buckets/LegacyTEXTURE/4a/f5/3b5c0b8fd558904c94d906fe4066388c7c48.udd" 5588
"C:/Users/emanu/AppData/Local/UnrealEngine/Common/DerivedDataCache/Buckets/LegacyTEXTURE/9e/c6/16d25032f8a36c0f370fe36a2e526395bcb1.udd" 5589
"C:/Users/emanu/AppData/Local/UnrealEngine/Common/DerivedDataCache/Buckets/LegacyTEXTURE/3a/df/d1034ad94f8b147348edeb3cc9c4a8d969d4.udd" 5590
"C:/Users/emanu/AppData/Local/UnrealEngine/Common/DerivedDataCache/Buckets/LegacyTEXTURE/28/a7/00a5868061aa57c8556dc75e46f5a6ebb784.udd" 5591
"C:/Users/emanu/AppData/Local/UnrealEngine/Common/DerivedDataCache/Buckets/LegacyTEXTURE/2b/4c/65690b4676c1933ed1091135a897ebdb5a6f.udd" 5592
"C:/Users/emanu/AppData/Local/UnrealEngine/Common/DerivedDataCache/Buckets/LegacyTEXTURE/6f/d4/3ccf33f045433f1c727eb4fac4a8c352d673.udd" 5593
"C:/Users/emanu/AppData/Local/UnrealEngine/Common/DerivedDataCache/Buckets/LegacyTEXTURE/b3/00/066c68cda2a2eb4fb0fd529df730ea4f46f0.udd" 5594
"C:/Users/emanu/AppData/Local/UnrealEngine/Common/DerivedDataCache/Buckets/LegacyTEXTURE/67/8b/925b17a932649f13294dd8039c81364fad9d.udd" 5595
"C:/Users/emanu/AppData/Local/UnrealEngine/Common/DerivedDataCache/Buckets/LegacyTEXTURE/8f/87/00c511c53cf1ff4134a5a20a1d1f54158143.udd" 5596
"C:/Users/emanu/AppData/Local/UnrealEngine/Common/DerivedDataCache/Buckets/LegacyTEXTURE/28/ac/8063a3e5a200d73950f168799b3f142d889c.udd" 5597
"C:/Users/emanu/AppData/Local/UnrealEngine/Common/DerivedDataCache/Buckets/LegacyTEXTURE/d0/61/fe5a1de3b56a9ee24c8b9a97980840cfefb5.udd" 5598
"C:/Users/emanu/AppData/Local/UnrealEngine/Common/DerivedDataCache/Buckets/LegacyTEXTURE/55/75/00f85d4cf7149e7a90f12692127b9d9df306.udd" 5599
"C:/Users/emanu/AppData/Local/UnrealEngine/Common/DerivedDataCache/Buckets/LegacyTEXTURE/26/d7/30e125684fdad0ee2b6b6b2093b0deb9a9c4.udd" 5600
"C:/Users/emanu/AppData/Local/UnrealEngine/Common/DerivedDataCache/Buckets/LegacyTEXTURE/d0/f5/7054a80e949772ebae0f5dc19cecb0a36388.udd" 5601
"C:/Users/emanu/AppData/Local/UnrealEngine/Common/DerivedDataCache/Buckets/LegacyTEXTURE/a6/dc/3bc0a6b0f9c2524e10abcfbbeffad0c60021.udd" 5602
"C:/Users/emanu/AppData/Local/UnrealEngine/Common/DerivedDataCache/Buckets/LegacyTEXTURE/ca/f6/8e6286ee150b791efcb0fd04d75ef59d5f57.udd" 5603
"C:/Users/emanu/AppData/Local/UnrealEngine/Common/DerivedDataCache/Buckets/LegacyTEXTURE/cf/ab/9c7cc8c1748e811e0ec733cfa295b02d0f4e.udd" 5604
"C:/Users/emanu/AppData/Local/UnrealEngine/Common/DerivedDataCache/Buckets/LegacyTEXTURE/65/75/c37e7fd2f834debfce4f55f81510148bcc44.udd" 5605
"C:/Users/emanu/AppData/Local/UnrealEngine/Common/DerivedDataCache/Buckets/LegacyTEXTURE/5a/c0/be1e991dbf27cb4bcdd35e07a6d7288e71c6.udd" 5606
"C:/Users/emanu/AppData/Local/UnrealEngine/Common/DerivedDataCache/Buckets/LegacyTEXTURE/fa/15/be0fda083cb37fbd5671a00cefd7b491644a.udd" 5607
"C:/Users/emanu/AppData/Local/UnrealEngine/Common/DerivedDataCache/Buckets/LegacyTEXTURE/d9/95/c49408521d71bf81e1e7498dbccf62434139.udd" 5608
"C:/Users/emanu/AppData/Local/UnrealEngine/Common/DerivedDataCache/Buckets/LegacyTEXTURE/91/29/64cd75b540e8fd5db533b3acee1fcb29ff70.udd" 5609
"C:/Users/emanu/AppData/Local/UnrealEngine/Common/DerivedDataCache/Buckets/LegacyTEXTURE/d2/42/46ce8a87d20f7210a0b8a9c90981398dcd6f.udd" 5610
"C:/Users/emanu/AppData/Local/UnrealEngine/Common/DerivedDataCache/Buckets/LegacyTEXTURE/59/b6/2b676caab6ab3174b4262882e36cf991af13.udd" 5611
"C:/Users/emanu/AppData/Local/UnrealEngine/Common/DerivedDataCache/Buckets/LegacyTEXTURE/8b/d3/d536c2bc2c1c9b27b25d3d72c9c2bbd6d261.udd" 5612
"C:/Users/emanu/AppData/Local/UnrealEngine/Common/DerivedDataCache/Buckets/LegacyTEXTURE/e1/d8/c078a38a03ff6b9f53123f4b85ba6e169f07.udd" 5613
"C:/Users/emanu/AppData/Local/UnrealEngine/Common/DerivedDataCache/Buckets/LegacyTEXTURE/8f/ae/51797d2e7aec6265ac47c662ec75864e1e37.udd" 5614
"C:/Users/emanu/AppData/Local/UnrealEngine/Common/DerivedDataCache/Buckets/LegacyTEXTURE/7a/f1/6914ec4e778f01d0a8c202e6012ddbcb2bde.udd" 5615
"C:/Users/emanu/AppData/Local/UnrealEngine/Common/DerivedDataCache/Buckets/LegacyTEXTURE/ad/c6/b290c22caddf119fc3d2893846c50af64886.udd" 5616
"C:/Users/emanu/AppData/Local/UnrealEngine/Common/DerivedDataCache/Buckets/LegacyTEXTURE/61/c9/8ada61de27a736ebbc90083c1802ca2d8609.udd" 5617
"C:/Users/emanu/AppData/Local/UnrealEngine/Common/DerivedDataCache/Buckets/LegacyTEXTURE/63/c6/94a2bf7d362eb768787c9df3e07f7e818e94.udd" 5618
"C:/Users/emanu/AppData/Local/UnrealEngine/Common/DerivedDataCache/Buckets/LegacyTEXTURE/b1/49/098a62d3d66d79744358f0e13500f5171d06.udd" 5619
"C:/Users/emanu/AppData/Local/UnrealEngine/Common/DerivedDataCache/Buckets/LegacyTEXTURE/7f/64/b3168785d4a2331bad45230deab106b85eb5.udd" 5620
"C:/Users/emanu/AppData/Local/UnrealEngine/Common/DerivedDataCache/Buckets/LegacyTEXTURE/b9/4e/94dfe7dc7724099399e3295851ecd48ae49b.udd" 5621
"C:/Users/emanu/AppData/Local/UnrealEngine/Common/DerivedDataCache/Buckets/LegacyTEXTURE/a5/f6/506be69b10895503f872afb4bb3bef730011.udd" 5622
"C:/Users/emanu/AppData/Local/UnrealEngine/Common/DerivedDataCache/Buckets/LegacyTEXTURE/88/d0/9bdfdc7b72bb24f61ceff955d4c5c0370343.udd" 5623
"C:/Users/emanu/AppData/Local/UnrealEngine/Common/DerivedDataCache/Buckets/LegacyTEXTURE/91/fa/d02aa3be0e823de1a878589d560ffa3ab1ac.udd" 5624
"C:/Users/emanu/AppData/Local/UnrealEngine/Common/DerivedDataCache/Buckets/LegacyTEXTURE/f1/7c/ecad95f4e62b0126ae68b6aab36191089084.udd" 5625
"C:/Users/emanu/AppData/Local/UnrealEngine/Common/DerivedDataCache/Buckets/LegacyTEXTURE/a9/0c/ea89b644b94fb2249243516b0653a666ec12.udd" 5626
"C:/Users/emanu/AppData/Local/UnrealEngine/Common/DerivedDataCache/Buckets/LegacyTEXTURE/f2/b6/148f3b76522cbd55140a00f391833b748023.udd" 5627
"C:/Users/emanu/AppData/Local/UnrealEngine/Common/DerivedDataCache/Buckets/LegacyTEXTURE/21/9e/38dfde782e8661034c75e0f96ea488399a02.udd" 5628
"C:/Users/emanu/AppData/Local/UnrealEngine/Common/DerivedDataCache/Buckets/LegacyTEXTURE/77/c4/783b38e409b0be173f632b3e5296c84b4e8c.udd" 5629
"C:/Users/emanu/AppData/Local/UnrealEngine/Common/DerivedDataCache/Buckets/LegacyTEXTURE/78/0f/aab51ea0e8f4c1942535be6d4620a8c80b2a.udd" 5630
"C:/Users/emanu/AppData/Local/UnrealEngine/Common/DerivedDataCache/Buckets/LegacyTEXTURE/b6/a8/30d65b9ebf5187c91f6fd00f52c2df27154f.udd" 5631
"C:/Users/emanu/AppData/Local/UnrealEngine/Common/DerivedDataCache/Buckets/LegacyTEXTURE/91/4c/e38c5cbea60654b19fd95b44b393e49c54fe.udd" 5632
"C:/Users/emanu/AppData/Local/UnrealEngine/Common/DerivedDataCache/Buckets/LegacyTEXTURE/34/83/1f69ec0f8605596d738a05bc5e0830eb183c.udd" 5633
"C:/Users/emanu/AppData/Local/UnrealEngine/Common/DerivedDataCache/Buckets/LegacyTEXTURE/62/84/31e3e3cdfc4b7629ade87c77cf810d2e5dee.udd" 5634
"C:/Users/emanu/AppData/Local/UnrealEngine/Common/DerivedDataCache/Buckets/LegacyTEXTURE/93/b9/a4cbf0dd4b9ebecfe5420398fe600b05a61b.udd" 5635
"C:/Users/emanu/AppData/Local/UnrealEngine/Common/DerivedDataCache/Buckets/LegacyTEXTURE/76/82/9e0c3c2effec7b3ac51a3ee5bb84d1e944e8.udd" 5636
"C:/Users/emanu/AppData/Local/UnrealEngine/Common/DerivedDataCache/Buckets/LegacyTEXTURE/ee/be/753c584833eccd4fb28657b2315ec7c054c3.udd" 5637
"C:/Users/emanu/AppData/Local/UnrealEngine/Common/DerivedDataCache/Buckets/LegacyTEXTURE/51/fc/e62f7d5bb51d405ccfd23a4cefc35dbd9fec.udd" 5638
"C:/Users/emanu/AppData/Local/UnrealEngine/Common/DerivedDataCache/Buckets/LegacyTEXTURE/0d/ef/2f3ad44b65711bb03b553acc7b02a52fe2fc.udd" 5639
"C:/Users/emanu/AppData/Local/UnrealEngine/Common/DerivedDataCache/Buckets/LegacyTEXTURE/a8/f3/9ff44e77591da8da43fd4f6c921c99af1d43.udd" 5640
"C:/Users/emanu/AppData/Local/UnrealEngine/Common/DerivedDataCache/Buckets/LegacyTEXTURE/4d/cd/c750c97ae1ddecadfacb195563d083aaadb4.udd" 5641
"C:/Users/emanu/AppData/Local/UnrealEngine/Common/DerivedDataCache/Buckets/LegacyTEXTURE/50/4d/7139a4d808fed38bf6f8ce5bf0549ea7e0c7.udd" 5642
"C:/Users/emanu/AppData/Local/UnrealEngine/Common/DerivedDataCache/Buckets/LegacyTEXTURE/d5/ae/eca7b669722d167faacd70414e866ffaba71.udd" 5643
"C:/Users/emanu/AppData/Local/UnrealEngine/Common/DerivedDataCache/Buckets/LegacyTEXTURE/e7/39/228c7803f8f1b3f104d5a363b9fd075df072.udd" 5644
"C:/Users/emanu/AppData/Local/UnrealEngine/Common/DerivedDataCache/Buckets/LegacyTEXTURE/83/55/966746ed9e6b3620c73abc2287cfd01ec388.udd" 5645
"C:/Users/emanu/AppData/Local/UnrealEngine/Common/DerivedDataCache/Buckets/LegacyTEXTURE/05/79/417334689c3eb7fb141dbeaadb004733bd90.udd" 5646
"C:/Users/emanu/AppData/Local/UnrealEngine/Common/DerivedDataCache/Buckets/LegacyTEXTURE/cf/20/9d5af6c64806efc95518217c2d6d84d342f4.udd" 5647
"C:/Users/emanu/AppData/Local/UnrealEngine/Common/DerivedDataCache/Buckets/LegacyTEXTURE/c3/62/da35c92ec146b58ebc275f0ef974aa5010d6.udd" 5648
"C:/Users/emanu/AppData/Local/UnrealEngine/Common/DerivedDataCache/Buckets/LegacyTEXTURE/9d/de/7f669191efc403cd65bd0d6501f32969f8de.udd" 5649
"C:/Users/emanu/AppData/Local/UnrealEngine/Common/DerivedDataCache/Buckets/LegacyTEXTURE/11/7a/72d1265c8c8e96c0f533b714b50f363debe2.udd" 5650
"C:/Users/emanu/AppData/Local/UnrealEngine/Common/DerivedDataCache/Content/81/09/096fb9fee7a31456ee9e3b87c4c0ff5a07e0.udd" 5651
"C:/Users/emanu/AppData/Local/UnrealEngine/Common/DerivedDataCache/Buckets/LegacyTEXTURE/54/e0/3198b6d049ee77fd7ae4354e2396dda262cf.udd" 5652
"C:/Users/emanu/AppData/Local/UnrealEngine/Common/DerivedDataCache/Buckets/LegacyTEXTURE/b7/84/4f3bed33fc3437c1427799276ce61c4779a7.udd" 5653
"C:/Users/emanu/AppData/Local/UnrealEngine/Common/DerivedDataCache/Buckets/LegacyTEXTURE/bc/97/33011b00f64e8c46a56c967de11fb21163e6.udd" 5654
"C:/Users/emanu/AppData/Local/UnrealEngine/Common/DerivedDataCache/Buckets/LegacyTEXTURE/d2/1a/56695f508bf218848226830f98b2354ad59c.udd" 5655
"C:/Users/emanu/AppData/Local/UnrealEngine/Common/DerivedDataCache/Buckets/LegacyTEXTURE/87/02/19950f25b72478cd58fc2a1ee495d2055c63.udd" 5656
"C:/Users/emanu/AppData/Local/UnrealEngine/Common/DerivedDataCache/Buckets/LegacyTEXTURE/75/0d/adf52f0decc48de6021739a2ed0680f704c7.udd" 5657
"C:/Users/emanu/AppData/Local/UnrealEngine/Common/DerivedDataCache/Content/af/30/fb76243830a9553d0c41e7fadcfcc323f945.udd" 5658
"C:/Users/emanu/AppData/Local/UnrealEngine/Common/DerivedDataCache/Buckets/LegacyTEXTURE/23/7c/cba6532eee79409b846a8b86219e541c0a89.udd" 5659
"C:/Users/emanu/AppData/Local/UnrealEngine/Common/DerivedDataCache/Buckets/LegacyTEXTURE/29/99/fbb47a1ee431c15ad3a0b245ed7ebfc9d7f5.udd" 5660
"C:/Users/emanu/AppData/Local/UnrealEngine/Common/DerivedDataCache/Buckets/LegacyTEXTURE/77/17/a0cc63885ba85d92395802a29baf549d5f74.udd" 5661
"C:/Users/emanu/AppData/Local/UnrealEngine/Common/DerivedDataCache/Buckets/LegacyTEXTURE/51/64/87251291affb6c7353059832ed62bec08ccd.udd" 5662
"C:/Users/emanu/AppData/Local/UnrealEngine/Common/DerivedDataCache/Buckets/LegacyTEXTURE/d2/0f/600737811027ea63c8a90a9e1bcb922dc900.udd" 5663
"C:/Users/emanu/AppData/Local/UnrealEngine/Common/DerivedDataCache/Buckets/LegacyTEXTURE/9a/7c/4f6ee4c1456851fcf5c2439c5c09dcb5dcc5.udd" 5664
"C:/Users/emanu/AppData/Local/UnrealEngine/Common/DerivedDataCache/Content/a3/26/dc978dfa66e03d73e7fda4a610d474967b41.udd" 5665
"C:/Users/emanu/AppData/Local/UnrealEngine/Common/DerivedDataCache/Buckets/LegacyTEXTURE/b2/51/b5c737a1ada8879c96593e126ccaecc0e1b5.udd" 5666
"C:/Users/emanu/AppData/Local/UnrealEngine/Common/DerivedDataCache/Buckets/LegacyTEXTURE/a3/0b/6a6a1556642a9c41eb966b746b924c21c945.udd" 5667
"C:/Users/emanu/AppData/Local/UnrealEngine/Common/DerivedDataCache/Buckets/LegacyTEXTURE/48/d2/b4fb93037f0f5d5d700dc3e96e6d7b1e65fe.udd" 5668
"C:/Users/emanu/AppData/Local/UnrealEngine/Common/DerivedDataCache/Buckets/LegacyTEXTURE/9b/25/b7831d8fef35111b5985365100ddfec2c8a2.udd" 5669
"C:/Users/emanu/AppData/Local/UnrealEngine/Common/DerivedDataCache/Buckets/LegacyTEXTURE/fb/ef/582f1585c187c35a63ff409467e949dc0f8e.udd" 5670
"C:/Users/emanu/AppData/Local/UnrealEngine/Common/DerivedDataCache/Buckets/LegacyTEXTURE/07/d1/ce1368029c7ff5d82db643ca5adbdd4367da.udd" 5671
"C:/Users/emanu/AppData/Local/UnrealEngine/Common/DerivedDataCache/Content/41/37/51bc0cb6a7cf7798eea968eb41b22a186b24.udd" 5672
"C:/Users/emanu/AppData/Local/UnrealEngine/Common/DerivedDataCache/Buckets/LegacyTEXTURE/61/d6/b03ce44bab53dcf1053061c7c53ed445ed84.udd" 5673
"C:/Users/emanu/AppData/Local/UnrealEngine/Common/DerivedDataCache/Buckets/LegacyTEXTURE/1e/60/610a677c2b18284d846da8b2e506badfe5f5.udd" 5674
"C:/Users/emanu/AppData/Local/UnrealEngine/Common/DerivedDataCache/Buckets/LegacyTEXTURE/b7/a5/63e38940b7f798e318978a325ac205591915.udd" 5675
"C:/Users/emanu/AppData/Local/UnrealEngine/Common/DerivedDataCache/Buckets/LegacyTEXTURE/a0/9c/b871cd09d494805193df9c7ad425f3fa2d69.udd" 5676
"C:/Users/emanu/AppData/Local/UnrealEngine/Common/DerivedDataCache/Buckets/LegacyTEXTURE/00/7d/197da3da624595bd9d34133e9d7c91482b1b.udd" 5677
"C:/Users/emanu/AppData/Local/UnrealEngine/Common/DerivedDataCache/Buckets/LegacyTEXTURE/07/61/a460dab9f70a4e8ea708cb536f3aa55248ab.udd" 5678
"C:/Users/emanu/AppData/Local/UnrealEngine/Common/DerivedDataCache/Buckets/LegacyTEXTURE/58/bb/e39c55b36a31bc08425934e7a6093ded2118.udd" 5679
"C:/Users/emanu/AppData/Local/UnrealEngine/Common/DerivedDataCache/Buckets/LegacyTEXTURE/48/79/5f16943518c32cf85bcc0f6643236af51162.udd" 5680
"C:/Users/emanu/AppData/Local/UnrealEngine/Common/DerivedDataCache/Content/9b/4d/468cd8aacb7cfdbdd930a732ff98c4fbfbc2.udd" 5681
"C:/Users/emanu/AppData/Local/UnrealEngine/Common/DerivedDataCache/Buckets/LegacyTEXTURE/b3/e7/e9e79b55c22ad055a7978857683c9b4c4715.udd" 5682
"C:/Users/emanu/AppData/Local/UnrealEngine/Common/DerivedDataCache/Buckets/LegacyTEXTURE/09/df/15771d2b48517d10165d5f9b6ed89137724f.udd" 5683
"C:/Users/emanu/AppData/Local/UnrealEngine/Common/DerivedDataCache/Buckets/LegacyTEXTURE/2f/75/d3a907b0f4be074133a9f23b6af0b7f66859.udd" 5684
"C:/Users/emanu/AppData/Local/UnrealEngine/Common/DerivedDataCache/Buckets/LegacyTEXTURE/28/1e/86113834d980c0a21d1fb18c778f8ff50a4c.udd" 5685
"C:/Users/emanu/AppData/Local/UnrealEngine/Common/DerivedDataCache/Buckets/LegacyTEXTURE/b2/71/c6dbfde19d3ba345696c862375d39bf8008b.udd" 5686
"C:/Users/emanu/AppData/Local/UnrealEngine/Common/DerivedDataCache/Buckets/LegacyTEXTURE/9a/91/5b74583e3bf9822c4a575b28fe0b9e2fbfc2.udd" 5687
"C:/Users/emanu/AppData/Local/UnrealEngine/Common/DerivedDataCache/Content/c9/9c/2b62eed48f47c6d4fd44ac7d26e4960ed662.udd" 5688
"C:/Users/emanu/AppData/Local/UnrealEngine/Common/DerivedDataCache/Buckets/LegacyTEXTURE/43/0e/28f735913d5515d682fa5690f4bda02864cf.udd" 5689
"C:/Users/emanu/AppData/Local/UnrealEngine/Common/DerivedDataCache/Buckets/LegacyTEXTURE/bb/1f/7b1486b4af6f471c60b436bc3a0d06454476.udd" 5690
"C:/Users/emanu/AppData/Local/UnrealEngine/Common/DerivedDataCache/Buckets/LegacyTEXTURE/fa/88/f65941eb5b849f1e52f1c697c0582bea774f.udd" 5691
"C:/Users/emanu/AppData/Local/UnrealEngine/Common/DerivedDataCache/Buckets/LegacyTEXTURE/4d/bb/0543fa4b0d1db35343b5595aa7c1f5de297b.udd" 5692
"C:/Users/emanu/AppData/Local/UnrealEngine/Common/DerivedDataCache/Buckets/LegacyTEXTURE/e9/a7/02d4a1a26da69a371f045b52239636e69ee5.udd" 5693
"C:/Users/emanu/AppData/Local/UnrealEngine/Common/DerivedDataCache/Buckets/LegacyTEXTURE/41/25/fd3f4e5eb03817dd1d468d0f1502b9635b6d.udd" 5694
"C:/Users/emanu/AppData/Local/UnrealEngine/Common/DerivedDataCache/Buckets/LegacyTEXTURE/1f/96/443351d680002b93162355ffd1796471606c.udd" 5695
"C:/Users/emanu/AppData/Local/UnrealEngine/Common/DerivedDataCache/Buckets/LegacyTEXTURE/66/51/c849e91f5a19a00d6c53115f8e041a851c1c.udd" 5696
"C:/Users/emanu/AppData/Local/UnrealEngine/Common/DerivedDataCache/Buckets/LegacyTEXTURE/46/08/9cd5ebb490e35760a346bbfe913aa7b33588.udd" 5697
"C:/Users/emanu/AppData/Local/UnrealEngine/Common/DerivedDataCache/Buckets/LegacyTEXTURE/6a/5d/eb1a142e772e33f70fee1b36a2c250c039b4.udd" 5698
"C:/Users/emanu/AppData/Local/UnrealEngine/Common/DerivedDataCache/Buckets/LegacyTEXTURE/0d/72/c08a3c790577f9bae387ca4bf365d60da162.udd" 5699
"C:/Users/emanu/AppData/Local/UnrealEngine/Common/DerivedDataCache/Buckets/LegacyTEXTURE/68/43/53b2c18e18f3de32b7ac530f38f80c7b6557.udd" 5700
"C:/Users/emanu/AppData/Local/UnrealEngine/Common/DerivedDataCache/Buckets/LegacyTEXTURE/6d/ed/4a4ff943d116c3a770ef1d3d127d9b1bf5e6.udd" 5701
"C:/Users/emanu/AppData/Local/UnrealEngine/Common/DerivedDataCache/Buckets/LegacyTEXTURE/e4/4e/1114963440b4861830110fea9e85e494c04c.udd" 5702
"C:/Users/emanu/AppData/Local/UnrealEngine/Common/DerivedDataCache/Buckets/LegacyTEXTURE/73/50/ed03a40b0bdee7f65402b3ba6d10a1eac890.udd" 5703
"C:/Users/emanu/AppData/Local/UnrealEngine/Common/DerivedDataCache/Buckets/LegacyTEXTURE/b6/6c/f9e6f748c3023bdf4ad7b929d7d9ce1b2d46.udd" 5704
"C:/Users/emanu/AppData/Local/UnrealEngine/Common/DerivedDataCache/Buckets/LegacyTEXTURE/c8/d7/967b9facca6c576afc34a004fe06e5028b2c.udd" 5705
"C:/Users/emanu/AppData/Local/UnrealEngine/Common/DerivedDataCache/Buckets/LegacyTEXTURE/0b/98/fbc5e656a8976f42cec2e50a9386e28b50f0.udd" 5706
"C:/Users/emanu/AppData/Local/UnrealEngine/Common/DerivedDataCache/Buckets/LegacyTEXTURE/17/20/9ebfe2e23c3d4a19480291f55dceb67ca4f9.udd" 5707
"C:/Users/emanu/AppData/Local/UnrealEngine/Common/DerivedDataCache/Buckets/LegacyTEXTURE/aa/72/bd9d58e0feaaaca9754746b0979210f5a779.udd" 5708
"C:/Users/emanu/AppData/Local/UnrealEngine/Common/DerivedDataCache/Buckets/LegacyTEXTURE/96/f1/a631cb9b6b126282e769c273c61bb579a160.udd" 5709
"C:/Users/emanu/AppData/Local/UnrealEngine/Common/DerivedDataCache/Buckets/LegacyTEXTURE/ad/40/2f0a9d8dbefb905b39c84d78aa21c3a17efe.udd" 5710
"C:/Users/emanu/AppData/Local/UnrealEngine/Common/DerivedDataCache/Buckets/LegacyTEXTURE/d3/8f/fc6c21f57c6486dbd293742456acd9b90764.udd" 5711
"C:/Users/emanu/AppData/Local/UnrealEngine/Common/DerivedDataCache/Buckets/LegacyTEXTURE/84/ff/fea593c6c9987c5e690b8468df4eb1af9322.udd" 5712
"C:/Users/emanu/AppData/Local/UnrealEngine/Common/DerivedDataCache/Buckets/LegacyTEXTURE/ef/f6/49054c391e4700fb1c460c990848ffcf3138.udd" 5713
"C:/Users/emanu/AppData/Local/UnrealEngine/Common/DerivedDataCache/Buckets/LegacyTEXTURE/cb/2c/77c3813941a853a721af09b4d29fb5deaeb4.udd" 5714
"C:/Users/emanu/AppData/Local/UnrealEngine/Common/DerivedDataCache/Buckets/LegacyTEXTURE/e1/e7/1c7a452b1352128c2faab5332333b78381f0.udd" 5715
"C:/Users/emanu/AppData/Local/UnrealEngine/Common/DerivedDataCache/Buckets/LegacyTEXTURE/ba/2c/0a2f7bdc04a054b65c7dfcb1cc702136c843.udd" 5716
"C:/Users/emanu/AppData/Local/UnrealEngine/Common/DerivedDataCache/Buckets/LegacyTEXTURE/63/9a/d5ebe33d39b6b1aa590d70ed404d3d04726c.udd" 5717
"C:/Users/emanu/AppData/Local/UnrealEngine/Common/DerivedDataCache/Buckets/LegacyTEXTURE/77/f3/1ae2a4cd666c9877a710ad2933daf9aba1ab.udd" 5718
"C:/Users/emanu/AppData/Local/UnrealEngine/Common/DerivedDataCache/Buckets/LegacyTEXTURE/6f/eb/5a21806e1f71ca38ab0de018d7b90105f049.udd" 5719
"C:/Users/emanu/AppData/Local/UnrealEngine/Common/DerivedDataCache/Buckets/LegacyTEXTURE/87/c3/308c908100c836922e7baf96ec362a1179f1.udd" 5720
"C:/Users/emanu/AppData/Local/UnrealEngine/Common/DerivedDataCache/Buckets/LegacyTEXTURE/a2/d9/89829f84f63dc712b5d83c0de7b71194e554.udd" 5721
"C:/Users/emanu/AppData/Local/UnrealEngine/Common/DerivedDataCache/Buckets/LegacyTEXTURE/15/48/af697066a1a479b3310c492d91d5cd8f75fb.udd" 5722
"C:/Users/emanu/AppData/Local/UnrealEngine/Common/DerivedDataCache/Buckets/LegacyTEXTURE/fb/f0/fb3332a166d3ffed2b42634bc9a3f44230b6.udd" 5723
"C:/Users/emanu/AppData/Local/UnrealEngine/Common/DerivedDataCache/Buckets/LegacyTEXTURE/94/d9/6cc877c75905e0c6764f9ca0498d67cb00ac.udd" 5724
"C:/Users/emanu/AppData/Local/UnrealEngine/Common/DerivedDataCache/Buckets/LegacyTEXTURE/95/92/66fe20f5f1f330e20d600b504d023fcb9e74.udd" 5725
"C:/Users/emanu/AppData/Local/UnrealEngine/Common/DerivedDataCache/Buckets/LegacyTEXTURE/24/cf/b9cf443617682407b6328b8787245ae9b453.udd" 5726
"C:/Users/emanu/AppData/Local/UnrealEngine/Common/DerivedDataCache/Buckets/LegacyTEXTURE/a1/04/c70fe61120c86ce065b187f77b8f254e7121.udd" 5727
"C:/Users/emanu/AppData/Local/UnrealEngine/Common/DerivedDataCache/Buckets/LegacyTEXTURE/52/d6/f284432fc0992fffd298b8eb05919b7b4ebc.udd" 5728
"C:/Users/emanu/AppData/Local/UnrealEngine/Common/DerivedDataCache/Buckets/LegacyTEXTURE/4f/27/f3ac943d5bc508e58c40d466d688bea75594.udd" 5729
"C:/Users/emanu/AppData/Local/UnrealEngine/Common/DerivedDataCache/Buckets/LegacyTEXTURE/c0/38/6fb09be5dca6e0f303f48454c553bef47f57.udd" 5730
"C:/Users/emanu/AppData/Local/UnrealEngine/Common/DerivedDataCache/Buckets/LegacyTEXTURE/c3/0d/92fec017f39e451187acac7940be8700589d.udd" 5731
"C:/Users/emanu/AppData/Local/UnrealEngine/Common/DerivedDataCache/Buckets/LegacyTEXTURE/22/27/4cbcd1c8e38c83f72180e06bdd9d9e2ae75f.udd" 5732
"C:/Users/emanu/AppData/Local/UnrealEngine/Common/DerivedDataCache/Buckets/LegacyTEXTURE/eb/71/5e655aaab27382335b2df81c5a5ec2fdc119.udd" 5733
"C:/Users/emanu/AppData/Local/UnrealEngine/Common/DerivedDataCache/Buckets/LegacyTEXTURE/bc/30/cc4777b26d584a0e00202415b7d135766f5e.udd" 5734
"C:/Users/emanu/AppData/Local/UnrealEngine/Common/DerivedDataCache/Buckets/LegacyTEXTURE/2c/aa/07547de6d02ee4843204a2a42e31cbe54967.udd" 5735
"C:/Users/emanu/AppData/Local/UnrealEngine/Common/DerivedDataCache/Buckets/LegacyTEXTURE/25/ea/eb47e638f52149477b250b1f6d325a3136bd.udd" 5736
"C:/Users/emanu/AppData/Local/UnrealEngine/Common/DerivedDataCache/Buckets/LegacyTEXTURE/a8/75/a3721f50c3140277216692c9d5ca718ebb94.udd" 5737
"C:/Users/emanu/AppData/Local/UnrealEngine/Common/DerivedDataCache/Buckets/LegacyTEXTURE/82/2f/a692ccd7168b3eb86d2cb458f5a20d81513e.udd" 5738
"C:/Users/emanu/AppData/Local/UnrealEngine/Common/DerivedDataCache/Buckets/LegacyTEXTURE/08/ca/ae3579d86be980a9b944f43af8b73d73f0ae.udd" 5739
"C:/Users/emanu/AppData/Local/UnrealEngine/Common/DerivedDataCache/Buckets/LegacyTEXTURE/a6/0f/037311c5d8ad4a3628821dac3ba559096966.udd" 5740
"C:/Users/emanu/AppData/Local/UnrealEngine/Common/DerivedDataCache/Buckets/LegacyTEXTURE/31/2c/a5a73173bed6deeec4388ba251aa791184f5.udd" 5741
"C:/Users/emanu/AppData/Local/UnrealEngine/Common/DerivedDataCache/Buckets/LegacyTEXTURE/0e/4b/1ffcbcbdfab0a87c2e99593ae3a471c1af1f.udd" 5742
"C:/Users/emanu/AppData/Local/UnrealEngine/Common/DerivedDataCache/Buckets/LegacyTEXTURE/03/12/13aeb8c02a21d0c6cdc5d0c0c0d60ced76f7.udd" 5743
"C:/Users/emanu/AppData/Local/UnrealEngine/Common/DerivedDataCache/Buckets/LegacyTEXTURE/cd/e1/1b24895ccaf62367a2f3d0432cb131b87716.udd" 5744
"C:/Users/emanu/AppData/Local/UnrealEngine/Common/DerivedDataCache/Buckets/LegacyTEXTURE/70/fc/bb9dffa61a9a0d9ad948cec77d03178319fa.udd" 5745
"C:/Users/emanu/AppData/Local/UnrealEngine/Common/DerivedDataCache/Buckets/LegacyTEXTURE/2e/87/a9fb38a51346dda727b81259e88daf2659f4.udd" 5746
"C:/Users/emanu/AppData/Local/UnrealEngine/Common/DerivedDataCache/Buckets/LegacyTEXTURE/cd/8a/77f03e2c99b029b42c87bf5f499868f96f9a.udd" 5747
"C:/Users/emanu/AppData/Local/UnrealEngine/Common/DerivedDataCache/Buckets/LegacyTEXTURE/90/8c/fc6f2f66c26611c75d0b3013cc4b76a19332.udd" 5748
"C:/Users/emanu/AppData/Local/UnrealEngine/Common/DerivedDataCache/Buckets/LegacyTEXTURE/8b/23/2ae2f2d0ee599a17667495e0de7a15835557.udd" 5749
"C:/Users/emanu/AppData/Local/UnrealEngine/Common/DerivedDataCache/Buckets/LegacyTEXTURE/ca/7f/5415433e2c3d190856394486ff4e337f8a29.udd" 5750
"C:/Users/emanu/AppData/Local/UnrealEngine/Common/DerivedDataCache/Buckets/LegacyTEXTURE/0b/8b/d3f64f7554414144a0e0cc1020ac5975bc15.udd" 5751
"C:/Users/emanu/AppData/Local/UnrealEngine/Common/DerivedDataCache/Buckets/LegacyTEXTURE/5a/90/e780aa509e01dd023bf544551f6d0b6f7873.udd" 5752
"C:/Users/emanu/AppData/Local/UnrealEngine/Common/DerivedDataCache/Buckets/LegacyTEXTURE/ac/56/63b42a6880d4152af30ebd42d8f30a499ac5.udd" 5753
"C:/Users/emanu/AppData/Local/UnrealEngine/Common/DerivedDataCache/Buckets/LegacyTEXTURE/43/3e/8e31b617b1c7e8c586c9b3f08bcf0c74d5d8.udd" 5754
"C:/Users/emanu/AppData/Local/UnrealEngine/Common/DerivedDataCache/Buckets/LegacyTEXTURE/3d/a6/d2eabd6b462f23ee7612bf87894dd5a5cd15.udd" 5755
"C:/Users/emanu/AppData/Local/UnrealEngine/Common/DerivedDataCache/Buckets/LegacyTEXTURE/18/74/8a1865913f837044ccf31a90ca794a03f966.udd" 5756
"C:/Users/emanu/AppData/Local/UnrealEngine/Common/DerivedDataCache/Buckets/LegacyTEXTURE/ad/61/87d643c964a4e5c937928f867c3b03e38bcf.udd" 5757
"C:/Users/emanu/AppData/Local/UnrealEngine/Common/DerivedDataCache/Buckets/LegacyTEXTURE/b9/50/ada09c24f480329ab2a1c32b473c9127673b.udd" 5758
"C:/Users/emanu/AppData/Local/UnrealEngine/Common/DerivedDataCache/Buckets/LegacyTEXTURE/7b/7b/9a5ad1e0e3b3944df750cb1df2290c08679e.udd" 5759
"C:/Users/emanu/AppData/Local/UnrealEngine/Common/DerivedDataCache/Buckets/LegacyTEXTURE/6f/cf/d8428346f045f9f5dfcd43de1c47cc91e759.udd" 5760
"C:/Users/emanu/AppData/Local/UnrealEngine/Common/DerivedDataCache/Buckets/LegacyTEXTURE/2e/49/6e6f65814e40321899e56b9a6b491c43330e.udd" 5761
"C:/Users/emanu/AppData/Local/UnrealEngine/Common/DerivedDataCache/Buckets/LegacyTEXTURE/0a/d1/b3545219d3d192cb966b6671df533cb2da7b.udd" 5762
"C:/Users/emanu/AppData/Local/UnrealEngine/Common/DerivedDataCache/Buckets/LegacyTEXTURE/fb/90/1429c0d371a340ba50d01a329212624c723d.udd" 5763
"C:/Users/emanu/AppData/Local/UnrealEngine/Common/DerivedDataCache/Buckets/LegacyTEXTURE/99/1b/4c06c8de68f941f7a23df3fdc67d0834fd86.udd" 5764
"C:/Users/emanu/AppData/Local/UnrealEngine/Common/DerivedDataCache/Buckets/LegacyTEXTURE/83/21/dd23ec073a4cea7db1c11160c62de7042261.udd" 5765
"C:/Users/emanu/AppData/Local/UnrealEngine/Common/DerivedDataCache/Buckets/LegacyTEXTURE/73/a2/58d7afe2ad701bd82858d270eec1a350766d.udd" 5766
"C:/Users/emanu/AppData/Local/UnrealEngine/Common/DerivedDataCache/Buckets/LegacyTEXTURE/85/96/6eb767f4d7023326c8d5865b69f66ec29a20.udd" 5767
"C:/Users/emanu/AppData/Local/UnrealEngine/Common/DerivedDataCache/Buckets/LegacyTEXTURE/5c/f0/faadf31542d58c0ed01919d2e6a1d1d62876.udd" 5768
"C:/Users/emanu/AppData/Local/UnrealEngine/Common/DerivedDataCache/Content/7f/a1/629d29c86c5ad4a1f3570170678600320b36.udd" 5769
"C:/Users/emanu/AppData/Local/UnrealEngine/Common/DerivedDataCache/Content/e0/0f/8d56697c436f79858a1260f4e998947bab60.udd" 5770
"C:/Users/emanu/AppData/Local/UnrealEngine/Common/DerivedDataCache/Buckets/LegacyTEXTURE/30/5d/3545fab0eff248c1b1f04854247a9e6821a5.udd" 5771
"C:/Users/emanu/AppData/Local/UnrealEngine/Common/DerivedDataCache/Buckets/LegacyTEXTURE/43/0e/1f8fe2733379206b62b9f7576068eb4cefdb.udd" 5772
"C:/Users/emanu/AppData/Local/UnrealEngine/Common/DerivedDataCache/Buckets/LegacyTEXTURE/59/a2/0115bb2bbcfe452ac2b84701ed166b681dad.udd" 5773
"C:/Users/emanu/AppData/Local/UnrealEngine/Common/DerivedDataCache/Buckets/LegacyTEXTURE/57/6e/ce20417ff71ce191c8c6a2a2ec82107fc48d.udd" 5774
"C:/Users/emanu/AppData/Local/UnrealEngine/Common/DerivedDataCache/Buckets/LegacyTEXTURE/bb/e8/02941ce7e46380fbf9e67487366086079c64.udd" 5775
"C:/Users/emanu/AppData/Local/UnrealEngine/Common/DerivedDataCache/Buckets/LegacyTEXTURE/94/25/ebfd3d774488693c513841b51a5f29e5ba17.udd" 5776
"C:/Users/emanu/AppData/Local/UnrealEngine/Common/DerivedDataCache/Buckets/LegacyTEXTURE/c3/88/e9d8e0bc25a2506109c81047f7c8029be891.udd" 5777
"C:/Users/emanu/AppData/Local/UnrealEngine/Common/DerivedDataCache/Buckets/LegacyTEXTURE/d1/c5/95cae48872acc8755668f27ba00b98eb1cca.udd" 5778
"C:/Users/emanu/AppData/Local/UnrealEngine/Common/DerivedDataCache/Buckets/LegacyTEXTURE/6d/d8/29e42697ad4ec559a340477b3b7e4e124bef.udd" 5779
"C:/Users/emanu/AppData/Local/UnrealEngine/Common/DerivedDataCache/Buckets/LegacyTEXTURE/d6/38/acda9385cffd26df579a7d336d6e7e685a8f.udd" 5780
"C:/Users/emanu/AppData/Local/UnrealEngine/Common/DerivedDataCache/Buckets/LegacyTEXTURE/ad/2b/0c210423b56cea913eb32d96041ee12c77db.udd" 5781
"C:/Users/emanu/AppData/Local/UnrealEngine/Common/DerivedDataCache/Buckets/LegacyTEXTURE/64/9b/8122ef7fb87bc79198e63b55d94786e212fb.udd" 5782
"C:/Users/emanu/AppData/Local/UnrealEngine/Common/DerivedDataCache/Content/70/01/87baab91283e5cd93cc5dce86eb5efd5fa89.udd" 5783
"C:/Users/emanu/AppData/Local/UnrealEngine/Common/DerivedDataCache/Buckets/LegacyTEXTURE/fa/74/70d194dcbfc0e2fb47a86275e452f33b1072.udd" 5784
"C:/Users/emanu/AppData/Local/UnrealEngine/Common/DerivedDataCache/Buckets/LegacyTEXTURE/65/5d/3aa896f0f835275442d12e47ec1d077d3855.udd" 5785
"C:/Users/emanu/AppData/Local/UnrealEngine/Common/DerivedDataCache/Content/c0/5f/716ce3e36b79c62b04b152e0a4d5122ea876.udd" 5786
"C:/Users/emanu/AppData/Local/UnrealEngine/Common/DerivedDataCache/Buckets/LegacyTEXTURE/54/de/6079637be290077e85abd1736812fcb85cb0.udd" 5787
"C:/Users/emanu/AppData/Local/UnrealEngine/Common/DerivedDataCache/Buckets/LegacyTEXTURE/45/7b/7ff1b7a85077b3b5d2d9db0329cff6c5d5a0.udd" 5788
"C:/Users/emanu/AppData/Local/UnrealEngine/Common/DerivedDataCache/Buckets/LegacyTEXTURE/4c/da/cbb1883f04c14eed8ce317481cd9709bbb5f.udd" 5789
"C:/Users/emanu/AppData/Local/UnrealEngine/Common/DerivedDataCache/Buckets/LegacyTEXTURE/c4/5b/8ccb7b31a6147c04390e1efdafb3009c1d4e.udd" 5790
"C:/Users/emanu/AppData/Local/UnrealEngine/Common/DerivedDataCache/Buckets/LegacyTEXTURE/21/57/744153e3b7e0160fc875c07793054bc2fb71.udd" 5791
"C:/Users/emanu/AppData/Local/UnrealEngine/Common/DerivedDataCache/Buckets/LegacyTEXTURE/c0/46/67760f8c4871db970a2eafba2b59bcfeeea0.udd" 5792
"C:/Users/emanu/AppData/Local/UnrealEngine/Common/DerivedDataCache/Buckets/LegacyTEXTURE/e5/24/29425b33be1fafa20302a3e167de8c50467a.udd" 5793
"C:/Users/emanu/AppData/Local/UnrealEngine/Common/DerivedDataCache/Buckets/LegacyTEXTURE/d6/de/8972bd78ef7b06c2afc8c2885425617db9b8.udd" 5794
"C:/Users/emanu/AppData/Local/UnrealEngine/Common/DerivedDataCache/Buckets/LegacyTEXTURE/39/7a/404b80f7da8c3a3083ac064f5a71479d554a.udd" 5795
"C:/Users/emanu/AppData/Local/UnrealEngine/Common/DerivedDataCache/Buckets/LegacyTEXTURE/d0/cc/3b34097c3c6a8703f72a28b19aea95e76fd3.udd" 5796
"C:/Users/emanu/AppData/Local/UnrealEngine/Common/DerivedDataCache/Buckets/LegacyTEXTURE/e4/7e/0461135538b56c6ecad44489710ab6e75c89.udd" 5797
"C:/Users/emanu/AppData/Local/UnrealEngine/Common/DerivedDataCache/Buckets/LegacyTEXTURE/23/e3/ce749681bf6689884cddf0b15d0ecca86fa6.udd" 5798
"C:/Users/emanu/AppData/Local/UnrealEngine/Common/DerivedDataCache/Buckets/LegacyTEXTURE/f1/7c/668af0fa621ca1611a7de6058e28284b2198.udd" 5799
"C:/Users/emanu/AppData/Local/UnrealEngine/Common/DerivedDataCache/Buckets/LegacyTEXTURE/e5/36/d784c84fd4198eaf12f2c6cd0c78ee071d8b.udd" 5800
"C:/Users/emanu/AppData/Local/UnrealEngine/Common/DerivedDataCache/Content/b8/19/e0977d834448f8ba860797511dc9241503d0.udd" 5801
"C:/Users/emanu/AppData/Local/UnrealEngine/Common/DerivedDataCache/Content/92/8a/5bfc00fd1e47b9c80f5aaccfa19864c107be.udd" 5802
"C:/Users/emanu/AppData/Local/UnrealEngine/Common/DerivedDataCache/Buckets/LegacyTEXTURE/c9/39/b7fb74aa298e9153a1b4ee6f761fb7f7c112.udd" 5803
"C:/Users/emanu/AppData/Local/UnrealEngine/Common/DerivedDataCache/Buckets/LegacyTEXTURE/df/21/78fd53e4c444dd21ea42a559398b5c92e449.udd" 5804
"C:/Users/emanu/AppData/Local/UnrealEngine/Common/DerivedDataCache/Buckets/LegacyTEXTURE/ae/85/3369375d4d1e0d076fd316d0d2c352983ec3.udd" 5805
"C:/Users/emanu/AppData/Local/UnrealEngine/Common/DerivedDataCache/Buckets/LegacyTEXTURE/f1/75/0fddc2de8c482ae99972a026f044458cf7bd.udd" 5806
"C:/Users/emanu/AppData/Local/UnrealEngine/Common/DerivedDataCache/Buckets/LegacyTEXTURE/d5/39/d5d75367bd4fee313b79a4af28c54447b602.udd" 5807
"C:/Users/emanu/AppData/Local/UnrealEngine/Common/DerivedDataCache/Buckets/LegacyTEXTURE/e5/7c/24f999e30f616235489d3991996030738387.udd" 5808
"C:/Users/emanu/AppData/Local/UnrealEngine/Common/DerivedDataCache/Buckets/LegacyTEXTURE/e2/84/9bec5bf9f1a6f9bdb28358267744e153d5d5.udd" 5809
"C:/Users/emanu/AppData/Local/UnrealEngine/Common/DerivedDataCache/Buckets/LegacyTEXTURE/26/9b/7e189ec71e650d35fcd40285382ba5336bf4.udd" 5810
"C:/Users/emanu/AppData/Local/UnrealEngine/Common/DerivedDataCache/Buckets/LegacyTEXTURE/02/82/35a6623d9c51a40d112aae95941d54fa3930.udd" 5811
"C:/Users/emanu/AppData/Local/UnrealEngine/Common/DerivedDataCache/Buckets/LegacyTEXTURE/34/0a/824768e547c9972575387360ba90b83edab9.udd" 5812
"C:/Users/emanu/AppData/Local/UnrealEngine/Common/DerivedDataCache/Buckets/LegacyTEXTURE/0e/f6/6c2ee3b3e0c521e34b10c692c20d499ae902.udd" 5813
"C:/Users/emanu/AppData/Local/UnrealEngine/Common/DerivedDataCache/Buckets/LegacyTEXTURE/0d/e2/45e5b162da03d4067ab9bb2f815f273be51f.udd" 5814
"C:/Users/emanu/AppData/Local/UnrealEngine/Common/DerivedDataCache/Buckets/LegacyTEXTURE/f8/7b/0f73ab360c8e64951ac7cf70c1dd47630859.udd" 5815
"C:/Users/emanu/AppData/Local/UnrealEngine/Common/DerivedDataCache/Buckets/LegacyTEXTURE/18/2b/b232f94d28126f9f00e699a4c8dd927b53ff.udd" 5816
"C:/Users/emanu/AppData/Local/UnrealEngine/Common/DerivedDataCache/Content/e2/4d/5abf5da1977fcfbde0f5b51f68d1cefded2e.udd" 5817
"C:/Users/emanu/AppData/Local/UnrealEngine/Common/DerivedDataCache/Buckets/LegacyTEXTURE/7b/00/46fe91d6db86eb266b1f46eccb2af4f71890.udd" 5818
"C:/Users/emanu/AppData/Local/UnrealEngine/Common/DerivedDataCache/Buckets/LegacyTEXTURE/2e/db/50b55b49dd75677653a499f8a0d3c654119e.udd" 5819
"C:/Users/emanu/AppData/Local/UnrealEngine/Common/DerivedDataCache/Buckets/LegacyTEXTURE/c2/e0/22eaab0713432a3778e43ff20335e928d8ce.udd" 5820
"C:/Users/emanu/AppData/Local/UnrealEngine/Common/DerivedDataCache/Buckets/LegacyTEXTURE/5b/67/44377853f45c72ef4e493d67c3adda02cd62.udd" 5821
"C:/Users/emanu/AppData/Local/UnrealEngine/Common/DerivedDataCache/Buckets/LegacyTEXTURE/98/d7/9718973fd3f5fc147355982655cd18269997.udd" 5822
"C:/Users/emanu/AppData/Local/UnrealEngine/Common/DerivedDataCache/Buckets/LegacyTEXTURE/53/d9/00cf051bf4785ae7a5ba1467ab8e2dfd0f93.udd" 5823
"C:/Users/emanu/AppData/Local/UnrealEngine/Common/DerivedDataCache/Buckets/LegacyTEXTURE/62/a2/6a64522b281566147ed1ddc41b7bdf2b2fb9.udd" 5824
"C:/Users/emanu/AppData/Local/UnrealEngine/Common/DerivedDataCache/Buckets/LegacyTEXTURE/0f/62/0b22fdc90592855804c0e9610743d167ebb2.udd" 5825
"C:/Users/emanu/AppData/Local/UnrealEngine/Common/DerivedDataCache/Buckets/LegacyTEXTURE/29/ef/83f3d6b08bfe0116d49227e206d471d26625.udd" 5826
"C:/Users/emanu/AppData/Local/UnrealEngine/Common/DerivedDataCache/Buckets/LegacyTEXTURE/7f/66/72c723278abfcc0b4b96b4fa1dccab31e36d.udd" 5827
"C:/Users/emanu/AppData/Local/UnrealEngine/Common/DerivedDataCache/Buckets/LegacyTEXTURE/d4/63/efd60ce82a1d207dfbdd0e9314debdc125ea.udd" 5828
"C:/Users/emanu/AppData/Local/UnrealEngine/Common/DerivedDataCache/Buckets/LegacyTEXTURE/b8/c7/ab52d27eaac5f6e47f1e9a15687178e4e5ee.udd" 5829
"C:/Users/emanu/AppData/Local/UnrealEngine/Common/DerivedDataCache/Buckets/LegacyTEXTURE/86/a9/3b5f53ef455f9fd489dc58704b500e4d05e6.udd" 5830
"C:/Users/emanu/AppData/Local/UnrealEngine/Common/DerivedDataCache/Buckets/LegacyTEXTURE/56/f8/f3bd4996ecae902a42e8668d0c2f362db5ec.udd" 5831
"C:/Users/emanu/AppData/Local/UnrealEngine/Common/DerivedDataCache/Buckets/LegacyTEXTURE/0c/1f/2ca1f845714de8d1015b10d007a34489fb35.udd" 5832
"C:/Users/emanu/AppData/Local/UnrealEngine/Common/DerivedDataCache/Buckets/LegacyTEXTURE/f1/67/2abf969c7990edcb9c3be70dc16ad498582d.udd" 5833
"C:/Users/emanu/AppData/Local/UnrealEngine/Common/DerivedDataCache/Buckets/LegacyTEXTURE/69/36/086f8bad6821fe69ceec5617ab726e913026.udd" 5834
"C:/Users/emanu/AppData/Local/UnrealEngine/Common/DerivedDataCache/Buckets/LegacyTEXTURE/7f/3a/f5fd2bcecdee221a16c205330686f4cdb890.udd" 5835
"C:/Users/emanu/AppData/Local/UnrealEngine/Common/DerivedDataCache/Buckets/LegacyTEXTURE/4e/f2/5231fb6207f680c8617be243f3db1ba276cc.udd" 5836
"C:/Users/emanu/AppData/Local/UnrealEngine/Common/DerivedDataCache/Buckets/LegacyTEXTURE/ef/f6/24599b97f6c186f1355e7e4f79e06561f044.udd" 5837
"C:/Users/emanu/AppData/Local/UnrealEngine/Common/DerivedDataCache/Buckets/LegacyTEXTURE/6c/98/810b0813bf6d6c2bb618dc6932fb5a6c0c16.udd" 5838
"C:/Users/emanu/AppData/Local/UnrealEngine/Common/DerivedDataCache/Buckets/LegacyTEXTURE/f3/cf/b48b14c69531ca9f104ef0ad0ae16ae63a39.udd" 5839
"C:/Users/emanu/AppData/Local/UnrealEngine/Common/DerivedDataCache/Buckets/LegacyTEXTURE/e9/62/afef6023aad5c829e4967a4506a2073210e9.udd" 5840
"C:/Users/emanu/AppData/Local/UnrealEngine/Common/DerivedDataCache/Buckets/LegacyTEXTURE/03/11/fc583d6f50f890b09825840a41d91e58fba7.udd" 5841
"C:/Users/emanu/AppData/Local/UnrealEngine/Common/DerivedDataCache/Buckets/LegacyTEXTURE/15/4b/a1c8c48136c73f4b020f5418e4c1cae75bcf.udd" 5842
"C:/Users/emanu/AppData/Local/UnrealEngine/Common/DerivedDataCache/Buckets/LegacyTEXTURE/07/9e/5b3a192df43fb561cb96722fe33b0ea1d3af.udd" 5843
"C:/Users/emanu/AppData/Local/UnrealEngine/Common/DerivedDataCache/Buckets/LegacyTEXTURE/29/b8/4d116e81fb0f577ace068739e87324489c8d.udd" 5844
"C:/Users/emanu/AppData/Local/UnrealEngine/Common/DerivedDataCache/Buckets/LegacyTEXTURE/33/93/1ac2dc8935b1760da9a1224191565502bd3b.udd" 5845
"C:/Users/emanu/AppData/Local/UnrealEngine/Common/DerivedDataCache/Buckets/LegacyTEXTURE/93/02/f477d8200b9516829ea75ac7601ef5a8ca0f.udd" 5846
"C:/Users/emanu/AppData/Local/UnrealEngine/Common/DerivedDataCache/Buckets/LegacyTEXTURE/b6/7d/673a20b75dcd290253c9d0d6b9538ff84e75.udd" 5847
"C:/Users/emanu/AppData/Local/UnrealEngine/Common/DerivedDataCache/Buckets/LegacyTEXTURE/2b/ce/c707a679b91cbbaa6c0dd9b86ce99dac184b.udd" 5848
"C:/Users/emanu/AppData/Local/UnrealEngine/Common/DerivedDataCache/Buckets/LegacyTEXTURE/a3/6e/f390f07ee8b9d0631be2481e80a4cd244a6f.udd" 5849
"C:/Users/emanu/AppData/Local/UnrealEngine/Common/DerivedDataCache/Buckets/LegacyTEXTURE/ab/82/0f8dca82439eb569cc153e9f875fc19bb7b9.udd" 5850
"C:/Users/emanu/AppData/Local/UnrealEngine/Common/DerivedDataCache/Buckets/LegacyTEXTURE/f3/6e/f3794799cc30f5cb91077cb09ee9283bcec5.udd" 5851
"C:/Users/emanu/AppData/Local/UnrealEngine/Common/DerivedDataCache/Buckets/LegacyTEXTURE/4d/b2/825f877d48beb423d927e55c74de9e68b5d4.udd" 5852
"C:/Users/emanu/AppData/Local/UnrealEngine/Common/DerivedDataCache/Buckets/LegacyTEXTURE/6d/90/da62727f712c619e2a13b5f2513e9fe0cab0.udd" 5853
"C:/Users/emanu/AppData/Local/UnrealEngine/Common/DerivedDataCache/Buckets/LegacyTEXTURE/3a/38/3c69a076e5442b086938fcdd07b1e2991c8f.udd" 5854
"C:/Users/emanu/AppData/Local/UnrealEngine/Common/DerivedDataCache/Buckets/LegacyTEXTURE/ea/89/f6fcd905d978885ec23725a98067d7795448.udd" 5855
"C:/Users/emanu/AppData/Local/UnrealEngine/Common/DerivedDataCache/Buckets/LegacyTEXTURE/d0/ad/13a96581f10d9e1a7434282d76ead4494da9.udd" 5856
"C:/Users/emanu/AppData/Local/UnrealEngine/Common/DerivedDataCache/Buckets/LegacyTEXTURE/c3/31/6424a674ca89984f65000b26e6e929a49488.udd" 5857
"C:/Users/emanu/AppData/Local/UnrealEngine/Common/DerivedDataCache/Buckets/LegacyTEXTURE/fb/ed/73916204ff7931f682cf7d135ca2d2303949.udd" 5858
"C:/Users/emanu/AppData/Local/UnrealEngine/Common/DerivedDataCache/Buckets/LegacyTEXTURE/9c/05/ace5a67f52d7e863da3fde2f67c83b654b5e.udd" 5859
"C:/Users/emanu/AppData/Local/UnrealEngine/Common/DerivedDataCache/Buckets/LegacyTEXTURE/b3/7e/1525490067a0131ade48c60f68058efb8f24.udd" 5860
"C:/Users/emanu/AppData/Local/UnrealEngine/Common/DerivedDataCache/Buckets/LegacyTEXTURE/08/c8/af81e97cad4d67cb80680d7a30da7f524cbd.udd" 5861
"C:/Users/emanu/AppData/Local/UnrealEngine/Common/DerivedDataCache/Content/4a/bf/53355bd7ea4929a7ef0a193262f64e3360d5.udd" 5862
"C:/Users/emanu/AppData/Local/UnrealEngine/Common/DerivedDataCache/Buckets/LegacyTEXTURE/80/06/585e92602693b06ac8bef466e7b1574ebc98.udd" 5863
"C:/Users/emanu/AppData/Local/UnrealEngine/Common/DerivedDataCache/Buckets/LegacyTEXTURE/28/b4/d67f28839410ddbbabbc652933c896cbb363.udd" 5864
"C:/Users/emanu/AppData/Local/UnrealEngine/Common/DerivedDataCache/Buckets/LegacyTEXTURE/ff/2a/848200b0fe16be164fb3a1edde923a3b30c9.udd" 5865
"C:/Users/emanu/AppData/Local/UnrealEngine/Common/DerivedDataCache/Buckets/LegacyTEXTURE/96/92/1e10033fa4f6172e8984cbc10c3c0fc95da5.udd" 5866
"C:/Users/emanu/AppData/Local/UnrealEngine/Common/DerivedDataCache/Buckets/LegacyTEXTURE/f5/ab/c6a6ad2ad47c885cc460924628c006d65451.udd" 5867
"C:/Users/emanu/AppData/Local/UnrealEngine/Common/DerivedDataCache/Buckets/LegacyTEXTURE/a0/22/258b66c683e7e888aa4582ba7f137ffa32dd.udd" 5868
"C:/Users/emanu/AppData/Local/UnrealEngine/Common/DerivedDataCache/Content/0a/34/c492cf8753eff90ab6783cd0c2c7b1ac735c.udd" 5869
"C:/Users/emanu/AppData/Local/UnrealEngine/Common/DerivedDataCache/Buckets/LegacyTEXTURE/ce/ec/d8335bcd19f3c29c3b05b17c3042c9ad1d33.udd" 5870
"C:/Users/emanu/AppData/Local/UnrealEngine/Common/DerivedDataCache/Buckets/LegacyTEXTURE/a7/3b/4cec6316db54c0b693bdf12892ab418fa3d1.udd" 5871
"C:/Users/emanu/AppData/Local/UnrealEngine/Common/DerivedDataCache/Buckets/LegacyTEXTURE/2a/2a/9b4acf6df9d39104af4aa19bfea2b2fef629.udd" 5872
"C:/Users/emanu/AppData/Local/UnrealEngine/Common/DerivedDataCache/Buckets/LegacyTEXTURE/03/36/d24137620cec3db5c53abd3ee7882c68750f.udd" 5873
"C:/Users/emanu/AppData/Local/UnrealEngine/Common/DerivedDataCache/Buckets/LegacyTEXTURE/dc/de/4e2fb7b30552a91e1278a0da457fe7853306.udd" 5874
"C:/Users/emanu/AppData/Local/UnrealEngine/Common/DerivedDataCache/Buckets/LegacyTEXTURE/e4/f5/055939939a19a11d235008688cede601ff6d.udd" 5875
"C:/Users/emanu/AppData/Local/UnrealEngine/Common/DerivedDataCache/Buckets/LegacyTEXTURE/09/32/3d1646167fefa61109b81adc6a65cdedd24c.udd" 5876
"C:/Users/emanu/AppData/Local/UnrealEngine/Common/DerivedDataCache/Buckets/LegacyTEXTURE/eb/a7/4c884c2728b9ba0fb86b3593f6902b351022.udd" 5877
"C:/Users/emanu/AppData/Local/UnrealEngine/Common/DerivedDataCache/Buckets/LegacyTEXTURE/d2/72/a9bc5f1fee046306e847ee4bf793fabfc080.udd" 5878
"C:/Users/emanu/AppData/Local/UnrealEngine/Common/DerivedDataCache/Buckets/LegacyTEXTURE/3b/3d/ce19c60fbc2ec812ad0bb5697caf9c88961c.udd" 5879
"C:/Users/emanu/AppData/Local/UnrealEngine/Common/DerivedDataCache/Buckets/LegacyTEXTURE/e1/69/ceac635cf8022b7dbd44763245525252690e.udd" 5880
"C:/Users/emanu/AppData/Local/UnrealEngine/Common/DerivedDataCache/Buckets/LegacyTEXTURE/9e/ed/52cccca6662d547820b9a806d35b40fcda14.udd" 5881
"C:/Users/emanu/AppData/Local/UnrealEngine/Common/DerivedDataCache/Buckets/LegacyTEXTURE/e7/f9/c2b25acce329655836d59b0b58a7ed2de909.udd" 5882
"C:/Users/emanu/AppData/Local/UnrealEngine/Common/DerivedDataCache/Buckets/LegacyTEXTURE/6c/70/7e76cee6ad0709e8186913e7ac89a09136be.udd" 5883
"C:/Users/emanu/AppData/Local/UnrealEngine/Common/DerivedDataCache/Content/af/d4/48a2b29e974ea29940387eea551a3f77e8f6.udd" 5884
"C:/Users/emanu/AppData/Local/UnrealEngine/Common/DerivedDataCache/Buckets/LegacyTEXTURE/e9/d3/df3cc61e165c34f351944ef60b424175adfc.udd" 5885
"C:/Users/emanu/AppData/Local/UnrealEngine/Common/DerivedDataCache/Buckets/LegacyTEXTURE/52/19/d4f795968550d27b43dbbb7b3893e9334232.udd" 5886
"C:/Users/emanu/AppData/Local/UnrealEngine/Common/DerivedDataCache/Buckets/LegacyTEXTURE/d4/17/993d8903687b7dacfad1b34ff9fca6cd9b6c.udd" 5887
"C:/Users/emanu/AppData/Local/UnrealEngine/Common/DerivedDataCache/Buckets/LegacyTEXTURE/21/17/393211533ef75dd56907927ef63a1c9db49e.udd" 5888
"C:/Users/emanu/AppData/Local/UnrealEngine/Common/DerivedDataCache/Buckets/LegacyTEXTURE/cd/dc/91fd8ef3c2f2393e5e5bc8609c4b9d8f9854.udd" 5889
"C:/Users/emanu/AppData/Local/UnrealEngine/Common/DerivedDataCache/Buckets/LegacyTEXTURE/79/8b/f978c3ed3861130338b72d22cd6b34ed14eb.udd" 5890
"C:/Users/emanu/AppData/Local/UnrealEngine/Common/DerivedDataCache/Buckets/LegacyTEXTURE/d4/6e/45463046187ee522b4618cd2b95012ada141.udd" 5891
"C:/Users/emanu/AppData/Local/UnrealEngine/Common/DerivedDataCache/Buckets/LegacyTEXTURE/b1/64/53e009591c861efedfb259f7d2894278339c.udd" 5892
"C:/Users/emanu/AppData/Local/UnrealEngine/Common/DerivedDataCache/Buckets/LegacyTEXTURE/75/ed/ae3a6d702a97e8932ce1109ef7c4ceb9225b.udd" 5893
"C:/Users/emanu/AppData/Local/UnrealEngine/Common/DerivedDataCache/Buckets/LegacyTEXTURE/75/ef/5ad48cdf760cb97685dcbb8352032fa65139.udd" 5894
"C:/Users/emanu/AppData/Local/UnrealEngine/Common/DerivedDataCache/Buckets/LegacyTEXTURE/55/4f/ef8b7874c13cf71ee4698a15384433a44021.udd" 5895
"C:/Users/emanu/AppData/Local/UnrealEngine/Common/DerivedDataCache/Buckets/LegacyTEXTURE/0b/d0/597e69b47e0d037d7038e00432fd5a67694f.udd" 5896
"C:/Users/emanu/AppData/Local/UnrealEngine/Common/DerivedDataCache/Buckets/LegacyTEXTURE/fa/fd/ac64f4646be2c5a3f8e79ff2a7bd06410cc6.udd" 5897
"C:/Users/emanu/AppData/Local/UnrealEngine/Common/DerivedDataCache/Buckets/LegacyTEXTURE/bb/6c/090c21a74c5262537ba9f2e622a9fdb5ba2a.udd" 5898
"C:/Users/emanu/AppData/Local/UnrealEngine/Common/DerivedDataCache/Buckets/LegacyTEXTURE/8e/47/4f0d8004b7dc600909351f2693d687464929.udd" 5899
"C:/Users/emanu/AppData/Local/UnrealEngine/Common/DerivedDataCache/Buckets/LegacyTEXTURE/f9/46/dbf85fdd63af41e57fa9d0b47d509288e7c6.udd" 5900
"C:/Users/emanu/AppData/Local/UnrealEngine/Common/DerivedDataCache/Buckets/LegacyTEXTURE/98/be/c07a38ef513fd31f829cf70c82ef1657a279.udd" 5901
"C:/Users/emanu/AppData/Local/UnrealEngine/Common/DerivedDataCache/Buckets/LegacyTEXTURE/94/e8/107092d15710de28ccfc22650c5ec71d9950.udd" 5902
"C:/Users/emanu/AppData/Local/UnrealEngine/Common/DerivedDataCache/Buckets/LegacyTEXTURE/38/d1/03ac0d9bbb1f24425cbfb31bdd86892dc719.udd" 5903
"C:/Users/emanu/AppData/Local/UnrealEngine/Common/DerivedDataCache/Buckets/LegacyTEXTURE/33/88/c7fdca6ea6d9826351c4b6416c5e5754c8b4.udd" 5904
"C:/Users/emanu/AppData/Local/UnrealEngine/Common/DerivedDataCache/Buckets/LegacyTEXTURE/37/17/ce480de6babfe1d756fd2f7bd3ba671d6aa2.udd" 5905
"C:/Users/emanu/AppData/Local/UnrealEngine/Common/DerivedDataCache/Buckets/LegacyTEXTURE/a7/21/6eaa43ba419ee06ef40b2416edc931cee551.udd" 5906
"C:/Users/emanu/AppData/Local/UnrealEngine/Common/DerivedDataCache/Buckets/LegacyTEXTURE/b3/39/7573eb453e73b48929cb72998de9ebf8eafc.udd" 5907
"C:/Users/emanu/AppData/Local/UnrealEngine/Common/DerivedDataCache/Buckets/LegacyTEXTURE/28/88/1d0f1ab3c444d797351f70eb8a0c4d795e8f.udd" 5908
"C:/Users/emanu/AppData/Local/UnrealEngine/Common/DerivedDataCache/Buckets/LegacyTEXTURE/e2/28/4df3b5f948eecbee8c933e7d6770fd9d0598.udd" 5909
"C:/Users/emanu/AppData/Local/UnrealEngine/Common/DerivedDataCache/Buckets/LegacyTEXTURE/ac/1f/984af894b36f374ebb19b1d45da26c9220a6.udd" 5910
"C:/Users/emanu/AppData/Local/UnrealEngine/Common/DerivedDataCache/Buckets/LegacyTEXTURE/a7/cf/2dc22e8e5443e9984a027a66645fd4e0ab88.udd" 5911
"C:/Users/emanu/AppData/Local/UnrealEngine/Common/DerivedDataCache/Buckets/LegacyTEXTURE/45/1c/6881a23308c8f25793d1457f8bd58fba301a.udd" 5912
"C:/Users/emanu/AppData/Local/UnrealEngine/Common/DerivedDataCache/Buckets/LegacyTEXTURE/67/d1/723c95e2cc29391d8ffe63d2e461e4d93e12.udd" 5913
"C:/Users/emanu/AppData/Local/UnrealEngine/Common/DerivedDataCache/Buckets/LegacyTEXTURE/fb/55/77b3a1889aadfb072ae7dfc9b8ddba5e19f0.udd" 5914
"C:/Users/emanu/AppData/Local/UnrealEngine/Common/DerivedDataCache/Buckets/LegacyTEXTURE/36/79/3432d7b6a9313f03a9b845640f0ba4a0ea40.udd" 5915
"C:/Users/emanu/AppData/Local/UnrealEngine/Common/DerivedDataCache/Buckets/LegacyTEXTURE/57/ca/ba36e4808e1c242b68d937e89fc53ba32ae1.udd" 5916
"C:/Users/emanu/AppData/Local/UnrealEngine/Common/DerivedDataCache/Buckets/LegacyTEXTURE/12/b7/f7e96ab4a0ea11d5aeb32bc34f23d10f2762.udd" 5917
"C:/Users/emanu/AppData/Local/UnrealEngine/Common/DerivedDataCache/Buckets/LegacyTEXTURE/a9/1c/b0deda77d9c23df1af39d69f3ce9be59a185.udd" 5918
"C:/Users/emanu/AppData/Local/UnrealEngine/Common/DerivedDataCache/Buckets/LegacyTEXTURE/e9/b4/ac26e45cf5e68b9293ecaa3e58f806e91995.udd" 5919
"C:/Users/emanu/AppData/Local/UnrealEngine/Common/DerivedDataCache/Buckets/LegacyTEXTURE/3a/c8/52d673da6a19488c42f5ae1b53312bb15d30.udd" 5920
"C:/Users/emanu/AppData/Local/UnrealEngine/Common/DerivedDataCache/Buckets/LegacyTEXTURE/43/5f/179cb8f4120a81ef75b867d4969a53c4899d.udd" 5921
"C:/Users/emanu/AppData/Local/UnrealEngine/Common/DerivedDataCache/Buckets/LegacyTEXTURE/f2/00/0a9127cefea4ae81fa4f9da2174b4f38d173.udd" 5922
"C:/Users/emanu/AppData/Local/UnrealEngine/Common/DerivedDataCache/Buckets/LegacyTEXTURE/b4/69/a2dd581693eda8eadc760fd8b246a71a70d8.udd" 5923
"C:/Users/emanu/AppData/Local/UnrealEngine/Common/DerivedDataCache/Buckets/LegacyTEXTURE/f6/f8/cb1eac9a31671f6e5ac5f0d68d550ea4e12e.udd" 5924
"C:/Users/emanu/AppData/Local/UnrealEngine/Common/DerivedDataCache/Buckets/LegacyTEXTURE/da/34/e775c9c51ba42e5b571686d2b3ba9add67c1.udd" 5925
"C:/Users/emanu/AppData/Local/UnrealEngine/Common/DerivedDataCache/Buckets/LegacyTEXTURE/44/4a/b48d185b43890ba8c3ef47ef3be8b6b7e100.udd" 5926
"C:/Users/emanu/AppData/Local/UnrealEngine/Common/DerivedDataCache/Buckets/LegacyTEXTURE/7e/ae/37bfcfeff94efd5fe2bff03cf48ff36b37ed.udd" 5927
"C:/Users/emanu/AppData/Local/UnrealEngine/Common/DerivedDataCache/Buckets/LegacyTEXTURE/83/1f/f7614eb1a178ad052ea4f6c8cfd7db9d7609.udd" 5928
"C:/Users/emanu/AppData/Local/UnrealEngine/Common/DerivedDataCache/Buckets/LegacyTEXTURE/8f/bb/c1d95d0639a705ebeed25c94172873a0c188.udd" 5929
"C:/Users/emanu/AppData/Local/UnrealEngine/Common/DerivedDataCache/Buckets/LegacyTEXTURE/84/bf/2ff6c3d9ea35318f44e955e130a366e1ec48.udd" 5930
"C:/Users/emanu/AppData/Local/UnrealEngine/Common/DerivedDataCache/Buckets/LegacyTEXTURE/42/c3/5276ac6254203ca7cd3db971f9979b540219.udd" 5931
"C:/Users/emanu/AppData/Local/UnrealEngine/Common/DerivedDataCache/Buckets/LegacyTEXTURE/97/62/4a7b6579723c301eecec5d01366a2ab9ae50.udd" 5932
"C:/Users/emanu/AppData/Local/UnrealEngine/Common/DerivedDataCache/Buckets/LegacyTEXTURE/80/2b/583a2c3a6cb9c82f8b2cabf2146a98b347a6.udd" 5933
"C:/Users/emanu/AppData/Local/UnrealEngine/Common/DerivedDataCache/Buckets/LegacyTEXTURE/05/6d/439fa7b578b0a0e0476df97d0cac9a00bba6.udd" 5934
"C:/Users/emanu/AppData/Local/UnrealEngine/Common/DerivedDataCache/Buckets/LegacyTEXTURE/f5/ba/b1dea1de88cc58eb2edd538179cdadb6f83e.udd" 5935
"C:/Users/emanu/AppData/Local/UnrealEngine/Common/DerivedDataCache/Buckets/LegacyTEXTURE/99/3b/57bee6dc771a88b99ea61a520aba30e3241b.udd" 5936
"C:/Users/emanu/AppData/Local/UnrealEngine/Common/DerivedDataCache/Buckets/LegacyTEXTURE/5e/a8/ce97bbdda2e1dc66140e0f4ab8155d3da505.udd" 5937
"C:/Users/emanu/AppData/Local/UnrealEngine/Common/DerivedDataCache/Buckets/LegacyTEXTURE/e5/42/235f0ee8bfea612a3b0ea6a4d5fdb3b9c022.udd" 5938
"C:/Users/emanu/AppData/Local/UnrealEngine/Common/DerivedDataCache/Buckets/LegacyTEXTURE/4f/18/44b6c675463840a8534ba4707ef12497831f.udd" 5939
"C:/Users/emanu/AppData/Local/UnrealEngine/Common/DerivedDataCache/Buckets/LegacyTEXTURE/1f/7b/789ab4fc115fd112c0553c76d234abb7d143.udd" 5940
"C:/Users/emanu/AppData/Local/UnrealEngine/Common/DerivedDataCache/Buckets/LegacyTEXTURE/1e/68/b3b6cab9872834a73037573537d66fe9584b.udd" 5941
"C:/Users/emanu/AppData/Local/UnrealEngine/Common/DerivedDataCache/Content/67/59/8604bb3df080466d7024f4eedf40834bf380.udd" 5942
"C:/Users/emanu/AppData/Local/UnrealEngine/Common/DerivedDataCache/Buckets/LegacyTEXTURE/cc/e9/5c9438abde8920c843eeddef07d07cc09225.udd" 5943
"C:/Users/emanu/AppData/Local/UnrealEngine/Common/DerivedDataCache/Buckets/LegacyTEXTURE/91/7a/420fab1ba8692003ac0c641ac0732b2323b9.udd" 5944
"C:/Users/emanu/AppData/Local/UnrealEngine/Common/DerivedDataCache/Buckets/LegacyTEXTURE/c3/c0/c693f423770d2477baad8a2239e43ba80c9a.udd" 5945
"C:/Users/emanu/AppData/Local/UnrealEngine/Common/DerivedDataCache/Buckets/LegacyTEXTURE/41/1f/f2482c7d6517951270e69af5a6a2dec1b6ea.udd" 5946
"C:/Users/emanu/AppData/Local/UnrealEngine/Common/DerivedDataCache/Buckets/LegacyTEXTURE/48/dd/a65e0fa45acf9ff484ad5417424fd9d5dc12.udd" 5947
"C:/Users/emanu/AppData/Local/UnrealEngine/Common/DerivedDataCache/Buckets/LegacyTEXTURE/de/56/8ca77698d592d4930ace1b11221f77dca57c.udd" 5948
"C:/Users/emanu/AppData/Local/UnrealEngine/Common/DerivedDataCache/Buckets/LegacyTEXTURE/0d/0e/57b70c2ee390377eecc9bc40706e777b2171.udd" 5949
"C:/Users/emanu/AppData/Local/UnrealEngine/Common/DerivedDataCache/Buckets/LegacyTEXTURE/3b/05/3e605b74a67863f68db59598dfb2890f2b7b.udd" 5950
"C:/Users/emanu/AppData/Local/UnrealEngine/Common/DerivedDataCache/Buckets/LegacyTEXTURE/e4/d0/ddd9e5afd91375aa797f775b6bb795ac8464.udd" 5951
"C:/Users/emanu/AppData/Local/UnrealEngine/Common/DerivedDataCache/Buckets/LegacyTEXTURE/bb/7d/d2d18f72b23f6574ac1245458cfff8bab8de.udd" 5952
"C:/Users/emanu/AppData/Local/UnrealEngine/Common/DerivedDataCache/Buckets/LegacyTEXTURE/50/31/22313efc227b6bfe99cbb20b32b697afcde5.udd" 5953
"C:/Users/emanu/AppData/Local/UnrealEngine/Common/DerivedDataCache/Buckets/LegacyTEXTURE/a7/0d/ad3f970c41f5e12cb998f18f2f9f896f060b.udd" 5954
"C:/Users/emanu/AppData/Local/UnrealEngine/Common/DerivedDataCache/Buckets/LegacyTEXTURE/04/b0/5815141790a2b70da27683c20961ee5d03f8.udd" 5955
"C:/Users/emanu/AppData/Local/UnrealEngine/Common/DerivedDataCache/Buckets/LegacyTEXTURE/03/a3/5718290b72b6d43e9e4226113f104fe33ff4.udd" 5956
"C:/Users/emanu/AppData/Local/UnrealEngine/Common/DerivedDataCache/Buckets/LegacyTEXTURE/7c/48/5008ec9565f22833e150f2ca0058aaf012cf.udd" 5957
"C:/Users/emanu/AppData/Local/UnrealEngine/Common/DerivedDataCache/Buckets/LegacyTEXTURE/99/30/fc2463563d92e81fa369877563a80b63efca.udd" 5958
"C:/Users/emanu/AppData/Local/UnrealEngine/Common/DerivedDataCache/Buckets/LegacyTEXTURE/18/34/249db8f5d33a3b55aa6f7ba4db8452f592a1.udd" 5959
"C:/Users/emanu/AppData/Local/UnrealEngine/Common/DerivedDataCache/Buckets/LegacyTEXTURE/97/c4/3651ff83aa6f9413d95a9361a6c8e220702c.udd" 5960
"C:/Users/emanu/AppData/Local/UnrealEngine/Common/DerivedDataCache/Buckets/LegacyTEXTURE/5e/3f/2014b535514d65ad566b2e41ca2c2f4855b7.udd" 5961
"C:/Users/emanu/AppData/Local/UnrealEngine/Common/DerivedDataCache/Buckets/LegacyTEXTURE/22/a6/c48333bcdf5ce0c4bd460b6d17b69d2bc357.udd" 5962
"C:/Users/emanu/AppData/Local/UnrealEngine/Common/DerivedDataCache/Content/bc/ef/e3c481d8ff2ed6327e0b0a49eb36941979ae.udd" 5963
"C:/Users/emanu/AppData/Local/UnrealEngine/Common/DerivedDataCache/Buckets/LegacyTEXTURE/7c/bc/e2e996bf47ff9e859c2dbc9a77a0e57ebb22.udd" 5964
"C:/Users/emanu/AppData/Local/UnrealEngine/Common/DerivedDataCache/Buckets/LegacyTEXTURE/95/bf/4fb683e96baaa5cb59408af8c72e2a676223.udd" 5965
"C:/Users/emanu/AppData/Local/UnrealEngine/Common/DerivedDataCache/Buckets/LegacyTEXTURE/a2/c7/91661704095422178a3361ae4a58329f8b1b.udd" 5966
"C:/Users/emanu/AppData/Local/UnrealEngine/Common/DerivedDataCache/Buckets/LegacyTEXTURE/10/b1/169c587257d5b2fb0a7fe9ae82d8664e9ffa.udd" 5967
"C:/Users/emanu/AppData/Local/UnrealEngine/Common/DerivedDataCache/Buckets/LegacyTEXTURE/e7/84/794ab224303c3cb6c5de32c0c8fab933c7cb.udd" 5968
"C:/Users/emanu/AppData/Local/UnrealEngine/Common/DerivedDataCache/Buckets/LegacyTEXTURE/9a/b2/c612ffb5941ab6df6a3e389333bfe29f5dd0.udd" 5969
"C:/Users/emanu/AppData/Local/UnrealEngine/Common/DerivedDataCache/Buckets/LegacyTEXTURE/18/5c/415ec671983f648da26af28a8e05897989f9.udd" 5970
"C:/Users/emanu/AppData/Local/UnrealEngine/Common/DerivedDataCache/Content/f1/7e/b72c36f48862ae790903f96ef445888a475a.udd" 5971
"C:/Users/emanu/AppData/Local/UnrealEngine/Common/DerivedDataCache/Buckets/LegacyTEXTURE/63/be/166482c5e17414a2b095846309c505bd5e17.udd" 5972
"C:/Users/emanu/AppData/Local/UnrealEngine/Common/DerivedDataCache/Content/6f/08/36f956cd87042998bacab4565dd447490bf2.udd" 5973
"C:/Users/emanu/AppData/Local/UnrealEngine/Common/DerivedDataCache/Buckets/LegacyTEXTURE/52/06/4b322a85b34f72683cc9c22041ea2d97dd1e.udd" 5974
"C:/Users/emanu/AppData/Local/UnrealEngine/Common/DerivedDataCache/Buckets/LegacyTEXTURE/5b/b8/317459c98240927e052256bbcf4c87648e5a.udd" 5975
"C:/Users/emanu/AppData/Local/UnrealEngine/Common/DerivedDataCache/Buckets/LegacyTEXTURE/4b/76/263f1ebea138ce3b00f9428f7f6e9711d446.udd" 5976
"C:/Users/emanu/AppData/Local/UnrealEngine/Common/DerivedDataCache/Buckets/LegacyTEXTURE/aa/3c/fc004fa260351aa93af5a4e29945c7987b76.udd" 5977
"C:/Users/emanu/AppData/Local/UnrealEngine/Common/DerivedDataCache/Buckets/LegacyTEXTURE/fb/76/6d1e1427378c7202a28ee8f65f30ca04ee13.udd" 5978
"C:/Users/emanu/AppData/Local/UnrealEngine/Common/DerivedDataCache/Content/9f/a9/8366780ad1761412ae75a0feea475831cefe.udd" 5979
"C:/Users/emanu/AppData/Local/UnrealEngine/Common/DerivedDataCache/Buckets/LegacyTEXTURE/03/d1/f6a48d716b5a861461a6e909d1c45f5af8a5.udd" 5980
"C:/Users/emanu/AppData/Local/UnrealEngine/Common/DerivedDataCache/Buckets/LegacyTEXTURE/ca/94/9f51f11d32d8ee3e3c3e0ea9bc7b9accb336.udd" 5981
"C:/Users/emanu/AppData/Local/UnrealEngine/Common/DerivedDataCache/Buckets/LegacyTEXTURE/62/11/c54441274c4c55331c9d3826162233b7e436.udd" 5982
"C:/Users/emanu/AppData/Local/UnrealEngine/Common/DerivedDataCache/Buckets/LegacyTEXTURE/83/56/ce9b677a2f551646629f950e7361fff57f00.udd" 5983
"C:/Users/emanu/AppData/Local/UnrealEngine/Common/DerivedDataCache/Buckets/LegacyTEXTURE/bc/2c/7c40945ce2ba316effecd7f3e570bcc0e9bd.udd" 5984
"C:/Users/emanu/AppData/Local/UnrealEngine/Common/DerivedDataCache/Buckets/LegacyTEXTURE/77/de/ba124c5160a1215cf5524e033e388ce6d1f8.udd" 5985
"C:/Users/emanu/AppData/Local/UnrealEngine/Common/DerivedDataCache/Buckets/LegacyTEXTURE/05/00/df86a1c2dc8c8713d99f4992d4207b88a34e.udd" 5986
"C:/Users/emanu/AppData/Local/UnrealEngine/Common/DerivedDataCache/Buckets/LegacyTEXTURE/38/c3/10f75836d3f40c3220a705d84b7f58f610c3.udd" 5987
"C:/Users/emanu/AppData/Local/UnrealEngine/Common/DerivedDataCache/Buckets/LegacyTEXTURE/ee/50/a3868177e7b07953b074dbb44c3b720d7535.udd" 5988
"C:/Users/emanu/AppData/Local/UnrealEngine/Common/DerivedDataCache/Buckets/LegacyTEXTURE/68/22/a40b702132dad9cc9b3b68155a83ca2e5fd5.udd" 5989
"C:/Users/emanu/AppData/Local/UnrealEngine/Common/DerivedDataCache/Buckets/LegacyTEXTURE/23/32/d850d3f49e96bc7f7391390643ffe33f447b.udd" 5990
"C:/Users/emanu/AppData/Local/UnrealEngine/Common/DerivedDataCache/Buckets/LegacyTEXTURE/22/7a/8b4a63bb4afc22924dcde36bacb0e8c55e16.udd" 5991
"C:/Users/emanu/AppData/Local/UnrealEngine/Common/DerivedDataCache/Buckets/LegacyTEXTURE/3d/5c/5428261104f1c929056208ea84879284a426.udd" 5992
"C:/Users/emanu/AppData/Local/UnrealEngine/Common/DerivedDataCache/Buckets/LegacyTEXTURE/70/69/a24541766e4246bf395d89b72d8fff43330f.udd" 5993
"C:/Users/emanu/AppData/Local/UnrealEngine/Common/DerivedDataCache/Content/1c/db/ff046cec7f1353550fd773006162c3dc4b71.udd" 5994
"C:/Users/emanu/AppData/Local/UnrealEngine/Common/DerivedDataCache/Buckets/LegacyTEXTURE/aa/00/fb464e522723536c8ecee06677ee025567e5.udd" 5995
"C:/Users/emanu/AppData/Local/UnrealEngine/Common/DerivedDataCache/Buckets/LegacyTEXTURE/8d/f8/ba07ac6b24e4506d7fa70100628aeac92897.udd" 5996
"C:/Users/emanu/AppData/Local/UnrealEngine/Common/DerivedDataCache/Buckets/LegacyTEXTURE/bd/93/1bc1c67548e883e81a6c56be5bcf06df07ea.udd" 5997
"C:/Users/emanu/AppData/Local/UnrealEngine/Common/DerivedDataCache/Content/6f/d4/2b5c7f2ee85480d8020ce9129444d8782b8c.udd" 5998
"C:/Users/emanu/AppData/Local/UnrealEngine/Common/DerivedDataCache/Buckets/LegacyTEXTURE/be/76/f2217ac7db3b6d01003436ca5720e039eb66.udd" 5999
"C:/Users/emanu/AppData/Local/UnrealEngine/Common/DerivedDataCache/Buckets/LegacyTEXTURE/9d/69/8ff5afe166e2cc6c3f8df41ade365ef984dd.udd" 6000
"C:/Users/emanu/AppData/Local/UnrealEngine/Common/DerivedDataCache/Buckets/LegacyTEXTURE/d4/1b/009226353e3821e86079b6e8ad9dd4bb1dc6.udd" 6001
"C:/Users/emanu/AppData/Local/UnrealEngine/Common/DerivedDataCache/Buckets/LegacyTEXTURE/82/8d/0d6cc271c6ac634596de79129f85ed3f562a.udd" 6002
"C:/Users/emanu/AppData/Local/UnrealEngine/Common/DerivedDataCache/Buckets/LegacyTEXTURE/7c/6c/033e623ba840d91f366877ce792850e098fd.udd" 6003
"C:/Users/emanu/AppData/Local/UnrealEngine/Common/DerivedDataCache/Buckets/LegacyTEXTURE/a5/4a/ee1cfa87b3619e56fcbe2f6f6739a827b0cd.udd" 6004
"C:/Users/emanu/AppData/Local/UnrealEngine/Common/DerivedDataCache/Buckets/LegacyTEXTURE/f1/86/e8bae96d44835731272c138e0ac137609a25.udd" 6005
"C:/Users/emanu/AppData/Local/UnrealEngine/Common/DerivedDataCache/Buckets/LegacyTEXTURE/39/c0/b3ab944e4299cdff0ee4bc6ad659744ea0b5.udd" 6006
"C:/Users/emanu/AppData/Local/UnrealEngine/Common/DerivedDataCache/Buckets/LegacyTEXTURE/37/5c/f13ee58b7deaa39966235a4126540c5fe4e9.udd" 6007
"C:/Users/emanu/AppData/Local/UnrealEngine/Common/DerivedDataCache/Content/d8/6e/7240945ee3a22e26c52421c30fb0ab477ae4.udd" 6008
"C:/Users/emanu/AppData/Local/UnrealEngine/Common/DerivedDataCache/Buckets/LegacyTEXTURE/9c/0b/87a7dbc759d7f936b85e94ea8694394b5842.udd" 6009
"C:/Users/emanu/AppData/Local/UnrealEngine/Common/DerivedDataCache/Buckets/LegacyTEXTURE/40/3b/ec4cd8bf2c76cf46204cafae6dca6b27c73a.udd" 6010
"C:/Users/emanu/AppData/Local/UnrealEngine/Common/DerivedDataCache/Buckets/LegacyTEXTURE/26/8b/4972cda20977c85bde626df164f0191f9f1c.udd" 6011
"C:/Users/emanu/AppData/Local/UnrealEngine/Common/DerivedDataCache/Buckets/LegacyTEXTURE/68/c0/afa73dec3c72d511fb2c41b3a376a69e1da7.udd" 6012
"C:/Users/emanu/AppData/Local/UnrealEngine/Common/DerivedDataCache/Buckets/LegacyTEXTURE/86/14/11515145e1de50cd8a7bee16a4d12748a59f.udd" 6013
"C:/Users/emanu/AppData/Local/UnrealEngine/Common/DerivedDataCache/Content/98/ec/037c2ad68246ed87902839f163a74b5297d3.udd" 6014
"C:/Users/emanu/AppData/Local/UnrealEngine/Common/DerivedDataCache/Buckets/LegacyTEXTURE/50/cb/2472121d3e79d9350e7437b03a1249c59522.udd" 6015
"C:/Users/emanu/AppData/Local/UnrealEngine/Common/DerivedDataCache/Buckets/LegacyTEXTURE/b1/39/b01da9ce1275db48c6806d62d9502fd90d4b.udd" 6016
"C:/Users/emanu/AppData/Local/UnrealEngine/Common/DerivedDataCache/Buckets/LegacyTEXTURE/c0/8d/9017b2039d6a5a95712dae18691d8b56e5cc.udd" 6017
"C:/Users/emanu/AppData/Local/UnrealEngine/Common/DerivedDataCache/Buckets/LegacyTEXTURE/73/f9/3bba40800cdae6ff2836db3ddc2d865d0fa6.udd" 6018
"C:/Users/emanu/AppData/Local/UnrealEngine/Common/DerivedDataCache/Buckets/LegacyTEXTURE/f5/de/ca02d7ad04c8b9a55338392a706208e7533b.udd" 6019
"C:/Users/emanu/AppData/Local/UnrealEngine/Common/DerivedDataCache/Buckets/LegacyTEXTURE/af/a5/770a852a0e2c114810e9c76900086eea22b9.udd" 6020
"C:/Users/emanu/AppData/Local/UnrealEngine/Common/DerivedDataCache/Buckets/LegacyTEXTURE/82/cf/9f98dac54bab721a1f06b95908d5e89f7f54.udd" 6021
"C:/Users/emanu/AppData/Local/UnrealEngine/Common/DerivedDataCache/Buckets/LegacyTEXTURE/52/f1/ce5f4d8e8ca2272b0c9c8b49bcb07a56e419.udd" 6022
"C:/Users/emanu/AppData/Local/UnrealEngine/Common/DerivedDataCache/Buckets/LegacyTEXTURE/68/a0/afafd0701515fbcfdbb3ca6b28ef5dbd3b5c.udd" 6023
"C:/Users/emanu/AppData/Local/UnrealEngine/Common/DerivedDataCache/Buckets/LegacyTEXTURE/d5/e7/ac92d0b26f0928b6427f0c7af7996ffe636e.udd" 6024
"C:/Users/emanu/AppData/Local/UnrealEngine/Common/DerivedDataCache/Content/78/da/73e0163354a0a72298c83ca7e604657e03a6.udd" 6025
"C:/Users/emanu/AppData/Local/UnrealEngine/Common/DerivedDataCache/Buckets/LegacyTEXTURE/a5/16/ebaecab81ed0d7a29da729bc62d43d6cde7b.udd" 6026
"C:/Users/emanu/AppData/Local/UnrealEngine/Common/DerivedDataCache/Buckets/LegacyTEXTURE/a9/a7/e8cd075bf0aadf2c8e8bc0620a4c3bb59bd4.udd" 6027
"C:/Users/emanu/AppData/Local/UnrealEngine/Common/DerivedDataCache/Buckets/LegacyTEXTURE/60/2b/da16b7801a0e58eddb8e225607d814ac185b.udd" 6028
"C:/Users/emanu/AppData/Local/UnrealEngine/Common/DerivedDataCache/Buckets/LegacyTEXTURE/8a/be/e09364fbc80861ed1806b7008470e39f513e.udd" 6029
"C:/Users/emanu/AppData/Local/UnrealEngine/Common/DerivedDataCache/Content/70/ae/66644258c539de94cef51b57ea63a6e96764.udd" 6030
"C:/Users/emanu/AppData/Local/UnrealEngine/Common/DerivedDataCache/Buckets/LegacyTEXTURE/52/ab/332c6633e1ae1c8714bade7d30add6024506.udd" 6031
"C:/Users/emanu/AppData/Local/UnrealEngine/Common/DerivedDataCache/Content/3d/13/67c2c976bf033ed19af4951ec2712744cd43.udd" 6032
"C:/Users/emanu/AppData/Local/UnrealEngine/Common/DerivedDataCache/Buckets/LegacyTEXTURE/2f/75/d7518c6f36636ef4d75b43215b6e013d63d8.udd" 6033
"C:/Users/emanu/AppData/Local/UnrealEngine/Common/DerivedDataCache/Buckets/LegacyTEXTURE/23/df/7419d67d65992985173ceeb95f73e49f5a05.udd" 6034
"C:/Users/emanu/AppData/Local/UnrealEngine/Common/DerivedDataCache/Content/64/ea/1973bef28914f2f3ff164e405e2535d12477.udd" 6035
"C:/Users/emanu/AppData/Local/UnrealEngine/Common/DerivedDataCache/Buckets/LegacyTEXTURE/bf/57/efa19f419001eb5ba64c8190db9b7701fc1a.udd" 6036
"C:/Users/emanu/AppData/Local/UnrealEngine/Common/DerivedDataCache/Buckets/LegacyTEXTURE/91/3d/ec619b0178ab103c146644f51466536e2d68.udd" 6037
"C:/Users/emanu/AppData/Local/UnrealEngine/Common/DerivedDataCache/Buckets/LegacyTEXTURE/79/35/81b6b3524947a23d6892ac92552b49d44ad4.udd" 6038
"C:/Users/emanu/AppData/Local/UnrealEngine/Common/DerivedDataCache/Buckets/LegacyTEXTURE/11/bb/71a3535a5ac63e336943fd4f6f6556f0bc07.udd" 6039
"C:/Users/emanu/AppData/Local/UnrealEngine/Common/DerivedDataCache/Buckets/LegacyTEXTURE/4f/20/723d3859a589305d82d2a67461695255a253.udd" 6040
"C:/Users/emanu/AppData/Local/UnrealEngine/Common/DerivedDataCache/Buckets/LegacyTEXTURE/1a/83/49dfd35ed4a1a0bd5bfdf60b1f0c05eab7ca.udd" 6041
"C:/Users/emanu/AppData/Local/UnrealEngine/Common/DerivedDataCache/Buckets/LegacyTEXTURE/ed/fc/a88af2d38e2db9bfe59de94492f3757ef7a6.udd" 6042
"C:/Users/emanu/AppData/Local/UnrealEngine/Common/DerivedDataCache/Buckets/LegacyTEXTURE/38/44/014de7f34a57fdef21d715b08d777ffd76e4.udd" 6043
"C:/Users/emanu/AppData/Local/UnrealEngine/Common/DerivedDataCache/Buckets/LegacyTEXTURE/1b/1d/1165f23c384c90cbedf9ec70851c31306765.udd" 6044
"C:/Users/emanu/AppData/Local/UnrealEngine/Common/DerivedDataCache/Buckets/LegacyTEXTURE/2a/1a/8918830249ddf36db8c41fe1ee14a93d76a6.udd" 6045
"C:/Users/emanu/AppData/Local/UnrealEngine/Common/DerivedDataCache/Buckets/LegacyTEXTURE/c5/bf/1e4ceee7a4d45c2cfc836e66b49ad12fba55.udd" 6046
"C:/Users/emanu/AppData/Local/UnrealEngine/Common/DerivedDataCache/Buckets/LegacyTEXTURE/db/db/4c8d17306e3ed3d863cacf331de740945e2f.udd" 6047
"C:/Users/emanu/AppData/Local/UnrealEngine/Common/DerivedDataCache/Buckets/LegacyTEXTURE/9c/10/b38b65afc29c173174cb815f6384b9f90403.udd" 6048
"C:/Users/emanu/AppData/Local/UnrealEngine/Common/DerivedDataCache/Buckets/LegacyTEXTURE/cf/54/9479f7b8e537f36f9c2943a200928255bafa.udd" 6049
"C:/Users/emanu/AppData/Local/UnrealEngine/Common/DerivedDataCache/Buckets/LegacyTEXTURE/6f/b6/09aafa0ae2899c59631ee6bbea1199e4230e.udd" 6050
"C:/Users/emanu/AppData/Local/UnrealEngine/Common/DerivedDataCache/Buckets/LegacyTEXTURE/bb/29/75008902cb139aec73ad4054e5f45558cef6.udd" 6051
"C:/Users/emanu/AppData/Local/UnrealEngine/Common/DerivedDataCache/Buckets/LegacyTEXTURE/c0/3e/0dafc477d8e4bfb760077f8a2fea24da1f36.udd" 6052
"C:/Users/emanu/AppData/Local/UnrealEngine/Common/DerivedDataCache/Buckets/LegacyTEXTURE/17/38/c90913be0252b8ba832370a2a9fa6941cc8f.udd" 6053
"C:/Users/emanu/AppData/Local/UnrealEngine/Common/DerivedDataCache/Buckets/LegacyTEXTURE/8d/2e/83ca6fdfe4850244c43c73d28a938a406382.udd" 6054
"C:/Users/emanu/AppData/Local/UnrealEngine/Common/DerivedDataCache/Buckets/LegacyTEXTURE/d7/69/7eb13649a5d7ac34742f2beaaeed6dd5bf21.udd" 6055
"C:/Users/emanu/AppData/Local/UnrealEngine/Common/DerivedDataCache/Buckets/LegacyTEXTURE/46/f3/e2a174be701d6d1a0d5d7527862add18573f.udd" 6056
"C:/Users/emanu/AppData/Local/UnrealEngine/Common/DerivedDataCache/Buckets/LegacyTEXTURE/da/fa/27c4a07a7da6728e7044637d62b618a8e2d4.udd" 6057
"C:/Users/emanu/AppData/Local/UnrealEngine/Common/DerivedDataCache/Buckets/LegacyTEXTURE/d6/b6/216568c9093bec99621c9a260532bc84148f.udd" 6058
"C:/Users/emanu/AppData/Local/UnrealEngine/Common/DerivedDataCache/Buckets/LegacyTEXTURE/52/94/0bb35f053088a61d9509baea4cdf0a89faa7.udd" 6059
"C:/Users/emanu/AppData/Local/UnrealEngine/Common/DerivedDataCache/Buckets/LegacyTEXTURE/11/fc/d66d85dd96817dd403b51dc2ed1ea357fcf4.udd" 6060
"C:/Users/emanu/AppData/Local/UnrealEngine/Common/DerivedDataCache/Buckets/LegacyTEXTURE/a4/cf/4b54cf43bd28a38654ece5f6a7ecc153a2cf.udd" 6061
"C:/Users/emanu/AppData/Local/UnrealEngine/Common/DerivedDataCache/Buckets/LegacyTEXTURE/61/d6/adc52c495e7f1816ef90352bc0e7e5a31c8f.udd" 6062
"C:/Users/emanu/AppData/Local/UnrealEngine/Common/DerivedDataCache/Buckets/LegacyTEXTURE/f0/ea/337732971b028d204987f484e3b899bff563.udd" 6063
"C:/Users/emanu/AppData/Local/UnrealEngine/Common/DerivedDataCache/Buckets/LegacyTEXTURE/99/24/3126cb38d7344eb98dd8be90e112f6c0763e.udd" 6064
"C:/Users/emanu/AppData/Local/UnrealEngine/Common/DerivedDataCache/Buckets/LegacyTEXTURE/a2/4c/8442d0dd208b0aa5ed6daaca48bb1f74299a.udd" 6065
"C:/Users/emanu/AppData/Local/UnrealEngine/Common/DerivedDataCache/Buckets/LegacyTEXTURE/49/54/32a738f06c08690e21d8d0406c5df2fef0ed.udd" 6066
"C:/Users/emanu/AppData/Local/UnrealEngine/Common/DerivedDataCache/Buckets/LegacyTEXTURE/41/8b/aefce68769cd69c3face771b91f0b90f3ef3.udd" 6067
"C:/Users/emanu/AppData/Local/UnrealEngine/Common/DerivedDataCache/Buckets/LegacyTEXTURE/95/d0/dbd5af4dfc4e093611dabb2c142d6fe62965.udd" 6068
"C:/Users/emanu/AppData/Local/UnrealEngine/Common/DerivedDataCache/Buckets/LegacyTEXTURE/75/41/1b24a1d1ca196aca9d48506f70179f05199b.udd" 6069
"C:/Users/emanu/AppData/Local/UnrealEngine/Common/DerivedDataCache/Buckets/LegacyTEXTURE/d7/7f/0904efd6d49b6353a0d63870ff31e7acfb44.udd" 6070
"C:/Users/emanu/AppData/Local/UnrealEngine/Common/DerivedDataCache/Buckets/LegacyTEXTURE/c8/44/b97a08a4ddd874c8a74f810ce1360d5b1643.udd" 6071
"C:/Users/emanu/AppData/Local/UnrealEngine/Common/DerivedDataCache/Buckets/LegacyTEXTURE/d8/0f/e584540436df810d9bed7741a6bc2851b487.udd" 6072
"C:/Users/emanu/AppData/Local/UnrealEngine/Common/DerivedDataCache/Buckets/LegacyTEXTURE/20/a7/9c7f5bd40b6bdd583f9e1a971fd84b23b437.udd" 6073
"C:/Users/emanu/AppData/Local/UnrealEngine/Common/DerivedDataCache/Buckets/LegacyTEXTURE/1b/5f/67cb997f7f2b69eef6cfb59ba69e820490e2.udd" 6074
"C:/Users/emanu/AppData/Local/UnrealEngine/Common/DerivedDataCache/Buckets/LegacyTEXTURE/ac/88/7bc07c658af0a8a49210759799c9df444be4.udd" 6075
"C:/Users/emanu/AppData/Local/UnrealEngine/Common/DerivedDataCache/Buckets/LegacyTEXTURE/59/df/4eb6eb307067994f16d40ff955c2e3edd591.udd" 6076
"C:/Users/emanu/AppData/Local/UnrealEngine/Common/DerivedDataCache/Buckets/LegacyTEXTURE/a2/59/69598d2c7f9a7cb27758144ab537d62a4bfe.udd" 6077
"C:/Users/emanu/AppData/Local/UnrealEngine/Common/DerivedDataCache/Buckets/LegacyTEXTURE/b2/9a/804da6161041dcaf1fe405eae7f6d55ac186.udd" 6078
"C:/Users/emanu/AppData/Local/UnrealEngine/Common/DerivedDataCache/Buckets/LegacyTEXTURE/1c/16/5150e94762284fbd6c0745d5b915dd3e4164.udd" 6079
"C:/Users/emanu/AppData/Local/UnrealEngine/Common/DerivedDataCache/Buckets/LegacyTEXTURE/b1/4a/b07ceb9385d200876725c5ef38f01929ba90.udd" 6080
"C:/Users/emanu/AppData/Local/UnrealEngine/Common/DerivedDataCache/Buckets/LegacyTEXTURE/68/94/baee80862968e0a56af5b88a594e22b36a6a.udd" 6081
"C:/Users/emanu/AppData/Local/UnrealEngine/Common/DerivedDataCache/Buckets/LegacyTEXTURE/48/d4/533497ff5dda336e4335a3b51fc7b4124d0a.udd" 6082
"C:/Users/emanu/AppData/Local/UnrealEngine/Common/DerivedDataCache/Buckets/LegacyTEXTURE/7a/ab/fe9e25a3252787d0d3135c1585d23393125f.udd" 6083
"C:/Users/emanu/AppData/Local/UnrealEngine/Common/DerivedDataCache/Buckets/LegacyTEXTURE/5f/1c/5c9e6a00ed71cc68cef6a1862f2ea4acfe0d.udd" 6084
"C:/Users/emanu/AppData/Local/UnrealEngine/Common/DerivedDataCache/Buckets/LegacyTEXTURE/c4/a7/62d9e97a1738c12184e4cd72ad2c9d30cfdb.udd" 6085
"C:/Users/emanu/AppData/Local/UnrealEngine/Common/DerivedDataCache/Buckets/LegacyTEXTURE/4c/b1/848bfbc781ece619c06b1543637c7146bcce.udd" 6086
"C:/Users/emanu/AppData/Local/UnrealEngine/Common/DerivedDataCache/Buckets/LegacyTEXTURE/fb/2e/41e3c5848fc363961915d2b476c1655d91a7.udd" 6087
"C:/Users/emanu/AppData/Local/UnrealEngine/Common/DerivedDataCache/Content/eb/b2/0306619042b370636bec184c649ab118f2e1.udd" 6088
"C:/Users/emanu/AppData/Local/UnrealEngine/Common/DerivedDataCache/Buckets/LegacyTEXTURE/73/ec/1f76f2c15b3527542c25630c296aaed6e475.udd" 6089
"C:/Users/emanu/AppData/Local/UnrealEngine/Common/DerivedDataCache/Buckets/LegacyTEXTURE/58/e3/c9f163bc5e71c863b6efbc93d33cdf4f4101.udd" 6090
"C:/Users/emanu/AppData/Local/UnrealEngine/Common/DerivedDataCache/Content/eb/51/8d50344d80fa04c053e62806546174ad8d63.udd" 6091
"C:/Users/emanu/AppData/Local/UnrealEngine/Common/DerivedDataCache/Buckets/LegacyTEXTURE/97/36/91b6d2cd62f24c44b8d3e0ac291d023afcea.udd" 6092
"C:/Users/emanu/AppData/Local/UnrealEngine/Common/DerivedDataCache/Buckets/LegacyTEXTURE/3e/0f/d96f06a949e7a1ec8efb51d90747b2fca27e.udd" 6093
"C:/Users/emanu/AppData/Local/UnrealEngine/Common/DerivedDataCache/Buckets/LegacyTEXTURE/9d/1b/daa921996e4c526ef824bb6389c896e168bd.udd" 6094
"C:/Users/emanu/AppData/Local/UnrealEngine/Common/DerivedDataCache/Buckets/LegacyTEXTURE/ce/c1/2e291dbc2d1fea6dd850c2f289a77f65dc8e.udd" 6095
"C:/Users/emanu/AppData/Local/UnrealEngine/Common/DerivedDataCache/Buckets/LegacyTEXTURE/29/3b/141191adda7fb9405ac64f32499683d2063d.udd" 6096
"C:/Users/emanu/AppData/Local/UnrealEngine/Common/DerivedDataCache/Buckets/LegacyTEXTURE/e9/9d/f4353e94613b2ad2fa7510f489e816e16250.udd" 6097
"C:/Users/emanu/AppData/Local/UnrealEngine/Common/DerivedDataCache/Buckets/LegacyTEXTURE/9b/c4/362ee6887870e80ed28f28c8e85a43fc0997.udd" 6098
"C:/Users/emanu/AppData/Local/UnrealEngine/Common/DerivedDataCache/Buckets/LegacyTEXTURE/b3/ea/2f9e9a3db8e8e94be43953733b50925e259c.udd" 6099
"C:/Users/emanu/AppData/Local/UnrealEngine/Common/DerivedDataCache/Buckets/LegacyTEXTURE/20/0c/ee96131f5af3437e85c36a9ee2561d3a6a2e.udd" 6100
"C:/Users/emanu/AppData/Local/UnrealEngine/Common/DerivedDataCache/Content/02/3b/5bfbf1c68f6ea9df539153d7c39e78d6bbb0.udd" 6101
"C:/Users/emanu/AppData/Local/UnrealEngine/Common/DerivedDataCache/Buckets/LegacyTEXTURE/74/ef/b5e6bc4706bbb8213c3d5f0c2c50dfee0d71.udd" 6102
"C:/Users/emanu/AppData/Local/UnrealEngine/Common/DerivedDataCache/Buckets/LegacyTEXTURE/8d/98/472fffc65936f2c41cc1d750e2373fe45edc.udd" 6103
"C:/Users/emanu/AppData/Local/UnrealEngine/Common/DerivedDataCache/Buckets/LegacyTEXTURE/bc/18/eb784b858207ad0186c61454d530687d6044.udd" 6104
"C:/Users/emanu/AppData/Local/UnrealEngine/Common/DerivedDataCache/Buckets/LegacyTEXTURE/db/59/acaf874ec99f2e9768cb29e70dc587e1ec36.udd" 6105
"C:/Users/emanu/AppData/Local/UnrealEngine/Common/DerivedDataCache/Buckets/LegacyTEXTURE/90/64/68941efcbb0bee00bdf11ffacda180fd0471.udd" 6106
"C:/Users/emanu/AppData/Local/UnrealEngine/Common/DerivedDataCache/Buckets/LegacyTEXTURE/d8/df/1b441b8b3c261fd982517038c471929ecfe6.udd" 6107
"C:/Users/emanu/AppData/Local/UnrealEngine/Common/DerivedDataCache/Buckets/LegacyTEXTURE/c1/67/761676aefc7fa9803d6b1b33a0a91b754890.udd" 6108
"C:/Users/emanu/AppData/Local/UnrealEngine/Common/DerivedDataCache/Buckets/LegacyTEXTURE/72/1f/dcda778d189ca18e98332f074648c95edf0a.udd" 6109
"C:/Users/emanu/AppData/Local/UnrealEngine/Common/DerivedDataCache/Buckets/LegacyTEXTURE/e3/0c/2f58cff31a26b69f674c34160f35e368cdbd.udd" 6110
"C:/Users/emanu/AppData/Local/UnrealEngine/Common/DerivedDataCache/Buckets/LegacyTEXTURE/5a/dc/fa6243b2be17ecd1f3d06c2c7dccbd6ea7df.udd" 6111
"C:/Users/emanu/AppData/Local/UnrealEngine/Common/DerivedDataCache/Buckets/LegacyTEXTURE/0f/3a/162ce03fcfd188f93e85fe044f7a3b0a775b.udd" 6112
"C:/Users/emanu/AppData/Local/UnrealEngine/Common/DerivedDataCache/Buckets/LegacyTEXTURE/02/e6/1a00cb2340bfb38fc3c7a3c3d2b7ee03e932.udd" 6113
"C:/Users/emanu/AppData/Local/UnrealEngine/Common/DerivedDataCache/Buckets/LegacyTEXTURE/58/80/34004ad624709226a2d43254f310f4ebd1f0.udd" 6114
"C:/Users/emanu/AppData/Local/UnrealEngine/Common/DerivedDataCache/Buckets/LegacyTEXTURE/d6/16/ccab64963eb52f1a9ad7dc1b3c0406fbbefd.udd" 6115
"C:/Users/emanu/AppData/Local/UnrealEngine/Common/DerivedDataCache/Buckets/LegacyTEXTURE/16/fb/f9f1ba9455339e3a7c26e76e68fa9e0b7473.udd" 6116
"C:/Users/emanu/AppData/Local/UnrealEngine/Common/DerivedDataCache/Buckets/LegacyTEXTURE/b8/4a/a89aa9577f3969ec16651bb4086d23856e45.udd" 6117
"C:/Users/emanu/AppData/Local/UnrealEngine/Common/DerivedDataCache/Buckets/LegacyTEXTURE/87/7c/b2c07f56f49a4624afd9dc48ec641752e797.udd" 6118
"C:/Users/emanu/AppData/Local/UnrealEngine/Common/DerivedDataCache/Buckets/LegacyTEXTURE/de/ec/cf677de62dbe8c131ee3521c73b6f0add542.udd" 6119
"C:/Users/emanu/AppData/Local/UnrealEngine/Common/DerivedDataCache/Buckets/LegacyTEXTURE/0b/d8/166591f5879b9810080bf920b9bc363f770c.udd" 6120
"C:/Users/emanu/AppData/Local/UnrealEngine/Common/DerivedDataCache/Buckets/LegacyTEXTURE/c2/fe/da996e8c790a4eff9d58f431896dc53245f1.udd" 6121
"C:/Users/emanu/AppData/Local/UnrealEngine/Common/DerivedDataCache/Buckets/LegacyTEXTURE/5b/7c/59f2caadd7c28939d8e888ef6a1a7ec7e6dc.udd" 6122
"C:/Users/emanu/AppData/Local/UnrealEngine/Common/DerivedDataCache/Buckets/LegacyTEXTURE/f3/39/3a15f5fd3e419f9a08c182c299f43e2c3998.udd" 6123
"C:/Users/emanu/AppData/Local/UnrealEngine/Common/DerivedDataCache/Buckets/LegacyTEXTURE/47/2a/3783c6e3f32a227c7769700df0fde4c34c4a.udd" 6124
"C:/Users/emanu/AppData/Local/UnrealEngine/Common/DerivedDataCache/Buckets/LegacyTEXTURE/5c/c3/a7f935bd468cedc08f7c19da240ac899fff8.udd" 6125
"C:/Users/emanu/AppData/Local/UnrealEngine/Common/DerivedDataCache/Buckets/LegacyTEXTURE/16/24/7793f9aaa064b6044bea63c089013fe9ca47.udd" 6126
"C:/Users/emanu/AppData/Local/UnrealEngine/Common/DerivedDataCache/Buckets/LegacyTEXTURE/2f/79/b2fbe30a4b3d699f710630a0a55ab06407a0.udd" 6127
"C:/Users/emanu/AppData/Local/UnrealEngine/Common/DerivedDataCache/Buckets/LegacyTEXTURE/5e/95/36ed94f0213008abcf35f94404f41d07de87.udd" 6128
"C:/Users/emanu/AppData/Local/UnrealEngine/Common/DerivedDataCache/Buckets/LegacyTEXTURE/26/84/edeb38c9f5e04c5173e9ff33ea5067fc4302.udd" 6129
"C:/Users/emanu/AppData/Local/UnrealEngine/Common/DerivedDataCache/Buckets/LegacyTEXTURE/0c/6d/3ece8840bd3e271c96e114095eacbee65608.udd" 6130
"C:/Users/emanu/AppData/Local/UnrealEngine/Common/DerivedDataCache/Buckets/LegacyTEXTURE/e5/eb/4e1b2f6f28fb28d9325fc0d97c23b39c7e2b.udd" 6131
"C:/Users/emanu/AppData/Local/UnrealEngine/Common/DerivedDataCache/Buckets/LegacyTEXTURE/00/cf/68cf9bff057b2264d736c305463224a6b8c6.udd" 6132
"C:/Users/emanu/AppData/Local/UnrealEngine/Common/DerivedDataCache/Buckets/LegacyTEXTURE/cb/92/f1bdb20d75b129a905fc181c62370602a395.udd" 6133
"C:/Users/emanu/AppData/Local/UnrealEngine/Common/DerivedDataCache/Buckets/LegacyTEXTURE/32/30/5a098bab56e892a030b66aa3084f02500c6b.udd" 6134
"C:/Users/emanu/AppData/Local/UnrealEngine/Common/DerivedDataCache/Buckets/LegacyTEXTURE/eb/ca/c9bb397e6d045f3c3c82800df2f2d22dee8a.udd" 6135
"C:/Users/emanu/AppData/Local/UnrealEngine/Common/DerivedDataCache/Buckets/LegacyTEXTURE/65/a5/aa5ea895b6f3be336c3a458f24d14fd6f550.udd" 6136
"C:/Users/emanu/AppData/Local/UnrealEngine/Common/DerivedDataCache/Buckets/LegacyTEXTURE/a5/70/6e9a0284e0acfc16e12fcc02d35ebb2bbda8.udd" 6137
"C:/Users/emanu/AppData/Local/UnrealEngine/Common/DerivedDataCache/Buckets/LegacyTEXTURE/be/78/9226ea73a3aa9e46e01b89049daed7e2efb7.udd" 6138
"C:/Users/emanu/AppData/Local/UnrealEngine/Common/DerivedDataCache/Buckets/LegacyTEXTURE/d7/3e/ca84bc669b596f5c19f671d0024b234a4daa.udd" 6139
"C:/Users/emanu/AppData/Local/UnrealEngine/Common/DerivedDataCache/Buckets/LegacyTEXTURE/05/01/320c3ab378e2a7510601f326e41e5d27e60a.udd" 6140
"C:/Users/emanu/AppData/Local/UnrealEngine/Common/DerivedDataCache/Buckets/LegacyTEXTURE/9d/e5/9202eea09f5f9f59f25bde57d3d64e053874.udd" 6141
"C:/Users/emanu/AppData/Local/UnrealEngine/Common/DerivedDataCache/Buckets/LegacyTEXTURE/b6/3d/e308ff5d5ed50037bb2bbdafd4b69683236e.udd" 6142
"C:/Users/emanu/AppData/Local/UnrealEngine/Common/DerivedDataCache/Buckets/LegacyTEXTURE/e0/ab/23f0569ff19ee97191d544803e682516bf60.udd" 6143
"C:/Users/emanu/AppData/Local/UnrealEngine/Common/DerivedDataCache/Buckets/LegacyTEXTURE/6d/7c/ffdffb0aaad928b92b020e04ca005cc5ce1e.udd" 6144
"C:/Users/emanu/AppData/Local/UnrealEngine/Common/DerivedDataCache/Buckets/LegacyTEXTURE/8d/47/9c3dc380308912a1c43588aa09113f93a435.udd" 6145
"C:/Users/emanu/AppData/Local/UnrealEngine/Common/DerivedDataCache/Buckets/LegacyTEXTURE/e2/47/b1de97eb18bc30e38dccfc1cce52ecce27cd.udd" 6146
"C:/Users/emanu/AppData/Local/UnrealEngine/Common/DerivedDataCache/Buckets/LegacyTEXTURE/8d/c3/6d81b5642ac87a5ea906331af5b1923670a2.udd" 6147
"C:/Users/emanu/AppData/Local/UnrealEngine/Common/DerivedDataCache/Buckets/LegacyTEXTURE/a2/b8/866655f756400f86161d426d04ffeaedb65d.udd" 6148
"C:/Users/emanu/AppData/Local/UnrealEngine/Common/DerivedDataCache/Buckets/LegacyTEXTURE/23/2d/c48dccdf4269b69dd3ef75fc85ed283d0e4d.udd" 6149
"C:/Users/emanu/AppData/Local/UnrealEngine/Common/DerivedDataCache/Buckets/LegacyTEXTURE/d6/29/b705ef65450269bc9d0bc3dbe1c2a778a767.udd" 6150
"C:/Users/emanu/AppData/Local/UnrealEngine/Common/DerivedDataCache/Buckets/LegacyTEXTURE/a6/90/158b06fead12ccf92c3307860d093d20e74c.udd" 6151
"C:/Users/emanu/AppData/Local/UnrealEngine/Common/DerivedDataCache/Buckets/LegacyTEXTURE/a0/cb/59040538913757796b71420d809936fb44ef.udd" 6152
"C:/Users/emanu/AppData/Local/UnrealEngine/Common/DerivedDataCache/Buckets/LegacyTEXTURE/7e/ba/42c90462ee5dd787dd028c5d11f1865ab969.udd" 6153
"C:/Users/emanu/AppData/Local/UnrealEngine/Common/DerivedDataCache/Buckets/LegacyTEXTURE/f1/e3/fd286653b9b3bc962574116cd864d5315d66.udd" 6154
"C:/Users/emanu/AppData/Local/UnrealEngine/Common/DerivedDataCache/Buckets/LegacyTEXTURE/33/3b/9baa8908e92afcb76558d8b920eea68ed797.udd" 6155
"C:/Users/emanu/AppData/Local/UnrealEngine/Common/DerivedDataCache/Buckets/LegacyTEXTURE/0c/18/c3708d5e44325de9ed80cf4a206dcd76e470.udd" 6156
"C:/Users/emanu/AppData/Local/UnrealEngine/Common/DerivedDataCache/Buckets/LegacyTEXTURE/78/d7/576d689e6b5d84461d9a28a653fed66243c0.udd" 6157
"C:/Users/emanu/AppData/Local/UnrealEngine/Common/DerivedDataCache/Buckets/LegacyTEXTURE/37/00/f2ddf0255ef0bdc4b51beed50777d4487ebf.udd" 6158
"C:/Users/emanu/AppData/Local/UnrealEngine/Common/DerivedDataCache/Buckets/LegacyTEXTURE/a7/17/ee8a6083b73a166fc8be47cfd10bf5954b8a.udd" 6159
"C:/Users/emanu/AppData/Local/UnrealEngine/Common/DerivedDataCache/Buckets/LegacyTEXTURE/27/f6/ad6aa2aea13559bb6a19f814e3da830c036b.udd" 6160
"C:/Users/emanu/AppData/Local/UnrealEngine/Common/DerivedDataCache/Content/d9/d1/0bde7d4bd6cd72ddc9cf53908b9f6a861fe7.udd" 6161
"C:/Users/emanu/AppData/Local/UnrealEngine/Common/DerivedDataCache/Buckets/LegacyTEXTURE/ec/d0/24a2ef018360322955082ea7f748cda264bb.udd" 6162
"C:/Users/emanu/AppData/Local/UnrealEngine/Common/DerivedDataCache/Buckets/LegacyTEXTURE/11/a7/87afda8cd63aee81f9602469b78005364ee6.udd" 6163
"C:/Users/emanu/AppData/Local/UnrealEngine/Common/DerivedDataCache/Buckets/LegacyTEXTURE/6d/05/03ae0063101a90e42f3f3e58bc652b408d16.udd" 6164
"C:/Users/emanu/AppData/Local/UnrealEngine/Common/DerivedDataCache/Buckets/LegacyTEXTURE/d3/f4/0089cda9a2acd7b5effc3489c25a0a777ce6.udd" 6165
"C:/Users/emanu/AppData/Local/UnrealEngine/Common/DerivedDataCache/Buckets/LegacyTEXTURE/3b/1a/d78d233e01926d911cbffca5dc5c5b66ce34.udd" 6166
"C:/Users/emanu/AppData/Local/UnrealEngine/Common/DerivedDataCache/Content/ff/c7/463dd46e9a2cbbfb4a1b9416ac5c4c5939ca.udd" 6167
"C:/Users/emanu/AppData/Local/UnrealEngine/Common/DerivedDataCache/Buckets/LegacyTEXTURE/5c/c7/f98b048a0ad8c0695a86eba1639ed2cb2183.udd" 6168
"C:/Users/emanu/AppData/Local/UnrealEngine/Common/DerivedDataCache/Buckets/LegacyTEXTURE/64/43/90d6ad39c047b73c58b1bf071c8df9632ef7.udd" 6169
"C:/Users/emanu/AppData/Local/UnrealEngine/Common/DerivedDataCache/Buckets/LegacyTEXTURE/3d/8f/a1816e2e07da532d18480c7932ad44aef83a.udd" 6170
"C:/Users/emanu/AppData/Local/UnrealEngine/Common/DerivedDataCache/Buckets/LegacyTEXTURE/27/df/5217e1d71f4048696f6a4cb4ce6e0019ae86.udd" 6171
"C:/Users/emanu/AppData/Local/UnrealEngine/Common/DerivedDataCache/Buckets/LegacyTEXTURE/ed/71/2d19f384e476db94956116924116ffa647a6.udd" 6172
"C:/Users/emanu/AppData/Local/UnrealEngine/Common/DerivedDataCache/Buckets/LegacyTEXTURE/c3/cd/da2253f6b1bc722f7f9190be5b9f09a9b564.udd" 6173
"C:/Users/emanu/AppData/Local/UnrealEngine/Common/DerivedDataCache/Content/cc/f8/62e0bda48a1ba2365eb1baf362f2d128fd57.udd" 6174
"C:/Users/emanu/AppData/Local/UnrealEngine/Common/DerivedDataCache/Buckets/LegacyTEXTURE/6a/c1/4d5e168952da91fde14522cdd71535ce6bc4.udd" 6175
"C:/Users/emanu/AppData/Local/UnrealEngine/Common/DerivedDataCache/Buckets/LegacyTEXTURE/a4/8a/da9d79b1058d7aa6c4bf982210996b8a5bea.udd" 6176
"C:/Users/emanu/AppData/Local/UnrealEngine/Common/DerivedDataCache/Buckets/LegacyTEXTURE/0f/2d/b6109f6428b069ced38d5053e5bdb216c2c0.udd" 6177
"C:/Users/emanu/AppData/Local/UnrealEngine/Common/DerivedDataCache/Buckets/LegacyTEXTURE/7f/ca/a9fa71cd455cb164f6b02a7a45f7e439c556.udd" 6178
"C:/Users/emanu/AppData/Local/UnrealEngine/Common/DerivedDataCache/Buckets/LegacyTEXTURE/61/53/bcde3be64836e26abf21ef2e9d3dd15a902d.udd" 6179
"C:/Users/emanu/AppData/Local/UnrealEngine/Common/DerivedDataCache/Buckets/LegacyTEXTURE/19/4b/81e74763e6b212e9eda5f6452cbd642efdd3.udd" 6180
"C:/Users/emanu/AppData/Local/UnrealEngine/Common/DerivedDataCache/Buckets/LegacyTEXTURE/4b/55/46940461c01766e9d51546f59f728dbdb76c.udd" 6181
"C:/Users/emanu/AppData/Local/UnrealEngine/Common/DerivedDataCache/Content/03/15/46e70f81d09ac0fe66f26fdb34ab29ae88c0.udd" 6182
"C:/Users/emanu/AppData/Local/UnrealEngine/Common/DerivedDataCache/Buckets/LegacyTEXTURE/20/1f/259fad750baf6d5258665ce60d7b8d4c1e1b.udd" 6183
"C:/Users/emanu/AppData/Local/UnrealEngine/Common/DerivedDataCache/Buckets/LegacyTEXTURE/2f/45/d2cd0529c6e3a3358578006e2d0486fa9982.udd" 6184
"C:/Users/emanu/AppData/Local/UnrealEngine/Common/DerivedDataCache/Buckets/LegacyTEXTURE/3e/b8/f2dcea4c09eef47a1e4f2668fb90f15f7781.udd" 6185
"C:/Users/emanu/AppData/Local/UnrealEngine/Common/DerivedDataCache/Buckets/LegacyTEXTURE/94/79/8028abe4cdb403eb6ba60bdef9b901fbae9d.udd" 6186
"C:/Users/emanu/AppData/Local/UnrealEngine/Common/DerivedDataCache/Buckets/LegacyTEXTURE/a2/36/83fe64bb18237abf573f947fa69047ae84b2.udd" 6187
"C:/Users/emanu/AppData/Local/UnrealEngine/Common/DerivedDataCache/Buckets/LegacyTEXTURE/e2/22/3a30f9998e84ed78fa3a7db4c4a9616de681.udd" 6188
"C:/Users/emanu/AppData/Local/UnrealEngine/Common/DerivedDataCache/Buckets/LegacyTEXTURE/30/ae/3b5bacb1b6f441f2620c3f310d1f9237b362.udd" 6189
"C:/Users/emanu/AppData/Local/UnrealEngine/Common/DerivedDataCache/Buckets/LegacyTEXTURE/d9/da/70c8a01128bcec0b21336b3b19724285c136.udd" 6190
"C:/Users/emanu/AppData/Local/UnrealEngine/Common/DerivedDataCache/Buckets/LegacyTEXTURE/32/59/b74d560c409f53f1c264840edbe6302b77c5.udd" 6191
"C:/Users/emanu/AppData/Local/UnrealEngine/Common/DerivedDataCache/Content/9c/d7/ec2f370b5a7c36d6c040f1ef5a4c61b568ff.udd" 6192
"C:/Users/emanu/AppData/Local/UnrealEngine/Common/DerivedDataCache/Buckets/LegacyTEXTURE/47/f5/ad4bdd52e59f3ceab25f0fce1fa11ec55627.udd" 6193
"C:/Users/emanu/AppData/Local/UnrealEngine/Common/DerivedDataCache/Buckets/LegacyTEXTURE/29/6b/64e3ba24b81d5ae4a6bfac3c1ab3628f2a00.udd" 6194
"C:/Users/emanu/AppData/Local/UnrealEngine/Common/DerivedDataCache/Buckets/LegacyTEXTURE/ab/d2/659cd27d523d9cce67d824241b6c61dd9047.udd" 6195
"C:/Users/emanu/AppData/Local/UnrealEngine/Common/DerivedDataCache/Buckets/LegacyTEXTURE/74/98/3be473a70988064446478b8247d7aa8f5872.udd" 6196
"C:/Users/emanu/AppData/Local/UnrealEngine/Common/DerivedDataCache/Buckets/LegacyTEXTURE/fe/7b/1c2f5b0ad94970b84ef349ef394bffd25969.udd" 6197
"C:/Users/emanu/AppData/Local/UnrealEngine/Common/DerivedDataCache/Buckets/LegacyTEXTURE/60/df/60d1177cc405ab0f035f1bbb7ec8daf25405.udd" 6198
"C:/Users/emanu/AppData/Local/UnrealEngine/Common/DerivedDataCache/Buckets/LegacyTEXTURE/69/4f/7bc1b7a327a246799ff0a523163c46fd35dd.udd" 6199
"C:/Users/emanu/AppData/Local/UnrealEngine/Common/DerivedDataCache/Buckets/LegacyTEXTURE/70/f1/9e7548a3f17673c9ddbd64a9d004f8c882b3.udd" 6200
"C:/Users/emanu/AppData/Local/UnrealEngine/Common/DerivedDataCache/Buckets/LegacyTEXTURE/84/23/888c9a903680abefaac18c1b435e2d62c27a.udd" 6201
"C:/Users/emanu/AppData/Local/UnrealEngine/Common/DerivedDataCache/Buckets/LegacyTEXTURE/79/5b/6339e8d94f1a46ff93940056e5e33b737e6d.udd" 6202
"C:/Users/emanu/AppData/Local/UnrealEngine/Common/DerivedDataCache/Buckets/LegacyTEXTURE/b8/0f/11b25ce001c172a1fe56a5a48d5722c48606.udd" 6203
"C:/Users/emanu/AppData/Local/UnrealEngine/Common/DerivedDataCache/Buckets/LegacyTEXTURE/cb/73/a7e0d8b0d04e6588231e4081640818cddf3c.udd" 6204
"C:/Users/emanu/AppData/Local/UnrealEngine/Common/DerivedDataCache/Buckets/LegacyTEXTURE/1b/ab/446279afb2c483690a7b82100dc77be5ae14.udd" 6205
"C:/Users/emanu/AppData/Local/UnrealEngine/Common/DerivedDataCache/Buckets/LegacyTEXTURE/4e/aa/d7edfb83d72ab4190251ee866e32aa8efef3.udd" 6206
"C:/Users/emanu/AppData/Local/UnrealEngine/Common/DerivedDataCache/Buckets/LegacyTEXTURE/e4/35/b3962d837fe67483f16a03d1b45ccd931165.udd" 6207
"C:/Users/emanu/AppData/Local/UnrealEngine/Common/DerivedDataCache/Buckets/LegacyTEXTURE/70/b6/e094cd29ee7d741d4dc8439d37ce9a94aad0.udd" 6208
"C:/Users/emanu/AppData/Local/UnrealEngine/Common/DerivedDataCache/Buckets/LegacyTEXTURE/34/f4/75c7ace216dd1bd2aa29ec8c45cafe602b79.udd" 6209
"C:/Users/emanu/AppData/Local/UnrealEngine/Common/DerivedDataCache/Buckets/LegacyTEXTURE/fe/98/5978d9225cb488c7ed44d97cfcab66b27edc.udd" 6210
"C:/Users/emanu/AppData/Local/UnrealEngine/Common/DerivedDataCache/Buckets/LegacyTEXTURE/d1/f0/d7662cf77b11abaaa81f1f31e3ea8eaa9dd1.udd" 6211
"C:/Users/emanu/AppData/Local/UnrealEngine/Common/DerivedDataCache/Buckets/LegacyTEXTURE/e5/72/1c75e60f66beebdee08550c679c605d9e017.udd" 6212
"C:/Users/emanu/AppData/Local/UnrealEngine/Common/DerivedDataCache/Buckets/LegacyTEXTURE/26/ea/6e9f08de6e40cdc8c9b74f83f9ce36b396cf.udd" 6213
"C:/Users/emanu/AppData/Local/UnrealEngine/Common/DerivedDataCache/Buckets/LegacyTEXTURE/e5/52/987196c8a9f0ddaf939a0f8ca357b87cb6b5.udd" 6214
"C:/Users/emanu/AppData/Local/UnrealEngine/Common/DerivedDataCache/Buckets/LegacyTEXTURE/1b/0d/51963fd7dcc4c779f7ba58cec9a02508ff97.udd" 6215
"C:/Users/emanu/AppData/Local/UnrealEngine/Common/DerivedDataCache/Buckets/LegacyTEXTURE/d7/ee/89de6fc9a6560c934807b9213b02c79c56b7.udd" 6216
"C:/Users/emanu/AppData/Local/UnrealEngine/Common/DerivedDataCache/Buckets/LegacyTEXTURE/d7/6b/e3db2c6fe9baaec2a72ed56fba9178f4bb48.udd" 6217
"C:/Users/emanu/AppData/Local/UnrealEngine/Common/DerivedDataCache/Buckets/LegacyTEXTURE/81/df/55f5baf115f110c0396e46282d9b6335ab1a.udd" 6218
"C:/Users/emanu/AppData/Local/UnrealEngine/Common/DerivedDataCache/Buckets/LegacyTEXTURE/4f/d4/e0e6ddf3f624692539faf5aebbed7955b554.udd" 6219
"C:/Users/emanu/AppData/Local/UnrealEngine/Common/DerivedDataCache/Buckets/LegacyTEXTURE/a7/a9/0be8fb38bb5ba5bf7fbcf537c740ace52657.udd" 6220
"C:/Users/emanu/AppData/Local/UnrealEngine/Common/DerivedDataCache/Buckets/LegacyTEXTURE/8e/2d/8b780201c75e3c5d2592eaf72b3bd7751368.udd" 6221
"C:/Users/emanu/AppData/Local/UnrealEngine/Common/DerivedDataCache/Buckets/LegacyTEXTURE/2c/e5/fcf12de926393c6f8e4d31c32b03567fd9c0.udd" 6222
"C:/Users/emanu/AppData/Local/UnrealEngine/Common/DerivedDataCache/Buckets/LegacyTEXTURE/53/34/30e869562759b5910a37a0baa04d3ceac407.udd" 6223
"C:/Users/emanu/AppData/Local/UnrealEngine/Common/DerivedDataCache/Buckets/LegacyTEXTURE/72/8c/9b2fef9d39a7420218064310585430e5f642.udd" 6224
"C:/Users/emanu/AppData/Local/UnrealEngine/Common/DerivedDataCache/Buckets/LegacyTEXTURE/3e/12/95b34144c486b61ecaa2fc3286d531d25c29.udd" 6225
"C:/Users/emanu/AppData/Local/UnrealEngine/Common/DerivedDataCache/Buckets/LegacyTEXTURE/35/1d/ee18dc2641e56942824d45afc2c7624fc0a2.udd" 6226
"C:/Users/emanu/AppData/Local/UnrealEngine/Common/DerivedDataCache/Buckets/LegacyTEXTURE/17/86/9aa218be4fde5b2602923893f13cc0d3114c.udd" 6227
"C:/Users/emanu/AppData/Local/UnrealEngine/Common/DerivedDataCache/Buckets/LegacyTEXTURE/73/80/b56f5887272f483e47f47ded6abe4704273b.udd" 6228
"C:/Users/emanu/AppData/Local/UnrealEngine/Common/DerivedDataCache/Buckets/LegacyTEXTURE/6d/8c/414fb31c27de0acb963ad8f8dee3e4f49f19.udd" 6229
"C:/Users/emanu/AppData/Local/UnrealEngine/Common/DerivedDataCache/Buckets/LegacyTEXTURE/5e/86/55ef215359a4279ae0502bd90e18cc72b0d1.udd" 6230
"C:/Users/emanu/AppData/Local/UnrealEngine/Common/DerivedDataCache/Buckets/LegacyTEXTURE/1e/b5/2f366cdcd687209fecc14b02a698a9b9e493.udd" 6231
"C:/Users/emanu/AppData/Local/UnrealEngine/Common/DerivedDataCache/Buckets/LegacyTEXTURE/aa/13/eea60f706cce901901a623e917387f0672df.udd" 6232
"C:/Users/emanu/AppData/Local/UnrealEngine/Common/DerivedDataCache/Buckets/LegacyTEXTURE/b1/33/934b838c254f8ffdafdb26c266188f04808d.udd" 6233
"C:/Users/emanu/AppData/Local/UnrealEngine/Common/DerivedDataCache/Buckets/LegacyTEXTURE/79/7a/d9643b8846b9c68550fd8c8f3c2c1ae41601.udd" 6234
"C:/Users/emanu/AppData/Local/UnrealEngine/Common/DerivedDataCache/Buckets/LegacyTEXTURE/8b/56/4f3d5070912309c9d5da447cc89fe9cc1d76.udd" 6235
"C:/Users/emanu/AppData/Local/UnrealEngine/Common/DerivedDataCache/Buckets/LegacyTEXTURE/f2/5f/b350d5c8b4589b078de1e45545d53e1a075f.udd" 6236
"C:/Users/emanu/AppData/Local/UnrealEngine/Common/DerivedDataCache/Buckets/LegacyTEXTURE/d6/b3/9dafe2f8be790664f192b922247fa800ac95.udd" 6237
"C:/Users/emanu/AppData/Local/UnrealEngine/Common/DerivedDataCache/Buckets/LegacyTEXTURE/d7/c0/0b0bf3802b499181bd3424006e647aaba11f.udd" 6238
"C:/Users/emanu/AppData/Local/UnrealEngine/Common/DerivedDataCache/Buckets/LegacyTEXTURE/9a/e2/f769fea2b7a410f0481a7f805dcac8f0ff8a.udd" 6239
"C:/Users/emanu/AppData/Local/UnrealEngine/Common/DerivedDataCache/Buckets/LegacyTEXTURE/6a/74/7ad4e803f15b23333758837f3d0f0b9d2225.udd" 6240
"C:/Users/emanu/AppData/Local/UnrealEngine/Common/DerivedDataCache/Buckets/LegacyTEXTURE/be/21/e1830eb4a6d1a8c18ccfbd3514df48e217b8.udd" 6241
"C:/Users/emanu/AppData/Local/UnrealEngine/Common/DerivedDataCache/Buckets/LegacyTEXTURE/8d/ac/27eeb73fe7852d9f7da86b477260386c91ee.udd" 6242
"C:/Users/emanu/AppData/Local/UnrealEngine/Common/DerivedDataCache/Buckets/LegacyTEXTURE/a9/20/eb969ad31ef8272a709aeea545f2fcb70d61.udd" 6243
"C:/Users/emanu/AppData/Local/UnrealEngine/Common/DerivedDataCache/Buckets/LegacyTEXTURE/17/ab/fb5b610b49dbdb40bc830089137c68d545a6.udd" 6244
"C:/Users/emanu/AppData/Local/UnrealEngine/Common/DerivedDataCache/Buckets/LegacyTEXTURE/c9/7d/081c4245f33ab6789923127fced7bbb1c6ee.udd" 6245
"C:/Users/emanu/AppData/Local/UnrealEngine/Common/DerivedDataCache/Buckets/LegacyTEXTURE/46/8c/95a53a7ca2df4b4c77e9b083a54012137de4.udd" 6246
"C:/Users/emanu/AppData/Local/UnrealEngine/Common/DerivedDataCache/Buckets/LegacyTEXTURE/5c/81/5a28879d6cafa1c292e3297dc53eef2a450b.udd" 6247
"C:/Users/emanu/AppData/Local/UnrealEngine/Common/DerivedDataCache/Buckets/LegacyTEXTURE/18/63/33215ee46be5d86e086f04fcda15129c291e.udd" 6248
"C:/Users/emanu/AppData/Local/UnrealEngine/Common/DerivedDataCache/Buckets/LegacyTEXTURE/39/79/89485fe505ce1706f9db6ec089786789dffb.udd" 6249
"C:/Users/emanu/AppData/Local/UnrealEngine/Common/DerivedDataCache/Buckets/LegacyTEXTURE/46/81/a162c28e2137a88da94d56aa788848517280.udd" 6250
"C:/Users/emanu/AppData/Local/UnrealEngine/Common/DerivedDataCache/Buckets/LegacyTEXTURE/cf/2e/5916df3b91c0661d65023481bd1f91b8dd84.udd" 6251
"C:/Users/emanu/AppData/Local/UnrealEngine/Common/DerivedDataCache/Content/a5/86/214b3d6b7331dddc746ed9d56fa0cf62b7f0.udd" 6252
"C:/Users/emanu/AppData/Local/UnrealEngine/Common/DerivedDataCache/Buckets/LegacyTEXTURE/2c/32/69bcf706c49771dce3bfb92d2c943a7527ac.udd" 6253
"C:/Users/emanu/AppData/Local/UnrealEngine/Common/DerivedDataCache/Buckets/LegacyTEXTURE/49/fe/394c3fea29a22c5e01e47a6dadda0cdabaf3.udd" 6254
"C:/Users/emanu/AppData/Local/UnrealEngine/Common/DerivedDataCache/Buckets/LegacyTEXTURE/ae/6f/fc311b4812403efab9d4eb3e073ee096762f.udd" 6255
"C:/Users/emanu/AppData/Local/UnrealEngine/Common/DerivedDataCache/Buckets/LegacyTEXTURE/f5/09/96f5b6ba97d34f00c4738a3d2cb901a9d1d2.udd" 6256
"C:/Users/emanu/AppData/Local/UnrealEngine/Common/DerivedDataCache/Buckets/LegacyTEXTURE/dd/58/5b247e4ffc620b00cf224e6c276034fe1bbb.udd" 6257
"C:/Users/emanu/AppData/Local/UnrealEngine/Common/DerivedDataCache/Buckets/LegacyTEXTURE/ef/0f/a1472ff9b481cb830e4be040baf210355243.udd" 6258
"C:/Users/emanu/AppData/Local/UnrealEngine/Common/DerivedDataCache/Buckets/LegacyTEXTURE/eb/f2/fb6b5762738b9cafbbda08aa7bd0ecec7250.udd" 6259
"C:/Users/emanu/AppData/Local/UnrealEngine/Common/DerivedDataCache/Buckets/LegacyTEXTURE/a9/e9/53940c8c1f081648cbc7897739a92f6eb76f.udd" 6260
"C:/Users/emanu/AppData/Local/UnrealEngine/Common/DerivedDataCache/Content/20/51/15bc4efe80e30f6ba1c00bfda389f834a23c.udd" 6261
"C:/Users/emanu/AppData/Local/UnrealEngine/Common/DerivedDataCache/Buckets/LegacyTEXTURE/bb/aa/a0bc65cbc05f69782000fdb74e234b5305a8.udd" 6262
"C:/Users/emanu/AppData/Local/UnrealEngine/Common/DerivedDataCache/Buckets/LegacyTEXTURE/ef/40/98a4dc965430ed570c3ce5e469473dfd6c3d.udd" 6263
"C:/Users/emanu/AppData/Local/UnrealEngine/Common/DerivedDataCache/Buckets/LegacyTEXTURE/91/1b/5fa058ff39f74f2b5b209e2ac26529938ad6.udd" 6264
"C:/Users/emanu/AppData/Local/UnrealEngine/Common/DerivedDataCache/Buckets/LegacyTEXTURE/38/8c/60cc8ff5d3d9fbd118b3cf8a7db90f216721.udd" 6265
"C:/Users/emanu/AppData/Local/UnrealEngine/Common/DerivedDataCache/Buckets/LegacyTEXTURE/23/3d/da7336319fdb76821abf9962351bc5a9447e.udd" 6266
"C:/Users/emanu/AppData/Local/UnrealEngine/Common/DerivedDataCache/Buckets/LegacyTEXTURE/bb/6c/da4c0a685d1a4e9048995517ed41c39b539c.udd" 6267
"C:/Users/emanu/AppData/Local/UnrealEngine/Common/DerivedDataCache/Buckets/LegacyTEXTURE/ff/11/e9d429a6386add84045e1f3cef5461dfb37f.udd" 6268
"C:/Users/emanu/AppData/Local/UnrealEngine/Common/DerivedDataCache/Buckets/LegacyTEXTURE/fa/b6/9b01ec878c26d3ff5f9872bf8014e52b05bd.udd" 6269
"C:/Users/emanu/AppData/Local/UnrealEngine/Common/DerivedDataCache/Buckets/LegacyTEXTURE/72/e5/c72d9a5c3a22aa8f2195755e48159fba4384.udd" 6270
"C:/Users/emanu/AppData/Local/UnrealEngine/Common/DerivedDataCache/Buckets/LegacyTEXTURE/25/b2/23a3dc376e6e5c34720c1d08a577ca64e24d.udd" 6271
"C:/Users/emanu/AppData/Local/UnrealEngine/Common/DerivedDataCache/Buckets/LegacyTEXTURE/04/6d/89a380d415f6f1b1140d352a594bd0c12500.udd" 6272
"C:/Users/emanu/AppData/Local/UnrealEngine/Common/DerivedDataCache/Buckets/LegacyTEXTURE/29/58/19f3e2783e31742620edd3e827a1ea48be81.udd" 6273
"C:/Users/emanu/AppData/Local/UnrealEngine/Common/DerivedDataCache/Buckets/LegacyTEXTURE/61/a5/03f6eba43bd18613b45af216d4c1380effb1.udd" 6274
"C:/Users/emanu/AppData/Local/UnrealEngine/Common/DerivedDataCache/Buckets/LegacyTEXTURE/ee/f4/a17977d02e17c265e64ee1b8db108793f02a.udd" 6275
"C:/Users/emanu/AppData/Local/UnrealEngine/Common/DerivedDataCache/Buckets/LegacyTEXTURE/be/c7/63f6620f6d1d1f7cb1677ddeb1ed3219527c.udd" 6276
"C:/Users/emanu/AppData/Local/UnrealEngine/Common/DerivedDataCache/Buckets/LegacyTEXTURE/d9/bd/2d1c97825ee89d0d1adec26badf3217a3889.udd" 6277
"C:/Users/emanu/AppData/Local/UnrealEngine/Common/DerivedDataCache/Buckets/LegacyTEXTURE/09/90/e28413f2297dd636039e7ce96660a46a06d3.udd" 6278
"C:/Users/emanu/AppData/Local/UnrealEngine/Common/DerivedDataCache/Buckets/LegacyTEXTURE/56/fa/465484f378003f996141b328651759b0dcec.udd" 6279
"C:/Users/emanu/AppData/Local/UnrealEngine/Common/DerivedDataCache/Buckets/LegacyTEXTURE/49/9c/3d54bf95bc8af16b6f628054c56af0d3a17c.udd" 6280
"C:/Users/emanu/AppData/Local/UnrealEngine/Common/DerivedDataCache/Buckets/LegacyTEXTURE/53/46/015fe314b1e69554031c326ca83dd9deb15b.udd" 6281
"C:/Users/emanu/AppData/Local/UnrealEngine/Common/DerivedDataCache/Buckets/LegacyTEXTURE/8b/6f/833d448ff92b8ea7b3055339280c01ee0f92.udd" 6282
"C:/Users/emanu/AppData/Local/UnrealEngine/Common/DerivedDataCache/Buckets/LegacyTEXTURE/5c/97/8e4e13faad0d8b179933cdab947499af89b9.udd" 6283
"C:/Users/emanu/AppData/Local/UnrealEngine/Common/DerivedDataCache/Buckets/LegacyTEXTURE/f5/a9/eafe1ba99553ba0d8c9e4bca52563cf66d2b.udd" 6284
"C:/Users/emanu/AppData/Local/UnrealEngine/Common/DerivedDataCache/Buckets/LegacyTEXTURE/53/ac/fb543c550fe215ecf1fc9f51d73bf87c674d.udd" 6285
"C:/Users/emanu/AppData/Local/UnrealEngine/Common/DerivedDataCache/Buckets/LegacyTEXTURE/ac/3e/de8f0af64aa0f58549d3bc9afeb2e1ddf379.udd" 6286
"C:/Users/emanu/AppData/Local/UnrealEngine/Common/DerivedDataCache/Buckets/LegacyTEXTURE/96/81/1f110531aabfb57063acb7bbae68d9e88225.udd" 6287
"C:/Users/emanu/AppData/Local/UnrealEngine/Common/DerivedDataCache/Buckets/LegacyTEXTURE/64/33/6c5e224cd59fc27e3d0759cbcd48fe5b99e0.udd" 6288
"C:/Users/emanu/AppData/Local/UnrealEngine/Common/DerivedDataCache/Buckets/LegacyTEXTURE/26/ad/79d1257d7cf92e6206689eb5531dc46ca990.udd" 6289
"C:/Users/emanu/AppData/Local/UnrealEngine/Common/DerivedDataCache/Buckets/LegacyTEXTURE/41/ab/89e5e65269bc9c85361abb39161b86f20e95.udd" 6290
"C:/Users/emanu/AppData/Local/UnrealEngine/Common/DerivedDataCache/Buckets/LegacyTEXTURE/3c/75/0c5c7318f53d4450d2a7c81fd5800537b512.udd" 6291
"C:/Users/emanu/AppData/Local/UnrealEngine/Common/DerivedDataCache/Buckets/LegacyTEXTURE/dc/8a/254e991bbb8482fe3237ca4a27c14faa4c05.udd" 6292
"C:/Users/emanu/AppData/Local/UnrealEngine/Common/DerivedDataCache/Buckets/LegacyTEXTURE/28/a5/941171730d00bd1255b94901c06d8155c119.udd" 6293
"C:/Users/emanu/AppData/Local/UnrealEngine/Common/DerivedDataCache/Buckets/LegacyTEXTURE/9c/67/3d8ccb423370821b1990a8faecf7388978f7.udd" 6294
"C:/Users/emanu/AppData/Local/UnrealEngine/Common/DerivedDataCache/Buckets/LegacyTEXTURE/04/3e/3c65d9b350ceec506f8e8124874648128497.udd" 6295
"C:/Users/emanu/AppData/Local/UnrealEngine/Common/DerivedDataCache/Buckets/LegacyTEXTURE/79/9a/b1479979d698383fc1986acd622f833ffeca.udd" 6296
"C:/Users/emanu/AppData/Local/UnrealEngine/Common/DerivedDataCache/Buckets/LegacyTEXTURE/5f/d3/dbf9e3d7e57f0d77f7f400e0c917d2ddccd4.udd" 6297
"C:/Users/emanu/AppData/Local/UnrealEngine/Common/DerivedDataCache/Buckets/LegacyTEXTURE/dc/2b/f9a48048800b04bb477b896b37632b30fb48.udd" 6298
"C:/Users/emanu/AppData/Local/UnrealEngine/Common/DerivedDataCache/Buckets/LegacyTEXTURE/41/69/545c560e50e3eceda3c6df6801f1241441be.udd" 6299
"C:/Users/emanu/AppData/Local/UnrealEngine/Common/DerivedDataCache/Buckets/LegacyTEXTURE/53/11/1b9d0400b073648028f2570a8866fb7c1954.udd" 6300
"C:/Users/emanu/AppData/Local/UnrealEngine/Common/DerivedDataCache/Buckets/LegacyTEXTURE/fb/17/4e07fe41f1996b17ce0c206160e523b686a0.udd" 6301
"C:/Users/emanu/AppData/Local/UnrealEngine/Common/DerivedDataCache/Buckets/LegacyTEXTURE/f9/b0/fe4ca50fbb5a03cc0ff0e0163525eaa6e24b.udd" 6302
"C:/Users/emanu/AppData/Local/UnrealEngine/Common/DerivedDataCache/Content/b8/f9/92fc9f85bb7d411c14c04453ad00ff11e8ba.udd" 6303
"C:/Users/emanu/AppData/Local/UnrealEngine/Common/DerivedDataCache/Buckets/LegacyTEXTURE/c3/93/251a542830d6908adb126649e296d90d5d61.udd" 6304
"C:/Users/emanu/AppData/Local/UnrealEngine/Common/DerivedDataCache/Buckets/LegacyTEXTURE/c1/8d/e6ac7fb31291cf05526cb1364c1787941f38.udd" 6305
"C:/Users/emanu/AppData/Local/UnrealEngine/Common/DerivedDataCache/Buckets/LegacyTEXTURE/c8/a4/891db6989edb6933b1a3b3d878387658eedc.udd" 6306
"C:/Users/emanu/AppData/Local/UnrealEngine/Common/DerivedDataCache/Buckets/LegacyTEXTURE/c8/ea/ae074fdbcb75bbeb040913b789dc65d962d9.udd" 6307
"C:/Users/emanu/AppData/Local/UnrealEngine/Common/DerivedDataCache/Buckets/LegacyTEXTURE/8e/6d/f3ec79d253ebe66d1c39884b4ca28c8738af.udd" 6308
"C:/Users/emanu/AppData/Local/UnrealEngine/Common/DerivedDataCache/Buckets/LegacyTEXTURE/d9/a2/a27cfc48a2647694fb35fb172fdaed56815a.udd" 6309
"C:/Users/emanu/AppData/Local/UnrealEngine/Common/DerivedDataCache/Buckets/LegacyTEXTURE/1b/85/a7255866c8ace2bc7c0ad85cdb05380d9d43.udd" 6310
"C:/Users/emanu/AppData/Local/UnrealEngine/Common/DerivedDataCache/Buckets/LegacyTEXTURE/07/3e/920976d8a42c3e621ae31f959f28e22bea9c.udd" 6311
"C:/Users/emanu/AppData/Local/UnrealEngine/Common/DerivedDataCache/Buckets/LegacyTEXTURE/90/09/dc318ca6dd1ed70bd93fda10bbe19e372d26.udd" 6312
"C:/Users/emanu/AppData/Local/UnrealEngine/Common/DerivedDataCache/Buckets/LegacyTEXTURE/63/71/8af9d838e712248dbea74831c93b00f55d25.udd" 6313
"C:/Users/emanu/AppData/Local/UnrealEngine/Common/DerivedDataCache/Buckets/LegacyTEXTURE/7b/ae/2b49badac15c9783425609aee37edd753a88.udd" 6314
"C:/Users/emanu/AppData/Local/UnrealEngine/Common/DerivedDataCache/Buckets/LegacyTEXTURE/da/b8/d9290cefdbf066957ed924a2a6a1ef406a57.udd" 6315
"C:/Users/emanu/AppData/Local/UnrealEngine/Common/DerivedDataCache/Buckets/LegacyTEXTURE/b5/54/50b3ccb67d311ba11d73f60e10e1a6836d04.udd" 6316
"C:/Users/emanu/AppData/Local/UnrealEngine/Common/DerivedDataCache/Buckets/LegacyTEXTURE/90/f8/b09a4f065c92694d301e16f6f1111bb1c778.udd" 6317
"C:/Users/emanu/AppData/Local/UnrealEngine/Common/DerivedDataCache/Buckets/LegacyTEXTURE/46/7c/65ec24f99f8ad947413fb50524630eed1a28.udd" 6318
"C:/Users/emanu/AppData/Local/UnrealEngine/Common/DerivedDataCache/Buckets/LegacyTEXTURE/3a/6e/c78fd7b8ca3e92af311fda6c8edcf3c87eea.udd" 6319
"C:/Users/emanu/AppData/Local/UnrealEngine/Common/DerivedDataCache/Buckets/LegacyTEXTURE/ce/07/164a0f3f5f277dbdb9e0fc2b0afa9d438137.udd" 6320
"C:/Users/emanu/AppData/Local/UnrealEngine/Common/DerivedDataCache/Buckets/LegacyTEXTURE/78/ff/8ae50668d33c9de8660c261d7c42169d9edd.udd" 6321
"C:/Users/emanu/AppData/Local/UnrealEngine/Common/DerivedDataCache/Buckets/LegacyTEXTURE/11/30/bf76b08fea023d0dfd90817f8f738ce51cd7.udd" 6322
"C:/Users/emanu/AppData/Local/UnrealEngine/Common/DerivedDataCache/Buckets/LegacyTEXTURE/c6/5a/f4ede1d1f77f7e819d11a5c821b2f00e3af2.udd" 6323
"C:/Users/emanu/AppData/Local/UnrealEngine/Common/DerivedDataCache/Buckets/LegacyTEXTURE/ed/eb/4b36cd0ff300500e3c4fab9ccf142fde845d.udd" 6324
"C:/Users/emanu/AppData/Local/UnrealEngine/Common/DerivedDataCache/Buckets/LegacyTEXTURE/39/86/b9de7b04a41a5e1d8f82189f6bbc4c4ff038.udd" 6325
"C:/Users/emanu/AppData/Local/UnrealEngine/Common/DerivedDataCache/Buckets/LegacyTEXTURE/81/4a/85f69e12afc2b975276f40637f8429bc4f70.udd" 6326
"C:/Users/emanu/AppData/Local/UnrealEngine/Common/DerivedDataCache/Content/0c/8f/cfe0a071369fc79a7a20afe8d04738183d2e.udd" 6327
"C:/Users/emanu/AppData/Local/UnrealEngine/Common/DerivedDataCache/Content/b7/e3/b81fc27ebead768a57d5fecd1457e541d52d.udd" 6328
"C:/Users/emanu/AppData/Local/UnrealEngine/Common/DerivedDataCache/Buckets/LegacyTEXTURE/e8/aa/3ed9bef45f3c9473913ff45473fc6415cefa.udd" 6329
"C:/Users/emanu/AppData/Local/UnrealEngine/Common/DerivedDataCache/Buckets/LegacyTEXTURE/01/4b/55f94ebe71f0bae0eeb1a248a732a921fca7.udd" 6330
"C:/Users/emanu/AppData/Local/UnrealEngine/Common/DerivedDataCache/Content/c2/3e/b611379b3a7c2f9341522b73633023db096b.udd" 6331
"C:/Users/emanu/AppData/Local/UnrealEngine/Common/DerivedDataCache/Content/87/19/337a0991e819e67d6055eeb23bff284e8e45.udd" 6332
"C:/Users/emanu/AppData/Local/UnrealEngine/Common/DerivedDataCache/Buckets/LegacyTEXTURE/92/d5/0575d0ce73fdff9b6450e6b5838d2cc54c2d.udd" 6333
"C:/Users/emanu/AppData/Local/UnrealEngine/Common/DerivedDataCache/Buckets/LegacyTEXTURE/21/77/701a47475eb8718ce64d0526c5de76b1bb00.udd" 6334
"C:/Users/emanu/AppData/Local/UnrealEngine/Common/DerivedDataCache/Buckets/LegacyTEXTURE/ca/4e/109fca29d9a29257e4e0ec342f19db3d8f7e.udd" 6335
"C:/Users/emanu/AppData/Local/UnrealEngine/Common/DerivedDataCache/Buckets/LegacyTEXTURE/88/5d/3ed4b09a1c607c65f4b40e9a9b0370b966e8.udd" 6336
"C:/Users/emanu/AppData/Local/UnrealEngine/Common/DerivedDataCache/Buckets/LegacyTEXTURE/9b/8a/a7d6775800aaf54574c2eebbd986f99e4125.udd" 6337
"C:/Users/emanu/AppData/Local/UnrealEngine/Common/DerivedDataCache/Buckets/LegacyTEXTURE/8b/05/796373549ce2e8e6fbc54e989ef00f789a32.udd" 6338
"C:/Users/emanu/AppData/Local/UnrealEngine/Common/DerivedDataCache/Buckets/LegacyTEXTURE/9a/9a/e5167d37d4e5943a716141a87d8fd3b4aec1.udd" 6339
"C:/Users/emanu/AppData/Local/UnrealEngine/Common/DerivedDataCache/Buckets/LegacyTEXTURE/25/93/5cada333d269d02079399ac03fc0743825a8.udd" 6340
"C:/Users/emanu/AppData/Local/UnrealEngine/Common/DerivedDataCache/Buckets/LegacyTEXTURE/a0/cb/3c370b118e3e7149562346182359af79ddf1.udd" 6341
"C:/Users/emanu/AppData/Local/UnrealEngine/Common/DerivedDataCache/Content/4c/0d/a8b2ff851b49a482957887d16f6ee13b1af7.udd" 6342
"C:/Users/emanu/AppData/Local/UnrealEngine/Common/DerivedDataCache/Buckets/LegacyTEXTURE/bf/fe/7ad878a7dbfea5972e6eac7050fe3a04a5f9.udd" 6343
"C:/Users/emanu/AppData/Local/UnrealEngine/Common/DerivedDataCache/Buckets/LegacyTEXTURE/e6/2d/19746b2e4a05da7c69c15b6e4ab325e8bf43.udd" 6344
"C:/Users/emanu/AppData/Local/UnrealEngine/Common/DerivedDataCache/Buckets/LegacyTEXTURE/b5/df/919d8eb072ff9ae478ae2c26101133d603b5.udd" 6345
"C:/Users/emanu/AppData/Local/UnrealEngine/Common/DerivedDataCache/Buckets/LegacyTEXTURE/70/0b/780f1ea3de69178987bb0204c31f08892698.udd" 6346
"C:/Users/emanu/AppData/Local/UnrealEngine/Common/DerivedDataCache/Buckets/LegacyTEXTURE/a5/d4/5f6aebb1a4abec6d988c2a823a3d6275f3cc.udd" 6347
"C:/Users/emanu/AppData/Local/UnrealEngine/Common/DerivedDataCache/Buckets/LegacyTEXTURE/18/ec/6d15e3fbf206b7133e284cdaaea9ba987d7c.udd" 6348
"C:/Users/emanu/AppData/Local/UnrealEngine/Common/DerivedDataCache/Buckets/LegacyTEXTURE/c7/70/89fe7f19c72069848734b83bdbbec5b9a8a2.udd" 6349
"C:/Users/emanu/AppData/Local/UnrealEngine/Common/DerivedDataCache/Buckets/LegacyTEXTURE/bc/9f/4d1e13a6bd21c15e2d7321273a25d428f1fe.udd" 6350
"C:/Users/emanu/AppData/Local/UnrealEngine/Common/DerivedDataCache/Buckets/LegacyTEXTURE/42/80/33e656f098183ef15c218cfa583ae07f7f6f.udd" 6351
"C:/Users/emanu/AppData/Local/UnrealEngine/Common/DerivedDataCache/Buckets/LegacyTEXTURE/81/48/1a1ef7d501120d925056343adfe8279bb2c8.udd" 6352
"C:/Users/emanu/AppData/Local/UnrealEngine/Common/DerivedDataCache/Buckets/LegacyTEXTURE/6e/ff/f6bf3280025dab56415d12104f9a3a7cf12e.udd" 6353
"C:/Users/emanu/AppData/Local/UnrealEngine/Common/DerivedDataCache/Buckets/LegacyTEXTURE/bc/7c/5c59289b09becc45fcfc50b3f1d260a57c85.udd" 6354
"C:/Users/emanu/AppData/Local/UnrealEngine/Common/DerivedDataCache/Buckets/LegacyTEXTURE/d0/99/9d66a5635f36b2fffdb24de0cebe9e7d322a.udd" 6355
"C:/Users/emanu/AppData/Local/UnrealEngine/Common/DerivedDataCache/Buckets/LegacyTEXTURE/59/58/424b1e5d9af3dd0f3a453fa4b71011e878d1.udd" 6356
"C:/Users/emanu/AppData/Local/UnrealEngine/Common/DerivedDataCache/Buckets/LegacyTEXTURE/8a/fe/5d0a4ac5a07d2d5e0c8712d389b957caa82d.udd" 6357
"C:/Users/emanu/AppData/Local/UnrealEngine/Common/DerivedDataCache/Buckets/LegacyTEXTURE/2b/39/14fea1fc6d9cdf430c36523e866c5928f7ee.udd" 6358
"C:/Users/emanu/AppData/Local/UnrealEngine/Common/DerivedDataCache/Buckets/LegacyTEXTURE/43/b3/001832894e0fe71c1a5ea9d08f42d9a8632d.udd" 6359
"C:/Users/emanu/AppData/Local/UnrealEngine/Common/DerivedDataCache/Buckets/LegacyTEXTURE/28/89/aaaf66eab3bab8a083a10fc0217b0934fe2e.udd" 6360
"C:/Users/emanu/AppData/Local/UnrealEngine/Common/DerivedDataCache/Buckets/LegacyTEXTURE/7f/b2/ff0ea35cb4d18cf8845e9f4df527d61fbefb.udd" 6361
"C:/Users/emanu/AppData/Local/UnrealEngine/Common/DerivedDataCache/Buckets/LegacyTEXTURE/5e/03/f061229573eeaac15f8bc95b5efeb583a970.udd" 6362
"C:/Users/emanu/AppData/Local/UnrealEngine/Common/DerivedDataCache/Buckets/LegacyTEXTURE/48/4a/068f27d33d1a3b21ab66e8a1ec9d635ad087.udd" 6363
"C:/Users/emanu/AppData/Local/UnrealEngine/Common/DerivedDataCache/Buckets/LegacyTEXTURE/2b/6a/fd46db4d90886e1723bc3b87ad57aacfcc01.udd" 6364
"C:/Users/emanu/AppData/Local/UnrealEngine/Common/DerivedDataCache/Buckets/LegacyTEXTURE/4c/b7/f958046201166d79c4ea915ed970e4727e75.udd" 6365
"C:/Users/emanu/AppData/Local/UnrealEngine/Common/DerivedDataCache/Buckets/LegacyTEXTURE/e6/46/78904a874427ea54f6117eafc91336469fff.udd" 6366
"C:/Users/emanu/AppData/Local/UnrealEngine/Common/DerivedDataCache/Buckets/LegacyTEXTURE/b2/ab/c5287f9cefae6648700da62bb48af37aa689.udd" 6367
"C:/Users/emanu/AppData/Local/UnrealEngine/Common/DerivedDataCache/Buckets/LegacyTEXTURE/90/61/12d15fa05ced02e6a4841dd707a0e583f291.udd" 6368
"C:/Users/emanu/AppData/Local/UnrealEngine/Common/DerivedDataCache/Buckets/LegacyTEXTURE/87/1e/6817518b4c952a07831e0e84f0e02c63aa17.udd" 6369
"C:/Users/emanu/AppData/Local/UnrealEngine/Common/DerivedDataCache/Buckets/LegacyTEXTURE/d1/d3/dd000457d007758bb325d5dc351692d26f68.udd" 6370
"C:/Users/emanu/AppData/Local/UnrealEngine/Common/DerivedDataCache/Buckets/LegacyTEXTURE/eb/26/e4b268ab7ddfb5a7ce10d64fac7eb3539304.udd" 6371
"C:/Users/emanu/AppData/Local/UnrealEngine/Common/DerivedDataCache/Buckets/LegacyTEXTURE/f7/a5/8007bc0b4c8cf940610d8637a5e0dab3d7b9.udd" 6372
"C:/Users/emanu/AppData/Local/UnrealEngine/Common/DerivedDataCache/Buckets/LegacyTEXTURE/ed/08/c4395c31057f76255e0d741a1ea8b5818c59.udd" 6373
"C:/Users/emanu/AppData/Local/UnrealEngine/Common/DerivedDataCache/Buckets/LegacyTEXTURE/29/d5/7ee06c8c355ffe23a808d7d5c2856025132d.udd" 6374
"C:/Users/emanu/AppData/Local/UnrealEngine/Common/DerivedDataCache/Buckets/LegacyTEXTURE/e4/8f/7f9dd6323c36698aabd45a47b6360e1a81fd.udd" 6375
"C:/Users/emanu/AppData/Local/UnrealEngine/Common/DerivedDataCache/Buckets/LegacyTEXTURE/91/89/3886fe79a867c4e65019641cb8e718ab4930.udd" 6376
"C:/Users/emanu/AppData/Local/UnrealEngine/Common/DerivedDataCache/Buckets/LegacyTEXTURE/76/11/073da81fd7892b778fd277a69aeba441fd5b.udd" 6377
"C:/Users/emanu/AppData/Local/UnrealEngine/Common/DerivedDataCache/Buckets/LegacyTEXTURE/2d/e9/ac73828cf85039992826bda63bf4e9169182.udd" 6378
"C:/Users/emanu/AppData/Local/UnrealEngine/Common/DerivedDataCache/Buckets/LegacyTEXTURE/c6/f4/89b69193305391c8948965f4a9e5de4da35c.udd" 6379
"C:/Users/emanu/AppData/Local/UnrealEngine/Common/DerivedDataCache/Buckets/LegacyTEXTURE/06/bb/14770ab5f0bc2b90d957c39452fcd58d60f3.udd" 6380
"C:/Users/emanu/AppData/Local/UnrealEngine/Common/DerivedDataCache/Buckets/LegacyTEXTURE/56/8f/998c4b4b2eec1e4ee81d0b682dc28387491b.udd" 6381
"C:/Users/emanu/AppData/Local/UnrealEngine/Common/DerivedDataCache/Buckets/LegacyTEXTURE/a9/90/d9f8bbf6149e0a453b22a6c811d41281b2fa.udd" 6382
"C:/Users/emanu/AppData/Local/UnrealEngine/Common/DerivedDataCache/Content/30/e2/9d823bb7a05810168b03c6aac4a85a0aa887.udd" 6383
"C:/Users/emanu/AppData/Local/UnrealEngine/Common/DerivedDataCache/Buckets/LegacyTEXTURE/c0/dc/2fd1ccdded79f1883f05ee3cebf940afd84a.udd" 6384
"C:/Users/emanu/AppData/Local/UnrealEngine/Common/DerivedDataCache/Buckets/LegacyTEXTURE/f9/8c/df95eb8cf6857a1c6595d3f491156d5670fa.udd" 6385
"C:/Users/emanu/AppData/Local/UnrealEngine/Common/DerivedDataCache/Buckets/LegacyTEXTURE/d1/5f/77035fc79706cdb0cf40db009c616d8f3dcd.udd" 6386
"C:/Users/emanu/AppData/Local/UnrealEngine/Common/DerivedDataCache/Buckets/LegacyTEXTURE/91/17/d2586e488a1999d68414d154b5e7f0f537a3.udd" 6387
"C:/Users/emanu/AppData/Local/UnrealEngine/Common/DerivedDataCache/Buckets/LegacyTEXTURE/6d/05/a18ac72fd0925d726fe024f0b27bfc2f1e2d.udd" 6388
"C:/Users/emanu/AppData/Local/UnrealEngine/Common/DerivedDataCache/Buckets/LegacyTEXTURE/54/7f/1c3223c81b539e3526d50363d7c9851bf49e.udd" 6389
"C:/Users/emanu/AppData/Local/UnrealEngine/Common/DerivedDataCache/Buckets/LegacyTEXTURE/c2/d4/732763a85f4997417b5ec6da3204e176e824.udd" 6390
"C:/Users/emanu/AppData/Local/UnrealEngine/Common/DerivedDataCache/Buckets/LegacyTEXTURE/78/73/6992f0605c6fbe32b36bff0766616b3b5d49.udd" 6391
"C:/Users/emanu/AppData/Local/UnrealEngine/Common/DerivedDataCache/Buckets/LegacyTEXTURE/28/cb/cf59b958ac33ae9f28866983ef472e7cd602.udd" 6392
"C:/Users/emanu/AppData/Local/UnrealEngine/Common/DerivedDataCache/Buckets/LegacyTEXTURE/f5/57/84d4414d0404dc24ce947a91ac74bd5a5737.udd" 6393
"C:/Users/emanu/AppData/Local/UnrealEngine/Common/DerivedDataCache/Buckets/LegacyTEXTURE/3b/1f/27054065dcc17101b1459886c44cf8b10bd0.udd" 6394
"C:/Users/emanu/AppData/Local/UnrealEngine/Common/DerivedDataCache/Buckets/LegacyTEXTURE/fc/4f/7c22fb3b6258af3243aefd025b00a415ff76.udd" 6395
"C:/Users/emanu/AppData/Local/UnrealEngine/Common/DerivedDataCache/Buckets/LegacyTEXTURE/3b/0b/796b4b71b66c977c19dbb103adf66a4d8f09.udd" 6396
"C:/Users/emanu/AppData/Local/UnrealEngine/Common/DerivedDataCache/Buckets/LegacyTEXTURE/8d/d5/e902ba1667b93be2156ac2f095e3a095a65a.udd" 6397
"C:/Users/emanu/AppData/Local/UnrealEngine/Common/DerivedDataCache/Buckets/LegacyTEXTURE/8c/90/22838ce3969938842ecb427bfa0bfec6d0ea.udd" 6398
"C:/Users/emanu/AppData/Local/UnrealEngine/Common/DerivedDataCache/Content/df/ee/2b86941c8b9b02127e7f839dc560456a0566.udd" 6399
"C:/Users/emanu/AppData/Local/UnrealEngine/Common/DerivedDataCache/Buckets/LegacyTEXTURE/05/f1/3fd28b9daba43f04a9e0951600453392f466.udd" 6400
"C:/Users/emanu/AppData/Local/UnrealEngine/Common/DerivedDataCache/Buckets/LegacyTEXTURE/85/63/9134cc7be48357061e6313341918c70f597b.udd" 6401
"C:/Users/emanu/AppData/Local/UnrealEngine/Common/DerivedDataCache/Buckets/LegacyTEXTURE/91/c9/9a6272801dbdd80d29e7c0406ca115ed97bd.udd" 6402
"C:/Users/emanu/AppData/Local/UnrealEngine/Common/DerivedDataCache/Content/5f/3a/08e17a9e1bd01fd4654d2c21dbd7e7ca0baf.udd" 6403
"C:/Users/emanu/AppData/Local/UnrealEngine/Common/DerivedDataCache/Buckets/LegacyTEXTURE/16/72/c85a6e8aa713f070b1d7cd1cb6e20b62a544.udd" 6404
"C:/Users/emanu/AppData/Local/UnrealEngine/Common/DerivedDataCache/Content/63/28/5c41b1243fa25f0b0244792fefa195448f61.udd" 6405
"C:/Users/emanu/AppData/Local/UnrealEngine/Common/DerivedDataCache/Buckets/LegacyTEXTURE/ca/34/89eff3b1c7d7a81c136f643d3b8de529169c.udd" 6406
"C:/Users/emanu/AppData/Local/UnrealEngine/Common/DerivedDataCache/Buckets/LegacyTEXTURE/6a/8f/9037a57cfcb9ca46c813aefba9296514a0de.udd" 6407
"C:/Users/emanu/AppData/Local/UnrealEngine/Common/DerivedDataCache/Buckets/LegacyTEXTURE/ee/eb/ddba4061cfaed3c18ab3d553f7b952da1928.udd" 6408
"C:/Users/emanu/AppData/Local/UnrealEngine/Common/DerivedDataCache/Buckets/LegacyTEXTURE/cd/56/0285ae8bb9382757c8ff0d409e9658f3a6f7.udd" 6409
"C:/Users/emanu/AppData/Local/UnrealEngine/Common/DerivedDataCache/Buckets/LegacyTEXTURE/8c/09/925b932fb88b008f84c366c369ff3aaa5132.udd" 6410
"C:/Users/emanu/AppData/Local/UnrealEngine/Common/DerivedDataCache/Buckets/LegacyTEXTURE/ac/16/fca4e9c224ea98576f8c9f3707eeedac343c.udd" 6411
"C:/Users/emanu/AppData/Local/UnrealEngine/Common/DerivedDataCache/Buckets/LegacyTEXTURE/cf/74/39aea83855f5f10e48e6ac184b31f6ebccef.udd" 6412
"C:/Users/emanu/AppData/Local/UnrealEngine/Common/DerivedDataCache/Content/0d/39/030f7d1cff1aa715501667b6700be66b7862.udd" 6413
"C:/Users/emanu/AppData/Local/UnrealEngine/Common/DerivedDataCache/Buckets/LegacyTEXTURE/c1/e1/a96df8fc3641a83bb53a0fc496541db8ecc7.udd" 6414
"C:/Users/emanu/AppData/Local/UnrealEngine/Common/DerivedDataCache/Buckets/LegacyTEXTURE/d3/7b/8645df569e9ea4ab9896b8a5249454a475a0.udd" 6415
"C:/Users/emanu/AppData/Local/UnrealEngine/Common/DerivedDataCache/Content/30/54/b2301cf0e95eceae05aceed80dec33d74b8c.udd" 6416
"C:/Users/emanu/AppData/Local/UnrealEngine/Common/DerivedDataCache/Buckets/LegacyTEXTURE/2c/86/6bd6df4dc9c950739c74a68cff3caf3e2b19.udd" 6417
"C:/Users/emanu/AppData/Local/UnrealEngine/Common/DerivedDataCache/Buckets/LegacyTEXTURE/1e/44/8dc790555927fd88181beaf1a777708bac75.udd" 6418
"C:/Users/emanu/AppData/Local/UnrealEngine/Common/DerivedDataCache/Buckets/LegacyTEXTURE/d5/a6/81a1a5d063f0b0d72eaac5ac76495251c0d2.udd" 6419
"C:/Users/emanu/AppData/Local/UnrealEngine/Common/DerivedDataCache/Buckets/LegacyTEXTURE/93/34/e9f0d20520e2f00d810f415fa77aa4df844d.udd" 6420
"C:/Users/emanu/AppData/Local/UnrealEngine/Common/DerivedDataCache/Buckets/LegacyTEXTURE/d3/a2/9669029686e7bcd17566b9a34b543108bc2b.udd" 6421
"C:/Users/emanu/AppData/Local/UnrealEngine/Common/DerivedDataCache/Buckets/LegacyTEXTURE/66/69/887546b3fd86b81b0df161e5d439ee3cd286.udd" 6422
"C:/Users/emanu/AppData/Local/UnrealEngine/Common/DerivedDataCache/Buckets/LegacyTEXTURE/a1/26/d7cfdaba3a466fc23971fa6f57c08142f362.udd" 6423
"C:/Users/emanu/AppData/Local/UnrealEngine/Common/DerivedDataCache/Buckets/LegacyTEXTURE/1b/1e/2a0368c8ed6c7347aee3e1296c4ab97dc88f.udd" 6424
"C:/Users/emanu/AppData/Local/UnrealEngine/Common/DerivedDataCache/Buckets/LegacyTEXTURE/e3/b3/4e559907364d8084cca7991fd2a1c716cbb1.udd" 6425
"C:/Users/emanu/AppData/Local/UnrealEngine/Common/DerivedDataCache/Buckets/LegacyTEXTURE/db/5e/eec6d5d509ba267a1555cb10400c90e56bca.udd" 6426
"C:/Users/emanu/AppData/Local/UnrealEngine/Common/DerivedDataCache/Buckets/LegacyTEXTURE/d8/19/b3859e42ed1e07a46562f76a71ce8b1e25e9.udd" 6427
"C:/Users/emanu/AppData/Local/UnrealEngine/Common/DerivedDataCache/Buckets/LegacyTEXTURE/3d/0c/ea4b803972f3f36d68097b635237fd9ae766.udd" 6428
"C:/Users/emanu/AppData/Local/UnrealEngine/Common/DerivedDataCache/Buckets/LegacyTEXTURE/4e/14/b653564baf893b323f9678f9d72cbd2a054d.udd" 6429
"C:/Users/emanu/AppData/Local/UnrealEngine/Common/DerivedDataCache/Content/c0/1f/9c2d21ec9973d3e3e91928d2b05e2658081b.udd" 6430
"C:/Users/emanu/AppData/Local/UnrealEngine/Common/DerivedDataCache/Buckets/LegacyTEXTURE/27/08/fb609d2ef861031f36dd3714462cf62e020e.udd" 6431
"C:/Users/emanu/AppData/Local/UnrealEngine/Common/DerivedDataCache/Buckets/LegacyTEXTURE/35/38/82822354b129bb5828faa98b8ce9f1854d2e.udd" 6432
"C:/Users/emanu/AppData/Local/UnrealEngine/Common/DerivedDataCache/Buckets/LegacyTEXTURE/2b/fe/cf1d29053c6123980abefc5bafc2f01b0f98.udd" 6433
"C:/Users/emanu/AppData/Local/UnrealEngine/Common/DerivedDataCache/Buckets/LegacyTEXTURE/3f/a1/f98726f9dfef9e32d011d6ed705a538ed64a.udd" 6434
"C:/Users/emanu/AppData/Local/UnrealEngine/Common/DerivedDataCache/Buckets/LegacyTEXTURE/e6/1e/0cf4e95c1914ad811566ee11ac6b65415743.udd" 6435
"C:/Users/emanu/AppData/Local/UnrealEngine/Common/DerivedDataCache/Content/32/6e/d7f75e599d054e751b2fbe4701c1da269f87.udd" 6436
"C:/Users/emanu/AppData/Local/UnrealEngine/Common/DerivedDataCache/Buckets/LegacyTEXTURE/db/df/eef16060aa570e22b9331d880d40725c3261.udd" 6437
"C:/Users/emanu/AppData/Local/UnrealEngine/Common/DerivedDataCache/Buckets/LegacyTEXTURE/74/70/e44216102f5dad74062599d9758a0277d1ef.udd" 6438
"C:/Users/emanu/AppData/Local/UnrealEngine/Common/DerivedDataCache/Buckets/LegacyTEXTURE/87/c1/17a48c4e596c4c602464cba5db82dda399f2.udd" 6439
"C:/Users/emanu/AppData/Local/UnrealEngine/Common/DerivedDataCache/Buckets/LegacyTEXTURE/29/54/f5226a47419a0009f018ba78eb995b410793.udd" 6440
"C:/Users/emanu/AppData/Local/UnrealEngine/Common/DerivedDataCache/Buckets/LegacyTEXTURE/1c/c0/f880d99587c1b369d33fbbf3803deb9a1e27.udd" 6441
"C:/Users/emanu/AppData/Local/UnrealEngine/Common/DerivedDataCache/Buckets/LegacyTEXTURE/b1/10/b6bd5ad46007195fe3360f8440d1335bb982.udd" 6442
"C:/Users/emanu/AppData/Local/UnrealEngine/Common/DerivedDataCache/Content/9a/03/71bb13cd8030024d162d7bddaede8a1ba9e9.udd" 6443
"C:/Users/emanu/AppData/Local/UnrealEngine/Common/DerivedDataCache/Buckets/LegacyTEXTURE/5c/6a/7bf7242f46b8eb3053614417deb1656e7c8d.udd" 6444
"C:/Users/emanu/AppData/Local/UnrealEngine/Common/DerivedDataCache/Content/95/60/7b6732f51c04a67a6c9e83ea5a425afd25a0.udd" 6445
"C:/Users/emanu/AppData/Local/UnrealEngine/Common/DerivedDataCache/Buckets/LegacyTEXTURE/97/30/ae66f413bd89456fbfa45a4290f800247106.udd" 6446
"C:/Users/emanu/AppData/Local/UnrealEngine/Common/DerivedDataCache/Buckets/LegacyTEXTURE/e1/d4/fb2f27ead0ff1737c2d2f8ae59e7ee1eed99.udd" 6447
"C:/Users/emanu/AppData/Local/UnrealEngine/Common/DerivedDataCache/Buckets/LegacyTEXTURE/be/f2/6733892f11272869a0aa65e1fc8b45a90b0f.udd" 6448
"C:/Users/emanu/AppData/Local/UnrealEngine/Common/DerivedDataCache/Buckets/LegacyTEXTURE/a7/8f/4740f9b9f3c1b627ad5ff514dccdcea9a0e3.udd" 6449
"C:/Users/emanu/AppData/Local/UnrealEngine/Common/DerivedDataCache/Buckets/LegacyTEXTURE/fa/4a/6de66a79874e7f25abde86a86bc75baccabe.udd" 6450
"C:/Users/emanu/AppData/Local/UnrealEngine/Common/DerivedDataCache/Buckets/LegacyTEXTURE/3b/31/ab83a36e7c975a3d7d7ccb0bcd1ac21a3f44.udd" 6451
"C:/Users/emanu/AppData/Local/UnrealEngine/Common/DerivedDataCache/Buckets/LegacyTEXTURE/87/4b/fad854af05bd2ea3b50ef1075a259493d238.udd" 6452
"C:/Users/emanu/AppData/Local/UnrealEngine/Common/DerivedDataCache/Content/17/d1/523b6243095b90e1e2eb99f319de512d9738.udd" 6453
"C:/Users/emanu/AppData/Local/UnrealEngine/Common/DerivedDataCache/Buckets/LegacyTEXTURE/68/6b/ecbca8963f86fc58f6ec82cd4ab8dcbae226.udd" 6454
"C:/Users/emanu/AppData/Local/UnrealEngine/Common/DerivedDataCache/Buckets/LegacyTEXTURE/65/00/37885f848186d063ff2feab7b5e2970ac987.udd" 6455
"C:/Users/emanu/AppData/Local/UnrealEngine/Common/DerivedDataCache/Buckets/LegacyTEXTURE/b8/76/3e0c77b68d529748de008a5b1369e43677fb.udd" 6456
"C:/Users/emanu/AppData/Local/UnrealEngine/Common/DerivedDataCache/Buckets/LegacyTEXTURE/3e/e8/aebb0e8197bb74d54aa66e38a33d9907dc31.udd" 6457
"C:/Users/emanu/AppData/Local/UnrealEngine/Common/DerivedDataCache/Buckets/LegacyTEXTURE/43/eb/97481a88cfd3b12e8798d3d81f3dee3679da.udd" 6458
"C:/Users/emanu/AppData/Local/UnrealEngine/Common/DerivedDataCache/Buckets/LegacyTEXTURE/ef/fd/a343f88dc32d53692ad0bcef7cfebec6b6d7.udd" 6459
"C:/Users/emanu/AppData/Local/UnrealEngine/Common/DerivedDataCache/Buckets/LegacyTEXTURE/ca/98/2a0b90f1fd6e625955574b77c7465f863f2b.udd" 6460
"C:/Users/emanu/AppData/Local/UnrealEngine/Common/DerivedDataCache/Buckets/LegacyTEXTURE/0d/17/0193f12fbe3b44e582c66cb3c524c82af773.udd" 6461
"C:/Users/emanu/AppData/Local/UnrealEngine/Common/DerivedDataCache/Buckets/LegacyTEXTURE/65/51/44480f37eefa5d26b4896ede26614191df92.udd" 6462
"C:/Users/emanu/AppData/Local/UnrealEngine/Common/DerivedDataCache/Buckets/LegacyTEXTURE/65/b3/377b7f4a6b3b0aa0d7971d60b1931187a982.udd" 6463
"C:/Users/emanu/AppData/Local/UnrealEngine/Common/DerivedDataCache/Content/41/2d/f86538f97095b86007d5d2438c2614f39208.udd" 6464
"C:/Users/emanu/AppData/Local/UnrealEngine/Common/DerivedDataCache/Buckets/LegacyTEXTURE/5f/94/ee925af59fc0ac8b2005f294bde617fd0532.udd" 6465
"C:/Users/emanu/AppData/Local/UnrealEngine/Common/DerivedDataCache/Buckets/LegacyTEXTURE/44/cf/5db02b088d4bdf37221a58c1447fb6f35d19.udd" 6466
"C:/Users/emanu/AppData/Local/UnrealEngine/Common/DerivedDataCache/Buckets/LegacyTEXTURE/2a/c2/59288bd43694397bf7372a46e29a8e249a9a.udd" 6467
"C:/Users/emanu/AppData/Local/UnrealEngine/Common/DerivedDataCache/Buckets/LegacyTEXTURE/57/3a/4bc468e7eb07759cf0c85614777c0922cbe2.udd" 6468
"C:/Users/emanu/AppData/Local/UnrealEngine/Common/DerivedDataCache/Buckets/LegacyTEXTURE/56/40/fe20b1849b3fca6bb5f024729c123b677a53.udd" 6469
"C:/Users/emanu/AppData/Local/UnrealEngine/Common/DerivedDataCache/Buckets/LegacyTEXTURE/e2/b7/3b2a5f09121c73022dbc8bd5aa2488d0cac6.udd" 6470
"C:/Users/emanu/AppData/Local/UnrealEngine/Common/DerivedDataCache/Buckets/LegacyTEXTURE/45/55/94368b7f61ace7b5f3387578dd03266672a0.udd" 6471
"C:/Users/emanu/AppData/Local/UnrealEngine/Common/DerivedDataCache/Buckets/LegacyTEXTURE/69/56/d3f7f91872fdbd50e0c9240b3bf8fdbab677.udd" 6472
"C:/Users/emanu/AppData/Local/UnrealEngine/Common/DerivedDataCache/Buckets/LegacyTEXTURE/01/21/78ee6322ca3fdb7986ab30526810c123c0d7.udd" 6473
"C:/Users/emanu/AppData/Local/UnrealEngine/Common/DerivedDataCache/Buckets/LegacyTEXTURE/78/d3/95985fe56e0c928e7cbc354733e5117c0366.udd" 6474
"C:/Users/emanu/AppData/Local/UnrealEngine/Common/DerivedDataCache/Buckets/LegacyTEXTURE/15/34/b61500f867475aeb18bcb54d0401d7bbf336.udd" 6475
"C:/Users/emanu/AppData/Local/UnrealEngine/Common/DerivedDataCache/Buckets/LegacyTEXTURE/e2/b9/30f84103fd115e55c7fda98ecd245aea5935.udd" 6476
"C:/Users/emanu/AppData/Local/UnrealEngine/Common/DerivedDataCache/Buckets/LegacyTEXTURE/55/a5/95b03441c8e88d46c1dc684ff6dde6231826.udd" 6477
"C:/Users/emanu/AppData/Local/UnrealEngine/Common/DerivedDataCache/Buckets/LegacyTEXTURE/02/5a/ad2ea922195588eacefd6f6cea0b36fdd3ac.udd" 6478
"C:/Users/emanu/AppData/Local/UnrealEngine/Common/DerivedDataCache/Content/cd/62/7621fa223a9a65e2753992f2997706199808.udd" 6479
"C:/Users/emanu/AppData/Local/UnrealEngine/Common/DerivedDataCache/Buckets/LegacyTEXTURE/58/13/bcce4224d7f76414986f1eef8c250e376889.udd" 6480
"C:/Users/emanu/AppData/Local/UnrealEngine/Common/DerivedDataCache/Buckets/LegacyTEXTURE/05/45/280a93840d3ac0ec3dbc10d5887488d22123.udd" 6481
"C:/Users/emanu/AppData/Local/UnrealEngine/Common/DerivedDataCache/Buckets/LegacyTEXTURE/ba/a6/623f12ee10393b7e26da972c11c097185f28.udd" 6482
"C:/Users/emanu/AppData/Local/UnrealEngine/Common/DerivedDataCache/Buckets/LegacyTEXTURE/cd/fa/be9bd74fc08a4c37f055bda4404acaed961e.udd" 6483
"C:/Users/emanu/AppData/Local/UnrealEngine/Common/DerivedDataCache/Buckets/LegacyTEXTURE/db/f2/6b7d13b553fd43323633f410ea6568edf61c.udd" 6484
"C:/Users/emanu/AppData/Local/UnrealEngine/Common/DerivedDataCache/Buckets/LegacyTEXTURE/a0/03/2d6b5159a7d9e408d91037702832cee1b78a.udd" 6485
"C:/Users/emanu/AppData/Local/UnrealEngine/Common/DerivedDataCache/Buckets/LegacyTEXTURE/48/8e/4f7b099cc4eb8c2ee3d059635a6b6e1ee065.udd" 6486
"C:/Users/emanu/AppData/Local/UnrealEngine/Common/DerivedDataCache/Buckets/LegacyTEXTURE/98/f2/61a404f3d2941f89a39315b342aee954eefc.udd" 6487
"C:/Users/emanu/AppData/Local/UnrealEngine/Common/DerivedDataCache/Buckets/LegacyTEXTURE/21/d6/47a66b0575bed920c3915cf5ea7b40d4d43c.udd" 6488
"C:/Users/emanu/AppData/Local/UnrealEngine/Common/DerivedDataCache/Buckets/LegacyTEXTURE/8f/07/d133dfa1b057c454c7e56f9dd2f84973144a.udd" 6489
"C:/Users/emanu/AppData/Local/UnrealEngine/Common/DerivedDataCache/Buckets/LegacyTEXTURE/00/cc/7ec4e6cea527777fcc8e8b4af26ab1c0b0de.udd" 6490
"C:/Users/emanu/AppData/Local/UnrealEngine/Common/DerivedDataCache/Buckets/LegacyTEXTURE/5d/2b/6a77618708de3047c8c79945af97a1262525.udd" 6491
"C:/Users/emanu/AppData/Local/UnrealEngine/Common/DerivedDataCache/Buckets/LegacyTEXTURE/8f/cf/ea0c643545d15ef0b5975a7efa0ff8f461e0.udd" 6492
"C:/Users/emanu/AppData/Local/UnrealEngine/Common/DerivedDataCache/Buckets/LegacyTEXTURE/e9/6e/684490b5ca4473ad6faf3f36ecfefaf492d2.udd" 6493
"C:/Users/emanu/AppData/Local/UnrealEngine/Common/DerivedDataCache/Buckets/LegacyTEXTURE/1b/37/03fd1d3748a5d35846024401c7630f78379f.udd" 6494
"C:/Users/emanu/AppData/Local/UnrealEngine/Common/DerivedDataCache/Buckets/LegacyTEXTURE/61/b4/2f27f0accd4c092adf9f87fc3903e6390861.udd" 6495
"C:/Users/emanu/AppData/Local/UnrealEngine/Common/DerivedDataCache/Buckets/LegacyTEXTURE/c2/ea/7b55d6a3c7f54893f0aafce7c7e355e4a93f.udd" 6496
"C:/Users/emanu/AppData/Local/UnrealEngine/Common/DerivedDataCache/Buckets/LegacyTEXTURE/03/80/30d152fbf1e53a4b8efa74dd83980ab636ee.udd" 6497
"C:/Users/emanu/AppData/Local/UnrealEngine/Common/DerivedDataCache/Buckets/LegacyTEXTURE/68/86/4655c7bfd350d97ec364f3498d974a74b492.udd" 6498
"C:/Users/emanu/AppData/Local/UnrealEngine/Common/DerivedDataCache/Buckets/LegacyTEXTURE/34/cc/b9a45b9140ecaebb5594a0a2837a9e61712f.udd" 6499
"C:/Users/emanu/AppData/Local/UnrealEngine/Common/DerivedDataCache/Buckets/LegacyTEXTURE/ed/3a/791e0728c4d0a296e50bf33c641a42bd2059.udd" 6500
"C:/Users/emanu/AppData/Local/UnrealEngine/Common/DerivedDataCache/Buckets/LegacyTEXTURE/28/f9/073861ba2a7a63aa6acf493dcd363073e433.udd" 6501
"C:/Users/emanu/AppData/Local/UnrealEngine/Common/DerivedDataCache/Buckets/LegacyTEXTURE/5b/eb/755b5e801010d94b483e3e7a78ffc5861b4b.udd" 6502
"C:/Users/emanu/AppData/Local/UnrealEngine/Common/DerivedDataCache/Buckets/LegacyTEXTURE/e9/60/08e64ccb0e326e6f0107644a0b522627645f.udd" 6503
"C:/Users/emanu/AppData/Local/UnrealEngine/Common/DerivedDataCache/Buckets/LegacyTEXTURE/3d/3f/e47e2e9f28fdab1122957edbc4c93d9cdb47.udd" 6504
"C:/Users/emanu/AppData/Local/UnrealEngine/Common/DerivedDataCache/Buckets/LegacyTEXTURE/72/4f/005c839577ea47828b45b36d0c5e4a21cefc.udd" 6505
"C:/Users/emanu/AppData/Local/UnrealEngine/Common/DerivedDataCache/Buckets/LegacyTEXTURE/aa/26/edc413dc93eeed9ce47ef331f3ea3fc215e8.udd" 6506
"C:/Users/emanu/AppData/Local/UnrealEngine/Common/DerivedDataCache/Buckets/LegacyTEXTURE/cb/d6/b62d8c8fc2b5ecc7df1c707d9322d2c664bf.udd" 6507
"C:/Users/emanu/AppData/Local/UnrealEngine/Common/DerivedDataCache/Content/b2/2c/79ee493f2e429b7fd1cc3b4fc93a5110e2e7.udd" 6508
"C:/Users/emanu/AppData/Local/UnrealEngine/Common/DerivedDataCache/Buckets/LegacyTEXTURE/d6/7a/dca2f43f363ec6c4ff97dd4d873e51e2380e.udd" 6509
"C:/Users/emanu/AppData/Local/UnrealEngine/Common/DerivedDataCache/Content/c9/00/97de6a9d809dd7ffc39db6a6cd5ab5ac01db.udd" 6510
"C:/Users/emanu/AppData/Local/UnrealEngine/Common/DerivedDataCache/Buckets/LegacyTEXTURE/89/0d/865543cd0b149eb9584180634cd1347dfab0.udd" 6511
"C:/Users/emanu/AppData/Local/UnrealEngine/Common/DerivedDataCache/Buckets/LegacyTEXTURE/cf/12/31c637f32f23592a5fe2403250e5fbbb2300.udd" 6512
"C:/Users/emanu/AppData/Local/UnrealEngine/Common/DerivedDataCache/Buckets/LegacyTEXTURE/2d/48/99df871125f02865551d268b534864631cb9.udd" 6513
"C:/Users/emanu/AppData/Local/UnrealEngine/Common/DerivedDataCache/Buckets/LegacyTEXTURE/4b/e1/164203215b8f0792a8fb0be37370982f8677.udd" 6514
"C:/Users/emanu/AppData/Local/UnrealEngine/Common/DerivedDataCache/Buckets/LegacyTEXTURE/7c/1d/fcefad4d4fd5e459429b79fbb04f8c0745e9.udd" 6515
"C:/Users/emanu/AppData/Local/UnrealEngine/Common/DerivedDataCache/Buckets/LegacyTEXTURE/1a/29/ce3b5c5ad00349e19067d1072f77d403857b.udd" 6516
"C:/Users/emanu/AppData/Local/UnrealEngine/Common/DerivedDataCache/Buckets/LegacyTEXTURE/16/a4/109499658950aa080f9984899f9bd26e555b.udd" 6517
"C:/Users/emanu/AppData/Local/UnrealEngine/Common/DerivedDataCache/Buckets/LegacyTEXTURE/2a/03/ebc37cbdd1450803feb46269f44e30ed1a1f.udd" 6518
"C:/Users/emanu/AppData/Local/UnrealEngine/Common/DerivedDataCache/Buckets/LegacyTEXTURE/4b/b3/4c17e4ee8cfc068796ea43ad8e09ff010b64.udd" 6519
"C:/Users/emanu/AppData/Local/UnrealEngine/Common/DerivedDataCache/Buckets/LegacyTEXTURE/66/75/790568d583a46259f758e7531de9b916c98d.udd" 6520
"C:/Users/emanu/AppData/Local/UnrealEngine/Common/DerivedDataCache/Buckets/LegacyTEXTURE/92/fe/49ca877053b1779f468028bd1b6ec09c5c38.udd" 6521
"C:/Users/emanu/AppData/Local/UnrealEngine/Common/DerivedDataCache/Buckets/LegacyTEXTURE/2e/e9/ff0b810d346d91f28163afd01f4cb0d565de.udd" 6522
"C:/Users/emanu/AppData/Local/UnrealEngine/Common/DerivedDataCache/Buckets/LegacyTEXTURE/4d/91/416cd0b2e3ce5ad7ae93cc241d05065b0151.udd" 6523
"C:/Users/emanu/AppData/Local/UnrealEngine/Common/DerivedDataCache/Buckets/LegacyTEXTURE/de/53/0533fa820d6aff1b6a37263dd72c0e79a05d.udd" 6524
"C:/Users/emanu/AppData/Local/UnrealEngine/Common/DerivedDataCache/Buckets/LegacyTEXTURE/bb/bf/e74b1f3c635b38bf82a0c4aa5b1767d20bc6.udd" 6525
"C:/Users/emanu/AppData/Local/UnrealEngine/Common/DerivedDataCache/Buckets/LegacyTEXTURE/4c/b1/78724b1c0cce23e4d665085f80f2538a090b.udd" 6526
"C:/Users/emanu/AppData/Local/UnrealEngine/Common/DerivedDataCache/Buckets/LegacyTEXTURE/b5/e7/15153784403108e72c4454efc8fb4b95d56a.udd" 6527
"C:/Users/emanu/AppData/Local/UnrealEngine/Common/DerivedDataCache/Buckets/LegacyTEXTURE/96/57/67f7b188451582721918820564a7285b2ba7.udd" 6528
"C:/Users/emanu/AppData/Local/UnrealEngine/Common/DerivedDataCache/Buckets/LegacyTEXTURE/e1/17/68f397ebe074639eb9b2b89885e4e9c201ce.udd" 6529
"C:/Users/emanu/AppData/Local/UnrealEngine/Common/DerivedDataCache/Buckets/LegacyTEXTURE/65/ec/b6d142e09f25d012e0f1d1e33aa354f91994.udd" 6530
"C:/Users/emanu/AppData/Local/UnrealEngine/Common/DerivedDataCache/Buckets/LegacyTEXTURE/3e/05/988353354adfa43d1e89eba4a92df36f50eb.udd" 6531
"C:/Users/emanu/AppData/Local/UnrealEngine/Common/DerivedDataCache/Buckets/LegacyTEXTURE/59/3e/606bfbf84527fd5e531e31e07bbb8f7f1801.udd" 6532
"C:/Users/emanu/AppData/Local/UnrealEngine/Common/DerivedDataCache/Buckets/LegacyTEXTURE/67/ec/af98ee19c7d7b345ace4f708f221c22bf7d5.udd" 6533
"C:/Users/emanu/AppData/Local/UnrealEngine/Common/DerivedDataCache/Buckets/LegacyTEXTURE/82/38/904db6eafbe9edcf751b493b6da9459b09cf.udd" 6534
"C:/Users/emanu/AppData/Local/UnrealEngine/Common/DerivedDataCache/Buckets/LegacyTEXTURE/3a/4d/8b542452d0b4a90638515b402c23d241b8a3.udd" 6535
"C:/Users/emanu/AppData/Local/UnrealEngine/Common/DerivedDataCache/Content/e8/19/8c89d078f095272b2fa508b704cc5696b0ce.udd" 6536
"C:/Users/emanu/AppData/Local/UnrealEngine/Common/DerivedDataCache/Buckets/LegacyTEXTURE/e7/42/c1bb6d9d3eb8c90dd8f0ed08f720ecf9cde8.udd" 6537
"C:/Users/emanu/AppData/Local/UnrealEngine/Common/DerivedDataCache/Buckets/LegacyTEXTURE/50/e7/b9a85d3b5a29b1476c41975d8d9da2b4d0b4.udd" 6538
"C:/Users/emanu/AppData/Local/UnrealEngine/Common/DerivedDataCache/Content/7e/20/f32867ad207f9496ffb29d894d42e746c1f7.udd" 6539
"C:/Users/emanu/AppData/Local/UnrealEngine/Common/DerivedDataCache/Buckets/LegacyTEXTURE/3a/1a/d133d02f9d0f999486b19b6f46d2fbd17fa1.udd" 6540
"C:/Users/emanu/AppData/Local/UnrealEngine/Common/DerivedDataCache/Content/36/8f/8bd7b5d46f5b33e9259a050a90a74edcfd36.udd" 6541
"C:/Users/emanu/AppData/Local/UnrealEngine/Common/DerivedDataCache/Buckets/LegacyTEXTURE/55/55/25384b063dc39c7a7eba2dd297909d23edd3.udd" 6542
"C:/Users/emanu/AppData/Local/UnrealEngine/Common/DerivedDataCache/Content/de/4c/cca094e1e4563509bc29d85136090fb90b05.udd" 6543
"C:/Users/emanu/AppData/Local/UnrealEngine/Common/DerivedDataCache/Buckets/LegacyTEXTURE/41/8d/1e4a895d650ec9f87fa9d36029e02add1c52.udd" 6544
"C:/Users/emanu/AppData/Local/UnrealEngine/Common/DerivedDataCache/Buckets/LegacyTEXTURE/2f/a8/07b6caa20e6bdbf4c5e264affdaf98222a36.udd" 6545
"C:/Users/emanu/AppData/Local/UnrealEngine/Common/DerivedDataCache/Buckets/LegacyTEXTURE/bb/b0/8f519fc2e119534d0df4901854a02b4865e7.udd" 6546
"C:/Users/emanu/AppData/Local/UnrealEngine/Common/DerivedDataCache/Buckets/LegacyTEXTURE/6b/83/21058bb48ea7d20d5d01208ff8630cd7e9fa.udd" 6547
"C:/Users/emanu/AppData/Local/UnrealEngine/Common/DerivedDataCache/Buckets/LegacyTEXTURE/8e/1f/8ef9925f2bc1048be0116ffe474cab557e88.udd" 6548
"C:/Users/emanu/AppData/Local/UnrealEngine/Common/DerivedDataCache/Buckets/LegacyTEXTURE/f3/80/028f7f55292cad4803752b4b3392532a942b.udd" 6549
"C:/Users/emanu/AppData/Local/UnrealEngine/Common/DerivedDataCache/Buckets/LegacyTEXTURE/a0/c7/d58de251a284a6acdee95432c7a95d529a01.udd" 6550
"C:/Users/emanu/AppData/Local/UnrealEngine/Common/DerivedDataCache/Buckets/LegacyTEXTURE/78/a2/c5f170bfce4d4f35d73843a4052fa2a33758.udd" 6551
