"../../../Engine/Content/EditorResources/S_Actor.ubulk" 0
"../../../Engine/Content/EditorResources/S_Actor.uasset" 1
"../../../Engine/Content/EditorResources/S_Actor.uexp" 2
"../../../Engine/Content/EditorResources/S_BoxReflectionCapture.uasset" 3
"../../../Engine/Content/EditorResources/S_BoxReflectionCapture.uexp" 4
"../../../Engine/Content/EngineResources/DefaultTexture.ubulk" 5
"../../../Engine/Content/EngineResources/DefaultTexture.uasset" 6
"../../../Engine/Content/EngineResources/DefaultTexture.uexp" 7
"../../../Engine/Content/EngineResources/DefaultTextureCube.uasset" 8
"../../../Engine/Content/EngineResources/DefaultTextureCube.uexp" 9
"../../../Engine/Content/EngineResources/DefaultVolumeTexture2D.uasset" 10
"../../../Engine/Content/EngineResources/DefaultVolumeTexture2D.uexp" 11
"../../../Engine/Content/EngineResources/DefaultVolumeTexture.uasset" 12
"../../../Engine/Content/EngineResources/DefaultVolumeTexture.uexp" 13
"../../../Engine/Content/EditorResources/S_Trigger.ubulk" 14
"../../../Engine/Content/EditorResources/S_Trigger.uasset" 15
"../../../Engine/Content/EditorResources/S_Trigger.uexp" 16
"../../../Engine/Content/EditorResources/S_TriggerBox.uasset" 17
"../../../Engine/Content/EditorResources/S_TriggerBox.uexp" 18
"../../../Engine/Content/EditorResources/S_TriggerCapsule.uasset" 19
"../../../Engine/Content/EditorResources/S_TriggerCapsule.uexp" 20
"../../../Engine/Content/EditorResources/S_TriggerSphere.uasset" 21
"../../../Engine/Content/EditorResources/S_TriggerSphere.uexp" 22
"../../../Engine/Content/EngineMeshes/Sphere.uasset" 23
"../../../Engine/Content/EngineMeshes/Sphere.uexp" 24
"../../../Engine/Content/EngineResources/GradientTexture0.uasset" 25
"../../../Engine/Content/EngineResources/GradientTexture0.uexp" 26
"../../../Engine/Content/VREditor/LaserPointer/VR_LaserPower_01.ubulk" 27
"../../../Engine/Content/VREditor/LaserPointer/VR_LaserPower_01.uasset" 28
"../../../Engine/Content/VREditor/LaserPointer/VR_LaserPower_01.uexp" 29
"../../../Engine/Content/VREditor/TransformGizmo/TransformGizmoMaterial.uasset" 30
"../../../Engine/Content/VREditor/TransformGizmo/TransformGizmoMaterial.uexp" 31
"../../../Engine/Content/VREditor/TransformGizmo/TranslucentTransformGizmoMaterial.uasset" 32
"../../../Engine/Content/VREditor/TransformGizmo/TranslucentTransformGizmoMaterial.uexp" 33
"../../../Engine/Content/VREditor/TransformGizmo/PlaneTranslationHandle.uasset" 34
"../../../Engine/Content/VREditor/TransformGizmo/PlaneTranslationHandle.uexp" 35
"../../../Engine/Content/VREditor/TransformGizmo/BoundingBoxCorner.uasset" 36
"../../../Engine/Content/VREditor/TransformGizmo/BoundingBoxCorner.uexp" 37
"../../../Engine/Content/VREditor/TransformGizmo/BoundingBoxEdge.uasset" 38
"../../../Engine/Content/VREditor/TransformGizmo/BoundingBoxEdge.uexp" 39
"../../../Engine/Content/VREditor/TransformGizmo/Main.uasset" 40
"../../../Engine/Content/VREditor/TransformGizmo/Main.uexp" 41
"../../../Engine/Content/VREditor/TransformGizmo/Xray.uasset" 42
"../../../Engine/Content/VREditor/TransformGizmo/Xray.uexp" 43
"../../../Engine/Content/VREditor/TransformGizmo/SM_Sequencer_Node.uasset" 44
"../../../Engine/Content/VREditor/TransformGizmo/SM_Sequencer_Node.uexp" 45
"../../../Engine/Content/EditorMaterials/Camera/CineMat.uasset" 46
"../../../Engine/Content/EditorMaterials/Camera/CineMat.uexp" 47
"../../../Engine/Content/EditorMaterials/Camera/MI_CineMat_Rig.uasset" 48
"../../../Engine/Content/EditorMaterials/Camera/MI_CineMat_Rig.uexp" 49
"../../../Engine/Content/EditorMeshes/Camera/SM_CraneRig_Base.uasset" 50
"../../../Engine/Content/EditorMeshes/Camera/SM_CraneRig_Base.uexp" 51
"../../../Engine/Content/EditorMeshes/Camera/SM_CraneRig_Arm.uasset" 52
"../../../Engine/Content/EditorMeshes/Camera/SM_CraneRig_Arm.uexp" 53
"../../../Engine/Content/EditorMeshes/Camera/SM_CraneRig_Mount.uasset" 54
"../../../Engine/Content/EditorMeshes/Camera/SM_CraneRig_Mount.uexp" 55
"../../../Engine/Content/EditorMeshes/Camera/SM_CraneRig_Body.uasset" 56
"../../../Engine/Content/EditorMeshes/Camera/SM_CraneRig_Body.uexp" 57
"../../../Engine/Content/EditorMeshes/Camera/SM_RailRig_Track.uasset" 58
"../../../Engine/Content/EditorMeshes/Camera/SM_RailRig_Track.uexp" 59
"../../../Engine/Content/EditorMeshes/Camera/SM_RailRig_Mount.uasset" 60
"../../../Engine/Content/EditorMeshes/Camera/SM_RailRig_Mount.uexp" 61
"../../../Engine/Content/EngineMaterials/T_Default_Material_Grid_M.ubulk" 62
"../../../Engine/Content/EngineMaterials/T_Default_Material_Grid_M.uasset" 63
"../../../Engine/Content/EngineMaterials/T_Default_Material_Grid_M.uexp" 64
"../../../Engine/Content/EngineMaterials/T_Default_Material_Grid_N.ubulk" 65
"../../../Engine/Content/EngineMaterials/T_Default_Material_Grid_N.uasset" 66
"../../../Engine/Content/EngineMaterials/T_Default_Material_Grid_N.uexp" 67
"../../../Engine/Content/Functions/Engine_MaterialFunctions01/Opacity/CameraDepthFade.uasset" 68
"../../../Engine/Content/Functions/Engine_MaterialFunctions01/Opacity/CameraDepthFade.uexp" 69
"../../../Engine/Content/EngineMaterials/WorldGridMaterial.uasset" 70
"../../../Engine/Content/EngineMaterials/WorldGridMaterial.uexp" 71
"../../../Engine/Content/ArtTools/RenderToTexture/Meshes/S_1_Unit_Plane.uasset" 72
"../../../Engine/Content/ArtTools/RenderToTexture/Meshes/S_1_Unit_Plane.uexp" 73
"../../../Engine/Content/EditorMaterials/ParticleSystems/PSysThumbnail_NoImage.ubulk" 74
"../../../Engine/Content/EditorMaterials/ParticleSystems/PSysThumbnail_NoImage.uasset" 75
"../../../Engine/Content/EditorMaterials/ParticleSystems/PSysThumbnail_NoImage.uexp" 76
"../../../Engine/Content/EditorMaterials/ParticleSystems/PSysThumbnail_OOD.ubulk" 77
"../../../Engine/Content/EditorMaterials/ParticleSystems/PSysThumbnail_OOD.uasset" 78
"../../../Engine/Content/EditorMaterials/ParticleSystems/PSysThumbnail_OOD.uexp" 79
"../../../Engine/Content/EditorLandscapeResources/SplineEditorMeshMat.uasset" 80
"../../../Engine/Content/EditorLandscapeResources/SplineEditorMeshMat.uexp" 81
"../../../Engine/Content/EditorLandscapeResources/SplineEditorMesh.uasset" 82
"../../../Engine/Content/EditorLandscapeResources/SplineEditorMesh.uexp" 83
"../../../Engine/Content/EditorResources/S_Solver.ubulk" 84
"../../../Engine/Content/EditorResources/S_Solver.uasset" 85
"../../../Engine/Content/EditorResources/S_Solver.uexp" 86
"../../../Engine/Plugins/Media/MediaPlate/Content/SM_MediaPlateScreen.uasset" 87
"../../../Engine/Plugins/Media/MediaPlate/Content/SM_MediaPlateScreen.uexp" 88
"../../../Engine/Content/EngineMaterials/DefaultBokeh.uasset" 89
"../../../Engine/Content/EngineMaterials/DefaultBokeh.uexp" 90
"../../../Engine/Content/EngineMaterials/PreintegratedSkinBRDF.uasset" 91
"../../../Engine/Content/EngineMaterials/PreintegratedSkinBRDF.uexp" 92
"../../../Engine/Content/EngineMaterials/MiniFont.uasset" 93
"../../../Engine/Content/EngineMaterials/MiniFont.uexp" 94
"../../../Engine/Content/EngineMaterials/WeightMapPlaceholderTexture.uasset" 95
"../../../Engine/Content/EngineMaterials/WeightMapPlaceholderTexture.uexp" 96
"../../../Engine/Content/EngineMaterials/DefaultWhiteGrid.ubulk" 97
"../../../Engine/Content/EngineMaterials/DefaultWhiteGrid.uasset" 98
"../../../Engine/Content/EngineMaterials/DefaultWhiteGrid.uexp" 99
"../../../Engine/Plugins/2D/Paper2D/Content/PlaceholderTextures/DummySpriteTexture.ubulk" 100
"../../../Engine/Plugins/2D/Paper2D/Content/PlaceholderTextures/DummySpriteTexture.uasset" 101
"../../../Engine/Plugins/2D/Paper2D/Content/PlaceholderTextures/DummySpriteTexture.uexp" 102
"../../../Engine/Plugins/2D/Paper2D/Content/DefaultSpriteMaterial.uasset" 103
"../../../Engine/Plugins/2D/Paper2D/Content/DefaultSpriteMaterial.uexp" 104
"../../../Engine/Plugins/2D/Paper2D/Content/OpaqueUnlitSpriteMaterial.uasset" 105
"../../../Engine/Plugins/2D/Paper2D/Content/OpaqueUnlitSpriteMaterial.uexp" 106
"../../../Engine/Plugins/2D/Paper2D/Content/MaskedUnlitSpriteMaterial.uasset" 107
"../../../Engine/Plugins/2D/Paper2D/Content/MaskedUnlitSpriteMaterial.uexp" 108
"../../../Engine/Plugins/2D/Paper2D/Content/DummySprite.uasset" 109
"../../../Engine/Plugins/2D/Paper2D/Content/DummySprite.uexp" 110
"../../../Engine/Plugins/2D/Paper2D/Content/DefaultPaperTerrainMaterial.uasset" 111
"../../../Engine/Plugins/2D/Paper2D/Content/DefaultPaperTerrainMaterial.uexp" 112
"../../../Engine/Content/Functions/Engine_MaterialFunctions02/WorldPositionOffset/CameraOffset.uasset" 113
"../../../Engine/Content/Functions/Engine_MaterialFunctions02/WorldPositionOffset/CameraOffset.uexp" 114
"../../../Engine/Plugins/Animation/ControlRig/Content/M_Manip.uasset" 115
"../../../Engine/Plugins/Animation/ControlRig/Content/M_Manip.uexp" 116
"../../../Engine/Content/Animation/DefaultRecorderBoneCompression.uasset" 117
"../../../Engine/Content/Animation/DefaultRecorderBoneCompression.uexp" 118
"../../../Engine/Plugins/Animation/ControlRig/Content/Controls/DefaultGizmoLibraryNormalized.uasset" 119
"../../../Engine/Plugins/Animation/ControlRig/Content/Controls/DefaultGizmoLibraryNormalized.uexp" 120
"../../../Engine/Plugins/Animation/ControlRig/Content/Controls/ControlRig_Wedge_solid.uasset" 121
"../../../Engine/Plugins/Animation/ControlRig/Content/Controls/ControlRig_Wedge_solid.uexp" 122
"../../../Engine/Plugins/Animation/ControlRig/Content/Controls/ControlRig_Wedge_3mm.uasset" 123
"../../../Engine/Plugins/Animation/ControlRig/Content/Controls/ControlRig_Wedge_3mm.uexp" 124
"../../../Engine/Plugins/Animation/ControlRig/Content/Controls/ControlRig_Wedge_1mm.uasset" 125
"../../../Engine/Plugins/Animation/ControlRig/Content/Controls/ControlRig_Wedge_1mm.uexp" 126
"../../../Engine/Plugins/Animation/ControlRig/Content/Controls/ControlRig_Triangle_solid.uasset" 127
"../../../Engine/Plugins/Animation/ControlRig/Content/Controls/ControlRig_Triangle_solid.uexp" 128
"../../../Engine/Plugins/Animation/ControlRig/Content/Controls/ControlRig_Triangle_3mm.uasset" 129
"../../../Engine/Plugins/Animation/ControlRig/Content/Controls/ControlRig_Triangle_3mm.uexp" 130
"../../../Engine/Plugins/Animation/ControlRig/Content/Controls/ControlRig_Triangle_1mm.uasset" 131
"../../../Engine/Plugins/Animation/ControlRig/Content/Controls/ControlRig_Triangle_1mm.uexp" 132
"../../../Engine/Plugins/Animation/ControlRig/Content/Controls/ControlRig_Star4_solid.uasset" 133
"../../../Engine/Plugins/Animation/ControlRig/Content/Controls/ControlRig_Star4_solid.uexp" 134
"../../../Engine/Plugins/Animation/ControlRig/Content/Controls/ControlRig_Star4_3mm.uasset" 135
"../../../Engine/Plugins/Animation/ControlRig/Content/Controls/ControlRig_Star4_3mm.uexp" 136
"../../../Engine/Plugins/Animation/ControlRig/Content/Controls/ControlRig_Star4_1mm.uasset" 137
"../../../Engine/Plugins/Animation/ControlRig/Content/Controls/ControlRig_Star4_1mm.uexp" 138
"../../../Engine/Plugins/Animation/ControlRig/Content/Controls/ControlRig_Square_solid.uasset" 139
"../../../Engine/Plugins/Animation/ControlRig/Content/Controls/ControlRig_Square_solid.uexp" 140
"../../../Engine/Plugins/Runtime/MeshModelingToolset/Content/Materials/M_DynamicMeshComponentVtxColor.uasset" 141
"../../../Engine/Plugins/Runtime/MeshModelingToolset/Content/Materials/M_DynamicMeshComponentVtxColor.uexp" 142
"../../../Engine/Plugins/Interchange/Runtime/Content/Pipelines/DefaultTexturePipeline.uasset" 143
"../../../Engine/Plugins/Interchange/Runtime/Content/Pipelines/DefaultTexturePipeline.uexp" 144
"../../../Engine/Plugins/Interchange/Runtime/Content/Pipelines/DefaultSceneLevelPipeline.uasset" 145
"../../../Engine/Plugins/Interchange/Runtime/Content/Pipelines/DefaultSceneLevelPipeline.uexp" 146
"../../../Engine/Plugins/Interchange/Runtime/Content/Pipelines/DefaultSceneAssetsPipeline.uasset" 147
"../../../Engine/Plugins/Interchange/Runtime/Content/Pipelines/DefaultSceneAssetsPipeline.uexp" 148
"../../../Engine/Plugins/Interchange/Runtime/Content/Pipelines/DefaultMaterialPipeline.uasset" 149
"../../../Engine/Plugins/Interchange/Runtime/Content/Pipelines/DefaultMaterialPipeline.uexp" 150
"../../../Engine/Plugins/Interchange/Runtime/Content/Pipelines/DefaultAssetsPipeline.uasset" 151
"../../../Engine/Plugins/Interchange/Runtime/Content/Pipelines/DefaultAssetsPipeline.uexp" 152
"../../../Engine/Plugins/Editor/SpeedTreeImporter/Content/SpeedTree9/game_wind_noise.ubulk" 153
"../../../Engine/Plugins/Editor/SpeedTreeImporter/Content/SpeedTree9/game_wind_noise.uasset" 154
"../../../Engine/Plugins/Editor/SpeedTreeImporter/Content/SpeedTree9/game_wind_noise.uexp" 155
"../../../Engine/Plugins/Editor/SpeedTreeImporter/Content/SpeedTree9/UnpackDirection.uasset" 156
"../../../Engine/Plugins/Editor/SpeedTreeImporter/Content/SpeedTree9/UnpackDirection.uexp" 157
"../../../Engine/Content/Functions/Engine_MaterialFunctions02/ObjectLocalBounds.uasset" 158
"../../../Engine/Content/Functions/Engine_MaterialFunctions02/ObjectLocalBounds.uexp" 159
"../../../Engine/Content/Functions/Engine_MaterialFunctions02/Utility/BreakOutFloat3Components.uasset" 160
"../../../Engine/Content/Functions/Engine_MaterialFunctions02/Utility/BreakOutFloat3Components.uexp" 161
"../../../Engine/Content/Functions/Engine_MaterialFunctions02/UVs/BoundingBoxBased_0-1_UVW.uasset" 162
"../../../Engine/Content/Functions/Engine_MaterialFunctions02/UVs/BoundingBoxBased_0-1_UVW.uexp" 163
"../../../Engine/Content/Functions/Engine_MaterialFunctions02/Utility/VectorLength.uasset" 164
"../../../Engine/Content/Functions/Engine_MaterialFunctions02/Utility/VectorLength.uexp" 165
"../../../Engine/Plugins/Editor/SpeedTreeImporter/Content/SpeedTree9/UnpackInteger3.uasset" 166
"../../../Engine/Plugins/Editor/SpeedTreeImporter/Content/SpeedTree9/UnpackInteger3.uexp" 167
"../../../Engine/Plugins/Editor/SpeedTreeImporter/Content/SpeedTree9/SpeedTreeCameraFacing.uasset" 168
"../../../Engine/Plugins/Editor/SpeedTreeImporter/Content/SpeedTree9/SpeedTreeCameraFacing.uexp" 169
"../../../Engine/Content/Functions/Engine_MaterialFunctions02/WorldPositionOffset/ObjectScale.uasset" 170
"../../../Engine/Content/Functions/Engine_MaterialFunctions02/WorldPositionOffset/ObjectScale.uexp" 171
"../../../Engine/Content/Functions/Engine_MaterialFunctions02/SafeNormalize.uasset" 172
"../../../Engine/Content/Functions/Engine_MaterialFunctions02/SafeNormalize.uexp" 173
"../../../Engine/Plugins/Editor/SpeedTreeImporter/Content/SpeedTree9/SpeedTreeWindMotion.uasset" 174
"../../../Engine/Plugins/Editor/SpeedTreeImporter/Content/SpeedTree9/SpeedTreeWindMotion.uexp" 175
"../../../Engine/Plugins/Editor/SpeedTreeImporter/Content/SpeedTree9/SpeedTreeBranchMotion.uasset" 176
"../../../Engine/Plugins/Editor/SpeedTreeImporter/Content/SpeedTree9/SpeedTreeBranchMotion.uexp" 177
"../../../Engine/Plugins/Editor/SpeedTreeImporter/Content/SpeedTree9/SpeedTreeWind.uasset" 178
"../../../Engine/Plugins/Editor/SpeedTreeImporter/Content/SpeedTree9/SpeedTreeWind.uexp" 179
"../../../Engine/Plugins/Editor/SpeedTreeImporter/Content/SpeedTree9/EmptyNormal.uasset" 180
"../../../Engine/Plugins/Editor/SpeedTreeImporter/Content/SpeedTree9/EmptyNormal.uexp" 181
"../../../Engine/Plugins/Editor/SpeedTreeImporter/Content/SpeedTree9/Empty.uasset" 182
"../../../Engine/Plugins/Editor/SpeedTreeImporter/Content/SpeedTree9/Empty.uexp" 183
"../../../Engine/Plugins/Editor/SpeedTreeImporter/Content/SpeedTree9/SpeedTreeMaster.uasset" 184
"../../../Engine/Plugins/Editor/SpeedTreeImporter/Content/SpeedTree9/SpeedTreeMaster.uexp" 185
"../../../Engine/Plugins/Editor/SpeedTreeImporter/Content/SpeedTree9/SpeedTreeBillboard.uasset" 186
"../../../Engine/Plugins/Editor/SpeedTreeImporter/Content/SpeedTree9/SpeedTreeBillboard.uexp" 187
"../../../Engine/Plugins/Editor/SpeedTreeImporter/Content/SpeedTree9/SpeedTreeBillboardMaster.uasset" 188
"../../../Engine/Plugins/Editor/SpeedTreeImporter/Content/SpeedTree9/SpeedTreeBillboardMaster.uexp" 189
"../../../Engine/Plugins/Animation/ControlRig/Content/Controls/ControlRig_Square_3mm.uasset" 190
"../../../Engine/Plugins/Animation/ControlRig/Content/Controls/ControlRig_Square_3mm.uexp" 191
"../../../Engine/Plugins/Animation/ControlRig/Content/Controls/ControlRig_Square_1mm.uasset" 192
"../../../Engine/Plugins/Animation/ControlRig/Content/Controls/ControlRig_Square_1mm.uexp" 193
"../../../Engine/Plugins/Animation/ControlRig/Content/Controls/ControlRig_Sphere_solid.uasset" 194
"../../../Engine/Plugins/Animation/ControlRig/Content/Controls/ControlRig_Sphere_solid.uexp" 195
"../../../Engine/Plugins/Animation/ControlRig/Content/Controls/ControlRig_Sphere_3mm.uasset" 196
"../../../Engine/Plugins/Animation/ControlRig/Content/Controls/ControlRig_Sphere_3mm.uexp" 197
"../../../Engine/Plugins/Animation/ControlRig/Content/Controls/ControlRig_Sphere_1mm.uasset" 198
"../../../Engine/Plugins/Animation/ControlRig/Content/Controls/ControlRig_Sphere_1mm.uexp" 199
"../../../Engine/Plugins/Animation/ControlRig/Content/Controls/ControlRig_RoundedTriangle_solid.uasset" 200
"../../../Engine/Plugins/Animation/ControlRig/Content/Controls/ControlRig_RoundedTriangle_solid.uexp" 201
"../../../Engine/Plugins/Animation/ControlRig/Content/Controls/ControlRig_RoundedTriangle_3mm.uasset" 202
"../../../Engine/Plugins/Animation/ControlRig/Content/Controls/ControlRig_RoundedTriangle_3mm.uexp" 203
"../../../Engine/Plugins/Animation/ControlRig/Content/Controls/ControlRig_RoundedTriangle_1mm.uasset" 204
"../../../Engine/Plugins/Animation/ControlRig/Content/Controls/ControlRig_RoundedTriangle_1mm.uexp" 205
"../../../Engine/Plugins/Animation/ControlRig/Content/Controls/ControlRig_RoundedSquare_solid.uasset" 206
"../../../Engine/Plugins/Animation/ControlRig/Content/Controls/ControlRig_RoundedSquare_solid.uexp" 207
"../../../Engine/Plugins/Animation/ControlRig/Content/Controls/ControlRig_RoundedSquare_3mm.uasset" 208
"../../../Engine/Plugins/Animation/ControlRig/Content/Controls/ControlRig_RoundedSquare_3mm.uexp" 209
"../../../Engine/Plugins/Animation/ControlRig/Content/Controls/ControlRig_RoundedSquare_1mm.uasset" 210
"../../../Engine/Plugins/Animation/ControlRig/Content/Controls/ControlRig_RoundedSquare_1mm.uexp" 211
"../../../Engine/Plugins/Animation/ControlRig/Content/Controls/ControlRig_QuarterCircle_solid.uasset" 212
"../../../Engine/Plugins/Animation/ControlRig/Content/Controls/ControlRig_QuarterCircle_solid.uexp" 213
"../../../Engine/Plugins/Animation/ControlRig/Content/Controls/ControlRig_QuarterCircle_3mm.uasset" 214
"../../../Engine/Plugins/Animation/ControlRig/Content/Controls/ControlRig_QuarterCircle_3mm.uexp" 215
"../../../Engine/Plugins/Animation/ControlRig/Content/Controls/ControlRig_QuarterCircle_1mm.uasset" 216
"../../../Engine/Plugins/Animation/ControlRig/Content/Controls/ControlRig_QuarterCircle_1mm.uexp" 217
"../../../Engine/Plugins/Animation/ControlRig/Content/Controls/ControlRig_Pyramid_solid.uasset" 218
"../../../Engine/Plugins/Animation/ControlRig/Content/Controls/ControlRig_Pyramid_solid.uexp" 219
"../../../Engine/Plugins/Animation/ControlRig/Content/Controls/ControlRig_Pyramid_3mm.uasset" 220
"../../../Engine/Plugins/Animation/ControlRig/Content/Controls/ControlRig_Pyramid_3mm.uexp" 221
"../../../Engine/Plugins/Animation/ControlRig/Content/Controls/ControlRig_Pyramid_1mm.uasset" 222
"../../../Engine/Plugins/Animation/ControlRig/Content/Controls/ControlRig_Pyramid_1mm.uexp" 223
"../../../Engine/Plugins/Animation/ControlRig/Content/Controls/ControlRig_Octagon_solid.uasset" 224
"../../../Engine/Plugins/Animation/ControlRig/Content/Controls/ControlRig_Octagon_solid.uexp" 225
"../../../Engine/Plugins/Animation/ControlRig/Content/Controls/ControlRig_Octagon_3mm.uasset" 226
"../../../Engine/Plugins/Animation/ControlRig/Content/Controls/ControlRig_Octagon_3mm.uexp" 227
"../../../Engine/Plugins/Animation/ControlRig/Content/Controls/ControlRig_Octagon_1mm.uasset" 228
"../../../Engine/Plugins/Animation/ControlRig/Content/Controls/ControlRig_Octagon_1mm.uexp" 229
"../../../Engine/Plugins/Animation/ControlRig/Content/Controls/ControlRig_Hexagon_solid.uasset" 230
"../../../Engine/Plugins/Animation/ControlRig/Content/Controls/ControlRig_Hexagon_solid.uexp" 231
"../../../Engine/Plugins/Animation/ControlRig/Content/Controls/ControlRig_Hexagon_3mm.uasset" 232
"../../../Engine/Plugins/Animation/ControlRig/Content/Controls/ControlRig_Hexagon_3mm.uexp" 233
"../../../Engine/Plugins/Animation/ControlRig/Content/Controls/ControlRig_Hexagon_1mm.uasset" 234
"../../../Engine/Plugins/Animation/ControlRig/Content/Controls/ControlRig_Hexagon_1mm.uexp" 235
"../../../Engine/Plugins/Animation/ControlRig/Content/Controls/ControlRig_HalfCircle_solid.uasset" 236
"../../../Engine/Plugins/Animation/ControlRig/Content/Controls/ControlRig_HalfCircle_solid.uexp" 237
"../../../Engine/Plugins/Animation/ControlRig/Content/Controls/ControlRig_HalfCircle_3mm.uasset" 238
"../../../Engine/Plugins/Animation/ControlRig/Content/Controls/ControlRig_HalfCircle_3mm.uexp" 239
"../../../Engine/Plugins/Animation/ControlRig/Content/Controls/ControlRig_HalfCircle_1mm.uasset" 240
"../../../Engine/Plugins/Animation/ControlRig/Content/Controls/ControlRig_HalfCircle_1mm.uexp" 241
"../../../Engine/Plugins/Animation/ControlRig/Content/Controls/ControlRig_Diamond_solid.uasset" 242
"../../../Engine/Plugins/Animation/ControlRig/Content/Controls/ControlRig_Diamond_solid.uexp" 243
"../../../Engine/Plugins/Animation/ControlRig/Content/Controls/ControlRig_Diamond_3mm.uasset" 244
"../../../Engine/Plugins/Animation/ControlRig/Content/Controls/ControlRig_Diamond_3mm.uexp" 245
"../../../Engine/Plugins/Animation/ControlRig/Content/Controls/ControlRig_Diamond_1mm.uasset" 246
"../../../Engine/Plugins/Animation/ControlRig/Content/Controls/ControlRig_Diamond_1mm.uexp" 247
"../../../Engine/Plugins/Animation/ControlRig/Content/Controls/ControlRig_Circle_solid.uasset" 248
"../../../Engine/Plugins/Animation/ControlRig/Content/Controls/ControlRig_Circle_solid.uexp" 249
"../../../Engine/Plugins/Animation/ControlRig/Content/Controls/ControlRig_Circle_3mm.uasset" 250
"../../../Engine/Plugins/Animation/ControlRig/Content/Controls/ControlRig_Circle_3mm.uexp" 251
"../../../Engine/Plugins/Animation/ControlRig/Content/Controls/ControlRig_Circle_1mm.uasset" 252
"../../../Engine/Plugins/Animation/ControlRig/Content/Controls/ControlRig_Circle_1mm.uexp" 253
"../../../Engine/Plugins/Animation/ControlRig/Content/Controls/ControlRig_Box_solid.uasset" 254
"../../../Engine/Plugins/Animation/ControlRig/Content/Controls/ControlRig_Box_solid.uexp" 255
"../../../Engine/Plugins/Animation/ControlRig/Content/Controls/ControlRig_Box_3mm.uasset" 256
"../../../Engine/Plugins/Animation/ControlRig/Content/Controls/ControlRig_Box_3mm.uexp" 257
"../../../Engine/Plugins/Animation/ControlRig/Content/Controls/ControlRig_Box_1mm.uasset" 258
"../../../Engine/Plugins/Animation/ControlRig/Content/Controls/ControlRig_Box_1mm.uexp" 259
"../../../Engine/Plugins/Animation/ControlRig/Content/Controls/ControlRig_Arrow_solid.uasset" 260
"../../../Engine/Plugins/Animation/ControlRig/Content/Controls/ControlRig_Arrow_solid.uexp" 261
"../../../Engine/Plugins/Animation/ControlRig/Content/Controls/ControlRig_Arrow_3mm.uasset" 262
"../../../Engine/Plugins/Animation/ControlRig/Content/Controls/ControlRig_Arrow_3mm.uexp" 263
"../../../Engine/Plugins/Animation/ControlRig/Content/Controls/ControlRig_Arrow_1mm.uasset" 264
"../../../Engine/Plugins/Animation/ControlRig/Content/Controls/ControlRig_Arrow_1mm.uexp" 265
"../../../Engine/Plugins/Animation/ControlRig/Content/Controls/ControlRig_Arrow4_solid.uasset" 266
"../../../Engine/Plugins/Animation/ControlRig/Content/Controls/ControlRig_Arrow4_solid.uexp" 267
"../../../Engine/Plugins/Animation/ControlRig/Content/Controls/ControlRig_Arrow4_3mm.uasset" 268
"../../../Engine/Plugins/Animation/ControlRig/Content/Controls/ControlRig_Arrow4_3mm.uexp" 269
"../../../Engine/Plugins/Animation/ControlRig/Content/Controls/ControlRig_Arrow4_1mm.uasset" 270
"../../../Engine/Plugins/Animation/ControlRig/Content/Controls/ControlRig_Arrow4_1mm.uexp" 271
"../../../Engine/Plugins/Animation/ControlRig/Content/Controls/ControlRig_Arrow2_solid.uasset" 272
"../../../Engine/Plugins/Animation/ControlRig/Content/Controls/ControlRig_Arrow2_solid.uexp" 273
"../../../Engine/Plugins/Animation/ControlRig/Content/Controls/ControlRig_Arrow2_3mm.uasset" 274
"../../../Engine/Plugins/Animation/ControlRig/Content/Controls/ControlRig_Arrow2_3mm.uexp" 275
"../../../Engine/Plugins/Animation/ControlRig/Content/Controls/ControlRig_Arrow2_1mm.uasset" 276
"../../../Engine/Plugins/Animation/ControlRig/Content/Controls/ControlRig_Arrow2_1mm.uexp" 277
"../../../Engine/Plugins/Animation/ControlRig/Content/Controls/ControlRigXRayMaterial.uasset" 278
"../../../Engine/Plugins/Animation/ControlRig/Content/Controls/ControlRigXRayMaterial.uexp" 279
"../../../Engine/Plugins/Animation/ControlRig/Content/Controls/ControlRigGizmoMaterial.uasset" 280
"../../../Engine/Plugins/Animation/ControlRig/Content/Controls/ControlRigGizmoMaterial.uexp" 281
"../../../Engine/Content/EngineResources/WhiteSquareTexture.uasset" 282
"../../../Engine/Content/EngineResources/WhiteSquareTexture.uexp" 283
"../../../Engine/Content/EngineMaterials/Widget3DPassThrough.uasset" 284
"../../../Engine/Content/EngineMaterials/Widget3DPassThrough.uexp" 285
"../../../Engine/Content/EngineMaterials/Widget3DPassThrough_Translucent.uasset" 286
"../../../Engine/Content/EngineMaterials/Widget3DPassThrough_Translucent.uexp" 287
"../../../Engine/Content/EngineMaterials/Widget3DPassThrough_Translucent_OneSided.uasset" 288
"../../../Engine/Content/EngineMaterials/Widget3DPassThrough_Translucent_OneSided.uexp" 289
"../../../Engine/Content/EngineMaterials/Widget3DPassThrough_Opaque.uasset" 290
"../../../Engine/Content/EngineMaterials/Widget3DPassThrough_Opaque.uexp" 291
"../../../Engine/Content/EngineMaterials/Widget3DPassThrough_Opaque_OneSided.uasset" 292
"../../../Engine/Content/EngineMaterials/Widget3DPassThrough_Opaque_OneSided.uexp" 293
"../../../Engine/Content/EngineMaterials/Widget3DPassThrough_Masked_OneSided.uasset" 294
"../../../Engine/Content/EngineMaterials/Widget3DPassThrough_Masked_OneSided.uexp" 295
"../../../Engine/Content/EngineMaterials/Widget3DPassThrough_Masked.uasset" 296
"../../../Engine/Content/EngineMaterials/Widget3DPassThrough_Masked.uexp" 297
"../../../Engine/Content/EngineMaterials/STBlueNoise_vec2_128x128x64.uasset" 298
"../../../Engine/Content/EngineMaterials/STBlueNoise_vec2_128x128x64.uexp" 299
"../../../Engine/Content/EngineMaterials/STBlueNoise_scalar_128x128x64.uasset" 300
"../../../Engine/Content/EngineMaterials/STBlueNoise_scalar_128x128x64.uexp" 301
"../../../Engine/Content/EngineMaterials/RemoveSurfaceMaterial.uasset" 302
"../../../Engine/Content/EngineMaterials/RemoveSurfaceMaterial.uexp" 303
"../../../Engine/Content/EngineMaterials/DefaultCalibrationGrayscale.uasset" 304
"../../../Engine/Content/EngineMaterials/DefaultCalibrationGrayscale.uexp" 305
"../../../Engine/Content/EngineMaterials/PPM_DefaultCalibrationGrayscale.uasset" 306
"../../../Engine/Content/EngineMaterials/PPM_DefaultCalibrationGrayscale.uexp" 307
"../../../Engine/Content/EngineMaterials/DefaultCalibrationColor.uasset" 308
"../../../Engine/Content/EngineMaterials/DefaultCalibrationColor.uexp" 309
"../../../Engine/Content/EngineMaterials/PPM_DefaultCalibrationColor.uasset" 310
"../../../Engine/Content/EngineMaterials/PPM_DefaultCalibrationColor.uexp" 311
"../../../Engine/Content/EngineMaterials/PhAT_JointLimitMaterial.uasset" 312
"../../../Engine/Content/EngineMaterials/PhAT_JointLimitMaterial.uexp" 313
"../../../Engine/Content/EngineMaterials/NaniteHiddenSectionMaterial.uasset" 314
"../../../Engine/Content/EngineMaterials/NaniteHiddenSectionMaterial.uexp" 315
"../../../Engine/Content/EngineMaterials/InvalidLightmapSettings.ubulk" 316
"../../../Engine/Content/EngineMaterials/InvalidLightmapSettings.uasset" 317
"../../../Engine/Content/EngineMaterials/InvalidLightmapSettings.uexp" 318
"../../../Engine/Content/EngineMaterials/M_InvalidLightmapSettings.uasset" 319
"../../../Engine/Content/EngineMaterials/M_InvalidLightmapSettings.uexp" 320
"../../../Engine/Content/EngineMaterials/GizmoMaterial.uasset" 321
"../../../Engine/Content/EngineMaterials/GizmoMaterial.uexp" 322
"../../../Engine/Content/EngineMaterials/BaseFlattenEmissiveMap_VT.uasset" 323
"../../../Engine/Content/EngineMaterials/BaseFlattenEmissiveMap_VT.uexp" 324
"../../../Engine/Content/EngineMaterials/BaseFlattenGrayscaleMap_VT.uasset" 325
"../../../Engine/Content/EngineMaterials/BaseFlattenGrayscaleMap_VT.uexp" 326
"../../../Engine/Content/EngineMaterials/BaseFlattenLinearColor_VT.uasset" 327
"../../../Engine/Content/EngineMaterials/BaseFlattenLinearColor_VT.uexp" 328
"../../../Engine/Content/EngineMaterials/Black_1x1_EXR_Texture_VT.uasset" 329
"../../../Engine/Content/EngineMaterials/Black_1x1_EXR_Texture_VT.uexp" 330
"../../../Engine/Content/EngineMaterials/BaseFlattenDiffuseMap_VT.uasset" 331
"../../../Engine/Content/EngineMaterials/BaseFlattenDiffuseMap_VT.uexp" 332
"../../../Engine/Content/EngineMaterials/BaseFlattenNormalMap_VT.uasset" 333
"../../../Engine/Content/EngineMaterials/BaseFlattenNormalMap_VT.uexp" 334
"../../../Engine/Content/EngineMaterials/FlattenMaterial_WS_Normal_VT.uasset" 335
"../../../Engine/Content/EngineMaterials/FlattenMaterial_WS_Normal_VT.uexp" 336
"../../../Engine/Content/EngineMaterials/FlattenMaterial_VT.uasset" 337
"../../../Engine/Content/EngineMaterials/FlattenMaterial_VT.uexp" 338
"../../../Engine/Content/EngineMaterials/DefaultWhiteGrid_Low.uasset" 339
"../../../Engine/Content/EngineMaterials/DefaultWhiteGrid_Low.uexp" 340
"../../../Engine/Content/EngineMaterials/EmissiveMeshMaterial.uasset" 341
"../../../Engine/Content/EngineMaterials/EmissiveMeshMaterial.uexp" 342
"../../../Engine/Content/EngineFonts/RobotoDistanceField.uasset" 343
"../../../Engine/Content/EngineFonts/RobotoDistanceField.uexp" 344
"../../../Engine/Content/EngineMaterials/DefaultTextMaterialOpaque.uasset" 345
"../../../Engine/Content/EngineMaterials/DefaultTextMaterialOpaque.uexp" 346
"../../../Engine/Content/EngineMaterials/DefaultDiffuse.ubulk" 347
"../../../Engine/Content/EngineMaterials/DefaultDiffuse.uasset" 348
"../../../Engine/Content/EngineMaterials/DefaultDiffuse.uexp" 349
"../../../Engine/Content/Functions/Engine_MaterialFunctions02/Utility/BreakOutFloat2Components.uasset" 350
"../../../Engine/Content/Functions/Engine_MaterialFunctions02/Utility/BreakOutFloat2Components.uexp" 351
"../../../Engine/Content/EngineMaterials/DefaultPostProcessMaterial.uasset" 352
"../../../Engine/Content/EngineMaterials/DefaultPostProcessMaterial.uexp" 353
"../../../Engine/Content/EngineMaterials/DefaultLightFunctionMaterial.uasset" 354
"../../../Engine/Content/EngineMaterials/DefaultLightFunctionMaterial.uexp" 355
"../../../Engine/Content/EngineMaterials/DefaultDestructiblePhysicalMaterial.uasset" 356
"../../../Engine/Content/EngineMaterials/DefaultDestructiblePhysicalMaterial.uexp" 357
"../../../Engine/Content/EngineMaterials/DefaultDeferredDecalMaterial.uasset" 358
"../../../Engine/Content/EngineMaterials/DefaultDeferredDecalMaterial.uexp" 359
"../../../Engine/Content/EngineMaterials/DefaultBloomKernel.uasset" 360
"../../../Engine/Content/EngineMaterials/DefaultBloomKernel.uexp" 361
"../../../Engine/Content/EngineFonts/Faces/RobotoLight.uexp" 362
"../../../Engine/Content/EngineFonts/Faces/RobotoLight.uasset" 363
"../../../Engine/Content/EngineFonts/Faces/RobotoLight.ufont" 364
"../../../Engine/Content/EngineFonts/Faces/RobotoBold.uexp" 365
"../../../Engine/Content/EngineFonts/Faces/RobotoBold.uasset" 366
"../../../Engine/Content/EngineFonts/Faces/RobotoBold.ufont" 367
"../../../Engine/Content/EngineFonts/Faces/RobotoRegular.uexp" 368
"../../../Engine/Content/EngineFonts/Faces/RobotoRegular.uasset" 369
"../../../Engine/Content/EngineFonts/Faces/RobotoRegular.ufont" 370
"../../../Engine/Content/EngineFonts/Faces/DroidSansFallback.uexp" 371
"../../../Engine/Content/EngineFonts/Faces/DroidSansFallback.uasset" 372
"../../../Engine/Content/EngineFonts/Faces/DroidSansFallback.ufont" 373
"../../../Engine/Content/EngineFonts/Faces/RobotoItalic.uexp" 374
"../../../Engine/Content/EngineFonts/Faces/RobotoItalic.uasset" 375
"../../../Engine/Content/EngineFonts/Faces/RobotoItalic.ufont" 376
"../../../Engine/Content/EngineFonts/Faces/RobotoBoldItalic.uexp" 377
"../../../Engine/Content/EngineFonts/Faces/RobotoBoldItalic.uasset" 378
"../../../Engine/Content/EngineFonts/Faces/RobotoBoldItalic.ufont" 379
"../../../Engine/Content/EngineFonts/Roboto.uasset" 380
"../../../Engine/Content/EngineFonts/Roboto.uexp" 381
"../../../Engine/Content/Functions/Engine_MaterialFunctions02/Utility/CameraDirectionVector.uasset" 382
"../../../Engine/Content/Functions/Engine_MaterialFunctions02/Utility/CameraDirectionVector.uexp" 383
"../../../Engine/Content/EngineDebugMaterials/VolumeToRender.uasset" 384
"../../../Engine/Content/EngineDebugMaterials/VolumeToRender.uexp" 385
"../../../Engine/Content/EngineDebugMaterials/M_VolumeRenderSphereTracePP.uasset" 386
"../../../Engine/Content/EngineDebugMaterials/M_VolumeRenderSphereTracePP.uexp" 387
"../../../Engine/Content/EngineDebugMaterials/M_SimpleUnlitTranslucent.uasset" 388
"../../../Engine/Content/EngineDebugMaterials/M_SimpleUnlitTranslucent.uexp" 389
"../../../Engine/Content/EngineDebugMaterials/DebugMeshMaterial.uasset" 390
"../../../Engine/Content/EngineDebugMaterials/DebugMeshMaterial.uexp" 391
"../../../Engine/Content/EngineDebugMaterials/DebugEditorMaterial.uasset" 392
"../../../Engine/Content/EngineDebugMaterials/DebugEditorMaterial.uexp" 393
"../../../Engine/Content/EngineDamageTypes/DmgTypeBP_Environmental.uasset" 394
"../../../Engine/Content/EngineDamageTypes/DmgTypeBP_Environmental.uexp" 395
"../../../Engine/Content/EditorResources/S_Terrain.ubulk" 396
"../../../Engine/Content/EditorResources/S_Terrain.uasset" 397
"../../../Engine/Content/EditorResources/S_Terrain.uexp" 398
"../../../Engine/Content/EditorResources/EmptyActor.uasset" 399
"../../../Engine/Content/EditorResources/EmptyActor.uexp" 400
"../../../Engine/Content/EditorResources/BSPVertex.uasset" 401
"../../../Engine/Content/EditorResources/BSPVertex.uexp" 402
"../../../Engine/Content/EditorMaterials/PreviewShadowIndicator.ubulk" 403
"../../../Engine/Content/EditorMaterials/PreviewShadowIndicator.uasset" 404
"../../../Engine/Content/EditorMaterials/PreviewShadowIndicator.uexp" 405
"../../../Engine/Content/EditorMaterials/PreviewShadowIndicatorMaterial.uasset" 406
"../../../Engine/Content/EditorMaterials/PreviewShadowIndicatorMaterial.uexp" 407
"../../../Engine/Content/EditorMaterials/PhAT_UnselectedMaterial.uasset" 408
"../../../Engine/Content/EditorMaterials/PhAT_UnselectedMaterial.uexp" 409
"../../../Engine/Content/EditorMaterials/PhAT_NoCollisionMaterial.uasset" 410
"../../../Engine/Content/EditorMaterials/PhAT_NoCollisionMaterial.uexp" 411
"../../../Engine/Content/EditorLandscapeResources/DefaultAlphaTexture.uasset" 412
"../../../Engine/Content/EditorLandscapeResources/DefaultAlphaTexture.uexp" 413
"../../../Engine/Content/EditorLandscapeResources/DataLayer.uasset" 414
"../../../Engine/Content/EditorLandscapeResources/DataLayer.uexp" 415
"../../../Engine/Content/BasicShapes/Plane.uasset" 416
"../../../Engine/Content/BasicShapes/Plane.uexp" 417
"../../../Engine/Content/EngineMaterials/DefaultMaterial.uasset" 418
"../../../Engine/Content/EngineMaterials/DefaultMaterial.uexp" 419
"../../../Engine/Content/BasicShapes/Cone.uasset" 420
"../../../Engine/Content/BasicShapes/Cone.uexp" 421
"../../../Engine/Content/MobileResources/HUD/VirtualJoystick_Background.uasset" 422
"../../../Engine/Content/MobileResources/HUD/VirtualJoystick_Background.uexp" 423
"../../../Engine/Content/MobileResources/HUD/VirtualJoystick_Thumb.uasset" 424
"../../../Engine/Content/MobileResources/HUD/VirtualJoystick_Thumb.uexp" 425
"../../../Engine/Content/MobileResources/HUD/LeftVirtualJoystickOnly.uasset" 426
"../../../Engine/Content/MobileResources/HUD/LeftVirtualJoystickOnly.uexp" 427
"../../../Engine/Content/EngineSky/VolumetricClouds/CloudWeatherTexture.uasset" 428
"../../../Engine/Content/EngineSky/VolumetricClouds/CloudWeatherTexture.uexp" 429
"../../../Engine/Content/Functions/Engine_MaterialFunctions02/Utility/MakeFloat2.uasset" 430
"../../../Engine/Content/Functions/Engine_MaterialFunctions02/Utility/MakeFloat2.uexp" 431
"../../../Engine/Content/EngineSky/VolumetricClouds/CloudGradientTexture.uasset" 432
"../../../Engine/Content/EngineSky/VolumetricClouds/CloudGradientTexture.uexp" 433
"../../../Engine/Content/EngineSky/VolumetricClouds/T_NoiseShape64.ubulk" 434
"../../../Engine/Content/EngineSky/VolumetricClouds/T_NoiseShape64.uasset" 435
"../../../Engine/Content/EngineSky/VolumetricClouds/T_NoiseShape64.uexp" 436
"../../../Engine/Content/EngineSky/VolumetricClouds/T_VolumeNoiseShape64.uasset" 437
"../../../Engine/Content/EngineSky/VolumetricClouds/T_VolumeNoiseShape64.uexp" 438
"../../../Engine/Content/EngineSky/VolumetricClouds/T_NoiseErosion.ubulk" 439
"../../../Engine/Content/EngineSky/VolumetricClouds/T_NoiseErosion.uasset" 440
"../../../Engine/Content/EngineSky/VolumetricClouds/T_NoiseErosion.uexp" 441
"../../../Engine/Content/EngineSky/VolumetricClouds/T_VolumeNoiseErosion32.uasset" 442
"../../../Engine/Content/EngineSky/VolumetricClouds/T_VolumeNoiseErosion32.uexp" 443
"../../../Engine/Content/EngineSky/VolumetricClouds/m_SimpleVolumetricCloud.uasset" 444
"../../../Engine/Content/EngineSky/VolumetricClouds/m_SimpleVolumetricCloud.uexp" 445
"../../../Engine/Content/EngineSky/VolumetricClouds/m_SimpleVolumetricCloud_Inst.uasset" 446
"../../../Engine/Content/EngineSky/VolumetricClouds/m_SimpleVolumetricCloud_Inst.uexp" 447
"../../../Engine/Content/EngineResources/FilmGrains/Marcie_Grain_v3_128_M2_000.uasset" 448
"../../../Engine/Content/EngineResources/FilmGrains/Marcie_Grain_v3_128_M2_000.uexp" 449
"../../../Engine/Content/EditorResources/SequenceRecorder/RecordingIndicator.uasset" 450
"../../../Engine/Content/EditorResources/SequenceRecorder/RecordingIndicator.uexp" 451
"../../../Engine/Content/EditorResources/SequenceRecorder/Countdown.uasset" 452
"../../../Engine/Content/EditorResources/SequenceRecorder/Countdown.uexp" 453
"../../../Engine/Content/EditorResources/LightIcons/S_LightError.uasset" 454
"../../../Engine/Content/EditorResources/LightIcons/S_LightError.uexp" 455
"../../../Engine/Content/Functions/Engine_MaterialFunctions01/Shading/PowerToRoughness.uasset" 456
"../../../Engine/Content/Functions/Engine_MaterialFunctions01/Shading/PowerToRoughness.uexp" 457
"../../../Engine/Content/Functions/Engine_MaterialFunctions01/Shading/ConvertFromDiffSpec.uasset" 458
"../../../Engine/Content/Functions/Engine_MaterialFunctions01/Shading/ConvertFromDiffSpec.uexp" 459
"E:/Projects/EcoBots/Content/Assets/Orasot_Bundle/StylizedForestLandscape/Textures/T_Rock_Scatter.ubulk" 460
"E:/Projects/EcoBots/Content/Assets/Orasot_Bundle/StylizedForestLandscape/Textures/T_Rock_Scatter.uasset" 461
"E:/Projects/EcoBots/Content/Assets/Orasot_Bundle/StylizedForestLandscape/Textures/T_Rock_Scatter.uexp" 462
"E:/Projects/EcoBots/Content/Assets/Orasot_Bundle/StylizedForestLandscape/Textures/T_Rock_Scatter_normal.ubulk" 463
"E:/Projects/EcoBots/Content/Assets/Orasot_Bundle/StylizedForestLandscape/Textures/T_Rock_Scatter_normal.uasset" 464
"E:/Projects/EcoBots/Content/Assets/Orasot_Bundle/StylizedForestLandscape/Textures/T_Rock_Scatter_normal.uexp" 465
"E:/Projects/EcoBots/Content/Assets/Orasot_Bundle/StylizedForestLandscape/Textures/T_Moss.ubulk" 466
"E:/Projects/EcoBots/Content/Assets/Orasot_Bundle/StylizedForestLandscape/Textures/T_Moss.uasset" 467
"E:/Projects/EcoBots/Content/Assets/Orasot_Bundle/StylizedForestLandscape/Textures/T_Moss.uexp" 468
"../../../Engine/Content/EngineMaterials/BlendFunc_DefBlend.uasset" 469
"../../../Engine/Content/EngineMaterials/BlendFunc_DefBlend.uexp" 470
"../../../Engine/Content/EngineMaterials/BlendFunc_DefBase.uasset" 471
"../../../Engine/Content/EngineMaterials/BlendFunc_DefBase.uexp" 472
"../../../Engine/Content/Functions/Engine_MaterialFunctions03/Blends/Blend_Overlay.uasset" 473
"../../../Engine/Content/Functions/Engine_MaterialFunctions03/Blends/Blend_Overlay.uexp" 474
"../../../Engine/Content/EngineMaterials/Good64x64TilingNoiseHighFreq.uasset" 475
"../../../Engine/Content/EngineMaterials/Good64x64TilingNoiseHighFreq.uexp" 476
"../../../Engine/Content/Functions/Engine_MaterialFunctions02/Texturing/ScreenAlignedPixelToPixelUVs.uasset" 477
"../../../Engine/Content/Functions/Engine_MaterialFunctions02/Texturing/ScreenAlignedPixelToPixelUVs.uexp" 478
"../../../Engine/Content/Functions/Engine_MaterialFunctions02/Utility/DitherTemporalAA.uasset" 479
"../../../Engine/Content/Functions/Engine_MaterialFunctions02/Utility/DitherTemporalAA.uexp" 480
"../../../Engine/Content/Functions/Engine_MaterialFunctions01/AlphaBlend/WorldAlignedBlend.uasset" 481
"../../../Engine/Content/Functions/Engine_MaterialFunctions01/AlphaBlend/WorldAlignedBlend.uexp" 482
"E:/Projects/EcoBots/Content/Assets/Orasot_Bundle/StylizedForestLandscape/Textures/T_paint_noise.ubulk" 483
"E:/Projects/EcoBots/Content/Assets/Orasot_Bundle/StylizedForestLandscape/Textures/T_paint_noise.uasset" 484
"E:/Projects/EcoBots/Content/Assets/Orasot_Bundle/StylizedForestLandscape/Textures/T_paint_noise.uexp" 485
"../../../Engine/Content/Functions/Engine_MaterialFunctions01/Gradient/LinearGradient.uasset" 486
"../../../Engine/Content/Functions/Engine_MaterialFunctions01/Gradient/LinearGradient.uexp" 487
"../../../Engine/Content/Functions/Engine_MaterialFunctions01/ImageAdjustment/CheapContrast.uasset" 488
"../../../Engine/Content/Functions/Engine_MaterialFunctions01/ImageAdjustment/CheapContrast.uexp" 489
"../../../Engine/Content/Functions/Engine_MaterialFunctions01/Texturing/WorldAlignedTexture.uasset" 490
"../../../Engine/Content/Functions/Engine_MaterialFunctions01/Texturing/WorldAlignedTexture.uexp" 491
"E:/Projects/EcoBots/Content/Assets/Orasot_Bundle/StylizedForestLandscape/Material_Functions/MF_Paint_Noise.uasset" 492
"E:/Projects/EcoBots/Content/Assets/Orasot_Bundle/StylizedForestLandscape/Material_Functions/MF_Paint_Noise.uexp" 493
"../../../Engine/Content/EngineMaterials/T_Default_Normal.ubulk" 494
"../../../Engine/Content/EngineMaterials/T_Default_Normal.uasset" 495
"../../../Engine/Content/EngineMaterials/T_Default_Normal.uexp" 496
"../../../Engine/Content/EngineResources/DefaultTexture_Low.uasset" 497
"../../../Engine/Content/EngineResources/DefaultTexture_Low.uexp" 498
"E:/Projects/EcoBots/Content/Assets/Orasot_Bundle/StylizedForestLandscape/Materials/M_Master_Material_Prop.uasset" 499
"E:/Projects/EcoBots/Content/Assets/Orasot_Bundle/StylizedForestLandscape/Materials/M_Master_Material_Prop.uexp" 500
"E:/Projects/EcoBots/Content/Assets/Orasot_Bundle/StylizedForestLandscape/Material_Instances/MI_Rock_Scatter.uasset" 501
"E:/Projects/EcoBots/Content/Assets/Orasot_Bundle/StylizedForestLandscape/Material_Instances/MI_Rock_Scatter.uexp" 502
"E:/Projects/EcoBots/Content/Assets/Orasot_Bundle/StylizedForestLandscape/Meshes/SM_Scatter_1.uasset" 503
"E:/Projects/EcoBots/Content/Assets/Orasot_Bundle/StylizedForestLandscape/Meshes/SM_Scatter_1.uexp" 504
"E:/Projects/EcoBots/Content/Assets/Orasot_Bundle/StylizedForestLandscape/Textures/T_Rock_Scatter_2.ubulk" 505
"E:/Projects/EcoBots/Content/Assets/Orasot_Bundle/StylizedForestLandscape/Textures/T_Rock_Scatter_2.uasset" 506
"E:/Projects/EcoBots/Content/Assets/Orasot_Bundle/StylizedForestLandscape/Textures/T_Rock_Scatter_2.uexp" 507
"E:/Projects/EcoBots/Content/Assets/Orasot_Bundle/StylizedForestLandscape/Textures/T_Rock_Scatter_2_normal.ubulk" 508
"E:/Projects/EcoBots/Content/Assets/Orasot_Bundle/StylizedForestLandscape/Textures/T_Rock_Scatter_2_normal.uasset" 509
"E:/Projects/EcoBots/Content/Assets/Orasot_Bundle/StylizedForestLandscape/Textures/T_Rock_Scatter_2_normal.uexp" 510
"E:/Projects/EcoBots/Content/Assets/Orasot_Bundle/StylizedForestLandscape/Material_Instances/MI_Rock_Scatter_2.uasset" 511
"E:/Projects/EcoBots/Content/Assets/Orasot_Bundle/StylizedForestLandscape/Material_Instances/MI_Rock_Scatter_2.uexp" 512
"E:/Projects/EcoBots/Content/Assets/Orasot_Bundle/StylizedForestLandscape/Meshes/SM_Rock_Scatter_2.uasset" 513
"E:/Projects/EcoBots/Content/Assets/Orasot_Bundle/StylizedForestLandscape/Meshes/SM_Rock_Scatter_2.uexp" 514
"E:/Projects/EcoBots/Content/Assets/Orasot_Bundle/StylizedForestLandscape/Textures/T_Big_Rock_3.ubulk" 515
"E:/Projects/EcoBots/Content/Assets/Orasot_Bundle/StylizedForestLandscape/Textures/T_Big_Rock_3.uasset" 516
"E:/Projects/EcoBots/Content/Assets/Orasot_Bundle/StylizedForestLandscape/Textures/T_Big_Rock_3.uexp" 517
"E:/Projects/EcoBots/Content/Assets/Orasot_Bundle/StylizedForestLandscape/Textures/T_Big_Rock_3_normal.ubulk" 518
"E:/Projects/EcoBots/Content/Assets/Orasot_Bundle/StylizedForestLandscape/Textures/T_Big_Rock_3_normal.uasset" 519
"E:/Projects/EcoBots/Content/Assets/Orasot_Bundle/StylizedForestLandscape/Textures/T_Big_Rock_3_normal.uexp" 520
"E:/Projects/EcoBots/Content/Assets/Orasot_Bundle/StylizedForestLandscape/Material_Instances/MI_Big_Rock_3.uasset" 521
"E:/Projects/EcoBots/Content/Assets/Orasot_Bundle/StylizedForestLandscape/Material_Instances/MI_Big_Rock_3.uexp" 522
"E:/Projects/EcoBots/Content/Assets/Orasot_Bundle/StylizedForestLandscape/Meshes/SM_Big_Rock_3.uasset" 523
"E:/Projects/EcoBots/Content/Assets/Orasot_Bundle/StylizedForestLandscape/Meshes/SM_Big_Rock_3.uexp" 524
"../../../Engine/Content/EngineSky/T_Sky_Stars.ubulk" 525
"../../../Engine/Content/EngineSky/T_Sky_Stars.uasset" 526
"../../../Engine/Content/EngineSky/T_Sky_Stars.uexp" 527
"../../../Engine/Content/EngineSky/T_Sky_Clouds_M.ubulk" 528
"../../../Engine/Content/EngineSky/T_Sky_Clouds_M.uasset" 529
"../../../Engine/Content/EngineSky/T_Sky_Clouds_M.uexp" 530
"../../../Engine/Content/EngineSky/T_Sky_Blue.ubulk" 531
"../../../Engine/Content/EngineSky/T_Sky_Blue.uasset" 532
"../../../Engine/Content/EngineSky/T_Sky_Blue.uexp" 533
"../../../Engine/Content/EngineSky/M_Sky_Panning_Clouds2.uasset" 534
"../../../Engine/Content/EngineSky/M_Sky_Panning_Clouds2.uexp" 535
"../../../Engine/Content/EngineSky/SM_SkySphere.uasset" 536
"../../../Engine/Content/EngineSky/SM_SkySphere.uexp" 537
"../../../Engine/Content/BasicShapes/Cube.uasset" 538
"../../../Engine/Content/BasicShapes/Cube.uexp" 539
"../../../Engine/Content/Functions/Engine_MaterialFunctions02/ExampleContent/DebugNumberStrip.uasset" 540
"../../../Engine/Content/Functions/Engine_MaterialFunctions02/ExampleContent/DebugNumberStrip.uexp" 541
"../../../Engine/Content/Functions/Engine_MaterialFunctions01/Texturing/ComputeMipLevel.uasset" 542
"../../../Engine/Content/Functions/Engine_MaterialFunctions01/Texturing/ComputeMipLevel.uexp" 543
"../../../Engine/Content/Functions/Engine_MaterialFunctions01/Texturing/TextureCropping.uasset" 544
"../../../Engine/Content/Functions/Engine_MaterialFunctions01/Texturing/TextureCropping.uexp" 545
"../../../Engine/Content/Functions/Engine_MaterialFunctions02/ExampleContent/Textures/DebugNumberPeriod.uasset" 546
"../../../Engine/Content/Functions/Engine_MaterialFunctions02/ExampleContent/Textures/DebugNumberPeriod.uexp" 547
"../../../Engine/Content/Functions/Engine_MaterialFunctions02/Utility/DebugScalarValues.uasset" 548
"../../../Engine/Content/Functions/Engine_MaterialFunctions02/Utility/DebugScalarValues.uexp" 549
"../../../Engine/Content/Functions/Engine_MaterialFunctions02/Utility/DebugFloat2Values.uasset" 550
"../../../Engine/Content/Functions/Engine_MaterialFunctions02/Utility/DebugFloat2Values.uexp" 551
"../../../Engine/Content/Functions/Engine_MaterialFunctions02/ExampleContent/Textures/flipbook.ubulk" 552
"../../../Engine/Content/Functions/Engine_MaterialFunctions02/ExampleContent/Textures/flipbook.uasset" 553
"../../../Engine/Content/Functions/Engine_MaterialFunctions02/ExampleContent/Textures/flipbook.uexp" 554
"../../../Engine/Content/Functions/Engine_MaterialFunctions02/Texturing/FlipBook.uasset" 555
"../../../Engine/Content/Functions/Engine_MaterialFunctions02/Texturing/FlipBook.uexp" 556
"../../../Engine/Content/Functions/Engine_MaterialFunctions02/Utility/MakeFloat3.uasset" 557
"../../../Engine/Content/Functions/Engine_MaterialFunctions02/Utility/MakeFloat3.uexp" 558
"E:/Projects/EcoBots/Content/Assets/StackOBot/FX/Spawn/MF_SpawnEffect.uasset" 559
"E:/Projects/EcoBots/Content/Assets/StackOBot/FX/Spawn/MF_SpawnEffect.uexp" 560
"E:/Projects/EcoBots/Content/Assets/StackOBot/Characters/Bot/Textures/T_Eyes_Atlas.uasset" 561
"E:/Projects/EcoBots/Content/Assets/StackOBot/Characters/Bot/Textures/T_Eyes_Atlas.uexp" 562
"E:/Projects/EcoBots/Content/Assets/StackOBot/Characters/Bot/Textures/T_Bot_FaceBG.ubulk" 563
"E:/Projects/EcoBots/Content/Assets/StackOBot/Characters/Bot/Textures/T_Bot_FaceBG.uasset" 564
"E:/Projects/EcoBots/Content/Assets/StackOBot/Characters/Bot/Textures/T_Bot_FaceBG.uexp" 565
"E:/Projects/EcoBots/Content/Assets/StackOBot/Characters/Bot/Materials/M_BotLedOrange.uasset" 566
"E:/Projects/EcoBots/Content/Assets/StackOBot/Characters/Bot/Materials/M_BotLedOrange.uexp" 567
"E:/Projects/EcoBots/Content/Assets/media/img/WoodItemIcon.ubulk" 568
"E:/Projects/EcoBots/Content/Assets/media/img/WoodItemIcon.uasset" 569
"E:/Projects/EcoBots/Content/Assets/media/img/WoodItemIcon.uexp" 570
"../../../Engine/Content/BasicShapes/Cylinder.uasset" 571
"../../../Engine/Content/BasicShapes/Cylinder.uexp" 572
"E:/Projects/EcoBots/Content/Assets/LUSH_StylizedEnvironmentSet/Foliage/Trees/Textures/T_Bark_02_D.ubulk" 573
"E:/Projects/EcoBots/Content/Assets/LUSH_StylizedEnvironmentSet/Foliage/Trees/Textures/T_Bark_02_D.uasset" 574
"E:/Projects/EcoBots/Content/Assets/LUSH_StylizedEnvironmentSet/Foliage/Trees/Textures/T_Bark_02_D.uexp" 575
"E:/Projects/EcoBots/Content/Assets/LUSH_StylizedEnvironmentSet/Foliage/Trees/Textures/T_Bark_02_RAOH.ubulk" 576
"E:/Projects/EcoBots/Content/Assets/LUSH_StylizedEnvironmentSet/Foliage/Trees/Textures/T_Bark_02_RAOH.uasset" 577
"E:/Projects/EcoBots/Content/Assets/LUSH_StylizedEnvironmentSet/Foliage/Trees/Textures/T_Bark_02_RAOH.uexp" 578
"E:/Projects/EcoBots/Content/Assets/LUSH_StylizedEnvironmentSet/Foliage/Trees/Textures/T_Bark_02_N.ubulk" 579
"E:/Projects/EcoBots/Content/Assets/LUSH_StylizedEnvironmentSet/Foliage/Trees/Textures/T_Bark_02_N.uasset" 580
"E:/Projects/EcoBots/Content/Assets/LUSH_StylizedEnvironmentSet/Foliage/Trees/Textures/T_Bark_02_N.uexp" 581
"E:/Projects/EcoBots/Content/Assets/LUSH_StylizedEnvironmentSet/Foliage/Trees/Textures/T_Bark_01_D.ubulk" 582
"E:/Projects/EcoBots/Content/Assets/LUSH_StylizedEnvironmentSet/Foliage/Trees/Textures/T_Bark_01_D.uasset" 583
"E:/Projects/EcoBots/Content/Assets/LUSH_StylizedEnvironmentSet/Foliage/Trees/Textures/T_Bark_01_D.uexp" 584
"E:/Projects/EcoBots/Content/Assets/LUSH_StylizedEnvironmentSet/Foliage/Trees/Textures/T_Bark_01_N.ubulk" 585
"E:/Projects/EcoBots/Content/Assets/LUSH_StylizedEnvironmentSet/Foliage/Trees/Textures/T_Bark_01_N.uasset" 586
"E:/Projects/EcoBots/Content/Assets/LUSH_StylizedEnvironmentSet/Foliage/Trees/Textures/T_Bark_01_N.uexp" 587
"E:/Projects/EcoBots/Content/Assets/LUSH_StylizedEnvironmentSet/Foliage/Trees/Textures/T_Bark_01_RAOH.ubulk" 588
"E:/Projects/EcoBots/Content/Assets/LUSH_StylizedEnvironmentSet/Foliage/Trees/Textures/T_Bark_01_RAOH.uasset" 589
"E:/Projects/EcoBots/Content/Assets/LUSH_StylizedEnvironmentSet/Foliage/Trees/Textures/T_Bark_01_RAOH.uexp" 590
"E:/Projects/EcoBots/Content/Assets/LUSH_StylizedEnvironmentSet/Foliage/Trees/Materials/M_Bark_Base.uasset" 591
"E:/Projects/EcoBots/Content/Assets/LUSH_StylizedEnvironmentSet/Foliage/Trees/Materials/M_Bark_Base.uexp" 592
"E:/Projects/EcoBots/Content/Assets/LUSH_StylizedEnvironmentSet/Foliage/Trees/Materials/MI_Bark_05.uasset" 593
"E:/Projects/EcoBots/Content/Assets/LUSH_StylizedEnvironmentSet/Foliage/Trees/Materials/MI_Bark_05.uexp" 594
"../../../Engine/Content/VREditor/LaserPointer/LaserPointerMaterial.uasset" 595
"../../../Engine/Content/VREditor/LaserPointer/LaserPointerMaterial.uexp" 596
"../../../Engine/Content/VREditor/LaserPointer/LaserPointerMaterial_Inst.uasset" 597
"../../../Engine/Content/VREditor/LaserPointer/LaserPointerMaterial_Inst.uexp" 598
"E:/Projects/EcoBots/Content/Assets/StackOBot/Environment/Materials/Textures/T_ConcreteTileable_M.ubulk" 599
"E:/Projects/EcoBots/Content/Assets/StackOBot/Environment/Materials/Textures/T_ConcreteTileable_M.uasset" 600
"E:/Projects/EcoBots/Content/Assets/StackOBot/Environment/Materials/Textures/T_ConcreteTileable_M.uexp" 601
"../../../Engine/Content/ArtTools/RenderToTexture/Textures/127grey.uasset" 602
"../../../Engine/Content/ArtTools/RenderToTexture/Textures/127grey.uexp" 603
"E:/Projects/EcoBots/Content/Assets/StackOBot/Environment/Materials/Textures/T_ConcreteTileable_N.ubulk" 604
"E:/Projects/EcoBots/Content/Assets/StackOBot/Environment/Materials/Textures/T_ConcreteTileable_N.uasset" 605
"E:/Projects/EcoBots/Content/Assets/StackOBot/Environment/Materials/Textures/T_ConcreteTileable_N.uexp" 606
"E:/Projects/EcoBots/Content/Assets/StackOBot/Environment/Landscape/Textures/RVT_Crater_H.uasset" 607
"E:/Projects/EcoBots/Content/Assets/StackOBot/Environment/Landscape/Textures/RVT_Crater_H.uexp" 608
"../../../Engine/Content/EngineMaterials/BaseFlattenNormalMap.uasset" 609
"../../../Engine/Content/EngineMaterials/BaseFlattenNormalMap.uexp" 610
"E:/Projects/EcoBots/Content/Assets/StackOBot/Environment/Foilage/Textures/Wind.ubulk" 611
"E:/Projects/EcoBots/Content/Assets/StackOBot/Environment/Foilage/Textures/Wind.uasset" 612
"E:/Projects/EcoBots/Content/Assets/StackOBot/Environment/Foilage/Textures/Wind.uexp" 613
"../../../Engine/Content/Functions/Engine_MaterialFunctions02/Utility/BlendAngleCorrectedNormals.uasset" 614
"../../../Engine/Content/Functions/Engine_MaterialFunctions02/Utility/BlendAngleCorrectedNormals.uexp" 615
"../../../Engine/Content/Functions/Engine_MaterialFunctions01/Texturing/FlattenNormal.uasset" 616
"../../../Engine/Content/Functions/Engine_MaterialFunctions01/Texturing/FlattenNormal.uexp" 617
"E:/Projects/EcoBots/Content/Assets/StackOBot/Environment/Materials/MF_WorldSpaceUV.uasset" 618
"E:/Projects/EcoBots/Content/Assets/StackOBot/Environment/Materials/MF_WorldSpaceUV.uexp" 619
"E:/Projects/EcoBots/Content/Assets/StackOBot/Environment/Materials/Textures/T_SandTileabe_BC.ubulk" 620
"E:/Projects/EcoBots/Content/Assets/StackOBot/Environment/Materials/Textures/T_SandTileabe_BC.uasset" 621
"E:/Projects/EcoBots/Content/Assets/StackOBot/Environment/Materials/Textures/T_SandTileabe_BC.uexp" 622
"E:/Projects/EcoBots/Content/Assets/StackOBot/Environment/Materials/MPC_DataSet.uasset" 623
"E:/Projects/EcoBots/Content/Assets/StackOBot/Environment/Materials/MPC_DataSet.uexp" 624
"E:/Projects/EcoBots/Content/Assets/StackOBot/Environment/Materials/ML_Base.uasset" 625
"E:/Projects/EcoBots/Content/Assets/StackOBot/Environment/Materials/ML_Base.uexp" 626
"E:/Projects/EcoBots/Content/Assets/StackOBot/Environment/Materials/M_TileMaster.uasset" 627
"E:/Projects/EcoBots/Content/Assets/StackOBot/Environment/Materials/M_TileMaster.uexp" 628
"E:/Projects/EcoBots/Content/Assets/StackOBot/Environment/Materials/MI_Metal.uasset" 629
"E:/Projects/EcoBots/Content/Assets/StackOBot/Environment/Materials/MI_Metal.uexp" 630
"E:/Projects/EcoBots/Content/Assets/StackOBot/Environment/Materials/Textures/T_Grunge_A.ubulk" 631
"E:/Projects/EcoBots/Content/Assets/StackOBot/Environment/Materials/Textures/T_Grunge_A.uasset" 632
"E:/Projects/EcoBots/Content/Assets/StackOBot/Environment/Materials/Textures/T_Grunge_A.uexp" 633
"E:/Projects/EcoBots/Content/Assets/StackOBot/Environment/Materials/Textures/T_Metal_Painted_N.ubulk" 634
"E:/Projects/EcoBots/Content/Assets/StackOBot/Environment/Materials/Textures/T_Metal_Painted_N.uasset" 635
"E:/Projects/EcoBots/Content/Assets/StackOBot/Environment/Materials/Textures/T_Metal_Painted_N.uexp" 636
"E:/Projects/EcoBots/Content/Assets/StackOBot/Environment/Materials/MI_Plastic.uasset" 637
"E:/Projects/EcoBots/Content/Assets/StackOBot/Environment/Materials/MI_Plastic.uexp" 638
"E:/Projects/EcoBots/Content/Assets/StackOBot/Environment/Props/SM_SpawnPad_Ring.uasset" 639
"E:/Projects/EcoBots/Content/Assets/StackOBot/Environment/Props/SM_SpawnPad_Ring.uexp" 640
"E:/Projects/EcoBots/Content/Blueprints/Items/BP_WoodItem.uasset" 641
"E:/Projects/EcoBots/Content/Blueprints/Items/BP_WoodItem.uexp" 642
"E:/Projects/EcoBots/Content/Blueprints/Items/InventoryItems/BP_WoodInventoryItem.uasset" 643
"E:/Projects/EcoBots/Content/Blueprints/Items/InventoryItems/BP_WoodInventoryItem.uexp" 644
"E:/Projects/EcoBots/Content/Assets/Orasot_Bundle/Stylized_Landscape_5_Bioms/Biom_Red/Bridge/Assets/Textures/T_Rope_n.ubulk" 645
"E:/Projects/EcoBots/Content/Assets/Orasot_Bundle/Stylized_Landscape_5_Bioms/Biom_Red/Bridge/Assets/Textures/T_Rope_n.uasset" 646
"E:/Projects/EcoBots/Content/Assets/Orasot_Bundle/Stylized_Landscape_5_Bioms/Biom_Red/Bridge/Assets/Textures/T_Rope_n.uexp" 647
"E:/Projects/EcoBots/Content/Assets/Orasot_Bundle/Stylized_Landscape_5_Bioms/Global/RVT/RVT_Landscape_Height.uasset" 648
"E:/Projects/EcoBots/Content/Assets/Orasot_Bundle/Stylized_Landscape_5_Bioms/Global/RVT/RVT_Landscape_Height.uexp" 649
"E:/Projects/EcoBots/Content/Assets/Orasot_Bundle/Stylized_Landscape_5_Bioms/Global/RVT/RVT_Landscape_Material.uasset" 650
"E:/Projects/EcoBots/Content/Assets/Orasot_Bundle/Stylized_Landscape_5_Bioms/Global/RVT/RVT_Landscape_Material.uexp" 651
"E:/Projects/EcoBots/Content/Assets/Orasot_Bundle/Stylized_Landscape_5_Bioms/Biom_Green/Textures/T_Gravel_1_h.ubulk" 652
"E:/Projects/EcoBots/Content/Assets/Orasot_Bundle/Stylized_Landscape_5_Bioms/Biom_Green/Textures/T_Gravel_1_h.uasset" 653
"E:/Projects/EcoBots/Content/Assets/Orasot_Bundle/Stylized_Landscape_5_Bioms/Biom_Green/Textures/T_Gravel_1_h.uexp" 654
"E:/Projects/EcoBots/Content/Assets/Orasot_Bundle/Stylized_Landscape_5_Bioms/Global/Material_Functions/MF_RVT.uasset" 655
"E:/Projects/EcoBots/Content/Assets/Orasot_Bundle/Stylized_Landscape_5_Bioms/Global/Material_Functions/MF_RVT.uexp" 656
"../../../Engine/Content/EngineMaterials/BaseFlattenGrayscaleMap.uasset" 657
"../../../Engine/Content/EngineMaterials/BaseFlattenGrayscaleMap.uexp" 658
"../../../Engine/Content/EngineMaterials/BaseFlattenDiffuseMap.uasset" 659
"../../../Engine/Content/EngineMaterials/BaseFlattenDiffuseMap.uexp" 660
"../../../Engine/Content/Functions/Engine_MaterialFunctions02/PivotPainter2/Black_1x1_EXR_Texture.uasset" 661
"../../../Engine/Content/Functions/Engine_MaterialFunctions02/PivotPainter2/Black_1x1_EXR_Texture.uexp" 662
"../../../Engine/Content/EngineMaterials/BaseFlattenEmissiveMap.uasset" 663
"../../../Engine/Content/EngineMaterials/BaseFlattenEmissiveMap.uexp" 664
"../../../Engine/Content/EngineMaterials/BaseFlattenLinearColor.uasset" 665
"../../../Engine/Content/EngineMaterials/BaseFlattenLinearColor.uexp" 666
"../../../Engine/Content/EngineMaterials/FlattenMaterial.uasset" 667
"../../../Engine/Content/EngineMaterials/FlattenMaterial.uexp" 668
"../../../Engine/Content/BasicShapes/M_Cube_WorldGridMaterial_8D67460644F5AEE976EC80B26230FFEB.ubulk" 669
"../../../Engine/Content/BasicShapes/M_Cube_WorldGridMaterial_8D67460644F5AEE976EC80B26230FFEB.uasset" 670
"../../../Engine/Content/BasicShapes/M_Cube_WorldGridMaterial_8D67460644F5AEE976EC80B26230FFEB.uexp" 671
"../../../Engine/Content/EngineMaterials/DefaultNormal.ubulk" 672
"../../../Engine/Content/EngineMaterials/DefaultNormal.uasset" 673
"../../../Engine/Content/EngineMaterials/DefaultNormal.uexp" 674
"E:/Projects/EcoBots/Content/Assets/Orasot_Bundle/Stylized_Landscape_5_Bioms/Global/Material_Functions/MF_Normal_Intensity.uasset" 675
"E:/Projects/EcoBots/Content/Assets/Orasot_Bundle/Stylized_Landscape_5_Bioms/Global/Material_Functions/MF_Normal_Intensity.uexp" 676
"E:/Projects/EcoBots/Content/Assets/Orasot_Bundle/Stylized_Landscape_5_Bioms/Global/Materials/M_Assets_MasterMat.uasset" 677
"E:/Projects/EcoBots/Content/Assets/Orasot_Bundle/Stylized_Landscape_5_Bioms/Global/Materials/M_Assets_MasterMat.uexp" 678
"E:/Projects/EcoBots/Content/Assets/Orasot_Bundle/Stylized_Landscape_5_Bioms/Biom_Red/Bridge/Assets/Textures/T_Rope.ubulk" 679
"E:/Projects/EcoBots/Content/Assets/Orasot_Bundle/Stylized_Landscape_5_Bioms/Biom_Red/Bridge/Assets/Textures/T_Rope.uasset" 680
"E:/Projects/EcoBots/Content/Assets/Orasot_Bundle/Stylized_Landscape_5_Bioms/Biom_Red/Bridge/Assets/Textures/T_Rope.uexp" 681
"E:/Projects/EcoBots/Content/Assets/Orasot_Bundle/Stylized_Landscape_5_Bioms/Biom_Red/Bridge/Assets/Material_Instances/MI_Rope.uasset" 682
"E:/Projects/EcoBots/Content/Assets/Orasot_Bundle/Stylized_Landscape_5_Bioms/Biom_Red/Bridge/Assets/Material_Instances/MI_Rope.uexp" 683
"E:/Projects/EcoBots/Content/Assets/Orasot_Bundle/Stylized_Landscape_5_Bioms/Biom_Red/Bridge/Assets/StaticMeshes/SM_Rope.uasset" 684
"E:/Projects/EcoBots/Content/Assets/Orasot_Bundle/Stylized_Landscape_5_Bioms/Biom_Red/Bridge/Assets/StaticMeshes/SM_Rope.uexp" 685
"E:/Projects/EcoBots/Content/Assets/Orasot_Bundle/Stylized_Landscape_5_Bioms/Biom_Desert/Textures/Tree_1/T_Impostor_Tree_1_n.ubulk" 686
"E:/Projects/EcoBots/Content/Assets/Orasot_Bundle/Stylized_Landscape_5_Bioms/Biom_Desert/Textures/Tree_1/T_Impostor_Tree_1_n.uasset" 687
"E:/Projects/EcoBots/Content/Assets/Orasot_Bundle/Stylized_Landscape_5_Bioms/Biom_Desert/Textures/Tree_1/T_Impostor_Tree_1_n.uexp" 688
"E:/Projects/EcoBots/Content/Assets/Orasot_Bundle/Stylized_Landscape_5_Bioms/Biom_Red/Textures/Imposter_Tree_3/T_Impostor_Tree_3_s.ubulk" 689
"E:/Projects/EcoBots/Content/Assets/Orasot_Bundle/Stylized_Landscape_5_Bioms/Biom_Red/Textures/Imposter_Tree_3/T_Impostor_Tree_3_s.uasset" 690
"E:/Projects/EcoBots/Content/Assets/Orasot_Bundle/Stylized_Landscape_5_Bioms/Biom_Red/Textures/Imposter_Tree_3/T_Impostor_Tree_3_s.uexp" 691
"E:/Projects/EcoBots/Content/Assets/Orasot_Bundle/Stylized_Landscape_5_Bioms/Global/Material_Functions/MF_Imposter_TriangleInterpolator.uasset" 692
"E:/Projects/EcoBots/Content/Assets/Orasot_Bundle/Stylized_Landscape_5_Bioms/Global/Material_Functions/MF_Imposter_TriangleInterpolator.uexp" 693
"E:/Projects/EcoBots/Content/Assets/Orasot_Bundle/Stylized_Landscape_5_Bioms/Global/Material_Functions/MF_Imposter_HemiOctahedronToUnitVector.uasset" 694
"E:/Projects/EcoBots/Content/Assets/Orasot_Bundle/Stylized_Landscape_5_Bioms/Global/Material_Functions/MF_Imposter_HemiOctahedronToUnitVector.uexp" 695
"../../../Engine/Content/Functions/Engine_MaterialFunctions01/Vectors/OctahedronToUnitVector.uasset" 696
"../../../Engine/Content/Functions/Engine_MaterialFunctions01/Vectors/OctahedronToUnitVector.uexp" 697
"E:/Projects/EcoBots/Content/Assets/Orasot_Bundle/Stylized_Landscape_5_Bioms/Global/Material_Functions/MF_Imposter_ImposterFrameTransform_Setup.uasset" 698
"E:/Projects/EcoBots/Content/Assets/Orasot_Bundle/Stylized_Landscape_5_Bioms/Global/Material_Functions/MF_Imposter_ImposterFrameTransform_Setup.uexp" 699
"E:/Projects/EcoBots/Content/Assets/Orasot_Bundle/Stylized_Landscape_5_Bioms/Global/Material_Functions/MF_Imposter_OverrideMobile.uasset" 700
"E:/Projects/EcoBots/Content/Assets/Orasot_Bundle/Stylized_Landscape_5_Bioms/Global/Material_Functions/MF_Imposter_OverrideMobile.uexp" 701
"../../../Engine/Content/Functions/Engine_MaterialFunctions02/Math/InverseTransformMatrix.uasset" 702
"../../../Engine/Content/Functions/Engine_MaterialFunctions02/Math/InverseTransformMatrix.uexp" 703
"E:/Projects/EcoBots/Content/Assets/Orasot_Bundle/Stylized_Landscape_5_Bioms/Global/Material_Functions/MF_Imposter_UnitVectorToHemiOctahedra.uasset" 704
"E:/Projects/EcoBots/Content/Assets/Orasot_Bundle/Stylized_Landscape_5_Bioms/Global/Material_Functions/MF_Imposter_UnitVectorToHemiOctahedra.uexp" 705
"E:/Projects/EcoBots/Content/Assets/Orasot_Bundle/Stylized_Landscape_5_Bioms/Global/Material_Functions/MF_Imposter_ImpostorInfo.uasset" 706
"E:/Projects/EcoBots/Content/Assets/Orasot_Bundle/Stylized_Landscape_5_Bioms/Global/Material_Functions/MF_Imposter_ImpostorInfo.uexp" 707
"../../../Engine/Content/EngineResources/Black.uasset" 708
"../../../Engine/Content/EngineResources/Black.uexp" 709
"E:/Projects/EcoBots/Content/Assets/Orasot_Bundle/Stylized_Landscape_5_Bioms/Global/Material_Functions/MF_Imposter_Impostor_SingleFrameVersion.uasset" 710
"E:/Projects/EcoBots/Content/Assets/Orasot_Bundle/Stylized_Landscape_5_Bioms/Global/Material_Functions/MF_Imposter_Impostor_SingleFrameVersion.uexp" 711
"../../../Engine/Content/Functions/Engine_MaterialFunctions02/Math/CreateThirdOrthogonalVector.uasset" 712
"../../../Engine/Content/Functions/Engine_MaterialFunctions02/Math/CreateThirdOrthogonalVector.uexp" 713
"E:/Projects/EcoBots/Content/Assets/Orasot_Bundle/Stylized_Landscape_5_Bioms/Global/Material_Functions/MF_Imposter_VirtualPlaneCoordinates_Imposter.uasset" 714
"E:/Projects/EcoBots/Content/Assets/Orasot_Bundle/Stylized_Landscape_5_Bioms/Global/Material_Functions/MF_Imposter_VirtualPlaneCoordinates_Imposter.uexp" 715
"E:/Projects/EcoBots/Content/Assets/Orasot_Bundle/Stylized_Landscape_5_Bioms/Global/Material_Functions/MF_Imposter_ImposterFrameTransform.uasset" 716
"E:/Projects/EcoBots/Content/Assets/Orasot_Bundle/Stylized_Landscape_5_Bioms/Global/Material_Functions/MF_Imposter_ImposterFrameTransform.uexp" 717
"../../../Engine/Content/Functions/Engine_MaterialFunctions01/Vectors/UnitVectorToOctahedron.uasset" 718
"../../../Engine/Content/Functions/Engine_MaterialFunctions01/Vectors/UnitVectorToOctahedron.uexp" 719
"../../../Engine/Content/Functions/Engine_MaterialFunctions02/WorldPositionOffset/ComponentPivotLocation.uasset" 720
"../../../Engine/Content/Functions/Engine_MaterialFunctions02/WorldPositionOffset/ComponentPivotLocation.uexp" 721
"E:/Projects/EcoBots/Content/Assets/Orasot_Bundle/Stylized_Landscape_5_Bioms/Global/Material_Functions/MF_Imposter_Sprite_PositionBased.uasset" 722
"E:/Projects/EcoBots/Content/Assets/Orasot_Bundle/Stylized_Landscape_5_Bioms/Global/Material_Functions/MF_Imposter_Sprite_PositionBased.uexp" 723
"../../../Engine/Content/Functions/Engine_MaterialFunctions02/WorldPositionOffset/Sprite.uasset" 724
"../../../Engine/Content/Functions/Engine_MaterialFunctions02/WorldPositionOffset/Sprite.uexp" 725
"E:/Projects/EcoBots/Content/Assets/Orasot_Bundle/Stylized_Landscape_5_Bioms/Global/Material_Functions/MF_Imposter_FrameBlendWeights.uasset" 726
"E:/Projects/EcoBots/Content/Assets/Orasot_Bundle/Stylized_Landscape_5_Bioms/Global/Material_Functions/MF_Imposter_FrameBlendWeights.uexp" 727
"E:/Projects/EcoBots/Content/Assets/Orasot_Bundle/Stylized_Landscape_5_Bioms/Global/Material_Functions/MF_Imposter_FrameBlendWeights_TextureObject.uasset" 728
"E:/Projects/EcoBots/Content/Assets/Orasot_Bundle/Stylized_Landscape_5_Bioms/Global/Material_Functions/MF_Imposter_FrameBlendWeights_TextureObject.uexp" 729
"E:/Projects/EcoBots/Content/Assets/Orasot_Bundle/Stylized_Landscape_5_Bioms/Global/Material_Functions/MF_Impostor.uasset" 730
"E:/Projects/EcoBots/Content/Assets/Orasot_Bundle/Stylized_Landscape_5_Bioms/Global/Material_Functions/MF_Impostor.uexp" 731
"E:/Projects/EcoBots/Content/Assets/Orasot_Bundle/Stylized_Landscape_5_Bioms/Biom_Bamboo/Textures/Imposter_Bamboo_2/T_Impostor_Bamboo_2_e.ubulk" 732
"E:/Projects/EcoBots/Content/Assets/Orasot_Bundle/Stylized_Landscape_5_Bioms/Biom_Bamboo/Textures/Imposter_Bamboo_2/T_Impostor_Bamboo_2_e.uasset" 733
"E:/Projects/EcoBots/Content/Assets/Orasot_Bundle/Stylized_Landscape_5_Bioms/Biom_Bamboo/Textures/Imposter_Bamboo_2/T_Impostor_Bamboo_2_e.uexp" 734
"E:/Projects/EcoBots/Content/Assets/Orasot_Bundle/Stylized_Landscape_5_Bioms/Global/Materials/M_Impostor_SimpleOffset.uasset" 735
"E:/Projects/EcoBots/Content/Assets/Orasot_Bundle/Stylized_Landscape_5_Bioms/Global/Materials/M_Impostor_SimpleOffset.uexp" 736
"E:/Projects/EcoBots/Content/Assets/Orasot_Bundle/Stylized_Landscape_5_Bioms/Biom_Desert/Textures/Tree_1/T_Impostor_Tree_1_e.ubulk" 737
"E:/Projects/EcoBots/Content/Assets/Orasot_Bundle/Stylized_Landscape_5_Bioms/Biom_Desert/Textures/Tree_1/T_Impostor_Tree_1_e.uasset" 738
"E:/Projects/EcoBots/Content/Assets/Orasot_Bundle/Stylized_Landscape_5_Bioms/Biom_Desert/Textures/Tree_1/T_Impostor_Tree_1_e.uexp" 739
"E:/Projects/EcoBots/Content/Assets/Orasot_Bundle/Stylized_Landscape_5_Bioms/Biom_Desert/Textures/Tree_1/T_Impostor_Tree_1.ubulk" 740
"E:/Projects/EcoBots/Content/Assets/Orasot_Bundle/Stylized_Landscape_5_Bioms/Biom_Desert/Textures/Tree_1/T_Impostor_Tree_1.uasset" 741
"E:/Projects/EcoBots/Content/Assets/Orasot_Bundle/Stylized_Landscape_5_Bioms/Biom_Desert/Textures/Tree_1/T_Impostor_Tree_1.uexp" 742
"E:/Projects/EcoBots/Content/Assets/Orasot_Bundle/Stylized_Landscape_5_Bioms/Biom_Desert/Material_Instances/MI_Impostor_Tree_1.uasset" 743
"E:/Projects/EcoBots/Content/Assets/Orasot_Bundle/Stylized_Landscape_5_Bioms/Biom_Desert/Material_Instances/MI_Impostor_Tree_1.uexp" 744
"../../../Engine/Content/Functions/Engine_MaterialFunctions02/SplitComponents.uasset" 745
"../../../Engine/Content/Functions/Engine_MaterialFunctions02/SplitComponents.uexp" 746
"E:/Projects/EcoBots/Content/Assets/Orasot_Bundle/Stylized_Landscape_5_Bioms/Global/Textures/T_Noise.ubulk" 747
"E:/Projects/EcoBots/Content/Assets/Orasot_Bundle/Stylized_Landscape_5_Bioms/Global/Textures/T_Noise.uasset" 748
"E:/Projects/EcoBots/Content/Assets/Orasot_Bundle/Stylized_Landscape_5_Bioms/Global/Textures/T_Noise.uexp" 749
"../../../Engine/Content/Functions/Engine_MaterialFunctions02/Utility/AppendMany.uasset" 750
"../../../Engine/Content/Functions/Engine_MaterialFunctions02/Utility/AppendMany.uexp" 751
"E:/Projects/EcoBots/Content/Assets/Orasot_Bundle/Stylized_Landscape_5_Bioms/Global/Material_Functions/MF_Wind.uasset" 752
"E:/Projects/EcoBots/Content/Assets/Orasot_Bundle/Stylized_Landscape_5_Bioms/Global/Material_Functions/MF_Wind.uexp" 753
"E:/Projects/EcoBots/Content/Assets/Orasot_Bundle/Stylized_Landscape_5_Bioms/Biom_Green/Textures/T_Leaf.uasset" 754
"E:/Projects/EcoBots/Content/Assets/Orasot_Bundle/Stylized_Landscape_5_Bioms/Biom_Green/Textures/T_Leaf.uexp" 755
"E:/Projects/EcoBots/Content/Assets/Orasot_Bundle/Stylized_Landscape_5_Bioms/Global/Materials/M_Master_Leaf.uasset" 756
"E:/Projects/EcoBots/Content/Assets/Orasot_Bundle/Stylized_Landscape_5_Bioms/Global/Materials/M_Master_Leaf.uexp" 757
"E:/Projects/EcoBots/Content/Assets/Orasot_Bundle/Stylized_Landscape_5_Bioms/Biom_Green/Textures/T_Bush_Card.ubulk" 758
"E:/Projects/EcoBots/Content/Assets/Orasot_Bundle/Stylized_Landscape_5_Bioms/Biom_Green/Textures/T_Bush_Card.uasset" 759
"E:/Projects/EcoBots/Content/Assets/Orasot_Bundle/Stylized_Landscape_5_Bioms/Biom_Green/Textures/T_Bush_Card.uexp" 760
"E:/Projects/EcoBots/Content/Assets/Orasot_Bundle/Stylized_Landscape_5_Bioms/Biom_Desert/Material_Instances/MI_Leaves_A_light_orange.uasset" 761
"E:/Projects/EcoBots/Content/Assets/Orasot_Bundle/Stylized_Landscape_5_Bioms/Biom_Desert/Material_Instances/MI_Leaves_A_light_orange.uexp" 762
"E:/Projects/EcoBots/Content/Assets/Orasot_Bundle/Stylized_Landscape_5_Bioms/Biom_Green/Textures/T_Tree_BarL_h.ubulk" 763
"E:/Projects/EcoBots/Content/Assets/Orasot_Bundle/Stylized_Landscape_5_Bioms/Biom_Green/Textures/T_Tree_BarL_h.uasset" 764
"E:/Projects/EcoBots/Content/Assets/Orasot_Bundle/Stylized_Landscape_5_Bioms/Biom_Green/Textures/T_Tree_BarL_h.uexp" 765
"E:/Projects/EcoBots/Content/Assets/Orasot_Bundle/Stylized_Landscape_5_Bioms/Biom_Green/Textures/T_Bark_n.ubulk" 766
"E:/Projects/EcoBots/Content/Assets/Orasot_Bundle/Stylized_Landscape_5_Bioms/Biom_Green/Textures/T_Bark_n.uasset" 767
"E:/Projects/EcoBots/Content/Assets/Orasot_Bundle/Stylized_Landscape_5_Bioms/Biom_Green/Textures/T_Bark_n.uexp" 768
"E:/Projects/EcoBots/Content/Assets/Orasot_Bundle/Stylized_Landscape_5_Bioms/Biom_Green/Textures/T_Bark.ubulk" 769
"E:/Projects/EcoBots/Content/Assets/Orasot_Bundle/Stylized_Landscape_5_Bioms/Biom_Green/Textures/T_Bark.uasset" 770
"E:/Projects/EcoBots/Content/Assets/Orasot_Bundle/Stylized_Landscape_5_Bioms/Biom_Green/Textures/T_Bark.uexp" 771
"E:/Projects/EcoBots/Content/Assets/Orasot_Bundle/Stylized_Landscape_5_Bioms/Biom_Desert/Textures/T_Palm.ubulk" 772
"E:/Projects/EcoBots/Content/Assets/Orasot_Bundle/Stylized_Landscape_5_Bioms/Biom_Desert/Textures/T_Palm.uasset" 773
"E:/Projects/EcoBots/Content/Assets/Orasot_Bundle/Stylized_Landscape_5_Bioms/Biom_Desert/Textures/T_Palm.uexp" 774
"E:/Projects/EcoBots/Content/Assets/Orasot_Bundle/Stylized_Landscape_5_Bioms/Biom_Desert/Textures/T_Palm_n.ubulk" 775
"E:/Projects/EcoBots/Content/Assets/Orasot_Bundle/Stylized_Landscape_5_Bioms/Biom_Desert/Textures/T_Palm_n.uasset" 776
"E:/Projects/EcoBots/Content/Assets/Orasot_Bundle/Stylized_Landscape_5_Bioms/Biom_Desert/Textures/T_Palm_n.uexp" 777
"E:/Projects/EcoBots/Content/Assets/Orasot_Bundle/Stylized_Landscape_5_Bioms/Biom_Desert/Material_Instances/MI_Palm_Bark.uasset" 778
"E:/Projects/EcoBots/Content/Assets/Orasot_Bundle/Stylized_Landscape_5_Bioms/Biom_Desert/Material_Instances/MI_Palm_Bark.uexp" 779
"E:/Projects/EcoBots/Content/Assets/Orasot_Bundle/Stylized_Landscape_5_Bioms/Biom_Green/Material_Instances/MI_Tree_Bark.uasset" 780
"E:/Projects/EcoBots/Content/Assets/Orasot_Bundle/Stylized_Landscape_5_Bioms/Biom_Green/Material_Instances/MI_Tree_Bark.uexp" 781
"E:/Projects/EcoBots/Content/Assets/Orasot_Bundle/Stylized_Landscape_5_Bioms/Biom_Desert/StaticMeshes/SM_Hero_Tree_1_with_Roots.uasset" 782
"E:/Projects/EcoBots/Content/Assets/Orasot_Bundle/Stylized_Landscape_5_Bioms/Biom_Desert/StaticMeshes/SM_Hero_Tree_1_with_Roots.uexp" 783
"../../../Engine/Content/MapTemplates/Sky/DaylightAmbientCubemap.uasset" 784
"../../../Engine/Content/MapTemplates/Sky/DaylightAmbientCubemap.uexp" 785
"../../../Engine/Content/Functions/Engine_MaterialFunctions02/ExampleContent/Textures/newhplaneAlphaMap.ubulk" 786
"../../../Engine/Content/Functions/Engine_MaterialFunctions02/ExampleContent/Textures/newhplaneAlphaMap.uasset" 787
"../../../Engine/Content/Functions/Engine_MaterialFunctions02/ExampleContent/Textures/newhplaneAlphaMap.uexp" 788
"../../../Engine/Content/Functions/Engine_MaterialFunctions02/ExampleContent/Textures/newhplaneNormalsMap.ubulk" 789
"../../../Engine/Content/Functions/Engine_MaterialFunctions02/ExampleContent/Textures/newhplaneNormalsMap.uasset" 790
"../../../Engine/Content/Functions/Engine_MaterialFunctions02/ExampleContent/Textures/newhplaneNormalsMap.uexp" 791
"../../../Engine/Content/Functions/Engine_MaterialFunctions02/ExampleContent/Textures/newhplaneHeightMap.ubulk" 792
"../../../Engine/Content/Functions/Engine_MaterialFunctions02/ExampleContent/Textures/newhplaneHeightMap.uasset" 793
"../../../Engine/Content/Functions/Engine_MaterialFunctions02/ExampleContent/Textures/newhplaneHeightMap.uexp" 794
"../../../Engine/Content/Functions/Engine_MaterialFunctions02/Texturing/3dParticleOpacity.uasset" 795
"../../../Engine/Content/Functions/Engine_MaterialFunctions02/Texturing/3dParticleOpacity.uexp" 796
"../../../Engine/Content/Functions/Engine_MaterialFunctions02/ExampleContent/Textures/newhplaneLightingMap.ubulk" 797
"../../../Engine/Content/Functions/Engine_MaterialFunctions02/ExampleContent/Textures/newhplaneLightingMap.uasset" 798
"../../../Engine/Content/Functions/Engine_MaterialFunctions02/ExampleContent/Textures/newhplaneLightingMap.uexp" 799
"../../../Engine/Content/Functions/Engine_MaterialFunctions02/ExampleContent/3dParticleOpacity_Mat.uasset" 800
"../../../Engine/Content/Functions/Engine_MaterialFunctions02/ExampleContent/3dParticleOpacity_Mat.uexp" 801
"E:/Projects/EcoBots/Content/Blueprints/Items/BP_RootRopeItem.uasset" 802
"E:/Projects/EcoBots/Content/Blueprints/Items/BP_RootRopeItem.uexp" 803
"E:/Projects/EcoBots/Content/Assets/media/img/RootRope.uasset" 804
"E:/Projects/EcoBots/Content/Assets/media/img/RootRope.uexp" 805
"E:/Projects/EcoBots/Content/Blueprints/Items/InventoryItems/BP_RootRopeInventoryItem.uasset" 806
"E:/Projects/EcoBots/Content/Blueprints/Items/InventoryItems/BP_RootRopeInventoryItem.uexp" 807
"E:/Projects/EcoBots/Content/Assets/media/img/CraftableFenceIcon.uasset" 808
"E:/Projects/EcoBots/Content/Assets/media/img/CraftableFenceIcon.uexp" 809
"E:/Projects/EcoBots/Content/Assets/media/fonts/Robot_Roc.uexp" 810
"E:/Projects/EcoBots/Content/Assets/media/fonts/Robot_Roc.uasset" 811
"E:/Projects/EcoBots/Content/Assets/media/fonts/Robot_Roc.ufont" 812
"E:/Projects/EcoBots/Content/Assets/media/fonts/Robot_Roc_Font.uasset" 813
"E:/Projects/EcoBots/Content/Assets/media/fonts/Robot_Roc_Font.uexp" 814
"../../../Engine/Content/EditorBlueprintResources/StandardMacros.uasset" 815
"../../../Engine/Content/EditorBlueprintResources/StandardMacros.uexp" 816
"E:/Projects/EcoBots/Content/Blueprints/Widgets/InGame/BP_CraftablePreviewWidget.uasset" 817
"E:/Projects/EcoBots/Content/Blueprints/Widgets/InGame/BP_CraftablePreviewWidget.uexp" 818
"E:/Projects/EcoBots/Content/Assets/Orasot_Bundle/Stylized_Landscape_5_Bioms/Biom_Bamboo/Textures/T_Bamboo_Fence_n.ubulk" 819
"E:/Projects/EcoBots/Content/Assets/Orasot_Bundle/Stylized_Landscape_5_Bioms/Biom_Bamboo/Textures/T_Bamboo_Fence_n.uasset" 820
"E:/Projects/EcoBots/Content/Assets/Orasot_Bundle/Stylized_Landscape_5_Bioms/Biom_Bamboo/Textures/T_Bamboo_Fence_n.uexp" 821
"E:/Projects/EcoBots/Content/Assets/Orasot_Bundle/Stylized_Landscape_5_Bioms/Biom_Bamboo/Textures/T_Bamboo_Fence.ubulk" 822
"E:/Projects/EcoBots/Content/Assets/Orasot_Bundle/Stylized_Landscape_5_Bioms/Biom_Bamboo/Textures/T_Bamboo_Fence.uasset" 823
"E:/Projects/EcoBots/Content/Assets/Orasot_Bundle/Stylized_Landscape_5_Bioms/Biom_Bamboo/Textures/T_Bamboo_Fence.uexp" 824
"E:/Projects/EcoBots/Content/Assets/Orasot_Bundle/Stylized_Landscape_5_Bioms/Biom_Bamboo/Material_Instances/MI_Bamboo_Fence.uasset" 825
"E:/Projects/EcoBots/Content/Assets/Orasot_Bundle/Stylized_Landscape_5_Bioms/Biom_Bamboo/Material_Instances/MI_Bamboo_Fence.uexp" 826
"E:/Projects/EcoBots/Content/Assets/Orasot_Bundle/Stylized_Landscape_5_Bioms/Biom_Bamboo/StaticMeshes/SM_Bamboo_fence.uasset" 827
"E:/Projects/EcoBots/Content/Assets/Orasot_Bundle/Stylized_Landscape_5_Bioms/Biom_Bamboo/StaticMeshes/SM_Bamboo_fence.uexp" 828
"E:/Projects/EcoBots/Content/Assets/Mat/M_CraftablePreview2.uasset" 829
"E:/Projects/EcoBots/Content/Assets/Mat/M_CraftablePreview2.uexp" 830
"E:/Projects/EcoBots/Content/Blueprints/Craftables/BP_CraftableFence.uasset" 831
"E:/Projects/EcoBots/Content/Blueprints/Craftables/BP_CraftableFence.uexp" 832
"E:/Projects/EcoBots/Content/Blueprints/Craftables/CraftPreviews/BP_PreviewFence.uasset" 833
"E:/Projects/EcoBots/Content/Blueprints/Craftables/CraftPreviews/BP_PreviewFence.uexp" 834
"E:/Projects/EcoBots/Content/Assets/media/img/BatteryItemIcon.ubulk" 835
"E:/Projects/EcoBots/Content/Assets/media/img/BatteryItemIcon.uasset" 836
"E:/Projects/EcoBots/Content/Assets/media/img/BatteryItemIcon.uexp" 837
"../../../Engine/Content/TemplateResources/M_Template_Master.uasset" 838
"../../../Engine/Content/TemplateResources/M_Template_Master.uexp" 839
"../../../Engine/Content/TemplateResources/MI_Template_BaseGray_02_Metal.uasset" 840
"../../../Engine/Content/TemplateResources/MI_Template_BaseGray_02_Metal.uexp" 841
"../../../Engine/Content/TemplateResources/MI_Template_BaseGray_Metal.uasset" 842
"../../../Engine/Content/TemplateResources/MI_Template_BaseGray_Metal.uexp" 843
"../../../Engine/Content/TemplateResources/MI_Template_BaseOrange_Metal.uasset" 844
"../../../Engine/Content/TemplateResources/MI_Template_BaseOrange_Metal.uexp" 845
"E:/Projects/EcoBots/Content/Blueprints/Items/BP_BatteryItem.uasset" 846
"E:/Projects/EcoBots/Content/Blueprints/Items/BP_BatteryItem.uexp" 847
"E:/Projects/EcoBots/Content/Blueprints/Items/InventoryItems/BP_BatteryInventoryItem.uasset" 848
"E:/Projects/EcoBots/Content/Blueprints/Items/InventoryItems/BP_BatteryInventoryItem.uexp" 849
"E:/Projects/EcoBots/Content/Blueprints/Craftables/CraftRecipes/BP_FenceRecipe.uasset" 850
"E:/Projects/EcoBots/Content/Blueprints/Craftables/CraftRecipes/BP_FenceRecipe.uexp" 851
"E:/Projects/EcoBots/Content/Assets/media/fonts/Robot-Regular.uexp" 852
"E:/Projects/EcoBots/Content/Assets/media/fonts/Robot-Regular.uasset" 853
"E:/Projects/EcoBots/Content/Assets/media/fonts/Robot-Regular.ufont" 854
"E:/Projects/EcoBots/Content/Assets/media/fonts/Robot-Regular_Font.uasset" 855
"E:/Projects/EcoBots/Content/Assets/media/fonts/Robot-Regular_Font.uexp" 856
"E:/Projects/EcoBots/Content/Blueprints/Widgets/InGame/BP_BuddyPhrasesWidget.uasset" 857
"E:/Projects/EcoBots/Content/Blueprints/Widgets/InGame/BP_BuddyPhrasesWidget.uexp" 858
"E:/Projects/EcoBots/Content/Blueprints/Interactables/BP_BuddyInteractableComponent.uasset" 859
"E:/Projects/EcoBots/Content/Blueprints/Interactables/BP_BuddyInteractableComponent.uexp" 860
"E:/Projects/EcoBots/Content/Assets/StackOBot/Characters/Backpack/Mesh/SK_Backpack.uasset" 861
"E:/Projects/EcoBots/Content/Assets/StackOBot/Characters/Backpack/Mesh/SK_Backpack.uexp" 862
"E:/Projects/EcoBots/Content/Assets/StackOBot/Characters/Backpack/Textures/T_Backpack_Normal.ubulk" 863
"E:/Projects/EcoBots/Content/Assets/StackOBot/Characters/Backpack/Textures/T_Backpack_Normal.uasset" 864
"E:/Projects/EcoBots/Content/Assets/StackOBot/Characters/Backpack/Textures/T_Backpack_Normal.uexp" 865
"E:/Projects/EcoBots/Content/Assets/StackOBot/Characters/Backpack/Textures/T_Backpack_Masks.ubulk" 866
"E:/Projects/EcoBots/Content/Assets/StackOBot/Characters/Backpack/Textures/T_Backpack_Masks.uasset" 867
"E:/Projects/EcoBots/Content/Assets/StackOBot/Characters/Backpack/Textures/T_Backpack_Masks.uexp" 868
"E:/Projects/EcoBots/Content/Assets/StackOBot/Characters/Backpack/Textures/T_Backpack_Albedo.ubulk" 869
"E:/Projects/EcoBots/Content/Assets/StackOBot/Characters/Backpack/Textures/T_Backpack_Albedo.uasset" 870
"E:/Projects/EcoBots/Content/Assets/StackOBot/Characters/Backpack/Textures/T_Backpack_Albedo.uexp" 871
"E:/Projects/EcoBots/Content/Assets/StackOBot/Characters/Backpack/Textures/T_Backpack_M_R_AO.ubulk" 872
"E:/Projects/EcoBots/Content/Assets/StackOBot/Characters/Backpack/Textures/T_Backpack_M_R_AO.uasset" 873
"E:/Projects/EcoBots/Content/Assets/StackOBot/Characters/Backpack/Textures/T_Backpack_M_R_AO.uexp" 874
"E:/Projects/EcoBots/Content/Assets/StackOBot/Characters/Bot/Textures/T_Bot_Normal.ubulk" 875
"E:/Projects/EcoBots/Content/Assets/StackOBot/Characters/Bot/Textures/T_Bot_Normal.uasset" 876
"E:/Projects/EcoBots/Content/Assets/StackOBot/Characters/Bot/Textures/T_Bot_Normal.uexp" 877
"E:/Projects/EcoBots/Content/Assets/StackOBot/Characters/Bot/Textures/T_Bot_Masks.ubulk" 878
"E:/Projects/EcoBots/Content/Assets/StackOBot/Characters/Bot/Textures/T_Bot_Masks.uasset" 879
"E:/Projects/EcoBots/Content/Assets/StackOBot/Characters/Bot/Textures/T_Bot_Masks.uexp" 880
"../../../Engine/Content/Functions/Engine_MaterialFunctions02/HueShift.uasset" 881
"../../../Engine/Content/Functions/Engine_MaterialFunctions02/HueShift.uexp" 882
"E:/Projects/EcoBots/Content/Assets/StackOBot/Characters/Bot/Textures/T_Bot_Albedo.ubulk" 883
"E:/Projects/EcoBots/Content/Assets/StackOBot/Characters/Bot/Textures/T_Bot_Albedo.uasset" 884
"E:/Projects/EcoBots/Content/Assets/StackOBot/Characters/Bot/Textures/T_Bot_Albedo.uexp" 885
"E:/Projects/EcoBots/Content/Assets/StackOBot/Characters/Bot/Textures/T_Bot_M_R_AO.ubulk" 886
"E:/Projects/EcoBots/Content/Assets/StackOBot/Characters/Bot/Textures/T_Bot_M_R_AO.uasset" 887
"E:/Projects/EcoBots/Content/Assets/StackOBot/Characters/Bot/Textures/T_Bot_M_R_AO.uexp" 888
"E:/Projects/EcoBots/Content/Assets/StackOBot/Characters/Bot/Materials/M_BotBaseOrange.uasset" 889
"E:/Projects/EcoBots/Content/Assets/StackOBot/Characters/Bot/Materials/M_BotBaseOrange.uexp" 890
"E:/Projects/EcoBots/Content/Assets/StackOBot/Characters/Backpack/Materials/MI_Backpack.uasset" 891
"E:/Projects/EcoBots/Content/Assets/StackOBot/Characters/Backpack/Materials/MI_Backpack.uexp" 892
"E:/Projects/EcoBots/Content/Assets/StackOBot/Characters/Backpack/Mesh/SKM_Backpack.uasset" 893
"E:/Projects/EcoBots/Content/Assets/StackOBot/Characters/Backpack/Mesh/SKM_Backpack.uexp" 894
"../../../Engine/Content/Animation/DefaultAnimCurveCompressionSettings.uasset" 895
"../../../Engine/Content/Animation/DefaultAnimCurveCompressionSettings.uexp" 896
"../../../Engine/Content/EngineMeshes/Humanoid.uasset" 897
"../../../Engine/Content/EngineMeshes/Humanoid.uexp" 898
"E:/Projects/EcoBots/Content/Assets/StackOBot/Characters/Bot/Mesh/SK_Bot.uasset" 899
"E:/Projects/EcoBots/Content/Assets/StackOBot/Characters/Bot/Mesh/SK_Bot.uexp" 900
"../../../Engine/Content/Animation/DefaultAnimBoneCompressionSettings.uasset" 901
"../../../Engine/Content/Animation/DefaultAnimBoneCompressionSettings.uexp" 902
"E:/Projects/EcoBots/Content/Assets/StackOBot/Characters/Bot/Animations/A_Bot_Fall.uasset" 903
"E:/Projects/EcoBots/Content/Assets/StackOBot/Characters/Bot/Animations/A_Bot_Fall.uexp" 904
"E:/Projects/EcoBots/Content/Blueprints/Audio/SA_MasterAttenuation.uasset" 905
"E:/Projects/EcoBots/Content/Blueprints/Audio/SA_MasterAttenuation.uexp" 906
"E:/Projects/EcoBots/Content/Assets/media/wavs/singlestep.ubulk" 907
"E:/Projects/EcoBots/Content/Assets/media/wavs/singlestep.uasset" 908
"E:/Projects/EcoBots/Content/Assets/media/wavs/singlestep.uexp" 909
"E:/Projects/EcoBots/Content/Blueprints/Audio/SC_Music.uasset" 910
"E:/Projects/EcoBots/Content/Blueprints/Audio/SC_Music.uexp" 911
"E:/Projects/EcoBots/Content/Blueprints/Audio/SCM_Master.uasset" 912
"E:/Projects/EcoBots/Content/Blueprints/Audio/SCM_Master.uexp" 913
"E:/Projects/EcoBots/Content/Blueprints/Audio/SC_Master.uasset" 914
"E:/Projects/EcoBots/Content/Blueprints/Audio/SC_Master.uexp" 915
"E:/Projects/EcoBots/Content/Blueprints/Audio/MetaSounds/MS_Steps.uasset" 916
"E:/Projects/EcoBots/Content/Blueprints/Audio/MetaSounds/MS_Steps.uexp" 917
"E:/Projects/EcoBots/Content/Assets/StackOBot/Characters/Bot/Animations/A_Bot_Run.uasset" 918
"E:/Projects/EcoBots/Content/Assets/StackOBot/Characters/Bot/Animations/A_Bot_Run.uexp" 919
"E:/Projects/EcoBots/Content/Assets/StackOBot/Characters/Bot/Animations/A_Bot_Idle.uasset" 920
"E:/Projects/EcoBots/Content/Assets/StackOBot/Characters/Bot/Animations/A_Bot_Idle.uexp" 921
"E:/Projects/EcoBots/Content/Assets/media/wavs/JetpackLoop.ubulk" 922
"E:/Projects/EcoBots/Content/Assets/media/wavs/JetpackLoop.uasset" 923
"E:/Projects/EcoBots/Content/Assets/media/wavs/JetpackLoop.uexp" 924
"E:/Projects/EcoBots/Content/Blueprints/Audio/MetaSounds/MS_JetPack.uasset" 925
"E:/Projects/EcoBots/Content/Blueprints/Audio/MetaSounds/MS_JetPack.uexp" 926
"E:/Projects/EcoBots/Content/Assets/StackOBot/Characters/Bot/Animations/A_Bot_Flying.uasset" 927
"E:/Projects/EcoBots/Content/Assets/StackOBot/Characters/Bot/Animations/A_Bot_Flying.uexp" 928
"E:/Projects/EcoBots/Content/Assets/StackOBot/Characters/Bot/Animations/A_Bot_Interact_PressButton.uasset" 929
"E:/Projects/EcoBots/Content/Assets/StackOBot/Characters/Bot/Animations/A_Bot_Interact_PressButton.uexp" 930
"E:/Projects/EcoBots/Content/Assets/StackOBot/Characters/Bot/Animations/A_Bot_IdleJump.uasset" 931
"E:/Projects/EcoBots/Content/Assets/StackOBot/Characters/Bot/Animations/A_Bot_IdleJump.uexp" 932
"E:/Projects/EcoBots/Content/Assets/StackOBot/Characters/Bot/Animations/A_Bot_RunJump.uasset" 933
"E:/Projects/EcoBots/Content/Assets/StackOBot/Characters/Bot/Animations/A_Bot_RunJump.uexp" 934
"E:/Projects/EcoBots/Content/Assets/StackOBot/Characters/Bot/Animations/BS_Bot_RunIdleJump.uasset" 935
"E:/Projects/EcoBots/Content/Assets/StackOBot/Characters/Bot/Animations/BS_Bot_RunIdleJump.uexp" 936
"E:/Projects/EcoBots/Content/Assets/StackOBot/Characters/Bot/Animations/A_Bot_Walk.uasset" 937
"E:/Projects/EcoBots/Content/Assets/StackOBot/Characters/Bot/Animations/A_Bot_Walk.uexp" 938
"E:/Projects/EcoBots/Content/Assets/StackOBot/Characters/Bot/Animations/A_Bot_LandIdle.uasset" 939
"E:/Projects/EcoBots/Content/Assets/StackOBot/Characters/Bot/Animations/A_Bot_LandIdle.uexp" 940
"E:/Projects/EcoBots/Content/Blueprints/Characters/Anim/ABP_EcobotAnim.uasset" 941
"E:/Projects/EcoBots/Content/Blueprints/Characters/Anim/ABP_EcobotAnim.uexp" 942
"E:/Projects/EcoBots/Content/Assets/StackOBot/Characters/Bot/Materials/M_BotBaseBuddy.uasset" 943
"E:/Projects/EcoBots/Content/Assets/StackOBot/Characters/Bot/Materials/M_BotBaseBuddy.uexp" 944
"E:/Projects/EcoBots/Content/Blueprints/Characters/AI/BB_Buddy.uasset" 945
"E:/Projects/EcoBots/Content/Blueprints/Characters/AI/BB_Buddy.uexp" 946
"E:/Projects/EcoBots/Content/Blueprints/Characters/AI/BT_Buddy.uasset" 947
"E:/Projects/EcoBots/Content/Blueprints/Characters/AI/BT_Buddy.uexp" 948
"E:/Projects/EcoBots/Content/Blueprints/Characters/AI/BP_BuddyAIController.uasset" 949
"E:/Projects/EcoBots/Content/Blueprints/Characters/AI/BP_BuddyAIController.uexp" 950
"../../../Engine/Plugins/FX/Niagara/Content/Enums/ENiagaraSocketSamplingMode.uasset" 951
"../../../Engine/Plugins/FX/Niagara/Content/Enums/ENiagaraSocketSamplingMode.uexp" 952
"../../../Engine/Plugins/FX/Niagara/Content/Enums/ENiagaraRandomnessMode.uasset" 953
"../../../Engine/Plugins/FX/Niagara/Content/Enums/ENiagaraRandomnessMode.uexp" 954
"../../../Engine/Plugins/FX/Niagara/Content/Enums/ENiagaraRandomnessEvaluation.uasset" 955
"../../../Engine/Plugins/FX/Niagara/Content/Enums/ENiagaraRandomnessEvaluation.uexp" 956
"../../../Engine/Plugins/FX/Niagara/Content/Enums/ENiagara_MassInitializationMode.uasset" 957
"../../../Engine/Plugins/FX/Niagara/Content/Enums/ENiagara_MassInitializationMode.uexp" 958
"../../../Engine/Plugins/FX/Niagara/Content/Enums/ENiagaraVertexSamplingMode.uasset" 959
"../../../Engine/Plugins/FX/Niagara/Content/Enums/ENiagaraVertexSamplingMode.uexp" 960
"../../../Engine/Plugins/FX/Niagara/Content/Enums/ENiagaraMeshTransforms.uasset" 961
"../../../Engine/Plugins/FX/Niagara/Content/Enums/ENiagaraMeshTransforms.uexp" 962
"../../../Engine/Plugins/FX/Niagara/Content/Enums/ENiagara_PositionInitializationMode.uasset" 963
"../../../Engine/Plugins/FX/Niagara/Content/Enums/ENiagara_PositionInitializationMode.uexp" 964
"../../../Engine/Plugins/FX/Niagara/Content/Icons/Modules/T_Icon_Solver_LimitSpeed.uasset" 965
"../../../Engine/Plugins/FX/Niagara/Content/Icons/Modules/T_Icon_Solver_LimitSpeed.uexp" 966
"../../../Engine/Plugins/FX/Niagara/Content/Icons/Modules/T_Icon_Solver_RotationalSolve.uasset" 967
"../../../Engine/Plugins/FX/Niagara/Content/Icons/Modules/T_Icon_Solver_RotationalSolve.uexp" 968
"../../../Engine/Plugins/FX/Niagara/Content/Icons/Modules/T_Icon_Solver_LimitAccel.uasset" 969
"../../../Engine/Plugins/FX/Niagara/Content/Icons/Modules/T_Icon_Solver_LimitAccel.uexp" 970
"../../../Engine/Plugins/FX/Niagara/Content/Enums/ENiagaraScaleColorMode.uasset" 971
"../../../Engine/Plugins/FX/Niagara/Content/Enums/ENiagaraScaleColorMode.uexp" 972
"../../../Engine/Plugins/FX/Niagara/Content/Enums/ENiagara_SizeScaleMode.uasset" 973
"../../../Engine/Plugins/FX/Niagara/Content/Enums/ENiagara_SizeScaleMode.uexp" 974
"../../../Engine/Plugins/FX/Niagara/Content/Enums/ENiagara_UVFlippingMode.uasset" 975
"../../../Engine/Plugins/FX/Niagara/Content/Enums/ENiagara_UVFlippingMode.uexp" 976
"../../../Engine/Plugins/FX/Niagara/Content/Enums/ENiagaraBoneSocketSamplingMode.uasset" 977
"../../../Engine/Plugins/FX/Niagara/Content/Enums/ENiagaraBoneSocketSamplingMode.uexp" 978
"../../../Engine/Plugins/FX/Niagara/Content/Enums/Ribbons/ENiagara_UnsetDirectSetRandom.uasset" 979
"../../../Engine/Plugins/FX/Niagara/Content/Enums/Ribbons/ENiagara_UnsetDirectSetRandom.uexp" 980
"../../../Engine/Plugins/FX/Niagara/Content/Enums/ENiagara_LifetimeMode.uasset" 981
"../../../Engine/Plugins/FX/Niagara/Content/Enums/ENiagara_LifetimeMode.uexp" 982
"../../../Engine/Plugins/FX/Niagara/Content/Enums/Ribbons/ENiagara_UnsetDirectSet.uasset" 983
"../../../Engine/Plugins/FX/Niagara/Content/Enums/Ribbons/ENiagara_UnsetDirectSet.uexp" 984
"../../../Engine/Plugins/FX/Niagara/Content/Enums/ENiagara_SpriteRotationMode.uasset" 985
"../../../Engine/Plugins/FX/Niagara/Content/Enums/ENiagara_SpriteRotationMode.uexp" 986
"../../../Engine/Plugins/FX/Niagara/Content/Enums/ENiagara_ColorInitializationMode.uasset" 987
"../../../Engine/Plugins/FX/Niagara/Content/Enums/ENiagara_ColorInitializationMode.uexp" 988
"../../../Engine/Plugins/FX/Niagara/Content/Enums/ENiagaraChannelCorrelation.uasset" 989
"../../../Engine/Plugins/FX/Niagara/Content/Enums/ENiagaraChannelCorrelation.uexp" 990
"E:/Projects/EcoBots/Content/Assets/StackOBot/FX/JetpackThruster/M_JetpackThrusterEfect.uasset" 991
"E:/Projects/EcoBots/Content/Assets/StackOBot/FX/JetpackThruster/M_JetpackThrusterEfect.uexp" 992
"../../../Engine/Plugins/FX/Niagara/Content/Enums/ENiagaraTriangleSamplingMode.uasset" 993
"../../../Engine/Plugins/FX/Niagara/Content/Enums/ENiagaraTriangleSamplingMode.uexp" 994
"../../../Engine/Plugins/FX/Niagara/Content/Enums/ENiagaraEmitterLifeCycleMode.uasset" 995
"../../../Engine/Plugins/FX/Niagara/Content/Enums/ENiagaraEmitterLifeCycleMode.uexp" 996
"../../../Engine/Plugins/FX/Niagara/Content/Enums/ENiagara_InfiniteLoopDuration.uasset" 997
"../../../Engine/Plugins/FX/Niagara/Content/Enums/ENiagara_InfiniteLoopDuration.uexp" 998
"../../../Engine/Plugins/FX/Niagara/Content/Enums/ENiagara_EmitterStateOptions.uasset" 999
"../../../Engine/Plugins/FX/Niagara/Content/Enums/ENiagara_EmitterStateOptions.uexp" 1000
"../../../Engine/Plugins/FX/Niagara/Content/Enums/ENiagaraInactiveMode.uasset" 1001
"../../../Engine/Plugins/FX/Niagara/Content/Enums/ENiagaraInactiveMode.uexp" 1002
"../../../Engine/Plugins/FX/Niagara/Content/Enums/ENiagaraExecutionStateManagement.uasset" 1003
"../../../Engine/Plugins/FX/Niagara/Content/Enums/ENiagaraExecutionStateManagement.uexp" 1004
"../../../Engine/Plugins/FX/Niagara/Content/Enums/ENiagaraEmitterScalabilityMode_Limited.uasset" 1005
"../../../Engine/Plugins/FX/Niagara/Content/Enums/ENiagaraEmitterScalabilityMode_Limited.uexp" 1006
"../../../Engine/Plugins/FX/Niagara/Content/Enums/ENiagaraSkelMeshPositionSamplingMode.uasset" 1007
"../../../Engine/Plugins/FX/Niagara/Content/Enums/ENiagaraSkelMeshPositionSamplingMode.uexp" 1008
"../../../Engine/Plugins/FX/Niagara/Content/Enums/ENiagara_AttributeSamplingApplyOutput.uasset" 1009
"../../../Engine/Plugins/FX/Niagara/Content/Enums/ENiagara_AttributeSamplingApplyOutput.uexp" 1010
"../../../Engine/Plugins/FX/Niagara/Content/Enums/ENiagaraSkelMeshTransforms.uasset" 1011
"../../../Engine/Plugins/FX/Niagara/Content/Enums/ENiagaraSkelMeshTransforms.uexp" 1012
"../../../Engine/Plugins/FX/Niagara/Content/Enums/ENiagaraSkelSamplingModeFull.uasset" 1013
"../../../Engine/Plugins/FX/Niagara/Content/Enums/ENiagaraSkelSamplingModeFull.uexp" 1014
"../../../Engine/Plugins/FX/Niagara/Content/Enums/ENiagaraBoneSamplingMode.uasset" 1015
"../../../Engine/Plugins/FX/Niagara/Content/Enums/ENiagaraBoneSamplingMode.uexp" 1016
"../../../Engine/Plugins/FX/Niagara/Content/Enums/ENiagaraSystemInactiveMode.uasset" 1017
"../../../Engine/Plugins/FX/Niagara/Content/Enums/ENiagaraSystemInactiveMode.uexp" 1018
"../../../Engine/Plugins/FX/Niagara/Content/Enums/Angles/ENiagara_AngleInput.uasset" 1019
"../../../Engine/Plugins/FX/Niagara/Content/Enums/Angles/ENiagara_AngleInput.uexp" 1020
"../../../Engine/Plugins/FX/Niagara/Content/Icons/Modules/T_Icon_Particle_InfiniteLife.uasset" 1021
"../../../Engine/Plugins/FX/Niagara/Content/Icons/Modules/T_Icon_Particle_InfiniteLife.uexp" 1022
"../../../Engine/Plugins/FX/Niagara/Content/Enums/SpriteRenderer/ENiagara_ScaleSpriteSize.uasset" 1023
"../../../Engine/Plugins/FX/Niagara/Content/Enums/SpriteRenderer/ENiagara_ScaleSpriteSize.uexp" 1024
"E:/Projects/EcoBots/Content/Assets/StackOBot/FX/JetpackThruster/FX_JetpackThruster.uasset" 1025
"E:/Projects/EcoBots/Content/Assets/StackOBot/FX/JetpackThruster/FX_JetpackThruster.uexp" 1026
"E:/Projects/EcoBots/Content/Assets/StackOBot/Characters/Bot/Materials/M_BotLedGreen.uasset" 1027
"E:/Projects/EcoBots/Content/Assets/StackOBot/Characters/Bot/Materials/M_BotLedGreen.uexp" 1028
"E:/Projects/EcoBots/Content/Assets/StackOBot/Characters/Bot/Materials/MI_BotFaceGreen.uasset" 1029
"E:/Projects/EcoBots/Content/Assets/StackOBot/Characters/Bot/Materials/MI_BotFaceGreen.uexp" 1030
"E:/Projects/EcoBots/Content/Assets/StackOBot/Characters/Bot/Rig/PhA_Bot.uasset" 1031
"E:/Projects/EcoBots/Content/Assets/StackOBot/Characters/Bot/Rig/PhA_Bot.uexp" 1032
"E:/Projects/EcoBots/Content/Assets/StackOBot/Characters/Bot/Mesh/SKM_Bot.uasset" 1033
"E:/Projects/EcoBots/Content/Assets/StackOBot/Characters/Bot/Mesh/SKM_Bot.uexp" 1034
"E:/Projects/EcoBots/Content/Assets/media/wavs/RobotTalk.ubulk" 1035
"E:/Projects/EcoBots/Content/Assets/media/wavs/RobotTalk.uasset" 1036
"E:/Projects/EcoBots/Content/Assets/media/wavs/RobotTalk.uexp" 1037
"E:/Projects/EcoBots/Content/Blueprints/Audio/MetaSounds/MS_RobotTalk.uasset" 1038
"E:/Projects/EcoBots/Content/Blueprints/Audio/MetaSounds/MS_RobotTalk.uexp" 1039
"E:/Projects/EcoBots/Content/Blueprints/Characters/AI/BP_EcoBotBuddy.uasset" 1040
"E:/Projects/EcoBots/Content/Blueprints/Characters/AI/BP_EcoBotBuddy.uexp" 1041
"E:/Projects/EcoBots/Content/Assets/media/fonts/LEAFLETS.uexp" 1042
"E:/Projects/EcoBots/Content/Assets/media/fonts/LEAFLETS.uasset" 1043
"E:/Projects/EcoBots/Content/Assets/media/fonts/LEAFLETS.ufont" 1044
"E:/Projects/EcoBots/Content/Assets/media/fonts/LEAFLETS_Font.uasset" 1045
"E:/Projects/EcoBots/Content/Assets/media/fonts/LEAFLETS_Font.uexp" 1046
"E:/Projects/EcoBots/Content/Assets/media/wavs/woodenclick.ubulk" 1047
"E:/Projects/EcoBots/Content/Assets/media/wavs/woodenclick.uasset" 1048
"E:/Projects/EcoBots/Content/Assets/media/wavs/woodenclick.uexp" 1049
"E:/Projects/EcoBots/Content/Assets/media/fonts/LEAFLETS_0_Font.uasset" 1050
"E:/Projects/EcoBots/Content/Assets/media/fonts/LEAFLETS_0_Font.uexp" 1051
"E:/Projects/EcoBots/Content/Assets/media/img/IronItemIcon.ubulk" 1052
"E:/Projects/EcoBots/Content/Assets/media/img/IronItemIcon.uasset" 1053
"E:/Projects/EcoBots/Content/Assets/media/img/IronItemIcon.uexp" 1054
"E:/Projects/EcoBots/Content/Blueprints/Items/InventoryItems/BP_IronInventoryItem.uasset" 1055
"E:/Projects/EcoBots/Content/Blueprints/Items/InventoryItems/BP_IronInventoryItem.uexp" 1056
"E:/Projects/EcoBots/Content/Assets/LUSH_StylizedEnvironmentSet/Meshes/Rocks/Textures/T_RockSurface_D_02.ubulk" 1057
"E:/Projects/EcoBots/Content/Assets/LUSH_StylizedEnvironmentSet/Meshes/Rocks/Textures/T_RockSurface_D_02.uasset" 1058
"E:/Projects/EcoBots/Content/Assets/LUSH_StylizedEnvironmentSet/Meshes/Rocks/Textures/T_RockSurface_D_02.uexp" 1059
"E:/Projects/EcoBots/Content/Assets/LUSH_StylizedEnvironmentSet/Meshes/Rocks/Textures/T_Rock_03_N.ubulk" 1060
"E:/Projects/EcoBots/Content/Assets/LUSH_StylizedEnvironmentSet/Meshes/Rocks/Textures/T_Rock_03_N.uasset" 1061
"E:/Projects/EcoBots/Content/Assets/LUSH_StylizedEnvironmentSet/Meshes/Rocks/Textures/T_Rock_03_N.uexp" 1062
"E:/Projects/EcoBots/Content/Assets/LUSH_StylizedEnvironmentSet/Landscape/Textures/RVT_BaseColor.uasset" 1063
"E:/Projects/EcoBots/Content/Assets/LUSH_StylizedEnvironmentSet/Landscape/Textures/RVT_BaseColor.uexp" 1064
"E:/Projects/EcoBots/Content/Assets/LUSH_StylizedEnvironmentSet/_SharedAssets/Textures/T_Default_N.ubulk" 1065
"E:/Projects/EcoBots/Content/Assets/LUSH_StylizedEnvironmentSet/_SharedAssets/Textures/T_Default_N.uasset" 1066
"E:/Projects/EcoBots/Content/Assets/LUSH_StylizedEnvironmentSet/_SharedAssets/Textures/T_Default_N.uexp" 1067
"E:/Projects/EcoBots/Content/Assets/LUSH_StylizedEnvironmentSet/Landscape/Textures/T_TropicalCliff_D.ubulk" 1068
"E:/Projects/EcoBots/Content/Assets/LUSH_StylizedEnvironmentSet/Landscape/Textures/T_TropicalCliff_D.uasset" 1069
"E:/Projects/EcoBots/Content/Assets/LUSH_StylizedEnvironmentSet/Landscape/Textures/T_TropicalCliff_D.uexp" 1070
"E:/Projects/EcoBots/Content/Assets/LUSH_StylizedEnvironmentSet/Meshes/Rocks/Textures/T_StylizedMoss_D.ubulk" 1071
"E:/Projects/EcoBots/Content/Assets/LUSH_StylizedEnvironmentSet/Meshes/Rocks/Textures/T_StylizedMoss_D.uasset" 1072
"E:/Projects/EcoBots/Content/Assets/LUSH_StylizedEnvironmentSet/Meshes/Rocks/Textures/T_StylizedMoss_D.uexp" 1073
"E:/Projects/EcoBots/Content/Assets/LUSH_StylizedEnvironmentSet/Landscape/Textures/RVT_Height.uasset" 1074
"E:/Projects/EcoBots/Content/Assets/LUSH_StylizedEnvironmentSet/Landscape/Textures/RVT_Height.uexp" 1075
"E:/Projects/EcoBots/Content/Assets/LUSH_StylizedEnvironmentSet/_SharedAssets/Materials/M_Rock_Base.uasset" 1076
"E:/Projects/EcoBots/Content/Assets/LUSH_StylizedEnvironmentSet/_SharedAssets/Materials/M_Rock_Base.uexp" 1077
"E:/Projects/EcoBots/Content/Assets/LUSH_StylizedEnvironmentSet/Meshes/Rocks/Materials/MI_Rock_03_A.uasset" 1078
"E:/Projects/EcoBots/Content/Assets/LUSH_StylizedEnvironmentSet/Meshes/Rocks/Materials/MI_Rock_03_A.uexp" 1079
"E:/Projects/EcoBots/Content/Assets/LUSH_StylizedEnvironmentSet/Meshes/Rocks/SM_Rock_03.uasset" 1080
"E:/Projects/EcoBots/Content/Assets/LUSH_StylizedEnvironmentSet/Meshes/Rocks/SM_Rock_03.uexp" 1081
"E:/Projects/EcoBots/Content/Blueprints/Items/BP_IronItem.uasset" 1082
"E:/Projects/EcoBots/Content/Blueprints/Items/BP_IronItem.uexp" 1083
"../../../Engine/Content/BasicShapes/Sphere.uasset" 1084
"../../../Engine/Content/BasicShapes/Sphere.uexp" 1085
"E:/Projects/EcoBots/Content/Assets/Realistic_Starter_VFX_Pack_Vol2/Textures/T_Flies.ubulk" 1086
"E:/Projects/EcoBots/Content/Assets/Realistic_Starter_VFX_Pack_Vol2/Textures/T_Flies.uasset" 1087
"E:/Projects/EcoBots/Content/Assets/Realistic_Starter_VFX_Pack_Vol2/Textures/T_Flies.uexp" 1088
"E:/Projects/EcoBots/Content/Assets/Realistic_Starter_VFX_Pack_Vol2/Textures/T_Fireflies_Emms.ubulk" 1089
"E:/Projects/EcoBots/Content/Assets/Realistic_Starter_VFX_Pack_Vol2/Textures/T_Fireflies_Emms.uasset" 1090
"E:/Projects/EcoBots/Content/Assets/Realistic_Starter_VFX_Pack_Vol2/Textures/T_Fireflies_Emms.uexp" 1091
"E:/Projects/EcoBots/Content/Assets/Realistic_Starter_VFX_Pack_Vol2/Materials/M_Flies.uasset" 1092
"E:/Projects/EcoBots/Content/Assets/Realistic_Starter_VFX_Pack_Vol2/Materials/M_Flies.uexp" 1093
"E:/Projects/EcoBots/Content/Assets/Realistic_Starter_VFX_Pack_Vol2/Vectorfields/VectorField_C.uasset" 1094
"E:/Projects/EcoBots/Content/Assets/Realistic_Starter_VFX_Pack_Vol2/Vectorfields/VectorField_C.uexp" 1095
"E:/Projects/EcoBots/Content/Assets/Realistic_Starter_VFX_Pack_Vol2/Particles/Environment/P_Fireflies.uasset" 1096
"E:/Projects/EcoBots/Content/Assets/Realistic_Starter_VFX_Pack_Vol2/Particles/Environment/P_Fireflies.uexp" 1097
"E:/Projects/EcoBots/Content/Assets/Orasot_Bundle/StylizedForestLandscape/Textures/T_Big_Rock.ubulk" 1098
"E:/Projects/EcoBots/Content/Assets/Orasot_Bundle/StylizedForestLandscape/Textures/T_Big_Rock.uasset" 1099
"E:/Projects/EcoBots/Content/Assets/Orasot_Bundle/StylizedForestLandscape/Textures/T_Big_Rock.uexp" 1100
"E:/Projects/EcoBots/Content/Assets/Orasot_Bundle/StylizedForestLandscape/Textures/T_Big_Rock_normal.ubulk" 1101
"E:/Projects/EcoBots/Content/Assets/Orasot_Bundle/StylizedForestLandscape/Textures/T_Big_Rock_normal.uasset" 1102
"E:/Projects/EcoBots/Content/Assets/Orasot_Bundle/StylizedForestLandscape/Textures/T_Big_Rock_normal.uexp" 1103
"E:/Projects/EcoBots/Content/Assets/Orasot_Bundle/StylizedForestLandscape/Material_Instances/MI_Big_Rock_1.uasset" 1104
"E:/Projects/EcoBots/Content/Assets/Orasot_Bundle/StylizedForestLandscape/Material_Instances/MI_Big_Rock_1.uexp" 1105
"E:/Projects/EcoBots/Content/Assets/Orasot_Bundle/StylizedForestLandscape/Textures/T_Big_Rock_2.ubulk" 1106
"E:/Projects/EcoBots/Content/Assets/Orasot_Bundle/StylizedForestLandscape/Textures/T_Big_Rock_2.uasset" 1107
"E:/Projects/EcoBots/Content/Assets/Orasot_Bundle/StylizedForestLandscape/Textures/T_Big_Rock_2.uexp" 1108
"E:/Projects/EcoBots/Content/Assets/Orasot_Bundle/StylizedForestLandscape/Textures/T_Big_Rock_2_normal.ubulk" 1109
"E:/Projects/EcoBots/Content/Assets/Orasot_Bundle/StylizedForestLandscape/Textures/T_Big_Rock_2_normal.uasset" 1110
"E:/Projects/EcoBots/Content/Assets/Orasot_Bundle/StylizedForestLandscape/Textures/T_Big_Rock_2_normal.uexp" 1111
"E:/Projects/EcoBots/Content/Assets/Orasot_Bundle/StylizedForestLandscape/Material_Instances/MI_Big_Rock_2.uasset" 1112
"E:/Projects/EcoBots/Content/Assets/Orasot_Bundle/StylizedForestLandscape/Material_Instances/MI_Big_Rock_2.uexp" 1113
"E:/Projects/EcoBots/Content/Assets/LUSH_StylizedEnvironmentSet/Foliage/GroundIvy/Textures/T_GroundIvy_N.ubulk" 1114
"E:/Projects/EcoBots/Content/Assets/LUSH_StylizedEnvironmentSet/Foliage/GroundIvy/Textures/T_GroundIvy_N.uasset" 1115
"E:/Projects/EcoBots/Content/Assets/LUSH_StylizedEnvironmentSet/Foliage/GroundIvy/Textures/T_GroundIvy_N.uexp" 1116
"E:/Projects/EcoBots/Content/Assets/LUSH_StylizedEnvironmentSet/_SharedAssets/T_Leaves_01.ubulk" 1117
"E:/Projects/EcoBots/Content/Assets/LUSH_StylizedEnvironmentSet/_SharedAssets/T_Leaves_01.uasset" 1118
"E:/Projects/EcoBots/Content/Assets/LUSH_StylizedEnvironmentSet/_SharedAssets/T_Leaves_01.uexp" 1119
"E:/Projects/EcoBots/Content/Assets/LUSH_StylizedEnvironmentSet/Foliage/Trees/Textures/T_BananaLeaf_02_RAOH.ubulk" 1120
"E:/Projects/EcoBots/Content/Assets/LUSH_StylizedEnvironmentSet/Foliage/Trees/Textures/T_BananaLeaf_02_RAOH.uasset" 1121
"E:/Projects/EcoBots/Content/Assets/LUSH_StylizedEnvironmentSet/Foliage/Trees/Textures/T_BananaLeaf_02_RAOH.uexp" 1122
"E:/Projects/EcoBots/Content/Assets/LUSH_StylizedEnvironmentSet/_SharedAssets/Textures/T_Default_D.ubulk" 1123
"E:/Projects/EcoBots/Content/Assets/LUSH_StylizedEnvironmentSet/_SharedAssets/Textures/T_Default_D.uasset" 1124
"E:/Projects/EcoBots/Content/Assets/LUSH_StylizedEnvironmentSet/_SharedAssets/Textures/T_Default_D.uexp" 1125
"../../../Engine/Content/Functions/Engine_MaterialFunctions01/WorldPositionOffset/SimpleGrassWind.uasset" 1126
"../../../Engine/Content/Functions/Engine_MaterialFunctions01/WorldPositionOffset/SimpleGrassWind.uexp" 1127
"E:/Projects/EcoBots/Content/Assets/LUSH_StylizedEnvironmentSet/_SharedAssets/Materials/M_Plants_Base_TangentSpace.uasset" 1128
"E:/Projects/EcoBots/Content/Assets/LUSH_StylizedEnvironmentSet/_SharedAssets/Materials/M_Plants_Base_TangentSpace.uexp" 1129
"E:/Projects/EcoBots/Content/Assets/LUSH_StylizedEnvironmentSet/Foliage/Plants/Textures/T_eleplant_leaf_01.ubulk" 1130
"E:/Projects/EcoBots/Content/Assets/LUSH_StylizedEnvironmentSet/Foliage/Plants/Textures/T_eleplant_leaf_01.uasset" 1131
"E:/Projects/EcoBots/Content/Assets/LUSH_StylizedEnvironmentSet/Foliage/Plants/Textures/T_eleplant_leaf_01.uexp" 1132
"E:/Projects/EcoBots/Content/Assets/LUSH_StylizedEnvironmentSet/Foliage/GroundIvy/Textures/T_GroundIvy_D.ubulk" 1133
"E:/Projects/EcoBots/Content/Assets/LUSH_StylizedEnvironmentSet/Foliage/GroundIvy/Textures/T_GroundIvy_D.uasset" 1134
"E:/Projects/EcoBots/Content/Assets/LUSH_StylizedEnvironmentSet/Foliage/GroundIvy/Textures/T_GroundIvy_D.uexp" 1135
"E:/Projects/EcoBots/Content/Assets/LUSH_StylizedEnvironmentSet/Foliage/GroundIvy/Materials/MI_GroundIvy.uasset" 1136
"E:/Projects/EcoBots/Content/Assets/LUSH_StylizedEnvironmentSet/Foliage/GroundIvy/Materials/MI_GroundIvy.uexp" 1137
"E:/Projects/EcoBots/Content/Assets/LUSH_StylizedEnvironmentSet/Foliage/GroundIvy/SM_GroundIvy_03.uasset" 1138
"E:/Projects/EcoBots/Content/Assets/LUSH_StylizedEnvironmentSet/Foliage/GroundIvy/SM_GroundIvy_03.uexp" 1139
"E:/Projects/EcoBots/Content/Blueprints/Spawners/BP_BatterySpawner.uasset" 1140
"E:/Projects/EcoBots/Content/Blueprints/Spawners/BP_BatterySpawner.uexp" 1141
"E:/Projects/EcoBots/Content/Assets/LUSH_StylizedEnvironmentSet/Foliage/GroundIvy/SM_GroundIvy_04.uasset" 1142
"E:/Projects/EcoBots/Content/Assets/LUSH_StylizedEnvironmentSet/Foliage/GroundIvy/SM_GroundIvy_04.uexp" 1143
"E:/Projects/EcoBots/Content/Assets/LUSH_StylizedEnvironmentSet/Foliage/Plants/Textures/T_eleplant_leaf_01_N.ubulk" 1144
"E:/Projects/EcoBots/Content/Assets/LUSH_StylizedEnvironmentSet/Foliage/Plants/Textures/T_eleplant_leaf_01_N.uasset" 1145
"E:/Projects/EcoBots/Content/Assets/LUSH_StylizedEnvironmentSet/Foliage/Plants/Textures/T_eleplant_leaf_01_N.uexp" 1146
"E:/Projects/EcoBots/Content/Assets/LUSH_StylizedEnvironmentSet/Foliage/Plants/Materials/MI_Plant_Taro.uasset" 1147
"E:/Projects/EcoBots/Content/Assets/LUSH_StylizedEnvironmentSet/Foliage/Plants/Materials/MI_Plant_Taro.uexp" 1148
"E:/Projects/EcoBots/Content/Assets/LUSH_StylizedEnvironmentSet/Foliage/Plants/SM_Plant_Taro_02.uasset" 1149
"E:/Projects/EcoBots/Content/Assets/LUSH_StylizedEnvironmentSet/Foliage/Plants/SM_Plant_Taro_02.uexp" 1150
"E:/Projects/EcoBots/Content/Blueprints/LevelPieces/TropicalBiome/Terrains/BP_TropicalTerrain2.uasset" 1151
"E:/Projects/EcoBots/Content/Blueprints/LevelPieces/TropicalBiome/Terrains/BP_TropicalTerrain2.uexp" 1152
"E:/Projects/EcoBots/Content/StarterContent/Materials/M_Basic_Wall.uasset" 1153
"E:/Projects/EcoBots/Content/StarterContent/Materials/M_Basic_Wall.uexp" 1154
"E:/Projects/EcoBots/Content/StarterContent/Shapes/Shape_Cylinder.uasset" 1155
"E:/Projects/EcoBots/Content/StarterContent/Shapes/Shape_Cylinder.uexp" 1156
"E:/Projects/EcoBots/Content/Assets/Orasot_Bundle/StylizedForestLandscape/Textures/T_Noise_for_normal.ubulk" 1157
"E:/Projects/EcoBots/Content/Assets/Orasot_Bundle/StylizedForestLandscape/Textures/T_Noise_for_normal.uasset" 1158
"E:/Projects/EcoBots/Content/Assets/Orasot_Bundle/StylizedForestLandscape/Textures/T_Noise_for_normal.uexp" 1159
"../../../Engine/Content/Functions/Engine_MaterialFunctions03/Procedurals/NormalFromHeightmap.uasset" 1160
"../../../Engine/Content/Functions/Engine_MaterialFunctions03/Procedurals/NormalFromHeightmap.uexp" 1161
"E:/Projects/EcoBots/Content/Assets/Orasot_Bundle/StylizedForestLandscape/Material_Functions/MF_Noise_Heightmap_Normal.uasset" 1162
"E:/Projects/EcoBots/Content/Assets/Orasot_Bundle/StylizedForestLandscape/Material_Functions/MF_Noise_Heightmap_Normal.uexp" 1163
"E:/Projects/EcoBots/Content/Assets/Orasot_Bundle/StylizedForestLandscape/Textures/T_Leaf.ubulk" 1164
"E:/Projects/EcoBots/Content/Assets/Orasot_Bundle/StylizedForestLandscape/Textures/T_Leaf.uasset" 1165
"E:/Projects/EcoBots/Content/Assets/Orasot_Bundle/StylizedForestLandscape/Textures/T_Leaf.uexp" 1166
"E:/Projects/EcoBots/Content/Assets/Orasot_Bundle/StylizedForestLandscape/Materials/M_Leaf_Master.uasset" 1167
"E:/Projects/EcoBots/Content/Assets/Orasot_Bundle/StylizedForestLandscape/Materials/M_Leaf_Master.uexp" 1168
"E:/Projects/EcoBots/Content/Assets/Orasot_Bundle/StylizedForestLandscape/Textures/T_Leaf_Poplar.ubulk" 1169
"E:/Projects/EcoBots/Content/Assets/Orasot_Bundle/StylizedForestLandscape/Textures/T_Leaf_Poplar.uasset" 1170
"E:/Projects/EcoBots/Content/Assets/Orasot_Bundle/StylizedForestLandscape/Textures/T_Leaf_Poplar.uexp" 1171
"E:/Projects/EcoBots/Content/Assets/Mat/MI_SnowPoplar_Leaf_2.uasset" 1172
"E:/Projects/EcoBots/Content/Assets/Mat/MI_SnowPoplar_Leaf_2.uexp" 1173
"E:/Projects/EcoBots/Content/Assets/LUSH_StylizedEnvironmentSet/Foliage/Trees/Textures/T_Banana_Bark_D.ubulk" 1174
"E:/Projects/EcoBots/Content/Assets/LUSH_StylizedEnvironmentSet/Foliage/Trees/Textures/T_Banana_Bark_D.uasset" 1175
"E:/Projects/EcoBots/Content/Assets/LUSH_StylizedEnvironmentSet/Foliage/Trees/Textures/T_Banana_Bark_D.uexp" 1176
"E:/Projects/EcoBots/Content/Assets/LUSH_StylizedEnvironmentSet/Foliage/Trees/Textures/T_Banana_Bark_RHAO.ubulk" 1177
"E:/Projects/EcoBots/Content/Assets/LUSH_StylizedEnvironmentSet/Foliage/Trees/Textures/T_Banana_Bark_RHAO.uasset" 1178
"E:/Projects/EcoBots/Content/Assets/LUSH_StylizedEnvironmentSet/Foliage/Trees/Textures/T_Banana_Bark_RHAO.uexp" 1179
"E:/Projects/EcoBots/Content/Assets/LUSH_StylizedEnvironmentSet/Foliage/Trees/Textures/T_Banana_Bark_N.ubulk" 1180
"E:/Projects/EcoBots/Content/Assets/LUSH_StylizedEnvironmentSet/Foliage/Trees/Textures/T_Banana_Bark_N.uasset" 1181
"E:/Projects/EcoBots/Content/Assets/LUSH_StylizedEnvironmentSet/Foliage/Trees/Textures/T_Banana_Bark_N.uexp" 1182
"E:/Projects/EcoBots/Content/Assets/LUSH_StylizedEnvironmentSet/Foliage/Trees/Materials/MI_Bark_BananaTree.uasset" 1183
"E:/Projects/EcoBots/Content/Assets/LUSH_StylizedEnvironmentSet/Foliage/Trees/Materials/MI_Bark_BananaTree.uexp" 1184
"E:/Projects/EcoBots/Content/Assets/LUSH_StylizedEnvironmentSet/Foliage/Trees/Textures/T_BananaLeaf_02_D.ubulk" 1185
"E:/Projects/EcoBots/Content/Assets/LUSH_StylizedEnvironmentSet/Foliage/Trees/Textures/T_BananaLeaf_02_D.uasset" 1186
"E:/Projects/EcoBots/Content/Assets/LUSH_StylizedEnvironmentSet/Foliage/Trees/Textures/T_BananaLeaf_02_D.uexp" 1187
"E:/Projects/EcoBots/Content/Assets/LUSH_StylizedEnvironmentSet/Foliage/Trees/Textures/T_BananaLeaf_02_N.ubulk" 1188
"E:/Projects/EcoBots/Content/Assets/LUSH_StylizedEnvironmentSet/Foliage/Trees/Textures/T_BananaLeaf_02_N.uasset" 1189
"E:/Projects/EcoBots/Content/Assets/LUSH_StylizedEnvironmentSet/Foliage/Trees/Textures/T_BananaLeaf_02_N.uexp" 1190
"E:/Projects/EcoBots/Content/Assets/LUSH_StylizedEnvironmentSet/_SharedAssets/Materials/MF_LeafGradient.uasset" 1191
"E:/Projects/EcoBots/Content/Assets/LUSH_StylizedEnvironmentSet/_SharedAssets/Materials/MF_LeafGradient.uexp" 1192
"E:/Projects/EcoBots/Content/Assets/LUSH_StylizedEnvironmentSet/_SharedAssets/Materials/M_Plants_Base.uasset" 1193
"E:/Projects/EcoBots/Content/Assets/LUSH_StylizedEnvironmentSet/_SharedAssets/Materials/M_Plants_Base.uexp" 1194
"E:/Projects/EcoBots/Content/Assets/LUSH_StylizedEnvironmentSet/Foliage/Trees/Materials/MI_BananaLeaf_01.uasset" 1195
"E:/Projects/EcoBots/Content/Assets/LUSH_StylizedEnvironmentSet/Foliage/Trees/Materials/MI_BananaLeaf_01.uexp" 1196
"E:/Projects/EcoBots/Content/Assets/LUSH_StylizedEnvironmentSet/Foliage/Trees/SM_BananaTree_01.uasset" 1197
"E:/Projects/EcoBots/Content/Assets/LUSH_StylizedEnvironmentSet/Foliage/Trees/SM_BananaTree_01.uexp" 1198
"E:/Projects/EcoBots/Content/Blueprints/Interactables/Snow/BP_SnowInteractableTree.uasset" 1199
"E:/Projects/EcoBots/Content/Blueprints/Interactables/Snow/BP_SnowInteractableTree.uexp" 1200
"E:/Projects/EcoBots/Content/Blueprints/Interactables/Snow/BP_SnowCuttedTree.uasset" 1201
"E:/Projects/EcoBots/Content/Blueprints/Interactables/Snow/BP_SnowCuttedTree.uexp" 1202
"../../../Engine/Content/Functions/Engine_MaterialFunctions02/Texturing/CustomRotator.uasset" 1203
"../../../Engine/Content/Functions/Engine_MaterialFunctions02/Texturing/CustomRotator.uexp" 1204
"E:/Projects/EcoBots/Content/Assets/Realistic_Starter_VFX_Pack_Vol2/Textures/T_Fish_NM.ubulk" 1205
"E:/Projects/EcoBots/Content/Assets/Realistic_Starter_VFX_Pack_Vol2/Textures/T_Fish_NM.uasset" 1206
"E:/Projects/EcoBots/Content/Assets/Realistic_Starter_VFX_Pack_Vol2/Textures/T_Fish_NM.uexp" 1207
"E:/Projects/EcoBots/Content/Assets/Realistic_Starter_VFX_Pack_Vol2/Textures/T_Fish.ubulk" 1208
"E:/Projects/EcoBots/Content/Assets/Realistic_Starter_VFX_Pack_Vol2/Textures/T_Fish.uasset" 1209
"E:/Projects/EcoBots/Content/Assets/Realistic_Starter_VFX_Pack_Vol2/Textures/T_Fish.uexp" 1210
"../../../Engine/Content/Functions/Engine_MaterialFunctions02/WorldPositionOffset/ObjectPivotPoint.uasset" 1211
"../../../Engine/Content/Functions/Engine_MaterialFunctions02/WorldPositionOffset/ObjectPivotPoint.uexp" 1212
"../../../Engine/Content/Functions/Engine_MaterialFunctions02/WorldPositionOffset/RotateAboutWorldAxis_cheap.uasset" 1213
"../../../Engine/Content/Functions/Engine_MaterialFunctions02/WorldPositionOffset/RotateAboutWorldAxis_cheap.uexp" 1214
"E:/Projects/EcoBots/Content/Assets/Realistic_Starter_VFX_Pack_Vol2/Materials/M_Fish_A.uasset" 1215
"E:/Projects/EcoBots/Content/Assets/Realistic_Starter_VFX_Pack_Vol2/Materials/M_Fish_A.uexp" 1216
"E:/Projects/EcoBots/Content/Assets/Realistic_Starter_VFX_Pack_Vol2/Textures/T_Bubble.ubulk" 1217
"E:/Projects/EcoBots/Content/Assets/Realistic_Starter_VFX_Pack_Vol2/Textures/T_Bubble.uasset" 1218
"E:/Projects/EcoBots/Content/Assets/Realistic_Starter_VFX_Pack_Vol2/Textures/T_Bubble.uexp" 1219
"E:/Projects/EcoBots/Content/Assets/Realistic_Starter_VFX_Pack_Vol2/Materials/M_Bubble.uasset" 1220
"E:/Projects/EcoBots/Content/Assets/Realistic_Starter_VFX_Pack_Vol2/Materials/M_Bubble.uexp" 1221
"E:/Projects/EcoBots/Content/Assets/Realistic_Starter_VFX_Pack_Vol2/Vectorfields/VectorField_D.uasset" 1222
"E:/Projects/EcoBots/Content/Assets/Realistic_Starter_VFX_Pack_Vol2/Vectorfields/VectorField_D.uexp" 1223
"E:/Projects/EcoBots/Content/Assets/Realistic_Starter_VFX_Pack_Vol2/Particles/Environment/P_Fish_A.uasset" 1224
"E:/Projects/EcoBots/Content/Assets/Realistic_Starter_VFX_Pack_Vol2/Particles/Environment/P_Fish_A.uexp" 1225
"E:/Projects/EcoBots/Content/Blueprints/LevelPieces/DesertBiome/Terrains/BP_DesertTerrain3.uasset" 1226
"E:/Projects/EcoBots/Content/Blueprints/LevelPieces/DesertBiome/Terrains/BP_DesertTerrain3.uexp" 1227
"E:/Projects/EcoBots/Content/Blueprints/LevelPieces/TropicalBiome/Terrains/BP_TropicalTerrain4.uasset" 1228
"E:/Projects/EcoBots/Content/Blueprints/LevelPieces/TropicalBiome/Terrains/BP_TropicalTerrain4.uexp" 1229
"E:/Projects/EcoBots/Content/Assets/media/img/CoconutItemIcon.uasset" 1230
"E:/Projects/EcoBots/Content/Assets/media/img/CoconutItemIcon.uexp" 1231
"E:/Projects/EcoBots/Content/Blueprints/Items/InventoryItems/BP_CoconutInventoryItem.uasset" 1232
"E:/Projects/EcoBots/Content/Blueprints/Items/InventoryItems/BP_CoconutInventoryItem.uexp" 1233
"E:/Projects/EcoBots/Content/Blueprints/Items/BP_CoconutItem.uasset" 1234
"E:/Projects/EcoBots/Content/Blueprints/Items/BP_CoconutItem.uexp" 1235
"E:/Projects/EcoBots/Content/Assets/LUSH_StylizedEnvironmentSet/Foliage/Trees/Textures/T_Palm_B_Bark_N.ubulk" 1236
"E:/Projects/EcoBots/Content/Assets/LUSH_StylizedEnvironmentSet/Foliage/Trees/Textures/T_Palm_B_Bark_N.uasset" 1237
"E:/Projects/EcoBots/Content/Assets/LUSH_StylizedEnvironmentSet/Foliage/Trees/Textures/T_Palm_B_Bark_N.uexp" 1238
"E:/Projects/EcoBots/Content/Assets/LUSH_StylizedEnvironmentSet/Foliage/Trees/Textures/T_Palm_B_Bark_D.ubulk" 1239
"E:/Projects/EcoBots/Content/Assets/LUSH_StylizedEnvironmentSet/Foliage/Trees/Textures/T_Palm_B_Bark_D.uasset" 1240
"E:/Projects/EcoBots/Content/Assets/LUSH_StylizedEnvironmentSet/Foliage/Trees/Textures/T_Palm_B_Bark_D.uexp" 1241
"E:/Projects/EcoBots/Content/Assets/LUSH_StylizedEnvironmentSet/Foliage/Trees/Textures/T_Palm_B_Bark_RAOH.ubulk" 1242
"E:/Projects/EcoBots/Content/Assets/LUSH_StylizedEnvironmentSet/Foliage/Trees/Textures/T_Palm_B_Bark_RAOH.uasset" 1243
"E:/Projects/EcoBots/Content/Assets/LUSH_StylizedEnvironmentSet/Foliage/Trees/Textures/T_Palm_B_Bark_RAOH.uexp" 1244
"E:/Projects/EcoBots/Content/Assets/LUSH_StylizedEnvironmentSet/Foliage/Trees/Materials/MI_Palm_B_Bark_01.uasset" 1245
"E:/Projects/EcoBots/Content/Assets/LUSH_StylizedEnvironmentSet/Foliage/Trees/Materials/MI_Palm_B_Bark_01.uexp" 1246
"E:/Projects/EcoBots/Content/Assets/Orasot_Bundle/StylizedForestLandscape/Material_Instances/MI_Leaf.uasset" 1247
"E:/Projects/EcoBots/Content/Assets/Orasot_Bundle/StylizedForestLandscape/Material_Instances/MI_Leaf.uexp" 1248
"E:/Projects/EcoBots/Content/Assets/Orasot_Bundle/StylizedForestLandscape/Textures/T_Birch_Trunk_normal.ubulk" 1249
"E:/Projects/EcoBots/Content/Assets/Orasot_Bundle/StylizedForestLandscape/Textures/T_Birch_Trunk_normal.uasset" 1250
"E:/Projects/EcoBots/Content/Assets/Orasot_Bundle/StylizedForestLandscape/Textures/T_Birch_Trunk_normal.uexp" 1251
"E:/Projects/EcoBots/Content/Assets/Orasot_Bundle/StylizedForestLandscape/Material_Functions/MF_Linear_Gradient.uasset" 1252
"E:/Projects/EcoBots/Content/Assets/Orasot_Bundle/StylizedForestLandscape/Material_Functions/MF_Linear_Gradient.uexp" 1253
"E:/Projects/EcoBots/Content/Assets/Orasot_Bundle/StylizedForestLandscape/Textures/T_Birch_Trunk.ubulk" 1254
"E:/Projects/EcoBots/Content/Assets/Orasot_Bundle/StylizedForestLandscape/Textures/T_Birch_Trunk.uasset" 1255
"E:/Projects/EcoBots/Content/Assets/Orasot_Bundle/StylizedForestLandscape/Textures/T_Birch_Trunk.uexp" 1256
"E:/Projects/EcoBots/Content/Assets/Orasot_Bundle/StylizedForestLandscape/Materials/M_Bark_Master.uasset" 1257
"E:/Projects/EcoBots/Content/Assets/Orasot_Bundle/StylizedForestLandscape/Materials/M_Bark_Master.uexp" 1258
"E:/Projects/EcoBots/Content/Assets/Orasot_Bundle/StylizedForestLandscape/Material_Instances/MI_Birch.uasset" 1259
"E:/Projects/EcoBots/Content/Assets/Orasot_Bundle/StylizedForestLandscape/Material_Instances/MI_Birch.uexp" 1260
"E:/Projects/EcoBots/Content/Assets/Orasot_Bundle/StylizedForestLandscape/Meshes/SM_Bush_2.uasset" 1261
"E:/Projects/EcoBots/Content/Assets/Orasot_Bundle/StylizedForestLandscape/Meshes/SM_Bush_2.uexp" 1262
"E:/Projects/EcoBots/Content/Blueprints/Interactables/Tropical/BP_TropicalCuttedBush.uasset" 1263
"E:/Projects/EcoBots/Content/Blueprints/Interactables/Tropical/BP_TropicalCuttedBush.uexp" 1264
"../../../Engine/Content/MapTemplates/Materials/BasicAsset01.uasset" 1265
"../../../Engine/Content/MapTemplates/Materials/BasicAsset01.uexp" 1266
"E:/Projects/EcoBots/Content/Assets/media/img/BerryItem.uasset" 1267
"E:/Projects/EcoBots/Content/Assets/media/img/BerryItem.uexp" 1268
"E:/Projects/EcoBots/Content/Blueprints/Items/InventoryItems/BP_BerryInventoryItem.uasset" 1269
"E:/Projects/EcoBots/Content/Blueprints/Items/InventoryItems/BP_BerryInventoryItem.uexp" 1270
"E:/Projects/EcoBots/Content/Blueprints/Items/BP_BerryItem.uasset" 1271
"E:/Projects/EcoBots/Content/Blueprints/Items/BP_BerryItem.uexp" 1272
"E:/Projects/EcoBots/Content/Blueprints/Interactables/Tropical/BP_TropicalInteractableBush_2.uasset" 1273
"E:/Projects/EcoBots/Content/Blueprints/Interactables/Tropical/BP_TropicalInteractableBush_2.uexp" 1274
"E:/Projects/EcoBots/Content/Blueprints/Interactables/Desert/BP_DesertCuttedBush.uasset" 1275
"E:/Projects/EcoBots/Content/Blueprints/Interactables/Desert/BP_DesertCuttedBush.uexp" 1276
"E:/Projects/EcoBots/Content/Assets/Orasot_Bundle/StylizedForestLandscape/Meshes/SM_Bush.uasset" 1277
"E:/Projects/EcoBots/Content/Assets/Orasot_Bundle/StylizedForestLandscape/Meshes/SM_Bush.uexp" 1278
"E:/Projects/EcoBots/Content/Blueprints/Interactables/Tropical/BP_TropicalCuttedBush2.uasset" 1279
"E:/Projects/EcoBots/Content/Blueprints/Interactables/Tropical/BP_TropicalCuttedBush2.uexp" 1280
"E:/Projects/EcoBots/Content/Assets/LUSH_StylizedEnvironmentSet/Foliage/Trees/Textures/T_Palm_A_Bark_N.ubulk" 1281
"E:/Projects/EcoBots/Content/Assets/LUSH_StylizedEnvironmentSet/Foliage/Trees/Textures/T_Palm_A_Bark_N.uasset" 1282
"E:/Projects/EcoBots/Content/Assets/LUSH_StylizedEnvironmentSet/Foliage/Trees/Textures/T_Palm_A_Bark_N.uexp" 1283
"E:/Projects/EcoBots/Content/Assets/LUSH_StylizedEnvironmentSet/Foliage/Trees/Textures/T_Palm_A_Bark_D.ubulk" 1284
"E:/Projects/EcoBots/Content/Assets/LUSH_StylizedEnvironmentSet/Foliage/Trees/Textures/T_Palm_A_Bark_D.uasset" 1285
"E:/Projects/EcoBots/Content/Assets/LUSH_StylizedEnvironmentSet/Foliage/Trees/Textures/T_Palm_A_Bark_D.uexp" 1286
"E:/Projects/EcoBots/Content/Assets/LUSH_StylizedEnvironmentSet/Foliage/Trees/Textures/T_Palm_A_Bark_RAOH.ubulk" 1287
"E:/Projects/EcoBots/Content/Assets/LUSH_StylizedEnvironmentSet/Foliage/Trees/Textures/T_Palm_A_Bark_RAOH.uasset" 1288
"E:/Projects/EcoBots/Content/Assets/LUSH_StylizedEnvironmentSet/Foliage/Trees/Textures/T_Palm_A_Bark_RAOH.uexp" 1289
"E:/Projects/EcoBots/Content/Assets/LUSH_StylizedEnvironmentSet/Foliage/Trees/Materials/MI_Palm_A_Bark_01.uasset" 1290
"E:/Projects/EcoBots/Content/Assets/LUSH_StylizedEnvironmentSet/Foliage/Trees/Materials/MI_Palm_A_Bark_01.uexp" 1291
"E:/Projects/EcoBots/Content/Blueprints/Interactables/Tropical/BP_TropicalInteractableBush.uasset" 1292
"E:/Projects/EcoBots/Content/Blueprints/Interactables/Tropical/BP_TropicalInteractableBush.uexp" 1293
"E:/Projects/EcoBots/Content/Blueprints/Interactables/Desert/BP_DesertCuttedBush2.uasset" 1294
"E:/Projects/EcoBots/Content/Blueprints/Interactables/Desert/BP_DesertCuttedBush2.uexp" 1295
"E:/Projects/EcoBots/Content/Assets/Orasot_Bundle/StylizedForestLandscape/Material_Instances/MI_Poplar_Leaf_2.uasset" 1296
"E:/Projects/EcoBots/Content/Assets/Orasot_Bundle/StylizedForestLandscape/Material_Instances/MI_Poplar_Leaf_2.uexp" 1297
"E:/Projects/EcoBots/Content/Blueprints/Interactables/Tropical/BP_TropicalInteractableTree.uasset" 1298
"E:/Projects/EcoBots/Content/Blueprints/Interactables/Tropical/BP_TropicalInteractableTree.uexp" 1299
"E:/Projects/EcoBots/Content/Blueprints/Interactables/Tropical/BP_TropicalCuttedTree.uasset" 1300
"E:/Projects/EcoBots/Content/Blueprints/Interactables/Tropical/BP_TropicalCuttedTree.uexp" 1301
"E:/Projects/EcoBots/Content/Assets/LUSH_StylizedEnvironmentSet/Meshes/Rocks/Textures/T_Rock_01_N.ubulk" 1302
"E:/Projects/EcoBots/Content/Assets/LUSH_StylizedEnvironmentSet/Meshes/Rocks/Textures/T_Rock_01_N.uasset" 1303
"E:/Projects/EcoBots/Content/Assets/LUSH_StylizedEnvironmentSet/Meshes/Rocks/Textures/T_Rock_01_N.uexp" 1304
"E:/Projects/EcoBots/Content/Assets/LUSH_StylizedEnvironmentSet/Meshes/Rocks/Materials/MI_Rock_01_A.uasset" 1305
"E:/Projects/EcoBots/Content/Assets/LUSH_StylizedEnvironmentSet/Meshes/Rocks/Materials/MI_Rock_01_A.uexp" 1306
"E:/Projects/EcoBots/Content/Assets/LUSH_StylizedEnvironmentSet/Meshes/Rocks/SM_Rock_01.uasset" 1307
"E:/Projects/EcoBots/Content/Assets/LUSH_StylizedEnvironmentSet/Meshes/Rocks/SM_Rock_01.uexp" 1308
"E:/Projects/EcoBots/Content/Assets/media/img/RockItemIcon.uasset" 1309
"E:/Projects/EcoBots/Content/Assets/media/img/RockItemIcon.uexp" 1310
"E:/Projects/EcoBots/Content/Blueprints/Items/InventoryItems/BP_RockInventoryItem.uasset" 1311
"E:/Projects/EcoBots/Content/Blueprints/Items/InventoryItems/BP_RockInventoryItem.uexp" 1312
"E:/Projects/EcoBots/Content/Blueprints/Items/BP_RockItem.uasset" 1313
"E:/Projects/EcoBots/Content/Blueprints/Items/BP_RockItem.uexp" 1314
"E:/Projects/EcoBots/Content/Blueprints/Interactables/Snow/BP_SnowInteractableRock.uasset" 1315
"E:/Projects/EcoBots/Content/Blueprints/Interactables/Snow/BP_SnowInteractableRock.uexp" 1316
"E:/Projects/EcoBots/Content/Assets/StackOBot/Environment/Materials/Textures/T_RockTileable_BC.ubulk" 1317
"E:/Projects/EcoBots/Content/Assets/StackOBot/Environment/Materials/Textures/T_RockTileable_BC.uasset" 1318
"E:/Projects/EcoBots/Content/Assets/StackOBot/Environment/Materials/Textures/T_RockTileable_BC.uexp" 1319
"E:/Projects/EcoBots/Content/Assets/StackOBot/Environment/Landscape/Textures/RVT_Crater.uasset" 1320
"E:/Projects/EcoBots/Content/Assets/StackOBot/Environment/Landscape/Textures/RVT_Crater.uexp" 1321
"E:/Projects/EcoBots/Content/Assets/StackOBot/Environment/Materials/Textures/T_RockTint.ubulk" 1322
"E:/Projects/EcoBots/Content/Assets/StackOBot/Environment/Materials/Textures/T_RockTint.uasset" 1323
"E:/Projects/EcoBots/Content/Assets/StackOBot/Environment/Materials/Textures/T_RockTint.uexp" 1324
"E:/Projects/EcoBots/Content/Assets/StackOBot/Environment/Landscape/Materials/M_Rock.uasset" 1325
"E:/Projects/EcoBots/Content/Assets/StackOBot/Environment/Landscape/Materials/M_Rock.uexp" 1326
"E:/Projects/EcoBots/Content/Assets/StackOBot/Environment/Landscape/Materials/MI_Boulder.uasset" 1327
"E:/Projects/EcoBots/Content/Assets/StackOBot/Environment/Landscape/Materials/MI_Boulder.uexp" 1328
"E:/Projects/EcoBots/Content/Assets/StackOBot/Environment/Rocks/SM_Boulder.uasset" 1329
"E:/Projects/EcoBots/Content/Assets/StackOBot/Environment/Rocks/SM_Boulder.uexp" 1330
"E:/Projects/EcoBots/Content/Blueprints/Interactables/Snow/BP_SnowInteractableRock_2.uasset" 1331
"E:/Projects/EcoBots/Content/Blueprints/Interactables/Snow/BP_SnowInteractableRock_2.uexp" 1332
"E:/Projects/EcoBots/Content/Assets/Orasot_Bundle/StylizedForestLandscape/Textures/T_Pine_Leaf.ubulk" 1333
"E:/Projects/EcoBots/Content/Assets/Orasot_Bundle/StylizedForestLandscape/Textures/T_Pine_Leaf.uasset" 1334
"E:/Projects/EcoBots/Content/Assets/Orasot_Bundle/StylizedForestLandscape/Textures/T_Pine_Leaf.uexp" 1335
"E:/Projects/EcoBots/Content/Assets/Mat/MI_SnowPIne_Leaf.uasset" 1336
"E:/Projects/EcoBots/Content/Assets/Mat/MI_SnowPIne_Leaf.uexp" 1337
"E:/Projects/EcoBots/Content/Assets/LUSH_StylizedEnvironmentSet/_SharedAssets/Textures/T_Default_RAOH.ubulk" 1338
"E:/Projects/EcoBots/Content/Assets/LUSH_StylizedEnvironmentSet/_SharedAssets/Textures/T_Default_RAOH.uasset" 1339
"E:/Projects/EcoBots/Content/Assets/LUSH_StylizedEnvironmentSet/_SharedAssets/Textures/T_Default_RAOH.uexp" 1340
"E:/Projects/EcoBots/Content/Assets/LUSH_StylizedEnvironmentSet/Foliage/Trees/Textures/T_Palm_A_Leaf_D.ubulk" 1341
"E:/Projects/EcoBots/Content/Assets/LUSH_StylizedEnvironmentSet/Foliage/Trees/Textures/T_Palm_A_Leaf_D.uasset" 1342
"E:/Projects/EcoBots/Content/Assets/LUSH_StylizedEnvironmentSet/Foliage/Trees/Textures/T_Palm_A_Leaf_D.uexp" 1343
"E:/Projects/EcoBots/Content/Assets/LUSH_StylizedEnvironmentSet/Foliage/Trees/Textures/T_Palm_A_Leaf_N.ubulk" 1344
"E:/Projects/EcoBots/Content/Assets/LUSH_StylizedEnvironmentSet/Foliage/Trees/Textures/T_Palm_A_Leaf_N.uasset" 1345
"E:/Projects/EcoBots/Content/Assets/LUSH_StylizedEnvironmentSet/Foliage/Trees/Textures/T_Palm_A_Leaf_N.uexp" 1346
"E:/Projects/EcoBots/Content/Assets/LUSH_StylizedEnvironmentSet/Foliage/Trees/Materials/MI_Palm_A_Leaf_01.uasset" 1347
"E:/Projects/EcoBots/Content/Assets/LUSH_StylizedEnvironmentSet/Foliage/Trees/Materials/MI_Palm_A_Leaf_01.uexp" 1348
"E:/Projects/EcoBots/Content/Assets/LUSH_StylizedEnvironmentSet/Foliage/Trees/SM_Palm_A_01.uasset" 1349
"E:/Projects/EcoBots/Content/Assets/LUSH_StylizedEnvironmentSet/Foliage/Trees/SM_Palm_A_01.uexp" 1350
"E:/Projects/EcoBots/Content/Blueprints/Interactables/Snow/BP_SnowInteractableTree_2.uasset" 1351
"E:/Projects/EcoBots/Content/Blueprints/Interactables/Snow/BP_SnowInteractableTree_2.uexp" 1352
"E:/Projects/EcoBots/Content/Assets/Mat/MI_Snow1.uasset" 1353
"E:/Projects/EcoBots/Content/Assets/Mat/MI_Snow1.uexp" 1354
"E:/Projects/EcoBots/Content/Blueprints/LevelPieces/FrostBiome/Terrains/BP_FrostTerrain2.uasset" 1355
"E:/Projects/EcoBots/Content/Blueprints/LevelPieces/FrostBiome/Terrains/BP_FrostTerrain2.uexp" 1356
"E:/Projects/EcoBots/Content/Assets/Orasot_Bundle/Stylized_Landscape_5_Bioms/Biom_Green/Textures/T_Plant_1.ubulk" 1357
"E:/Projects/EcoBots/Content/Assets/Orasot_Bundle/Stylized_Landscape_5_Bioms/Biom_Green/Textures/T_Plant_1.uasset" 1358
"E:/Projects/EcoBots/Content/Assets/Orasot_Bundle/Stylized_Landscape_5_Bioms/Biom_Green/Textures/T_Plant_1.uexp" 1359
"E:/Projects/EcoBots/Content/Assets/Orasot_Bundle/Stylized_Landscape_5_Bioms/Biom_Desert/Material_Instances/MI_Leaves_A_light_orange_2.uasset" 1360
"E:/Projects/EcoBots/Content/Assets/Orasot_Bundle/Stylized_Landscape_5_Bioms/Biom_Desert/Material_Instances/MI_Leaves_A_light_orange_2.uexp" 1361
"E:/Projects/EcoBots/Content/Blueprints/Interactables/Desert/BP_DesertInteractableBush.uasset" 1362
"E:/Projects/EcoBots/Content/Blueprints/Interactables/Desert/BP_DesertInteractableBush.uexp" 1363
"E:/Projects/EcoBots/Content/Blueprints/Interactables/Desert/BP_DesertInteractableBush_2.uasset" 1364
"E:/Projects/EcoBots/Content/Blueprints/Interactables/Desert/BP_DesertInteractableBush_2.uexp" 1365
"E:/Projects/EcoBots/Content/Assets/Realistic_Starter_VFX_Pack_Vol2/Particles/Environment/P_Fish_B.uasset" 1366
"E:/Projects/EcoBots/Content/Assets/Realistic_Starter_VFX_Pack_Vol2/Particles/Environment/P_Fish_B.uexp" 1367
"E:/Projects/EcoBots/Content/Blueprints/LevelPieces/TropicalBiome/Terrains/BP_TropicalTerrain3.uasset" 1368
"E:/Projects/EcoBots/Content/Blueprints/LevelPieces/TropicalBiome/Terrains/BP_TropicalTerrain3.uexp" 1369
"E:/Projects/EcoBots/Content/StarterContent/Textures/T_Wood_Floor_Walnut_M.ubulk" 1370
"E:/Projects/EcoBots/Content/StarterContent/Textures/T_Wood_Floor_Walnut_M.uasset" 1371
"E:/Projects/EcoBots/Content/StarterContent/Textures/T_Wood_Floor_Walnut_M.uexp" 1372
"E:/Projects/EcoBots/Content/StarterContent/Textures/T_Wood_Floor_Walnut_D.ubulk" 1373
"E:/Projects/EcoBots/Content/StarterContent/Textures/T_Wood_Floor_Walnut_D.uasset" 1374
"E:/Projects/EcoBots/Content/StarterContent/Textures/T_Wood_Floor_Walnut_D.uexp" 1375
"E:/Projects/EcoBots/Content/StarterContent/Textures/T_Perlin_Noise_M.ubulk" 1376
"E:/Projects/EcoBots/Content/StarterContent/Textures/T_Perlin_Noise_M.uasset" 1377
"E:/Projects/EcoBots/Content/StarterContent/Textures/T_Perlin_Noise_M.uexp" 1378
"E:/Projects/EcoBots/Content/StarterContent/Textures/T_Wood_Floor_Walnut_N.ubulk" 1379
"E:/Projects/EcoBots/Content/StarterContent/Textures/T_Wood_Floor_Walnut_N.uasset" 1380
"E:/Projects/EcoBots/Content/StarterContent/Textures/T_Wood_Floor_Walnut_N.uexp" 1381
"E:/Projects/EcoBots/Content/StarterContent/Materials/M_Wood_Floor_Walnut_Polished.uasset" 1382
"E:/Projects/EcoBots/Content/StarterContent/Materials/M_Wood_Floor_Walnut_Polished.uexp" 1383
"E:/Projects/EcoBots/Content/Blueprints/Craftables/BP_CraftableWoodWall.uasset" 1384
"E:/Projects/EcoBots/Content/Blueprints/Craftables/BP_CraftableWoodWall.uexp" 1385
"E:/Projects/EcoBots/Content/Assets/Mat/MI_SnowLeaf.uasset" 1386
"E:/Projects/EcoBots/Content/Assets/Mat/MI_SnowLeaf.uexp" 1387
"E:/Projects/EcoBots/Content/Blueprints/Interactables/Snow/BP_SnowInteractableBush.uasset" 1388
"E:/Projects/EcoBots/Content/Blueprints/Interactables/Snow/BP_SnowInteractableBush.uexp" 1389
"E:/Projects/EcoBots/Content/Blueprints/Interactables/Snow/BP_SnowCuttedBush2.uasset" 1390
"E:/Projects/EcoBots/Content/Blueprints/Interactables/Snow/BP_SnowCuttedBush2.uexp" 1391
"E:/Projects/EcoBots/Content/Blueprints/Craftables/BP_CraftableRockWall.uasset" 1392
"E:/Projects/EcoBots/Content/Blueprints/Craftables/BP_CraftableRockWall.uexp" 1393
"E:/Projects/EcoBots/Content/StarterContent/Textures/T_Rock_Sandstone_N.ubulk" 1394
"E:/Projects/EcoBots/Content/StarterContent/Textures/T_Rock_Sandstone_N.uasset" 1395
"E:/Projects/EcoBots/Content/StarterContent/Textures/T_Rock_Sandstone_N.uexp" 1396
"E:/Projects/EcoBots/Content/StarterContent/Textures/T_MacroVariation.uasset" 1397
"E:/Projects/EcoBots/Content/StarterContent/Textures/T_MacroVariation.uexp" 1398
"E:/Projects/EcoBots/Content/StarterContent/Textures/T_Rock_Sandstone_D.ubulk" 1399
"E:/Projects/EcoBots/Content/StarterContent/Textures/T_Rock_Sandstone_D.uasset" 1400
"E:/Projects/EcoBots/Content/StarterContent/Textures/T_Rock_Sandstone_D.uexp" 1401
"E:/Projects/EcoBots/Content/StarterContent/Materials/M_Rock_Sandstone.uasset" 1402
"E:/Projects/EcoBots/Content/StarterContent/Materials/M_Rock_Sandstone.uexp" 1403
"E:/Projects/EcoBots/Content/Blueprints/LevelPieces/DesertBiome/Terrains/BP_DesertTerrain4.uasset" 1404
"E:/Projects/EcoBots/Content/Blueprints/LevelPieces/DesertBiome/Terrains/BP_DesertTerrain4.uexp" 1405
"E:/Projects/EcoBots/Content/StarterContent/Textures/T_Statue_M.ubulk" 1406
"E:/Projects/EcoBots/Content/StarterContent/Textures/T_Statue_M.uasset" 1407
"E:/Projects/EcoBots/Content/StarterContent/Textures/T_Statue_M.uexp" 1408
"E:/Projects/EcoBots/Content/StarterContent/Textures/T_Statue_N.ubulk" 1409
"E:/Projects/EcoBots/Content/StarterContent/Textures/T_Statue_N.uasset" 1410
"E:/Projects/EcoBots/Content/StarterContent/Textures/T_Statue_N.uexp" 1411
"E:/Projects/EcoBots/Content/StarterContent/Props/Materials/M_StatueGlass.uasset" 1412
"E:/Projects/EcoBots/Content/StarterContent/Props/Materials/M_StatueGlass.uexp" 1413
"E:/Projects/EcoBots/Content/Blueprints/LevelPieces/FrostBiome/Terrains/BP_FrostTerrain3.uasset" 1414
"E:/Projects/EcoBots/Content/Blueprints/LevelPieces/FrostBiome/Terrains/BP_FrostTerrain3.uexp" 1415
"E:/Projects/EcoBots/Content/Blueprints/Interactables/Snow/BP_SnowInteractableBush_2.uasset" 1416
"E:/Projects/EcoBots/Content/Blueprints/Interactables/Snow/BP_SnowInteractableBush_2.uexp" 1417
"E:/Projects/EcoBots/Content/Blueprints/Interactables/Snow/BP_SnowCuttedBush.uasset" 1418
"E:/Projects/EcoBots/Content/Blueprints/Interactables/Snow/BP_SnowCuttedBush.uexp" 1419
"E:/Projects/EcoBots/Content/Blueprints/Interactables/Desert/BP_DesertCuttedTree.uasset" 1420
"E:/Projects/EcoBots/Content/Blueprints/Interactables/Desert/BP_DesertCuttedTree.uexp" 1421
"E:/Projects/EcoBots/Content/Blueprints/LevelPieces/FrostBiome/Terrains/BP_FrostTerrain1.uasset" 1422
"E:/Projects/EcoBots/Content/Blueprints/LevelPieces/FrostBiome/Terrains/BP_FrostTerrain1.uexp" 1423
"E:/Projects/EcoBots/Content/Blueprints/Interactables/Tropical/BP_TropicalInteractableRock.uasset" 1424
"E:/Projects/EcoBots/Content/Blueprints/Interactables/Tropical/BP_TropicalInteractableRock.uexp" 1425
"E:/Projects/EcoBots/Content/Blueprints/Interactables/Tropical/BP_TropicalInteractableRock_2.uasset" 1426
"E:/Projects/EcoBots/Content/Blueprints/Interactables/Tropical/BP_TropicalInteractableRock_2.uexp" 1427
"E:/Projects/EcoBots/Content/Assets/Orasot_Bundle/StylizedForestLandscape/Material_Instances/MI_PIne_Leaf.uasset" 1428
"E:/Projects/EcoBots/Content/Assets/Orasot_Bundle/StylizedForestLandscape/Material_Instances/MI_PIne_Leaf.uexp" 1429
"E:/Projects/EcoBots/Content/Blueprints/Interactables/Tropical/BP_TropicalInteractableTree_2.uasset" 1430
"E:/Projects/EcoBots/Content/Blueprints/Interactables/Tropical/BP_TropicalInteractableTree_2.uexp" 1431
"E:/Projects/EcoBots/Content/Blueprints/LevelPieces/TropicalBiome/Terrains/BP_TropicalTerrain1.uasset" 1432
"E:/Projects/EcoBots/Content/Blueprints/LevelPieces/TropicalBiome/Terrains/BP_TropicalTerrain1.uexp" 1433
"E:/Projects/EcoBots/Content/Blueprints/LevelPieces/DesertBiome/Terrains/BP_DesertTerrain2.uasset" 1434
"E:/Projects/EcoBots/Content/Blueprints/LevelPieces/DesertBiome/Terrains/BP_DesertTerrain2.uexp" 1435
"E:/Projects/EcoBots/Content/Assets/StackOBot/Characters/Bot/Materials/M_BotWhite.uasset" 1436
"E:/Projects/EcoBots/Content/Assets/StackOBot/Characters/Bot/Materials/M_BotWhite.uexp" 1437
"E:/Projects/EcoBots/Content/Assets/StackOBot/Environment/Materials/MI_Glow.uasset" 1438
"E:/Projects/EcoBots/Content/Assets/StackOBot/Environment/Materials/MI_Glow.uexp" 1439
"E:/Projects/EcoBots/Content/Assets/StackOBot/Environment/Materials/Textures/T_Ribbing_N.uasset" 1440
"E:/Projects/EcoBots/Content/Assets/StackOBot/Environment/Materials/Textures/T_Ribbing_N.uexp" 1441
"E:/Projects/EcoBots/Content/Assets/StackOBot/Environment/Materials/Textures/T_Ribbing_A.uasset" 1442
"E:/Projects/EcoBots/Content/Assets/StackOBot/Environment/Materials/Textures/T_Ribbing_A.uexp" 1443
"E:/Projects/EcoBots/Content/Assets/StackOBot/Environment/Materials/MI_Carbon.uasset" 1444
"E:/Projects/EcoBots/Content/Assets/StackOBot/Environment/Materials/MI_Carbon.uexp" 1445
"E:/Projects/EcoBots/Content/Assets/StackOBot/Environment/Props/SM_GenericMachine_Engine.uasset" 1446
"E:/Projects/EcoBots/Content/Assets/StackOBot/Environment/Props/SM_GenericMachine_Engine.uexp" 1447
"E:/Projects/EcoBots/Content/Assets/StackOBot/Characters/Bot/Materials/M_BotLightBlue.uasset" 1448
"E:/Projects/EcoBots/Content/Assets/StackOBot/Characters/Bot/Materials/M_BotLightBlue.uexp" 1449
"E:/Projects/EcoBots/Content/Assets/media/wavs/Catastrophe.ubulk" 1450
"E:/Projects/EcoBots/Content/Assets/media/wavs/Catastrophe.uasset" 1451
"E:/Projects/EcoBots/Content/Assets/media/wavs/Catastrophe.uexp" 1452
"E:/Projects/EcoBots/Content/Blueprints/Audio/MetaSounds/MS_Catastrophe.uasset" 1453
"E:/Projects/EcoBots/Content/Blueprints/Audio/MetaSounds/MS_Catastrophe.uexp" 1454
"E:/Projects/EcoBots/Content/Assets/media/wavs/woodenhover.ubulk" 1455
"E:/Projects/EcoBots/Content/Assets/media/wavs/woodenhover.uasset" 1456
"E:/Projects/EcoBots/Content/Assets/media/wavs/woodenhover.uexp" 1457
"E:/Projects/EcoBots/Content/Blueprints/Widgets/InGame/BP_OptionsGameWidget.uasset" 1458
"E:/Projects/EcoBots/Content/Blueprints/Widgets/InGame/BP_OptionsGameWidget.uexp" 1459
"E:/Projects/EcoBots/Content/Blueprints/Widgets/InGame/BP_CraftMaterialCostItem.uasset" 1460
"E:/Projects/EcoBots/Content/Blueprints/Widgets/InGame/BP_CraftMaterialCostItem.uexp" 1461
"E:/Projects/EcoBots/Content/Assets/media/fonts/Robot_Roc_Not_a_Tilter.uexp" 1462
"E:/Projects/EcoBots/Content/Assets/media/fonts/Robot_Roc_Not_a_Tilter.uasset" 1463
"E:/Projects/EcoBots/Content/Assets/media/fonts/Robot_Roc_Not_a_Tilter.ufont" 1464
"E:/Projects/EcoBots/Content/Assets/media/fonts/Robot_Roc_Not_a_Tilter_Font.uasset" 1465
"E:/Projects/EcoBots/Content/Assets/media/fonts/Robot_Roc_Not_a_Tilter_Font.uexp" 1466
"E:/Projects/EcoBots/Content/Blueprints/Widgets/InGame/BP_CraftRecipeWidget.uasset" 1467
"E:/Projects/EcoBots/Content/Blueprints/Widgets/InGame/BP_CraftRecipeWidget.uexp" 1468
"E:/Projects/EcoBots/Content/Assets/media/img/InventoryBg.uasset" 1469
"E:/Projects/EcoBots/Content/Assets/media/img/InventoryBg.uexp" 1470
"E:/Projects/EcoBots/Content/Assets/media/img/ExitIco.uasset" 1471
"E:/Projects/EcoBots/Content/Assets/media/img/ExitIco.uexp" 1472
"E:/Projects/EcoBots/Content/Blueprints/Widgets/InGame/BP_CraftWidget.uasset" 1473
"E:/Projects/EcoBots/Content/Blueprints/Widgets/InGame/BP_CraftWidget.uexp" 1474
"E:/Projects/EcoBots/Content/Blueprints/Widgets/InGame/BP_InventorySlotWidget.uasset" 1475
"E:/Projects/EcoBots/Content/Blueprints/Widgets/InGame/BP_InventorySlotWidget.uexp" 1476
"E:/Projects/EcoBots/Content/Blueprints/Widgets/InGame/BP_InventoryWidget.uasset" 1477
"E:/Projects/EcoBots/Content/Blueprints/Widgets/InGame/BP_InventoryWidget.uexp" 1478
"E:/Projects/EcoBots/Content/Assets/media/img/PauseIco.ubulk" 1479
"E:/Projects/EcoBots/Content/Assets/media/img/PauseIco.uasset" 1480
"E:/Projects/EcoBots/Content/Assets/media/img/PauseIco.uexp" 1481
"E:/Projects/EcoBots/Content/Assets/media/img/MoneyIco.ubulk" 1482
"E:/Projects/EcoBots/Content/Assets/media/img/MoneyIco.uasset" 1483
"E:/Projects/EcoBots/Content/Assets/media/img/MoneyIco.uexp" 1484
"../../../Engine/Content/EngineFonts/Faces/RobotoTiny.uexp" 1485
"../../../Engine/Content/EngineFonts/Faces/RobotoTiny.uasset" 1486
"../../../Engine/Content/EngineFonts/Faces/RobotoTiny.ufont" 1487
"../../../Engine/Content/EngineFonts/RobotoTiny.uasset" 1488
"../../../Engine/Content/EngineFonts/RobotoTiny.uexp" 1489
"E:/Projects/EcoBots/Content/Assets/media/img/HealthIco.ubulk" 1490
"E:/Projects/EcoBots/Content/Assets/media/img/HealthIco.uasset" 1491
"E:/Projects/EcoBots/Content/Assets/media/img/HealthIco.uexp" 1492
"E:/Projects/EcoBots/Content/Blueprints/Characters/MiniMap/MiniMapTextureRenderTarget2D.uasset" 1493
"E:/Projects/EcoBots/Content/Blueprints/Characters/MiniMap/MiniMapTextureRenderTarget2D.uexp" 1494
"E:/Projects/EcoBots/Content/Blueprints/Characters/MiniMap/M_MiniMapTextureRenderTarget2D_Mat.uasset" 1495
"E:/Projects/EcoBots/Content/Blueprints/Characters/MiniMap/M_MiniMapTextureRenderTarget2D_Mat.uexp" 1496
"E:/Projects/EcoBots/Content/Assets/media/img/InventoryIco.ubulk" 1497
"E:/Projects/EcoBots/Content/Assets/media/img/InventoryIco.uasset" 1498
"E:/Projects/EcoBots/Content/Assets/media/img/InventoryIco.uexp" 1499
"E:/Projects/EcoBots/Content/Assets/media/img/OptionsIco.uasset" 1500
"E:/Projects/EcoBots/Content/Assets/media/img/OptionsIco.uexp" 1501
"E:/Projects/EcoBots/Content/Assets/media/img/foodIco.uasset" 1502
"E:/Projects/EcoBots/Content/Assets/media/img/foodIco.uexp" 1503
"E:/Projects/EcoBots/Content/Assets/media/img/ThirstIco.ubulk" 1504
"E:/Projects/EcoBots/Content/Assets/media/img/ThirstIco.uasset" 1505
"E:/Projects/EcoBots/Content/Assets/media/img/ThirstIco.uexp" 1506
"E:/Projects/EcoBots/Content/Assets/media/img/CraftBookIco.ubulk" 1507
"E:/Projects/EcoBots/Content/Assets/media/img/CraftBookIco.uasset" 1508
"E:/Projects/EcoBots/Content/Assets/media/img/CraftBookIco.uexp" 1509
"E:/Projects/EcoBots/Content/Assets/media/img/WorldHealth.ubulk" 1510
"E:/Projects/EcoBots/Content/Assets/media/img/WorldHealth.uasset" 1511
"E:/Projects/EcoBots/Content/Assets/media/img/WorldHealth.uexp" 1512
"E:/Projects/EcoBots/Content/Blueprints/Widgets/InGame/BP_EcoBotWidget.uasset" 1513
"E:/Projects/EcoBots/Content/Blueprints/Widgets/InGame/BP_EcoBotWidget.uexp" 1514
"E:/Projects/EcoBots/Content/Blueprints/Widgets/InGame/BP_MainGameWidget.uasset" 1515
"E:/Projects/EcoBots/Content/Blueprints/Widgets/InGame/BP_MainGameWidget.uexp" 1516
"E:/Projects/EcoBots/Content/Blueprints/Managers/BP_WorldCatastrophesManager.uasset" 1517
"E:/Projects/EcoBots/Content/Blueprints/Managers/BP_WorldCatastrophesManager.uexp" 1518
"E:/Projects/EcoBots/Content/Blueprints/Craftables/BP_CraftableAirPurifier.uasset" 1519
"E:/Projects/EcoBots/Content/Blueprints/Craftables/BP_CraftableAirPurifier.uexp" 1520
"E:/Projects/EcoBots/Content/Assets/Mat/MI_Snow2.uasset" 1521
"E:/Projects/EcoBots/Content/Assets/Mat/MI_Snow2.uexp" 1522
"E:/Projects/EcoBots/Content/Blueprints/LevelPieces/FrostBiome/Terrains/BP_FrostTerrain4.uasset" 1523
"E:/Projects/EcoBots/Content/Blueprints/LevelPieces/FrostBiome/Terrains/BP_FrostTerrain4.uexp" 1524
"E:/Projects/EcoBots/Content/StarterContent/Textures/T_Fire_Tiled_D.ubulk" 1525
"E:/Projects/EcoBots/Content/StarterContent/Textures/T_Fire_Tiled_D.uasset" 1526
"E:/Projects/EcoBots/Content/StarterContent/Textures/T_Fire_Tiled_D.uexp" 1527
"E:/Projects/EcoBots/Content/StarterContent/Textures/T_Fire_SubUV.ubulk" 1528
"E:/Projects/EcoBots/Content/StarterContent/Textures/T_Fire_SubUV.uasset" 1529
"E:/Projects/EcoBots/Content/StarterContent/Textures/T_Fire_SubUV.uexp" 1530
"E:/Projects/EcoBots/Content/StarterContent/Particles/Materials/M_Fire_SubUV.uasset" 1531
"E:/Projects/EcoBots/Content/StarterContent/Particles/Materials/M_Fire_SubUV.uexp" 1532
"E:/Projects/EcoBots/Content/StarterContent/Textures/T_Smoke_SubUV.ubulk" 1533
"E:/Projects/EcoBots/Content/StarterContent/Textures/T_Smoke_SubUV.uasset" 1534
"E:/Projects/EcoBots/Content/StarterContent/Textures/T_Smoke_SubUV.uexp" 1535
"E:/Projects/EcoBots/Content/StarterContent/Textures/T_Smoke_Tiled_D.ubulk" 1536
"E:/Projects/EcoBots/Content/StarterContent/Textures/T_Smoke_Tiled_D.uasset" 1537
"E:/Projects/EcoBots/Content/StarterContent/Textures/T_Smoke_Tiled_D.uexp" 1538
"E:/Projects/EcoBots/Content/StarterContent/Particles/Materials/M_smoke_subUV.uasset" 1539
"E:/Projects/EcoBots/Content/StarterContent/Particles/Materials/M_smoke_subUV.uexp" 1540
"E:/Projects/EcoBots/Content/StarterContent/Textures/T_Water_N.ubulk" 1541
"E:/Projects/EcoBots/Content/StarterContent/Textures/T_Water_N.uasset" 1542
"E:/Projects/EcoBots/Content/StarterContent/Textures/T_Water_N.uexp" 1543
"E:/Projects/EcoBots/Content/StarterContent/Particles/Materials/M_Heat_Distortion.uasset" 1544
"E:/Projects/EcoBots/Content/StarterContent/Particles/Materials/M_Heat_Distortion.uexp" 1545
"../../../Engine/Content/Functions/Engine_MaterialFunctions01/Gradient/RadialGradient.uasset" 1546
"../../../Engine/Content/Functions/Engine_MaterialFunctions01/Gradient/RadialGradient.uexp" 1547
"E:/Projects/EcoBots/Content/StarterContent/Particles/Materials/M_Radial_Gradient.uasset" 1548
"E:/Projects/EcoBots/Content/StarterContent/Particles/Materials/M_Radial_Gradient.uexp" 1549
"E:/Projects/EcoBots/Content/StarterContent/Particles/P_Fire.uasset" 1550
"E:/Projects/EcoBots/Content/StarterContent/Particles/P_Fire.uexp" 1551
"E:/Projects/EcoBots/Content/Assets/LUSH_StylizedEnvironmentSet/Foliage/Trees/Materials/MI_Bark_01.uasset" 1552
"E:/Projects/EcoBots/Content/Assets/LUSH_StylizedEnvironmentSet/Foliage/Trees/Materials/MI_Bark_01.uexp" 1553
"E:/Projects/EcoBots/Content/Blueprints/Craftables/BP_CraftableCampFire.uasset" 1554
"E:/Projects/EcoBots/Content/Blueprints/Craftables/BP_CraftableCampFire.uexp" 1555
"E:/Projects/EcoBots/Content/Blueprints/Interactables/Desert/BP_DesertInteractableRock.uasset" 1556
"E:/Projects/EcoBots/Content/Blueprints/Interactables/Desert/BP_DesertInteractableRock.uexp" 1557
"E:/Projects/EcoBots/Content/Blueprints/Interactables/Desert/BP_DesertInteractableRock_2.uasset" 1558
"E:/Projects/EcoBots/Content/Blueprints/Interactables/Desert/BP_DesertInteractableRock_2.uexp" 1559
"E:/Projects/EcoBots/Content/Blueprints/LevelPieces/DesertBiome/Terrains/BP_DesertTerrain1.uasset" 1560
"E:/Projects/EcoBots/Content/Blueprints/LevelPieces/DesertBiome/Terrains/BP_DesertTerrain1.uexp" 1561
"E:/Projects/EcoBots/Content/Assets/Orasot_Bundle/Stylized_Landscape_5_Bioms/Biom_Desert/Material_Instances/MI_Leaves_A_red.uasset" 1562
"E:/Projects/EcoBots/Content/Assets/Orasot_Bundle/Stylized_Landscape_5_Bioms/Biom_Desert/Material_Instances/MI_Leaves_A_red.uexp" 1563
"E:/Projects/EcoBots/Content/Blueprints/Interactables/Desert/BP_DesertInteractableTree.uasset" 1564
"E:/Projects/EcoBots/Content/Blueprints/Interactables/Desert/BP_DesertInteractableTree.uexp" 1565
"E:/Projects/EcoBots/Content/Assets/Orasot_Bundle/Stylized_Landscape_5_Bioms/Biom_Red/Textures/T_Leaf_base.ubulk" 1566
"E:/Projects/EcoBots/Content/Assets/Orasot_Bundle/Stylized_Landscape_5_Bioms/Biom_Red/Textures/T_Leaf_base.uasset" 1567
"E:/Projects/EcoBots/Content/Assets/Orasot_Bundle/Stylized_Landscape_5_Bioms/Biom_Red/Textures/T_Leaf_base.uexp" 1568
"E:/Projects/EcoBots/Content/Assets/Orasot_Bundle/Stylized_Landscape_5_Bioms/Biom_Red/Material_Instances/MI_Leaves_A_4.uasset" 1569
"E:/Projects/EcoBots/Content/Assets/Orasot_Bundle/Stylized_Landscape_5_Bioms/Biom_Red/Material_Instances/MI_Leaves_A_4.uexp" 1570
"E:/Projects/EcoBots/Content/Blueprints/Interactables/Desert/BP_DesertInteractableTree_2.uasset" 1571
"E:/Projects/EcoBots/Content/Blueprints/Interactables/Desert/BP_DesertInteractableTree_2.uexp" 1572
"E:/Projects/EcoBots/Content/Blueprints/Managers/BP_VillageSavingsManager.uasset" 1573
"E:/Projects/EcoBots/Content/Blueprints/Managers/BP_VillageSavingsManager.uexp" 1574
"E:/Projects/EcoBots/Content/Blueprints/Widgets/InGame/BP_PauseWidget.uasset" 1575
"E:/Projects/EcoBots/Content/Blueprints/Widgets/InGame/BP_PauseWidget.uexp" 1576
"E:/Projects/EcoBots/Content/Blueprints/Craftables/CraftPreviews/BP_PreviewAirPurifier.uasset" 1577
"E:/Projects/EcoBots/Content/Blueprints/Craftables/CraftPreviews/BP_PreviewAirPurifier.uexp" 1578
"E:/Projects/EcoBots/Content/Assets/media/img/AirPurifierIcon.ubulk" 1579
"E:/Projects/EcoBots/Content/Assets/media/img/AirPurifierIcon.uasset" 1580
"E:/Projects/EcoBots/Content/Assets/media/img/AirPurifierIcon.uexp" 1581
"E:/Projects/EcoBots/Content/Blueprints/Craftables/CraftRecipes/BP_AirPurifierRecipe.uasset" 1582
"E:/Projects/EcoBots/Content/Blueprints/Craftables/CraftRecipes/BP_AirPurifierRecipe.uexp" 1583
"E:/Projects/EcoBots/Content/StarterContent/Textures/T_Spark_Core.ubulk" 1584
"E:/Projects/EcoBots/Content/StarterContent/Textures/T_Spark_Core.uasset" 1585
"E:/Projects/EcoBots/Content/StarterContent/Textures/T_Spark_Core.uexp" 1586
"E:/Projects/EcoBots/Content/StarterContent/Particles/Materials/M_Spark.uasset" 1587
"E:/Projects/EcoBots/Content/StarterContent/Particles/Materials/M_Spark.uexp" 1588
"E:/Projects/EcoBots/Content/StarterContent/Particles/P_Sparks.uasset" 1589
"E:/Projects/EcoBots/Content/StarterContent/Particles/P_Sparks.uexp" 1590
"../../../Engine/Plugins/2D/Paper2D/Content/TranslucentUnlitSpriteMaterial.uasset" 1591
"../../../Engine/Plugins/2D/Paper2D/Content/TranslucentUnlitSpriteMaterial.uexp" 1592
"E:/Projects/EcoBots/Content/Assets/StackOBot/UI/Textures/T_Bot_ThumbsUp_Circle_Background.uasset" 1593
"E:/Projects/EcoBots/Content/Assets/StackOBot/UI/Textures/T_Bot_ThumbsUp_Circle_Background.uexp" 1594
"E:/Projects/EcoBots/Content/Assets/media/img/T_Bot_ThumbsUp_Circle_Background_Sprite.uasset" 1595
"E:/Projects/EcoBots/Content/Assets/media/img/T_Bot_ThumbsUp_Circle_Background_Sprite.uexp" 1596
"E:/Projects/EcoBots/Content/Assets/media/img/CampFireIcon.ubulk" 1597
"E:/Projects/EcoBots/Content/Assets/media/img/CampFireIcon.uasset" 1598
"E:/Projects/EcoBots/Content/Assets/media/img/CampFireIcon.uexp" 1599
"E:/Projects/EcoBots/Content/Blueprints/Craftables/CraftPreviews/BP_PreviewCampFire.uasset" 1600
"E:/Projects/EcoBots/Content/Blueprints/Craftables/CraftPreviews/BP_PreviewCampFire.uexp" 1601
"E:/Projects/EcoBots/Content/Blueprints/Craftables/CraftRecipes/BP_CampFireRecipe.uasset" 1602
"E:/Projects/EcoBots/Content/Blueprints/Craftables/CraftRecipes/BP_CampFireRecipe.uexp" 1603
"E:/Projects/EcoBots/Content/Assets/media/img/WoodPlate.uasset" 1604
"E:/Projects/EcoBots/Content/Assets/media/img/WoodPlate.uexp" 1605
"E:/Projects/EcoBots/Content/Blueprints/Craftables/CraftPreviews/BP_PreviewWoodWall.uasset" 1606
"E:/Projects/EcoBots/Content/Blueprints/Craftables/CraftPreviews/BP_PreviewWoodWall.uexp" 1607
"E:/Projects/EcoBots/Content/Blueprints/Craftables/CraftRecipes/BP_WoodWallRecipe.uasset" 1608
"E:/Projects/EcoBots/Content/Blueprints/Craftables/CraftRecipes/BP_WoodWallRecipe.uexp" 1609
"E:/Projects/EcoBots/Content/Assets/StackOBot/Characters/Bot/Materials/M_BotLedWhite.uasset" 1610
"E:/Projects/EcoBots/Content/Assets/StackOBot/Characters/Bot/Materials/M_BotLedWhite.uexp" 1611
"E:/Projects/EcoBots/Content/Assets/StackOBot/Characters/Bot/Materials/MI_BotFaceWhite.uasset" 1612
"E:/Projects/EcoBots/Content/Assets/StackOBot/Characters/Bot/Materials/MI_BotFaceWhite.uexp" 1613
"E:/Projects/EcoBots/Content/Blueprints/Craftables/CraftPreviews/BP_PreviewRockWall.uasset" 1614
"E:/Projects/EcoBots/Content/Blueprints/Craftables/CraftPreviews/BP_PreviewRockWall.uexp" 1615
"E:/Projects/EcoBots/Content/Assets/media/img/RockwallIcon.uasset" 1616
"E:/Projects/EcoBots/Content/Assets/media/img/RockwallIcon.uexp" 1617
"E:/Projects/EcoBots/Content/Blueprints/Craftables/CraftRecipes/BP_RockWallRecipe.uasset" 1618
"E:/Projects/EcoBots/Content/Blueprints/Craftables/CraftRecipes/BP_RockWallRecipe.uexp" 1619
"E:/Projects/EcoBots/Content/Assets/StackOBot/Characters/Bot/Materials/M_BotBaseGreen.uasset" 1620
"E:/Projects/EcoBots/Content/Assets/StackOBot/Characters/Bot/Materials/M_BotBaseGreen.uexp" 1621
"E:/Projects/EcoBots/Content/Blueprints/Audio/MetaSounds/MS_RobotInteract.uasset" 1622
"E:/Projects/EcoBots/Content/Blueprints/Audio/MetaSounds/MS_RobotInteract.uexp" 1623
"E:/Projects/EcoBots/Content/Blueprints/Characters/BP_EcoBotCharacter.uasset" 1624
"E:/Projects/EcoBots/Content/Blueprints/Characters/BP_EcoBotCharacter.uexp" 1625
"E:/Projects/EcoBots/Content/Assets/Orasot_Bundle/Stylized_Landscape_5_Bioms/Global/Demo/EpicGames/Fog/Textures/T_Noise01.ubulk" 1626
"E:/Projects/EcoBots/Content/Assets/Orasot_Bundle/Stylized_Landscape_5_Bioms/Global/Demo/EpicGames/Fog/Textures/T_Noise01.uasset" 1627
"E:/Projects/EcoBots/Content/Assets/Orasot_Bundle/Stylized_Landscape_5_Bioms/Global/Demo/EpicGames/Fog/Textures/T_Noise01.uexp" 1628
"E:/Projects/EcoBots/Content/Assets/Orasot_Bundle/Stylized_Landscape_5_Bioms/Global/Demo/EpicGames/Fog/Textures/T_Water_N.ubulk" 1629
"E:/Projects/EcoBots/Content/Assets/Orasot_Bundle/Stylized_Landscape_5_Bioms/Global/Demo/EpicGames/Fog/Textures/T_Water_N.uasset" 1630
"E:/Projects/EcoBots/Content/Assets/Orasot_Bundle/Stylized_Landscape_5_Bioms/Global/Demo/EpicGames/Fog/Textures/T_Water_N.uexp" 1631
"E:/Projects/EcoBots/Content/Assets/Orasot_Bundle/Stylized_Landscape_5_Bioms/Global/Materials/M_Water.uasset" 1632
"E:/Projects/EcoBots/Content/Assets/Orasot_Bundle/Stylized_Landscape_5_Bioms/Global/Materials/M_Water.uexp" 1633
"E:/Projects/EcoBots/Content/Assets/Orasot_Bundle/Stylized_Landscape_5_Bioms/Global/Material_Instances/MI_Water.uasset" 1634
"E:/Projects/EcoBots/Content/Assets/Orasot_Bundle/Stylized_Landscape_5_Bioms/Global/Material_Instances/MI_Water.uexp" 1635
"E:/Projects/EcoBots/Content/Blueprints/Interactables/BP_Water.uasset" 1636
"E:/Projects/EcoBots/Content/Blueprints/Interactables/BP_Water.uexp" 1637
"E:/Projects/EcoBots/Content/Blueprints/Managers/BP_DayNightManagers.uasset" 1638
"E:/Projects/EcoBots/Content/Blueprints/Managers/BP_DayNightManagers.uexp" 1639
"../../../Engine/Content/EngineMaterials/DefaultPhysicalMaterial.uasset" 1640
"../../../Engine/Content/EngineMaterials/DefaultPhysicalMaterial.uexp" 1641
"../../../Engine/Content/OpenWorldTemplate/LandscapeMaterial/T_GridChecker_A.ubulk" 1642
"../../../Engine/Content/OpenWorldTemplate/LandscapeMaterial/T_GridChecker_A.uasset" 1643
"../../../Engine/Content/OpenWorldTemplate/LandscapeMaterial/T_GridChecker_A.uexp" 1644
"../../../Engine/Content/OpenWorldTemplate/LandscapeMaterial/MF_ProcGrid.uasset" 1645
"../../../Engine/Content/OpenWorldTemplate/LandscapeMaterial/MF_ProcGrid.uexp" 1646
"../../../Engine/Content/OpenWorldTemplate/LandscapeMaterial/M_ProcGrid.uasset" 1647
"../../../Engine/Content/OpenWorldTemplate/LandscapeMaterial/M_ProcGrid.uexp" 1648
"../../../Engine/Content/MapTemplates/Sky/T_Sky_Stars.ubulk" 1649
"../../../Engine/Content/MapTemplates/Sky/T_Sky_Stars.uasset" 1650
"../../../Engine/Content/MapTemplates/Sky/T_Sky_Stars.uexp" 1651
"../../../Engine/Content/MapTemplates/Sky/T_UDK_Sky_CloudMask01_N.ubulk" 1652
"../../../Engine/Content/MapTemplates/Sky/T_UDK_Sky_CloudMask01_N.uasset" 1653
"../../../Engine/Content/MapTemplates/Sky/T_UDK_Sky_CloudMask01_N.uexp" 1654
"../../../Engine/Content/MapTemplates/T_UDK_Sky_CloudMask03.ubulk" 1655
"../../../Engine/Content/MapTemplates/T_UDK_Sky_CloudMask03.uasset" 1656
"../../../Engine/Content/MapTemplates/T_UDK_Sky_CloudMask03.uexp" 1657
"../../../Engine/Content/MapTemplates/Sky/M_Procedural_Sky_MASTER02.uasset" 1658
"../../../Engine/Content/MapTemplates/Sky/M_Procedural_Sky_MASTER02.uexp" 1659
"../../../Engine/Content/MapTemplates/Sky/M_Procedural_Sky_Night.uasset" 1660
"../../../Engine/Content/MapTemplates/Sky/M_Procedural_Sky_Night.uexp" 1661
"E:/Projects/EcoBots/Content/Assets/media/wavs/NightTrack2.ubulk" 1662
"E:/Projects/EcoBots/Content/Assets/media/wavs/NightTrack2.uasset" 1663
"E:/Projects/EcoBots/Content/Assets/media/wavs/NightTrack2.uexp" 1664
"E:/Projects/EcoBots/Content/Assets/media/wavs/NightTrack1.ubulk" 1665
"E:/Projects/EcoBots/Content/Assets/media/wavs/NightTrack1.uasset" 1666
"E:/Projects/EcoBots/Content/Assets/media/wavs/NightTrack1.uexp" 1667
"E:/Projects/EcoBots/Content/Assets/media/wavs/NightTrack4.ubulk" 1668
"E:/Projects/EcoBots/Content/Assets/media/wavs/NightTrack4.uasset" 1669
"E:/Projects/EcoBots/Content/Assets/media/wavs/NightTrack4.uexp" 1670
"E:/Projects/EcoBots/Content/Assets/media/wavs/NightTrack3.ubulk" 1671
"E:/Projects/EcoBots/Content/Assets/media/wavs/NightTrack3.uasset" 1672
"E:/Projects/EcoBots/Content/Assets/media/wavs/NightTrack3.uexp" 1673
"E:/Projects/EcoBots/Content/Blueprints/Audio/MetaSounds/MS_NightMusic.uasset" 1674
"E:/Projects/EcoBots/Content/Blueprints/Audio/MetaSounds/MS_NightMusic.uexp" 1675
"E:/Projects/EcoBots/Content/Blueprints/Characters/Controllers/InputActions/Interact.uasset" 1676
"E:/Projects/EcoBots/Content/Blueprints/Characters/Controllers/InputActions/Interact.uexp" 1677
"E:/Projects/EcoBots/Content/Blueprints/Characters/Controllers/InputActions/Jump.uasset" 1678
"E:/Projects/EcoBots/Content/Blueprints/Characters/Controllers/InputActions/Jump.uexp" 1679
"E:/Projects/EcoBots/Content/Blueprints/Characters/Controllers/InputActions/Run.uasset" 1680
"E:/Projects/EcoBots/Content/Blueprints/Characters/Controllers/InputActions/Run.uexp" 1681
"E:/Projects/EcoBots/Content/Blueprints/Characters/Controllers/InputActions/Move.uasset" 1682
"E:/Projects/EcoBots/Content/Blueprints/Characters/Controllers/InputActions/Move.uexp" 1683
"E:/Projects/EcoBots/Content/Blueprints/Characters/Controllers/IMC_EcoBot.uasset" 1684
"E:/Projects/EcoBots/Content/Blueprints/Characters/Controllers/IMC_EcoBot.uexp" 1685
"E:/Projects/EcoBots/Content/Blueprints/Characters/Controllers/DA_PlayerInputData.uasset" 1686
"E:/Projects/EcoBots/Content/Blueprints/Characters/Controllers/DA_PlayerInputData.uexp" 1687
"E:/Projects/EcoBots/Content/Blueprints/Characters/Controllers/BP_EcoBotController.uasset" 1688
"E:/Projects/EcoBots/Content/Blueprints/Characters/Controllers/BP_EcoBotController.uexp" 1689
"E:/Projects/EcoBots/Content/Assets/media/wavs/DayTrack2.ubulk" 1690
"E:/Projects/EcoBots/Content/Assets/media/wavs/DayTrack2.uasset" 1691
"E:/Projects/EcoBots/Content/Assets/media/wavs/DayTrack2.uexp" 1692
"E:/Projects/EcoBots/Content/Assets/media/wavs/DayTrack4.ubulk" 1693
"E:/Projects/EcoBots/Content/Assets/media/wavs/DayTrack4.uasset" 1694
"E:/Projects/EcoBots/Content/Assets/media/wavs/DayTrack4.uexp" 1695
"E:/Projects/EcoBots/Content/Assets/media/wavs/DayTrack1.ubulk" 1696
"E:/Projects/EcoBots/Content/Assets/media/wavs/DayTrack1.uasset" 1697
"E:/Projects/EcoBots/Content/Assets/media/wavs/DayTrack1.uexp" 1698
"E:/Projects/EcoBots/Content/Assets/media/wavs/DayTrack3.ubulk" 1699
"E:/Projects/EcoBots/Content/Assets/media/wavs/DayTrack3.uasset" 1700
"E:/Projects/EcoBots/Content/Assets/media/wavs/DayTrack3.uexp" 1701
"E:/Projects/EcoBots/Content/Blueprints/Audio/MetaSounds/MS_DayMusic.uasset" 1702
"E:/Projects/EcoBots/Content/Blueprints/Audio/MetaSounds/MS_DayMusic.uexp" 1703
"E:/Projects/EcoBots/Content/Assets/media/wavs/AmbientDay.ubulk" 1704
"E:/Projects/EcoBots/Content/Assets/media/wavs/AmbientDay.uasset" 1705
"E:/Projects/EcoBots/Content/Assets/media/wavs/AmbientDay.uexp" 1706
"E:/Projects/EcoBots/Content/Blueprints/Audio/MetaSounds/MS_AmbientDay.uasset" 1707
"E:/Projects/EcoBots/Content/Blueprints/Audio/MetaSounds/MS_AmbientDay.uexp" 1708
"E:/Projects/EcoBots/Content/Assets/media/wavs/AmbientNight.ubulk" 1709
"E:/Projects/EcoBots/Content/Assets/media/wavs/AmbientNight.uasset" 1710
"E:/Projects/EcoBots/Content/Assets/media/wavs/AmbientNight.uexp" 1711
"E:/Projects/EcoBots/Content/Blueprints/Audio/MetaSounds/MS_AmbientNight.uasset" 1712
"E:/Projects/EcoBots/Content/Blueprints/Audio/MetaSounds/MS_AmbientNight.uexp" 1713
"E:/Projects/EcoBots/Content/Blueprints/Gamemodes/BP_EcoBotGamemode.uasset" 1714
"E:/Projects/EcoBots/Content/Blueprints/Gamemodes/BP_EcoBotGamemode.uexp" 1715
"E:/Projects/EcoBots/Content/Levels/InGame/EcoBotGame.uexp" 1716
"E:/Projects/EcoBots/Content/Levels/InGame/EcoBotGame.umap" 1717
"E:/Projects/EcoBots/Content/Blueprints/LevelPieces/DesertBiome/BP_DesertPiece3.uasset" 1718
"E:/Projects/EcoBots/Content/Blueprints/LevelPieces/DesertBiome/BP_DesertPiece3.uexp" 1719
"E:/Projects/EcoBots/Content/Assets/StackOBot/Environment/Foilage/Textures/T_Leaves_N.ubulk" 1720
"E:/Projects/EcoBots/Content/Assets/StackOBot/Environment/Foilage/Textures/T_Leaves_N.uasset" 1721
"E:/Projects/EcoBots/Content/Assets/StackOBot/Environment/Foilage/Textures/T_Leaves_N.uexp" 1722
"../../../Engine/Content/Functions/Engine_MaterialFunctions03/Texturing/TwoSidedTexturing.uasset" 1723
"../../../Engine/Content/Functions/Engine_MaterialFunctions03/Texturing/TwoSidedTexturing.uexp" 1724
"E:/Projects/EcoBots/Content/Assets/StackOBot/Environment/Foilage/Materials/M_TreeBaseNOWPO.uasset" 1725
"E:/Projects/EcoBots/Content/Assets/StackOBot/Environment/Foilage/Materials/M_TreeBaseNOWPO.uexp" 1726
"E:/Projects/EcoBots/Content/Assets/StackOBot/Environment/Materials/Textures/T_Bark_D.ubulk" 1727
"E:/Projects/EcoBots/Content/Assets/StackOBot/Environment/Materials/Textures/T_Bark_D.uasset" 1728
"E:/Projects/EcoBots/Content/Assets/StackOBot/Environment/Materials/Textures/T_Bark_D.uexp" 1729
"E:/Projects/EcoBots/Content/Assets/StackOBot/Environment/Materials/Textures/T_Bark_N.ubulk" 1730
"E:/Projects/EcoBots/Content/Assets/StackOBot/Environment/Materials/Textures/T_Bark_N.uasset" 1731
"E:/Projects/EcoBots/Content/Assets/StackOBot/Environment/Materials/Textures/T_Bark_N.uexp" 1732
"E:/Projects/EcoBots/Content/Assets/StackOBot/Environment/Foilage/Materials/M_CyberTrunk_NoWPO.uasset" 1733
"E:/Projects/EcoBots/Content/Assets/StackOBot/Environment/Foilage/Materials/M_CyberTrunk_NoWPO.uexp" 1734
"E:/Projects/EcoBots/Content/Assets/StackOBot/Environment/Foilage/Textures/T_Leaves_M.ubulk" 1735
"E:/Projects/EcoBots/Content/Assets/StackOBot/Environment/Foilage/Textures/T_Leaves_M.uasset" 1736
"E:/Projects/EcoBots/Content/Assets/StackOBot/Environment/Foilage/Textures/T_Leaves_M.uexp" 1737
"E:/Projects/EcoBots/Content/Assets/StackOBot/Environment/Foilage/Textures/T_Leaves_D.ubulk" 1738
"E:/Projects/EcoBots/Content/Assets/StackOBot/Environment/Foilage/Textures/T_Leaves_D.uasset" 1739
"E:/Projects/EcoBots/Content/Assets/StackOBot/Environment/Foilage/Textures/T_Leaves_D.uexp" 1740
"E:/Projects/EcoBots/Content/Assets/StackOBot/Environment/Foilage/Materials/M_CyberFern_NoWPO.uasset" 1741
"E:/Projects/EcoBots/Content/Assets/StackOBot/Environment/Foilage/Materials/M_CyberFern_NoWPO.uexp" 1742
"E:/Projects/EcoBots/Content/Assets/StackOBot/Environment/Foilage/Materials/MF_TreeWind.uasset" 1743
"E:/Projects/EcoBots/Content/Assets/StackOBot/Environment/Foilage/Materials/MF_TreeWind.uexp" 1744
"E:/Projects/EcoBots/Content/Assets/StackOBot/Environment/Foilage/Materials/MF_RotateAwayPoint.uasset" 1745
"E:/Projects/EcoBots/Content/Assets/StackOBot/Environment/Foilage/Materials/MF_RotateAwayPoint.uexp" 1746
"E:/Projects/EcoBots/Content/Assets/StackOBot/Environment/Foilage/Materials/M_TreeBase.uasset" 1747
"E:/Projects/EcoBots/Content/Assets/StackOBot/Environment/Foilage/Materials/M_TreeBase.uexp" 1748
"E:/Projects/EcoBots/Content/Assets/StackOBot/Environment/Foilage/Materials/M_CyberTrunk.uasset" 1749
"E:/Projects/EcoBots/Content/Assets/StackOBot/Environment/Foilage/Materials/M_CyberTrunk.uexp" 1750
"E:/Projects/EcoBots/Content/Assets/StackOBot/Environment/Foilage/Materials/M_CyberFern.uasset" 1751
"E:/Projects/EcoBots/Content/Assets/StackOBot/Environment/Foilage/Materials/M_CyberFern.uexp" 1752
"E:/Projects/EcoBots/Content/Assets/StackOBot/Environment/Foilage/Meshes/SM_Bush.uasset" 1753
"E:/Projects/EcoBots/Content/Assets/StackOBot/Environment/Foilage/Meshes/SM_Bush.uexp" 1754
"E:/Projects/EcoBots/Content/Blueprints/LevelPieces/FrostBiome/BP_SnowPiece7.uasset" 1755
"E:/Projects/EcoBots/Content/Blueprints/LevelPieces/FrostBiome/BP_SnowPiece7.uexp" 1756
"E:/Projects/EcoBots/Content/Blueprints/LevelPieces/DesertBiome/BP_DesertPiece9.uasset" 1757
"E:/Projects/EcoBots/Content/Blueprints/LevelPieces/DesertBiome/BP_DesertPiece9.uexp" 1758
"E:/Projects/EcoBots/Content/Assets/LUSH_StylizedEnvironmentSet/Foliage/GroundIvy/SM_GroundIvy_01.uasset" 1759
"E:/Projects/EcoBots/Content/Assets/LUSH_StylizedEnvironmentSet/Foliage/GroundIvy/SM_GroundIvy_01.uexp" 1760
"../../../Engine/Content/EngineMaterials/FlatNormal.uasset" 1761
"../../../Engine/Content/EngineMaterials/FlatNormal.uexp" 1762
"E:/Projects/EcoBots/Content/Assets/LUSH_StylizedEnvironmentSet/Foliage/Flowers/Textures/T_Flowers_01_D.ubulk" 1763
"E:/Projects/EcoBots/Content/Assets/LUSH_StylizedEnvironmentSet/Foliage/Flowers/Textures/T_Flowers_01_D.uasset" 1764
"E:/Projects/EcoBots/Content/Assets/LUSH_StylizedEnvironmentSet/Foliage/Flowers/Textures/T_Flowers_01_D.uexp" 1765
"E:/Projects/EcoBots/Content/Assets/LUSH_StylizedEnvironmentSet/Foliage/Flowers/Materials/MI_Flowers_01.uasset" 1766
"E:/Projects/EcoBots/Content/Assets/LUSH_StylizedEnvironmentSet/Foliage/Flowers/Materials/MI_Flowers_01.uexp" 1767
"E:/Projects/EcoBots/Content/Assets/LUSH_StylizedEnvironmentSet/Foliage/Flowers/SM_FlowerClump_D_01.uasset" 1768
"E:/Projects/EcoBots/Content/Assets/LUSH_StylizedEnvironmentSet/Foliage/Flowers/SM_FlowerClump_D_01.uexp" 1769
"E:/Projects/EcoBots/Content/Blueprints/LevelPieces/TropicalBiome/BP_TropicalPiece6.uasset" 1770
"E:/Projects/EcoBots/Content/Blueprints/LevelPieces/TropicalBiome/BP_TropicalPiece6.uexp" 1771
"E:/Projects/EcoBots/Content/Blueprints/LevelPieces/TropicalBiome/BP_TropicalPiece5.uasset" 1772
"E:/Projects/EcoBots/Content/Blueprints/LevelPieces/TropicalBiome/BP_TropicalPiece5.uexp" 1773
"E:/Projects/EcoBots/Content/Blueprints/LevelPieces/FrostBiome/BP_SnowPiece9.uasset" 1774
"E:/Projects/EcoBots/Content/Blueprints/LevelPieces/FrostBiome/BP_SnowPiece9.uexp" 1775
"E:/Projects/EcoBots/Content/Blueprints/LevelPieces/TropicalBiome/BP_TropicalPiece7.uasset" 1776
"E:/Projects/EcoBots/Content/Blueprints/LevelPieces/TropicalBiome/BP_TropicalPiece7.uexp" 1777
"E:/Projects/EcoBots/Content/Blueprints/LevelPieces/DesertBiome/BP_DesertPiece1.uasset" 1778
"E:/Projects/EcoBots/Content/Blueprints/LevelPieces/DesertBiome/BP_DesertPiece1.uexp" 1779
"E:/Projects/EcoBots/Content/Blueprints/LevelPieces/DesertBiome/BP_DesertPiece7.uasset" 1780
"E:/Projects/EcoBots/Content/Blueprints/LevelPieces/DesertBiome/BP_DesertPiece7.uexp" 1781
"E:/Projects/EcoBots/Content/Blueprints/LevelPieces/DesertBiome/BP_DesertPiece2.uasset" 1782
"E:/Projects/EcoBots/Content/Blueprints/LevelPieces/DesertBiome/BP_DesertPiece2.uexp" 1783
"E:/Projects/EcoBots/Content/Blueprints/LevelPieces/FrostBiome/BP_SnowPiece6.uasset" 1784
"E:/Projects/EcoBots/Content/Blueprints/LevelPieces/FrostBiome/BP_SnowPiece6.uexp" 1785
"E:/Projects/EcoBots/Content/Blueprints/LevelPieces/FrostBiome/BP_SnowPiece8.uasset" 1786
"E:/Projects/EcoBots/Content/Blueprints/LevelPieces/FrostBiome/BP_SnowPiece8.uexp" 1787
"E:/Projects/EcoBots/Content/Blueprints/LevelPieces/DesertBiome/BP_DesertPiece6.uasset" 1788
"E:/Projects/EcoBots/Content/Blueprints/LevelPieces/DesertBiome/BP_DesertPiece6.uexp" 1789
"E:/Projects/EcoBots/Content/Blueprints/LevelPieces/TropicalBiome/BP_TropicalPiece9.uasset" 1790
"E:/Projects/EcoBots/Content/Blueprints/LevelPieces/TropicalBiome/BP_TropicalPiece9.uexp" 1791
"E:/Projects/EcoBots/Content/Blueprints/LevelPieces/DesertBiome/BP_DesertPiece4.uasset" 1792
"E:/Projects/EcoBots/Content/Blueprints/LevelPieces/DesertBiome/BP_DesertPiece4.uexp" 1793
"E:/Projects/EcoBots/Content/Blueprints/LevelPieces/FrostBiome/BP_SnowPiece1.uasset" 1794
"E:/Projects/EcoBots/Content/Blueprints/LevelPieces/FrostBiome/BP_SnowPiece1.uexp" 1795
"E:/Projects/EcoBots/Content/Blueprints/LevelPieces/FrostBiome/BP_SnowPiece4.uasset" 1796
"E:/Projects/EcoBots/Content/Blueprints/LevelPieces/FrostBiome/BP_SnowPiece4.uexp" 1797
"E:/Projects/EcoBots/Content/Blueprints/LevelPieces/FrostBiome/BP_SnowPiece3.uasset" 1798
"E:/Projects/EcoBots/Content/Blueprints/LevelPieces/FrostBiome/BP_SnowPiece3.uexp" 1799
"E:/Projects/EcoBots/Content/Blueprints/LevelPieces/DesertBiome/BP_DesertPiece8.uasset" 1800
"E:/Projects/EcoBots/Content/Blueprints/LevelPieces/DesertBiome/BP_DesertPiece8.uexp" 1801
"E:/Projects/EcoBots/Content/Blueprints/LevelPieces/TropicalBiome/BP_TropicalPiece8.uasset" 1802
"E:/Projects/EcoBots/Content/Blueprints/LevelPieces/TropicalBiome/BP_TropicalPiece8.uexp" 1803
"E:/Projects/EcoBots/Content/Blueprints/LevelPieces/TropicalBiome/BP_TropicalPiece4.uasset" 1804
"E:/Projects/EcoBots/Content/Blueprints/LevelPieces/TropicalBiome/BP_TropicalPiece4.uexp" 1805
"E:/Projects/EcoBots/Content/Blueprints/LevelPieces/TropicalBiome/BP_TropicalPiece2.uasset" 1806
"E:/Projects/EcoBots/Content/Blueprints/LevelPieces/TropicalBiome/BP_TropicalPiece2.uexp" 1807
"E:/Projects/EcoBots/Content/Blueprints/LevelPieces/DesertBiome/BP_DesertPiece5.uasset" 1808
"E:/Projects/EcoBots/Content/Blueprints/LevelPieces/DesertBiome/BP_DesertPiece5.uexp" 1809
"E:/Projects/EcoBots/Content/Blueprints/LevelPieces/FrostBiome/BP_SnowPiece5.uasset" 1810
"E:/Projects/EcoBots/Content/Blueprints/LevelPieces/FrostBiome/BP_SnowPiece5.uexp" 1811
"E:/Projects/EcoBots/Content/Blueprints/LevelPieces/TropicalBiome/BP_TropicalPiece1.uasset" 1812
"E:/Projects/EcoBots/Content/Blueprints/LevelPieces/TropicalBiome/BP_TropicalPiece1.uexp" 1813
"E:/Projects/EcoBots/Content/Blueprints/LevelPieces/TropicalBiome/BP_TropicalPiece3.uasset" 1814
"E:/Projects/EcoBots/Content/Blueprints/LevelPieces/TropicalBiome/BP_TropicalPiece3.uexp" 1815
"E:/Projects/EcoBots/Content/Blueprints/LevelPieces/FrostBiome/BP_SnowPiece2.uasset" 1816
"E:/Projects/EcoBots/Content/Blueprints/LevelPieces/FrostBiome/BP_SnowPiece2.uexp" 1817
"E:/Projects/EcoBots/Content/Blueprints/Managers/BP_VillageGeneratorManager.uasset" 1818
"E:/Projects/EcoBots/Content/Blueprints/Managers/BP_VillageGeneratorManager.uexp" 1819
"E:/Projects/EcoBots/Content/Levels/InGame/EcoBotGen.uexp" 1820
"E:/Projects/EcoBots/Content/Levels/InGame/EcoBotGen.umap" 1821
"E:/Projects/EcoBots/Content/Assets/LUSH_StylizedEnvironmentSet/Maps/DemoMap_sharedassets/RiverBed_LayerInfo.uasset" 1822
"E:/Projects/EcoBots/Content/Assets/LUSH_StylizedEnvironmentSet/Maps/DemoMap_sharedassets/RiverBed_LayerInfo.uexp" 1823
"E:/Projects/EcoBots/Content/Assets/StackOBot/Characters/Bot/Materials/MI_BotFaceOrange.uasset" 1824
"E:/Projects/EcoBots/Content/Assets/StackOBot/Characters/Bot/Materials/MI_BotFaceOrange.uexp" 1825
"E:/Projects/EcoBots/Content/Assets/StackOBot/Characters/Bot/Materials/M_BotLedRed.uasset" 1826
"E:/Projects/EcoBots/Content/Assets/StackOBot/Characters/Bot/Materials/M_BotLedRed.uexp" 1827
"E:/Projects/EcoBots/Content/Assets/StackOBot/Characters/Bot/Materials/MI_BotFaceRed.uasset" 1828
"E:/Projects/EcoBots/Content/Assets/StackOBot/Characters/Bot/Materials/MI_BotFaceRed.uexp" 1829
"E:/Projects/EcoBots/Content/Assets/StackOBot/Characters/Bot/Materials/M_BotPink.uasset" 1830
"E:/Projects/EcoBots/Content/Assets/StackOBot/Characters/Bot/Materials/M_BotPink.uexp" 1831
"E:/Projects/EcoBots/Content/Blueprints/Characters/BP_CameraPawn.uasset" 1832
"E:/Projects/EcoBots/Content/Blueprints/Characters/BP_CameraPawn.uexp" 1833
"E:/Projects/EcoBots/Content/Assets/StackOBot/Characters/Bot/Materials/M_BotBaseRed.uasset" 1834
"E:/Projects/EcoBots/Content/Assets/StackOBot/Characters/Bot/Materials/M_BotBaseRed.uexp" 1835
"E:/Projects/EcoBots/Content/Assets/StackOBot/Characters/Bot/Materials/M_BotLedYellow.uasset" 1836
"E:/Projects/EcoBots/Content/Assets/StackOBot/Characters/Bot/Materials/M_BotLedYellow.uexp" 1837
"E:/Projects/EcoBots/Content/Assets/StackOBot/Characters/Bot/Materials/MI_BotFaceYellow.uasset" 1838
"E:/Projects/EcoBots/Content/Assets/StackOBot/Characters/Bot/Materials/MI_BotFaceYellow.uexp" 1839
"E:/Projects/EcoBots/Content/Assets/StackOBot/Characters/Bot/Materials/M_BotYellow.uasset" 1840
"E:/Projects/EcoBots/Content/Assets/StackOBot/Characters/Bot/Materials/M_BotYellow.uexp" 1841
"E:/Projects/EcoBots/Content/Assets/StackOBot/Characters/Bot/Materials/M_BotLedPink.uasset" 1842
"E:/Projects/EcoBots/Content/Assets/StackOBot/Characters/Bot/Materials/M_BotLedPink.uexp" 1843
"E:/Projects/EcoBots/Content/Assets/StackOBot/Characters/Bot/Materials/MI_BotFacePink.uasset" 1844
"E:/Projects/EcoBots/Content/Assets/StackOBot/Characters/Bot/Materials/MI_BotFacePink.uexp" 1845
"E:/Projects/EcoBots/Content/Assets/StackOBot/Characters/Bot/Materials/M_BotLedLightBlue.uasset" 1846
"E:/Projects/EcoBots/Content/Assets/StackOBot/Characters/Bot/Materials/M_BotLedLightBlue.uexp" 1847
"E:/Projects/EcoBots/Content/Assets/StackOBot/Characters/Bot/Materials/MI_BotFaceLightBlue.uasset" 1848
"E:/Projects/EcoBots/Content/Assets/StackOBot/Characters/Bot/Materials/MI_BotFaceLightBlue.uexp" 1849
"E:/Projects/EcoBots/Content/Blueprints/Widgets/Menu/BP_NewGameWidget.uasset" 1850
"E:/Projects/EcoBots/Content/Blueprints/Widgets/Menu/BP_NewGameWidget.uexp" 1851
"E:/Projects/EcoBots/Content/Blueprints/Characters/BP_PersonalizationCam.uasset" 1852
"E:/Projects/EcoBots/Content/Blueprints/Characters/BP_PersonalizationCam.uexp" 1853
"E:/Projects/EcoBots/Content/Blueprints/Widgets/Menu/BP_SelectSlotMenu.uasset" 1854
"E:/Projects/EcoBots/Content/Blueprints/Widgets/Menu/BP_SelectSlotMenu.uexp" 1855
"E:/Projects/EcoBots/Content/Blueprints/Widgets/Menu/BP_HowToWidget.uasset" 1856
"E:/Projects/EcoBots/Content/Blueprints/Widgets/Menu/BP_HowToWidget.uexp" 1857
"E:/Projects/EcoBots/Content/Blueprints/Widgets/Menu/BP_ControlsMenuWidget.uasset" 1858
"E:/Projects/EcoBots/Content/Blueprints/Widgets/Menu/BP_ControlsMenuWidget.uexp" 1859
"E:/Projects/EcoBots/Content/Blueprints/Widgets/Menu/BP_OptionsMenuWidget.uasset" 1860
"E:/Projects/EcoBots/Content/Blueprints/Widgets/Menu/BP_OptionsMenuWidget.uexp" 1861
"E:/Projects/EcoBots/Content/Blueprints/Widgets/Menu/BP_MainMenuWidget.uasset" 1862
"E:/Projects/EcoBots/Content/Blueprints/Widgets/Menu/BP_MainMenuWidget.uexp" 1863
"E:/Projects/EcoBots/Content/Assets/LUSH_StylizedEnvironmentSet/_SharedAssets/T_Tree_Leaves_03.ubulk" 1864
"E:/Projects/EcoBots/Content/Assets/LUSH_StylizedEnvironmentSet/_SharedAssets/T_Tree_Leaves_03.uasset" 1865
"E:/Projects/EcoBots/Content/Assets/LUSH_StylizedEnvironmentSet/_SharedAssets/T_Tree_Leaves_03.uexp" 1866
"E:/Projects/EcoBots/Content/Assets/LUSH_StylizedEnvironmentSet/_SharedAssets/T_Tree_Leaves_02.ubulk" 1867
"E:/Projects/EcoBots/Content/Assets/LUSH_StylizedEnvironmentSet/_SharedAssets/T_Tree_Leaves_02.uasset" 1868
"E:/Projects/EcoBots/Content/Assets/LUSH_StylizedEnvironmentSet/_SharedAssets/T_Tree_Leaves_02.uexp" 1869
"E:/Projects/EcoBots/Content/Assets/LUSH_StylizedEnvironmentSet/_SharedAssets/Materials/M_Leaves_Base.uasset" 1870
"E:/Projects/EcoBots/Content/Assets/LUSH_StylizedEnvironmentSet/_SharedAssets/Materials/M_Leaves_Base.uexp" 1871
"E:/Projects/EcoBots/Content/Assets/LUSH_StylizedEnvironmentSet/Foliage/Trees/Materials/MI_Leaves_SwampTree_01.uasset" 1872
"E:/Projects/EcoBots/Content/Assets/LUSH_StylizedEnvironmentSet/Foliage/Trees/Materials/MI_Leaves_SwampTree_01.uexp" 1873
"E:/Projects/EcoBots/Content/Assets/LUSH_StylizedEnvironmentSet/Foliage/Trees/Textures/T_Trunk_04_Moss_RAOH.ubulk" 1874
"E:/Projects/EcoBots/Content/Assets/LUSH_StylizedEnvironmentSet/Foliage/Trees/Textures/T_Trunk_04_Moss_RAOH.uasset" 1875
"E:/Projects/EcoBots/Content/Assets/LUSH_StylizedEnvironmentSet/Foliage/Trees/Textures/T_Trunk_04_Moss_RAOH.uexp" 1876
"E:/Projects/EcoBots/Content/Assets/LUSH_StylizedEnvironmentSet/Foliage/Trees/Textures/T_Trunk_04_Moss_D.ubulk" 1877
"E:/Projects/EcoBots/Content/Assets/LUSH_StylizedEnvironmentSet/Foliage/Trees/Textures/T_Trunk_04_Moss_D.uasset" 1878
"E:/Projects/EcoBots/Content/Assets/LUSH_StylizedEnvironmentSet/Foliage/Trees/Textures/T_Trunk_04_Moss_D.uexp" 1879
"E:/Projects/EcoBots/Content/Assets/LUSH_StylizedEnvironmentSet/Foliage/Trees/Textures/T_Trunk_04_Moss_N.ubulk" 1880
"E:/Projects/EcoBots/Content/Assets/LUSH_StylizedEnvironmentSet/Foliage/Trees/Textures/T_Trunk_04_Moss_N.uasset" 1881
"E:/Projects/EcoBots/Content/Assets/LUSH_StylizedEnvironmentSet/Foliage/Trees/Textures/T_Trunk_04_Moss_N.uexp" 1882
"E:/Projects/EcoBots/Content/Assets/LUSH_StylizedEnvironmentSet/Foliage/Trees/Materials/MI_Bark_04_Moss.uasset" 1883
"E:/Projects/EcoBots/Content/Assets/LUSH_StylizedEnvironmentSet/Foliage/Trees/Materials/MI_Bark_04_Moss.uexp" 1884
"E:/Projects/EcoBots/Content/Assets/LUSH_StylizedEnvironmentSet/Foliage/Trees/SM_SwampTree_02.uasset" 1885
"E:/Projects/EcoBots/Content/Assets/LUSH_StylizedEnvironmentSet/Foliage/Trees/SM_SwampTree_02.uexp" 1886
"E:/Projects/EcoBots/Content/Assets/LUSH_StylizedEnvironmentSet/Foliage/Trees/SMF_Swamp_Tree_02.uasset" 1887
"E:/Projects/EcoBots/Content/Assets/LUSH_StylizedEnvironmentSet/Foliage/Trees/SMF_Swamp_Tree_02.uexp" 1888
"E:/Projects/EcoBots/Content/Assets/LUSH_StylizedEnvironmentSet/Foliage/Bushes/Materials/MI_Leaves_Bushes.uasset" 1889
"E:/Projects/EcoBots/Content/Assets/LUSH_StylizedEnvironmentSet/Foliage/Bushes/Materials/MI_Leaves_Bushes.uexp" 1890
"E:/Projects/EcoBots/Content/Assets/LUSH_StylizedEnvironmentSet/Foliage/Bushes/SM_Bush_Medium_01.uasset" 1891
"E:/Projects/EcoBots/Content/Assets/LUSH_StylizedEnvironmentSet/Foliage/Bushes/SM_Bush_Medium_01.uexp" 1892
"E:/Projects/EcoBots/Content/Assets/LUSH_StylizedEnvironmentSet/Maps/DemoMap_sharedassets/Gravel_LayerInfo.uasset" 1893
"E:/Projects/EcoBots/Content/Assets/LUSH_StylizedEnvironmentSet/Maps/DemoMap_sharedassets/Gravel_LayerInfo.uexp" 1894
"E:/Projects/EcoBots/Content/Assets/LUSH_StylizedEnvironmentSet/Foliage/Flowers/SM_FlowerClump_C_01.uasset" 1895
"E:/Projects/EcoBots/Content/Assets/LUSH_StylizedEnvironmentSet/Foliage/Flowers/SM_FlowerClump_C_01.uexp" 1896
"E:/Projects/EcoBots/Content/Assets/LUSH_StylizedEnvironmentSet/Foliage/GroundIvy/SM_GroundIvy_02.uasset" 1897
"E:/Projects/EcoBots/Content/Assets/LUSH_StylizedEnvironmentSet/Foliage/GroundIvy/SM_GroundIvy_02.uexp" 1898
"E:/Projects/EcoBots/Content/Assets/LUSH_StylizedEnvironmentSet/Foliage/GroundIvy/LG_GroundIvy.uasset" 1899
"E:/Projects/EcoBots/Content/Assets/LUSH_StylizedEnvironmentSet/Foliage/GroundIvy/LG_GroundIvy.uexp" 1900
"E:/Projects/EcoBots/Content/Assets/LUSH_StylizedEnvironmentSet/Foliage/Trees/Textures/T_Palm_B_Leaf_N.ubulk" 1901
"E:/Projects/EcoBots/Content/Assets/LUSH_StylizedEnvironmentSet/Foliage/Trees/Textures/T_Palm_B_Leaf_N.uasset" 1902
"E:/Projects/EcoBots/Content/Assets/LUSH_StylizedEnvironmentSet/Foliage/Trees/Textures/T_Palm_B_Leaf_N.uexp" 1903
"E:/Projects/EcoBots/Content/Assets/LUSH_StylizedEnvironmentSet/Foliage/Trees/Textures/T_Palm_B_Leaf_D.ubulk" 1904
"E:/Projects/EcoBots/Content/Assets/LUSH_StylizedEnvironmentSet/Foliage/Trees/Textures/T_Palm_B_Leaf_D.uasset" 1905
"E:/Projects/EcoBots/Content/Assets/LUSH_StylizedEnvironmentSet/Foliage/Trees/Textures/T_Palm_B_Leaf_D.uexp" 1906
"E:/Projects/EcoBots/Content/Assets/LUSH_StylizedEnvironmentSet/Foliage/Trees/Materials/MI_Palm_B_Leaf_01.uasset" 1907
"E:/Projects/EcoBots/Content/Assets/LUSH_StylizedEnvironmentSet/Foliage/Trees/Materials/MI_Palm_B_Leaf_01.uexp" 1908
"E:/Projects/EcoBots/Content/Assets/LUSH_StylizedEnvironmentSet/Foliage/Trees/SM_Palm_B_04.uasset" 1909
"E:/Projects/EcoBots/Content/Assets/LUSH_StylizedEnvironmentSet/Foliage/Trees/SM_Palm_B_04.uexp" 1910
"E:/Projects/EcoBots/Content/Assets/LUSH_StylizedEnvironmentSet/Foliage/Trees/SMF_Palm_A_01.uasset" 1911
"E:/Projects/EcoBots/Content/Assets/LUSH_StylizedEnvironmentSet/Foliage/Trees/SMF_Palm_A_01.uexp" 1912
"E:/Projects/EcoBots/Content/Assets/LUSH_StylizedEnvironmentSet/Foliage/Trees/SM_Palm_A_03.uasset" 1913
"E:/Projects/EcoBots/Content/Assets/LUSH_StylizedEnvironmentSet/Foliage/Trees/SM_Palm_A_03.uexp" 1914
"E:/Projects/EcoBots/Content/Assets/LUSH_StylizedEnvironmentSet/Foliage/Trees/SMF_Palm_A_03.uasset" 1915
"E:/Projects/EcoBots/Content/Assets/LUSH_StylizedEnvironmentSet/Foliage/Trees/SMF_Palm_A_03.uexp" 1916
"E:/Projects/EcoBots/Content/StarterContent/Textures/T_Wood_Pine_D.ubulk" 1917
"E:/Projects/EcoBots/Content/StarterContent/Textures/T_Wood_Pine_D.uasset" 1918
"E:/Projects/EcoBots/Content/StarterContent/Textures/T_Wood_Pine_D.uexp" 1919
"E:/Projects/EcoBots/Content/StarterContent/Textures/T_Wood_Pine_N.ubulk" 1920
"E:/Projects/EcoBots/Content/StarterContent/Textures/T_Wood_Pine_N.uasset" 1921
"E:/Projects/EcoBots/Content/StarterContent/Textures/T_Wood_Pine_N.uexp" 1922
"E:/Projects/EcoBots/Content/StarterContent/Materials/M_Wood_Pine.uasset" 1923
"E:/Projects/EcoBots/Content/StarterContent/Materials/M_Wood_Pine.uexp" 1924
"E:/Projects/EcoBots/Content/Assets/Boat/body_1.uasset" 1925
"E:/Projects/EcoBots/Content/Assets/Boat/body_1.uexp" 1926
"E:/Projects/EcoBots/Content/Assets/Boat/Boat_body_1.uasset" 1927
"E:/Projects/EcoBots/Content/Assets/Boat/Boat_body_1.uexp" 1928
"E:/Projects/EcoBots/Content/Assets/Boat/body_2.uasset" 1929
"E:/Projects/EcoBots/Content/Assets/Boat/body_2.uexp" 1930
"E:/Projects/EcoBots/Content/Assets/Boat/Boat_body_2.uasset" 1931
"E:/Projects/EcoBots/Content/Assets/Boat/Boat_body_2.uexp" 1932
"E:/Projects/EcoBots/Content/Assets/Boat/paddle_.uasset" 1933
"E:/Projects/EcoBots/Content/Assets/Boat/paddle_.uexp" 1934
"E:/Projects/EcoBots/Content/Assets/Boat/Boat_paddle_1.uasset" 1935
"E:/Projects/EcoBots/Content/Assets/Boat/Boat_paddle_1.uexp" 1936
"E:/Projects/EcoBots/Content/Assets/Boat/Boat_paddle_2.uasset" 1937
"E:/Projects/EcoBots/Content/Assets/Boat/Boat_paddle_2.uexp" 1938
"E:/Projects/EcoBots/Content/StarterContent/Textures/T_Wood_Oak_N.ubulk" 1939
"E:/Projects/EcoBots/Content/StarterContent/Textures/T_Wood_Oak_N.uasset" 1940
"E:/Projects/EcoBots/Content/StarterContent/Textures/T_Wood_Oak_N.uexp" 1941
"E:/Projects/EcoBots/Content/StarterContent/Textures/T_Wood_Oak_D.ubulk" 1942
"E:/Projects/EcoBots/Content/StarterContent/Textures/T_Wood_Oak_D.uasset" 1943
"E:/Projects/EcoBots/Content/StarterContent/Textures/T_Wood_Oak_D.uexp" 1944
"E:/Projects/EcoBots/Content/StarterContent/Materials/M_Wood_Oak.uasset" 1945
"E:/Projects/EcoBots/Content/StarterContent/Materials/M_Wood_Oak.uexp" 1946
"E:/Projects/EcoBots/Content/Assets/Boat/bottom.uasset" 1947
"E:/Projects/EcoBots/Content/Assets/Boat/bottom.uexp" 1948
"E:/Projects/EcoBots/Content/Assets/Boat/Boat_bottom.uasset" 1949
"E:/Projects/EcoBots/Content/Assets/Boat/Boat_bottom.uexp" 1950
"E:/Projects/EcoBots/Content/Blueprints/Miscellaneous/BP_Boat.uasset" 1951
"E:/Projects/EcoBots/Content/Blueprints/Miscellaneous/BP_Boat.uexp" 1952
"E:/Projects/EcoBots/Content/Assets/LUSH_StylizedEnvironmentSet/Foliage/Trees/SMF_BananaTree_01.uasset" 1953
"E:/Projects/EcoBots/Content/Assets/LUSH_StylizedEnvironmentSet/Foliage/Trees/SMF_BananaTree_01.uexp" 1954
"E:/Projects/EcoBots/Content/StarterContent/Textures/T_Lamp_N.ubulk" 1955
"E:/Projects/EcoBots/Content/StarterContent/Textures/T_Lamp_N.uasset" 1956
"E:/Projects/EcoBots/Content/StarterContent/Textures/T_Lamp_N.uexp" 1957
"E:/Projects/EcoBots/Content/StarterContent/Textures/T_Lamp_M.ubulk" 1958
"E:/Projects/EcoBots/Content/StarterContent/Textures/T_Lamp_M.uasset" 1959
"E:/Projects/EcoBots/Content/StarterContent/Textures/T_Lamp_M.uexp" 1960
"E:/Projects/EcoBots/Content/StarterContent/Props/Materials/M_Lamp.uasset" 1961
"E:/Projects/EcoBots/Content/StarterContent/Props/Materials/M_Lamp.uexp" 1962
"E:/Projects/EcoBots/Content/StarterContent/Props/SM_Lamp_Ceiling.uasset" 1963
"E:/Projects/EcoBots/Content/StarterContent/Props/SM_Lamp_Ceiling.uexp" 1964
"E:/Projects/EcoBots/Content/Assets/LUSH_StylizedEnvironmentSet/Foliage/Bushes/SM_Bush_Medium_04.uasset" 1965
"E:/Projects/EcoBots/Content/Assets/LUSH_StylizedEnvironmentSet/Foliage/Bushes/SM_Bush_Medium_04.uexp" 1966
"E:/Projects/EcoBots/Content/Assets/LUSH_StylizedEnvironmentSet/Foliage/Trees/SM_SwampTree_01.uasset" 1967
"E:/Projects/EcoBots/Content/Assets/LUSH_StylizedEnvironmentSet/Foliage/Trees/SM_SwampTree_01.uexp" 1968
"E:/Projects/EcoBots/Content/Assets/LUSH_StylizedEnvironmentSet/Foliage/Trees/SMF_Swamp_Tree_01.uasset" 1969
"E:/Projects/EcoBots/Content/Assets/LUSH_StylizedEnvironmentSet/Foliage/Trees/SMF_Swamp_Tree_01.uexp" 1970
"E:/Projects/EcoBots/Content/Assets/LUSH_StylizedEnvironmentSet/Foliage/Trees/SM_BananaTree_03.uasset" 1971
"E:/Projects/EcoBots/Content/Assets/LUSH_StylizedEnvironmentSet/Foliage/Trees/SM_BananaTree_03.uexp" 1972
"E:/Projects/EcoBots/Content/Assets/LUSH_StylizedEnvironmentSet/Maps/DemoMap_sharedassets/Mud_LayerInfo.uasset" 1973
"E:/Projects/EcoBots/Content/Assets/LUSH_StylizedEnvironmentSet/Maps/DemoMap_sharedassets/Mud_LayerInfo.uexp" 1974
"E:/Projects/EcoBots/Content/Assets/LUSH_StylizedEnvironmentSet/Foliage/Bushes/SM_Bush_Medium_02.uasset" 1975
"E:/Projects/EcoBots/Content/Assets/LUSH_StylizedEnvironmentSet/Foliage/Bushes/SM_Bush_Medium_02.uexp" 1976
"E:/Projects/EcoBots/Content/Assets/LUSH_StylizedEnvironmentSet/Foliage/Bushes/SMF_Bush_Medium_02.uasset" 1977
"E:/Projects/EcoBots/Content/Assets/LUSH_StylizedEnvironmentSet/Foliage/Bushes/SMF_Bush_Medium_02.uexp" 1978
"E:/Projects/EcoBots/Content/Assets/LUSH_StylizedEnvironmentSet/Foliage/Trees/Materials/MI_Leaves_Tree_01.uasset" 1979
"E:/Projects/EcoBots/Content/Assets/LUSH_StylizedEnvironmentSet/Foliage/Trees/Materials/MI_Leaves_Tree_01.uexp" 1980
"E:/Projects/EcoBots/Content/Assets/LUSH_StylizedEnvironmentSet/Foliage/Trees/SM_Tree_Medium_02.uasset" 1981
"E:/Projects/EcoBots/Content/Assets/LUSH_StylizedEnvironmentSet/Foliage/Trees/SM_Tree_Medium_02.uexp" 1982
"E:/Projects/EcoBots/Content/Assets/LUSH_StylizedEnvironmentSet/Foliage/Bushes/SM_Bush_Medium_03.uasset" 1983
"E:/Projects/EcoBots/Content/Assets/LUSH_StylizedEnvironmentSet/Foliage/Bushes/SM_Bush_Medium_03.uexp" 1984
"E:/Projects/EcoBots/Content/Assets/LUSH_StylizedEnvironmentSet/Foliage/Bushes/SMF_Bush_Medium_03.uasset" 1985
"E:/Projects/EcoBots/Content/Assets/LUSH_StylizedEnvironmentSet/Foliage/Bushes/SMF_Bush_Medium_03.uexp" 1986
"E:/Projects/EcoBots/Content/Assets/LUSH_StylizedEnvironmentSet/Foliage/Trees/SMF_BananaTree_03.uasset" 1987
"E:/Projects/EcoBots/Content/Assets/LUSH_StylizedEnvironmentSet/Foliage/Trees/SMF_BananaTree_03.uexp" 1988
"E:/Projects/EcoBots/Content/Assets/LUSH_StylizedEnvironmentSet/Foliage/Trees/SMF_Palm_B_04.uasset" 1989
"E:/Projects/EcoBots/Content/Assets/LUSH_StylizedEnvironmentSet/Foliage/Trees/SMF_Palm_B_04.uexp" 1990
"E:/Projects/EcoBots/Content/Assets/LUSH_StylizedEnvironmentSet/Foliage/Trees/SM_Palm_A_02.uasset" 1991
"E:/Projects/EcoBots/Content/Assets/LUSH_StylizedEnvironmentSet/Foliage/Trees/SM_Palm_A_02.uexp" 1992
"E:/Projects/EcoBots/Content/Assets/LUSH_StylizedEnvironmentSet/Foliage/Flowers/SMF_Flowers_C_01.uasset" 1993
"E:/Projects/EcoBots/Content/Assets/LUSH_StylizedEnvironmentSet/Foliage/Flowers/SMF_Flowers_C_01.uexp" 1994
"E:/Projects/EcoBots/Content/Assets/LUSH_StylizedEnvironmentSet/Foliage/Trees/SM_Tree_Medium_01.uasset" 1995
"E:/Projects/EcoBots/Content/Assets/LUSH_StylizedEnvironmentSet/Foliage/Trees/SM_Tree_Medium_01.uexp" 1996
"E:/Projects/EcoBots/Content/Assets/LUSH_StylizedEnvironmentSet/Foliage/Trees/SMF_Tree_Medium_01.uasset" 1997
"E:/Projects/EcoBots/Content/Assets/LUSH_StylizedEnvironmentSet/Foliage/Trees/SMF_Tree_Medium_01.uexp" 1998
"E:/Projects/EcoBots/Content/Assets/LUSH_StylizedEnvironmentSet/Foliage/Plants/SMF_Plant_Taro_02.uasset" 1999
"E:/Projects/EcoBots/Content/Assets/LUSH_StylizedEnvironmentSet/Foliage/Plants/SMF_Plant_Taro_02.uexp" 2000
"E:/Projects/EcoBots/Content/Assets/LUSH_StylizedEnvironmentSet/Foliage/Flowers/SM_FlowerClump_B_01.uasset" 2001
"E:/Projects/EcoBots/Content/Assets/LUSH_StylizedEnvironmentSet/Foliage/Flowers/SM_FlowerClump_B_01.uexp" 2002
"E:/Projects/EcoBots/Content/Assets/LUSH_StylizedEnvironmentSet/Foliage/Flowers/SMF_Flowers_B_01.uasset" 2003
"E:/Projects/EcoBots/Content/Assets/LUSH_StylizedEnvironmentSet/Foliage/Flowers/SMF_Flowers_B_01.uexp" 2004
"E:/Projects/EcoBots/Content/Assets/LUSH_StylizedEnvironmentSet/Foliage/Trees/SM_Palm_B_02.uasset" 2005
"E:/Projects/EcoBots/Content/Assets/LUSH_StylizedEnvironmentSet/Foliage/Trees/SM_Palm_B_02.uexp" 2006
"E:/Projects/EcoBots/Content/Assets/LUSH_StylizedEnvironmentSet/Foliage/Trees/SMF_Palm_B_02.uasset" 2007
"E:/Projects/EcoBots/Content/Assets/LUSH_StylizedEnvironmentSet/Foliage/Trees/SMF_Palm_B_02.uexp" 2008
"E:/Projects/EcoBots/Content/Assets/LUSH_StylizedEnvironmentSet/Foliage/Bushes/SM_Bush_Large.uasset" 2009
"E:/Projects/EcoBots/Content/Assets/LUSH_StylizedEnvironmentSet/Foliage/Bushes/SM_Bush_Large.uexp" 2010
"E:/Projects/EcoBots/Content/Assets/LUSH_StylizedEnvironmentSet/Foliage/Trees/SM_BananaTree_02.uasset" 2011
"E:/Projects/EcoBots/Content/Assets/LUSH_StylizedEnvironmentSet/Foliage/Trees/SM_BananaTree_02.uexp" 2012
"E:/Projects/EcoBots/Content/Assets/LUSH_StylizedEnvironmentSet/Foliage/Trees/SMF_BananaTree_02.uasset" 2013
"E:/Projects/EcoBots/Content/Assets/LUSH_StylizedEnvironmentSet/Foliage/Trees/SMF_BananaTree_02.uexp" 2014
"E:/Projects/EcoBots/Content/Assets/LUSH_StylizedEnvironmentSet/Maps/DemoMap_sharedassets/Sand_LayerInfo.uasset" 2015
"E:/Projects/EcoBots/Content/Assets/LUSH_StylizedEnvironmentSet/Maps/DemoMap_sharedassets/Sand_LayerInfo.uexp" 2016
"E:/Projects/EcoBots/Content/Assets/LUSH_StylizedEnvironmentSet/Foliage/Trees/SM_BananaTree_04.uasset" 2017
"E:/Projects/EcoBots/Content/Assets/LUSH_StylizedEnvironmentSet/Foliage/Trees/SM_BananaTree_04.uexp" 2018
"E:/Projects/EcoBots/Content/Assets/LUSH_StylizedEnvironmentSet/Foliage/Flowers/SMF_Flowers_D_01.uasset" 2019
"E:/Projects/EcoBots/Content/Assets/LUSH_StylizedEnvironmentSet/Foliage/Flowers/SMF_Flowers_D_01.uexp" 2020
"E:/Projects/EcoBots/Content/Assets/LUSH_StylizedEnvironmentSet/Foliage/Bushes/SMF_Bush_Medium_01.uasset" 2021
"E:/Projects/EcoBots/Content/Assets/LUSH_StylizedEnvironmentSet/Foliage/Bushes/SMF_Bush_Medium_01.uexp" 2022
"E:/Projects/EcoBots/Content/Assets/LUSH_StylizedEnvironmentSet/Foliage/Trees/SMF_Palm_A_02.uasset" 2023
"E:/Projects/EcoBots/Content/Assets/LUSH_StylizedEnvironmentSet/Foliage/Trees/SMF_Palm_A_02.uexp" 2024
"E:/Projects/EcoBots/Content/Assets/LUSH_StylizedEnvironmentSet/Maps/DemoMap_sharedassets/Grass_LayerInfo.uasset" 2025
"E:/Projects/EcoBots/Content/Assets/LUSH_StylizedEnvironmentSet/Maps/DemoMap_sharedassets/Grass_LayerInfo.uexp" 2026
"E:/Projects/EcoBots/Content/Assets/LUSH_StylizedEnvironmentSet/Foliage/Trees/Textures/T_Bark_04_D.ubulk" 2027
"E:/Projects/EcoBots/Content/Assets/LUSH_StylizedEnvironmentSet/Foliage/Trees/Textures/T_Bark_04_D.uasset" 2028
"E:/Projects/EcoBots/Content/Assets/LUSH_StylizedEnvironmentSet/Foliage/Trees/Textures/T_Bark_04_D.uexp" 2029
"E:/Projects/EcoBots/Content/Assets/LUSH_StylizedEnvironmentSet/Foliage/Trees/Textures/T_Bark_04_N.ubulk" 2030
"E:/Projects/EcoBots/Content/Assets/LUSH_StylizedEnvironmentSet/Foliage/Trees/Textures/T_Bark_04_N.uasset" 2031
"E:/Projects/EcoBots/Content/Assets/LUSH_StylizedEnvironmentSet/Foliage/Trees/Textures/T_Bark_04_N.uexp" 2032
"E:/Projects/EcoBots/Content/Assets/LUSH_StylizedEnvironmentSet/Foliage/Trees/Textures/T_Bark_04_RAOH.ubulk" 2033
"E:/Projects/EcoBots/Content/Assets/LUSH_StylizedEnvironmentSet/Foliage/Trees/Textures/T_Bark_04_RAOH.uasset" 2034
"E:/Projects/EcoBots/Content/Assets/LUSH_StylizedEnvironmentSet/Foliage/Trees/Textures/T_Bark_04_RAOH.uexp" 2035
"E:/Projects/EcoBots/Content/Assets/LUSH_StylizedEnvironmentSet/Foliage/Trees/Materials/MI_Tree_Large_Bark.uasset" 2036
"E:/Projects/EcoBots/Content/Assets/LUSH_StylizedEnvironmentSet/Foliage/Trees/Materials/MI_Tree_Large_Bark.uexp" 2037
"E:/Projects/EcoBots/Content/Assets/LUSH_StylizedEnvironmentSet/Foliage/Trees/SM_Tree_Large_01.uasset" 2038
"E:/Projects/EcoBots/Content/Assets/LUSH_StylizedEnvironmentSet/Foliage/Trees/SM_Tree_Large_01.uexp" 2039
"E:/Projects/EcoBots/Content/Assets/LUSH_StylizedEnvironmentSet/Foliage/Plants/SM_Plant_Taro_01.uasset" 2040
"E:/Projects/EcoBots/Content/Assets/LUSH_StylizedEnvironmentSet/Foliage/Plants/SM_Plant_Taro_01.uexp" 2041
"E:/Projects/EcoBots/Content/Assets/LUSH_StylizedEnvironmentSet/Foliage/Plants/SMF_Plant_Taro_01.uasset" 2042
"E:/Projects/EcoBots/Content/Assets/LUSH_StylizedEnvironmentSet/Foliage/Plants/SMF_Plant_Taro_01.uexp" 2043
"E:/Projects/EcoBots/Content/Assets/LUSH_StylizedEnvironmentSet/Landscape/Textures/T_LushGrass_D.ubulk" 2044
"E:/Projects/EcoBots/Content/Assets/LUSH_StylizedEnvironmentSet/Landscape/Textures/T_LushGrass_D.uasset" 2045
"E:/Projects/EcoBots/Content/Assets/LUSH_StylizedEnvironmentSet/Landscape/Textures/T_LushGrass_D.uexp" 2046
"E:/Projects/EcoBots/Content/Assets/LUSH_StylizedEnvironmentSet/_SharedAssets/Materials/M_Grass_Base.uasset" 2047
"E:/Projects/EcoBots/Content/Assets/LUSH_StylizedEnvironmentSet/_SharedAssets/Materials/M_Grass_Base.uexp" 2048
"E:/Projects/EcoBots/Content/Assets/LUSH_StylizedEnvironmentSet/Foliage/Grass/Materials/MI_Grass_01.uasset" 2049
"E:/Projects/EcoBots/Content/Assets/LUSH_StylizedEnvironmentSet/Foliage/Grass/Materials/MI_Grass_01.uexp" 2050
"E:/Projects/EcoBots/Content/Assets/LUSH_StylizedEnvironmentSet/Foliage/Grass/SM_Grass_Generic.uasset" 2051
"E:/Projects/EcoBots/Content/Assets/LUSH_StylizedEnvironmentSet/Foliage/Grass/SM_Grass_Generic.uexp" 2052
"E:/Projects/EcoBots/Content/Assets/LUSH_StylizedEnvironmentSet/Foliage/Grass/LG_AutoGrass.uasset" 2053
"E:/Projects/EcoBots/Content/Assets/LUSH_StylizedEnvironmentSet/Foliage/Grass/LG_AutoGrass.uexp" 2054
"E:/Projects/EcoBots/Content/Assets/LUSH_StylizedEnvironmentSet/Foliage/Grass/Materials/MI_Grass_Tiny_A.uasset" 2055
"E:/Projects/EcoBots/Content/Assets/LUSH_StylizedEnvironmentSet/Foliage/Grass/Materials/MI_Grass_Tiny_A.uexp" 2056
"E:/Projects/EcoBots/Content/Assets/LUSH_StylizedEnvironmentSet/Foliage/Grass/SM_Grass_Tiny.uasset" 2057
"E:/Projects/EcoBots/Content/Assets/LUSH_StylizedEnvironmentSet/Foliage/Grass/SM_Grass_Tiny.uexp" 2058
"E:/Projects/EcoBots/Content/Assets/LUSH_StylizedEnvironmentSet/Foliage/Grass/SMF_TinyGrass.uasset" 2059
"E:/Projects/EcoBots/Content/Assets/LUSH_StylizedEnvironmentSet/Foliage/Grass/SMF_TinyGrass.uexp" 2060
"E:/Projects/EcoBots/Content/Blueprints/Gamemodes/BP_MenuGameMode.uasset" 2061
"E:/Projects/EcoBots/Content/Blueprints/Gamemodes/BP_MenuGameMode.uexp" 2062
"E:/Projects/EcoBots/Content/Assets/LUSH_StylizedEnvironmentSet/Foliage/Flowers/SM_FlowerClump_A_01.uasset" 2063
"E:/Projects/EcoBots/Content/Assets/LUSH_StylizedEnvironmentSet/Foliage/Flowers/SM_FlowerClump_A_01.uexp" 2064
"E:/Projects/EcoBots/Content/Assets/LUSH_StylizedEnvironmentSet/Foliage/Trees/SM_Palm_A_04.uasset" 2065
"E:/Projects/EcoBots/Content/Assets/LUSH_StylizedEnvironmentSet/Foliage/Trees/SM_Palm_A_04.uexp" 2066
"E:/Projects/EcoBots/Content/Assets/LUSH_StylizedEnvironmentSet/Foliage/Bushes/SMF_Bush_Medium_04.uasset" 2067
"E:/Projects/EcoBots/Content/Assets/LUSH_StylizedEnvironmentSet/Foliage/Bushes/SMF_Bush_Medium_04.uexp" 2068
"E:/Projects/EcoBots/Content/Assets/LUSH_StylizedEnvironmentSet/Foliage/Trees/SM_Palm_B_01.uasset" 2069
"E:/Projects/EcoBots/Content/Assets/LUSH_StylizedEnvironmentSet/Foliage/Trees/SM_Palm_B_01.uexp" 2070
"E:/Projects/EcoBots/Content/Assets/LUSH_StylizedEnvironmentSet/Foliage/Trees/SMF_Palm_B_01.uasset" 2071
"E:/Projects/EcoBots/Content/Assets/LUSH_StylizedEnvironmentSet/Foliage/Trees/SMF_Palm_B_01.uexp" 2072
"E:/Projects/EcoBots/Content/Assets/media/wavs/MainMenu.ubulk" 2073
"E:/Projects/EcoBots/Content/Assets/media/wavs/MainMenu.uasset" 2074
"E:/Projects/EcoBots/Content/Assets/media/wavs/MainMenu.uexp" 2075
"E:/Projects/EcoBots/Content/Blueprints/Audio/MetaSounds/MS_MainMenu.uasset" 2076
"E:/Projects/EcoBots/Content/Blueprints/Audio/MetaSounds/MS_MainMenu.uexp" 2077
"E:/Projects/EcoBots/Content/Assets/LUSH_StylizedEnvironmentSet/Foliage/Trees/SMF_Tree_Medium_02.uasset" 2078
"E:/Projects/EcoBots/Content/Assets/LUSH_StylizedEnvironmentSet/Foliage/Trees/SMF_Tree_Medium_02.uexp" 2079
"E:/Projects/EcoBots/Content/Assets/LUSH_StylizedEnvironmentSet/Foliage/Trees/SM_Palm_B_03.uasset" 2080
"E:/Projects/EcoBots/Content/Assets/LUSH_StylizedEnvironmentSet/Foliage/Trees/SM_Palm_B_03.uexp" 2081
"E:/Projects/EcoBots/Content/Assets/LUSH_StylizedEnvironmentSet/Foliage/Trees/SMF_Palm_B_03.uasset" 2082
"E:/Projects/EcoBots/Content/Assets/LUSH_StylizedEnvironmentSet/Foliage/Trees/SMF_Palm_B_03.uexp" 2083
"E:/Projects/EcoBots/Content/Assets/LUSH_StylizedEnvironmentSet/Foliage/Trees/SMF_BananaTree_04.uasset" 2084
"E:/Projects/EcoBots/Content/Assets/LUSH_StylizedEnvironmentSet/Foliage/Trees/SMF_BananaTree_04.uexp" 2085
"E:/Projects/EcoBots/Content/Assets/LUSH_StylizedEnvironmentSet/Foliage/Flowers/SMF_Flowers_A_01.uasset" 2086
"E:/Projects/EcoBots/Content/Assets/LUSH_StylizedEnvironmentSet/Foliage/Flowers/SMF_Flowers_A_01.uexp" 2087
"E:/Projects/EcoBots/Content/Assets/LUSH_StylizedEnvironmentSet/Foliage/Trees/SMF_Palm_A_04.uasset" 2088
"E:/Projects/EcoBots/Content/Assets/LUSH_StylizedEnvironmentSet/Foliage/Trees/SMF_Palm_A_04.uexp" 2089
"E:/Projects/EcoBots/Content/Assets/LUSH_StylizedEnvironmentSet/Foliage/Bushes/SMF_Bush_Large.uasset" 2090
"E:/Projects/EcoBots/Content/Assets/LUSH_StylizedEnvironmentSet/Foliage/Bushes/SMF_Bush_Large.uexp" 2091
"E:/Projects/EcoBots/Content/Assets/LUSH_StylizedEnvironmentSet/Maps/DemoMap_sharedassets/GrassOnly_LayerInfo.uasset" 2092
"E:/Projects/EcoBots/Content/Assets/LUSH_StylizedEnvironmentSet/Maps/DemoMap_sharedassets/GrassOnly_LayerInfo.uexp" 2093
"E:/Projects/EcoBots/Content/Assets/LUSH_StylizedEnvironmentSet/Landscape/Textures/T_SandBank_RAOH.ubulk" 2094
"E:/Projects/EcoBots/Content/Assets/LUSH_StylizedEnvironmentSet/Landscape/Textures/T_SandBank_RAOH.uasset" 2095
"E:/Projects/EcoBots/Content/Assets/LUSH_StylizedEnvironmentSet/Landscape/Textures/T_SandBank_RAOH.uexp" 2096
"E:/Projects/EcoBots/Content/Assets/LUSH_StylizedEnvironmentSet/Landscape/Textures/T_LushGrass_RAOH.ubulk" 2097
"E:/Projects/EcoBots/Content/Assets/LUSH_StylizedEnvironmentSet/Landscape/Textures/T_LushGrass_RAOH.uasset" 2098
"E:/Projects/EcoBots/Content/Assets/LUSH_StylizedEnvironmentSet/Landscape/Textures/T_LushGrass_RAOH.uexp" 2099
"E:/Projects/EcoBots/Content/Assets/LUSH_StylizedEnvironmentSet/Landscape/Textures/T_RiverBed_N.ubulk" 2100
"E:/Projects/EcoBots/Content/Assets/LUSH_StylizedEnvironmentSet/Landscape/Textures/T_RiverBed_N.uasset" 2101
"E:/Projects/EcoBots/Content/Assets/LUSH_StylizedEnvironmentSet/Landscape/Textures/T_RiverBed_N.uexp" 2102
"E:/Projects/EcoBots/Content/Assets/LUSH_StylizedEnvironmentSet/Landscape/Textures/T_GenericGravel_D.ubulk" 2103
"E:/Projects/EcoBots/Content/Assets/LUSH_StylizedEnvironmentSet/Landscape/Textures/T_GenericGravel_D.uasset" 2104
"E:/Projects/EcoBots/Content/Assets/LUSH_StylizedEnvironmentSet/Landscape/Textures/T_GenericGravel_D.uexp" 2105
"E:/Projects/EcoBots/Content/Assets/LUSH_StylizedEnvironmentSet/Landscape/Textures/T_SwampMud_N.ubulk" 2106
"E:/Projects/EcoBots/Content/Assets/LUSH_StylizedEnvironmentSet/Landscape/Textures/T_SwampMud_N.uasset" 2107
"E:/Projects/EcoBots/Content/Assets/LUSH_StylizedEnvironmentSet/Landscape/Textures/T_SwampMud_N.uexp" 2108
"E:/Projects/EcoBots/Content/Assets/LUSH_StylizedEnvironmentSet/Landscape/Textures/T_GenericGravel_N.ubulk" 2109
"E:/Projects/EcoBots/Content/Assets/LUSH_StylizedEnvironmentSet/Landscape/Textures/T_GenericGravel_N.uasset" 2110
"E:/Projects/EcoBots/Content/Assets/LUSH_StylizedEnvironmentSet/Landscape/Textures/T_GenericGravel_N.uexp" 2111
"E:/Projects/EcoBots/Content/Assets/LUSH_StylizedEnvironmentSet/Landscape/Textures/T_SwampMud_D.ubulk" 2112
"E:/Projects/EcoBots/Content/Assets/LUSH_StylizedEnvironmentSet/Landscape/Textures/T_SwampMud_D.uasset" 2113
"E:/Projects/EcoBots/Content/Assets/LUSH_StylizedEnvironmentSet/Landscape/Textures/T_SwampMud_D.uexp" 2114
"E:/Projects/EcoBots/Content/Assets/LUSH_StylizedEnvironmentSet/Landscape/Textures/T_SandBank_D.ubulk" 2115
"E:/Projects/EcoBots/Content/Assets/LUSH_StylizedEnvironmentSet/Landscape/Textures/T_SandBank_D.uasset" 2116
"E:/Projects/EcoBots/Content/Assets/LUSH_StylizedEnvironmentSet/Landscape/Textures/T_SandBank_D.uexp" 2117
"E:/Projects/EcoBots/Content/Assets/LUSH_StylizedEnvironmentSet/_SharedAssets/Textures/T_FX_Clouds.ubulk" 2118
"E:/Projects/EcoBots/Content/Assets/LUSH_StylizedEnvironmentSet/_SharedAssets/Textures/T_FX_Clouds.uasset" 2119
"E:/Projects/EcoBots/Content/Assets/LUSH_StylizedEnvironmentSet/_SharedAssets/Textures/T_FX_Clouds.uexp" 2120
"E:/Projects/EcoBots/Content/Assets/LUSH_StylizedEnvironmentSet/Landscape/Textures/T_RiverBed_RAOH.ubulk" 2121
"E:/Projects/EcoBots/Content/Assets/LUSH_StylizedEnvironmentSet/Landscape/Textures/T_RiverBed_RAOH.uasset" 2122
"E:/Projects/EcoBots/Content/Assets/LUSH_StylizedEnvironmentSet/Landscape/Textures/T_RiverBed_RAOH.uexp" 2123
"E:/Projects/EcoBots/Content/Assets/LUSH_StylizedEnvironmentSet/Landscape/Textures/T_RiverBed_D.ubulk" 2124
"E:/Projects/EcoBots/Content/Assets/LUSH_StylizedEnvironmentSet/Landscape/Textures/T_RiverBed_D.uasset" 2125
"E:/Projects/EcoBots/Content/Assets/LUSH_StylizedEnvironmentSet/Landscape/Textures/T_RiverBed_D.uexp" 2126
"E:/Projects/EcoBots/Content/Assets/LUSH_StylizedEnvironmentSet/Landscape/Textures/T_TropicalCliff_RAOH.ubulk" 2127
"E:/Projects/EcoBots/Content/Assets/LUSH_StylizedEnvironmentSet/Landscape/Textures/T_TropicalCliff_RAOH.uasset" 2128
"E:/Projects/EcoBots/Content/Assets/LUSH_StylizedEnvironmentSet/Landscape/Textures/T_TropicalCliff_RAOH.uexp" 2129
"E:/Projects/EcoBots/Content/Assets/LUSH_StylizedEnvironmentSet/Landscape/Textures/T_GenericGravel_RAOH.ubulk" 2130
"E:/Projects/EcoBots/Content/Assets/LUSH_StylizedEnvironmentSet/Landscape/Textures/T_GenericGravel_RAOH.uasset" 2131
"E:/Projects/EcoBots/Content/Assets/LUSH_StylizedEnvironmentSet/Landscape/Textures/T_GenericGravel_RAOH.uexp" 2132
"E:/Projects/EcoBots/Content/Assets/LUSH_StylizedEnvironmentSet/Landscape/Textures/T_TropicalCliff_ND.ubulk" 2133
"E:/Projects/EcoBots/Content/Assets/LUSH_StylizedEnvironmentSet/Landscape/Textures/T_TropicalCliff_ND.uasset" 2134
"E:/Projects/EcoBots/Content/Assets/LUSH_StylizedEnvironmentSet/Landscape/Textures/T_TropicalCliff_ND.uexp" 2135
"E:/Projects/EcoBots/Content/Assets/LUSH_StylizedEnvironmentSet/Landscape/Textures/T_SwampMud_RAOH.ubulk" 2136
"E:/Projects/EcoBots/Content/Assets/LUSH_StylizedEnvironmentSet/Landscape/Textures/T_SwampMud_RAOH.uasset" 2137
"E:/Projects/EcoBots/Content/Assets/LUSH_StylizedEnvironmentSet/Landscape/Textures/T_SwampMud_RAOH.uexp" 2138
"E:/Projects/EcoBots/Content/Assets/LUSH_StylizedEnvironmentSet/Landscape/Textures/T_SandBank_N.ubulk" 2139
"E:/Projects/EcoBots/Content/Assets/LUSH_StylizedEnvironmentSet/Landscape/Textures/T_SandBank_N.uasset" 2140
"E:/Projects/EcoBots/Content/Assets/LUSH_StylizedEnvironmentSet/Landscape/Textures/T_SandBank_N.uexp" 2141
"E:/Projects/EcoBots/Content/Assets/LUSH_StylizedEnvironmentSet/Landscape/Textures/T_LushGrass_N.ubulk" 2142
"E:/Projects/EcoBots/Content/Assets/LUSH_StylizedEnvironmentSet/Landscape/Textures/T_LushGrass_N.uasset" 2143
"E:/Projects/EcoBots/Content/Assets/LUSH_StylizedEnvironmentSet/Landscape/Textures/T_LushGrass_N.uexp" 2144
"E:/Projects/EcoBots/Content/Assets/LUSH_StylizedEnvironmentSet/Landscape/MaterialFunctions/MF_ResetWPO.uasset" 2145
"E:/Projects/EcoBots/Content/Assets/LUSH_StylizedEnvironmentSet/Landscape/MaterialFunctions/MF_ResetWPO.uexp" 2146
"E:/Projects/EcoBots/Content/Assets/LUSH_StylizedEnvironmentSet/Landscape/MaterialLayers/ML_Grass.uasset" 2147
"E:/Projects/EcoBots/Content/Assets/LUSH_StylizedEnvironmentSet/Landscape/MaterialLayers/ML_Grass.uexp" 2148
"E:/Projects/EcoBots/Content/Assets/LUSH_StylizedEnvironmentSet/Landscape/MaterialLayers/ML_RiverBed.uasset" 2149
"E:/Projects/EcoBots/Content/Assets/LUSH_StylizedEnvironmentSet/Landscape/MaterialLayers/ML_RiverBed.uexp" 2150
"E:/Projects/EcoBots/Content/Assets/LUSH_StylizedEnvironmentSet/Landscape/MaterialLayers/ML_Gravel.uasset" 2151
"E:/Projects/EcoBots/Content/Assets/LUSH_StylizedEnvironmentSet/Landscape/MaterialLayers/ML_Gravel.uexp" 2152
"E:/Projects/EcoBots/Content/Assets/LUSH_StylizedEnvironmentSet/Foliage/Grass/LG_Grass.uasset" 2153
"E:/Projects/EcoBots/Content/Assets/LUSH_StylizedEnvironmentSet/Foliage/Grass/LG_Grass.uexp" 2154
"E:/Projects/EcoBots/Content/Assets/LUSH_StylizedEnvironmentSet/Landscape/MaterialLayers/ML_Sand.uasset" 2155
"E:/Projects/EcoBots/Content/Assets/LUSH_StylizedEnvironmentSet/Landscape/MaterialLayers/ML_Sand.uexp" 2156
"E:/Projects/EcoBots/Content/Assets/LUSH_StylizedEnvironmentSet/Landscape/MaterialLayers/ML_Mud.uasset" 2157
"E:/Projects/EcoBots/Content/Assets/LUSH_StylizedEnvironmentSet/Landscape/MaterialLayers/ML_Mud.uexp" 2158
"E:/Projects/EcoBots/Content/Assets/LUSH_StylizedEnvironmentSet/Landscape/MaterialLayers/ML_Cliff.uasset" 2159
"E:/Projects/EcoBots/Content/Assets/LUSH_StylizedEnvironmentSet/Landscape/MaterialLayers/ML_Cliff.uexp" 2160
"E:/Projects/EcoBots/Content/Assets/LUSH_StylizedEnvironmentSet/Landscape/M_LND_Base.uasset" 2161
"E:/Projects/EcoBots/Content/Assets/LUSH_StylizedEnvironmentSet/Landscape/M_LND_Base.uexp" 2162
"E:/Projects/EcoBots/Content/Assets/LUSH_StylizedEnvironmentSet/Landscape/MI_LND_01.uasset" 2163
"E:/Projects/EcoBots/Content/Assets/LUSH_StylizedEnvironmentSet/Landscape/MI_LND_01.uexp" 2164
"E:/Projects/EcoBots/Content/Assets/LUSH_StylizedEnvironmentSet/Foliage/Trees/SMF_Tree_Large_01.uasset" 2165
"E:/Projects/EcoBots/Content/Assets/LUSH_StylizedEnvironmentSet/Foliage/Trees/SMF_Tree_Large_01.uexp" 2166
"E:/Projects/EcoBots/Content/Assets/LUSH_StylizedEnvironmentSet/Maps/DemoMap_sharedassets/Cliff_LayerInfo.uasset" 2167
"E:/Projects/EcoBots/Content/Assets/LUSH_StylizedEnvironmentSet/Maps/DemoMap_sharedassets/Cliff_LayerInfo.uexp" 2168
"E:/Projects/EcoBots/Content/Levels/Menu/MainMenu.uexp" 2169
"E:/Projects/EcoBots/Content/Levels/Menu/MainMenu.ubulk" 2170
"E:/Projects/EcoBots/Content/Levels/Menu/MainMenu.umap" 2171
"E:/Projects/EcoBots/Content/Blueprints/Widgets/Menu/BP_GameOverWidget.uasset" 2172
"E:/Projects/EcoBots/Content/Blueprints/Widgets/Menu/BP_GameOverWidget.uexp" 2173
"E:/Projects/EcoBots/Content/Assets/media/wavs/GameOver.ubulk" 2174
"E:/Projects/EcoBots/Content/Assets/media/wavs/GameOver.uasset" 2175
"E:/Projects/EcoBots/Content/Assets/media/wavs/GameOver.uexp" 2176
"E:/Projects/EcoBots/Content/Blueprints/Audio/MetaSounds/MS_GameOver.uasset" 2177
"E:/Projects/EcoBots/Content/Blueprints/Audio/MetaSounds/MS_GameOver.uexp" 2178
"E:/Projects/EcoBots/Content/Levels/Menu/GameOverMenu.uexp" 2179
"E:/Projects/EcoBots/Content/Levels/Menu/GameOverMenu.umap" 2180
