"E:/Projects/EcoBots/EcoBots.uproject" 1
"E:/Projects/EcoBots/Binaries/Win64/UnrealEditor.modules" 2
"../../../Engine/Plugins/Bridge/Bridge.uplugin" 3
"../../../Engine/Plugins/BlueprintFileUtils/BlueprintFileUtils.uplugin" 4
"../../../Engine/Plugins/EnhancedInput/EnhancedInput.uplugin" 5
"../../../Engine/Plugins/AudioGameplay/AudioGameplay.uplugin" 6
"../../../Engine/Plugins/FastBuildController/FastBuildController.uplugin" 7
"../../../Engine/Plugins/MemoryUsageQueries/MemoryUsageQueries.uplugin" 8
"../../../Engine/Plugins/MeshPainting/MeshPainting.uplugin" 9
"../../../Engine/Plugins/RenderGraphInsights/RenderGraphInsights.uplugin" 10
"../../../Engine/Plugins/LightWeightInstancesEditor/LightWeightInstancesEditor.uplugin" 11
"../../../Engine/Plugins/JsonBlueprintUtilities/JsonBlueprintUtilities.uplugin" 12
"../../../Engine/Plugins/TraceUtilities/TraceUtilities.uplugin" 13
"../../../Engine/Plugins/XGEController/XGEController.uplugin" 14
"../../../Engine/Plugins/AudioGameplayVolume/AudioGameplayVolume.uplugin" 15
"../../../Engine/Plugins/ScriptPlugin/ScriptPlugin.uplugin" 16
"../../../Engine/Plugins/AI/AISupport/AISupport.uplugin" 17
"../../../Engine/Plugins/AI/HTNPlanner/HTNPlanner.uplugin" 18
"../../../Engine/Plugins/AI/MassCrowd/MassCrowd.uplugin" 19
"../../../Engine/Plugins/AI/MassAI/MassAI.uplugin" 20
"../../../Engine/Plugins/AI/EnvironmentQueryEditor/EnvironmentQueryEditor.uplugin" 21
"../../../Engine/Plugins/AI/MLAdapter/MLAdapter.uplugin" 22
"../../../Engine/Plugins/Compression/OodleNetwork/OodleNetwork.uplugin" 23
"../../../Engine/Plugins/FX/CascadeToNiagaraConverter/CascadeToNiagaraConverter.uplugin" 24
"../../../Engine/Plugins/FX/Niagara/Niagara.uplugin" 25
"../../../Engine/Plugins/FX/ExampleCustomDataInterface/ExampleCustomDataInterface.uplugin" 26
"../../../Engine/Plugins/FX/NiagaraFluids/NiagaraFluids.uplugin" 27
"../../../Engine/Plugins/FX/NiagaraSimCaching/NiagaraSimCaching.uplugin" 28
"../../../Engine/Plugins/NetcodeUnitTest/NetcodeUnitTest/NetcodeUnitTest.uplugin" 29
"../../../Engine/Plugins/NetcodeUnitTest/NUTUnrealEngine/NUTUnrealEngine.uplugin" 30
"../../../Engine/Plugins/Slate/SlateInsights/SlateInsights.uplugin" 31
"../../../Engine/Plugins/Slate/SlateScripting/SlateScripting.uplugin" 32
"../../../Engine/Plugins/VirtualProduction/CameraCalibration/CameraCalibration.uplugin" 33
"../../../Engine/Plugins/VirtualProduction/CameraCalibrationCore/CameraCalibrationCore.uplugin" 34
"../../../Engine/Plugins/VirtualProduction/DataCharts/DataCharts.uplugin" 35
"../../../Engine/Plugins/VirtualProduction/CompositePlane/CompositePlane.uplugin" 36
"../../../Engine/Plugins/VirtualProduction/EpicStageApp/EpicStageApp.uplugin" 37
"../../../Engine/Plugins/VirtualProduction/LevelSnapshots/LevelSnapshots.uplugin" 38
"../../../Engine/Plugins/VirtualProduction/LiveLinkCamera/LiveLinkCamera.uplugin" 39
"../../../Engine/Plugins/VirtualProduction/LiveLinkLens/LiveLinkLens.uplugin" 40
"../../../Engine/Plugins/VirtualProduction/ICVFX/ICVFX.uplugin" 41
"../../../Engine/Plugins/VirtualProduction/LiveLinkMasterLockit/LiveLinkMasterLockit.uplugin" 42
"../../../Engine/Plugins/VirtualProduction/LiveLinkPrestonMDR/LiveLinkPrestonMDR.uplugin" 43
"../../../Engine/Plugins/VirtualProduction/LiveLinkVRPN/LiveLinkVRPN.uplugin" 44
"../../../Engine/Plugins/VirtualProduction/MultiUserTakes/MultiUserTakes.uplugin" 45
"../../../Engine/Plugins/VirtualProduction/LiveLinkXR/LiveLinkXR.uplugin" 46
"../../../Engine/Plugins/VirtualProduction/RemoteControlProtocolDMX/RemoteControlProtocolDMX.uplugin" 47
"../../../Engine/Plugins/VirtualProduction/RemoteControl/RemoteControl.uplugin" 48
"../../../Engine/Plugins/VirtualProduction/RemoteControlInterception/RemoteControlInterception.uplugin" 49
"../../../Engine/Plugins/VirtualProduction/RemoteControlProtocolMIDI/RemoteControlProtocolMIDI.uplugin" 50
"../../../Engine/Plugins/VirtualProduction/RemoteControlWebInterface/RemoteControlWebInterface.uplugin" 51
"../../../Engine/Plugins/VirtualProduction/SequencerPlaylists/SequencerPlaylists.uplugin" 52
"../../../Engine/Plugins/VirtualProduction/RemoteControlProtocolOSC/RemoteControlProtocolOSC.uplugin" 53
"../../../Engine/Plugins/VirtualProduction/StageMonitoring/StageMonitoring.uplugin" 54
"../../../Engine/Plugins/VirtualProduction/Switchboard/Switchboard.uplugin" 55
"../../../Engine/Plugins/VirtualProduction/Takes/Takes.uplugin" 56
"../../../Engine/Plugins/VirtualProduction/TextureShare/TextureShare.uplugin" 57
"../../../Engine/Plugins/VirtualProduction/TimedDataMonitor/TimedDataMonitor.uplugin" 58
"../../../Engine/Plugins/Animation/AnimationData/AnimationData.uplugin" 59
"../../../Engine/Plugins/Animation/AnimationLocomotionLibrary/AnimationLocomotionLibrary.uplugin" 60
"../../../Engine/Plugins/Animation/AnimationModifierLibrary/AnimationModifierLibrary.uplugin" 61
"../../../Engine/Plugins/Animation/AnimationWarping/AnimationWarping.uplugin" 62
"../../../Engine/Plugins/Animation/AnimToTexture/AnimToTexture.uplugin" 63
"../../../Engine/Plugins/Animation/BlendSpaceMotionAnalysis/BlendSpaceMotionAnalysis.uplugin" 64
"../../../Engine/Plugins/Animation/ControlRig/ControlRig.uplugin" 65
"../../../Engine/Plugins/Animation/ControlRigSpline/ControlRigSpline.uplugin" 66
"../../../Engine/Plugins/Animation/DeformerGraph/DeformerGraph.uplugin" 67
"../../../Engine/Plugins/Animation/GameplayInsights/GameplayInsights.uplugin" 68
"../../../Engine/Plugins/Animation/IKRig/IKRig.uplugin" 69
"../../../Engine/Plugins/Animation/LiveLink/LiveLink.uplugin" 70
"../../../Engine/Plugins/Animation/LiveLinkCurveDebugUI/LiveLinkCurveDebugUI.uplugin" 71
"../../../Engine/Plugins/Editor/AssetManagerEditor/AssetManagerEditor.uplugin" 72
"../../../Engine/Plugins/Animation/RigLogic/RigLogic.uplugin" 73
"../../../Engine/Plugins/Editor/AssetReferenceRestrictions/AssetReferenceRestrictions.uplugin" 74
"../../../Engine/Plugins/Editor/BlueprintHeaderView/BlueprintHeaderView.uplugin" 75
"../../../Engine/Plugins/Editor/ChangelistReview/ChangelistReview.uplugin" 76
"../../../Engine/Plugins/Editor/BlueprintMaterialTextureNodes/BlueprintMaterialTextureNodes.uplugin" 77
"../../../Engine/Plugins/Editor/AssetRegistryExport/AssetRegistryExport.uplugin" 78
"../../../Engine/Plugins/Editor/AssetSearch/AssetSearch.uplugin" 79
"../../../Engine/Plugins/Editor/ConsoleVariablesEditor/ConsoleVariables.uplugin" 80
"../../../Engine/Plugins/Editor/CryptoKeys/CryptoKeys.uplugin" 81
"../../../Engine/Plugins/Editor/CurveEditorTools/CurveEditorTools.uplugin" 82
"../../../Engine/Plugins/Editor/DataValidation/DataValidation.uplugin" 83
"../../../Engine/Plugins/Editor/DisplayClusterLaunch/DisplayClusterLaunch.uplugin" 84
"../../../Engine/Plugins/Editor/EditorDebugTools/EditorDebugTools.uplugin" 85
"../../../Engine/Plugins/Editor/EditorScriptingUtilities/EditorScriptingUtilities.uplugin" 86
"../../../Engine/Plugins/Editor/EngineAssetDefinitions/EngineAssetDefinitions.uplugin" 87
"../../../Engine/Plugins/Editor/GameplayTagsEditor/GameplayTagsEditor.uplugin" 88
"../../../Engine/Plugins/Editor/FacialAnimation/FacialAnimation.uplugin" 89
"../../../Engine/Plugins/Editor/GeometryMode/GeometryMode.uplugin" 90
"../../../Engine/Plugins/Editor/GLTFImporter/GLTFImporter.uplugin" 91
"../../../Engine/Plugins/Editor/GuidedTutorials/GuidedTutorials.uplugin" 92
"../../../Engine/Plugins/Editor/LiveUpdateForSlate/LiveUpdateForSlate.uplugin" 93
"../../../Engine/Plugins/Editor/MacGraphicsSwitching/MacGraphicsSwitching.uplugin" 94
"../../../Engine/Plugins/Editor/MakeCookedEditorAsDLC/MakeCookedEditorAsDLC.uplugin" 95
"../../../Engine/Plugins/Editor/MaterialAnalyzer/MaterialAnalyzer.uplugin" 96
"../../../Engine/Plugins/Editor/PluginBrowser/PluginBrowser.uplugin" 97
"../../../Engine/Plugins/Editor/MobileLauncherProfileWizard/MobileLauncherProfileWizard.uplugin" 98
"../../../Engine/Plugins/Editor/SequencerAnimTools/SequencerAnimTools.uplugin" 99
"../../../Engine/Plugins/Editor/SpeedTreeImporter/SpeedTreeImporter.uplugin" 100
"../../../Engine/Plugins/Editor/StylusInput/StylusInput.uplugin" 101
"../../../Engine/Plugins/Editor/WaveformEditor/WaveformEditor.uplugin" 102
"../../../Engine/Plugins/Editor/WorldPartitionHLODUtilities/WorldPartitionHLODUtilities.uplugin" 103
"../../../Engine/Plugins/Importers/AlembicHairImporter/AlembicHairImporter.uplugin" 104
"../../../Engine/Plugins/Importers/USDImporter/USDImporter.uplugin" 105
"../../../Engine/Plugins/Importers/AlembicImporter/AlembicImporter.uplugin" 106
"../../../Engine/Plugins/Importers/USDMultiUser/USDMultiUser.uplugin" 107
"../../../Engine/Plugins/Marketplace/AsyncLoadingScreen/AsyncLoadingScreen.uplugin" 108
"../../../Engine/Plugins/Marketplace/MACSClasses/MACS.uplugin" 109
"../../../Engine/Plugins/Marketplace/ProceduralNPCCrowds/Pedestrian_System.uplugin" 110
"../../../Engine/Plugins/Marketplace/ReadyPlayerMe/ReadyPlayerMe.uplugin" 111
"../../../Engine/Plugins/Performance/PerformanceMonitor/PerformanceMonitor.uplugin" 112
"../../../Engine/Plugins/Runtime/ActorLayerUtilities/ActorLayerUtilities.uplugin" 113
"../../../Engine/Plugins/Runtime/AndroidBackgroundService/AndroidBackgroundService.uplugin" 114
"../../../Engine/Plugins/Runtime/AndroidMoviePlayer/AndroidMoviePlayer.uplugin" 115
"../../../Engine/Plugins/Runtime/AndroidDeviceProfileSelector/AndroidDeviceProfileSelector.uplugin" 116
"../../../Engine/Plugins/Runtime/AndroidPermission/AndroidPermission.uplugin" 117
"../../../Engine/Plugins/Runtime/AndroidFileServer/AndroidFileServer.uplugin" 118
"../../../Engine/Plugins/Runtime/AnimationBudgetAllocator/AnimationBudgetAllocator.uplugin" 119
"../../../Engine/Plugins/Runtime/AppleImageUtils/AppleImageUtils.uplugin" 120
"../../../Engine/Plugins/Runtime/AppleMoviePlayer/AppleMoviePlayer.uplugin" 121
"../../../Engine/Plugins/Runtime/ApexDestruction/ApexDestruction.uplugin" 122
"../../../Engine/Plugins/Animation/MotionWarping/MotionWarping.uplugin" 123
"../../../Engine/Plugins/Runtime/AssetTags/AssetTags.uplugin" 124
"../../../Engine/Plugins/Runtime/ArchVisCharacter/ArchVisCharacter.uplugin" 125
"../../../Engine/Plugins/Runtime/AudioModulation/AudioModulation.uplugin" 126
"../../../Engine/Plugins/Runtime/AudioCapture/AudioCapture.uplugin" 127
"../../../Engine/Plugins/Runtime/AudioMotorSim/AudioMotorSim.uplugin" 128
"../../../Engine/Plugins/Runtime/AudioWidgets/AudioWidgets.uplugin" 129
"../../../Engine/Plugins/Runtime/AudioSynesthesia/AudioSynesthesia.uplugin" 130
"../../../Engine/Plugins/Runtime/CableComponent/CableComponent.uplugin" 131
"../../../Engine/Plugins/Runtime/ComputeFramework/ComputeFramework.uplugin" 132
"../../../Engine/Plugins/Runtime/ChunkDownloader/ChunkDownloader.uplugin" 133
"../../../Engine/Plugins/Runtime/CustomMeshComponent/CustomMeshComponent.uplugin" 134
"../../../Engine/Plugins/Runtime/DataRegistry/DataRegistry.uplugin" 135
"../../../Engine/Plugins/Runtime/Firebase/Firebase.uplugin" 136
"../../../Engine/Plugins/Runtime/ExampleDeviceProfileSelector/ExampleDeviceProfileSelector.uplugin" 137
"../../../Engine/Plugins/Runtime/GameplayAbilities/GameplayAbilities.uplugin" 138
"../../../Engine/Plugins/Runtime/GameplayBehaviorSmartObjects/GameplayBehaviorSmartObjects.uplugin" 139
"../../../Engine/Plugins/Runtime/GameplayInteractions/GameplayInteractions.uplugin" 140
"../../../Engine/Plugins/Runtime/GeometryCache/GeometryCache.uplugin" 141
"../../../Engine/Plugins/Runtime/GeometryProcessing/GeometryProcessing.uplugin" 142
"../../../Engine/Plugins/Runtime/GeoReferencing/GeoReferencing.uplugin" 143
"../../../Engine/Plugins/Runtime/GoogleCloudMessaging/GoogleCloudMessaging.uplugin" 144
"../../../Engine/Plugins/Runtime/GooglePAD/GooglePAD.uplugin" 145
"../../../Engine/Plugins/Runtime/HairStrands/HairStrands.uplugin" 146
"../../../Engine/Plugins/Runtime/HDRIBackdrop/HDRIBackdrop.uplugin" 147
"../../../Engine/Plugins/Runtime/HPMotionController/HPMotionController.uplugin" 148
"../../../Engine/Plugins/Runtime/HTTPChunkInstaller/HTTPChunkInstaller.uplugin" 149
"../../../Engine/Plugins/Runtime/InputDebugging/InputDebugging.uplugin" 150
"../../../Engine/Plugins/Runtime/IOSReplayKit/IOSReplayKit.uplugin" 151
"../../../Engine/Plugins/Runtime/IOSDeviceProfileSelector/IOSDeviceProfileSelector.uplugin" 152
"../../../Engine/Plugins/Runtime/LinuxDeviceProfileSelector/LinuxDeviceProfileSelector.uplugin" 153
"../../../Engine/Plugins/Runtime/LiveLinkOvernDisplay/LiveLinkOverNDisplay.uplugin" 154
"../../../Engine/Plugins/Runtime/LocationServicesAndroidImpl/LocationServicesAndroidImpl.uplugin" 155
"../../../Engine/Plugins/Runtime/LocationServicesBPLibrary/LocationServicesBPLibrary.uplugin" 156
"../../../Engine/Plugins/Runtime/LocationServicesIOSImpl/LocationServicesIOSImpl.uplugin" 157
"../../../Engine/Plugins/Runtime/GameplayStateTree/GameplayStateTree.uplugin" 158
"../../../Engine/Plugins/Runtime/MassEntity/MassEntity.uplugin" 159
"../../../Engine/Plugins/Runtime/MassGameplay/MassGameplay.uplugin" 160
"../../../Engine/Plugins/Runtime/MeshModelingToolset/MeshModelingToolset.uplugin" 161
"../../../Engine/Plugins/Runtime/Metasound/Metasound.uplugin" 162
"../../../Engine/Plugins/Runtime/MicrosoftSpatialAudio/MicroSoftSpatialSound.uplugin" 163
"../../../Engine/Plugins/Runtime/MIDIDevice/MIDIDevice.uplugin" 164
"../../../Engine/Plugins/Runtime/MobileFSR/MobileFSR.uplugin" 165
"../../../Engine/Plugins/Runtime/MobilePatchingUtils/MobilePatchingUtils.uplugin" 166
"../../../Engine/Plugins/Runtime/ModelViewViewModel/ModelViewViewModel.uplugin" 167
"../../../Engine/Plugins/Runtime/NavCorridor/NavCorridor.uplugin" 168
"../../../Engine/Plugins/Runtime/nDisplay/nDisplay.uplugin" 169
"../../../Engine/Plugins/Runtime/nDisplayModularFeatures/nDisplayModularFeatures.uplugin" 170
"../../../Engine/Plugins/Runtime/NetworkPrediction/NetworkPrediction.uplugin" 171
"../../../Engine/Plugins/Runtime/NetworkPredictionExtras/NetworkPredictionExtras.uplugin" 172
"../../../Engine/Plugins/Runtime/NetworkPredictionInsights/NetworkPredictionInsights.uplugin" 173
"../../../Engine/Plugins/VirtualProduction/LiveLinkFreeD/LiveLinkFreeD.uplugin" 174
"../../../Engine/Plugins/Runtime/OpenCV/OpenCV.uplugin" 175
"../../../Engine/Plugins/Runtime/OpenXR/OpenXR.uplugin" 176
"../../../Engine/Plugins/Runtime/OpenXREyeTracker/OpenXREyeTracker.uplugin" 177
"../../../Engine/Plugins/Runtime/OpenXRHandTracking/OpenXRHandTracking.uplugin" 178
"../../../Engine/Plugins/Runtime/OpenXRViveTracker/OpenXRViveTracker.uplugin" 179
"../../../Engine/Plugins/Runtime/OpenXRMsftHandInteraction/OpenXRMsftHandInteraction.uplugin" 180
"../../../Engine/Plugins/Runtime/OptionalMobileFeaturesBPLibrary/OptionalMobileFeaturesBPLibrary.uplugin" 181
"../../../Engine/Plugins/Runtime/OSC/OSC.uplugin" 182
"../../../Engine/Plugins/Runtime/OSCModulationMixing/OSCModulationMixing.uplugin" 183
"../../../Engine/Plugins/Runtime/PreLoadScreenMoviePlayer/PreLoadScreenMoviePlayer.uplugin" 184
"../../../Engine/Plugins/Runtime/PropertyAccess/PropertyAccessEditor.uplugin" 185
"../../../Engine/Plugins/Runtime/RenderTrace/RenderTrace.uplugin" 186
"../../../Engine/Plugins/Runtime/ReplicationGraph/ReplicationGraph.uplugin" 187
"../../../Engine/Plugins/Runtime/ResonanceAudio/ResonanceAudio.uplugin" 188
"../../../Engine/Plugins/Runtime/SignificanceManager/SignificanceManager.uplugin" 189
"../../../Engine/Plugins/Runtime/ReplicationSystemTestPlugin/ReplicationSystemTestPlugin.uplugin" 190
"../../../Engine/Plugins/Runtime/SkeletalMerging/SkeletalMerging.uplugin" 191
"../../../Engine/Plugins/Runtime/ProceduralMeshComponent/ProceduralMeshComponent.uplugin" 192
"../../../Engine/Plugins/Runtime/SmartObjects/SmartObjects.uplugin" 193
"../../../Engine/Plugins/Runtime/SoundCueTemplates/SoundCueTemplates.uplugin" 194
"../../../Engine/Plugins/Runtime/SoundFields/SoundFields.uplugin" 195
"../../../Engine/Plugins/Runtime/SoundMod/SoundMod.uplugin" 196
"../../../Engine/Plugins/Runtime/Soundscape/Soundscape.uplugin" 197
"../../../Engine/Plugins/Runtime/SoundUtilities/SoundUtilities.uplugin" 198
"../../../Engine/Plugins/Runtime/Spatialization/Spatialization.uplugin" 199
"../../../Engine/Plugins/Runtime/StateTree/StateTree.uplugin" 200
"../../../Engine/Plugins/Runtime/SunPosition/SunPosition.uplugin" 201
"../../../Engine/Plugins/Runtime/WarpUtils/WarpUtils.uplugin" 202
"../../../Engine/Plugins/Runtime/Synthesis/Synthesis.uplugin" 203
"../../../Engine/Plugins/Runtime/WaveTable/WaveTable.uplugin" 204
"../../../Engine/Plugins/Runtime/WebBrowserNativeProxy/WebBrowserNativeProxy.uplugin" 205
"../../../Engine/Plugins/Runtime/WebBrowserWidget/WebBrowserWidget.uplugin" 206
"../../../Engine/Plugins/Runtime/MixedRealityCaptureFramework/MixedRealityCaptureFramework.uplugin" 207
"../../../Engine/Plugins/Runtime/WebMMoviePlayer/WebMMoviePlayer.uplugin" 208
"../../../Engine/Plugins/Runtime/WindowsDeviceProfileSelector/WindowsDeviceProfileSelector.uplugin" 209
"../../../Engine/Plugins/Runtime/WindowsMoviePlayer/WindowsMoviePlayer.uplugin" 210
"../../../Engine/Plugins/Runtime/WorldConditions/WorldConditions.uplugin" 211
"../../../Engine/Plugins/Runtime/ZoneGraph/ZoneGraph.uplugin" 212
"../../../Engine/Plugins/Runtime/ZoneGraphAnnotations/ZoneGraphAnnotations.uplugin" 213
"../../../Engine/Plugins/Compositing/Composure/Composure.uplugin" 214
"../../../Engine/Plugins/Compositing/LensDistortion/LensDistortion.uplugin" 215
"../../../Engine/Plugins/Compositing/OpenColorIO/OpenColorIO.uplugin" 216
"../../../Engine/Plugins/Compositing/OpenCVLensDistortion/OpenCVLensDistortion.uplugin" 217
"../../../Engine/Plugins/Messaging/MessagingDebugger/MessagingDebugger.uplugin" 218
"../../../Engine/Plugins/Messaging/UdpMessaging/UdpMessaging.uplugin" 219
"../../../Engine/Plugins/Messaging/TcpMessaging/TcpMessaging.uplugin" 220
"../../../Engine/Plugins/Portal/LauncherChunkInstaller/LauncherChunkInstaller.uplugin" 221
"../../../Engine/Plugins/Cameras/CameraShakePreviewer/CameraShakePreviewer.uplugin" 222
"../../../Engine/Plugins/Cameras/GameplayCameras/GameplayCameras.uplugin" 223
"../../../Engine/Plugins/Experimental/ActorPalette/ActorPalette.uplugin" 224
"../../../Engine/Plugins/Experimental/AbilitySystemGameFeatureActions/AbilitySystemGameFeatureActions.uplugin" 225
"../../../Engine/Plugins/Experimental/AnimNext/AnimNext.uplugin" 226
"../../../Engine/Plugins/Experimental/AppleVision/AppleVision.uplugin" 227
"../../../Engine/Plugins/Experimental/AssetPlacementEdMode/AssetPlacementEdMode.uplugin" 228
"../../../Engine/Plugins/Experimental/AutomationUtils/AutomationUtils.uplugin" 229
"../../../Engine/Plugins/Experimental/BlueprintSnapNodes/BlueprintSnapNodes.uplugin" 230
"../../../Engine/Plugins/Experimental/BackChannel/BackChannel.uplugin" 231
"../../../Engine/Plugins/Experimental/ChaosCaching/ChaosCaching.uplugin" 232
"../../../Engine/Plugins/Experimental/BlueprintStats/BlueprintStats.uplugin" 233
"../../../Engine/Plugins/Experimental/ChaosCloth/ChaosCloth.uplugin" 234
"../../../Engine/Plugins/Experimental/ChaosClothAsset/ChaosClothAsset.uplugin" 235
"../../../Engine/Plugins/Experimental/ChaosClothEditor/ChaosClothEditor.uplugin" 236
"../../../Engine/Plugins/Experimental/ChaosEditor/ChaosEditor.uplugin" 237
"../../../Engine/Plugins/Experimental/ChaosClothAssetEditor/ChaosClothAssetEditor.uplugin" 238
"../../../Engine/Plugins/Experimental/ChaosFlesh/ChaosFlesh.uplugin" 239
"../../../Engine/Plugins/Experimental/ChaosNiagara/ChaosNiagara.uplugin" 240
"../../../Engine/Plugins/Experimental/ChaosUserDataPT/ChaosUserDataPT.uplugin" 241
"../../../Engine/Plugins/Experimental/ChaosSolverPlugin/ChaosSolverPlugin.uplugin" 242
"../../../Engine/Plugins/Experimental/CharacterAI/CharacterAI.uplugin" 243
"../../../Engine/Plugins/Experimental/ChaosVehiclesPlugin/ChaosVehiclesPlugin.uplugin" 244
"../../../Engine/Plugins/Experimental/CineCameraRigs/CineCameraRigs.uplugin" 245
"../../../Engine/Plugins/Experimental/CinematicPrestreaming/CinematicPrestreaming.uplugin" 246
"../../../Engine/Plugins/Experimental/Chooser/Chooser.uplugin" 247
"../../../Engine/Plugins/Experimental/CodeEditor/CodeEditor.uplugin" 248
"../../../Engine/Plugins/Experimental/CodeView/CodeView.uplugin" 249
"../../../Engine/Plugins/Experimental/ColorCorrectRegions/ColorCorrectRegions.uplugin" 250
"../../../Engine/Plugins/Experimental/Dataflow/Dataflow.uplugin" 251
"../../../Engine/Plugins/Experimental/CommonUI/CommonUI.uplugin" 252
"../../../Engine/Plugins/Experimental/ControlFlows/ControlFlows.uplugin" 253
"../../../Engine/Plugins/Experimental/DefaultInstallBundleManager/DefaultInstallBundleManager.uplugin" 254
"../../../Engine/Plugins/Experimental/FieldSystemPlugin/FieldSystemPlugin.uplugin" 255
"../../../Engine/Plugins/Experimental/Fracture/Fracture.uplugin" 256
"../../../Engine/Plugins/Experimental/GameFeatures/GameFeatures.uplugin" 257
"../../../Engine/Plugins/Experimental/FullBodyIK/FullBodyIK.uplugin" 258
"../../../Engine/Plugins/Experimental/GameplayBehaviors/GameplayBehaviors.uplugin" 259
"../../../Engine/Plugins/Experimental/GameplayTargetingSystem/TargetingSystem.uplugin" 260
"../../../Engine/Plugins/Experimental/Gauntlet/Gauntlet.uplugin" 261
"../../../Engine/Plugins/Experimental/GeometryCacheAbcFile/GeometryCacheAbcFile.uplugin" 262
"../../../Engine/Plugins/Experimental/GeometryCollectionPlugin/GeometryCollectionPlugin.uplugin" 263
"../../../Engine/Plugins/Experimental/GeometryFlow/GeometryFlow.uplugin" 264
"../../../Engine/Plugins/Experimental/CommonConversation/CommonConversation.uplugin" 265
"../../../Engine/Plugins/Experimental/GeometryScripting/GeometryScripting.uplugin" 266
"../../../Engine/Plugins/Experimental/GizmoEdMode/GizmoEdMode.uplugin" 267
"../../../Engine/Plugins/Experimental/GPULightmass/GPULightmass.uplugin" 268
"../../../Engine/Plugins/Experimental/HairModelingToolset/HairModelingToolset.uplugin" 269
"../../../Engine/Plugins/Experimental/ImpostorBaker/ImpostorBaker.uplugin" 270
"../../../Engine/Plugins/Experimental/GizmoFramework/GizmoFramework.uplugin" 271
"../../../Engine/Plugins/Experimental/Iris/Iris.uplugin" 272
"../../../Engine/Plugins/Experimental/JWT/JWT.uplugin" 273
"../../../Engine/Plugins/Experimental/ImagePlate/ImagePlate.uplugin" 274
"../../../Engine/Plugins/Experimental/Landmass/Landmass.uplugin" 275
"../../../Engine/Plugins/Experimental/LandscapePatch/LandscapePatch.uplugin" 276
"../../../Engine/Plugins/Experimental/LiveLinkFaceImporter/LiveLinkFaceImporter.uplugin" 277
"../../../Engine/Plugins/Experimental/MeshLODToolset/MeshLODToolset.uplugin" 278
"../../../Engine/Plugins/Experimental/MeshModelingToolsetExp/MeshModelingToolsetExp.uplugin" 279
"../../../Engine/Plugins/Experimental/MotorSimOutputMotoSynth/MotorSimOutputMotoSynth.uplugin" 280
"../../../Engine/Plugins/Experimental/LiveLinkControlRig/LiveLinkControlRig.uplugin" 281
"../../../Engine/Plugins/Experimental/Mutable/Mutable.uplugin" 282
"../../../Engine/Plugins/Experimental/ModularGameplay/ModularGameplay.uplugin" 283
"../../../Engine/Plugins/Experimental/NNI/NeuralNetworkInference.uplugin" 284
"../../../Engine/Plugins/Experimental/OpenImageDenoise/OpenImageDenoise.uplugin" 285
"../../../Engine/Plugins/Experimental/NNE/NNE.uplugin" 286
"../../../Engine/Plugins/Experimental/PanoramicCapture/PanoramicCapture.uplugin" 287
"../../../Engine/Plugins/Experimental/PCG/PCG.uplugin" 288
"../../../Engine/Plugins/Experimental/OptiXDenoise/OptiXDenoise.uplugin" 289
"../../../Engine/Plugins/Experimental/PCGGeometryScriptInterop/PCGGeometryScriptInterop.uplugin" 290
"../../../Engine/Plugins/Experimental/MotoSynth/MotoSynth.uplugin" 291
"../../../Engine/Plugins/Experimental/PhysicsControl/PhysicsControl.uplugin" 292
"../../../Engine/Plugins/Experimental/PlatformCrypto/PlatformCrypto.uplugin" 293
"../../../Engine/Plugins/Experimental/ProxyLODPlugin/ProxyLODPlugin.uplugin" 294
"../../../Engine/Plugins/Experimental/PlanarCutPlugin/PlanarCut.uplugin" 295
"../../../Engine/Plugins/Experimental/PythonFoundationPackages/PythonFoundationPackages.uplugin" 296
"../../../Engine/Plugins/Experimental/PythonScriptPlugin/PythonScriptPlugin.uplugin" 297
"../../../Engine/Plugins/Experimental/RawInput/RawInput.uplugin" 298
"../../../Engine/Plugins/Experimental/RemoteSession/RemoteSession.uplugin" 299
"../../../Engine/Plugins/Experimental/RenderGrid/RenderGrid.uplugin" 300
"../../../Engine/Plugins/Experimental/PixelStreamingPlayer/PixelStreamingPlayer.uplugin" 301
"../../../Engine/Plugins/Experimental/SampleToolsEditorMode/SampleToolsEditorMode.uplugin" 302
"../../../Engine/Plugins/Experimental/ScreenReader/ScreenReader.uplugin" 303
"../../../Engine/Plugins/Experimental/ScriptableToolsEditorMode/ScriptableToolsEditorMode.uplugin" 304
"../../../Engine/Plugins/Experimental/ScriptableToolsFramework/ScriptableToolsFramework.uplugin" 305
"../../../Engine/Plugins/Experimental/Shotgrid/Shotgrid.uplugin" 306
"../../../Engine/Plugins/Experimental/SimpleHMD/SimpleHMD.uplugin" 307
"../../../Engine/Plugins/Experimental/SkeletalReduction/SkeletalReduction.uplugin" 308
"../../../Engine/Plugins/Experimental/StaticMeshEditorModeling/StaticMeshEditorModeling.uplugin" 309
"../../../Engine/Plugins/Experimental/SlateScreenReader/SlateScreenReader.uplugin" 310
"../../../Engine/Plugins/Experimental/StructUtils/StructUtils.uplugin" 311
"../../../Engine/Plugins/Experimental/Text3D/Text3D.uplugin" 312
"../../../Engine/Plugins/Experimental/TetMeshing/TetMeshing.uplugin" 313
"../../../Engine/Plugins/Experimental/TextToSpeech/TextToSpeech.uplugin" 314
"../../../Engine/Plugins/Experimental/TextureMediaPlayer/TextureMediaPlayer.uplugin" 315
"../../../Engine/Plugins/Experimental/TypedElementsDataStorage/TypedElementsDataStorage.uplugin" 316
"../../../Engine/Plugins/Experimental/ToolPresets/ToolPresets.uplugin" 317
"../../../Engine/Plugins/Experimental/UserToolBoxBasicCommand/UserToolBoxBasicCommand.uplugin" 318
"../../../Engine/Plugins/Experimental/UIFramework/UIFramework.uplugin" 319
"../../../Engine/Plugins/Experimental/UVEditor/UVEditor.uplugin" 320
"../../../Engine/Plugins/Experimental/NaniteDisplacedMesh/NaniteDisplacedMesh.uplugin" 321
"../../../Engine/Plugins/Experimental/VirtualCameraCore/VirtualCameraCore.uplugin" 322
"../../../Engine/Plugins/Experimental/VirtualCamera/VirtualCamera.uplugin" 323
"../../../Engine/Plugins/Experimental/VirtualHeightfieldMesh/VirtualHeightfieldMesh.uplugin" 324
"../../../Engine/Plugins/Experimental/VirtualScouting/VirtualScouting.uplugin" 325
"../../../Engine/Plugins/Experimental/Volumetrics/Volumetrics.uplugin" 326
"../../../Engine/Plugins/Experimental/VirtualProductionUtilities/VirtualProductionUtilities.uplugin" 327
"../../../Engine/Plugins/Experimental/Water/Water.uplugin" 328
"../../../Engine/Plugins/Experimental/WaterExtras/WaterExtras.uplugin" 329
"../../../Engine/Plugins/Experimental/WaveFunctionCollapse/WaveFunctionCollapse.uplugin" 330
"../../../Engine/Plugins/Experimental/WidgetEditorToolPalette/WidgetEditorToolPalette.uplugin" 331
"../../../Engine/Plugins/Experimental/XRCreativeFramework/XRCreativeFramework.uplugin" 332
"../../../Engine/Plugins/Online/EOSShared/EOSShared.uplugin" 333
"../../../Engine/Plugins/Online/OnlineBase/OnlineBase.uplugin" 334
"../../../Engine/Plugins/Online/OnlineFramework/OnlineFramework.uplugin" 335
"../../../Engine/Plugins/Online/OnlineServices/OnlineServices.uplugin" 336
"../../../Engine/Plugins/Online/OnlineServicesEOS/OnlineServicesEOS.uplugin" 337
"../../../Engine/Plugins/Experimental/WebSocketNetworking/WebSocketNetworking.uplugin" 338
"../../../Engine/Plugins/Online/OnlineServicesEOSGS/OnlineServicesEOSGS.uplugin" 339
"../../../Engine/Plugins/Online/OnlineServicesNull/OnlineServicesNull.uplugin" 340
"../../../Engine/Plugins/Online/OnlineServicesOSSAdapter/OnlineServicesOSSAdapter.uplugin" 341
"../../../Engine/Plugins/Online/OnlineSubsystem/OnlineSubsystem.uplugin" 342
"../../../Engine/Plugins/Online/OnlineSubsystemApple/OnlineSubsystemApple.uplugin" 343
"../../../Engine/Plugins/Experimental/UserToolBoxCore/UserToolBoxCore.uplugin" 344
"../../../Engine/Plugins/Online/OnlineSubsystemFacebook/OnlineSubsystemFacebook.uplugin" 345
"../../../Engine/Plugins/Online/OnlineSubsystemGoogle/OnlineSubsystemGoogle.uplugin" 346
"../../../Engine/Plugins/Online/OnlineSubsystemNull/OnlineSubsystemNull.uplugin" 347
"../../../Engine/Plugins/Online/OnlineSubsystemOculus/OnlineSubsystemOculus.uplugin" 348
"../../../Engine/Plugins/Online/OnlineSubsystemSteam/OnlineSubsystemSteam.uplugin" 349
"../../../Engine/Plugins/Online/OnlineSubsystemTencent/OnlineSubsystemTencent.uplugin" 350
"../../../Engine/Plugins/Online/OnlineSubsystemUtils/OnlineSubsystemUtils.uplugin" 351
"../../../Engine/Plugins/Online/OnlineSubsystemEOS/OnlineSubsystemEOS.uplugin" 352
"../../../Engine/Plugins/Tests/AutomationDriverTests/AutomationDriverTests.uplugin" 353
"../../../Engine/Plugins/Online/SocketSubsystemEOS/SocketSubsystemEOS.uplugin" 354
"../../../Engine/Plugins/Online/OnlineSubsystemAmazon/OnlineSubsystemAmazon.uplugin" 355
"../../../Engine/Plugins/Tests/FbxAutomationTestBuilder/FbxAutomationTestBuilder.uplugin" 356
"../../../Engine/Plugins/Tests/FunctionalTestingEditor/FunctionalTestingEditor.uplugin" 357
"../../../Engine/Plugins/Tests/InterchangeTests/InterchangeTests.uplugin" 358
"../../../Engine/Plugins/Tests/PythonAutomationTest/PythonAutomationTest.uplugin" 359
"../../../Engine/Plugins/Tests/RHITests/RHITests.uplugin" 360
"../../../Engine/Plugins/Tests/EditorTests/EditorTests.uplugin" 361
"../../../Engine/Plugins/Tests/RuntimeTests/RuntimeTests.uplugin" 362
"../../../Engine/Plugins/Tests/TestSamples/TestSamples.uplugin" 363
"../../../Engine/Plugins/Web/HttpBlueprint/HttpBlueprint.uplugin" 364
"../../../Engine/Plugins/2D/Paper2D/Paper2D.uplugin" 365
"../../../Engine/Plugins/Developer/BlankPlugin/BlankPlugin.uplugin" 366
"../../../Engine/Plugins/Developer/AnimationSharing/AnimationSharing.uplugin" 367
"../../../Engine/Plugins/Developer/CLionSourceCodeAccess/CLionSourceCodeAccess.uplugin" 368
"../../../Engine/Plugins/Developer/DumpGPUServices/DumpGPUServices.uplugin" 369
"../../../Engine/Plugins/Developer/GitSourceControl/GitSourceControl.uplugin" 370
"../../../Engine/Plugins/Developer/KDevelopSourceCodeAccess/KDevelopSourceCodeAccess.uplugin" 371
"../../../Engine/Plugins/Developer/CodeLiteSourceCodeAccess/CodeLiteSourceCodeAccess.uplugin" 372
"../../../Engine/Plugins/Developer/NullSourceCodeAccess/NullSourceCodeAccess.uplugin" 373
"../../../Engine/Plugins/Developer/PixWinPlugin/PixWinPlugin.uplugin" 374
"../../../Engine/Plugins/Developer/PluginUtils/PluginUtils.uplugin" 375
"../../../Engine/Plugins/Developer/OneSkyLocalizationService/OneSkyLocalizationService.uplugin" 376
"../../../Engine/Plugins/Developer/PropertyAccessNode/PropertyAccessNode.uplugin" 377
"../../../Engine/Plugins/Developer/PerforceSourceControl/PerforceSourceControl.uplugin" 378
"../../../Engine/Plugins/Developer/RenderDocPlugin/RenderDocPlugin.uplugin" 379
"../../../Engine/Plugins/Developer/RiderSourceCodeAccess/RiderSourceCodeAccess.uplugin" 380
"../../../Engine/Plugins/Developer/SubversionSourceControl/SubversionSourceControl.uplugin" 381
"../../../Engine/Plugins/Developer/TextureFormatOodle/TextureFormatOodle.uplugin" 382
"../../../Engine/Plugins/Developer/PlasticSourceControl/PlasticSourceControl.uplugin" 383
"../../../Engine/Plugins/Developer/UObjectPlugin/UObjectPlugin.uplugin" 384
"../../../Engine/Plugins/Online/WebAuth/WebAuth.uplugin" 385
"../../../Engine/Plugins/Developer/TraceSourceFiltering/TraceSourceFilters.uplugin" 386
"../../../Engine/Plugins/Developer/XcodeGPUDebuggerPlugin/XcodeGPUDebuggerPlugin.uplugin" 387
"../../../Engine/Plugins/Developer/VisualStudioSourceCodeAccess/VisualStudioSourceCodeAccess.uplugin" 388
"../../../Engine/Plugins/Enterprise/AxFImporter/AxFImporter.uplugin" 389
"../../../Engine/Plugins/Developer/XCodeSourceCodeAccess/XCodeSourceCodeAccess.uplugin" 390
"../../../Engine/Plugins/Enterprise/DataprepEditor/DataprepEditor.uplugin" 391
"../../../Engine/Plugins/Developer/TraceDataFiltering/TraceDataFilters.uplugin" 392
"../../../Engine/Plugins/Enterprise/DatasmithCADImporter/DatasmithCADImporter.uplugin" 393
"../../../Engine/Plugins/Enterprise/DatasmithC4DImporter/DatasmithC4DImporter.uplugin" 394
"../../../Engine/Plugins/Enterprise/DatasmithFBXImporter/DatasmithFBXImporter.uplugin" 395
"../../../Engine/Plugins/Enterprise/DatasmithIFCImporter/DatasmithIFCImporter.uplugin" 396
"../../../Engine/Plugins/Enterprise/DatasmithImporter/DatasmithImporter.uplugin" 397
"../../../Engine/Plugins/Enterprise/DatasmithContent/DatasmithContent.uplugin" 398
"../../../Engine/Plugins/Enterprise/LidarPointCloud/LidarPointCloud.uplugin" 399
"../../../Engine/Plugins/Enterprise/GLTFExporter/GLTFExporter.uplugin" 400
"../../../Engine/Plugins/Enterprise/MDLImporter/MDLImporter.uplugin" 401
"../../../Engine/Plugins/Enterprise/DatasmithGLTFImporter/DatasmithGLTFImporter.uplugin" 402
"../../../Engine/Plugins/Enterprise/VariantManager/VariantManager.uplugin" 403
"../../../Engine/Plugins/Developer/VisualStudioCodeSourceCodeAccess/VisualStudioCodeSourceCodeAccess.uplugin" 404
"../../../Engine/Plugins/Interchange/Runtime/Interchange.uplugin" 405
"../../../Engine/Plugins/Interchange/Editor/InterchangeEditor.uplugin" 406
"../../../Engine/Plugins/Enterprise/VariantManagerContent/VariantManagerContent.uplugin" 407
"../../../Engine/Plugins/Media/AndroidMedia/AndroidMedia.uplugin" 408
"../../../Engine/Plugins/Media/AvfMedia/AvfMedia.uplugin" 409
"../../../Engine/Plugins/Media/AppleProResMedia/AppleProResMedia.uplugin" 410
"../../../Engine/Plugins/Media/AudioCaptureTimecodeProvider/AudioCaptureTimecodeProvider.uplugin" 411
"../../../Engine/Plugins/Media/AvidDNxMedia/AvidDNxMedia.uplugin" 412
"../../../Engine/Plugins/Media/BinkMedia/BinkMedia.uplugin" 413
"../../../Engine/Plugins/Media/ElectraCDM/ElectraCDM.uplugin" 414
"../../../Engine/Plugins/Media/BlackmagicMedia/BlackmagicMedia.uplugin" 415
"../../../Engine/Plugins/Media/ElectraSubtitles/ElectraSubtitles.uplugin" 416
"../../../Engine/Plugins/Media/AjaMedia/AjaMedia.uplugin" 417
"../../../Engine/Plugins/Media/AndroidCamera/AndroidCamera.uplugin" 418
"../../../Engine/Plugins/Media/ElectraPlayer/ElectraPlayer.uplugin" 419
"../../../Engine/Plugins/Media/ElectraUtil/ElectraUtil.uplugin" 420
"../../../Engine/Plugins/Media/HAPMedia/HAPMedia.uplugin" 421
"../../../Engine/Plugins/Media/HardwareEncoders/HardwareEncoders.uplugin" 422
"../../../Engine/Plugins/Media/HLMedia/HLMedia.uplugin" 423
"../../../Engine/Plugins/Media/ImgMedia/ImgMedia.uplugin" 424
"../../../Engine/Plugins/Media/LinearTimecode/LinearTimecode.uplugin" 425
"../../../Engine/Plugins/Media/MediaCompositing/MediaCompositing.uplugin" 426
"../../../Engine/Plugins/Media/MediaFrameworkUtilities/MediaFrameworkUtilities.uplugin" 427
"../../../Engine/Plugins/Media/MediaIOFramework/MediaIOFramework.uplugin" 428
"../../../Engine/Plugins/Media/MediaMovieStreamer/MediaMovieStreamer.uplugin" 429
"../../../Engine/Plugins/Media/MediaPlate/MediaPlate.uplugin" 430
"../../../Engine/Plugins/Media/MediaPlayerEditor/MediaPlayerEditor.uplugin" 431
"../../../Engine/Plugins/Media/MfMedia/MfMedia.uplugin" 432
"../../../Engine/Plugins/Media/PixelCapture/PixelCapture.uplugin" 433
"../../../Engine/Plugins/Media/PixelStreaming/PixelStreaming.uplugin" 434
"../../../Engine/Plugins/Media/TimecodeSynchronizer/TimecodeSynchronizer.uplugin" 435
"../../../Engine/Plugins/Media/WebMMedia/WebMMedia.uplugin" 436
"../../../Engine/Plugins/MovieScene/ActorSequence/ActorSequence.uplugin" 437
"../../../Engine/Plugins/MovieScene/CustomizableSequencerTracks/CustomizableSequencerTracks.uplugin" 438
"../../../Engine/Plugins/Media/WmfMedia/WmfMedia.uplugin" 439
"../../../Engine/Plugins/MovieScene/LevelSequenceEditor/LevelSequenceEditor.uplugin" 440
"../../../Engine/Plugins/MovieScene/MoviePipelineMaskRenderPass/MoviePipelineMaskRenderPass.uplugin" 441
"../../../Engine/Plugins/MovieScene/MovieRenderPipeline/MovieRenderPipeline.uplugin" 442
"../../../Engine/Plugins/MovieScene/ReplayTracks/ReplayTracks.uplugin" 443
"../../../Engine/Plugins/MovieScene/TemplateSequence/TemplateSequence.uplugin" 444
"../../../Engine/Plugins/Protocols/MQTT/MQTT.uplugin" 445
"../../../Engine/Plugins/MovieScene/SequencerScripting/SequencerScripting.uplugin" 446
"../../../Engine/Plugins/VirtualProduction/DMX/DMXDisplayCluster/DMXDisplayCluster.uplugin" 447
"../../../Engine/Plugins/VirtualProduction/DMX/DMXControlConsole/DMXControlConsole.uplugin" 448
"../../../Engine/Plugins/VirtualProduction/DMX/DMXFixtures/DMXFixtures.uplugin" 449
"../../../Engine/Plugins/VirtualProduction/DMX/DMXEngine/DMXEngine.uplugin" 450
"../../../Engine/Plugins/VirtualProduction/DMX/DMXModularFeatures/DMXModularFeatures.uplugin" 451
"../../../Engine/Plugins/VirtualProduction/DMX/DMXPixelMapping/DMXPixelMapping.uplugin" 452
"../../../Engine/Plugins/VirtualProduction/Rivermax/RivermaxCore/RivermaxCore.uplugin" 453
"../../../Engine/Plugins/VirtualProduction/DMX/DMXProtocol/DMXProtocol.uplugin" 454
"../../../Engine/Plugins/VirtualProduction/Rivermax/RivermaxMedia/RivermaxMedia.uplugin" 455
"../../../Engine/Plugins/VirtualProduction/DMX/DatasmithMVR/DatasmithMVR.uplugin" 456
"../../../Engine/Plugins/Runtime/MeshReconstruction/DummyMeshReconstructor/DummyMeshReconstructor.uplugin" 457
"../../../Engine/Plugins/Runtime/Windows/WinDualShock/WinDualShock.uplugin" 458
"../../../Engine/Plugins/Experimental/AVCodecs/AMFCodecs/AMFCodecs.uplugin" 459
"../../../Engine/Plugins/Experimental/AVCodecs/AVCodecsCore/AVCodecsCore.uplugin" 460
"../../../Engine/Plugins/Experimental/AVCodecs/NVCodecs/NVCodecs.uplugin" 461
"../../../Engine/Plugins/Experimental/AVCodecs/WMFCodecs/WMFCodecs.uplugin" 462
"../../../Engine/Plugins/Runtime/PacketHandlers/AESHandlerComponent/AESHandlerComponent.uplugin" 463
"../../../Engine/Plugins/Runtime/PacketHandlers/AESGCMHandlerComponent/AESGCMHandlerComponent.uplugin" 464
"../../../Engine/Plugins/Runtime/PacketHandlers/DTLSHandlerComponent/DTLSHandlerComponent.uplugin" 465
"../../../Engine/Plugins/Editor/ObjectMixer/LightMixer/LightMixer.uplugin" 466
"../../../Engine/Plugins/Runtime/Advertising/IOSTapJoy/IOSTapJoy.uplugin" 467
"../../../Engine/Plugins/Editor/ObjectMixer/ObjectMixer/ObjectMixer.uplugin" 468
"../../../Engine/Plugins/Runtime/Analytics/Adjust/Adjust.uplugin" 469
"../../../Engine/Plugins/Runtime/Analytics/AnalyticsBlueprintLibrary/AnalyticsBlueprintLibrary.uplugin" 470
"../../../Engine/Plugins/Runtime/Analytics/AnalyticsMulticast/AnalyticsMulticast.uplugin" 471
"../../../Engine/Plugins/Runtime/Analytics/FileLogging/FileLogging.uplugin" 472
"../../../Engine/Plugins/Runtime/XR/XRVisualization/XRVisualization.uplugin" 473
"../../../Engine/Plugins/Runtime/Analytics/Flurry/Flurry.uplugin" 474
"../../../Engine/Plugins/Experimental/CharacterFXEditor/ExampleCharacterFXEditor/ExampleCharacterFXEditor.uplugin" 475
"../../../Engine/Plugins/Experimental/Enterprise/DatasmithInterchange/DatasmithInterchange.uplugin" 476
"../../../Engine/Plugins/Experimental/Enterprise/DatasmithRuntime/DatasmithRuntime.uplugin" 477
"../../../Engine/Plugins/Experimental/Enterprise/DataprepGeometryOperations/DataprepGeometryOperations.uplugin" 478
"../../../Engine/Plugins/Experimental/CharacterFXEditor/BaseCharacterFXEditor/BaseCharacterFXEditor.uplugin" 479
"../../../Engine/Plugins/Experimental/VirtualProduction/VPRoles/VPRoles.uplugin" 480
"../../../Engine/Plugins/Experimental/VirtualProduction/LedWallCalibration/LedWallCalibration.uplugin" 481
"../../../Engine/Plugins/Experimental/VirtualProduction/VPSettings/VPSettings.uplugin" 482
"../../../Engine/Plugins/Online/IOS/OnlineSubsystemIOS/OnlineSubsystemIOS.uplugin" 483
"../../../Engine/Plugins/Animation/MLDeformer/MLDeformerFramework/MLDeformerFramework.uplugin" 484
"../../../Engine/Plugins/Animation/MLDeformer/NearestNeighborModel/NearestNeighborModel.uplugin" 485
"../../../Engine/Plugins/Animation/MLDeformer/NeuralMorphModel/NeuralMorphModel.uplugin" 486
"../../../Engine/Plugins/Animation/MLDeformer/VertexDeltaModel/VertexDeltaModel.uplugin" 487
"../../../Engine/Plugins/Marketplace/Developer/RiderLink/RiderLink.uplugin" 488
"../../../Engine/Plugins/Runtime/Database/ADOSupport/ADOSupport.uplugin" 489
"../../../Engine/Plugins/Developer/Concert/ConcertMain/ConcertMain.uplugin" 490
"../../../Engine/Plugins/Runtime/Database/DatabaseSupport/DatabaseSupport.uplugin" 491
"../../../Engine/Plugins/Runtime/Database/RemoteDatabaseSupport/RemoteDatabaseSupport.uplugin" 492
"../../../Engine/Plugins/Runtime/Database/SQLiteCore/SQLiteCore.uplugin" 493
"../../../Engine/Plugins/Runtime/Database/SQLiteSupport/SQLiteSupport.uplugin" 494
"../../../Engine/Plugins/Runtime/Nvidia/GeForceNOWWrapper/GeForceNOWWrapper.uplugin" 495
"../../../Engine/Plugins/Runtime/Nvidia/Reflex/Reflex.uplugin" 496
"../../../Engine/Plugins/Experimental/Animation/ContextualAnimation/ContextualAnimation.uplugin" 497
"../../../Engine/Plugins/Experimental/Animation/CurveExpression/CurveExpression.uplugin" 498
"../../../Engine/Plugins/Experimental/Animation/MotionTrajectory/MotionTrajectory.uplugin" 499
"../../../Engine/Plugins/Experimental/Animation/Optimus/Optimus.uplugin" 500
"../../../Engine/Plugins/Experimental/Animation/PoseCorrectives/PoseCorrectives.uplugin" 501
"../../../Engine/Plugins/Experimental/Animation/PoseSearch/PoseSearch.uplugin" 502
"../../../Engine/Plugins/Experimental/Web/WebAPI/WebAPI.uplugin" 503
"../../../Engine/Plugins/Online/Android/AndroidFetchBackgroundDownload/AndroidFetchBackgroundDownload.uplugin" 504
"../../../Engine/Plugins/Experimental/Animation/SkeletalMeshModelingTools/SkeletalMeshModelingTools.uplugin" 505
"../../../Engine/Plugins/Online/Android/OnlineSubsystemGooglePlay/OnlineSubsystemGooglePlay.uplugin" 506
"../../../Engine/Plugins/Online/VoiceChat/EOSVoiceChat/EOSVoiceChat.uplugin" 507
"../../../Engine/Plugins/Online/VoiceChat/VoiceChat/VoiceChat.uplugin" 508
"../../../Engine/Plugins/Editor/ContentBrowser/ContentBrowserAliasDataSoure/ContentBrowserAliasDataSource.uplugin" 509
"../../../Engine/Plugins/Editor/ContentBrowser/ContentBrowserAssetDataSource/ContentBrowserAssetDataSource.uplugin" 510
"../../../Engine/Plugins/Editor/ContentBrowser/ContentBrowserFileDataSource/ContentBrowserFileDataSource.uplugin" 511
"../../../Engine/Plugins/Editor/ContentBrowser/ContentBrowserClassDataSource/ContentBrowserClassDataSource.uplugin" 512
"../../../Engine/Plugins/Runtime/AR/ARUtilities/ARUtilities.uplugin" 513
"../../../Engine/Plugins/Runtime/AR/AzureSpatialAnchors/AzureSpatialAnchors.uplugin" 514
"../../../Engine/Plugins/Runtime/AR/AzureSpatialAnchorsForARCore/AzureSpatialAnchorsForARCore.uplugin" 515
"../../../Engine/Plugins/Runtime/AR/AzureSpatialAnchorsForARKit/AzureSpatialAnchorsForARKit.uplugin" 516
"../../../Engine/Plugins/Runtime/Oculus/OculusVR/OculusVR.uplugin" 517
"../../../Engine/Plugins/Runtime/Oculus/OculusAudio/OculusAudio.uplugin" 518
"../../../Engine/Plugins/Runtime/Steam/SteamAudio/SteamAudio.uplugin" 519
"../../../Engine/Plugins/Runtime/Steam/SteamShared/SteamShared.uplugin" 520
"../../../Engine/Plugins/Runtime/Steam/SteamController/SteamController.uplugin" 521
"../../../Engine/Plugins/Runtime/Steam/SteamSockets/SteamSockets.uplugin" 522
"../../../Engine/Plugins/Runtime/Steam/SteamVR/SteamVR.uplugin" 523
"../../../Engine/Plugins/Experimental/AR/PointCloud/PointCloud.uplugin" 524
"../../../Engine/Plugins/Developer/Concert/ConcertUI/ConcertClientSharedSlate/ConcertClientSharedSlate.uplugin" 525
"../../../Engine/Plugins/Developer/Concert/ConcertUI/ConcertSharedSlate/ConcertSharedSlate.uplugin" 526
"../../../Engine/Plugins/Runtime/AR/Google/GoogleARCore/GoogleARCore.uplugin" 527
"../../../Engine/Plugins/Runtime/AR/Google/GoogleARCoreServices/GoogleARCoreServices.uplugin" 528
"../../../Engine/Plugins/Developer/Concert/ConcertApp/MultiUserServer/MultiUserServer.uplugin" 529
"../../../Engine/Plugins/Developer/Concert/ConcertApp/MultiUserClient/MultiUserClient.uplugin" 530
"../../../Engine/Plugins/Developer/Concert/ConcertApp/DisasterRecoveryClient/DisasterRecoveryClient.uplugin" 531
"../../../Engine/Plugins/Developer/Concert/ConcertSync/ConcertSyncClient/ConcertSyncClient.uplugin" 532
"../../../Engine/Plugins/Developer/Concert/ConcertSync/ConcertSyncCore/ConcertSyncCore.uplugin" 533
"../../../Engine/Plugins/Developer/Concert/ConcertSync/ConcertSyncTest/ConcertSyncTest.uplugin" 534
"../../../Engine/Plugins/Developer/Concert/ConcertSync/ConcertSyncServer/ConcertSyncServer.uplugin" 535
"../../../Engine/Plugins/Runtime/AR/AppleAR/AppleARKitFaceSupport/AppleARKitFaceSupport.uplugin" 536
"../../../Engine/Plugins/Runtime/AR/AppleAR/AppleARKit/AppleARKit.uplugin" 537
"../../../Engine/Plugins/Editor/ModelingToolsEditorMode/ModelingToolsEditorMode.uplugin" 538
"../../../Engine/Platforms/HoloLens/Plugins/Runtime/ApexDestruction/ApexDestruction_HoloLens.uplugin" 539
"../../../Engine/Platforms/HoloLens/Plugins/Runtime/OpenXR/OpenXR_HoloLens.uplugin" 540
"../../../Engine/Platforms/HoloLens/Plugins/Compression/OodleNetwork/OodleNetwork_HoloLens.uplugin" 541
"../../../Engine/Platforms/HoloLens/Plugins/Runtime/MicrosoftSpatialAudio/MicroSoftSpatialSound_HoloLens.uplugin" 542
"../../../Engine/Platforms/HoloLens/Plugins/Runtime/GeoReferencing/GeoReferencing_HoloLens.uplugin" 543
"../../../Engine/Platforms/HoloLens/Plugins/Runtime/OpenXRMsftHandInteraction/OpenXRMsftHandInteraction_HoloLens.uplugin" 544
"../../../Engine/Platforms/HoloLens/Plugins/Runtime/OpenXREyeTracker/OpenXREyeTracker_HoloLens.uplugin" 545
"../../../Engine/Platforms/HoloLens/Plugins/Media/HLMedia/HLMedia_HoloLens.uplugin" 546
"../../../Engine/Platforms/HoloLens/Plugins/Media/BinkMedia/BinkMedia_HoloLens.uplugin" 547
"../../../Engine/Platforms/HoloLens/Plugins/Media/MfMedia/MfMedia_HoloLens.uplugin" 548
"../../../Engine/Platforms/HoloLens/Plugins/Runtime/OpenXRHandTracking/OpenXRHandTracking_HoloLens.uplugin" 549
"../../../Engine/Platforms/HoloLens/Plugins/Online/OnlineServicesEOSGS/OnlineServicesEOSGS_HoloLens.uplugin" 550
"../../../Engine/Platforms/HoloLens/Plugins/Runtime/AR/AzureSpatialAnchors/AzureSpatialAnchors_HoloLens.uplugin" 551
"../../../Engine/Platforms/HoloLens/Plugins/Online/OnlineServicesEOS/OnlineServicesEOS_HoloLens.uplugin" 552
"../../../Engine/Content/Internationalization/icudt64l/cnvalias.icu" 553
"../../../Engine/Content/Internationalization/icudt64l/res_index.res" 554
"../../../Engine/Content/Internationalization/icudt64l/plurals.res" 555
"../../../Engine/Content/Internationalization/icudt64l/lang/it.res" 556
"../../../Engine/Content/Internationalization/icudt64l/lang/pool.res" 557
"../../../Engine/Content/Internationalization/icudt64l/lang/root.res" 558
"../../../Engine/Content/Internationalization/icudt64l/region/it.res" 559
"../../../Engine/Content/Internationalization/icudt64l/region/pool.res" 560
"../../../Engine/Content/Internationalization/icudt64l/region/root.res" 561
"../../../Engine/Content/Internationalization/icudt64l/lang/en.res" 562
"../../../Engine/Content/Internationalization/icudt64l/region/en.res" 563
"../../../Engine/Content/Internationalization/icudt64l/windowsZones.res" 564
"../../../Engine/Content/Internationalization/icudt64l/zoneinfo64.res" 565
"../../../Engine/Content/Internationalization/icudt64l/keyTypeData.res" 566
"../../../Engine/Content/Internationalization/icudt64l/timezoneTypes.res" 567
"../../../Engine/Content/Internationalization/icudt64l/likelySubtags.res" 568
"../../../Engine/Content/Internationalization/icudt64l/it_IT.res" 569
"../../../Engine/Content/Internationalization/icudt64l/pool.res" 570
"../../../Engine/Content/Internationalization/icudt64l/it.res" 571
"../../../Engine/Content/Internationalization/icudt64l/root.res" 572
"../../../Engine/Content/Internationalization/icudt64l/supplementalData.res" 573
"../../../Engine/Config/ConfigRedirects.ini" 574
"../../../Engine/Config/Base.ini" 575
"C:/Users/emanu/AppData/Local/UnrealEngine/5.2/Saved/Config/WindowsEditor/Manifest.ini" 576
"../../../Engine/Config/BaseEngine.ini" 577
"../../../Engine/Config/Windows/BaseWindowsEngine.ini" 578
"../../../Engine/Config/IOS/BaseIOSEngine.ini" 579
"../../../Engine/Platforms/HoloLens/Config/BaseHoloLensEngine.ini" 580
"E:/Projects/EcoBots/Config/DefaultEngine.ini" 581
"../../../Engine/Config/Android/BaseAndroidEngine.ini" 582
"../../../Engine/Config/Windows/WindowsEngine.ini" 583
"../../../Engine/Config/HoloLens/HoloLensEngine.ini" 584
"../../../Engine/Config/IOS/IOSEngine.ini" 585
"../../../Engine/Config/Android/AndroidEngine.ini" 586
"E:/Projects/EcoBots/Platforms/HoloLens/Config/HoloLensEngine.ini" 587
"C:/Users/emanu/AppData/Local/Unreal Engine/Engine/Config/UserEngine.ini" 588
"E:/Projects/EcoBots/Saved/Config/WindowsEditor/Engine.ini" 589
"../../../Engine/Config/BaseGame.ini" 590
"../../../Engine/Config/Android/BaseAndroidGame.ini" 591
"E:/Projects/EcoBots/Config/DefaultGame.ini" 592
"../../../Engine/Config/IOS/BaseIOSGame.ini" 593
"../../../Engine/Config/HoloLens/HoloLensGame.ini" 594
"../../../Engine/Config/Windows/WindowsGame.ini" 595
"../../../Engine/Config/IOS/IOSGame.ini" 596
"E:/Projects/EcoBots/Saved/Config/WindowsEditor/Game.ini" 597
"../../../Engine/Config/BaseInput.ini" 598
"E:/Projects/EcoBots/Config/DefaultInput.ini" 599
"../../../Engine/Config/Windows/WindowsInput.ini" 600
"../../../Engine/Config/BaseDeviceProfiles.ini" 601
"E:/Projects/EcoBots/Saved/Config/WindowsEditor/Input.ini" 602
"../../../Engine/Config/BaseGameUserSettings.ini" 603
"../../../Engine/Config/BaseScalability.ini" 604
"E:/Projects/EcoBots/Saved/Config/WindowsEditor/GameUserSettings.ini" 605
"../../../Engine/Config/Android/AndroidScalability.ini" 606
"../../../Engine/Config/IOS/IOSScalability.ini" 607
"../../../Engine/Config/BaseRuntimeOptions.ini" 608
"../../../Engine/Config/BaseInstallBundle.ini" 609
"../../../Engine/Config/Android/BaseAndroidInstallBundle.ini" 610
"../../../Engine/Config/BaseHardware.ini" 611
"../../../Engine/Config/BaseCompat.ini" 612
"../../../Engine/Config/BaseLightmass.ini" 613
"../../../Engine/Config/BaseEditor.ini" 614
"../../../Engine/Config/Mac/BaseMacEngine.ini" 615
"../../../Engine/Config/LinuxArm64/BaseLinuxArm64Engine.ini" 616
"../../../Engine/Config/Mac/MacEngine.ini" 617
"../../../Engine/Config/Unix/UnixEngine.ini" 618
"../../../Engine/Config/LinuxArm64/LinuxArm64Engine.ini" 619
"../../../Engine/Config/Linux/BaseLinuxEngine.ini" 620
"E:/Projects/EcoBots/Config/DefaultEditor.ini" 621
"../../../Engine/Config/Linux/LinuxEngine.ini" 622
"../../../Engine/Config/BaseEditorPerProjectUserSettings.ini" 623
"../../../Engine/Config/Mac/MacGame.ini" 624
"../../../Engine/Config/Windows/WindowsEditorPerProjectUserSettings.ini" 625
"E:/Projects/EcoBots/Saved/Config/WindowsEditor/EditorPerProjectUserSettings.ini" 626
"../../../Engine/Config/Linux/LinuxGame.ini" 627
"../../../Engine/Config/BaseEditorSettings.ini" 628
"C:/Users/emanu/AppData/Local/UnrealEngine/5.2/Saved/Config/WindowsEditor/EditorSettings.ini" 629
"../../../Engine/Config/BaseEditorKeyBindings.ini" 630
"C:/Users/emanu/AppData/Local/UnrealEngine/5.2/Saved/Config/WindowsEditor/EditorKeyBindings.ini" 631
"C:/Users/emanu/AppData/Local/UnrealEngine/5.2/Saved/Config/WindowsEditor/EditorLayout.ini" 632
"../../../Engine/Config/TVOS/TVOSEngine.ini" 633
"E:/Projects/EcoBots/Binaries/Win64/EcoBotsEditor.target" 634
"../../../Engine/Plugins/Bridge/Config/BaseBridge.ini" 635
"../../../Engine/Plugins/EnhancedInput/Config/BaseEnhancedInput.ini" 636
"../../../Engine/Plugins/EnhancedInput/Config/Input.ini" 637
"../../../Engine/Plugins/TraceUtilities/Config/BaseTraceUtilities.ini" 638
"../../../Engine/Plugins/FX/Niagara/Config/BaseNiagara.ini" 639
"../../../Engine/Plugins/Animation/ControlRig/Config/BaseControlRig.ini" 640
"../../../Engine/Plugins/Animation/IKRig/Config/BaseIKRig.ini" 641
"../../../Engine/Plugins/Editor/EditorScriptingUtilities/Config/BaseEditorScriptingUtilities.ini" 642
"../../../Engine/Plugins/Runtime/InputDebugging/Config/Input.ini" 643
"../../../Engine/Plugins/Runtime/Metasound/Config/BaseMetasound.ini" 644
"../../../Engine/Plugins/Runtime/Synthesis/Config/BaseSynthesis.ini" 645
"../../../Engine/Plugins/Experimental/FullBodyIK/Config/BaseFullBodyIK.ini" 646
"../../../Engine/Plugins/2D/Paper2D/Config/BasePaper2D.ini" 647
"../../../Engine/Plugins/Developer/TraceDataFiltering/Config/BaseTraceDataFilters.ini" 648
"../../../Engine/Plugins/Enterprise/DatasmithContent/Config/BaseDatasmithContent.ini" 649
"../../../Engine/Plugins/Enterprise/GLTFExporter/Config/BaseGLTFExporter.ini" 650
"../../../Engine/Plugins/Enterprise/GLTFExporter/Config/DefaultGLTFExporter.ini" 651
"../../../Engine/Plugins/Enterprise/VariantManagerContent/Config/BaseVariantManagerContent.ini" 652
"../../../Engine/Plugins/Interchange/Runtime/Config/BaseInterchange.ini" 653
"../../../Engine/Plugins/Editor/ModelingToolsEditorMode/Binaries/Win64/UnrealEditor.modules" 654
"../../../Engine/Plugins/Runtime/MeshModelingToolset/Binaries/Win64/UnrealEditor.modules" 655
"../../../Engine/Plugins/Experimental/MeshModelingToolsetExp/Binaries/Win64/UnrealEditor.modules" 656
"../../../Engine/Plugins/Experimental/MeshLODToolset/Binaries/Win64/UnrealEditor.modules" 657
"../../../Engine/Plugins/Editor/StylusInput/Binaries/Win64/UnrealEditor.modules" 658
"../../../Engine/Plugins/Experimental/ToolPresets/Binaries/Win64/UnrealEditor.modules" 659
"../../../Engine/Plugins/Runtime/GeometryProcessing/Binaries/Win64/UnrealEditor.modules" 660
"../../../Engine/Plugins/Experimental/ProxyLODPlugin/Binaries/Win64/UnrealEditor.modules" 661
"../../../Engine/Plugins/Experimental/GeometryFlow/Binaries/Win64/UnrealEditor.modules" 662
"../../../Engine/Plugins/Editor/EditorScriptingUtilities/Binaries/Win64/UnrealEditor.modules" 663
"../../../Engine/Plugins/Bridge/Binaries/Win64/UnrealEditor.modules" 664
"../../../Engine/Plugins/EnhancedInput/Binaries/Win64/UnrealEditor.modules" 665
"../../../Engine/Plugins/FastBuildController/Binaries/Win64/UnrealEditor.modules" 666
"../../../Engine/Plugins/MeshPainting/Binaries/Win64/UnrealEditor.modules" 667
"../../../Engine/Plugins/Interchange/Editor/Binaries/Win64/UnrealEditor.modules" 668
"../../../Engine/Plugins/Interchange/Runtime/Binaries/Win64/UnrealEditor.modules" 669
"../../../Engine/Plugins/Editor/GLTFImporter/Binaries/Win64/UnrealEditor.modules" 670
"../../../Engine/Plugins/Enterprise/VariantManagerContent/Binaries/Win64/UnrealEditor.modules" 671
"../../../Engine/Plugins/Enterprise/VariantManager/Binaries/Win64/UnrealEditor.modules" 672
"../../../Engine/Plugins/TraceUtilities/Binaries/Win64/UnrealEditor.modules" 673
"../../../Engine/Plugins/XGEController/Binaries/Win64/UnrealEditor.modules" 674
"../../../Engine/Plugins/AI/AISupport/Binaries/Win64/UnrealEditor.modules" 675
"../../../Engine/Plugins/AI/EnvironmentQueryEditor/Binaries/Win64/UnrealEditor.modules" 676
"../../../Engine/Plugins/Compression/OodleNetwork/Binaries/Win64/UnrealEditor.modules" 677
"../../../Engine/Plugins/FX/Niagara/Binaries/Win64/UnrealEditor.modules" 678
"../../../Engine/Plugins/Experimental/PythonScriptPlugin/Binaries/Win64/UnrealEditor.modules" 679
"../../../Engine/Plugins/Editor/ContentBrowser/ContentBrowserFileDataSource/Binaries/Win64/UnrealEditor.modules" 680
"../../../Engine/Plugins/Animation/AnimationData/Binaries/Win64/UnrealEditor.modules" 681
"../../../Engine/Plugins/Animation/ControlRig/Binaries/Win64/UnrealEditor.modules" 682
"../../../Engine/Plugins/MovieScene/LevelSequenceEditor/Binaries/Win64/UnrealEditor.modules" 683
"../../../Engine/Plugins/Runtime/PropertyAccess/Binaries/Win64/UnrealEditor.modules" 684
"../../../Engine/Plugins/MovieScene/SequencerScripting/Binaries/Win64/UnrealEditor.modules" 685
"../../../Engine/Plugins/Animation/AnimationModifierLibrary/Binaries/Win64/UnrealEditor.modules" 686
"../../../Engine/Plugins/Animation/BlendSpaceMotionAnalysis/Binaries/Win64/UnrealEditor.modules" 687
"../../../Engine/Plugins/Animation/ControlRigSpline/Binaries/Win64/UnrealEditor.modules" 688
"../../../Engine/Plugins/Animation/IKRig/Binaries/Win64/UnrealEditor.modules" 689
"../../../Engine/Plugins/Experimental/FullBodyIK/Binaries/Win64/UnrealEditor.modules" 690
"../../../Engine/Plugins/Editor/AssetManagerEditor/Binaries/Win64/UnrealEditor.modules" 691
"../../../Engine/Plugins/Editor/BlueprintHeaderView/Binaries/Win64/UnrealEditor.modules" 692
"../../../Engine/Plugins/Editor/ChangelistReview/Binaries/Win64/UnrealEditor.modules" 693
"../../../Engine/Plugins/Editor/CryptoKeys/Binaries/Win64/UnrealEditor.modules" 694
"../../../Engine/Plugins/Editor/CurveEditorTools/Binaries/Win64/UnrealEditor.modules" 695
"../../../Engine/Plugins/Editor/DataValidation/Binaries/Win64/UnrealEditor.modules" 696
"../../../Engine/Plugins/Editor/EditorDebugTools/Binaries/Win64/UnrealEditor.modules" 697
"../../../Engine/Plugins/Editor/EngineAssetDefinitions/Binaries/Win64/UnrealEditor.modules" 698
"../../../Engine/Plugins/Editor/FacialAnimation/Binaries/Win64/UnrealEditor.modules" 699
"../../../Engine/Plugins/Editor/GameplayTagsEditor/Binaries/Win64/UnrealEditor.modules" 700
"../../../Engine/Plugins/Editor/GeometryMode/Binaries/Win64/UnrealEditor.modules" 701
"../../../Engine/Plugins/Editor/MaterialAnalyzer/Binaries/Win64/UnrealEditor.modules" 702
"../../../Engine/Plugins/Editor/MobileLauncherProfileWizard/Binaries/Win64/UnrealEditor.modules" 703
"../../../Engine/Plugins/Editor/PluginBrowser/Binaries/Win64/UnrealEditor.modules" 704
"../../../Engine/Plugins/Developer/PluginUtils/Binaries/Win64/UnrealEditor.modules" 705
"../../../Engine/Plugins/Editor/SequencerAnimTools/Binaries/Win64/UnrealEditor.modules" 706
"../../../Engine/Plugins/Editor/SpeedTreeImporter/Binaries/Win64/UnrealEditor.modules" 707
"../../../Engine/Plugins/Editor/WorldPartitionHLODUtilities/Binaries/Win64/UnrealEditor.modules" 708
"../../../Engine/Plugins/Importers/AlembicImporter/Binaries/Win64/UnrealEditor.modules" 709
"../../../Engine/Plugins/Runtime/GeometryCache/Binaries/Win64/UnrealEditor.modules" 710
"../../../Engine/Plugins/Runtime/ActorLayerUtilities/Binaries/Win64/UnrealEditor.modules" 711
"../../../Engine/Plugins/Runtime/AndroidDeviceProfileSelector/Binaries/Win64/UnrealEditor.modules" 712
"../../../Engine/Plugins/Runtime/AndroidFileServer/Binaries/Win64/UnrealEditor.modules" 713
"../../../Engine/Plugins/Runtime/AndroidPermission/Binaries/Win64/UnrealEditor.modules" 714
"../../../Engine/Plugins/Runtime/AppleImageUtils/Binaries/Win64/UnrealEditor.modules" 715
"../../../Engine/Plugins/Runtime/AssetTags/Binaries/Win64/UnrealEditor.modules" 716
"../../../Engine/Plugins/Runtime/ArchVisCharacter/Binaries/Win64/UnrealEditor.modules" 717
"../../../Engine/Plugins/Runtime/AudioCapture/Binaries/Win64/UnrealEditor.modules" 718
"../../../Engine/Plugins/Runtime/CableComponent/Binaries/Win64/UnrealEditor.modules" 719
"../../../Engine/Plugins/Runtime/ChunkDownloader/Binaries/Win64/UnrealEditor.modules" 720
"../../../Engine/Plugins/Runtime/CustomMeshComponent/Binaries/Win64/UnrealEditor.modules" 721
"../../../Engine/Plugins/Runtime/ExampleDeviceProfileSelector/Binaries/Win64/UnrealEditor.modules" 722
"../../../Engine/Plugins/Runtime/GooglePAD/Binaries/Win64/UnrealEditor.modules" 723
"../../../Engine/Plugins/Runtime/InputDebugging/Binaries/Win64/UnrealEditor.modules" 724
"../../../Engine/Plugins/Runtime/LocationServicesBPLibrary/Binaries/Win64/UnrealEditor.modules" 725
"../../../Engine/Plugins/Runtime/Metasound/Binaries/Win64/UnrealEditor.modules" 726
"../../../Engine/Plugins/Runtime/AudioWidgets/Binaries/Win64/UnrealEditor.modules" 727
"../../../Engine/Plugins/Runtime/AudioSynesthesia/Binaries/Win64/UnrealEditor.modules" 728
"../../../Engine/Plugins/Runtime/WaveTable/Binaries/Win64/UnrealEditor.modules" 729
"../../../Engine/Plugins/Runtime/MobilePatchingUtils/Binaries/Win64/UnrealEditor.modules" 730
"../../../Engine/Plugins/Runtime/ResonanceAudio/Binaries/Win64/UnrealEditor.modules" 731
"../../../Engine/Plugins/Runtime/ProceduralMeshComponent/Binaries/Win64/UnrealEditor.modules" 732
"../../../Engine/Plugins/Runtime/SoundFields/Binaries/Win64/UnrealEditor.modules" 733
"../../../Engine/Plugins/Runtime/Synthesis/Binaries/Win64/UnrealEditor.modules" 734
"../../../Engine/Plugins/Runtime/WebMMoviePlayer/Binaries/Win64/UnrealEditor.modules" 735
"../../../Engine/Plugins/Media/WebMMedia/Binaries/Win64/UnrealEditor.modules" 736
"../../../Engine/Plugins/Runtime/WindowsDeviceProfileSelector/Binaries/Win64/UnrealEditor.modules" 737
"../../../Engine/Plugins/Runtime/WindowsMoviePlayer/Binaries/Win64/UnrealEditor.modules" 738
"../../../Engine/Plugins/Messaging/UdpMessaging/Binaries/Win64/UnrealEditor.modules" 739
"../../../Engine/Plugins/Messaging/TcpMessaging/Binaries/Win64/UnrealEditor.modules" 740
"../../../Engine/Plugins/Portal/LauncherChunkInstaller/Binaries/Win64/UnrealEditor.modules" 741
"../../../Engine/Plugins/Cameras/CameraShakePreviewer/Binaries/Win64/UnrealEditor.modules" 742
"../../../Engine/Plugins/Cameras/GameplayCameras/Binaries/Win64/UnrealEditor.modules" 743
"../../../Engine/Plugins/MovieScene/TemplateSequence/Binaries/Win64/UnrealEditor.modules" 744
"../../../Engine/Plugins/Experimental/AutomationUtils/Binaries/Win64/UnrealEditor.modules" 745
"../../../Engine/Plugins/Experimental/BackChannel/Binaries/Win64/UnrealEditor.modules" 746
"../../../Engine/Plugins/Experimental/ChaosCloth/Binaries/Win64/UnrealEditor.modules" 747
"../../../Engine/Plugins/Experimental/ChaosCaching/Binaries/Win64/UnrealEditor.modules" 748
"../../../Engine/Plugins/VirtualProduction/Takes/Binaries/Win64/UnrealEditor.modules" 749
"../../../Engine/Plugins/Experimental/ChaosClothEditor/Binaries/Win64/UnrealEditor.modules" 750
"../../../Engine/Plugins/Experimental/ChaosEditor/Binaries/Win64/UnrealEditor.modules" 751
"../../../Engine/Plugins/Experimental/PlanarCutPlugin/Binaries/Win64/UnrealEditor.modules" 752
"../../../Engine/Plugins/Experimental/GeometryCollectionPlugin/Binaries/Win64/UnrealEditor.modules" 753
"../../../Engine/Plugins/Experimental/Fracture/Binaries/Win64/UnrealEditor.modules" 754
"../../../Engine/Plugins/Experimental/ChaosSolverPlugin/Binaries/Win64/UnrealEditor.modules" 755
"../../../Engine/Plugins/Experimental/Dataflow/Binaries/Win64/UnrealEditor.modules" 756
"../../../Engine/Plugins/Experimental/ChaosNiagara/Binaries/Win64/UnrealEditor.modules" 757
"../../../Engine/Plugins/Experimental/ChaosUserDataPT/Binaries/Win64/UnrealEditor.modules" 758
"../../../Engine/Plugins/Experimental/CharacterAI/Binaries/Win64/UnrealEditor.modules" 759
"../../../Engine/Plugins/Experimental/OpenImageDenoise/Binaries/Win64/UnrealEditor.modules" 760
"../../../Engine/Plugins/Experimental/PlatformCrypto/Binaries/Win64/UnrealEditor.modules" 761
"../../../Engine/Plugins/Experimental/SkeletalReduction/Binaries/Win64/UnrealEditor.modules" 762
"../../../Engine/Plugins/Experimental/UVEditor/Binaries/Win64/UnrealEditor.modules" 763
"../../../Engine/Plugins/Online/OnlineBase/Binaries/Win64/UnrealEditor.modules" 764
"../../../Engine/Plugins/Online/OnlineSubsystem/Binaries/Win64/UnrealEditor.modules" 765
"../../../Engine/Plugins/Online/OnlineSubsystemNull/Binaries/Win64/UnrealEditor.modules" 766
"../../../Engine/Plugins/Online/OnlineSubsystemUtils/Binaries/Win64/UnrealEditor.modules" 767
"../../../Engine/Plugins/Online/OnlineServices/Binaries/Win64/UnrealEditor.modules" 768
"../../../Engine/Plugins/Tests/InterchangeTests/Binaries/Win64/UnrealEditor.modules" 769
"../../../Engine/Plugins/2D/Paper2D/Binaries/Win64/UnrealEditor.modules" 770
"../../../Engine/Plugins/Developer/AnimationSharing/Binaries/Win64/UnrealEditor.modules" 771
"../../../Engine/Plugins/Runtime/SignificanceManager/Binaries/Win64/UnrealEditor.modules" 772
"../../../Engine/Plugins/Developer/CLionSourceCodeAccess/Binaries/Win64/UnrealEditor.modules" 773
"../../../Engine/Plugins/Developer/DumpGPUServices/Binaries/Win64/UnrealEditor.modules" 774
"../../../Engine/Plugins/Developer/GitSourceControl/Binaries/Win64/UnrealEditor.modules" 775
"../../../Engine/Plugins/Developer/PixWinPlugin/Binaries/Win64/UnrealEditor.modules" 776
"../../../Engine/Plugins/Developer/PropertyAccessNode/Binaries/Win64/UnrealEditor.modules" 777
"../../../Engine/Plugins/Developer/PerforceSourceControl/Binaries/Win64/UnrealEditor.modules" 778
"../../../Engine/Plugins/Developer/RenderDocPlugin/Binaries/Win64/UnrealEditor.modules" 779
"../../../Engine/Plugins/Developer/RiderSourceCodeAccess/Binaries/Win64/UnrealEditor.modules" 780
"../../../Engine/Plugins/Developer/SubversionSourceControl/Binaries/Win64/UnrealEditor.modules" 781
"../../../Engine/Plugins/Developer/TextureFormatOodle/Binaries/Win64/UnrealEditor.modules" 782
"../../../Engine/Plugins/Developer/PlasticSourceControl/Binaries/Win64/UnrealEditor.modules" 783
"../../../Engine/Plugins/Developer/UObjectPlugin/Binaries/Win64/UnrealEditor.modules" 784
"../../../Engine/Plugins/Developer/VisualStudioSourceCodeAccess/Binaries/Win64/UnrealEditor.modules" 785
"../../../Engine/Plugins/Developer/TraceDataFiltering/Binaries/Win64/UnrealEditor.modules" 786
"../../../Engine/Plugins/Enterprise/DatasmithContent/Binaries/Win64/UnrealEditor.modules" 787
"../../../Engine/Plugins/Enterprise/GLTFExporter/Binaries/Win64/UnrealEditor.modules" 788
"../../../Engine/Plugins/Developer/VisualStudioCodeSourceCodeAccess/Binaries/Win64/UnrealEditor.modules" 789
"../../../Engine/Plugins/Media/AndroidMedia/Binaries/Win64/UnrealEditor.modules" 790
"../../../Engine/Plugins/Media/AvfMedia/Binaries/Win64/UnrealEditor.modules" 791
"../../../Engine/Plugins/Media/ImgMedia/Binaries/Win64/UnrealEditor.modules" 792
"../../../Engine/Plugins/Media/MediaPlayerEditor/Binaries/Win64/UnrealEditor.modules" 793
"../../../Engine/Plugins/Media/MediaCompositing/Binaries/Win64/UnrealEditor.modules" 794
"../../../Engine/Plugins/Media/MediaPlate/Binaries/Win64/UnrealEditor.modules" 795
"../../../Engine/Plugins/MovieScene/ActorSequence/Binaries/Win64/UnrealEditor.modules" 796
"../../../Engine/Plugins/Media/WmfMedia/Binaries/Win64/UnrealEditor.modules" 797
"../../../Engine/Plugins/Editor/ObjectMixer/LightMixer/Binaries/Win64/UnrealEditor.modules" 798
"../../../Engine/Plugins/Editor/ObjectMixer/ObjectMixer/Binaries/Win64/UnrealEditor.modules" 799
"../../../Engine/Plugins/Marketplace/Developer/RiderLink/Binaries/Win64/UnrealEditor.modules" 800
"../../../Engine/Plugins/Editor/ContentBrowser/ContentBrowserAssetDataSource/Binaries/Win64/UnrealEditor.modules" 801
"../../../Engine/Plugins/Editor/ContentBrowser/ContentBrowserClassDataSource/Binaries/Win64/UnrealEditor.modules" 802
"C:/Users/emanu/AppData/Local/UnrealEngine/5.2/Saved/Config/WindowsEditor/SourceControlSettings.ini" 803
"../../../Engine/Content/Certificates/ThirdParty/cacert.pem" 804
"../../../Engine/Config/ConsoleVariables.ini" 805
"../../../Engine/Binaries/Win64/Android/UnrealEditor.modules" 806
"../../../Engine/Binaries/Win64/IOS/UnrealEditor.modules" 807
"../../../Engine/Binaries/Win64/Linux/UnrealEditor.modules" 808
"../../../Engine/Binaries/Win64/LinuxArm64/UnrealEditor.modules" 809
"../../../Engine/Plugins/Online/OnlineSubsystem/Content/Localization/OnlineSubsystem/it/OnlineSubsystem.locres" 810
"../../../Engine/Plugins/Online/OnlineSubsystemUtils/Content/Localization/OnlineSubsystemUtils/it/OnlineSubsystemUtils.locres" 811
"../../../Engine/Plugins/Online/IOS/OnlineSubsystemIOS/Content/Localization/OnlineSubsystemIOS/it/OnlineSubsystemIOS.locres" 812
"../../../Engine/Plugins/Online/Android/OnlineSubsystemGooglePlay/Content/Localization/OnlineSubsystemGooglePlay/it/OnlineSubsystemGooglePlay.locres" 813
"../../../Engine/Content/Internationalization/icudt64l/numberingSystems.res" 814
"../../../Engine/Content/Internationalization/icudt64l/curr/supplementalData.res" 815
"../../../Engine/Content/Internationalization/icudt64l/curr/it.res" 816
"../../../Engine/Content/Internationalization/icudt64l/curr/pool.res" 817
"../../../Engine/Content/Internationalization/icudt64l/curr/root.res" 818
"../../../Engine/Content/Internationalization/icudt64l/lang/af.res" 819
"../../../Engine/Content/Internationalization/icudt64l/region/af.res" 820
"../../../Engine/Content/Internationalization/icudt64l/lang/agq.res" 821
"../../../Engine/Content/Internationalization/icudt64l/region/agq.res" 822
"../../../Engine/Content/Internationalization/icudt64l/lang/ak.res" 823
"../../../Engine/Content/Internationalization/icudt64l/region/ak.res" 824
"../../../Engine/Content/Internationalization/icudt64l/lang/am.res" 825
"../../../Engine/Content/Internationalization/icudt64l/region/am.res" 826
"../../../Engine/Content/Internationalization/icudt64l/lang/ar.res" 827
"../../../Engine/Content/Internationalization/icudt64l/region/ar.res" 828
"../../../Engine/Content/Internationalization/icudt64l/region/ar_AE.res" 829
"../../../Engine/Content/Internationalization/icudt64l/lang/ar_EG.res" 830
"../../../Engine/Content/Internationalization/icudt64l/lang/ar_LY.res" 831
"../../../Engine/Content/Internationalization/icudt64l/region/ar_LY.res" 832
"../../../Engine/Content/Internationalization/icudt64l/lang/ar_SA.res" 833
"../../../Engine/Content/Internationalization/icudt64l/region/ar_SA.res" 834
"../../../Engine/Content/Internationalization/icudt64l/lang/as.res" 835
"../../../Engine/Content/Internationalization/icudt64l/region/as.res" 836
"../../../Engine/Content/Internationalization/icudt64l/lang/asa.res" 837
"../../../Engine/Content/Internationalization/icudt64l/region/asa.res" 838
"../../../Engine/Content/Internationalization/icudt64l/lang/ast.res" 839
"../../../Engine/Content/Internationalization/icudt64l/region/ast.res" 840
"../../../Engine/Content/Internationalization/icudt64l/lang/az.res" 841
"../../../Engine/Content/Internationalization/icudt64l/lang/az_Cyrl.res" 842
"../../../Engine/Content/Internationalization/icudt64l/lang/az_AZ.res" 843
"../../../Engine/Content/Internationalization/icudt64l/lang/az_Latn_AZ.res" 844
"../../../Engine/Content/Internationalization/icudt64l/lang/az_Latn.res" 845
"../../../Engine/Content/Internationalization/icudt64l/region/az_AZ.res" 846
"../../../Engine/Content/Internationalization/icudt64l/region/az_Latn_AZ.res" 847
"../../../Engine/Content/Internationalization/icudt64l/region/az_Latn.res" 848
"../../../Engine/Content/Internationalization/icudt64l/region/az.res" 849
"../../../Engine/Content/Internationalization/icudt64l/region/az_Cyrl.res" 850
"../../../Engine/Content/Internationalization/icudt64l/lang/bas.res" 851
"../../../Engine/Content/Internationalization/icudt64l/region/bas.res" 852
"../../../Engine/Content/Internationalization/icudt64l/lang/be.res" 853
"../../../Engine/Content/Internationalization/icudt64l/region/be.res" 854
"../../../Engine/Content/Internationalization/icudt64l/lang/bem.res" 855
"../../../Engine/Content/Internationalization/icudt64l/region/bem.res" 856
"../../../Engine/Content/Internationalization/icudt64l/lang/bez.res" 857
"../../../Engine/Content/Internationalization/icudt64l/region/bez.res" 858
"../../../Engine/Content/Internationalization/icudt64l/lang/bg.res" 859
"../../../Engine/Content/Internationalization/icudt64l/region/bg.res" 860
"../../../Engine/Content/Internationalization/icudt64l/lang/bm.res" 861
"../../../Engine/Content/Internationalization/icudt64l/region/bm.res" 862
"../../../Engine/Content/Internationalization/icudt64l/lang/bn.res" 863
"../../../Engine/Content/Internationalization/icudt64l/region/bn.res" 864
"../../../Engine/Content/Internationalization/icudt64l/lang/bn_IN.res" 865
"../../../Engine/Content/Internationalization/icudt64l/region/bn_IN.res" 866
"../../../Engine/Content/Internationalization/icudt64l/lang/bo.res" 867
"../../../Engine/Content/Internationalization/icudt64l/region/bo.res" 868
"../../../Engine/Content/Internationalization/icudt64l/region/bo_IN.res" 869
"../../../Engine/Content/Internationalization/icudt64l/lang/br.res" 870
"../../../Engine/Content/Internationalization/icudt64l/region/br.res" 871
"../../../Engine/Content/Internationalization/icudt64l/lang/brx.res" 872
"../../../Engine/Content/Internationalization/icudt64l/region/brx.res" 873
"../../../Engine/Content/Internationalization/icudt64l/lang/bs.res" 874
"../../../Engine/Content/Internationalization/icudt64l/lang/bs_Cyrl.res" 875
"../../../Engine/Content/Internationalization/icudt64l/lang/bs_BA.res" 876
"../../../Engine/Content/Internationalization/icudt64l/lang/bs_Latn_BA.res" 877
"../../../Engine/Content/Internationalization/icudt64l/lang/bs_Latn.res" 878
"../../../Engine/Content/Internationalization/icudt64l/region/bs_BA.res" 879
"../../../Engine/Content/Internationalization/icudt64l/region/bs_Latn_BA.res" 880
"../../../Engine/Content/Internationalization/icudt64l/region/bs_Latn.res" 881
"../../../Engine/Content/Internationalization/icudt64l/region/bs.res" 882
"../../../Engine/Content/Internationalization/icudt64l/region/bs_Cyrl.res" 883
"../../../Engine/Content/Internationalization/icudt64l/lang/ca.res" 884
"../../../Engine/Content/Internationalization/icudt64l/region/ca.res" 885
"../../../Engine/Content/Internationalization/icudt64l/lang/ccp.res" 886
"../../../Engine/Content/Internationalization/icudt64l/region/ccp.res" 887
"../../../Engine/Content/Internationalization/icudt64l/lang/ce.res" 888
"../../../Engine/Content/Internationalization/icudt64l/region/ce.res" 889
"../../../Engine/Content/Internationalization/icudt64l/lang/ceb.res" 890
"../../../Engine/Content/Internationalization/icudt64l/region/ceb.res" 891
"../../../Engine/Content/Internationalization/icudt64l/lang/cgg.res" 892
"../../../Engine/Content/Internationalization/icudt64l/region/cgg.res" 893
"../../../Engine/Content/Internationalization/icudt64l/lang/chr.res" 894
"../../../Engine/Content/Internationalization/icudt64l/region/chr.res" 895
"../../../Engine/Content/Internationalization/icudt64l/lang/ckb.res" 896
"../../../Engine/Content/Internationalization/icudt64l/region/ckb.res" 897
"../../../Engine/Content/Internationalization/icudt64l/lang/cs.res" 898
"../../../Engine/Content/Internationalization/icudt64l/region/cs.res" 899
"../../../Engine/Content/Internationalization/icudt64l/lang/cy.res" 900
"../../../Engine/Content/Internationalization/icudt64l/region/cy.res" 901
"../../../Engine/Content/Internationalization/icudt64l/lang/da.res" 902
"../../../Engine/Content/Internationalization/icudt64l/region/da.res" 903
"../../../Engine/Content/Internationalization/icudt64l/lang/dav.res" 904
"../../../Engine/Content/Internationalization/icudt64l/region/dav.res" 905
"../../../Engine/Content/Internationalization/icudt64l/lang/de.res" 906
"../../../Engine/Content/Internationalization/icudt64l/lang/de_AT.res" 907
"../../../Engine/Content/Internationalization/icudt64l/region/de_AT.res" 908
"../../../Engine/Content/Internationalization/icudt64l/region/de.res" 909
"../../../Engine/Content/Internationalization/icudt64l/lang/de_CH.res" 910
"../../../Engine/Content/Internationalization/icudt64l/region/de_CH.res" 911
"../../../Engine/Content/Internationalization/icudt64l/lang/de_LU.res" 912
"../../../Engine/Content/Internationalization/icudt64l/lang/dje.res" 913
"../../../Engine/Content/Internationalization/icudt64l/region/dje.res" 914
"../../../Engine/Content/Internationalization/icudt64l/lang/dsb.res" 915
"../../../Engine/Content/Internationalization/icudt64l/region/dsb.res" 916
"../../../Engine/Content/Internationalization/icudt64l/lang/dua.res" 917
"../../../Engine/Content/Internationalization/icudt64l/region/dua.res" 918
"../../../Engine/Content/Internationalization/icudt64l/lang/dyo.res" 919
"../../../Engine/Content/Internationalization/icudt64l/region/dyo.res" 920
"../../../Engine/Content/Internationalization/icudt64l/lang/dz.res" 921
"../../../Engine/Content/Internationalization/icudt64l/region/dz.res" 922
"../../../Engine/Content/Internationalization/icudt64l/lang/ebu.res" 923
"../../../Engine/Content/Internationalization/icudt64l/region/ebu.res" 924
"../../../Engine/Content/Internationalization/icudt64l/lang/ee.res" 925
"../../../Engine/Content/Internationalization/icudt64l/region/ee.res" 926
"../../../Engine/Content/Internationalization/icudt64l/lang/el.res" 927
"../../../Engine/Content/Internationalization/icudt64l/region/el.res" 928
"../../../Engine/Content/Internationalization/icudt64l/lang/en_001.res" 929
"../../../Engine/Content/Internationalization/icudt64l/lang/en_150.res" 930
"../../../Engine/Content/Internationalization/icudt64l/region/en_150.res" 931
"../../../Engine/Content/Internationalization/icudt64l/lang/en_AG.res" 932
"../../../Engine/Content/Internationalization/icudt64l/region/en_AG.res" 933
"../../../Engine/Content/Internationalization/icudt64l/lang/en_AI.res" 934
"../../../Engine/Content/Internationalization/icudt64l/region/en_AI.res" 935
"../../../Engine/Content/Internationalization/icudt64l/lang/en_AT.res" 936
"../../../Engine/Content/Internationalization/icudt64l/region/en_AT.res" 937
"../../../Engine/Content/Internationalization/icudt64l/lang/en_AU.res" 938
"../../../Engine/Content/Internationalization/icudt64l/region/en_AU.res" 939
"../../../Engine/Content/Internationalization/icudt64l/lang/en_BB.res" 940
"../../../Engine/Content/Internationalization/icudt64l/region/en_BB.res" 941
"../../../Engine/Content/Internationalization/icudt64l/lang/en_BE.res" 942
"../../../Engine/Content/Internationalization/icudt64l/region/en_BE.res" 943
"../../../Engine/Content/Internationalization/icudt64l/lang/en_BM.res" 944
"../../../Engine/Content/Internationalization/icudt64l/region/en_BM.res" 945
"../../../Engine/Content/Internationalization/icudt64l/lang/en_BS.res" 946
"../../../Engine/Content/Internationalization/icudt64l/region/en_BS.res" 947
"../../../Engine/Content/Internationalization/icudt64l/lang/en_BW.res" 948
"../../../Engine/Content/Internationalization/icudt64l/region/en_BW.res" 949
"../../../Engine/Content/Internationalization/icudt64l/lang/en_BZ.res" 950
"../../../Engine/Content/Internationalization/icudt64l/region/en_BZ.res" 951
"../../../Engine/Content/Internationalization/icudt64l/lang/en_CA.res" 952
"../../../Engine/Content/Internationalization/icudt64l/region/en_CA.res" 953
"../../../Engine/Content/Internationalization/icudt64l/lang/en_CC.res" 954
"../../../Engine/Content/Internationalization/icudt64l/region/en_CC.res" 955
"../../../Engine/Content/Internationalization/icudt64l/lang/en_CH.res" 956
"../../../Engine/Content/Internationalization/icudt64l/region/en_CH.res" 957
"../../../Engine/Content/Internationalization/icudt64l/lang/en_CK.res" 958
"../../../Engine/Content/Internationalization/icudt64l/region/en_CK.res" 959
"../../../Engine/Content/Internationalization/icudt64l/lang/en_CM.res" 960
"../../../Engine/Content/Internationalization/icudt64l/region/en_CM.res" 961
"../../../Engine/Content/Internationalization/icudt64l/lang/en_CX.res" 962
"../../../Engine/Content/Internationalization/icudt64l/region/en_CX.res" 963
"../../../Engine/Content/Internationalization/icudt64l/lang/en_CY.res" 964
"../../../Engine/Content/Internationalization/icudt64l/region/en_CY.res" 965
"../../../Engine/Content/Internationalization/icudt64l/lang/en_DE.res" 966
"../../../Engine/Content/Internationalization/icudt64l/region/en_DE.res" 967
"../../../Engine/Content/Internationalization/icudt64l/lang/en_DG.res" 968
"../../../Engine/Content/Internationalization/icudt64l/region/en_DG.res" 969
"../../../Engine/Content/Internationalization/icudt64l/lang/en_DK.res" 970
"../../../Engine/Content/Internationalization/icudt64l/region/en_DK.res" 971
"../../../Engine/Content/Internationalization/icudt64l/lang/en_DM.res" 972
"../../../Engine/Content/Internationalization/icudt64l/region/en_DM.res" 973
"../../../Engine/Content/Internationalization/icudt64l/lang/en_ER.res" 974
"../../../Engine/Content/Internationalization/icudt64l/region/en_ER.res" 975
"../../../Engine/Content/Internationalization/icudt64l/lang/en_FI.res" 976
"../../../Engine/Content/Internationalization/icudt64l/region/en_FI.res" 977
"../../../Engine/Content/Internationalization/icudt64l/lang/en_FJ.res" 978
"../../../Engine/Content/Internationalization/icudt64l/region/en_FJ.res" 979
"../../../Engine/Content/Internationalization/icudt64l/lang/en_FK.res" 980
"../../../Engine/Content/Internationalization/icudt64l/region/en_FK.res" 981
"../../../Engine/Content/Internationalization/icudt64l/lang/en_FM.res" 982
"../../../Engine/Content/Internationalization/icudt64l/region/en_FM.res" 983
"../../../Engine/Content/Internationalization/icudt64l/lang/en_GB.res" 984
"../../../Engine/Content/Internationalization/icudt64l/region/en_GB.res" 985
"../../../Engine/Content/Internationalization/icudt64l/lang/en_GD.res" 986
"../../../Engine/Content/Internationalization/icudt64l/region/en_GD.res" 987
"../../../Engine/Content/Internationalization/icudt64l/lang/en_GG.res" 988
"../../../Engine/Content/Internationalization/icudt64l/region/en_GG.res" 989
"../../../Engine/Content/Internationalization/icudt64l/lang/en_GH.res" 990
"../../../Engine/Content/Internationalization/icudt64l/region/en_GH.res" 991
"../../../Engine/Content/Internationalization/icudt64l/lang/en_GI.res" 992
"../../../Engine/Content/Internationalization/icudt64l/region/en_GI.res" 993
"../../../Engine/Content/Internationalization/icudt64l/lang/en_GM.res" 994
"../../../Engine/Content/Internationalization/icudt64l/region/en_GM.res" 995
"../../../Engine/Content/Internationalization/icudt64l/lang/en_GY.res" 996
"../../../Engine/Content/Internationalization/icudt64l/region/en_GY.res" 997
"../../../Engine/Content/Internationalization/icudt64l/lang/en_HK.res" 998
"../../../Engine/Content/Internationalization/icudt64l/region/en_HK.res" 999
"../../../Engine/Content/Internationalization/icudt64l/lang/en_IE.res" 1000
"../../../Engine/Content/Internationalization/icudt64l/region/en_IE.res" 1001
"../../../Engine/Content/Internationalization/icudt64l/lang/en_IL.res" 1002
"../../../Engine/Content/Internationalization/icudt64l/region/en_IL.res" 1003
"../../../Engine/Content/Internationalization/icudt64l/lang/en_IM.res" 1004
"../../../Engine/Content/Internationalization/icudt64l/region/en_IM.res" 1005
"../../../Engine/Content/Internationalization/icudt64l/lang/en_IN.res" 1006
"../../../Engine/Content/Internationalization/icudt64l/region/en_IN.res" 1007
"../../../Engine/Content/Internationalization/icudt64l/lang/en_IO.res" 1008
"../../../Engine/Content/Internationalization/icudt64l/region/en_IO.res" 1009
"../../../Engine/Content/Internationalization/icudt64l/lang/en_JE.res" 1010
"../../../Engine/Content/Internationalization/icudt64l/region/en_JE.res" 1011
"../../../Engine/Content/Internationalization/icudt64l/lang/en_JM.res" 1012
"../../../Engine/Content/Internationalization/icudt64l/region/en_JM.res" 1013
"../../../Engine/Content/Internationalization/icudt64l/lang/en_KE.res" 1014
"../../../Engine/Content/Internationalization/icudt64l/region/en_KE.res" 1015
"../../../Engine/Content/Internationalization/icudt64l/lang/en_KI.res" 1016
"../../../Engine/Content/Internationalization/icudt64l/region/en_KI.res" 1017
"../../../Engine/Content/Internationalization/icudt64l/lang/en_KN.res" 1018
"../../../Engine/Content/Internationalization/icudt64l/region/en_KN.res" 1019
"../../../Engine/Content/Internationalization/icudt64l/lang/en_KY.res" 1020
"../../../Engine/Content/Internationalization/icudt64l/region/en_KY.res" 1021
"../../../Engine/Content/Internationalization/icudt64l/lang/en_LC.res" 1022
"../../../Engine/Content/Internationalization/icudt64l/region/en_LC.res" 1023
"../../../Engine/Content/Internationalization/icudt64l/lang/en_LR.res" 1024
"../../../Engine/Content/Internationalization/icudt64l/region/en_LR.res" 1025
"../../../Engine/Content/Internationalization/icudt64l/lang/en_LS.res" 1026
"../../../Engine/Content/Internationalization/icudt64l/region/en_LS.res" 1027
"../../../Engine/Content/Internationalization/icudt64l/lang/en_MG.res" 1028
"../../../Engine/Content/Internationalization/icudt64l/region/en_MG.res" 1029
"../../../Engine/Content/Internationalization/icudt64l/lang/en_MO.res" 1030
"../../../Engine/Content/Internationalization/icudt64l/region/en_MO.res" 1031
"../../../Engine/Content/Internationalization/icudt64l/lang/en_MS.res" 1032
"../../../Engine/Content/Internationalization/icudt64l/region/en_MS.res" 1033
"../../../Engine/Content/Internationalization/icudt64l/lang/en_MT.res" 1034
"../../../Engine/Content/Internationalization/icudt64l/region/en_MT.res" 1035
"../../../Engine/Content/Internationalization/icudt64l/lang/en_MU.res" 1036
"../../../Engine/Content/Internationalization/icudt64l/region/en_MU.res" 1037
"../../../Engine/Content/Internationalization/icudt64l/lang/en_MW.res" 1038
"../../../Engine/Content/Internationalization/icudt64l/region/en_MW.res" 1039
"../../../Engine/Content/Internationalization/icudt64l/lang/en_MY.res" 1040
"../../../Engine/Content/Internationalization/icudt64l/region/en_MY.res" 1041
"../../../Engine/Content/Internationalization/icudt64l/lang/en_NA.res" 1042
"../../../Engine/Content/Internationalization/icudt64l/region/en_NA.res" 1043
"../../../Engine/Content/Internationalization/icudt64l/lang/en_NF.res" 1044
"../../../Engine/Content/Internationalization/icudt64l/region/en_NF.res" 1045
"../../../Engine/Content/Internationalization/icudt64l/lang/en_NG.res" 1046
"../../../Engine/Content/Internationalization/icudt64l/region/en_NG.res" 1047
"../../../Engine/Content/Internationalization/icudt64l/lang/en_NL.res" 1048
"../../../Engine/Content/Internationalization/icudt64l/region/en_NL.res" 1049
"../../../Engine/Content/Internationalization/icudt64l/lang/en_NR.res" 1050
"../../../Engine/Content/Internationalization/icudt64l/region/en_NR.res" 1051
"../../../Engine/Content/Internationalization/icudt64l/lang/en_NU.res" 1052
"../../../Engine/Content/Internationalization/icudt64l/region/en_NU.res" 1053
"../../../Engine/Content/Internationalization/icudt64l/lang/en_NZ.res" 1054
"../../../Engine/Content/Internationalization/icudt64l/region/en_NZ.res" 1055
"../../../Engine/Content/Internationalization/icudt64l/lang/en_PG.res" 1056
"../../../Engine/Content/Internationalization/icudt64l/region/en_PG.res" 1057
"../../../Engine/Content/Internationalization/icudt64l/lang/en_PH.res" 1058
"../../../Engine/Content/Internationalization/icudt64l/region/en_PH.res" 1059
"../../../Engine/Content/Internationalization/icudt64l/lang/en_PK.res" 1060
"../../../Engine/Content/Internationalization/icudt64l/region/en_PK.res" 1061
"../../../Engine/Content/Internationalization/icudt64l/lang/en_PN.res" 1062
"../../../Engine/Content/Internationalization/icudt64l/region/en_PN.res" 1063
"../../../Engine/Content/Internationalization/icudt64l/lang/en_PW.res" 1064
"../../../Engine/Content/Internationalization/icudt64l/region/en_PW.res" 1065
"../../../Engine/Content/Internationalization/icudt64l/lang/en_RW.res" 1066
"../../../Engine/Content/Internationalization/icudt64l/region/en_RW.res" 1067
"../../../Engine/Content/Internationalization/icudt64l/lang/en_SB.res" 1068
"../../../Engine/Content/Internationalization/icudt64l/region/en_SB.res" 1069
"../../../Engine/Content/Internationalization/icudt64l/lang/en_SC.res" 1070
"../../../Engine/Content/Internationalization/icudt64l/region/en_SC.res" 1071
"../../../Engine/Content/Internationalization/icudt64l/lang/en_SD.res" 1072
"../../../Engine/Content/Internationalization/icudt64l/region/en_SD.res" 1073
"../../../Engine/Content/Internationalization/icudt64l/lang/en_SE.res" 1074
"../../../Engine/Content/Internationalization/icudt64l/region/en_SE.res" 1075
"../../../Engine/Content/Internationalization/icudt64l/lang/en_SG.res" 1076
"../../../Engine/Content/Internationalization/icudt64l/region/en_SG.res" 1077
"../../../Engine/Content/Internationalization/icudt64l/lang/en_SH.res" 1078
"../../../Engine/Content/Internationalization/icudt64l/region/en_SH.res" 1079
"../../../Engine/Content/Internationalization/icudt64l/lang/en_SI.res" 1080
"../../../Engine/Content/Internationalization/icudt64l/region/en_SI.res" 1081
"../../../Engine/Content/Internationalization/icudt64l/lang/en_SL.res" 1082
"../../../Engine/Content/Internationalization/icudt64l/region/en_SL.res" 1083
"../../../Engine/Content/Internationalization/icudt64l/lang/en_SS.res" 1084
"../../../Engine/Content/Internationalization/icudt64l/region/en_SS.res" 1085
"../../../Engine/Content/Internationalization/icudt64l/lang/en_SX.res" 1086
"../../../Engine/Content/Internationalization/icudt64l/region/en_SX.res" 1087
"../../../Engine/Content/Internationalization/icudt64l/lang/en_SZ.res" 1088
"../../../Engine/Content/Internationalization/icudt64l/region/en_SZ.res" 1089
"../../../Engine/Content/Internationalization/icudt64l/lang/en_TC.res" 1090
"../../../Engine/Content/Internationalization/icudt64l/region/en_TC.res" 1091
"../../../Engine/Content/Internationalization/icudt64l/lang/en_TK.res" 1092
"../../../Engine/Content/Internationalization/icudt64l/region/en_TK.res" 1093
"../../../Engine/Content/Internationalization/icudt64l/lang/en_TO.res" 1094
"../../../Engine/Content/Internationalization/icudt64l/region/en_TO.res" 1095
"../../../Engine/Content/Internationalization/icudt64l/lang/en_TT.res" 1096
"../../../Engine/Content/Internationalization/icudt64l/region/en_TT.res" 1097
"../../../Engine/Content/Internationalization/icudt64l/lang/en_TV.res" 1098
"../../../Engine/Content/Internationalization/icudt64l/region/en_TV.res" 1099
"../../../Engine/Content/Internationalization/icudt64l/lang/en_TZ.res" 1100
"../../../Engine/Content/Internationalization/icudt64l/region/en_TZ.res" 1101
"../../../Engine/Content/Internationalization/icudt64l/lang/en_UG.res" 1102
"../../../Engine/Content/Internationalization/icudt64l/region/en_UG.res" 1103
"../../../Engine/Content/Internationalization/icudt64l/lang/en_VC.res" 1104
"../../../Engine/Content/Internationalization/icudt64l/region/en_VC.res" 1105
"../../../Engine/Content/Internationalization/icudt64l/lang/en_VG.res" 1106
"../../../Engine/Content/Internationalization/icudt64l/region/en_VG.res" 1107
"../../../Engine/Content/Internationalization/icudt64l/lang/en_VU.res" 1108
"../../../Engine/Content/Internationalization/icudt64l/region/en_VU.res" 1109
"../../../Engine/Content/Internationalization/icudt64l/lang/en_WS.res" 1110
"../../../Engine/Content/Internationalization/icudt64l/region/en_WS.res" 1111
"../../../Engine/Content/Internationalization/icudt64l/lang/en_ZA.res" 1112
"../../../Engine/Content/Internationalization/icudt64l/region/en_ZA.res" 1113
"../../../Engine/Content/Internationalization/icudt64l/lang/en_ZM.res" 1114
"../../../Engine/Content/Internationalization/icudt64l/region/en_ZM.res" 1115
"../../../Engine/Content/Internationalization/icudt64l/lang/en_ZW.res" 1116
"../../../Engine/Content/Internationalization/icudt64l/region/en_ZW.res" 1117
"../../../Engine/Content/Internationalization/icudt64l/lang/eo.res" 1118
"../../../Engine/Content/Internationalization/icudt64l/region/eo.res" 1119
"../../../Engine/Content/Internationalization/icudt64l/lang/es.res" 1120
"../../../Engine/Content/Internationalization/icudt64l/lang/es_419.res" 1121
"../../../Engine/Content/Internationalization/icudt64l/region/es_419.res" 1122
"../../../Engine/Content/Internationalization/icudt64l/region/es.res" 1123
"../../../Engine/Content/Internationalization/icudt64l/lang/es_AR.res" 1124
"../../../Engine/Content/Internationalization/icudt64l/region/es_AR.res" 1125
"../../../Engine/Content/Internationalization/icudt64l/lang/es_BO.res" 1126
"../../../Engine/Content/Internationalization/icudt64l/region/es_BO.res" 1127
"../../../Engine/Content/Internationalization/icudt64l/lang/es_BR.res" 1128
"../../../Engine/Content/Internationalization/icudt64l/region/es_BR.res" 1129
"../../../Engine/Content/Internationalization/icudt64l/lang/es_BZ.res" 1130
"../../../Engine/Content/Internationalization/icudt64l/region/es_BZ.res" 1131
"../../../Engine/Content/Internationalization/icudt64l/lang/es_CL.res" 1132
"../../../Engine/Content/Internationalization/icudt64l/region/es_CL.res" 1133
"../../../Engine/Content/Internationalization/icudt64l/lang/es_CO.res" 1134
"../../../Engine/Content/Internationalization/icudt64l/region/es_CO.res" 1135
"../../../Engine/Content/Internationalization/icudt64l/lang/es_CR.res" 1136
"../../../Engine/Content/Internationalization/icudt64l/region/es_CR.res" 1137
"../../../Engine/Content/Internationalization/icudt64l/lang/es_CU.res" 1138
"../../../Engine/Content/Internationalization/icudt64l/region/es_CU.res" 1139
"../../../Engine/Content/Internationalization/icudt64l/lang/es_DO.res" 1140
"../../../Engine/Content/Internationalization/icudt64l/region/es_DO.res" 1141
"../../../Engine/Content/Internationalization/icudt64l/lang/es_EC.res" 1142
"../../../Engine/Content/Internationalization/icudt64l/region/es_EC.res" 1143
"../../../Engine/Content/Internationalization/icudt64l/lang/es_GT.res" 1144
"../../../Engine/Content/Internationalization/icudt64l/region/es_GT.res" 1145
"../../../Engine/Content/Internationalization/icudt64l/lang/es_HN.res" 1146
"../../../Engine/Content/Internationalization/icudt64l/region/es_HN.res" 1147
"../../../Engine/Content/Internationalization/icudt64l/lang/es_MX.res" 1148
"../../../Engine/Content/Internationalization/icudt64l/region/es_MX.res" 1149
"../../../Engine/Content/Internationalization/icudt64l/lang/es_NI.res" 1150
"../../../Engine/Content/Internationalization/icudt64l/region/es_NI.res" 1151
"../../../Engine/Content/Internationalization/icudt64l/lang/es_PA.res" 1152
"../../../Engine/Content/Internationalization/icudt64l/region/es_PA.res" 1153
"../../../Engine/Content/Internationalization/icudt64l/lang/es_PE.res" 1154
"../../../Engine/Content/Internationalization/icudt64l/region/es_PE.res" 1155
"../../../Engine/Content/Internationalization/icudt64l/lang/es_PR.res" 1156
"../../../Engine/Content/Internationalization/icudt64l/region/es_PR.res" 1157
"../../../Engine/Content/Internationalization/icudt64l/lang/es_PY.res" 1158
"../../../Engine/Content/Internationalization/icudt64l/region/es_PY.res" 1159
"../../../Engine/Content/Internationalization/icudt64l/lang/es_SV.res" 1160
"../../../Engine/Content/Internationalization/icudt64l/region/es_SV.res" 1161
"../../../Engine/Content/Internationalization/icudt64l/lang/es_US.res" 1162
"../../../Engine/Content/Internationalization/icudt64l/region/es_US.res" 1163
"../../../Engine/Content/Internationalization/icudt64l/lang/es_UY.res" 1164
"../../../Engine/Content/Internationalization/icudt64l/region/es_UY.res" 1165
"../../../Engine/Content/Internationalization/icudt64l/lang/es_VE.res" 1166
"../../../Engine/Content/Internationalization/icudt64l/region/es_VE.res" 1167
"../../../Engine/Content/Internationalization/icudt64l/lang/et.res" 1168
"../../../Engine/Content/Internationalization/icudt64l/region/et.res" 1169
"../../../Engine/Content/Internationalization/icudt64l/lang/eu.res" 1170
"../../../Engine/Content/Internationalization/icudt64l/region/eu.res" 1171
"../../../Engine/Content/Internationalization/icudt64l/lang/ewo.res" 1172
"../../../Engine/Content/Internationalization/icudt64l/region/ewo.res" 1173
"../../../Engine/Content/Internationalization/icudt64l/lang/fa.res" 1174
"../../../Engine/Content/Internationalization/icudt64l/lang/fa_AF.res" 1175
"../../../Engine/Content/Internationalization/icudt64l/region/fa_AF.res" 1176
"../../../Engine/Content/Internationalization/icudt64l/region/fa.res" 1177
"../../../Engine/Content/Internationalization/icudt64l/lang/ff.res" 1178
"../../../Engine/Content/Internationalization/icudt64l/lang/ff_Latn.res" 1179
"../../../Engine/Content/Internationalization/icudt64l/region/ff.res" 1180
"../../../Engine/Content/Internationalization/icudt64l/region/ff_Latn.res" 1181
"../../../Engine/Content/Internationalization/icudt64l/lang/ff_CM.res" 1182
"../../../Engine/Content/Internationalization/icudt64l/lang/ff_Latn_CM.res" 1183
"../../../Engine/Content/Internationalization/icudt64l/region/ff_CM.res" 1184
"../../../Engine/Content/Internationalization/icudt64l/region/ff_Latn_CM.res" 1185
"../../../Engine/Content/Internationalization/icudt64l/lang/ff_GN.res" 1186
"../../../Engine/Content/Internationalization/icudt64l/lang/ff_Latn_GN.res" 1187
"../../../Engine/Content/Internationalization/icudt64l/region/ff_GN.res" 1188
"../../../Engine/Content/Internationalization/icudt64l/region/ff_Latn_GN.res" 1189
"../../../Engine/Content/Internationalization/icudt64l/lang/ff_MR.res" 1190
"../../../Engine/Content/Internationalization/icudt64l/lang/ff_Latn_MR.res" 1191
"../../../Engine/Content/Internationalization/icudt64l/region/ff_MR.res" 1192
"../../../Engine/Content/Internationalization/icudt64l/region/ff_Latn_MR.res" 1193
"../../../Engine/Content/Internationalization/icudt64l/lang/ff_SN.res" 1194
"../../../Engine/Content/Internationalization/icudt64l/lang/ff_Latn_SN.res" 1195
"../../../Engine/Content/Internationalization/icudt64l/region/ff_SN.res" 1196
"../../../Engine/Content/Internationalization/icudt64l/region/ff_Latn_SN.res" 1197
"../../../Engine/Content/Internationalization/icudt64l/lang/fi.res" 1198
"../../../Engine/Content/Internationalization/icudt64l/region/fi.res" 1199
"../../../Engine/Content/Internationalization/icudt64l/lang/fil.res" 1200
"../../../Engine/Content/Internationalization/icudt64l/lang/fil_PH.res" 1201
"../../../Engine/Content/Internationalization/icudt64l/region/fil_PH.res" 1202
"../../../Engine/Content/Internationalization/icudt64l/region/fil.res" 1203
"../../../Engine/Content/Internationalization/icudt64l/lang/fo.res" 1204
"../../../Engine/Content/Internationalization/icudt64l/region/fo.res" 1205
"../../../Engine/Content/Internationalization/icudt64l/lang/fr.res" 1206
"../../../Engine/Content/Internationalization/icudt64l/lang/fr_BE.res" 1207
"../../../Engine/Content/Internationalization/icudt64l/region/fr_BE.res" 1208
"../../../Engine/Content/Internationalization/icudt64l/region/fr.res" 1209
"../../../Engine/Content/Internationalization/icudt64l/lang/fr_CA.res" 1210
"../../../Engine/Content/Internationalization/icudt64l/region/fr_CA.res" 1211
"../../../Engine/Content/Internationalization/icudt64l/lang/fr_CH.res" 1212
"../../../Engine/Content/Internationalization/icudt64l/lang/fur.res" 1213
"../../../Engine/Content/Internationalization/icudt64l/region/fur.res" 1214
"../../../Engine/Content/Internationalization/icudt64l/lang/fy.res" 1215
"../../../Engine/Content/Internationalization/icudt64l/region/fy.res" 1216
"../../../Engine/Content/Internationalization/icudt64l/lang/ga.res" 1217
"../../../Engine/Content/Internationalization/icudt64l/region/ga.res" 1218
"../../../Engine/Content/Internationalization/icudt64l/lang/gd.res" 1219
"../../../Engine/Content/Internationalization/icudt64l/region/gd.res" 1220
"../../../Engine/Content/Internationalization/icudt64l/lang/gl.res" 1221
"../../../Engine/Content/Internationalization/icudt64l/region/gl.res" 1222
"../../../Engine/Content/Internationalization/icudt64l/lang/gsw.res" 1223
"../../../Engine/Content/Internationalization/icudt64l/region/gsw.res" 1224
"../../../Engine/Content/Internationalization/icudt64l/lang/gu.res" 1225
"../../../Engine/Content/Internationalization/icudt64l/region/gu.res" 1226
"../../../Engine/Content/Internationalization/icudt64l/lang/guz.res" 1227
"../../../Engine/Content/Internationalization/icudt64l/region/guz.res" 1228
"../../../Engine/Content/Internationalization/icudt64l/lang/gv.res" 1229
"../../../Engine/Content/Internationalization/icudt64l/region/gv.res" 1230
"../../../Engine/Content/Internationalization/icudt64l/lang/ha.res" 1231
"../../../Engine/Content/Internationalization/icudt64l/region/ha.res" 1232
"../../../Engine/Content/Internationalization/icudt64l/lang/ha_NE.res" 1233
"../../../Engine/Content/Internationalization/icudt64l/region/ha_NE.res" 1234
"../../../Engine/Content/Internationalization/icudt64l/lang/haw.res" 1235
"../../../Engine/Content/Internationalization/icudt64l/region/haw.res" 1236
"../../../Engine/Content/Internationalization/icudt64l/lang/he.res" 1237
"../../../Engine/Content/Internationalization/icudt64l/lang/he_IL.res" 1238
"../../../Engine/Content/Internationalization/icudt64l/region/he_IL.res" 1239
"../../../Engine/Content/Internationalization/icudt64l/region/he.res" 1240
"../../../Engine/Content/Internationalization/icudt64l/lang/hi.res" 1241
"../../../Engine/Content/Internationalization/icudt64l/region/hi.res" 1242
"../../../Engine/Content/Internationalization/icudt64l/lang/hr.res" 1243
"../../../Engine/Content/Internationalization/icudt64l/region/hr.res" 1244
"../../../Engine/Content/Internationalization/icudt64l/lang/hsb.res" 1245
"../../../Engine/Content/Internationalization/icudt64l/region/hsb.res" 1246
"../../../Engine/Content/Internationalization/icudt64l/lang/hu.res" 1247
"../../../Engine/Content/Internationalization/icudt64l/region/hu.res" 1248
"../../../Engine/Content/Internationalization/icudt64l/lang/hy.res" 1249
"../../../Engine/Content/Internationalization/icudt64l/region/hy.res" 1250
"../../../Engine/Content/Internationalization/icudt64l/lang/ia.res" 1251
"../../../Engine/Content/Internationalization/icudt64l/region/ia.res" 1252
"../../../Engine/Content/Internationalization/icudt64l/lang/id.res" 1253
"../../../Engine/Content/Internationalization/icudt64l/lang/id_ID.res" 1254
"../../../Engine/Content/Internationalization/icudt64l/region/id_ID.res" 1255
"../../../Engine/Content/Internationalization/icudt64l/region/id.res" 1256
"../../../Engine/Content/Internationalization/icudt64l/lang/ig.res" 1257
"../../../Engine/Content/Internationalization/icudt64l/region/ig.res" 1258
"../../../Engine/Content/Internationalization/icudt64l/lang/ii.res" 1259
"../../../Engine/Content/Internationalization/icudt64l/region/ii.res" 1260
"../../../Engine/Content/Internationalization/icudt64l/lang/is.res" 1261
"../../../Engine/Content/Internationalization/icudt64l/region/is.res" 1262
"../../../Engine/Content/Internationalization/icudt64l/lang/ja.res" 1263
"../../../Engine/Content/Internationalization/icudt64l/lang/ja_JP.res" 1264
"../../../Engine/Content/Internationalization/icudt64l/region/ja_JP.res" 1265
"../../../Engine/Content/Internationalization/icudt64l/region/ja.res" 1266
"../../../Engine/Content/Internationalization/icudt64l/lang/jgo.res" 1267
"../../../Engine/Content/Internationalization/icudt64l/region/jgo.res" 1268
"../../../Engine/Content/Internationalization/icudt64l/lang/jmc.res" 1269
"../../../Engine/Content/Internationalization/icudt64l/region/jmc.res" 1270
"../../../Engine/Content/Internationalization/icudt64l/lang/jv.res" 1271
"../../../Engine/Content/Internationalization/icudt64l/region/jv.res" 1272
"../../../Engine/Content/Internationalization/icudt64l/lang/ka.res" 1273
"../../../Engine/Content/Internationalization/icudt64l/region/ka.res" 1274
"../../../Engine/Content/Internationalization/icudt64l/lang/kab.res" 1275
"../../../Engine/Content/Internationalization/icudt64l/region/kab.res" 1276
"../../../Engine/Content/Internationalization/icudt64l/lang/kam.res" 1277
"../../../Engine/Content/Internationalization/icudt64l/region/kam.res" 1278
"../../../Engine/Content/Internationalization/icudt64l/lang/kde.res" 1279
"../../../Engine/Content/Internationalization/icudt64l/region/kde.res" 1280
"../../../Engine/Content/Internationalization/icudt64l/lang/kea.res" 1281
"../../../Engine/Content/Internationalization/icudt64l/region/kea.res" 1282
"../../../Engine/Content/Internationalization/icudt64l/lang/khq.res" 1283
"../../../Engine/Content/Internationalization/icudt64l/region/khq.res" 1284
"../../../Engine/Content/Internationalization/icudt64l/lang/ki.res" 1285
"../../../Engine/Content/Internationalization/icudt64l/region/ki.res" 1286
"../../../Engine/Content/Internationalization/icudt64l/lang/kk.res" 1287
"../../../Engine/Content/Internationalization/icudt64l/region/kk.res" 1288
"../../../Engine/Content/Internationalization/icudt64l/lang/kkj.res" 1289
"../../../Engine/Content/Internationalization/icudt64l/region/kkj.res" 1290
"../../../Engine/Content/Internationalization/icudt64l/lang/kl.res" 1291
"../../../Engine/Content/Internationalization/icudt64l/region/kl.res" 1292
"../../../Engine/Content/Internationalization/icudt64l/lang/kln.res" 1293
"../../../Engine/Content/Internationalization/icudt64l/region/kln.res" 1294
"../../../Engine/Content/Internationalization/icudt64l/lang/km.res" 1295
"../../../Engine/Content/Internationalization/icudt64l/region/km.res" 1296
"../../../Engine/Content/Internationalization/icudt64l/lang/kn.res" 1297
"../../../Engine/Content/Internationalization/icudt64l/region/kn.res" 1298
"../../../Engine/Content/Internationalization/icudt64l/lang/ko.res" 1299
"../../../Engine/Content/Internationalization/icudt64l/region/ko_KP.res" 1300
"../../../Engine/Content/Internationalization/icudt64l/region/ko.res" 1301
"../../../Engine/Content/Internationalization/icudt64l/lang/kok.res" 1302
"../../../Engine/Content/Internationalization/icudt64l/region/kok.res" 1303
"../../../Engine/Content/Internationalization/icudt64l/lang/ks.res" 1304
"../../../Engine/Content/Internationalization/icudt64l/region/ks.res" 1305
"../../../Engine/Content/Internationalization/icudt64l/lang/ksb.res" 1306
"../../../Engine/Content/Internationalization/icudt64l/region/ksb.res" 1307
"../../../Engine/Content/Internationalization/icudt64l/lang/ksf.res" 1308
"../../../Engine/Content/Internationalization/icudt64l/region/ksf.res" 1309
"../../../Engine/Content/Internationalization/icudt64l/lang/ksh.res" 1310
"../../../Engine/Content/Internationalization/icudt64l/region/ksh.res" 1311
"../../../Engine/Content/Internationalization/icudt64l/lang/ku.res" 1312
"../../../Engine/Content/Internationalization/icudt64l/region/ku.res" 1313
"../../../Engine/Content/Internationalization/icudt64l/lang/kw.res" 1314
"../../../Engine/Content/Internationalization/icudt64l/region/kw.res" 1315
"../../../Engine/Content/Internationalization/icudt64l/lang/ky.res" 1316
"../../../Engine/Content/Internationalization/icudt64l/region/ky.res" 1317
"../../../Engine/Content/Internationalization/icudt64l/lang/lag.res" 1318
"../../../Engine/Content/Internationalization/icudt64l/region/lag.res" 1319
"../../../Engine/Content/Internationalization/icudt64l/lang/lb.res" 1320
"../../../Engine/Content/Internationalization/icudt64l/region/lb.res" 1321
"../../../Engine/Content/Internationalization/icudt64l/lang/lg.res" 1322
"../../../Engine/Content/Internationalization/icudt64l/region/lg.res" 1323
"../../../Engine/Content/Internationalization/icudt64l/lang/lkt.res" 1324
"../../../Engine/Content/Internationalization/icudt64l/region/lkt.res" 1325
"../../../Engine/Content/Internationalization/icudt64l/lang/ln.res" 1326
"../../../Engine/Content/Internationalization/icudt64l/region/ln.res" 1327
"../../../Engine/Content/Internationalization/icudt64l/lang/lo.res" 1328
"../../../Engine/Content/Internationalization/icudt64l/region/lo.res" 1329
"../../../Engine/Content/Internationalization/icudt64l/lang/lrc.res" 1330
"../../../Engine/Content/Internationalization/icudt64l/region/lrc.res" 1331
"../../../Engine/Content/Internationalization/icudt64l/lang/lt.res" 1332
"../../../Engine/Content/Internationalization/icudt64l/region/lt.res" 1333
"../../../Engine/Content/Internationalization/icudt64l/lang/lu.res" 1334
"../../../Engine/Content/Internationalization/icudt64l/region/lu.res" 1335
"../../../Engine/Content/Internationalization/icudt64l/lang/luo.res" 1336
"../../../Engine/Content/Internationalization/icudt64l/region/luo.res" 1337
"../../../Engine/Content/Internationalization/icudt64l/lang/luy.res" 1338
"../../../Engine/Content/Internationalization/icudt64l/region/luy.res" 1339
"../../../Engine/Content/Internationalization/icudt64l/lang/lv.res" 1340
"../../../Engine/Content/Internationalization/icudt64l/region/lv.res" 1341
"../../../Engine/Content/Internationalization/icudt64l/lang/mas.res" 1342
"../../../Engine/Content/Internationalization/icudt64l/region/mas.res" 1343
"../../../Engine/Content/Internationalization/icudt64l/lang/mer.res" 1344
"../../../Engine/Content/Internationalization/icudt64l/region/mer.res" 1345
"../../../Engine/Content/Internationalization/icudt64l/lang/mfe.res" 1346
"../../../Engine/Content/Internationalization/icudt64l/region/mfe.res" 1347
"../../../Engine/Content/Internationalization/icudt64l/lang/mg.res" 1348
"../../../Engine/Content/Internationalization/icudt64l/region/mg.res" 1349
"../../../Engine/Content/Internationalization/icudt64l/lang/mgh.res" 1350
"../../../Engine/Content/Internationalization/icudt64l/region/mgh.res" 1351
"../../../Engine/Content/Internationalization/icudt64l/lang/mgo.res" 1352
"../../../Engine/Content/Internationalization/icudt64l/region/mgo.res" 1353
"../../../Engine/Content/Internationalization/icudt64l/lang/mi.res" 1354
"../../../Engine/Content/Internationalization/icudt64l/region/mi.res" 1355
"../../../Engine/Content/Internationalization/icudt64l/lang/mk.res" 1356
"../../../Engine/Content/Internationalization/icudt64l/region/mk.res" 1357
"../../../Engine/Content/Internationalization/icudt64l/lang/ml.res" 1358
"../../../Engine/Content/Internationalization/icudt64l/region/ml.res" 1359
"../../../Engine/Content/Internationalization/icudt64l/lang/mn.res" 1360
"../../../Engine/Content/Internationalization/icudt64l/region/mn.res" 1361
"../../../Engine/Content/Internationalization/icudt64l/lang/mr.res" 1362
"../../../Engine/Content/Internationalization/icudt64l/region/mr.res" 1363
"../../../Engine/Content/Internationalization/icudt64l/lang/ms.res" 1364
"../../../Engine/Content/Internationalization/icudt64l/region/ms.res" 1365
"../../../Engine/Content/Internationalization/icudt64l/lang/mt.res" 1366
"../../../Engine/Content/Internationalization/icudt64l/region/mt.res" 1367
"../../../Engine/Content/Internationalization/icudt64l/lang/mua.res" 1368
"../../../Engine/Content/Internationalization/icudt64l/region/mua.res" 1369
"../../../Engine/Content/Internationalization/icudt64l/lang/my.res" 1370
"../../../Engine/Content/Internationalization/icudt64l/region/my.res" 1371
"../../../Engine/Content/Internationalization/icudt64l/lang/mzn.res" 1372
"../../../Engine/Content/Internationalization/icudt64l/region/mzn.res" 1373
"../../../Engine/Content/Internationalization/icudt64l/lang/naq.res" 1374
"../../../Engine/Content/Internationalization/icudt64l/region/naq.res" 1375
"../../../Engine/Content/Internationalization/icudt64l/lang/nb.res" 1376
"../../../Engine/Content/Internationalization/icudt64l/lang/nb_NO.res" 1377
"../../../Engine/Content/Internationalization/icudt64l/region/nb_NO.res" 1378
"../../../Engine/Content/Internationalization/icudt64l/region/nb.res" 1379
"../../../Engine/Content/Internationalization/icudt64l/lang/nd.res" 1380
"../../../Engine/Content/Internationalization/icudt64l/region/nd.res" 1381
"../../../Engine/Content/Internationalization/icudt64l/lang/nds.res" 1382
"../../../Engine/Content/Internationalization/icudt64l/region/nds.res" 1383
"../../../Engine/Content/Internationalization/icudt64l/lang/ne.res" 1384
"../../../Engine/Content/Internationalization/icudt64l/region/ne.res" 1385
"../../../Engine/Content/Internationalization/icudt64l/lang/nl.res" 1386
"../../../Engine/Content/Internationalization/icudt64l/region/nl.res" 1387
"../../../Engine/Content/Internationalization/icudt64l/lang/nmg.res" 1388
"../../../Engine/Content/Internationalization/icudt64l/region/nmg.res" 1389
"../../../Engine/Content/Internationalization/icudt64l/lang/nn.res" 1390
"../../../Engine/Content/Internationalization/icudt64l/lang/nn_NO.res" 1391
"../../../Engine/Content/Internationalization/icudt64l/region/nn_NO.res" 1392
"../../../Engine/Content/Internationalization/icudt64l/region/nn.res" 1393
"../../../Engine/Content/Internationalization/icudt64l/lang/nnh.res" 1394
"../../../Engine/Content/Internationalization/icudt64l/region/nnh.res" 1395
"../../../Engine/Content/Internationalization/icudt64l/lang/nus.res" 1396
"../../../Engine/Content/Internationalization/icudt64l/region/nus.res" 1397
"../../../Engine/Content/Internationalization/icudt64l/lang/nyn.res" 1398
"../../../Engine/Content/Internationalization/icudt64l/region/nyn.res" 1399
"../../../Engine/Content/Internationalization/icudt64l/lang/om.res" 1400
"../../../Engine/Content/Internationalization/icudt64l/region/om.res" 1401
"../../../Engine/Content/Internationalization/icudt64l/lang/or.res" 1402
"../../../Engine/Content/Internationalization/icudt64l/region/or.res" 1403
"../../../Engine/Content/Internationalization/icudt64l/lang/os.res" 1404
"../../../Engine/Content/Internationalization/icudt64l/region/os.res" 1405
"../../../Engine/Content/Internationalization/icudt64l/lang/pa.res" 1406
"../../../Engine/Content/Internationalization/icudt64l/lang/pa_Arab.res" 1407
"../../../Engine/Content/Internationalization/icudt64l/lang/pa_PK.res" 1408
"../../../Engine/Content/Internationalization/icudt64l/lang/pa_Arab_PK.res" 1409
"../../../Engine/Content/Internationalization/icudt64l/region/pa_PK.res" 1410
"../../../Engine/Content/Internationalization/icudt64l/region/pa_Arab_PK.res" 1411
"../../../Engine/Content/Internationalization/icudt64l/region/pa_Arab.res" 1412
"../../../Engine/Content/Internationalization/icudt64l/lang/pa_Guru.res" 1413
"../../../Engine/Content/Internationalization/icudt64l/lang/pa_IN.res" 1414
"../../../Engine/Content/Internationalization/icudt64l/lang/pa_Guru_IN.res" 1415
"../../../Engine/Content/Internationalization/icudt64l/region/pa_IN.res" 1416
"../../../Engine/Content/Internationalization/icudt64l/region/pa_Guru_IN.res" 1417
"../../../Engine/Content/Internationalization/icudt64l/region/pa_Guru.res" 1418
"../../../Engine/Content/Internationalization/icudt64l/region/pa.res" 1419
"../../../Engine/Content/Internationalization/icudt64l/lang/pl.res" 1420
"../../../Engine/Content/Internationalization/icudt64l/region/pl.res" 1421
"../../../Engine/Content/Internationalization/icudt64l/lang/ps.res" 1422
"../../../Engine/Content/Internationalization/icudt64l/region/ps.res" 1423
"../../../Engine/Content/Internationalization/icudt64l/lang/ps_PK.res" 1424
"../../../Engine/Content/Internationalization/icudt64l/region/ps_PK.res" 1425
"../../../Engine/Content/Internationalization/icudt64l/lang/pt.res" 1426
"../../../Engine/Content/Internationalization/icudt64l/lang/pt_AO.res" 1427
"../../../Engine/Content/Internationalization/icudt64l/lang/pt_PT.res" 1428
"../../../Engine/Content/Internationalization/icudt64l/region/pt_AO.res" 1429
"../../../Engine/Content/Internationalization/icudt64l/region/pt_PT.res" 1430
"../../../Engine/Content/Internationalization/icudt64l/region/pt.res" 1431
"../../../Engine/Content/Internationalization/icudt64l/lang/pt_CH.res" 1432
"../../../Engine/Content/Internationalization/icudt64l/region/pt_CH.res" 1433
"../../../Engine/Content/Internationalization/icudt64l/lang/pt_CV.res" 1434
"../../../Engine/Content/Internationalization/icudt64l/region/pt_CV.res" 1435
"../../../Engine/Content/Internationalization/icudt64l/lang/pt_GQ.res" 1436
"../../../Engine/Content/Internationalization/icudt64l/region/pt_GQ.res" 1437
"../../../Engine/Content/Internationalization/icudt64l/lang/pt_GW.res" 1438
"../../../Engine/Content/Internationalization/icudt64l/region/pt_GW.res" 1439
"../../../Engine/Content/Internationalization/icudt64l/lang/pt_LU.res" 1440
"../../../Engine/Content/Internationalization/icudt64l/region/pt_LU.res" 1441
"../../../Engine/Content/Internationalization/icudt64l/lang/pt_MO.res" 1442
"../../../Engine/Content/Internationalization/icudt64l/region/pt_MO.res" 1443
"../../../Engine/Content/Internationalization/icudt64l/lang/pt_MZ.res" 1444
"../../../Engine/Content/Internationalization/icudt64l/region/pt_MZ.res" 1445
"../../../Engine/Content/Internationalization/icudt64l/lang/pt_ST.res" 1446
"../../../Engine/Content/Internationalization/icudt64l/region/pt_ST.res" 1447
"../../../Engine/Content/Internationalization/icudt64l/lang/pt_TL.res" 1448
"../../../Engine/Content/Internationalization/icudt64l/region/pt_TL.res" 1449
"../../../Engine/Content/Internationalization/icudt64l/lang/qu.res" 1450
"../../../Engine/Content/Internationalization/icudt64l/region/qu.res" 1451
"../../../Engine/Content/Internationalization/icudt64l/lang/rm.res" 1452
"../../../Engine/Content/Internationalization/icudt64l/region/rm.res" 1453
"../../../Engine/Content/Internationalization/icudt64l/lang/rn.res" 1454
"../../../Engine/Content/Internationalization/icudt64l/region/rn.res" 1455
"../../../Engine/Content/Internationalization/icudt64l/lang/ro.res" 1456
"../../../Engine/Content/Internationalization/icudt64l/lang/ro_MD.res" 1457
"../../../Engine/Content/Internationalization/icudt64l/region/ro_MD.res" 1458
"../../../Engine/Content/Internationalization/icudt64l/region/ro.res" 1459
"../../../Engine/Content/Internationalization/icudt64l/lang/rof.res" 1460
"../../../Engine/Content/Internationalization/icudt64l/region/rof.res" 1461
"../../../Engine/Content/Internationalization/icudt64l/lang/ru.res" 1462
"../../../Engine/Content/Internationalization/icudt64l/region/ru.res" 1463
"../../../Engine/Content/Internationalization/icudt64l/region/ru_UA.res" 1464
"../../../Engine/Content/Internationalization/icudt64l/lang/rw.res" 1465
"../../../Engine/Content/Internationalization/icudt64l/region/rw.res" 1466
"../../../Engine/Content/Internationalization/icudt64l/lang/rwk.res" 1467
"../../../Engine/Content/Internationalization/icudt64l/region/rwk.res" 1468
"../../../Engine/Content/Internationalization/icudt64l/lang/sah.res" 1469
"../../../Engine/Content/Internationalization/icudt64l/region/sah.res" 1470
"../../../Engine/Content/Internationalization/icudt64l/lang/saq.res" 1471
"../../../Engine/Content/Internationalization/icudt64l/region/saq.res" 1472
"../../../Engine/Content/Internationalization/icudt64l/lang/sbp.res" 1473
"../../../Engine/Content/Internationalization/icudt64l/region/sbp.res" 1474
"../../../Engine/Content/Internationalization/icudt64l/lang/sd.res" 1475
"../../../Engine/Content/Internationalization/icudt64l/region/sd.res" 1476
"../../../Engine/Content/Internationalization/icudt64l/lang/se.res" 1477
"../../../Engine/Content/Internationalization/icudt64l/lang/se_FI.res" 1478
"../../../Engine/Content/Internationalization/icudt64l/region/se_FI.res" 1479
"../../../Engine/Content/Internationalization/icudt64l/region/se.res" 1480
"../../../Engine/Content/Internationalization/icudt64l/lang/seh.res" 1481
"../../../Engine/Content/Internationalization/icudt64l/region/seh.res" 1482
"../../../Engine/Content/Internationalization/icudt64l/lang/ses.res" 1483
"../../../Engine/Content/Internationalization/icudt64l/region/ses.res" 1484
"../../../Engine/Content/Internationalization/icudt64l/lang/sg.res" 1485
"../../../Engine/Content/Internationalization/icudt64l/region/sg.res" 1486
"../../../Engine/Content/Internationalization/icudt64l/lang/shi.res" 1487
"../../../Engine/Content/Internationalization/icudt64l/lang/shi_Latn.res" 1488
"../../../Engine/Content/Internationalization/icudt64l/lang/shi_MA.res" 1489
"../../../Engine/Content/Internationalization/icudt64l/lang/shi_Tfng_MA.res" 1490
"../../../Engine/Content/Internationalization/icudt64l/lang/shi_Tfng.res" 1491
"../../../Engine/Content/Internationalization/icudt64l/region/shi_MA.res" 1492
"../../../Engine/Content/Internationalization/icudt64l/region/shi_Tfng_MA.res" 1493
"../../../Engine/Content/Internationalization/icudt64l/region/shi_Tfng.res" 1494
"../../../Engine/Content/Internationalization/icudt64l/region/shi.res" 1495
"../../../Engine/Content/Internationalization/icudt64l/region/shi_Latn.res" 1496
"../../../Engine/Content/Internationalization/icudt64l/lang/si.res" 1497
"../../../Engine/Content/Internationalization/icudt64l/region/si.res" 1498
"../../../Engine/Content/Internationalization/icudt64l/lang/sk.res" 1499
"../../../Engine/Content/Internationalization/icudt64l/region/sk.res" 1500
"../../../Engine/Content/Internationalization/icudt64l/lang/sl.res" 1501
"../../../Engine/Content/Internationalization/icudt64l/region/sl.res" 1502
"../../../Engine/Content/Internationalization/icudt64l/lang/smn.res" 1503
"../../../Engine/Content/Internationalization/icudt64l/region/smn.res" 1504
"../../../Engine/Content/Internationalization/icudt64l/lang/sn.res" 1505
"../../../Engine/Content/Internationalization/icudt64l/region/sn.res" 1506
"../../../Engine/Content/Internationalization/icudt64l/lang/so.res" 1507
"../../../Engine/Content/Internationalization/icudt64l/region/so.res" 1508
"../../../Engine/Content/Internationalization/icudt64l/lang/sq.res" 1509
"../../../Engine/Content/Internationalization/icudt64l/region/sq.res" 1510
"../../../Engine/Content/Internationalization/icudt64l/lang/sr.res" 1511
"../../../Engine/Content/Internationalization/icudt64l/lang/sr_Cyrl.res" 1512
"../../../Engine/Content/Internationalization/icudt64l/lang/sr_BA.res" 1513
"../../../Engine/Content/Internationalization/icudt64l/lang/sr_Cyrl_BA.res" 1514
"../../../Engine/Content/Internationalization/icudt64l/region/sr_BA.res" 1515
"../../../Engine/Content/Internationalization/icudt64l/region/sr_Cyrl_BA.res" 1516
"../../../Engine/Content/Internationalization/icudt64l/region/sr_Cyrl.res" 1517
"../../../Engine/Content/Internationalization/icudt64l/region/sr.res" 1518
"../../../Engine/Content/Internationalization/icudt64l/lang/sr_ME.res" 1519
"../../../Engine/Content/Internationalization/icudt64l/lang/sr_Latn_ME.res" 1520
"../../../Engine/Content/Internationalization/icudt64l/lang/sr_Latn.res" 1521
"../../../Engine/Content/Internationalization/icudt64l/region/sr_ME.res" 1522
"../../../Engine/Content/Internationalization/icudt64l/region/sr_Latn_ME.res" 1523
"../../../Engine/Content/Internationalization/icudt64l/region/sr_Latn.res" 1524
"../../../Engine/Content/Internationalization/icudt64l/lang/sr_Cyrl_ME.res" 1525
"../../../Engine/Content/Internationalization/icudt64l/region/sr_Cyrl_ME.res" 1526
"../../../Engine/Content/Internationalization/icudt64l/lang/sr_RS.res" 1527
"../../../Engine/Content/Internationalization/icudt64l/lang/sr_Cyrl_RS.res" 1528
"../../../Engine/Content/Internationalization/icudt64l/region/sr_RS.res" 1529
"../../../Engine/Content/Internationalization/icudt64l/region/sr_Cyrl_RS.res" 1530
"../../../Engine/Content/Internationalization/icudt64l/lang/sr_XK.res" 1531
"../../../Engine/Content/Internationalization/icudt64l/lang/sr_Cyrl_XK.res" 1532
"../../../Engine/Content/Internationalization/icudt64l/region/sr_XK.res" 1533
"../../../Engine/Content/Internationalization/icudt64l/region/sr_Cyrl_XK.res" 1534
"../../../Engine/Content/Internationalization/icudt64l/lang/sr_Latn_BA.res" 1535
"../../../Engine/Content/Internationalization/icudt64l/region/sr_Latn_BA.res" 1536
"../../../Engine/Content/Internationalization/icudt64l/lang/sr_Latn_RS.res" 1537
"../../../Engine/Content/Internationalization/icudt64l/region/sr_Latn_RS.res" 1538
"../../../Engine/Content/Internationalization/icudt64l/lang/sr_Latn_XK.res" 1539
"../../../Engine/Content/Internationalization/icudt64l/region/sr_Latn_XK.res" 1540
"../../../Engine/Content/Internationalization/icudt64l/lang/sv.res" 1541
"../../../Engine/Content/Internationalization/icudt64l/region/sv.res" 1542
"../../../Engine/Content/Internationalization/icudt64l/lang/sv_FI.res" 1543
"../../../Engine/Content/Internationalization/icudt64l/lang/sw.res" 1544
"../../../Engine/Content/Internationalization/icudt64l/lang/sw_CD.res" 1545
"../../../Engine/Content/Internationalization/icudt64l/region/sw_CD.res" 1546
"../../../Engine/Content/Internationalization/icudt64l/region/sw.res" 1547
"../../../Engine/Content/Internationalization/icudt64l/lang/sw_KE.res" 1548
"../../../Engine/Content/Internationalization/icudt64l/region/sw_KE.res" 1549
"../../../Engine/Content/Internationalization/icudt64l/lang/ta.res" 1550
"../../../Engine/Content/Internationalization/icudt64l/region/ta.res" 1551
"../../../Engine/Content/Internationalization/icudt64l/lang/te.res" 1552
"../../../Engine/Content/Internationalization/icudt64l/region/te.res" 1553
"../../../Engine/Content/Internationalization/icudt64l/lang/teo.res" 1554
"../../../Engine/Content/Internationalization/icudt64l/region/teo.res" 1555
"../../../Engine/Content/Internationalization/icudt64l/lang/tg.res" 1556
"../../../Engine/Content/Internationalization/icudt64l/region/tg.res" 1557
"../../../Engine/Content/Internationalization/icudt64l/lang/th.res" 1558
"../../../Engine/Content/Internationalization/icudt64l/lang/th_TH.res" 1559
"../../../Engine/Content/Internationalization/icudt64l/region/th_TH.res" 1560
"../../../Engine/Content/Internationalization/icudt64l/region/th.res" 1561
"../../../Engine/Content/Internationalization/icudt64l/lang/ti.res" 1562
"../../../Engine/Content/Internationalization/icudt64l/region/ti.res" 1563
"../../../Engine/Content/Internationalization/icudt64l/lang/tk.res" 1564
"../../../Engine/Content/Internationalization/icudt64l/region/tk.res" 1565
"../../../Engine/Content/Internationalization/icudt64l/lang/to.res" 1566
"../../../Engine/Content/Internationalization/icudt64l/region/to.res" 1567
"../../../Engine/Content/Internationalization/icudt64l/lang/tr.res" 1568
"../../../Engine/Content/Internationalization/icudt64l/region/tr.res" 1569
"../../../Engine/Content/Internationalization/icudt64l/lang/tt.res" 1570
"../../../Engine/Content/Internationalization/icudt64l/region/tt.res" 1571
"../../../Engine/Content/Internationalization/icudt64l/lang/twq.res" 1572
"../../../Engine/Content/Internationalization/icudt64l/region/twq.res" 1573
"../../../Engine/Content/Internationalization/icudt64l/lang/tzm.res" 1574
"../../../Engine/Content/Internationalization/icudt64l/region/tzm.res" 1575
"../../../Engine/Content/Internationalization/icudt64l/lang/ug.res" 1576
"../../../Engine/Content/Internationalization/icudt64l/region/ug.res" 1577
"../../../Engine/Content/Internationalization/icudt64l/lang/uk.res" 1578
"../../../Engine/Content/Internationalization/icudt64l/region/uk.res" 1579
"../../../Engine/Content/Internationalization/icudt64l/lang/ur.res" 1580
"../../../Engine/Content/Internationalization/icudt64l/lang/ur_IN.res" 1581
"../../../Engine/Content/Internationalization/icudt64l/region/ur_IN.res" 1582
"../../../Engine/Content/Internationalization/icudt64l/region/ur.res" 1583
"../../../Engine/Content/Internationalization/icudt64l/lang/uz.res" 1584
"../../../Engine/Content/Internationalization/icudt64l/lang/uz_Arab.res" 1585
"../../../Engine/Content/Internationalization/icudt64l/lang/uz_AF.res" 1586
"../../../Engine/Content/Internationalization/icudt64l/lang/uz_Arab_AF.res" 1587
"../../../Engine/Content/Internationalization/icudt64l/region/uz_AF.res" 1588
"../../../Engine/Content/Internationalization/icudt64l/region/uz_Arab_AF.res" 1589
"../../../Engine/Content/Internationalization/icudt64l/region/uz_Arab.res" 1590
"../../../Engine/Content/Internationalization/icudt64l/lang/uz_Cyrl.res" 1591
"../../../Engine/Content/Internationalization/icudt64l/lang/uz_UZ.res" 1592
"../../../Engine/Content/Internationalization/icudt64l/lang/uz_Latn_UZ.res" 1593
"../../../Engine/Content/Internationalization/icudt64l/lang/uz_Latn.res" 1594
"../../../Engine/Content/Internationalization/icudt64l/region/uz_UZ.res" 1595
"../../../Engine/Content/Internationalization/icudt64l/region/uz_Latn_UZ.res" 1596
"../../../Engine/Content/Internationalization/icudt64l/region/uz_Latn.res" 1597
"../../../Engine/Content/Internationalization/icudt64l/region/uz.res" 1598
"../../../Engine/Content/Internationalization/icudt64l/region/uz_Cyrl.res" 1599
"../../../Engine/Content/Internationalization/icudt64l/lang/vai.res" 1600
"../../../Engine/Content/Internationalization/icudt64l/lang/vai_Latn.res" 1601
"../../../Engine/Content/Internationalization/icudt64l/lang/vai_LR.res" 1602
"../../../Engine/Content/Internationalization/icudt64l/lang/vai_Vaii_LR.res" 1603
"../../../Engine/Content/Internationalization/icudt64l/lang/vai_Vaii.res" 1604
"../../../Engine/Content/Internationalization/icudt64l/region/vai_LR.res" 1605
"../../../Engine/Content/Internationalization/icudt64l/region/vai_Vaii_LR.res" 1606
"../../../Engine/Content/Internationalization/icudt64l/region/vai_Vaii.res" 1607
"../../../Engine/Content/Internationalization/icudt64l/region/vai.res" 1608
"../../../Engine/Content/Internationalization/icudt64l/region/vai_Latn.res" 1609
"../../../Engine/Content/Internationalization/icudt64l/lang/vi.res" 1610
"../../../Engine/Content/Internationalization/icudt64l/region/vi.res" 1611
"../../../Engine/Content/Internationalization/icudt64l/lang/vun.res" 1612
"../../../Engine/Content/Internationalization/icudt64l/region/vun.res" 1613
"../../../Engine/Content/Internationalization/icudt64l/lang/wae.res" 1614
"../../../Engine/Content/Internationalization/icudt64l/region/wae.res" 1615
"../../../Engine/Content/Internationalization/icudt64l/lang/wo.res" 1616
"../../../Engine/Content/Internationalization/icudt64l/region/wo.res" 1617
"../../../Engine/Content/Internationalization/icudt64l/lang/xh.res" 1618
"../../../Engine/Content/Internationalization/icudt64l/region/xh.res" 1619
"../../../Engine/Content/Internationalization/icudt64l/lang/xog.res" 1620
"../../../Engine/Content/Internationalization/icudt64l/region/xog.res" 1621
"../../../Engine/Content/Internationalization/icudt64l/lang/yav.res" 1622
"../../../Engine/Content/Internationalization/icudt64l/region/yav.res" 1623
"../../../Engine/Content/Internationalization/icudt64l/lang/yi.res" 1624
"../../../Engine/Content/Internationalization/icudt64l/region/yi.res" 1625
"../../../Engine/Content/Internationalization/icudt64l/lang/yo.res" 1626
"../../../Engine/Content/Internationalization/icudt64l/lang/yo_BJ.res" 1627
"../../../Engine/Content/Internationalization/icudt64l/region/yo_BJ.res" 1628
"../../../Engine/Content/Internationalization/icudt64l/region/yo.res" 1629
"../../../Engine/Content/Internationalization/icudt64l/lang/yue.res" 1630
"../../../Engine/Content/Internationalization/icudt64l/lang/yue_Hans.res" 1631
"../../../Engine/Content/Internationalization/icudt64l/lang/yue_CN.res" 1632
"../../../Engine/Content/Internationalization/icudt64l/lang/yue_Hans_CN.res" 1633
"../../../Engine/Content/Internationalization/icudt64l/region/yue_CN.res" 1634
"../../../Engine/Content/Internationalization/icudt64l/region/yue_Hans_CN.res" 1635
"../../../Engine/Content/Internationalization/icudt64l/region/yue_Hans.res" 1636
"../../../Engine/Content/Internationalization/icudt64l/lang/yue_Hant.res" 1637
"../../../Engine/Content/Internationalization/icudt64l/lang/yue_HK.res" 1638
"../../../Engine/Content/Internationalization/icudt64l/lang/yue_Hant_HK.res" 1639
"../../../Engine/Content/Internationalization/icudt64l/region/yue_HK.res" 1640
"../../../Engine/Content/Internationalization/icudt64l/region/yue_Hant_HK.res" 1641
"../../../Engine/Content/Internationalization/icudt64l/region/yue_Hant.res" 1642
"../../../Engine/Content/Internationalization/icudt64l/region/yue.res" 1643
"../../../Engine/Content/Internationalization/icudt64l/lang/zgh.res" 1644
"../../../Engine/Content/Internationalization/icudt64l/region/zgh.res" 1645
"../../../Engine/Content/Internationalization/icudt64l/lang/zh.res" 1646
"../../../Engine/Content/Internationalization/icudt64l/lang/zh_Hans.res" 1647
"../../../Engine/Content/Internationalization/icudt64l/lang/zh_CN.res" 1648
"../../../Engine/Content/Internationalization/icudt64l/lang/zh_Hans_CN.res" 1649
"../../../Engine/Content/Internationalization/icudt64l/region/zh_CN.res" 1650
"../../../Engine/Content/Internationalization/icudt64l/region/zh_Hans_CN.res" 1651
"../../../Engine/Content/Internationalization/icudt64l/region/zh_Hans.res" 1652
"../../../Engine/Content/Internationalization/icudt64l/region/zh.res" 1653
"../../../Engine/Content/Internationalization/icudt64l/lang/zh_HK.res" 1654
"../../../Engine/Content/Internationalization/icudt64l/lang/zh_Hant_HK.res" 1655
"../../../Engine/Content/Internationalization/icudt64l/lang/zh_Hant.res" 1656
"../../../Engine/Content/Internationalization/icudt64l/region/zh_HK.res" 1657
"../../../Engine/Content/Internationalization/icudt64l/region/zh_Hant_HK.res" 1658
"../../../Engine/Content/Internationalization/icudt64l/region/zh_Hant.res" 1659
"../../../Engine/Content/Internationalization/icudt64l/lang/zh_MO.res" 1660
"../../../Engine/Content/Internationalization/icudt64l/lang/zh_Hant_MO.res" 1661
"../../../Engine/Content/Internationalization/icudt64l/region/zh_MO.res" 1662
"../../../Engine/Content/Internationalization/icudt64l/region/zh_Hant_MO.res" 1663
"../../../Engine/Content/Internationalization/icudt64l/lang/zh_SG.res" 1664
"../../../Engine/Content/Internationalization/icudt64l/lang/zh_Hans_SG.res" 1665
"../../../Engine/Content/Internationalization/icudt64l/region/zh_SG.res" 1666
"../../../Engine/Content/Internationalization/icudt64l/region/zh_Hans_SG.res" 1667
"../../../Engine/Content/Internationalization/icudt64l/lang/zh_TW.res" 1668
"../../../Engine/Content/Internationalization/icudt64l/lang/zh_Hant_TW.res" 1669
"../../../Engine/Content/Internationalization/icudt64l/region/zh_TW.res" 1670
"../../../Engine/Content/Internationalization/icudt64l/region/zh_Hant_TW.res" 1671
"../../../Engine/Content/Internationalization/icudt64l/lang/zu.res" 1672
"../../../Engine/Content/Internationalization/icudt64l/region/zu.res" 1673
"../../../Engine/Content/Internationalization/icudt64l/lang/no.res" 1674
"../../../Engine/Content/Internationalization/icudt64l/lang/tl.res" 1675
"../../../Engine/Config/Android/DataDrivenPlatformInfo.ini" 1676
"../../../Engine/Config/HoloLens/DataDrivenPlatformInfo.ini" 1677
"../../../Engine/Config/IOS/DataDrivenPlatformInfo.ini" 1678
"../../../Engine/Config/Linux/DataDrivenPlatformInfo.ini" 1679
"../../../Engine/Config/LinuxArm64/DataDrivenPlatformInfo.ini" 1680
"../../../Engine/Config/Mac/DataDrivenPlatformInfo.ini" 1681
"../../../Engine/Config/TVOS/DataDrivenPlatformInfo.ini" 1682
"../../../Engine/Config/Unix/DataDrivenPlatformInfo.ini" 1683
"../../../Engine/Config/VulkanPC/DataDrivenPlatformInfo.ini" 1684
"../../../Engine/Config/Windows/DataDrivenPlatformInfo.ini" 1685
"../../../Engine/DerivedDataCache/Compressed.ddp" 1686
"C:/Users/emanu/AppData/Local/UnrealEngine/Common/DerivedDataCache/TestData/0/TestData_4kb.dat" 1687
"C:/Users/emanu/AppData/Local/UnrealEngine/Common/DerivedDataCache/TestData/1/TestData_4kb.dat" 1688
"C:/Users/emanu/AppData/Local/UnrealEngine/Common/DerivedDataCache/TestData/0/TestData_8kb.dat" 1689
"C:/Users/emanu/AppData/Local/UnrealEngine/Common/DerivedDataCache/TestData/1/TestData_8kb.dat" 1690
"C:/Users/emanu/AppData/Local/UnrealEngine/Common/DerivedDataCache/TestData/0/TestData_16kb.dat" 1691
"C:/Users/emanu/AppData/Local/UnrealEngine/Common/DerivedDataCache/TestData/1/TestData_16kb.dat" 1692
"C:/Users/emanu/AppData/Local/UnrealEngine/Common/DerivedDataCache/TestData/0/TestData_64kb.dat" 1693
"C:/Users/emanu/AppData/Local/UnrealEngine/Common/DerivedDataCache/TestData/1/TestData_64kb.dat" 1694
"C:/Users/emanu/AppData/Local/UnrealEngine/Common/DerivedDataCache/TestData/0/TestData_128kb.dat" 1695
"C:/Users/emanu/AppData/Local/UnrealEngine/Common/DerivedDataCache/TestData/1/TestData_128kb.dat" 1696
"C:/Users/emanu/AppData/Local/UnrealEngine/Common/DerivedDataCache/TestData/0/TestData_256kb.dat" 1697
"C:/Users/emanu/AppData/Local/UnrealEngine/Common/DerivedDataCache/TestData/1/TestData_256kb.dat" 1698
"../../../Engine/Plugins/FX/Niagara/Shaders/Private/NiagaraSpriteVertexFactory.ush" 1699
"../../../Engine/Shaders/Private/VertexFactoryCommon.ush" 1700
"../../../Engine/Shaders/Private/Common.ush" 1701
"../../../Engine/Shaders/Public/Platform.ush" 1702
"../../../Engine/Shaders/Public/FP16Math.ush" 1703
"../../../Engine/Shaders/Public/Platform/D3D/D3DCommon.ush" 1704
"../../../Engine/Shaders/Public/BindlessResources.ush" 1705
"../../../Engine/Shaders/Public/ShaderVersion.ush" 1706
"../../../Engine/Shaders/Private/GeneratedUniformBufferTypes.ush" 1707
"../../../Engine/Shaders/Private/Nanite/NanitePackedNaniteView.ush" 1708
"../../../Engine/Shaders/Private/HairStrands/HairStrandsVisibilityCommonStruct.ush" 1709
"../../../Engine/Shaders/Private/HairStrands/HairStrandsVoxelPageCommonStruct.ush" 1710
"../../../Engine/Shaders/Private/HairStrands/HairStrandsDeepShadowCommonStruct.ush" 1711
"../../../Engine/Shaders/Private/CommonViewUniformBuffer.ush" 1712
"../../../Engine/Shaders/Private/LargeWorldCoordinates.ush" 1713
"../../../Engine/Shaders/Private/LWCOperations.ush" 1714
"../../../Engine/Shaders/Private/InstancedStereo.ush" 1715
"../../../Engine/Shaders/Private/Definitions.usf" 1716
"../../../Engine/Shaders/Private/AssertionMacros.ush" 1717
"../../../Engine/Shaders/Private/FastMath.ush" 1718
"../../../Engine/Shaders/Private/FastMathThirdParty.ush" 1719
"../../../Engine/Shaders/Private/Random.ush" 1720
"../../../Engine/Shaders/Private/SceneData.ush" 1721
"../../../Engine/Shaders/Private/OctahedralCommon.ush" 1722
"../../../Engine/Shaders/Shared/LightSceneData.h" 1723
"../../../Engine/Shaders/Shared/HLSLTypeAliases.h" 1724
"../../../Engine/Shaders/Private/ParticleVertexFactoryCommon.ush" 1725
"../../../Engine/Plugins/FX/Niagara/Shaders/Private/NiagaraVFCommon.usf" 1726
"../../../Engine/Plugins/FX/Niagara/Shaders/Private/NiagaraVFParticleAccess.usf" 1727
"../../../Engine/Plugins/FX/Niagara/Shaders/Private/NiagaraParticleAccess.ush" 1728
"../../../Engine/Shaders/Private/VertexFactoryDefaultInterface.ush" 1729
"../../../Engine/Plugins/FX/Niagara/Shaders/Private/NiagaraRibbonVertexFactory.ush" 1730
"../../../Engine/Plugins/FX/Niagara/Shaders/Private/NiagaraMeshVertexFactory.ush" 1731
"../../../Engine/Plugins/FX/Niagara/Shaders/Private/NiagaraCommon.ush" 1732
"../../../Engine/Plugins/FX/Niagara/Shaders/Private/NiagaraMeshParticleUtils.ush" 1733
"../../../Engine/Shaders/Private/RayTracing/RayTracingCommon.ush" 1734
"../../../Engine/Shaders/Private/ShadingCommon.ush" 1735
"../../../Engine/Shaders/Shared/RayTracingDefinitions.h" 1736
"../../../Engine/Shaders/Shared/RayTracingPayloadType.h" 1737
"../../../Engine/Shaders/Shared/HLSLStaticAssert.h" 1738
"../../../Engine/Shaders/Private/RayTracing/RayTracingRayCone.ush" 1739
"../../../Engine/Shaders/Private/Strata/Strata.ush" 1740
"../../../Engine/Shaders/Private/ShadingEnergyConservation.ush" 1741
"../../../Engine/Shaders/Private/ShadingEnergyConservationTemplate.ush" 1742
"../../../Engine/Shaders/Private/BRDF.ush" 1743
"../../../Engine/Shaders/Private/ColorSpace.ush" 1744
"../../../Engine/Shaders/Private/DeferredShadingCommon.ush" 1745
"../../../Engine/Shaders/Private/LightAccumulator.ush" 1746
"../../../Engine/Shaders/Private/SceneTexturesCommon.ush" 1747
"../../../Engine/Shaders/Private/MonteCarlo.ush" 1748
"../../../Engine/Shaders/Private/GBufferHelpers.ush" 1749
"../../../Engine/Shaders/Private/SceneTextureParameters.ush" 1750
"E:/Projects/EcoBots/Intermediate/ShaderAutogen/PCD3D_SM5/AutogenShaderHeaders.ush" 1751
"../../../Engine/Shaders/Private/ParticipatingMediaCommon.ush" 1752
"../../../Engine/Shaders/Private/ThinFilmBSDF.ush" 1753
"../../../Engine/Shaders/Private/MortonCode.ush" 1754
"../../../Engine/Shaders/Private/SubsurfaceProfileCommon.ush" 1755
"../../../Engine/Shaders/Private/BurleyNormalizedSSSCommon.ush" 1756
"../../../Engine/Shaders/Private/GammaCorrectionCommon.ush" 1757
"../../../Engine/Shaders/Shared/StrataDefinitions.h" 1758
"../../../Engine/Shaders/Private/Strata/StrataStatisticalOperators.ush" 1759
"../../../Engine/Shaders/Private/RayTracing/RayTracingCommonMetal.ush" 1760
"../../../Engine/Shaders/Private/PositionReconstructionCommon.ush" 1761
"../../../Engine/Shaders/Private/RayTracing/RayTracingHitGroupCommon.ush" 1762
"../../../Engine/Shaders/Shared/RayTracingBuiltInResources.h" 1763
"../../../Engine/Shaders/Private/VectorFieldVisualizationVertexFactory.ush" 1764
"../../../Engine/Shaders/Private/Nanite/NaniteVertexFactory.ush" 1765
"../../../Engine/Shaders/Private/LightmapData.ush" 1766
"../../../Engine/Shaders/Private/Nanite/NaniteDataDecode.ush" 1767
"../../../Engine/Shaders/Private/BitPacking.ush" 1768
"../../../Engine/Shaders/Private/BitStreamReaderImplementation.ush" 1769
"../../../Engine/Shaders/Shared/NaniteDefinitions.h" 1770
"../../../Engine/Shaders/Private/Nanite/NaniteAttributeDecode.ush" 1771
"../../../Engine/Shaders/Private/ParticleSpriteVertexFactory.ush" 1772
"../../../Engine/Shaders/Private/ParticleGPUSpriteVertexFactory.ush" 1773
"../../../Engine/Shaders/Private/ParticleBeamTrailVertexFactory.ush" 1774
"../../../Engine/Shaders/Private/MeshParticleVertexFactory.ush" 1775
"../../../Engine/Shaders/Private/LocalVertexFactory.ush" 1776
"../../../Engine/Shaders/Private/LocalVertexFactoryCommon.ush" 1777
"../../../Engine/Shaders/Private/GpuSkinCommon.ush" 1778
"../../../Engine/Shaders/Private/GpuSkinVertexFactory.ush" 1779
"../../../Engine/Shaders/Private/GeometryCollectionVertexFactory.ush" 1780
"../../../Engine/Shaders/Private/GeometryCacheVertexFactory.ush" 1781
"../../../Engine/Shaders/Private/LandscapeVertexFactory.ush" 1782
"../../../Engine/Plugins/Media/WmfMedia/Shaders/Private/MediaHardwareVideoDecoding.usf" 1783
"../../../Engine/Shaders/Private/ColorUtils.ush" 1784
"../../../Engine/Plugins/Media/ImgMedia/Shaders/Private/ExrSwizzler.usf" 1785
"../../../Engine/Plugins/Enterprise/GLTFExporter/Shaders/Private/SimpleTexture2DPS.usf" 1786
"../../../Engine/Shaders/Private/SimpleElementNormalMapPixelShader.usf" 1787
"../../../Engine/Plugins/FX/Niagara/Shaders/Private/NiagaraFillIntBuffer.usf" 1788
"../../../Engine/Plugins/FX/Niagara/Shaders/Private/NiagaraComputeFreeIDs.usf" 1789
"../../../Engine/Plugins/FX/Niagara/Shaders/Private/NiagaraInitFreeIDBuffer.usf" 1790
"../../../Engine/Plugins/FX/Niagara/Shaders/Private/NiagaraEmitterInstanceShader.usf" 1791
"../../../Engine/Plugins/FX/Niagara/Shaders/Private/NiagaraShaderVersion.ush" 1792
"../../../Engine/Shaders/Private/DistanceField/GlobalDistanceFieldShared.ush" 1793
"../../../Engine/Plugins/FX/Niagara/Shaders/Private/NiagaraPhysicsCommon.ush" 1794
"../../../Engine/Plugins/FX/Niagara/Shaders/Private/Ribbons/NiagaraRibbonGenerateIndices.usf" 1795
"../../../Engine/Plugins/FX/Niagara/Shaders/Private/Ribbons/NiagaraRibbonCommon.ush" 1796
"../../../Engine/Plugins/FX/Niagara/Shaders/Private/Ribbons/NiagaraRibbonInitializeIndices.usf" 1797
"../../../Engine/Plugins/FX/Niagara/Shaders/Private/Ribbons/NiagaraRibbonRibbonUVParamCalculation.usf" 1798
"../../../Engine/Plugins/FX/Niagara/Shaders/Private/Ribbons/NiagaraRibbonVertexReductionFinalization.usf" 1799
"../../../Engine/Plugins/FX/Niagara/Shaders/Private/Ribbons/NiagaraRibbonVertexReductionPropagation.usf" 1800
"../../../Engine/Plugins/FX/Niagara/Shaders/Private/Ribbons/NiagaraRibbonVertexReductionInitialization.usf" 1801
"../../../Engine/Plugins/FX/Niagara/Shaders/Private/Ribbons/NiagaraRibbonSortParticles.usf" 1802
"../../../Engine/Plugins/FX/Niagara/Shaders/Private/NiagaraUpdateMeshGPUSceneInstances.usf" 1803
"../../../Engine/Shaders/Private/ComputeShaderUtils.ush" 1804
"../../../Engine/Shaders/Private/GPUScene/GPUSceneWriter.ush" 1805
"../../../Engine/Plugins/FX/Niagara/Shaders/Private/NiagaraGenerateMips.usf" 1806
"../../../Engine/Plugins/FX/Niagara/Shaders/Private/NiagaraDebugDraw.usf" 1807
"../../../Engine/Plugins/FX/Niagara/Shaders/Private/NiagaraDebugDraw.ush" 1808
"../../../Engine/Plugins/FX/Niagara/Shaders/Private/NiagaraVisualizeTexture.usf" 1809
"../../../Engine/Plugins/FX/Niagara/Shaders/Private/NiagaraClearCounts.usf" 1810
"../../../Engine/Plugins/FX/Niagara/Shaders/Private/NiagaraBatchedElements.usf" 1811
"../../../Engine/Plugins/FX/Niagara/Shaders/Private/NiagaraRayTracingShaders.usf" 1812
"../../../Engine/Plugins/FX/Niagara/Shaders/Private/NiagaraAsyncGpuTraceCommon.ush" 1813
"../../../Engine/Shaders/Private/HashTable.ush" 1814
"../../../Engine/Shaders/Private/Hash.ush" 1815
"../../../Engine/Shaders/Private/RayTracing/VFXTraceRay.ush" 1816
"../../../Engine/Plugins/FX/Niagara/Shaders/Private/NiagaraRayMarchingShaders.usf" 1817
"../../../Engine/Plugins/FX/Niagara/Shaders/Private/NiagaraRayTraceCollisionGroupShaders.usf" 1818
"../../../Engine/Plugins/FX/Niagara/Shaders/Private/NiagaraAsyncGpuTraceUtils.usf" 1819
"../../../Engine/Plugins/FX/Niagara/Shaders/Private/NiagaraSortKeyGen.usf" 1820
"../../../Engine/Plugins/FX/Niagara/Shaders/Private/NiagaraGPURayTracingTransforms.usf" 1821
"../../../Engine/Plugins/FX/Niagara/Shaders/Private/NiagaraDrawIndirectArgsGen.usf" 1822
"../../../Engine/Plugins/FX/Niagara/Shaders/Private/NiagaraDispatchIndirectArgsGen.usf" 1823
"../../../Engine/Shaders/Private/SlateElementPixelShader.usf" 1824
"../../../Engine/Shaders/Private/SlateShaderCommon.ush" 1825
"../../../Engine/Shaders/Private/MaterialTemplate.ush" 1826
"../../../Engine/Shaders/Private/EyeAdaptationCommon.ush" 1827
"../../../Engine/Shaders/Private/SobolRandom.ush" 1828
"../../../Engine/Shaders/Private/DepthOfFieldCommon.ush" 1829
"../../../Engine/Shaders/Private/CircleDOFCommon.ush" 1830
"../../../Engine/Shaders/Private/PhysicsFieldSampler.ush" 1831
"../../../Engine/Shaders/Private/PhysicsFieldShared.ush" 1832
"../../../Engine/Shaders/Private/HairShadingCommon.ush" 1833
"../../../Engine/Shaders/Private/HairStrands/HairCardsAttributeCommon.ush" 1834
"../../../Engine/Shaders/Private/HairStrands/HairStrandsVertexFactoryCommon.ush" 1835
"../../../Engine/Shaders/Shared/HairStrandsDefinitions.h" 1836
"../../../Engine/Shaders/Private/HairStrands/HairStrandsAttributeCommon.ush" 1837
"../../../Engine/Shaders/Private/SpeedTreeCommon.ush" 1838
"../../../Engine/Shaders/Private/VirtualTextureCommon.ush" 1839
"../../../Engine/Shaders/Private/MaterialTexture.ush" 1840
"../../../Engine/Shaders/Private/MinMaterialTexCoords.ush" 1841
"../../../Engine/Shaders/Private/SkyAtmosphereCommon.ush" 1842
"../../../Engine/Shaders/Private/SingleLayerWaterCommon.ush" 1843
"../../../Engine/Shaders/Private/TextureSampling.ush" 1844
"../../../Engine/Shaders/Private/PaniniProjection.ush" 1845
"../../../Engine/Shaders/Private/DBufferNormalReprojection.ush" 1846
"../../../Engine/Shaders/Private/Strata/StrataTree.ush" 1847
"../../../Engine/Shaders/Private/Strata/StrataEvaluation.ush" 1848
"../../../Engine/Shaders/Private/SHCommon.ush" 1849
"../../../Engine/Shaders/Private/ShadingModels.ush" 1850
"../../../Engine/Shaders/Private/CapsuleLight.ush" 1851
"../../../Engine/Shaders/Private/RectLight.ush" 1852
"../../../Engine/Shaders/Private/LightData.ush" 1853
"../../../Engine/Shaders/Private/AreaLightCommon.ush" 1854
"../../../Engine/Shaders/Private/TransmissionCommon.ush" 1855
"../../../Engine/Shaders/Private/HairBsdf.ush" 1856
"../../../Engine/Shaders/Private/MobileGGX.ush" 1857
"../../../Engine/Shaders/Private/ShadingModelsSampling.ush" 1858
"../../../Engine/Shaders/Private/HairStrands/HairBsdfSample.ush" 1859
"../../../Engine/Shaders/Private/HairStrands/HairStrandsCommon.ush" 1860
"../../../Engine/Shaders/Private/HairStrands/HairStrandsDeepTransmittanceCommon.ush" 1861
"../../../Engine/Shaders/Private/HairStrands/HairStrandsDeepTransmittanceDualScattering.ush" 1862
"../../../Engine/Shaders/Private/HairStrands/HairStrandsEnvironmentLightingCommon.ush" 1863
"../../../Engine/Shaders/Private/Strata/StrataLegacyConversion.ush" 1864
"../../../Engine/Shaders/Private/DBufferDecalShared.ush" 1865
"../../../Engine/Shaders/Private/CompositeUIPixelShader.usf" 1866
"../../../Engine/Shaders/Private/TonemapCommon.ush" 1867
"../../../Engine/Shaders/Private/ACES.ush" 1868
"../../../Engine/Shaders/Private/ColorDeficiency.ush" 1869
"../../../Engine/Shaders/Private/SlateMaskingShader.usf" 1870
"../../../Engine/Shaders/Private/SlatePostProcessColorDeficiencyPixelShader.usf" 1871
"../../../Engine/Shaders/Private/SlatePostProcessPixelShader.usf" 1872
"../../../Engine/Shaders/Private/SlateVertexShader.usf" 1873
"../../../Engine/Shaders/Private/TranslucentLightingShaders.usf" 1874
"../../../Engine/Shaders/Private/ShadowProjectionCommon.ush" 1875
"../../../Engine/Shaders/Private/CubemapCommon.ush" 1876
"../../../Engine/Shaders/Private/VectorFieldCompositeShaders.usf" 1877
"../../../Engine/Shaders/Private/UpdateTextureShaders.usf" 1878
"../../../Engine/Shaders/Private/StereoLayerShader.usf" 1879
"../../../Engine/Shaders/Private/MorphTargets.usf" 1880
"../../../Engine/Shaders/Private/SimpleElementColorChannelMaskPixelShader.usf" 1881
"../../../Engine/Shaders/Private/SimpleElementHitProxyPixelShader.usf" 1882
"../../../Engine/Shaders/Private/SimpleElementPixelShader.usf" 1883
"../../../Engine/Shaders/Private/IESLightProfilesCommon.ush" 1884
"../../../Engine/Shaders/Private/SimpleElementVertexShader.usf" 1885
"../../../Engine/Shaders/Private/ScreenPixelShaderOES.usf" 1886
"../../../Engine/Shaders/Private/ScreenVertexShader.usf" 1887
"../../../Engine/Shaders/Private/ScreenPixelShader.usf" 1888
"../../../Engine/Shaders/Private/SSProfilePreIntegratedMobile.usf" 1889
"../../../Engine/Shaders/Private/Nanite/NaniteClusterCulling.usf" 1890
"../../../Engine/Shaders/Private/Nanite/NaniteCulling.ush" 1891
"../../../Engine/Shaders/Private/Nanite/NaniteHierarchyTraversalCommon.ush" 1892
"../../../Engine/Shaders/Private/Nanite/NaniteHierarchyTraversal.ush" 1893
"../../../Engine/Shaders/Private/WaveOpUtil.ush" 1894
"../../../Engine/Shaders/Private/VirtualShadowMaps/VirtualShadowMapPageOverlap.ush" 1895
"../../../Engine/Shaders/Private/Nanite/NaniteHZBCull.ush" 1896
"../../../Engine/Shaders/Private/VirtualShadowMaps/VirtualShadowMapPageAccessCommon.ush" 1897
"../../../Engine/Shaders/Shared/VirtualShadowMapDefinitions.h" 1898
"../../../Engine/Shaders/Private/VirtualShadowMaps/VirtualShadowMapStaticCaching.ush" 1899
"../../../Engine/Shaders/Private/Nanite/NaniteCullingCommon.ush" 1900
"../../../Engine/Shaders/Private/GPUMessaging.ush" 1901
"../../../Engine/Shaders/Private/Nanite/NaniteTranscode.usf" 1902
"../../../Engine/Shaders/Private/VolumetricLightmapStreaming.usf" 1903
"../../../Engine/Shaders/Private/PhysicsFieldReset.usf" 1904
"../../../Engine/Shaders/Private/PhysicsFieldBuilder.usf" 1905
"../../../Engine/Shaders/Private/PhysicsFieldEval.ush" 1906
"../../../Engine/Shaders/Private/ParticleSortKeyGen.usf" 1907
"../../../Engine/Shaders/Private/ParticleBoundsShader.usf" 1908
"../../../Engine/Shaders/Private/ParticleSimVisualizeShader.usf" 1909
"../../../Engine/Shaders/Private/ParticleInjectionShader.usf" 1910
"../../../Engine/Shaders/Private/ParticleSimulationShader.usf" 1911
"../../../Engine/Shaders/Private/ParticleCurveInjectionShader.usf" 1912
"../../../Engine/Shaders/Private/CopyUIntBuffer.usf" 1913
"../../../Engine/Shaders/Private/RadixSortShaders.usf" 1914
"../../../Engine/Shaders/Private/RecomputeTangentsPerVertexPass.usf" 1915
"../../../Engine/Shaders/Private/RecomputeTangentsCommon.ush" 1916
"../../../Engine/Shaders/Private/RecomputeTangentsPerTrianglePass.usf" 1917
"../../../Engine/Shaders/Private/GpuSkinCacheComputeShader.usf" 1918
"../../../Engine/Shaders/Private/HeightFieldAtlasManagement.usf" 1919
"../../../Engine/Shaders/Private/LandscapePhysicalMaterial.usf" 1920
"../../../Engine/Shaders/Private/LandscapeGrassWeight.usf" 1921
"../../../Engine/Shaders/Private/Landscape/LandscapeLayersWeightmapsPS.usf" 1922
"../../../Engine/Shaders/Private/Landscape/LandscapeLayersHeightmapsPS.usf" 1923
"../../../Engine/Shaders/Private/Landscape/LandscapeCommon.ush" 1924
"../../../Engine/Shaders/Private/LandscapeLayersCS.usf" 1925
"../../../Engine/Shaders/Private/LandscapeLayersPS.usf" 1926
"../../../Engine/Shaders/Private/LandscapeLayersVS.usf" 1927
"../../../Engine/Shaders/Private/Landscape/LandscapeMergeHeightmapsPS.usf" 1928
"../../../Engine/Shaders/Private/WideCustomResolveShaders.usf" 1929
"../../../Engine/Shaders/Private/WideCustomResolve_Wide.ush" 1930
"../../../Engine/Shaders/Private/WideCustomResolve_Wider.ush" 1931
"../../../Engine/Shaders/Private/WideCustomResolve_Widest.ush" 1932
"../../../Engine/Shaders/Private/PageTableUpdate.usf" 1933
"../../../Engine/Shaders/Private/VirtualTextureCompress.usf" 1934
"../../../Engine/Shaders/Private/BlockCompressionCommon.ush" 1935
"../../../Engine/Shaders/Private/BCCompressionCommon.ush" 1936
"../../../Engine/Shaders/Private/ETCCompressionCommon.ush" 1937
"../../../Engine/Shaders/Private/VirtualTextureMaterial.usf" 1938
"../../../Engine/Shaders/Private/PixelShaderOutputCommon.ush" 1939
"../../../Engine/Shaders/Private/ShaderOutputCommon.ush" 1940
"../../../Engine/Shaders/Private/VolumetricRenderTarget.usf" 1941
"../../../Engine/Shaders/Private/VolumetricFogVoxelization.usf" 1942
"../../../Engine/Shaders/Private/VolumetricCloudMaterialPixelCommon.ush" 1943
"../../../Engine/Shaders/Private/VolumetricFogLightFunction.usf" 1944
"../../../Engine/Shaders/Private/LightFunctionCommon.ush" 1945
"../../../Engine/Shaders/Private/VolumetricFog.usf" 1946
"../../../Engine/Shaders/Private/DeferredLightingCommon.ush" 1947
"../../../Engine/Shaders/Private/DynamicLightingCommon.ush" 1948
"../../../Engine/Shaders/Private/CapsuleLightIntegrate.ush" 1949
"../../../Engine/Shaders/Private/CapsuleLightSampling.ush" 1950
"../../../Engine/Shaders/Private/RectLightIntegrate.ush" 1951
"../../../Engine/Shaders/Private/LightGridCommon.ush" 1952
"../../../Engine/Shaders/Private/HeightFogCommon.ush" 1953
"../../../Engine/Shaders/Private/DistanceFieldAOShared.ush" 1954
"../../../Engine/Shaders/Private/VolumeLightingCommon.ush" 1955
"../../../Engine/Shaders/Private/ShadowFilteringCommon.ush" 1956
"../../../Engine/Shaders/Private/PixelQuadMessagePassing.ush" 1957
"../../../Engine/Shaders/Private/VolumeLightingCommonSampling.ush" 1958
"../../../Engine/Shaders/Private/VolumetricLightmapShared.ush" 1959
"../../../Engine/Shaders/Private/ForwardShadowingCommon.ush" 1960
"../../../Engine/Shaders/Private/LightDataUniforms.ush" 1961
"../../../Engine/Shaders/Private/Lumen/LumenTranslucencyVolumeShared.ush" 1962
"../../../Engine/Shaders/Private/Lumen/LumenRadianceCacheInterpolation.ush" 1963
"../../../Engine/Shaders/Private/VirtualShadowMaps/VirtualShadowMapProjectionCommon.ush" 1964
"../../../Engine/Shaders/Private/VirtualShadowMaps/VirtualShadowMapProjectionStructs.ush" 1965
"../../../Engine/Shaders/Private/VolumetricCloudCommon.ush" 1966
"../../../Engine/Shaders/Private/VolumetricCloud.usf" 1967
"../../../Engine/Shaders/Private/ColorMap.ush" 1968
"../../../Engine/Shaders/Private/ShaderPrint.ush" 1969
"../../../Engine/Shaders/Private/ShaderPrintCommon.ush" 1970
"../../../Engine/Shaders/Private/MiniFontCommon.ush" 1971
"../../../Engine/Shaders/Private/ReflectionEnvironmentShared.ush" 1972
"../../../Engine/Shaders/Private/BlueNoise.ush" 1973
"../../../Engine/Shaders/Private/VisualizeVolumetricLightmap.usf" 1974
"../../../Engine/Shaders/Private/VirtualShadowMaps/VirtualShadowMapProjectionComposite.usf" 1975
"../../../Engine/Shaders/Private/LightShaderParameters.ush" 1976
"../../../Engine/Shaders/Private/VirtualShadowMaps/VirtualShadowMapMaskBitsCommon.ush" 1977
"../../../Engine/Shaders/Private/VirtualShadowMaps/VirtualShadowMapProjection.usf" 1978
"../../../Engine/Shaders/Private/HairStrands/HairStrandsVisibilityCommon.ush" 1979
"../../../Engine/Shaders/Private/Visualization.ush" 1980
"../../../Engine/Shaders/Private/VirtualShadowMaps/VirtualShadowMapProjectionFilter.ush" 1981
"../../../Engine/Shaders/Private/VirtualShadowMaps/VirtualShadowMapProjectionDirectional.ush" 1982
"../../../Engine/Shaders/Private/PathTracing/Utilities/PathTracingRandomSequence.ush" 1983
"../../../Engine/Shaders/Private/VirtualShadowMaps/VirtualShadowMapSMRTCommon.ush" 1984
"../../../Engine/Shaders/Private/VirtualShadowMaps/VirtualShadowMapSMRTTemplate.ush" 1985
"../../../Engine/Shaders/Private/VirtualShadowMaps/VirtualShadowMapProjectionSpot.ush" 1986
"../../../Engine/Shaders/Private/VirtualShadowMaps/VirtualShadowMapTransmissionCommon.ush" 1987
"../../../Engine/Shaders/Private/HairStrands/HairStrandsVoxelPageCommon.ush" 1988
"../../../Engine/Shaders/Private/HairStrands/HairStrandsVoxelPageTraversal.ush" 1989
"../../../Engine/Shaders/Private/VirtualShadowMaps/VirtualShadowMapCacheManagement.usf" 1990
"../../../Engine/Shaders/Private/VirtualShadowMaps/VirtualShadowMapPageCacheCommon.ush" 1991
"../../../Engine/Shaders/Private/ScreenSpaceDenoise/SSDDefinitions.ush" 1992
"../../../Engine/Shaders/Private/InstanceCulling/InstanceCullingLoadBalancer.ush" 1993
"../../../Engine/Shaders/Private/VirtualShadowMaps/VirtualShadowMapCopyStats.usf" 1994
"../../../Engine/Shaders/Private/VirtualShadowMaps/VirtualShadowMapPageManagement.usf" 1995
"../../../Engine/Shaders/Shared/SingleLayerWaterDefinitions.h" 1996
"../../../Engine/Shaders/Private/HairStrands/HairStrandsTileCommon.ush" 1997
"../../../Engine/Shaders/Private/ReductionCommon.ush" 1998
"../../../Engine/Shaders/Private/VirtualShadowMaps/VirtualShadowMapStats.ush" 1999
"../../../Engine/Shaders/Private/VirtualShadowMaps/VirtualShadowMapBuildPerPageDrawCommands.usf" 2000
"../../../Engine/Shaders/Private/InstanceCulling/InstanceCullingCommon.ush" 2001
"../../../Engine/Shaders/Private/VirtualShadowMaps/VirtualShadowMapPrintStats.usf" 2002
"../../../Engine/Shaders/Private/VirtualShadowMaps/VirtualShadowMapDebug.usf" 2003
"../../../Engine/Shaders/Private/VelocityShader.usf" 2004
"../../../Engine/Shaders/Private/VelocityCommon.ush" 2005
"../../../Engine/Shaders/Private/VariableRateShading/VRSShadingRatePreview.usf" 2006
"../../../Engine/Shaders/Private/VariableRateShading/VRSShadingRateCommon.ush" 2007
"../../../Engine/Shaders/Private/VariableRateShading/VRSShadingRateCombine.usf" 2008
"../../../Engine/Shaders/Private/VariableRateShading/FixedFoveationVariableRateShading.usf" 2009
"../../../Engine/Shaders/Private/VariableRateShading/VRSShadingRateReproject.usf" 2010
"../../../Engine/Shaders/Private/VariableRateShading/VRSShadingRateCalculate.usf" 2011
"../../../Engine/Shaders/Private/TranslucencyUpsampling.usf" 2012
"../../../Engine/Shaders/Private/ScreenPass.ush" 2013
"../../../Engine/Shaders/Private/ComposeSeparateTranslucency.usf" 2014
"../../../Engine/Shaders/Private/SeparateTranslucency.ush" 2015
"../../../Engine/Shaders/Private/TranslucentLightInjectionShaders.usf" 2016
"../../../Engine/Shaders/Private/TranslucentShadowDepthShaders.usf" 2017
"../../../Engine/Shaders/Private/ShadowDepthCommon.ush" 2018
"../../../Engine/Shaders/Private/RayTracing/RayTracingTest.usf" 2019
"../../../Engine/Shaders/Private/PostProcessSubsurfaceTile.usf" 2020
"../../../Engine/Shaders/Private/Strata/StrataVisualize.usf" 2021
"../../../Engine/Shaders/Private/Strata/StrataTile.ush" 2022
"../../../Engine/Shaders/Private/SkyLightingDiffuseShared.ush" 2023
"../../../Engine/Shaders/Private/SkyLightingShared.ush" 2024
"../../../Engine/Shaders/Private/ClearCoatCommon.ush" 2025
"../../../Engine/Shaders/Private/ReflectionEnvironmentComposite.ush" 2026
"../../../Engine/Shaders/Private/Strata/StrataLightingCommon.ush" 2027
"../../../Engine/Shaders/Private/Strata/StrataRoughRefraction.usf" 2028
"../../../Engine/Shaders/Private/PathTracing/Material/PathTracingFresnel.ush" 2029
"../../../Engine/Shaders/Private/PathTracing/Material/PathTracingGlossy.ush" 2030
"../../../Engine/Shaders/Private/Strata/StrataTile.usf" 2031
"../../../Engine/Shaders/Private/Strata/StrataMaterialClassification.usf" 2032
"../../../Engine/Shaders/Private/Strata/StrataDBuffer.usf" 2033
"../../../Engine/Shaders/Private/SparseVolumeTexture/VisualizeSparseVolumeTexture.usf" 2034
"../../../Engine/Shaders/Private/SkyAtmosphere.usf" 2035
"../../../Engine/Shaders/Private/CopyDepthTexture.usf" 2036
"../../../Engine/Shaders/Private/SingleLayerWaterComposite.usf" 2037
"../../../Engine/Shaders/Private/ShadowProjectionVertexShader.usf" 2038
"../../../Engine/Shaders/Private/ShadowProjectionPixelShader.usf" 2039
"../../../Engine/Shaders/Private/ShadowPercentageCloserFiltering.ush" 2040
"../../../Engine/Shaders/Private/TransmissionThickness.ush" 2041
"../../../Engine/Shaders/Private/CopyShadowMaps.usf" 2042
"../../../Engine/Shaders/Private/ShadowDepthPixelShader.usf" 2043
"../../../Engine/Shaders/Private/ShadowDepthVertexShader.usf" 2044
"../../../Engine/Shaders/Private/ShadingEnergyConservationTable.usf" 2045
"../../../Engine/Shaders/Shared/PathTracingDefinitions.h" 2046
"../../../Engine/Shaders/Private/ShadingFurnaceTest.usf" 2047
"../../../Engine/Shaders/Private/Strata/StrataDeferredLighting.ush" 2048
"../../../Engine/Shaders/Private/ShaderPrintDraw.usf" 2049
"../../../Engine/Shaders/Private/ShaderPrintDrawPrimitive.usf" 2050
"../../../Engine/Shaders/Private/SSRT/SSRTDiffuseIndirect.usf" 2051
"../../../Engine/Shaders/Private/SSRT/SSRTRayCast.ush" 2052
"../../../Engine/Shaders/Private/SSRT/SSRTTileClassificationBuffer.ush" 2053
"../../../Engine/Shaders/Private/SSRT/SSRTReflections.usf" 2054
"../../../Engine/Shaders/Private/ScreenSpaceDenoise/SSDPublic.ush" 2055
"../../../Engine/Shaders/Private/SSRT/SSRTTileClassification.usf" 2056
"../../../Engine/Shaders/Private/SSRT/SSRTPrevFrameReduction.usf" 2057
"../../../Engine/Shaders/Private/ScreenSpaceDenoise/SSDComposeHarmonics.usf" 2058
"../../../Engine/Shaders/Private/ScreenSpaceDenoise/SSDPublicHarmonics.ush" 2059
"../../../Engine/Shaders/Private/ScreenSpaceDenoise/SSDSignalFramework.ush" 2060
"../../../Engine/Shaders/Private/ScreenSpaceDenoise/SSDCommon.ush" 2061
"../../../Engine/Shaders/Private/SphericalGaussian.ush" 2062
"../../../Engine/Shaders/Public/WaveBroadcastIntrinsics.ush" 2063
"../../../Engine/Shaders/Private/ScreenSpaceDenoise/SSDMetadata.ush" 2064
"../../../Engine/Shaders/Private/ScreenSpaceDenoise/SSDSignalCore.ush" 2065
"../../../Engine/Shaders/Private/ScreenSpaceDenoise/DenoisingCommon.ush" 2066
"../../../Engine/Shaders/Private/ScreenSpaceDenoise/SSDSignalArray.ush" 2067
"../../../Engine/Shaders/Private/ScreenSpaceDenoise/SSDSignalBufferEncoding.ush" 2068
"../../../Engine/Shaders/Private/ScreenSpaceDenoise/SSDPublicBufferEncoding.ush" 2069
"../../../Engine/Shaders/Private/Lumen/LumenBufferEncoding.ush" 2070
"../../../Engine/Shaders/Private/ScreenSpaceDenoise/SSDTemporalAccumulation.usf" 2071
"../../../Engine/Shaders/Private/ScreenSpaceDenoise/SSDSpatialKernel.ush" 2072
"../../../Engine/Shaders/Private/ScreenSpaceDenoise/SSDSignalAccumulatorArray.ush" 2073
"../../../Engine/Shaders/Private/ScreenSpaceDenoise/SSDSignalAccumulator.ush" 2074
"../../../Engine/Shaders/Private/ScreenSpaceDenoise/SSDSignalCompression.ush" 2075
"../../../Engine/Shaders/Private/ScreenSpaceDenoise/SSDSpatialAccumulation.usf" 2076
"../../../Engine/Shaders/Private/ScreenSpaceDenoise/SSDInjest.usf" 2077
"../../../Engine/Shaders/Private/ScreenSpaceDenoise/SSDCompressMetadata.usf" 2078
"../../../Engine/Shaders/Private/DownsampleDepthPixelShader.usf" 2079
"../../../Engine/Shaders/Private/ScreenPass.usf" 2080
"../../../Engine/Shaders/Private/HZB.usf" 2081
"../../../Engine/Shaders/Private/OcclusionFeedbackShaders.usf" 2082
"../../../Engine/Shaders/Private/HZBOcclusion.usf" 2083
"../../../Engine/Shaders/Private/OcclusionQueryPixelShader.usf" 2084
"../../../Engine/Shaders/Private/OcclusionQueryVertexShader.usf" 2085
"../../../Engine/Shaders/Private/HitProxyPixelShader.usf" 2086
"../../../Engine/Shaders/Private/HitProxyVertexShader.usf" 2087
"../../../Engine/Shaders/Private/SceneCapturePixelShader.usf" 2088
"../../../Engine/Shaders/Private/RTWriteMaskDecode.usf" 2089
"../../../Engine/Shaders/Private/ReflectionEnvironmentShaders.usf" 2090
"../../../Engine/Shaders/Private/RectLightAtlas.usf" 2091
"../../../Engine/Shaders/Private/RayTracing/TraceRayInlineStatistics.usf" 2092
"../../../Engine/Shaders/Private/RayTracing/TraceRayInlineCommon.ush" 2093
"../../../Engine/Shaders/Private/RayTracing/VisualizeSkyLightMipTreePS.usf" 2094
"../../../Engine/Shaders/Private/RayTracing/MipTreeCommon.ush" 2095
"../../../Engine/Shaders/Private/RayTracing/CompositeSkyLightPS.usf" 2096
"../../../Engine/Shaders/Private/RayTracing/GenerateSkyLightVisibilityRaysCS.usf" 2097
"../../../Engine/Shaders/Private/RayTracing/RayTracingSkyLightCommon.ush" 2098
"../../../Engine/Shaders/Private/RayTracing/SkyLightVisibilityRaysData.ush" 2099
"../../../Engine/Shaders/Private/Raytracing/RaytracingSkylightRGS.usf" 2100
"../../../Engine/Shaders/Private/HairStrands/HairStrandsRaytracing.ush" 2101
"../../../Engine/Shaders/Private/Raytracing/RayTracingSkyLightEvaluation.ush" 2102
"../../../Engine/Shaders/Private/Raytracing/RayTracingDeferredShadingCommon.ush" 2103
"../../../Engine/Shaders/Private/RayTracing/RayTracingOcclusionRGS.usf" 2104
"../../../Engine/Shaders/Private/RayTracing/RayTracingDirectionalLight.ush" 2105
"../../../Engine/Shaders/Private/RayTracing/RayTracingRectLight.ush" 2106
"../../../Engine/Shaders/Private/RayTracing/RayTracingSphereLight.ush" 2107
"../../../Engine/Shaders/Private/RayTracing/RayTracingCapsuleLight.ush" 2108
"../../../Engine/Shaders/Private/RayTracing/SplitImaginaryReflectionGBufferCS.usf" 2109
"../../../Engine/Shaders/Private/RayTracing/RayTracingReflectionsCommon.ush" 2110
"../../../Engine/Shaders/Private/RayTracing/RayTracingReflections.usf" 2111
"../../../Engine/Shaders/Private/RayTracing/RayTracingLightingCommon.ush" 2112
"../../../Engine/Shaders/Private/RayTracing/RayTracingLightCullingCommon.ush" 2113
"../../../Engine/Shaders/Private/RayTracing/RayTracingReflectionEnvironment.ush" 2114
"../../../Engine/Shaders/Private/RayTracing/RayTracingPrimaryRays.usf" 2115
"../../../Engine/Shaders/Private/RayTracing/RayTracingMaterialDefaultHitShaders.usf" 2116
"../../../Engine/Shaders/Private/RayTracing/RayTracingMaterialHitShaders.usf" 2117
"../../../Engine/Shaders/Private/RayTracing/RayTracingCalcInterpolants.ush" 2118
"../../../Engine/Shaders/Private/LightmapCommon.ush" 2119
"../../../Engine/Shaders/Private/Lumen/LumenHardwareRayTracingPayloadCommon.ush" 2120
"../../../Engine/Shaders/Private/Strata/StrataExport.ush" 2121
"../../../Engine/Shaders/Private/RayTracing/RayTracingLightingMS.usf" 2122
"../../../Engine/Shaders/Private/RayTracing/RayTracingLightFunctionCommon.ush" 2123
"../../../Engine/Shaders/Private/RayTracing/GenerateCulledLightListCS.usf" 2124
"../../../Engine/Shaders/Private/Raytracing/RayTracingInstanceBufferUtil.usf" 2125
"../../../Engine/Shaders/Private/RayTracing/RayTracingFinalGatherRGS.usf" 2126
"../../../Engine/Shaders/Private/RayTracing/RayTracingGatherPoints.ush" 2127
"../../../Engine/Shaders/Private/PathTracing/Light/PathTracingLightSampling.ush" 2128
"../../../Engine/Shaders/Private/PathTracing/Light/PathTracingLightCommon.ush" 2129
"../../../Engine/Shaders/Shared/RayTracingTypes.h" 2130
"../../../Engine/Shaders/Private/PathTracing/Light/PathTracingDirectionalLight.ush" 2131
"../../../Engine/Shaders/Private/PathTracing/Light/PathTracingPointLight.ush" 2132
"../../../Engine/Shaders/Private/PathTracing/Light/PathTracingCapsuleLight.ush" 2133
"../../../Engine/Shaders/Private/PathTracing/Light/PathTracingRectLight.ush" 2134
"../../../Engine/Shaders/Private/PathTracing/Light/PathTracingSkyLight.ush" 2135
"../../../Engine/Shaders/Private/PathTracing/Light/PathTracingSpotLight.ush" 2136
"../../../Engine/Shaders/Private/RayTracing/RayTracingCreateGatherPointsRGS.usf" 2137
"../../../Engine/Shaders/Private/RayTracing/RayTracingGlobalIlluminationRGS.usf" 2138
"../../../Engine/Shaders/Private/RayTracing/RayTracingDynamicMesh.usf" 2139
"../../../Engine/Shaders/Private/RayTracing/RayTracingDeferredReflections.usf" 2140
"../../../Engine/Shaders/Private/RayTracing/RayTracingDeferredMaterials.ush" 2141
"../../../Engine/Shaders/Shared/ThirdParty/AMD/ags_shader_intrinsics_dx12.h" 2142
"../../../Engine/Shaders/Private/RayTracing/RayTracingDeferredReflections.ush" 2143
"../../../Engine/Shaders/Private/RayTracing/RayTracingReflectionResolve.usf" 2144
"../../../Engine/Shaders/Private/RayTracing/RayTracingReflectionsGenerateRaysCS.usf" 2145
"../../../Engine/Shaders/Private/RayTracing/MaterialSort.usf" 2146
"../../../Engine/Shaders/Private/RayTracing/RayTracingDeferredMaterials.usf" 2147
"../../../Engine/Shaders/Private/RayTracing/RayTracingDefaultDecalHitShader.usf" 2148
"../../../Engine/Shaders/Private/RayTracing/RayTracingDecalMaterialShader.usf" 2149
"../../../Engine/Shaders/Private/RayTracing/RayTracingBuildDecalGrid.usf" 2150
"../../../Engine/Shaders/Private/RayTracing/RayTracingDebugInstanceOverlap.usf" 2151
"../../../Engine/Shaders/Private/RayTracing/RayTracingDebugPicking.usf" 2152
"../../../Engine/Shaders/Private/RayTracing/RayTracingDebugUtils.ush" 2153
"../../../Engine/Shaders/Shared/RayTracingDebugTypes.h" 2154
"../../../Engine/Shaders/Private/RayTracing/RayTracingDebugTraversal.usf" 2155
"../../../Engine/Shaders/Private/Nanite/NaniteRayTrace.ush" 2156
"../../../Engine/Shaders/Shared/ThirdParty/RayTriangleIntersection.h" 2157
"../../../Engine/Shaders/Shared/RayTracingDebugDefinitions.h" 2158
"../../../Engine/Shaders/Private/RayTracing/TraceRayInline.ush" 2159
"../../../Engine/Shaders/Private/RayTracing/TraceRayInlineVulkan.ush" 2160
"../../../Engine/Shaders/Private/RayTracing/TraceRayInlineMetal.ush" 2161
"../../../Engine/Shaders/Private/RayTracing/RayTracingDebugMS.usf" 2162
"../../../Engine/Shaders/Private/RayTracing/RayTracingDebugCHS.usf" 2163
"../../../Engine/Shaders/Private/RayTracing/RayTracingDebug.usf" 2164
"../../../Engine/Shaders/Private/RayTracing/RayTracingBuiltInShaders.usf" 2165
"../../../Engine/Shaders/Private/RayTracing/RayTracingBarycentrics.usf" 2166
"../../../Engine/Shaders/Private/RayTracing/RayTracingAmbientOcclusionRGS.usf" 2167
"../../../Engine/Shaders/Private/VisualizeShadingModels.usf" 2168
"../../../Engine/Shaders/Private/PostProcessCommon.ush" 2169
"../../../Engine/Shaders/Private/MotionBlur/VisualizeMotionVectors.usf" 2170
"../../../Engine/Shaders/Private/TemporalSuperResolution/TSRDebugHistory.usf" 2171
"../../../Engine/Shaders/Private/TemporalSuperResolution/TSRCommon.ush" 2172
"../../../Engine/Shaders/Public/DualPixelVectorization.ush" 2173
"../../../Engine/Shaders/Private/TemporalSuperResolution/TSRResolveHistory.usf" 2174
"../../../Engine/Shaders/Private/TemporalSuperResolution/TSRUpdateHistory.usf" 2175
"../../../Engine/Shaders/Private/TemporalSuperResolution/TSRFilterAntiAliasing.usf" 2176
"../../../Engine/Shaders/Private/TemporalSuperResolution/TSRSpatialAntiAliasing.usf" 2177
"../../../Engine/Shaders/Private/TemporalSuperResolution/TSRRejectShading.usf" 2178
"../../../Engine/Shaders/Public/LaneVectorization.ush" 2179
"../../../Engine/Shaders/Private/TemporalSuperResolution/TSRCompareTranslucency.usf" 2180
"../../../Engine/Shaders/Private/TemporalSuperResolution/TSRDecimateHistory.usf" 2181
"../../../Engine/Shaders/Private/TemporalSuperResolution/TSRDilateVelocity.usf" 2182
"../../../Engine/Shaders/Private/MotionBlur/MotionBlurVelocityFlatten.ush" 2183
"../../../Engine/Shaders/Private/MotionBlur/MotionBlurCommon.ush" 2184
"../../../Engine/Shaders/Private/TemporalSuperResolution/TSRForwardScatterDepth.usf" 2185
"../../../Engine/Shaders/Private/TemporalSuperResolution/TSRClearPrevTextures.usf" 2186
"../../../Engine/Shaders/Private/TemporalSuperResolution/TSRComputeMoireLuma.usf" 2187
"../../../Engine/Shaders/Private/TemporalAA.usf" 2188
"../../../Engine/Shaders/Private/FilterPixelShader.usf" 2189
"../../../Engine/Shaders/Private/FilterVertexShader.usf" 2190
"../../../Engine/Shaders/Private/PostProcessVisualizeBuffer.usf" 2191
"../../../Engine/Shaders/Private/PostProcessVisualizeLocalExposure.usf" 2192
"../../../Engine/Shaders/Private/PostProcessHistogramCommon.ush" 2193
"../../../Engine/Shaders/Private/PostProcessVisualizeLevelInstance.usf" 2194
"../../../Engine/Shaders/Private/PostProcessVisualizeHDR.usf" 2195
"../../../Engine/Shaders/Private/ShaderComplexityApplyPixelShader.usf" 2196
"../../../Engine/Shaders/Private/QuadOverdraw.ush" 2197
"../../../Engine/Shaders/Private/PostProcessUpscale.usf" 2198
"../../../Engine/Shaders/Private/PostProcessTonemap.usf" 2199
"../../../Engine/Shaders/Private/PostProcessing/FilmGrainPackConstants.usf" 2200
"../../../Engine/Shaders/Private/PostProcessing/FilmGrainReduce.usf" 2201
"../../../Engine/Shaders/Private/PostProcessTestImage.usf" 2202
"../../../Engine/Shaders/Private/PostProcessSubsurface.usf" 2203
"../../../Engine/Shaders/Private/SeparableSSS.ush" 2204
"../../../Engine/Shaders/Private/SubsurfaceBurleyNormalized.ush" 2205
"../../../Engine/Shaders/Private/PostProcessSelectionOutline.usf" 2206
"../../../Engine/Shaders/Private/PostProcessPixelProjectedReflectionMobile.usf" 2207
"../../../Engine/Shaders/Private/MotionBlur/MotionBlurVisualize.usf" 2208
"../../../Engine/Shaders/Private/MotionBlur/MotionBlurApply.usf" 2209
"../../../Engine/Shaders/Private/MotionBlur/MotionBlurFilterTileClassify.usf" 2210
"../../../Engine/Shaders/Private/MotionBlur/MotionBlurTileScatter.usf" 2211
"../../../Engine/Shaders/Private/MotionBlur/MotionBlurTileGather.usf" 2212
"../../../Engine/Shaders/Private/MotionBlur/MotionBlurVelocityFlatten.usf" 2213
"../../../Engine/Shaders/Private/PostProcessMobile.usf" 2214
"../../../Engine/Shaders/Private/PostProcessMitchellNetravali.usf" 2215
"../../../Engine/Shaders/Private/PostProcessMaterialShaders.usf" 2216
"../../../Engine/Shaders/Private/PostProcessLocalExposure.usf" 2217
"../../../Engine/Shaders/Private/PostProcessLensFlares.usf" 2218
"../../../Engine/Shaders/Private/PostProcessHMD.usf" 2219
"../../../Engine/Shaders/Private/Histogram.usf" 2220
"../../../Engine/Shaders/Private/PostProcessHistogramReduce.usf" 2221
"../../../Engine/Shaders/Private/PostProcessHistogram.usf" 2222
"../../../Engine/Shaders/Private/PostProcessGBufferHints.usf" 2223
"../../../Engine/Shaders/Private/Bloom/BloomFinalizeApplyConstants.usf" 2224
"../../../Engine/Shaders/Private/Bloom/BloomCommon.ush" 2225
"../../../Engine/Shaders/Private/Bloom/BloomResizeKernel.usf" 2226
"../../../Engine/Shaders/Private/Bloom/BloomClampKernel.usf" 2227
"../../../Engine/Shaders/Private/Bloom/BloomPackKernelConstants.usf" 2228
"../../../Engine/Shaders/Private/Bloom/BloomSumScatterDispersionEnergy.usf" 2229
"../../../Engine/Shaders/Private/Bloom/BloomReduceKernelSurvey.usf" 2230
"../../../Engine/Shaders/Private/Bloom/BloomSurveyKernelCenterEnergy.usf" 2231
"../../../Engine/Shaders/Private/Bloom/BloomSurveyMaxScatterDispersion.usf" 2232
"../../../Engine/Shaders/Private/Bloom/BloomFindKernelCenter.usf" 2233
"../../../Engine/Shaders/Private/PostProcessEyeAdaptation.usf" 2234
"../../../Engine/Shaders/Private/PostProcessDownsample.usf" 2235
"../../../Engine/Shaders/Private/PostProcessDOF.usf" 2236
"../../../Engine/Shaders/Private/PostProcessDeviceEncodingOnly.usf" 2237
"../../../Engine/Shaders/Private/PostProcessCompositeEditorPrimitives.usf" 2238
"../../../Engine/Shaders/Private/PostProcessCombineLUTs.usf" 2239
"../../../Engine/Shaders/Private/PostProcessVisualizeDOF.usf" 2240
"../../../Engine/Shaders/Private/PostProcessBloom.usf" 2241
"../../../Engine/Shaders/Private/PostProcessAmbientOcclusionMobile.usf" 2242
"../../../Engine/Shaders/Private/PostProcessAmbientOcclusionCommon.ush" 2243
"../../../Engine/Shaders/Private/FXAAShader.usf" 2244
"../../../Engine/Shaders/Private/Fxaa3_11.ush" 2245
"../../../Engine/Shaders/Private/DiaphragmDOF/DOFRecombine.usf" 2246
"../../../Engine/Shaders/Private/DiaphragmDOF/DOFCommon.ush" 2247
"../../../Engine/Shaders/Private/DiaphragmDOF/DOFHybridScatterPixelShader.usf" 2248
"../../../Engine/Shaders/Private/DiaphragmDOF/DOFHybridScatterCommon.ush" 2249
"../../../Engine/Shaders/Private/DiaphragmDOF/DOFHybridScatterVertexShader.usf" 2250
"../../../Engine/Shaders/Private/DiaphragmDOF/DOFPostfiltering.usf" 2251
"../../../Engine/Shaders/Private/DiaphragmDOF/DOFGatherTileSuggest.ush" 2252
"../../../Engine/Shaders/Private/DiaphragmDOF/DOFCocTileCommon.ush" 2253
"../../../Engine/Shaders/Private/DiaphragmDOF/DOFGatherPass.usf" 2254
"../../../Engine/Shaders/Private/DiaphragmDOF/DOFGatherCommon.ush" 2255
"../../../Engine/Shaders/Private/DiaphragmDOF/DOFGatherAccumulator.ush" 2256
"../../../Engine/Shaders/Private/DiaphragmDOF/DOFGatherKernel.ush" 2257
"../../../Engine/Shaders/Private/DiaphragmDOF/DOFBokehLUT.usf" 2258
"../../../Engine/Shaders/Private/DiaphragmDOF/DOFHybridScatterCompilation.usf" 2259
"../../../Engine/Shaders/Private/DiaphragmDOF/DOFReduce.usf" 2260
"../../../Engine/Shaders/Private/DiaphragmDOF/DOFDownsample.ush" 2261
"../../../Engine/Shaders/Private/DiaphragmDOF/DOFHybridScatterCompilation.ush" 2262
"../../../Engine/Shaders/Private/DiaphragmDOF/DOFDownsample.usf" 2263
"../../../Engine/Shaders/Private/DiaphragmDOF/DOFCocTileDilate.usf" 2264
"../../../Engine/Shaders/Private/DiaphragmDOF/DOFCocTileFlatten.usf" 2265
"../../../Engine/Shaders/Private/DiaphragmDOF/DOFSetup.usf" 2266
"../../../Engine/Shaders/Private/PlanarReflectionShaders.usf" 2267
"../../../Engine/Shaders/Private/PlanarReflectionShared.ush" 2268
"../../../Engine/Shaders/Private/PhysicsFieldVisualizer.usf" 2269
"../../../Engine/Shaders/Private/PathTracing/PathTracingSpatialTemporalDenoising.usf" 2270
"../../../Engine/Shaders/Private/ColorDifference.ush" 2271
"../../../Engine/Shaders/Private/PathTracing/PathTracingCompositingPixelShader.usf" 2272
"../../../Engine/Shaders/Private/PathTracing/PathTracingDefaultHitShader.usf" 2273
"../../../Engine/Shaders/Private/PathTracing/PathTracingCommon.ush" 2274
"../../../Engine/Shaders/Private/PathTracing/Material/PathTracingMaterialCommon.ush" 2275
"../../../Engine/Shaders/Private/PathTracing/PathTracingMaterialHitShader.usf" 2276
"../../../Engine/Shaders/Private/PathTracing/PathTracingShaderUtils.ush" 2277
"../../../Engine/Shaders/Private/PathTracing/Material/PathTracingThinGlass.ush" 2278
"../../../Engine/Shaders/Private/PathTracing/Material/PathTracingEnergyConservation.ush" 2279
"../../../Engine/Shaders/Private/PathTracing/PathTracingLightingMissShader.usf" 2280
"../../../Engine/Shaders/Private/PathTracing/PathTracingMissShader.usf" 2281
"../../../Engine/Shaders/Private/PathTracing/PathTracingBuildAtmosphereLUT.usf" 2282
"../../../Engine/Shaders/Private/PathTracing/Volume/PathTracingAtmosphereCommon.ush" 2283
"../../../Engine/Shaders/Private/PathTracing/PathTracingSwizzleScanlines.usf" 2284
"../../../Engine/Shaders/Private/PathTracing/PathTracingInitExtinctionCoefficient.usf" 2285
"../../../Engine/Shaders/Private/PathTracing/PathTracing.usf" 2286
"../../../Engine/Shaders/Private/PathTracing/PathTracingCore.ush" 2287
"../../../Engine/Shaders/Private/RayTracing/RayTracingDecalGrid.ush" 2288
"../../../Engine/Shaders/Private/PathTracing/Utilities/PathTracingRIS.ush" 2289
"../../../Engine/Shaders/Private/PathTracing/Light/PathTracingLightGrid.ush" 2290
"../../../Engine/Shaders/Private/PathTracing/Material/PathTracingMaterialSampling.ush" 2291
"../../../Engine/Shaders/Private/PathTracing/Material/PathTracingLambert.ush" 2292
"../../../Engine/Shaders/Private/PathTracing/Material/PathTracingSolidGlass.ush" 2293
"../../../Engine/Shaders/Private/PathTracing/Material/PathTracingDefaultLit.ush" 2294
"../../../Engine/Shaders/Private/PathTracing/Material/PathTracingClearCoat.ush" 2295
"../../../Engine/Shaders/Private/PathTracing/Material/PathTracingTwoSidedFoliage.ush" 2296
"../../../Engine/Shaders/Private/PathTracing/Material/PathTracingCloth.ush" 2297
"../../../Engine/Shaders/Private/PathTracing/Material/PathTracingSubsurfaceProfile.ush" 2298
"../../../Engine/Shaders/Private/PathTracing/Material/PathTracingEye.ush" 2299
"../../../Engine/Shaders/Private/PathTracing/Material/PathTracingHair.ush" 2300
"../../../Engine/Shaders/Private/PathTracing/Material/PathTracingMedium.ush" 2301
"../../../Engine/Shaders/Private/PathTracing/Volume/PathTracingVolume.ush" 2302
"../../../Engine/Shaders/Private/PathTracing/Volume/PathTracingVolumeCommon.ush" 2303
"../../../Engine/Shaders/Private/PathTracing/Volume/PathTracingAtmosphere.ush" 2304
"../../../Engine/Shaders/Private/DoubleWordMath.ush" 2305
"../../../Engine/Shaders/Private/PathTracing/Volume/PathTracingFog.ush" 2306
"../../../Engine/Shaders/Private/PathTracing/Volume/PathTracingVolumeSampling.ush" 2307
"../../../Engine/Shaders/Private/PathTracing/PathTracingBuildLightGrid.usf" 2308
"../../../Engine/Shaders/Private/PathTracing/PathTracingSkylightMISCompensation.usf" 2309
"../../../Engine/Shaders/Private/PathTracing/PathTracingSkylightPrepare.usf" 2310
"../../../Engine/Shaders/Private/OIT/OITSorting.usf" 2311
"../../../Engine/Shaders/Private/OITCombine.usf" 2312
"../../../Engine/Shaders/Private/OITCommon.ush" 2313
"../../../Engine/Shaders/Private/Nanite/NaniteDebugViews.usf" 2314
"../../../Engine/Shaders/Private/Nanite/NaniteDepthDecode.usf" 2315
"../../../Engine/Shaders/Private/HTileEncoding.ush" 2316
"../../../Engine/Shaders/Private/Nanite/NaniteMaterialComplexity.usf" 2317
"../../../Engine/Shaders/Private/Nanite/NaniteVisualize.usf" 2318
"../../../Engine/Shaders/Private/Nanite/NaniteStreamOut.usf" 2319
"../../../Engine/Shaders/Private/Nanite/NaniteMaterialCulling.usf" 2320
"../../../Engine/Shaders/Private/Nanite/NaniteDepthExport.usf" 2321
"../../../Engine/Shaders/Private/Nanite/NaniteExportGBuffer.usf" 2322
"../../../Engine/Shaders/Private/Nanite/NaniteRasterizer.usf" 2323
"../../../Engine/Shaders/Private/Nanite/NaniteRasterizationCommon.ush" 2324
"../../../Engine/Shaders/Private/Nanite/NaniteRasterizer.ush" 2325
"../../../Engine/Shaders/Private/Nanite/NaniteWritePixel.ush" 2326
"../../../Engine/Shaders/Private/Nanite/NaniteTessellation.ush" 2327
"../../../Engine/Shaders/Private/WorkDistribution.ush" 2328
"../../../Engine/Shaders/Private/Nanite/NaniteRasterBinning.usf" 2329
"../../../Engine/Shaders/Private/Nanite/NaniteInstanceCulling.usf" 2330
"../../../Engine/Shaders/Private/Nanite/NaniteImposter.ush" 2331
"../../../Engine/Shaders/Private/Nanite/NanitePrimitiveFilter.usf" 2332
"../../../Engine/Shaders/Private/Nanite/NaniteRasterClear.usf" 2333
"../../../Engine/Shaders/Private/Nanite/NanitePrintStats.usf" 2334
"../../../Engine/Shaders/Private/Nanite/NaniteEmitShadow.usf" 2335
"../../../Engine/Shaders/Private/MobileDeferredUtils.usf" 2336
"../../../Engine/Shaders/Private/MobileFog.usf" 2337
"../../../Engine/Shaders/Private/DistortApplyScreenPS.usf" 2338
"../../../Engine/Shaders/Private/MobileDeferredShading.usf" 2339
"../../../Engine/Shaders/Private/MobileLightingCommon.ush" 2340
"../../../Engine/Shaders/Private/MobileBasePassPixelShader.usf" 2341
"../../../Engine/Shaders/Private/MobileBasePassCommon.ush" 2342
"../../../Engine/Shaders/Private/BasePassCommon.ush" 2343
"../../../Engine/Shaders/Private/ShadingModelsMaterial.ush" 2344
"../../../Engine/Shaders/Private/ThinTranslucentCommon.ush" 2345
"../../../Engine/Shaders/Private/SingleLayerWaterShading.ush" 2346
"../../../Engine/Shaders/Private/DistortionCommon.ush" 2347
"../../../Engine/Shaders/Private/Strata/StrataMobileForwardLighting.ush" 2348
"../../../Engine/Shaders/Private/MobileBasePassVertexShader.usf" 2349
"../../../Engine/Shaders/Private/Lumen/LumenVisualizeRadianceCache.usf" 2350
"../../../Engine/Shaders/Private/Lumen/LumenRadianceCacheCommon.ush" 2351
"../../../Engine/Shaders/Private/Lumen/LumenVisualizeHardwareRayTracing.usf" 2352
"../../../Engine/Shaders/Private/Lumen/LumenCardCommon.ush" 2353
"../../../Engine/Shaders/Private/Lumen/LumenTracingCommon.ush" 2354
"../../../Engine/Shaders/Private/DistanceField/GlobalDistanceFieldUtils.ush" 2355
"../../../Engine/Shaders/Private/DistanceField/GlobalDistanceFieldObjectGrid.ush" 2356
"../../../Engine/Shaders/Private/DistanceFieldLightingShared.ush" 2357
"../../../Engine/Shaders/Private/Lumen/SurfaceCache/LumenSurfaceCacheSampling.ush" 2358
"../../../Engine/Shaders/Private/Lumen/SurfaceCache/LumenSurfaceCache.ush" 2359
"../../../Engine/Shaders/Private/Lumen/LumenVisualize.ush" 2360
"../../../Engine/Shaders/Private/Lumen/LumenHardwareRayTracingCommon.ush" 2361
"../../../Engine/Shaders/Private/Lumen/LumenHardwareRayTracingPipelineCommon.ush" 2362
"../../../Engine/Shaders/Private/Lumen/LumenHardwareRayTracingPlatformCommon.ush" 2363
"../../../Engine/Shaders/Private/Lumen/LumenHairTracing.ush" 2364
"../../../Engine/Shaders/Private/Lumen/LumenFog.ush" 2365
"../../../Engine/Shaders/Private/Lumen/LumenVisualize.usf" 2366
"../../../Engine/Shaders/Private/Lumen/LumenVisualizeTraces.ush" 2367
"../../../Engine/Shaders/Private/Lumen/LumenTranslucencyVolumeLighting.usf" 2368
"../../../Engine/Shaders/Private/Lumen/LumenRadianceCacheMarkCommon.ush" 2369
"../../../Engine/Shaders/Private/Lumen/LumenTranslucencyVolumeLightingShared.ush" 2370
"../../../Engine/Shaders/Private/Lumen/LumenScreenProbeCommon.ush" 2371
"../../../Engine/Shaders/Private/Lumen/LumenTranslucencyVolumeHardwareRayTracing.usf" 2372
"../../../Engine/Shaders/Private/Lumen/LumenTranslucencyRadianceCacheMarkShaders.usf" 2373
"../../../Engine/Shaders/Private/Lumen/SurfaceCache/LumenSurfaceCacheFeedback.usf" 2374
"../../../Engine/Shaders/Private/Lumen/SurfaceCache/LumenSurfaceCache.usf" 2375
"../../../Engine/Shaders/Private/Lumen/LumenShortRangeAOHardwareRayTracing.usf" 2376
"../../../Engine/Shaders/Private/Lumen/LumenMaterial.ush" 2377
"../../../Engine/Shaders/Private/Lumen/LumenScreenSpaceBentNormal.usf" 2378
"../../../Engine/Shaders/Private/Lumen/LumenScreenTracing.ush" 2379
"../../../Engine/Shaders/Private/Lumen/LumenScreenProbeTracing.usf" 2380
"../../../Engine/Shaders/Private/Lumen/LumenScreenProbeTracingCommon.ush" 2381
"../../../Engine/Shaders/Private/Lumen/LumenScreenProbeImportanceSampling.usf" 2382
"../../../Engine/Shaders/Private/Lumen/LumenScreenProbeImportanceSamplingShared.ush" 2383
"../../../Engine/Shaders/Private/Lumen/LumenScreenProbeHardwareRayTracing.usf" 2384
"../../../Engine/Shaders/Private/Lumen/LumenScreenProbeGather.usf" 2385
"../../../Engine/Shaders/Private/Lumen/LumenScreenSpaceBentNormal.ush" 2386
"../../../Engine/Shaders/Private/Lumen/LumenReflectionsCombine.ush" 2387
"../../../Engine/Shaders/Private/Lumen/LumenScreenProbeLightSampling.usf" 2388
"../../../Engine/Shaders/Private/Lumen/LumenScreenProbeFiltering.usf" 2389
"../../../Engine/Shaders/Private/Lumen/LumenSceneLighting.usf" 2390
"../../../Engine/Shaders/Private/Lumen/LumenCardTile.ush" 2391
"../../../Engine/Shaders/Private/Lumen/LumenSceneLighting.ush" 2392
"../../../Engine/Shaders/Private/Lumen/Radiosity/LumenRadiosity.ush" 2393
"../../../Engine/Shaders/Private/Lumen/LumenCardPixelShader.usf" 2394
"../../../Engine/Shaders/Private/Lumen/LumenCardVertexShader.usf" 2395
"../../../Engine/Shaders/Private/Lumen/LumenSceneLightingDebug.usf" 2396
"../../../Engine/Shaders/Private/Lumen/LumenSceneDirectLightingHardwareRayTracing.usf" 2397
"../../../Engine/Shaders/Private/Lumen/LumenReflectionCommon.ush" 2398
"../../../Engine/Shaders/Private/Lumen/LumenSceneDirectLighting.ush" 2399
"../../../Engine/Shaders/Private/Lumen/LumenSceneDirectLightingSoftwareRayTracing.usf" 2400
"../../../Engine/Shaders/Private/DistanceFieldShadowingShared.ush" 2401
"../../../Engine/Shaders/Private/Lumen/LumenSceneDirectLightingPerLightShadowCommon.ush" 2402
"../../../Engine/Shaders/Private/Lumen/LumenSceneDirectLightingShadowMask.usf" 2403
"../../../Engine/Shaders/Private/Lumen/LumenSceneDirectLighting.usf" 2404
"../../../Engine/Shaders/Private/Lumen/LumenSceneDirectLightingCulling.usf" 2405
"../../../Engine/Shaders/Private/Lumen/LumenReflectionTracing.usf" 2406
"../../../Engine/Shaders/Private/Lumen/LumenReflections.usf" 2407
"../../../Engine/Shaders/Private/Lumen/LumenReflectionHardwareRayTracing.usf" 2408
"../../../Engine/Shaders/Private/Lumen/Radiosity/LumenVisualizeRadiosityProbes.usf" 2409
"../../../Engine/Shaders/Private/Lumen/Radiosity/LumenRadiosity.usf" 2410
"../../../Engine/Shaders/Private/RayTracing/RayGenUtils.ush" 2411
"../../../Engine/Shaders/Private/Lumen/Radiosity/LumenRadiosityHardwareRayTracing.usf" 2412
"../../../Engine/Shaders/Private/Lumen/Radiosity/LumenRadiosityCulling.usf" 2413
"../../../Engine/Shaders/Private/Lumen/LumenRadianceCacheHardwareRayTracing.usf" 2414
"../../../Engine/Shaders/Private/Lumen/LumenRadianceCacheTracingCommon.ush" 2415
"../../../Engine/Shaders/Private/Lumen/LumenRadianceCache.usf" 2416
"../../../Engine/Shaders/Private/Lumen/LumenRadianceCacheUpdate.ush" 2417
"../../../Engine/Shaders/Private/Lumen/LumenRadianceCacheDebug.usf" 2418
"../../../Engine/Shaders/Private/Lumen/LumenRadianceCacheUpdate.usf" 2419
"../../../Engine/Shaders/Private/Lumen/LumenMeshSDFCulling.usf" 2420
"../../../Engine/Shaders/Private/HybridIndirectLighting.ush" 2421
"../../../Engine/Shaders/Private/MeshDistanceFieldCommon.ush" 2422
"../../../Engine/Shaders/Private/Lumen/LumenIrradianceFieldGather.usf" 2423
"../../../Engine/Shaders/Private/Lumen/LumenHardwareRayTracingMaterials.usf" 2424
"../../../Engine/Shaders/Private/Lumen/LumenHardwareRayTracingPipeline.usf" 2425
"../../../Engine/Shaders/Private/Lumen/LumenFrontLayerTranslucency.usf" 2426
"../../../Engine/Shaders/Private/LightShaftShader.usf" 2427
"../../../Engine/Shaders/Private/StationaryLightOverlapShaders.usf" 2428
"../../../Engine/Shaders/Private/DeferredLightPixelShaders.usf" 2429
"../../../Engine/Shaders/Private/HairStrands/HairStrandsVisibilityUtils.ush" 2430
"../../../Engine/Shaders/Private/DeferredLightVertexShaders.usf" 2431
"../../../Engine/Shaders/Private/LightMapDensityShader.usf" 2432
"../../../Engine/Shaders/Private/LightGridInjection.usf" 2433
"../../../Engine/Shaders/Private/LightFunctionPixelShader.usf" 2434
"../../../Engine/Shaders/Private/LightFunctionVertexShader.usf" 2435
"../../../Engine/Shaders/Private/InstanceCulling/BuildInstanceDrawCommands.usf" 2436
"../../../Engine/Shaders/Private/InstanceCulling/InstanceCompactionCommon.ush" 2437
"../../../Engine/Shaders/Private/InstanceCulling/CompactVisibleInstances.usf" 2438
"../../../Engine/Shaders/Private/ThreadGroupPrefixSum.ush" 2439
"../../../Engine/Shaders/Private/ReflectionEnvironmentPixelShader.usf" 2440
"../../../Engine/Shaders/Private/Strata/StrataEnvironmentLighting.ush" 2441
"../../../Engine/Shaders/Private/AmbientCubemapComposite.usf" 2442
"../../../Engine/Shaders/Private/DiffuseIndirectComposite.usf" 2443
"../../../Engine/Shaders/Private/IESAtlas.usf" 2444
"../../../Engine/Shaders/Private/HeterogeneousVolumes/HeterogeneousVolumesSparseVoxelPipeline.usf" 2445
"../../../Engine/Shaders/Private/HeterogeneousVolumes/HeterogeneousVolumesSparseVoxelUtils.ush" 2446
"../../../Engine/Shaders/Private/HeterogeneousVolumes/HeterogeneousVolumesSparseVoxelUniformBufferUtils.ush" 2447
"../../../Engine/Shaders/Private/HeterogeneousVolumes/HeterogeneousVolumesPreshadingPipeline.usf" 2448
"../../../Engine/Shaders/Private/HeterogeneousVolumes/HeterogeneousVolumesTracingUtils.ush" 2449
"../../../Engine/Shaders/Private/HeterogeneousVolumes/HeterogeneousVolumesLightingUtils.ush" 2450
"../../../Engine/Shaders/Private/HeterogeneousVolumes/HeterogeneousVolumesRayMarchingUtils.ush" 2451
"../../../Engine/Shaders/Private/HeterogeneousVolumes/HeterogeneousVolumesTransmittanceVolumeUtils.ush" 2452
"../../../Engine/Shaders/Private/HeterogeneousVolumes/HeterogeneousVolumesMaterialBakingPipeline.usf" 2453
"../../../Engine/Shaders/Private/HeterogeneousVolumes/HeterogeneousVolumesLiveShadingUtils.ush" 2454
"../../../Engine/Shaders/Private/HeterogeneousVolumes/HeterogeneousVolumesLiveShadingPipeline.usf" 2455
"../../../Engine/Shaders/Private/HeterogeneousVolumes/HeterogeneousVolumesHardwareRayTracing.usf" 2456
"../../../Engine/Shaders/Private/HeterogeneousVolumes/HeterogeneousVolumesComposite.usf" 2457
"../../../Engine/Shaders/Private/HdrCustomResolveShaders.usf" 2458
"../../../Engine/Shaders/Private/HairStrands/HairStrandsVoxelMip.usf" 2459
"../../../Engine/Shaders/Private/HairStrands/HairStrandsVoxelRasterCompute.usf" 2460
"../../../Engine/Shaders/Private/HairStrands/HairStrandsClusterCommon.ush" 2461
"../../../Engine/Shaders/Private/HairStrands/HairStrandsVoxelPageAllocation.usf" 2462
"../../../Engine/Shaders/Private/Matrices.ush" 2463
"../../../Engine/Shaders/Private/HairStrands/HairStrandsAABBCommon.ush" 2464
"../../../Engine/Shaders/Private/HairStrands/HairStrandsVoxelOpaque.usf" 2465
"../../../Engine/Shaders/Private/HairStrands/HairStrandsRaytracingGeometry.usf" 2466
"../../../Engine/Shaders/Private/HairStrands/HairStrandsHitProxy.usf" 2467
"../../../Engine/Shaders/Private/HairStrands/HairStrandsVisibilityRasterComputeNaive.usf" 2468
"../../../Engine/Shaders/Private/HairStrands/HairStrandsVisibilityRasterHW.usf" 2469
"../../../Engine/Shaders/Private/HairStrands/HairStrandsVisibilityRasterCompute.usf" 2470
"../../../Engine/Shaders/Private/HairStrands/HairStrandsVisibilityRasterClassification.usf" 2471
"../../../Engine/Shaders/Private/HairStrands/HairStrandsCoverage.usf" 2472
"../../../Engine/Shaders/Private/HairStrands/HairStrandsVisibilityDepthPS.usf" 2473
"../../../Engine/Shaders/Private/HairStrands/HairStrandsVisibilityTransmittanceDepthPS.usf" 2474
"../../../Engine/Shaders/Private/HairStrands/HairStrandsVisibilityFillOpaqueDepthPS.usf" 2475
"../../../Engine/Shaders/Private/HairStrands/HairStrandsVisibilityCompactionComputeRaster.usf" 2476
"../../../Engine/Shaders/Private/HairStrands/HairStrandsVisibilityCompaction.usf" 2477
"../../../Engine/Shaders/Private/HairStrands/HairStrandsVisibilityCopyIndirectArg.usf" 2478
"../../../Engine/Shaders/Private/HairStrands/HairStrandsVisibilityClearPS.usf" 2479
"../../../Engine/Shaders/Private/HairStrands/HairStrandsVisibilityPS.usf" 2480
"../../../Engine/Shaders/Private/HairStrands/HairStrandsVisibilityVS.usf" 2481
"../../../Engine/Shaders/Private/HairStrands/HairStrandsVelocity.usf" 2482
"../../../Engine/Shaders/Private/HairStrands/HairStrandsVisibilityComputeSampleCoverage.usf" 2483
"../../../Engine/Shaders/Private/HairStrands/HairStrandsMaterialPS.usf" 2484
"../../../Engine/Shaders/Private/HairStrands/HairStrandsMaterialCommon.ush" 2485
"../../../Engine/Shaders/Private/HairStrands/HairStrandsMaterialVS.usf" 2486
"../../../Engine/Shaders/Private/HairStrands/HairStrandsLightSample.usf" 2487
"../../../Engine/Shaders/Private/HairStrands/HairStrandsDeepShadowMask.usf" 2488
"../../../Engine/Shaders/Private/HairStrands/HairStrandsDeepShadowCommon.ush" 2489
"../../../Engine/Shaders/Private/HairStrands/HairStrandsDeepTransmittanceMask.usf" 2490
"../../../Engine/Shaders/Private/HairStrands/HairStrandsVisibilityTile.usf" 2491
"../../../Engine/Shaders/Private/HairStrands/HairStrandsDeepShadowPS.usf" 2492
"../../../Engine/Shaders/Private/HairStrands/HairStrandsDeepShadowVS.usf" 2493
"../../../Engine/Shaders/Private/HairStrands/HairStrandsLUT.usf" 2494
"../../../Engine/Shaders/Private/HairStrands/HairStrandsForwardRaster.usf" 2495
"../../../Engine/Shaders/Private/HairStrands/HairStrandsForwardCulling.usf" 2496
"../../../Engine/Shaders/Private/HairStrands/HairStrandsEnvironmentLighting.usf" 2497
"../../../Engine/Shaders/Private/HairStrands/HairStrandsDebugCommonStruct.ush" 2498
"../../../Engine/Shaders/Private/HairStrands/HairStrandsEnvironmentAO.usf" 2499
"../../../Engine/Shaders/Private/HairStrands/HairStrandsDeepShadowAllocation.usf" 2500
"../../../Engine/Shaders/Private/HairStrands/HairStrandsVoxelDepthInjection.usf" 2501
"../../../Engine/Shaders/Private/HairStrands/HairStrandsClusterCulling.usf" 2502
"../../../Engine/Shaders/Private/HairStrands/HairStrandsDebug.usf" 2503
"../../../Engine/Shaders/Private/HairStrands/HairStrandsMeshProjectionCommon.ush" 2504
"../../../Engine/Shaders/Private/HairStrands/HairStrandsVoxelPageRayMarching.usf" 2505
"../../../Engine/Shaders/Private/HairStrands/HairStrandsGBufferWrite.usf" 2506
"../../../Engine/Shaders/Private/HairStrands/HairStrandsGBufferCommon.ush" 2507
"../../../Engine/Shaders/Private/HairStrands/HairStrandsVisibilityComposeSubPixelPS.usf" 2508
"../../../Engine/Shaders/Private/HairStrands/HairStrandsAABB.usf" 2509
"../../../Engine/Shaders/Private/GPUScene/GPUSceneDataManagement.usf" 2510
"../../../Engine/Shaders/Private/GPUSceneDebugRender.usf" 2511
"../../../Engine/Shaders/Private/GPUFastFourierTransform.usf" 2512
"../../../Engine/Shaders/Private/GPUFastFourierTransform2DCore.ush" 2513
"../../../Engine/Shaders/Private/GPUFastFourierTransformCore.ush" 2514
"../../../Engine/Shaders/Private/GPUBenchmark.usf" 2515
"../../../Engine/Shaders/Private/DistanceField/GlobalDistanceFieldDebug.usf" 2516
"../../../Engine/Shaders/Private/DistanceField/GlobalDistanceFieldMip.usf" 2517
"../../../Engine/Shaders/Private/DistanceField/GlobalDistanceField.usf" 2518
"../../../Engine/Shaders/Private/DistanceField/GlobalDistanceFieldUpdate.ush" 2519
"../../../Engine/Shaders/Private/DistanceField/GlobalDistanceFieldCompositeObjects.usf" 2520
"../../../Engine/Shaders/Private/DistanceField/GlobalDistanceFieldHeightfields.usf" 2521
"../../../Engine/Shaders/Private/HeightfieldLightingShared.ush" 2522
"../../../Engine/Shaders/Private/GenerateConservativeDepth.usf" 2523
"../../../Engine/Shaders/Private/HeightFogPixelShader.usf" 2524
"../../../Engine/Shaders/Private/HeightFogVertexShader.usf" 2525
"../../../Engine/Shaders/Private/DistortFiltering.usf" 2526
"../../../Engine/Shaders/Private/DistortAccumulatePS.usf" 2527
"../../../Engine/Shaders/Private/DistortAccumulateVS.usf" 2528
"../../../Engine/Shaders/Private/DistanceFieldVisualization.usf" 2529
"../../../Engine/Shaders/Private/DistanceFieldStreaming.usf" 2530
"../../../Engine/Shaders/Private/DistanceFieldShadowing.usf" 2531
"../../../Engine/Shaders/Private/DistanceFieldScreenGridLighting.usf" 2532
"../../../Engine/Shaders/Private/DistanceFieldObjectCulling.usf" 2533
"../../../Engine/Shaders/Private/DistanceFieldLightingPost.usf" 2534
"../../../Engine/Shaders/Private/DitheredTransitionStencil.usf" 2535
"../../../Engine/Shaders/Private/DepthOnlyPixelShader.usf" 2536
"../../../Engine/Shaders/Private/DepthOnlyVertexShader.usf" 2537
"../../../Engine/Shaders/Private/PositionOnlyDepthVertexShader.usf" 2538
"../../../Engine/Shaders/Private/DeferredDecal.usf" 2539
"../../../Engine/Shaders/Private/DecalCommon.ush" 2540
"../../../Engine/Shaders/Private/DebugViewModeVertexShader.usf" 2541
"../../../Engine/Shaders/Private/DebugViewModeCommon.ush" 2542
"../../../Engine/Shaders/Private/DebugViewModePixelShader.usf" 2543
"../../../Engine/Shaders/Private/DebugProbes.usf" 2544
"../../../Engine/Shaders/Private/MeshDecals.usf" 2545
"../../../Engine/Shaders/Private/PostProcessAmbientOcclusion.usf" 2546
"../../../Engine/Shaders/Private/ClusteredDeferredShadingPixelShader.usf" 2547
"../../../Engine/Shaders/Private/ClusteredDeferredShadingVertexShader.usf" 2548
"../../../Engine/Shaders/Private/CapsuleShadowShaders.usf" 2549
"../../../Engine/Shaders/Private/BasePassPixelShader.usf" 2550
"../../../Engine/Shaders/Private/ForwardLightingCommon.ush" 2551
"../../../Engine/Shaders/Private/Strata/StrataForwardLighting.ush" 2552
"../../../Engine/Shaders/Private/ComputeShaderOutputCommon.ush" 2553
"../../../Engine/Shaders/Private/BasePassVertexShader.usf" 2554
"../../../Engine/Shaders/Private/BasePassVertexCommon.ush" 2555
"../../../Engine/Shaders/Private/AnisotropyPassShader.usf" 2556
"../../../Engine/Shaders/Private/SimpleElementVolumeTexturePreviewPixelShader.usf" 2557
"../../../Engine/Shaders/Private/SimpleElementTexture2DPreviewPixelShader.usf" 2558
"../../../Engine/Shaders/Private/meshpaintdilatepixelshader.usf" 2559
"../../../Engine/Shaders/Private/meshpaintdilatevertexshader.usf" 2560
"../../../Engine/Shaders/Private/MeshPaintPixelShader.usf" 2561
"../../../Engine/Shaders/Private/MeshPaintVertexShader.usf" 2562
"../../../Engine/Shaders/Private/Tools/VisualizeTexture.usf" 2563
"../../../Engine/Shaders/Private/ByteBuffer.usf" 2564
"../../../Engine/Shaders/Private/ResolveVertexShader.usf" 2565
"../../../Engine/Shaders/Private/ResolvePixelShader.usf" 2566
"../../../Engine/Shaders/Private/Tools/SetupIndirectArgs.usf" 2567
"../../../Engine/Shaders/Private/Tools/ClearUAV.usf" 2568
"../../../Engine/Shaders/Private/ClearReplacementShaders.usf" 2569
"../../../Engine/Shaders/Private/Tools/DrawTexture.usf" 2570
"../../../Engine/Shaders/Private/RayTracing/RayTracingValidation.usf" 2571
"../../../Engine/Shaders/Private/RenderGraphUtilities.usf" 2572
"../../../Engine/Shaders/Private/OneColorShader.usf" 2573
"../../../Engine/Shaders/Private/OculusShaders.usf" 2574
"../../../Engine/Shaders/Private/MediaShaders.usf" 2575
"../../../Engine/Shaders/Private/GPUMessaging.usf" 2576
"../../../Engine/Shaders/Private/NullPixelShader.usf" 2577
"../../../Engine/Shaders/Private/ComputeGenerateMips.usf" 2578
"../../../Engine/Shaders/Private/Tools/DumpTexture.usf" 2579
"../../../Engine/Shaders/Private/CopyTextureShaders.usf" 2580
"../../../Engine/Shaders/Private/Tools/FullscreenVertexShader.usf" 2581
"../../../Engine/Shaders/Private/RayTracing/RayTracingDispatchDesc.usf" 2582
"../../../Engine/Shaders/Private/Bink.usf" 2583
"../../../Engine/Content/EditorResources/S_Actor.uasset" 2584
"C:/Users/emanu/AppData/Local/UnrealEngine/Common/DerivedDataCache/Buckets/BulkDataList/28/3e/659c70d096b871e39de62beaf4df01f8a665.udd" 2585
"E:/Projects/EcoBots/Intermediate/ShaderAutogen/VULKAN_ES3_1_ANDROID/AutogenShaderHeaders.ush" 2586
"E:/Projects/EcoBots/Intermediate/ShaderAutogen/OPENGL_ES3_1_ANDROID/AutogenShaderHeaders.ush" 2587
"E:/Projects/EcoBots/Intermediate/ShaderAutogen/PCD3D_ES3_1/AutogenShaderHeaders.ush" 2588
"../../../Engine/Content/EditorResources/S_BoxReflectionCapture.uasset" 2589
"C:/Users/emanu/AppData/Local/UnrealEngine/Common/DerivedDataCache/Buckets/BulkDataList/c7/ce/a8c2963d03218b1e1dd6de1f3b495d0f599d.udd" 2590
"../../../Engine/Content/EngineResources/DefaultTexture.uasset" 2591
"C:/Users/emanu/AppData/Local/UnrealEngine/Common/DerivedDataCache/Buckets/BulkDataList/a8/36/f45a5b677047a7e00c427dd4a635d4af1453.udd" 2592
"../../../Engine/Content/EngineResources/DefaultTextureCube.uasset" 2593
"C:/Users/emanu/AppData/Local/UnrealEngine/Common/DerivedDataCache/Buckets/BulkDataList/f4/41/4b34339a0566ecaa2fa0b9844807e9bda7db.udd" 2594
"../../../Engine/Content/EngineResources/DefaultVolumeTexture.uasset" 2595
"../../../Engine/Content/EngineResources/DefaultVolumeTexture2D.uasset" 2596
"C:/Users/emanu/AppData/Local/UnrealEngine/Common/DerivedDataCache/Buckets/BulkDataList/a6/55/f584c1caf268e684fc4a72e5da41c8333f0e.udd" 2597
"C:/Users/emanu/AppData/Local/UnrealEngine/Common/DerivedDataCache/Buckets/BulkDataList/b5/c6/081809cb146a7905f651c9bb3fcf39cf01f0.udd" 2598
"../../../Engine/Content/EngineFonts/RobotoDistanceField.uasset" 2599
"C:/Users/emanu/AppData/Local/UnrealEngine/Common/DerivedDataCache/Buckets/BulkDataList/8e/61/28ec9927b93d44dab46d002f25af96bd09f5.udd" 2600
"../../../Engine/Content/EngineMaterials/DefaultTextMaterialOpaque.uasset" 2601
"../../../Engine/Content/Functions/Engine_MaterialFunctions01/Shading/PowerToRoughness.uasset" 2602
"../../../Engine/Content/Functions/Engine_MaterialFunctions01/Shading/ConvertFromDiffSpec.uasset" 2603
"../../../Engine/Content/EngineMaterials/WorldGridMaterial.uasset" 2604
"../../../Engine/Content/Functions/Engine_MaterialFunctions01/Opacity/CameraDepthFade.uasset" 2605
"../../../Engine/Content/EngineMaterials/T_Default_Material_Grid_M.uasset" 2606
"../../../Engine/Content/EngineMaterials/T_Default_Material_Grid_N.uasset" 2607
"../../../Engine/Content/EngineMaterials/DefaultDeferredDecalMaterial.uasset" 2608
"../../../Engine/Content/EngineMaterials/DefaultDiffuse.uasset" 2609
"../../../Engine/Content/EngineMaterials/DefaultLightFunctionMaterial.uasset" 2610
"../../../Engine/Content/EngineMaterials/DefaultPostProcessMaterial.uasset" 2611
"../../../Engine/Content/Functions/Engine_MaterialFunctions02/Utility/BreakOutFloat2Components.uasset" 2612
"C:/Users/emanu/AppData/Local/UnrealEngine/Common/DerivedDataCache/Buckets/BulkDataList/40/80/d3c3e5243e4344424532e6607ec82bcb8fa6.udd" 2613
"C:/Users/emanu/AppData/Local/UnrealEngine/Common/DerivedDataCache/Buckets/BulkDataList/ca/fd/a4abdfc5d451c9fb351fffd432681930a699.udd" 2614
"C:/Users/emanu/AppData/Local/UnrealEngine/Common/DerivedDataCache/Buckets/BulkDataList/9e/3b/ec23d8f312475e8fe22ee3ed74e24309a88e.udd" 2615
"../../../Engine/Content/EditorResources/S_Trigger.uasset" 2616
"C:/Users/emanu/AppData/Local/UnrealEngine/Common/DerivedDataCache/Buckets/BulkDataList/68/3b/97de2695808dc5fce5cc0097e0828747ada4.udd" 2617
"../../../Engine/Content/EditorResources/S_TriggerBox.uasset" 2618
"C:/Users/emanu/AppData/Local/UnrealEngine/Common/DerivedDataCache/Buckets/BulkDataList/80/2d/ff9ff3072097e125dbc6a6613d371299207c.udd" 2619
"../../../Engine/Content/EditorResources/S_TriggerCapsule.uasset" 2620
"C:/Users/emanu/AppData/Local/UnrealEngine/Common/DerivedDataCache/Buckets/BulkDataList/3c/8c/e09b17ba4b32bfd9170af2f34df51bf236e4.udd" 2621
"../../../Engine/Content/EditorResources/S_TriggerSphere.uasset" 2622
"C:/Users/emanu/AppData/Local/UnrealEngine/Common/DerivedDataCache/Buckets/BulkDataList/89/eb/98af938235088ed8e7fd0bf12c0cf3a57e5f.udd" 2623
"../../../Engine/Content/EngineDamageTypes/DmgTypeBP_Environmental.uasset" 2624
"../../../Engine/Content/EngineSky/VolumetricClouds/m_SimpleVolumetricCloud_Inst.uasset" 2625
"../../../Engine/Content/EngineSky/VolumetricClouds/m_SimpleVolumetricCloud.uasset" 2626
"../../../Engine/Content/Functions/Engine_MaterialFunctions02/Utility/MakeFloat2.uasset" 2627
"../../../Engine/Content/EngineSky/VolumetricClouds/CloudGradientTexture.uasset" 2628
"../../../Engine/Content/EngineSky/VolumetricClouds/CloudWeatherTexture.uasset" 2629
"../../../Engine/Content/EngineSky/VolumetricClouds/T_VolumeNoiseErosion32.uasset" 2630
"../../../Engine/Content/EngineSky/VolumetricClouds/T_NoiseErosion.uasset" 2631
"../../../Engine/Content/EngineSky/VolumetricClouds/T_VolumeNoiseShape64.uasset" 2632
"../../../Engine/Content/EngineSky/VolumetricClouds/T_NoiseShape64.uasset" 2633
"C:/Users/emanu/AppData/Local/UnrealEngine/Common/DerivedDataCache/Buckets/BulkDataList/b1/66/ca33e1706e17c0ff322627016096bda39b7b.udd" 2634
"C:/Users/emanu/AppData/Local/UnrealEngine/Common/DerivedDataCache/Buckets/BulkDataList/9b/67/9d107e3d065abe044101297111c9db675e55.udd" 2635
"C:/Users/emanu/AppData/Local/UnrealEngine/Common/DerivedDataCache/Buckets/BulkDataList/90/21/ad0b637ffdfdff841a19f9090246638cec55.udd" 2636
"C:/Users/emanu/AppData/Local/UnrealEngine/Common/DerivedDataCache/Buckets/BulkDataList/7d/08/53a4e5c47022c417ebe38ed9ae417b324fe6.udd" 2637
"C:/Users/emanu/AppData/Local/UnrealEngine/Common/DerivedDataCache/Buckets/BulkDataList/b1/18/c8b4e9403544fdcaebde93775982440f7814.udd" 2638
"C:/Users/emanu/AppData/Local/UnrealEngine/Common/DerivedDataCache/Buckets/BulkDataList/f4/d5/de0b8a5ac30f442ff0e923fce506c0540034.udd" 2639
"../../../Engine/Content/EngineMeshes/Sphere.uasset" 2640
"C:/Users/emanu/AppData/Local/UnrealEngine/Common/DerivedDataCache/Buckets/StaticMesh/56/86/4b851ef058b4f312007108f0efa3f9caad76.udd" 2641
"C:/Users/emanu/AppData/Local/UnrealEngine/Common/DerivedDataCache/Buckets/LegacyDIST/e2/ae/2afa755ff7e9429963f5e52c3b75c8a48fa6.udd" 2642
"C:/Users/emanu/AppData/Local/UnrealEngine/Common/DerivedDataCache/Buckets/LegacyCARD/7a/67/0103309eb61fb439d741408be411ed9e217b.udd" 2643
"C:/Users/emanu/AppData/Local/UnrealEngine/Common/DerivedDataCache/Buckets/LegacyNavCollision/1a/ea/6b0e8fab9d1212ee8db58df061bb0b14406b.udd" 2644
"../../../Engine/Content/EngineResources/WhiteSquareTexture.uasset" 2645
"C:/Users/emanu/AppData/Local/UnrealEngine/Common/DerivedDataCache/Buckets/BulkDataList/c9/a8/66edd8aa1565954cc3ee7a97aff101608c95.udd" 2646
"../../../Engine/Content/EngineResources/GradientTexture0.uasset" 2647
"C:/Users/emanu/AppData/Local/UnrealEngine/Common/DerivedDataCache/Buckets/BulkDataList/35/a5/84dcb60d03ca83f623dc393962742f3c7a98.udd" 2648
"../../../Engine/Content/EngineResources/Black.uasset" 2649
"C:/Users/emanu/AppData/Local/UnrealEngine/Common/DerivedDataCache/Buckets/BulkDataList/e5/7c/353d21ed96f0d0ff487f059ca754f01949e1.udd" 2650
"../../../Engine/Content/EngineMaterials/Widget3DPassThrough_Translucent.uasset" 2651
"../../../Engine/Content/EngineMaterials/Widget3DPassThrough.uasset" 2652
"../../../Engine/Content/EngineMaterials/Widget3DPassThrough_Translucent_OneSided.uasset" 2653
"../../../Engine/Content/EngineMaterials/Widget3DPassThrough_Opaque.uasset" 2654
"../../../Engine/Content/EngineMaterials/Widget3DPassThrough_Opaque_OneSided.uasset" 2655
"../../../Engine/Content/EngineMaterials/Widget3DPassThrough_Masked.uasset" 2656
"../../../Engine/Content/EngineMaterials/Widget3DPassThrough_Masked_OneSided.uasset" 2657
"../../../Engine/Content/VREditor/TransformGizmo/PlaneTranslationHandle.uasset" 2658
"../../../Engine/Content/VREditor/TransformGizmo/TransformGizmoMaterial.uasset" 2659
"../../../Engine/Content/VREditor/LaserPointer/VR_LaserPower_01.uasset" 2660
"../../../Engine/Content/VREditor/TransformGizmo/TranslucentTransformGizmoMaterial.uasset" 2661
"C:/Users/emanu/AppData/Local/UnrealEngine/Common/DerivedDataCache/Buckets/BulkDataList/fe/58/8084867abd2b1af11c5754888689b34859a7.udd" 2662
"C:/Users/emanu/AppData/Local/UnrealEngine/Common/DerivedDataCache/Buckets/StaticMesh/d2/4b/65c33361560aa3febaf93e3b0143ea53c174.udd" 2663
"C:/Users/emanu/AppData/Local/UnrealEngine/Common/DerivedDataCache/Buckets/LegacyDIST/85/87/78487ef4ac4d1aa7111f1c1171ab97468e28.udd" 2664
"C:/Users/emanu/AppData/Local/UnrealEngine/Common/DerivedDataCache/Buckets/LegacyCARD/e0/74/a9ff210039d00ca18b00f66089c0a84891f1.udd" 2665
"../../../Engine/Content/VREditor/TransformGizmo/BoundingBoxCorner.uasset" 2666
"C:/Users/emanu/AppData/Local/UnrealEngine/Common/DerivedDataCache/Buckets/StaticMesh/15/11/d729a202ad273f36192711332b1e85722b4f.udd" 2667
"C:/Users/emanu/AppData/Local/UnrealEngine/Common/DerivedDataCache/Buckets/LegacyDIST/05/9e/86bad435f6f8bde71663546035c5cbc62c51.udd" 2668
"C:/Users/emanu/AppData/Local/UnrealEngine/Common/DerivedDataCache/Buckets/LegacyCARD/9b/ea/1e63b6a516fcdf6ed8984b04272e57bac95d.udd" 2669
"../../../Engine/Content/VREditor/TransformGizmo/BoundingBoxEdge.uasset" 2670
"C:/Users/emanu/AppData/Local/UnrealEngine/Common/DerivedDataCache/Buckets/StaticMesh/88/0f/ba88afc455d9d2e0a4e23fd9a913b97b7f1d.udd" 2671
"C:/Users/emanu/AppData/Local/UnrealEngine/Common/DerivedDataCache/Buckets/LegacyDIST/88/13/4504ac0c7e37a482fb1bd5bd0b4bf8e2ce8b.udd" 2672
"C:/Users/emanu/AppData/Local/UnrealEngine/Common/DerivedDataCache/Buckets/LegacyCARD/4a/61/a1116f3811a7130f8eccca492926a71da0e6.udd" 2673
"../../../Engine/Content/VREditor/TransformGizmo/SM_Sequencer_Node.uasset" 2674
"../../../Engine/Content/VREditor/TransformGizmo/Main.uasset" 2675
"../../../Engine/Content/VREditor/TransformGizmo/Xray.uasset" 2676
"C:/Users/emanu/AppData/Local/UnrealEngine/Common/DerivedDataCache/Buckets/StaticMesh/6e/0f/ec898f597eabefaea7b78ac4111219d08a1c.udd" 2677
"C:/Users/emanu/AppData/Local/UnrealEngine/Common/DerivedDataCache/Buckets/LegacyDIST/b0/75/6febd93a5eca937f2183b81585c86cdd4155.udd" 2678
"C:/Users/emanu/AppData/Local/UnrealEngine/Common/DerivedDataCache/Buckets/LegacyCARD/cb/7a/dfb4e710ef1f8207f7fca07a363038c3c31e.udd" 2679
"../../../Engine/Content/EditorMeshes/Camera/SM_CraneRig_Base.uasset" 2680
"../../../Engine/Content/EditorMaterials/Camera/MI_CineMat_Rig.uasset" 2681
"../../../Engine/Content/EditorMaterials/Camera/CineMat.uasset" 2682
"C:/Users/emanu/AppData/Local/UnrealEngine/Common/DerivedDataCache/Buckets/StaticMesh/9f/92/d51405485d3c96c31354cc7355c46e5aa265.udd" 2683
"C:/Users/emanu/AppData/Local/UnrealEngine/Common/DerivedDataCache/Buckets/LegacyDIST/a6/25/8b5993ed355586ab427cf82216e76bf0cb10.udd" 2684
"C:/Users/emanu/AppData/Local/UnrealEngine/Common/DerivedDataCache/Buckets/LegacyCARD/80/ff/307a24985120761212b22868fa994501efe9.udd" 2685
"../../../Engine/Content/EditorMeshes/Camera/SM_CraneRig_Arm.uasset" 2686
"C:/Users/emanu/AppData/Local/UnrealEngine/Common/DerivedDataCache/Buckets/StaticMesh/db/71/3e9152edf773f5219fc000fb3daa7a295c08.udd" 2687
"C:/Users/emanu/AppData/Local/UnrealEngine/Common/DerivedDataCache/Buckets/LegacyDIST/6b/e4/22a1e196812cbb6d52cd3560bea86b8f2c8c.udd" 2688
"C:/Users/emanu/AppData/Local/UnrealEngine/Common/DerivedDataCache/Buckets/LegacyCARD/a9/55/5bf82a507ee5750b62f7f9cc3f05ce054c68.udd" 2689
"../../../Engine/Content/EditorMeshes/Camera/SM_CraneRig_Mount.uasset" 2690
"C:/Users/emanu/AppData/Local/UnrealEngine/Common/DerivedDataCache/Buckets/StaticMesh/b7/4d/6ba64841be11ed78fa5c7f60a5642b50276e.udd" 2691
"C:/Users/emanu/AppData/Local/UnrealEngine/Common/DerivedDataCache/Buckets/LegacyDIST/3f/18/1663a29e8ce2618b68e89afee8003f9abb36.udd" 2692
"C:/Users/emanu/AppData/Local/UnrealEngine/Common/DerivedDataCache/Buckets/LegacyCARD/aa/57/98599fd4ee2e4751576cae65ca3380d48b2f.udd" 2693
"../../../Engine/Content/EditorMeshes/Camera/SM_CraneRig_Body.uasset" 2694
"C:/Users/emanu/AppData/Local/UnrealEngine/Common/DerivedDataCache/Buckets/StaticMesh/19/42/c80af348e30ced3167bb1f8b8310dcb1ebe0.udd" 2695
"C:/Users/emanu/AppData/Local/UnrealEngine/Common/DerivedDataCache/Buckets/LegacyDIST/a0/1d/61cfc883082cffc3612dd1bb22adeecbcadd.udd" 2696
"C:/Users/emanu/AppData/Local/UnrealEngine/Common/DerivedDataCache/Buckets/LegacyCARD/35/ad/6157119418991e437979d8a15c15a5d5f7d0.udd" 2697
"../../../Engine/Content/EditorMeshes/Camera/SM_RailRig_Track.uasset" 2698
"C:/Users/emanu/AppData/Local/UnrealEngine/Common/DerivedDataCache/Buckets/StaticMesh/9f/77/4ce6090a15d286cd27d1f313ae6ecf06ca47.udd" 2699
"C:/Users/emanu/AppData/Local/UnrealEngine/Common/DerivedDataCache/Buckets/LegacyDIST/21/e4/bbd711a307bee6deb060907865614eabac0b.udd" 2700
"C:/Users/emanu/AppData/Local/UnrealEngine/Common/DerivedDataCache/Buckets/LegacyCARD/6f/36/7fea853c813ce7784d604071deb6ccfd0e3b.udd" 2701
"../../../Engine/Content/EditorMeshes/Camera/SM_RailRig_Mount.uasset" 2702
"C:/Users/emanu/AppData/Local/UnrealEngine/Common/DerivedDataCache/Buckets/StaticMesh/bc/44/70806cc69ea2cb5bcd407fc1f7e77865fa02.udd" 2703
"C:/Users/emanu/AppData/Local/UnrealEngine/Common/DerivedDataCache/Buckets/LegacyDIST/56/f2/3dde8f388f7353feea62cbda3c0864836aa7.udd" 2704
"C:/Users/emanu/AppData/Local/UnrealEngine/Common/DerivedDataCache/Buckets/LegacyCARD/84/ce/fb65d3e321e10ed9122e11c60448b2eb672f.udd" 2705
"../../../Engine/Content/ArtTools/RenderToTexture/Meshes/S_1_Unit_Plane.uasset" 2706
"C:/Users/emanu/AppData/Local/UnrealEngine/Common/DerivedDataCache/Buckets/StaticMesh/44/f8/c8f113858f9c38bb8c091a2e016973a9db7f.udd" 2707
"C:/Users/emanu/AppData/Local/UnrealEngine/Common/DerivedDataCache/Buckets/LegacyDIST/f8/38/231779aa090f98c9bfc7ff319faf0d7bf3fc.udd" 2708
"C:/Users/emanu/AppData/Local/UnrealEngine/Common/DerivedDataCache/Buckets/LegacyCARD/c8/02/c103436d9b22bdf20210310f3b5296a3619e.udd" 2709
"../../../Engine/Content/EngineDebugMaterials/M_SimpleUnlitTranslucent.uasset" 2710
"../../../Engine/Content/EngineFonts/Roboto.uasset" 2711
"../../../Engine/Content/EngineFonts/Faces/DroidSansFallback.uasset" 2712
"../../../Engine/Content/EngineFonts/Faces/RobotoBold.uasset" 2713
"../../../Engine/Content/EngineFonts/Faces/RobotoBoldItalic.uasset" 2714
"../../../Engine/Content/EngineFonts/Faces/RobotoItalic.uasset" 2715
"../../../Engine/Content/EngineFonts/Faces/RobotoLight.uasset" 2716
"../../../Engine/Content/EngineFonts/Faces/RobotoRegular.uasset" 2717
"../../../Engine/Content/EditorMaterials/ParticleSystems/PSysThumbnail_NoImage.uasset" 2718
"C:/Users/emanu/AppData/Local/UnrealEngine/Common/DerivedDataCache/Buckets/BulkDataList/40/23/73ef74923ac749fbb2b668df4dac7f86200f.udd" 2719
"../../../Engine/Content/EditorMaterials/ParticleSystems/PSysThumbnail_OOD.uasset" 2720
"C:/Users/emanu/AppData/Local/UnrealEngine/Common/DerivedDataCache/Buckets/BulkDataList/36/e8/6845d6df6ad82497e5b6304ecc856084bcb2.udd" 2721
"../../../Engine/Content/EditorLandscapeResources/SplineEditorMesh.uasset" 2722
"../../../Engine/Content/EditorLandscapeResources/SplineEditorMeshMat.uasset" 2723
"C:/Users/emanu/AppData/Local/UnrealEngine/Common/DerivedDataCache/Buckets/StaticMesh/c3/09/76f94b1e9e37dbb8d7b413339df2fcd7eb4d.udd" 2724
"C:/Users/emanu/AppData/Local/UnrealEngine/Common/DerivedDataCache/Buckets/LegacyDIST/ea/c7/9740f4b1a460eddde71b73d9606bba74edfb.udd" 2725
"C:/Users/emanu/AppData/Local/UnrealEngine/Common/DerivedDataCache/Buckets/LegacyCARD/6f/ee/fa32b1911528c1adea5d6c14943f69eb90d7.udd" 2726
"../../../Engine/Content/EditorLandscapeResources/DataLayer.uasset" 2727
"../../../Engine/Content/EditorResources/S_Solver.uasset" 2728
"C:/Users/emanu/AppData/Local/UnrealEngine/Common/DerivedDataCache/Buckets/BulkDataList/eb/ac/fc8fb9f13d29c57a2f163040f7362da48d7d.udd" 2729
"../../../Engine/Content/EngineDebugMaterials/VolumeToRender.uasset" 2730
"C:/Users/emanu/AppData/Local/UnrealEngine/Common/DerivedDataCache/Buckets/BulkDataList/09/12/764c974b227086c0c76e887ecd35a2200616.udd" 2731
"../../../Engine/Content/EngineDebugMaterials/M_VolumeRenderSphereTracePP.uasset" 2732
"../../../Engine/Content/Functions/Engine_MaterialFunctions02/Utility/CameraDirectionVector.uasset" 2733
"../../../Engine/Content/Internationalization/icudt64l/coll/ucadata.icu" 2734
"../../../Engine/Content/Internationalization/icudt64l/coll/it.res" 2735
"../../../Engine/Content/Internationalization/icudt64l/coll/root.res" 2736
"../../../Engine/Content/Animation/DefaultAnimBoneCompressionSettings.uasset" 2737
"../../../Engine/Content/Animation/DefaultRecorderBoneCompression.uasset" 2738
"../../../Engine/Content/Animation/DefaultAnimCurveCompressionSettings.uasset" 2739
"../../Plugins/Animation/ControlRig/Content/Controls/ControlRigXRayMaterial.uasset" 2740
"../../Plugins/Animation/ControlRig/Content/Controls/DefaultGizmoLibraryNormalized.uasset" 2741
"../../Plugins/Animation/ControlRig/Content/M_Manip.uasset" 2742
"../../../Engine/Content/Functions/Engine_MaterialFunctions02/WorldPositionOffset/CameraOffset.uasset" 2743
"../../Plugins/2D/Paper2D/Content/MaskedUnlitSpriteMaterial.uasset" 2744
"../../Plugins/2D/Paper2D/Content/DefaultSpriteMaterial.uasset" 2745
"../../Plugins/2D/Paper2D/Content/PlaceholderTextures/DummySpriteTexture.uasset" 2746
"C:/Users/emanu/AppData/Local/UnrealEngine/Common/DerivedDataCache/Buckets/BulkDataList/0c/10/23993ba2e1b3922a048bc20f0e70b712bf71.udd" 2747
"../../Plugins/2D/Paper2D/Content/OpaqueUnlitSpriteMaterial.uasset" 2748
"../../Plugins/2D/Paper2D/Content/DefaultPaperTerrainMaterial.uasset" 2749
"../../Plugins/2D/Paper2D/Content/DummySprite.uasset" 2750
"../../Plugins/Editor/SpeedTreeImporter/Content/SpeedTree9/SpeedTreeMaster.uasset" 2751
"../../../Engine/Content/Functions/Engine_MaterialFunctions02/ObjectLocalBounds.uasset" 2752
"../../../Engine/Content/Functions/Engine_MaterialFunctions02/SafeNormalize.uasset" 2753
"../../../Engine/Content/Functions/Engine_MaterialFunctions02/Utility/BreakOutFloat3Components.uasset" 2754
"../../../Engine/Content/Functions/Engine_MaterialFunctions02/Utility/VectorLength.uasset" 2755
"../../../Engine/Content/Functions/Engine_MaterialFunctions02/UVs/BoundingBoxBased_0-1_UVW.uasset" 2756
"../../../Engine/Content/Functions/Engine_MaterialFunctions02/WorldPositionOffset/ObjectScale.uasset" 2757
"../../Plugins/Editor/SpeedTreeImporter/Content/SpeedTree9/SpeedTreeBranchMotion.uasset" 2758
"../../Plugins/Editor/SpeedTreeImporter/Content/SpeedTree9/SpeedTreeWindMotion.uasset" 2759
"../../Plugins/Editor/SpeedTreeImporter/Content/SpeedTree9/game_wind_noise.uasset" 2760
"../../Plugins/Editor/SpeedTreeImporter/Content/SpeedTree9/UnpackDirection.uasset" 2761
"../../Plugins/Editor/SpeedTreeImporter/Content/SpeedTree9/UnpackInteger3.uasset" 2762
"../../Plugins/Editor/SpeedTreeImporter/Content/SpeedTree9/SpeedTreeCameraFacing.uasset" 2763
"../../Plugins/Editor/SpeedTreeImporter/Content/SpeedTree9/SpeedTreeWind.uasset" 2764
"../../Plugins/Editor/SpeedTreeImporter/Content/SpeedTree9/Empty.uasset" 2765
"../../Plugins/Editor/SpeedTreeImporter/Content/SpeedTree9/EmptyNormal.uasset" 2766
"C:/Users/emanu/AppData/Local/UnrealEngine/Common/DerivedDataCache/Buckets/BulkDataList/30/73/c051e78e294adc21a0f4ea75b1f6f9016b92.udd" 2767
"C:/Users/emanu/AppData/Local/UnrealEngine/Common/DerivedDataCache/Buckets/BulkDataList/b4/ee/cb9cf6a72adc23e2f5f999120caace09a96a.udd" 2768
"C:/Users/emanu/AppData/Local/UnrealEngine/Common/DerivedDataCache/Buckets/BulkDataList/b5/f1/db4267538114582ec58cc054c0d9d28523f8.udd" 2769
"C:/Users/emanu/AppData/Local/UnrealEngine/Common/DerivedDataCache/Buckets/BulkDataPayloadId/93/1e/fa687e128aa134c7085da39d1269fafb1746.udd" 2770
"C:/Users/emanu/AppData/Local/UnrealEngine/Common/DerivedDataCache/Buckets/BulkDataPayloadId/ac/cc/a6aa9daa7cbf76c8953f7e3d2c201a8a54cb.udd" 2771
"../../Plugins/Editor/SpeedTreeImporter/Content/SpeedTree9/SpeedTreeBillboardMaster.uasset" 2772
"../../Plugins/Editor/SpeedTreeImporter/Content/SpeedTree9/SpeedTreeBillboard.uasset" 2773
"../../Plugins/Media/MediaPlate/Content/SM_MediaPlateScreen.uasset" 2774
"C:/Users/emanu/AppData/Local/UnrealEngine/Common/DerivedDataCache/Buckets/StaticMesh/c0/ce/8d410818b72c04b9c905d2f9310a6f202b05.udd" 2775
"C:/Users/emanu/AppData/Local/UnrealEngine/Common/DerivedDataCache/Buckets/LegacyDIST/76/e1/504c40ce09f0b541f1346e40c48bd47c461b.udd" 2776
"C:/Users/emanu/AppData/Local/UnrealEngine/Common/DerivedDataCache/Buckets/LegacyCARD/99/5a/63c13b0653b500179cb35a69294220700cab.udd" 2777
"E:/Projects/EcoBots/Saved/Config/WindowsEditor/ObjectMixerSerializedData.ini" 2778
"../../../Engine/Content/EngineMaterials/NaniteHiddenSectionMaterial.uasset" 2779
"../../../Engine/Content/EngineMaterials/RemoveSurfaceMaterial.uasset" 2780
"../../../Engine/Content/EngineDebugMaterials/DebugMeshMaterial.uasset" 2781
"../../../Engine/Content/EngineMaterials/EmissiveMeshMaterial.uasset" 2782
"../../../Engine/Content/EngineMaterials/DefaultWhiteGrid_Low.uasset" 2783
"C:/Users/emanu/AppData/Local/UnrealEngine/Common/DerivedDataCache/Buckets/BulkDataList/c7/d0/ba4cb5a957bc068cc9a67e616f05cbe94e5f.udd" 2784
"../../../Engine/Content/EngineMaterials/M_InvalidLightmapSettings.uasset" 2785
"../../../Engine/Content/EngineMaterials/InvalidLightmapSettings.uasset" 2786
"C:/Users/emanu/AppData/Local/UnrealEngine/Common/DerivedDataCache/Buckets/BulkDataList/54/c0/c70a70e48373844e60b0e605bf55af68a7f4.udd" 2787
"../../../Engine/Content/EngineMaterials/GizmoMaterial.uasset" 2788
"../../../Engine/Content/EngineMaterials/PhAT_JointLimitMaterial.uasset" 2789
"../../../Engine/Content/EngineMaterials/FlattenMaterial.uasset" 2790
"../../../Engine/Content/EngineMaterials/BaseFlattenDiffuseMap.uasset" 2791
"../../../Engine/Content/EngineMaterials/BaseFlattenEmissiveMap.uasset" 2792
"../../../Engine/Content/EngineMaterials/BaseFlattenGrayscaleMap.uasset" 2793
"../../../Engine/Content/EngineMaterials/BaseFlattenLinearColor.uasset" 2794
"../../../Engine/Content/EngineMaterials/BaseFlattenNormalMap.uasset" 2795
"../../../Engine/Content/Functions/Engine_MaterialFunctions02/PivotPainter2/Black_1x1_EXR_Texture.uasset" 2796
"C:/Users/emanu/AppData/Local/UnrealEngine/Common/DerivedDataCache/Buckets/BulkDataList/63/3f/15585bd8964db1a66621696236a516b26a45.udd" 2797
"C:/Users/emanu/AppData/Local/UnrealEngine/Common/DerivedDataCache/Buckets/BulkDataList/40/82/7d7634626c396575f37cae3cf1535e673e42.udd" 2798
"C:/Users/emanu/AppData/Local/UnrealEngine/Common/DerivedDataCache/Buckets/BulkDataList/ce/81/11b4615cff744307153c59f77195df26c367.udd" 2799
"C:/Users/emanu/AppData/Local/UnrealEngine/Common/DerivedDataCache/Buckets/BulkDataList/2a/ef/001baf4754d6e4c901355543ac1f52f9df0d.udd" 2800
"C:/Users/emanu/AppData/Local/UnrealEngine/Common/DerivedDataCache/Buckets/BulkDataList/69/9d/ddcccd257450ddf4dda4d447d124ef31a712.udd" 2801
"C:/Users/emanu/AppData/Local/UnrealEngine/Common/DerivedDataCache/Buckets/BulkDataList/29/e8/910965f29e82d2c3d7d612a59a45767ccf60.udd" 2802
"../../../Engine/Content/EngineMaterials/FlattenMaterial_VT.uasset" 2803
"../../../Engine/Content/EngineMaterials/BaseFlattenDiffuseMap_VT.uasset" 2804
"../../../Engine/Content/EngineMaterials/BaseFlattenEmissiveMap_VT.uasset" 2805
"../../../Engine/Content/EngineMaterials/BaseFlattenGrayscaleMap_VT.uasset" 2806
"../../../Engine/Content/EngineMaterials/BaseFlattenLinearColor_VT.uasset" 2807
"../../../Engine/Content/EngineMaterials/BaseFlattenNormalMap_VT.uasset" 2808
"../../../Engine/Content/EngineMaterials/Black_1x1_EXR_Texture_VT.uasset" 2809
"C:/Users/emanu/AppData/Local/UnrealEngine/Common/DerivedDataCache/Buckets/BulkDataList/be/97/831ab56c641b9e28494af99ed901e61209a3.udd" 2810
"C:/Users/emanu/AppData/Local/UnrealEngine/Common/DerivedDataCache/Buckets/BulkDataList/aa/52/333bbf9c0a91bbe6cec1f64bca80a547ff74.udd" 2811
"C:/Users/emanu/AppData/Local/UnrealEngine/Common/DerivedDataCache/Buckets/BulkDataList/c3/7b/72b68e2fb3897490b15323d9e1ea2adb532a.udd" 2812
"C:/Users/emanu/AppData/Local/UnrealEngine/Common/DerivedDataCache/Buckets/BulkDataList/f3/64/77ea20ddc1c68fb0d5a0ae67af33502196bc.udd" 2813
"C:/Users/emanu/AppData/Local/UnrealEngine/Common/DerivedDataCache/Buckets/BulkDataList/7e/66/3de48b5d998856ddddba9083b591112da458.udd" 2814
"C:/Users/emanu/AppData/Local/UnrealEngine/Common/DerivedDataCache/Buckets/BulkDataList/0d/2d/d41f7443a3142a421b893798e75191a39508.udd" 2815
"../../../Engine/Content/EngineMaterials/FlattenMaterial_WS_Normal_VT.uasset" 2816
"../../../Engine/Content/EngineMaterials/Good64x64TilingNoiseHighFreq.uasset" 2817
"C:/Users/emanu/AppData/Local/UnrealEngine/Common/DerivedDataCache/Buckets/BulkDataList/66/da/0f28d9eae13db645770f75f55ec37aec788a.udd" 2818
"../../../Engine/Content/EngineMaterials/DefaultBokeh.uasset" 2819
"C:/Users/emanu/AppData/Local/UnrealEngine/Common/DerivedDataCache/Buckets/BulkDataList/36/d4/549bab9ac069bc0d38382ed2ebd836f0dbfe.udd" 2820
"../../../Engine/Content/EngineMaterials/PreintegratedSkinBRDF.uasset" 2821
"C:/Users/emanu/AppData/Local/UnrealEngine/Common/DerivedDataCache/Buckets/BulkDataList/1e/10/4b6f9e2787e28345d2a1d2fc7d4b7474b002.udd" 2822
"../../../Engine/Content/EngineMaterials/MiniFont.uasset" 2823
"C:/Users/emanu/AppData/Local/UnrealEngine/Common/DerivedDataCache/Buckets/BulkDataList/1a/b4/efa2527ce05df4fea683edb2aad30de9d47f.udd" 2824
"../../../Engine/Content/EngineMaterials/WeightMapPlaceholderTexture.uasset" 2825
"C:/Users/emanu/AppData/Local/UnrealEngine/Common/DerivedDataCache/Buckets/BulkDataList/7e/31/dcf11dd68e728938fa2e9a7a82a71bf50881.udd" 2826
"../../../Engine/Content/EngineMaterials/DefaultWhiteGrid.uasset" 2827
"C:/Users/emanu/AppData/Local/UnrealEngine/Common/DerivedDataCache/Buckets/BulkDataList/69/16/551acf695c4fe3f4e6b4b10bc18492764cdd.udd" 2828
"../../../Engine/Content/EngineMaterials/DefaultPhysicalMaterial.uasset" 2829
"../../../Engine/Content/EngineMaterials/DefaultDestructiblePhysicalMaterial.uasset" 2830
"../../../Engine/Content/EditorLandscapeResources/DefaultAlphaTexture.uasset" 2831
"C:/Users/emanu/AppData/Local/UnrealEngine/Common/DerivedDataCache/Buckets/BulkDataList/f4/78/7461d3e211c25aab0282806d0bb0729f1967.udd" 2832
"../../../Engine/Content/EditorResources/S_Terrain.uasset" 2833
"C:/Users/emanu/AppData/Local/UnrealEngine/Common/DerivedDataCache/Buckets/BulkDataList/57/c4/c54ed6cb7798394a805773d0b5ace4506544.udd" 2834
"../../../Engine/Content/BasicShapes/Cube.uasset" 2835
"../../../Engine/Content/BasicShapes/Sphere.uasset" 2836
"../../../Engine/Content/EngineMaterials/DefaultMaterial.uasset" 2837
"../../../Engine/Content/BasicShapes/Cylinder.uasset" 2838
"../../../Engine/Content/BasicShapes/Cone.uasset" 2839
"../../../Engine/Content/BasicShapes/Plane.uasset" 2840
"../../Plugins/Runtime/MeshModelingToolset/Content/Materials/M_DynamicMeshComponentVtxColor.uasset" 2841
"C:/Users/emanu/AppData/Local/UnrealEngine/Common/DerivedDataCache/Buckets/StaticMesh/d0/87/3a7844fcc6f7acf0b3497820d22ebab8aff6.udd" 2842
"C:/Users/emanu/AppData/Local/UnrealEngine/Common/DerivedDataCache/Buckets/StaticMesh/c8/bb/8861edfb9c01f884f03426027ed2f7d4ed4f.udd" 2843
"../../Plugins/FX/Niagara/Content/ParameterDefinitions/SpriteRenderer.uasset" 2844
"../../Plugins/FX/Niagara/Content/ParameterDefinitions/RibbonRenderer.uasset" 2845
"../../Plugins/FX/Niagara/Content/ParameterDefinitions/MeshRenderer.uasset" 2846
"../../Plugins/FX/Niagara/Content/ParameterDefinitions/LightRenderer.uasset" 2847
"../../Plugins/FX/Niagara/Content/ParameterDefinitions/DecalRenderer.uasset" 2848
"C:/Users/emanu/AppData/Local/UnrealEngine/Common/DerivedDataCache/Buckets/LegacyDIST/75/77/fb954c128b73cd8bdf61c813f0aa777e799f.udd" 2849
"C:/Users/emanu/AppData/Local/UnrealEngine/Common/DerivedDataCache/Buckets/LegacyDIST/67/97/f30405935c4ac1e37c533997e89d1184fc9c.udd" 2850
"../../Plugins/FX/Niagara/Content/ParameterDefinitions/CoreParameters.uasset" 2851
"C:/Users/emanu/AppData/Local/UnrealEngine/Common/DerivedDataCache/Buckets/LegacyCARD/16/1c/39cfb7a2362241a04a1053ae6647bc6167dc.udd" 2852
"C:/Users/emanu/AppData/Local/UnrealEngine/Common/DerivedDataCache/Buckets/LegacyCARD/94/75/9b4e99850787b1ee13f42771290defe4d87e.udd" 2853
"C:/Users/emanu/AppData/Local/UnrealEngine/Common/DerivedDataCache/Buckets/StaticMesh/3f/69/e993a442137f04ae875576b4a0e0c0c73be6.udd" 2854
"C:/Users/emanu/AppData/Local/UnrealEngine/Common/DerivedDataCache/Buckets/StaticMesh/14/a9/551c7ddc4c75cc8c885d6dc71bbb7b433c52.udd" 2855
"C:/Users/emanu/AppData/Local/UnrealEngine/Common/DerivedDataCache/Buckets/LegacyDIST/fb/9c/df14d5a0da2096a550365b8a9c19ec120e21.udd" 2856
"C:/Users/emanu/AppData/Local/UnrealEngine/Common/DerivedDataCache/Buckets/LegacyDIST/a7/57/0c35265a11f1988a048bb10c70b866872eda.udd" 2857
"C:/Users/emanu/AppData/Local/UnrealEngine/Common/DerivedDataCache/Buckets/LegacyCARD/1e/a3/791811542a21d188b35f6612960c87af24b9.udd" 2858
"C:/Users/emanu/AppData/Local/UnrealEngine/Common/DerivedDataCache/Buckets/LegacyCARD/39/0b/b57ab1c2a51d82d6429c87a59b3e4b074863.udd" 2859
"C:/Users/emanu/AppData/Local/UnrealEngine/Common/DerivedDataCache/Buckets/StaticMesh/b9/9d/24c4f0e661dd47203985c38c77aeeea46e53.udd" 2860
"C:/Users/emanu/AppData/Local/UnrealEngine/Common/DerivedDataCache/Buckets/LegacyDIST/ca/75/cff5c009cd7f0fab397ae8c3b30073534b16.udd" 2861
"C:/Users/emanu/AppData/Local/UnrealEngine/Common/DerivedDataCache/Buckets/LegacyCARD/6e/04/7811348d1fa0b60a67ef5c1403b2e9a7a436.udd" 2862
"../../../Engine/Content/EditorResources/SequenceRecorder/Countdown.uasset" 2863
"C:/Users/emanu/AppData/Local/UnrealEngine/Common/DerivedDataCache/Buckets/BulkDataList/75/55/483879c0dfb5417aa114757ba04b2d7e4c3e.udd" 2864
"../../../Engine/Content/EditorResources/SequenceRecorder/RecordingIndicator.uasset" 2865
"C:/Users/emanu/AppData/Local/UnrealEngine/Common/DerivedDataCache/Buckets/BulkDataList/1c/59/f1e22d62a9fb36a196006c9e0e0dfde276aa.udd" 2866
"../../../Engine/Content/EditorMaterials/PhAT_UnselectedMaterial.uasset" 2867
"../../../Engine/Content/EditorMaterials/PhAT_NoCollisionMaterial.uasset" 2868
"../../../Engine/Shaders/Public/Platform/Vulkan/VulkanCommon.ush" 2869
"../../../Engine/Shaders/Public/Platform/Vulkan/VulkanSubpassSupport.ush" 2870
"C:/Users/emanu/AppData/Local/UnrealEngine/Common/DerivedDataCache/Buckets/GlobalShaderMap/0c/ae/692f089e5083cd54a68a156446ebb75c40b2.udd" 2871
"C:/Users/emanu/AppData/Local/UnrealEngine/Common/DerivedDataCache/Buckets/GlobalShaderMap/f0/ca/b73d50f73845e527131453a0ae7166a79770.udd" 2872
"C:/Users/emanu/AppData/Local/UnrealEngine/Common/DerivedDataCache/Buckets/GlobalShaderMap/e7/bb/ceecb22793aa84698c878588b6d8511416a6.udd" 2873
"C:/Users/emanu/AppData/Local/UnrealEngine/Common/DerivedDataCache/Buckets/GlobalShaderMap/9e/71/bc902dbf178edbdf622135caf52e46ceb23b.udd" 2874
"C:/Users/emanu/AppData/Local/UnrealEngine/Common/DerivedDataCache/Buckets/GlobalShaderMap/24/b0/651be914dd0ab000fd937b4c69549f3c4be0.udd" 2875
"C:/Users/emanu/AppData/Local/UnrealEngine/Common/DerivedDataCache/Buckets/GlobalShaderMap/3e/ed/c9a0de9b8a5db1003b55caeaaedb0fef02d0.udd" 2876
"C:/Users/emanu/AppData/Local/UnrealEngine/Common/DerivedDataCache/Buckets/GlobalShaderMap/33/c4/565581f67ed61ebd383733e1dade28ad973b.udd" 2877
"C:/Users/emanu/AppData/Local/UnrealEngine/Common/DerivedDataCache/Buckets/GlobalShaderMap/d6/23/39255d0b562aed3d7f16fb49ce7a60a7d34b.udd" 2878
"C:/Users/emanu/AppData/Local/UnrealEngine/Common/DerivedDataCache/Buckets/GlobalShaderMap/73/3b/0545cd8c8bcf95548ccd89741a6284e9d835.udd" 2879
"C:/Users/emanu/AppData/Local/UnrealEngine/Common/DerivedDataCache/Buckets/GlobalShaderMap/40/a6/27a6a902f8aa5d5e6fc4fde0827c5dc76a9f.udd" 2880
"C:/Users/emanu/AppData/Local/UnrealEngine/Common/DerivedDataCache/Buckets/GlobalShaderMap/06/7a/3b8ae245cd2c70f152454450a15e5fc09b48.udd" 2881
"C:/Users/emanu/AppData/Local/UnrealEngine/Common/DerivedDataCache/Buckets/GlobalShaderMap/02/57/b6fead258c6af7ad25271625397ea4414c92.udd" 2882
"C:/Users/emanu/AppData/Local/UnrealEngine/Common/DerivedDataCache/Buckets/GlobalShaderMap/0a/d3/9f3bd0f7e17dd04b11007bcd5ec4d188f325.udd" 2883
"C:/Users/emanu/AppData/Local/UnrealEngine/Common/DerivedDataCache/Buckets/GlobalShaderMap/3a/aa/520096fe642de1dbff2dbb1dda8156f69dde.udd" 2884
"C:/Users/emanu/AppData/Local/UnrealEngine/Common/DerivedDataCache/Buckets/GlobalShaderMap/50/04/1fc58da46a11d6ade8cef4179d7a8705d7ac.udd" 2885
"C:/Users/emanu/AppData/Local/UnrealEngine/Common/DerivedDataCache/Buckets/GlobalShaderMap/34/03/f6feb90f907a2cf108eda169a8025512037c.udd" 2886
"C:/Users/emanu/AppData/Local/UnrealEngine/Common/DerivedDataCache/Buckets/GlobalShaderMap/ed/29/3fe86c69cb4ccdaec6ceb13838d8c323ddc7.udd" 2887
"C:/Users/emanu/AppData/Local/UnrealEngine/Common/DerivedDataCache/Buckets/GlobalShaderMap/5b/76/2185d573a2427a20d594ae4e7f0ce9d66f49.udd" 2888
"C:/Users/emanu/AppData/Local/UnrealEngine/Common/DerivedDataCache/Buckets/GlobalShaderMap/1c/af/6f474af9f836016a7371dfed72a31d73f47f.udd" 2889
"C:/Users/emanu/AppData/Local/UnrealEngine/Common/DerivedDataCache/Buckets/GlobalShaderMap/e8/17/e2f77905229ed6c80f2cff72ecbd7ced36df.udd" 2890
"C:/Users/emanu/AppData/Local/UnrealEngine/Common/DerivedDataCache/Buckets/GlobalShaderMap/bf/5f/d5993a55e4166e7cc49c234412903d1e2320.udd" 2891
"C:/Users/emanu/AppData/Local/UnrealEngine/Common/DerivedDataCache/Buckets/GlobalShaderMap/6b/9b/53764aeb8f9e1241bcaa4a603c35ed5918c1.udd" 2892
"C:/Users/emanu/AppData/Local/UnrealEngine/Common/DerivedDataCache/Buckets/GlobalShaderMap/4f/f9/553acccc034daaa921a4f3a3c4caf2a69ada.udd" 2893
"C:/Users/emanu/AppData/Local/UnrealEngine/Common/DerivedDataCache/Buckets/GlobalShaderMap/c5/48/1ffa01ab82903ca32613ab1469b4d758477b.udd" 2894
"C:/Users/emanu/AppData/Local/UnrealEngine/Common/DerivedDataCache/Buckets/GlobalShaderMap/c2/18/67ab490507ca5f7313a8195e599c34b6c9ff.udd" 2895
"C:/Users/emanu/AppData/Local/UnrealEngine/Common/DerivedDataCache/Buckets/GlobalShaderMap/1f/6e/34efc2c38ec9870039df9bd9d26efb25e102.udd" 2896
"C:/Users/emanu/AppData/Local/UnrealEngine/Common/DerivedDataCache/Buckets/GlobalShaderMap/95/7c/a6a896ca320376d6d9c8fcb8fb50ebbaf554.udd" 2897
"C:/Users/emanu/AppData/Local/UnrealEngine/Common/DerivedDataCache/Buckets/GlobalShaderMap/c7/01/223ba44f674c73869c611bdbf59d91fa87cb.udd" 2898
"C:/Users/emanu/AppData/Local/UnrealEngine/Common/DerivedDataCache/Buckets/GlobalShaderMap/2f/46/ffa9cd858896721aa185d035769a269e603a.udd" 2899
"C:/Users/emanu/AppData/Local/UnrealEngine/Common/DerivedDataCache/Buckets/GlobalShaderMap/a4/e9/78af20b41beeac72246a68675938ce301cac.udd" 2900
"C:/Users/emanu/AppData/Local/UnrealEngine/Common/DerivedDataCache/Buckets/GlobalShaderMap/1f/6a/80980c0758b59026115da3e4952b661cd090.udd" 2901
"C:/Users/emanu/AppData/Local/UnrealEngine/Common/DerivedDataCache/Buckets/GlobalShaderMap/28/50/3a3be32b3022acc73526798f3881859d1f14.udd" 2902
"C:/Users/emanu/AppData/Local/UnrealEngine/Common/DerivedDataCache/Buckets/GlobalShaderMap/9b/71/629ff7b3208698b1b81a09a59f156a2b7e34.udd" 2903
"C:/Users/emanu/AppData/Local/UnrealEngine/Common/DerivedDataCache/Buckets/GlobalShaderMap/9f/c1/a25985a1d069d82512ad5146d133aeef773f.udd" 2904
"C:/Users/emanu/AppData/Local/UnrealEngine/Common/DerivedDataCache/Buckets/GlobalShaderMap/5b/e2/cabeb360445921efde46c96e8e8afe7aadc7.udd" 2905
"C:/Users/emanu/AppData/Local/UnrealEngine/Common/DerivedDataCache/Buckets/GlobalShaderMap/62/00/cf84bbbdd45cadae7258bfa9d22a6e0c37cd.udd" 2906
"C:/Users/emanu/AppData/Local/UnrealEngine/Common/DerivedDataCache/Buckets/GlobalShaderMap/2d/a0/305c7bd97d129ceb4aca6f30c860b38d0d0c.udd" 2907
"C:/Users/emanu/AppData/Local/UnrealEngine/Common/DerivedDataCache/Buckets/GlobalShaderMap/09/a4/2f5444145ccc8d82268384607cfa2af5e22a.udd" 2908
"C:/Users/emanu/AppData/Local/UnrealEngine/Common/DerivedDataCache/Buckets/GlobalShaderMap/2b/2a/85dcbc1850fc1f9cf4b4b868f3f99344f685.udd" 2909
"C:/Users/emanu/AppData/Local/UnrealEngine/Common/DerivedDataCache/Buckets/GlobalShaderMap/5e/8f/94697a58a6a9ce44eff98b67ca2a48443ccf.udd" 2910
"C:/Users/emanu/AppData/Local/UnrealEngine/Common/DerivedDataCache/Buckets/GlobalShaderMap/e3/5e/b59c4e35a85b8f8d3c103b499003ad615ddf.udd" 2911
"C:/Users/emanu/AppData/Local/UnrealEngine/Common/DerivedDataCache/Buckets/GlobalShaderMap/e3/9e/86a7e6e25d2bb038f3c8d515b7ae76cabfd6.udd" 2912
"C:/Users/emanu/AppData/Local/UnrealEngine/Common/DerivedDataCache/Buckets/GlobalShaderMap/90/3f/ebaea59edacaba947c6b324fa6009fdf14d9.udd" 2913
"C:/Users/emanu/AppData/Local/UnrealEngine/Common/DerivedDataCache/Buckets/GlobalShaderMap/6a/68/25d2f7249f40e58a9c1fe703bb3aefa5f713.udd" 2914
"C:/Users/emanu/AppData/Local/UnrealEngine/Common/DerivedDataCache/Buckets/GlobalShaderMap/88/09/3e899174e390557dd427fd961d40ff131f96.udd" 2915
"C:/Users/emanu/AppData/Local/UnrealEngine/Common/DerivedDataCache/Buckets/GlobalShaderMap/05/83/1f9206eb780fe652c5eea84ad976c0419577.udd" 2916
"C:/Users/emanu/AppData/Local/UnrealEngine/Common/DerivedDataCache/Buckets/GlobalShaderMap/3b/c5/3a3bda988ad5226140cf1a4ea2e63a37d8e6.udd" 2917
"C:/Users/emanu/AppData/Local/UnrealEngine/Common/DerivedDataCache/Buckets/GlobalShaderMap/60/cd/03e7f4010ce39f04a4b5cddcf9ae93dec6cd.udd" 2918
"C:/Users/emanu/AppData/Local/UnrealEngine/Common/DerivedDataCache/Buckets/GlobalShaderMap/29/7a/f5e6a70bef3c9b03254ad5d060ac4b7bab76.udd" 2919
"C:/Users/emanu/AppData/Local/UnrealEngine/Common/DerivedDataCache/Buckets/GlobalShaderMap/4b/31/4f53f0b7e6c93b9cfb15519a276847e25bb7.udd" 2920
"C:/Users/emanu/AppData/Local/UnrealEngine/Common/DerivedDataCache/Buckets/GlobalShaderMap/e4/6e/165ee7ddf26eb5e4ecd782c614d50a73cf4e.udd" 2921
"C:/Users/emanu/AppData/Local/UnrealEngine/Common/DerivedDataCache/Buckets/GlobalShaderMap/cf/03/e509df688bb0ac14faae77a121e661b2d8c8.udd" 2922
"C:/Users/emanu/AppData/Local/UnrealEngine/Common/DerivedDataCache/Buckets/GlobalShaderMap/2c/41/cdf8b8674bd7aac1d47262a1c2b4fa603f5c.udd" 2923
"C:/Users/emanu/AppData/Local/UnrealEngine/Common/DerivedDataCache/Buckets/GlobalShaderMap/db/05/25ba019c1f5b71cf8f6dcc129e26bded6a20.udd" 2924
"C:/Users/emanu/AppData/Local/UnrealEngine/Common/DerivedDataCache/Buckets/GlobalShaderMap/44/e6/da10689a3689d2ea607f093b609b834be73b.udd" 2925
"C:/Users/emanu/AppData/Local/UnrealEngine/Common/DerivedDataCache/Buckets/GlobalShaderMap/8c/61/e5c37aab392c62a054b8140a044afc676f49.udd" 2926
"C:/Users/emanu/AppData/Local/UnrealEngine/Common/DerivedDataCache/Buckets/GlobalShaderMap/e8/b9/78b4fcf0dd8ea4f223ccfd68179827e600cd.udd" 2927
"C:/Users/emanu/AppData/Local/UnrealEngine/Common/DerivedDataCache/Buckets/GlobalShaderMap/f3/d5/f828782f0dd88fc41c7b33f61abcac696eba.udd" 2928
"C:/Users/emanu/AppData/Local/UnrealEngine/Common/DerivedDataCache/Buckets/GlobalShaderMap/d0/2e/da7b0a280e5b507ca94a472a5052ec219d7b.udd" 2929
"C:/Users/emanu/AppData/Local/UnrealEngine/Common/DerivedDataCache/Buckets/GlobalShaderMap/7e/0f/45f9d862dd1d5a1e2900a3d6db0b033fe31f.udd" 2930
"C:/Users/emanu/AppData/Local/UnrealEngine/Common/DerivedDataCache/Buckets/GlobalShaderMap/ed/72/32e21b5fe8b9f625806a42c50c056843cdd2.udd" 2931
"C:/Users/emanu/AppData/Local/UnrealEngine/Common/DerivedDataCache/Buckets/GlobalShaderMap/be/55/880f217040f0924908227122f16b5ab3c87b.udd" 2932
"C:/Users/emanu/AppData/Local/UnrealEngine/Common/DerivedDataCache/Buckets/GlobalShaderMap/56/92/29233063fd9c7b0248aacf7337d9cb71bd5c.udd" 2933
"C:/Users/emanu/AppData/Local/UnrealEngine/Common/DerivedDataCache/Buckets/GlobalShaderMap/11/df/a9ba96eb9cca21c5e5a04c64b0d9db765e1f.udd" 2934
"C:/Users/emanu/AppData/Local/UnrealEngine/Common/DerivedDataCache/Buckets/GlobalShaderMap/d2/f2/52f5a4e74268f721748c1f7e2f385bb62bf1.udd" 2935
"C:/Users/emanu/AppData/Local/UnrealEngine/Common/DerivedDataCache/Buckets/GlobalShaderMap/e3/3d/11f8edefd74fff22419025aa7811c37cde0e.udd" 2936
"C:/Users/emanu/AppData/Local/UnrealEngine/Common/DerivedDataCache/Buckets/GlobalShaderMap/6a/56/cb7250d0f080af64877ac4700c62469bc24b.udd" 2937
"C:/Users/emanu/AppData/Local/UnrealEngine/Common/DerivedDataCache/Buckets/GlobalShaderMap/f6/31/e26a787ed5e58c058661486af0b5537c1cbc.udd" 2938
"C:/Users/emanu/AppData/Local/UnrealEngine/Common/DerivedDataCache/Buckets/GlobalShaderMap/17/9f/31448d1f3f2c10ccfb8b580d883cf57782f2.udd" 2939
"C:/Users/emanu/AppData/Local/UnrealEngine/Common/DerivedDataCache/Buckets/GlobalShaderMap/14/b1/734203d659984865734554039811c1f280a5.udd" 2940
"C:/Users/emanu/AppData/Local/UnrealEngine/Common/DerivedDataCache/Buckets/GlobalShaderMap/98/e9/b635c1f64f5df8a886c12f8e3112d15639c7.udd" 2941
"C:/Users/emanu/AppData/Local/UnrealEngine/Common/DerivedDataCache/Buckets/GlobalShaderMap/4c/61/d1bd035f929672ba3f213d47a5bda0648ddb.udd" 2942
"C:/Users/emanu/AppData/Local/UnrealEngine/Common/DerivedDataCache/Buckets/GlobalShaderMap/6c/43/2eea5cab4552bb6945bdc81753ba1394ad9d.udd" 2943
"C:/Users/emanu/AppData/Local/UnrealEngine/Common/DerivedDataCache/Buckets/GlobalShaderMap/27/d7/d0ef75c58d386265871bab480dd07f929d24.udd" 2944
"C:/Users/emanu/AppData/Local/UnrealEngine/Common/DerivedDataCache/Buckets/GlobalShaderMap/36/0a/3ecd666d5669692f3f83f8571f7ffb8fc0eb.udd" 2945
"C:/Users/emanu/AppData/Local/UnrealEngine/Common/DerivedDataCache/Buckets/GlobalShaderMap/c2/4b/4d89a7f766303c3c4f7940de28e1d06d9e5b.udd" 2946
"C:/Users/emanu/AppData/Local/UnrealEngine/Common/DerivedDataCache/Buckets/GlobalShaderMap/a3/0a/d6e67be0133a07f141132f77945a69b5ccc5.udd" 2947
"C:/Users/emanu/AppData/Local/UnrealEngine/Common/DerivedDataCache/Buckets/GlobalShaderMap/bb/e7/863e772d413288fb31ab3b3430c437d6d4bf.udd" 2948
"C:/Users/emanu/AppData/Local/UnrealEngine/Common/DerivedDataCache/Buckets/GlobalShaderMap/8e/d2/656f7625bf4bbb5b364266f9d5e1c439897d.udd" 2949
"C:/Users/emanu/AppData/Local/UnrealEngine/Common/DerivedDataCache/Buckets/GlobalShaderMap/12/4e/177dfaf486c8eb36676715730fcb07820ac8.udd" 2950
"C:/Users/emanu/AppData/Local/UnrealEngine/Common/DerivedDataCache/Buckets/GlobalShaderMap/4a/cb/632c177f027399985638e086e01260b786e3.udd" 2951
"C:/Users/emanu/AppData/Local/UnrealEngine/Common/DerivedDataCache/Buckets/GlobalShaderMap/de/87/dd9ffae8d501d1fb618c9fded11b62f4923e.udd" 2952
"C:/Users/emanu/AppData/Local/UnrealEngine/Common/DerivedDataCache/Buckets/GlobalShaderMap/5e/2f/4e5574ae3b1139833e66706a8079fa14b2cf.udd" 2953
"C:/Users/emanu/AppData/Local/UnrealEngine/Common/DerivedDataCache/Buckets/GlobalShaderMap/af/61/ffe1b50b8ef2093b9edb358002dd36204ed4.udd" 2954
"C:/Users/emanu/AppData/Local/UnrealEngine/Common/DerivedDataCache/Buckets/GlobalShaderMap/a9/6e/a54a7f029c439829b6c3a4b4f6e065510361.udd" 2955
"C:/Users/emanu/AppData/Local/UnrealEngine/Common/DerivedDataCache/Buckets/GlobalShaderMap/a1/25/f57d35079c34e7a7df369b3214717dc461d5.udd" 2956
"C:/Users/emanu/AppData/Local/UnrealEngine/Common/DerivedDataCache/Buckets/GlobalShaderMap/b1/a1/83cb88c10fa3a08b40b8ffb8f0f4a4fef013.udd" 2957
"C:/Users/emanu/AppData/Local/UnrealEngine/Common/DerivedDataCache/Buckets/GlobalShaderMap/25/0c/cfc983d1b7ca333de4a4e78d0467014b5c52.udd" 2958
"C:/Users/emanu/AppData/Local/UnrealEngine/Common/DerivedDataCache/Buckets/GlobalShaderMap/6c/05/0db98538a19e82a17e5c08e4e23c4bc02aba.udd" 2959
"C:/Users/emanu/AppData/Local/UnrealEngine/Common/DerivedDataCache/Buckets/GlobalShaderMap/ec/1d/a9631f445bafc3fb5601120641240a9a51e7.udd" 2960
"C:/Users/emanu/AppData/Local/UnrealEngine/Common/DerivedDataCache/Buckets/GlobalShaderMap/e9/ac/d4cd4b519aec8a98580297ee5920d4ce43db.udd" 2961
"C:/Users/emanu/AppData/Local/UnrealEngine/Common/DerivedDataCache/Buckets/GlobalShaderMap/f6/9d/126904c26d0d49b2780b2fa5944c67ca9859.udd" 2962
"C:/Users/emanu/AppData/Local/UnrealEngine/Common/DerivedDataCache/Buckets/GlobalShaderMap/b1/7f/9ed756d42fe72e7b0200198472eb62de60a4.udd" 2963
"C:/Users/emanu/AppData/Local/UnrealEngine/Common/DerivedDataCache/Buckets/GlobalShaderMap/c9/cb/dcbbc7fc75cbc4d110dba5c26dce8b9bc382.udd" 2964
"C:/Users/emanu/AppData/Local/UnrealEngine/Common/DerivedDataCache/Buckets/GlobalShaderMap/72/70/5d71854393bfdba4eb06918755c02141cab7.udd" 2965
"C:/Users/emanu/AppData/Local/UnrealEngine/Common/DerivedDataCache/Buckets/GlobalShaderMap/de/fc/7856e6b34ca205551fc37d9fd72092537f54.udd" 2966
"C:/Users/emanu/AppData/Local/UnrealEngine/Common/DerivedDataCache/Buckets/GlobalShaderMap/e5/9b/e33d47feb58eb6bdbeeed35bdbd836f42b58.udd" 2967
"C:/Users/emanu/AppData/Local/UnrealEngine/Common/DerivedDataCache/Buckets/GlobalShaderMap/b9/02/dcd4dd66f6dc8be23b0cb6953f110d49d59e.udd" 2968
"../../../Engine/Shaders/Public/Platform/GL/GLCommon.ush" 2969
"../../../Engine/Shaders/Public/Platform/GL/GLSubpassSupport.ush" 2970
"C:/Users/emanu/AppData/Local/UnrealEngine/Common/DerivedDataCache/Buckets/GlobalShaderMap/93/b4/70f8dd3088851c2da74c8a002d03cc7a7c89.udd" 2971
"C:/Users/emanu/AppData/Local/UnrealEngine/Common/DerivedDataCache/Buckets/GlobalShaderMap/b2/bd/7063282e66192e778a6aaf9ce786065b3451.udd" 2972
"C:/Users/emanu/AppData/Local/UnrealEngine/Common/DerivedDataCache/Buckets/GlobalShaderMap/45/a5/7f32ae1e4fcd56830ca132be563b586e35d9.udd" 2973
"C:/Users/emanu/AppData/Local/UnrealEngine/Common/DerivedDataCache/Buckets/GlobalShaderMap/47/67/6c44f620492c8b7a8ab86330c2e91bcbfdc6.udd" 2974
"C:/Users/emanu/AppData/Local/UnrealEngine/Common/DerivedDataCache/Buckets/GlobalShaderMap/f8/c0/34c3227e1b0bcedfc40898e41e4616ebdece.udd" 2975
"C:/Users/emanu/AppData/Local/UnrealEngine/Common/DerivedDataCache/Buckets/GlobalShaderMap/c6/5b/48b8138644ce7aa6196ed4582a7631276b56.udd" 2976
"C:/Users/emanu/AppData/Local/UnrealEngine/Common/DerivedDataCache/Buckets/GlobalShaderMap/a8/67/3edccf8ec2db2e69ef0511ecfdf0787b2927.udd" 2977
"C:/Users/emanu/AppData/Local/UnrealEngine/Common/DerivedDataCache/Buckets/GlobalShaderMap/13/5b/b94385aa1a8793b2c7152ce5dca046a6556d.udd" 2978
"C:/Users/emanu/AppData/Local/UnrealEngine/Common/DerivedDataCache/Buckets/GlobalShaderMap/45/a8/b5a8035b0f50018edb1752e1148413426bd5.udd" 2979
"C:/Users/emanu/AppData/Local/UnrealEngine/Common/DerivedDataCache/Buckets/GlobalShaderMap/d2/7e/8ee8993259975c806318402d92054e9cd2ca.udd" 2980
"C:/Users/emanu/AppData/Local/UnrealEngine/Common/DerivedDataCache/Buckets/GlobalShaderMap/d3/0e/2ff629d2a5e7106e4d95ca1918c1a8e7813d.udd" 2981
"C:/Users/emanu/AppData/Local/UnrealEngine/Common/DerivedDataCache/Buckets/GlobalShaderMap/8d/1b/760a85fa4c103210e80ce521e3a6cf8a9de9.udd" 2982
"C:/Users/emanu/AppData/Local/UnrealEngine/Common/DerivedDataCache/Buckets/GlobalShaderMap/2e/3f/2dcfe97e5f80227ad268f34696e60a6b81b7.udd" 2983
"C:/Users/emanu/AppData/Local/UnrealEngine/Common/DerivedDataCache/Buckets/GlobalShaderMap/3b/29/334c54154007f5159a882740da660492f046.udd" 2984
"C:/Users/emanu/AppData/Local/UnrealEngine/Common/DerivedDataCache/Buckets/GlobalShaderMap/73/13/43c3160e34a23503f77747dbf274120d7c70.udd" 2985
"C:/Users/emanu/AppData/Local/UnrealEngine/Common/DerivedDataCache/Buckets/GlobalShaderMap/dd/75/67825bfadf7bb78923c8b6eb0c732fbe4c2b.udd" 2986
"C:/Users/emanu/AppData/Local/UnrealEngine/Common/DerivedDataCache/Buckets/GlobalShaderMap/b7/86/ccb3a50f3bb3fb5615d8296bfee4973f2aca.udd" 2987
"C:/Users/emanu/AppData/Local/UnrealEngine/Common/DerivedDataCache/Buckets/GlobalShaderMap/f1/f6/d2d6d5a9b765807ccafaa2e71f9bea8b77ed.udd" 2988
"C:/Users/emanu/AppData/Local/UnrealEngine/Common/DerivedDataCache/Buckets/GlobalShaderMap/57/95/311757e8eda568d4a7e9d741359d519111c1.udd" 2989
"C:/Users/emanu/AppData/Local/UnrealEngine/Common/DerivedDataCache/Buckets/GlobalShaderMap/cf/61/5e086cd247203b8f1ad7ec0506db3fb91669.udd" 2990
"C:/Users/emanu/AppData/Local/UnrealEngine/Common/DerivedDataCache/Buckets/GlobalShaderMap/1f/45/6aa191bef6efe2c80e14899039174e66c2fd.udd" 2991
"C:/Users/emanu/AppData/Local/UnrealEngine/Common/DerivedDataCache/Buckets/GlobalShaderMap/30/93/641be4c7c8b70a679d067bf46731f89342c5.udd" 2992
"C:/Users/emanu/AppData/Local/UnrealEngine/Common/DerivedDataCache/Buckets/GlobalShaderMap/6b/ed/f31070be61c18d53f1a3f3f3f3711cc2657b.udd" 2993
"C:/Users/emanu/AppData/Local/UnrealEngine/Common/DerivedDataCache/Buckets/GlobalShaderMap/58/88/c38a6af753e553702badd0655b5860bdc315.udd" 2994
"C:/Users/emanu/AppData/Local/UnrealEngine/Common/DerivedDataCache/Buckets/GlobalShaderMap/1b/5e/2230091619fd614f6663c842f25a3e60d626.udd" 2995
"C:/Users/emanu/AppData/Local/UnrealEngine/Common/DerivedDataCache/Buckets/GlobalShaderMap/9f/9c/fa07a12cedfaa0f20c69f164d16aa486085b.udd" 2996
"C:/Users/emanu/AppData/Local/UnrealEngine/Common/DerivedDataCache/Buckets/GlobalShaderMap/6d/97/ed47d5448e9be5fd30bfb4a11195e1f4551e.udd" 2997
"C:/Users/emanu/AppData/Local/UnrealEngine/Common/DerivedDataCache/Buckets/GlobalShaderMap/79/b4/0e98008031f7474b56dbabfb2f09b7a6da36.udd" 2998
"C:/Users/emanu/AppData/Local/UnrealEngine/Common/DerivedDataCache/Buckets/GlobalShaderMap/b1/76/97cf1c3bfae13d6544b6ec11cc4b952bb894.udd" 2999
"C:/Users/emanu/AppData/Local/UnrealEngine/Common/DerivedDataCache/Buckets/GlobalShaderMap/61/eb/2f897c705922b1cf74f93b88e0f5ea6cfbb1.udd" 3000
"C:/Users/emanu/AppData/Local/UnrealEngine/Common/DerivedDataCache/Buckets/GlobalShaderMap/10/ab/be19c10385c8e9f32d65cc3deddd33be7e5b.udd" 3001
"C:/Users/emanu/AppData/Local/UnrealEngine/Common/DerivedDataCache/Buckets/GlobalShaderMap/d1/ff/0dd454b92a95f3426b733df3ddd365023819.udd" 3002
"C:/Users/emanu/AppData/Local/UnrealEngine/Common/DerivedDataCache/Buckets/GlobalShaderMap/ef/36/fb5880e2827f29bbac4420e3deb84b995d63.udd" 3003
"C:/Users/emanu/AppData/Local/UnrealEngine/Common/DerivedDataCache/Buckets/GlobalShaderMap/fd/94/a04e4ae2311da4d12eb0d2fb5cba5e91d384.udd" 3004
"C:/Users/emanu/AppData/Local/UnrealEngine/Common/DerivedDataCache/Buckets/GlobalShaderMap/3d/bb/41adc00ea1525b71a744e0aacc9d42368530.udd" 3005
"C:/Users/emanu/AppData/Local/UnrealEngine/Common/DerivedDataCache/Buckets/GlobalShaderMap/bc/6d/85f32e897ef2900226c65602ccb75c04cb85.udd" 3006
"C:/Users/emanu/AppData/Local/UnrealEngine/Common/DerivedDataCache/Buckets/GlobalShaderMap/37/68/7a401a08591a52d274b2c43dab01bc05d8fa.udd" 3007
"C:/Users/emanu/AppData/Local/UnrealEngine/Common/DerivedDataCache/Buckets/GlobalShaderMap/68/e4/eb03cfa9da416f09dd44e10165b2087bd2d9.udd" 3008
"C:/Users/emanu/AppData/Local/UnrealEngine/Common/DerivedDataCache/Buckets/GlobalShaderMap/7f/a0/9d59e3f81ce14bf80f05ff2bf9cf604fbd85.udd" 3009
"C:/Users/emanu/AppData/Local/UnrealEngine/Common/DerivedDataCache/Buckets/GlobalShaderMap/5f/d4/67cae2601ed4a7eabba27df9af5ee9842959.udd" 3010
"C:/Users/emanu/AppData/Local/UnrealEngine/Common/DerivedDataCache/Buckets/GlobalShaderMap/1f/b9/1313d51484d174457ebafef0e3fb024a381b.udd" 3011
"C:/Users/emanu/AppData/Local/UnrealEngine/Common/DerivedDataCache/Buckets/GlobalShaderMap/7c/26/22e4752a91737275f0914f92ce066f40a3ee.udd" 3012
"C:/Users/emanu/AppData/Local/UnrealEngine/Common/DerivedDataCache/Buckets/GlobalShaderMap/0a/ee/a8a9a9c5c8753703759fcaa61feabb3af241.udd" 3013
"C:/Users/emanu/AppData/Local/UnrealEngine/Common/DerivedDataCache/Buckets/GlobalShaderMap/83/b1/55ae3e892515d80960f0a080d27f0b958a64.udd" 3014
"C:/Users/emanu/AppData/Local/UnrealEngine/Common/DerivedDataCache/Buckets/GlobalShaderMap/8e/96/bb869830e98a79f12b1bbe893c357f528959.udd" 3015
"C:/Users/emanu/AppData/Local/UnrealEngine/Common/DerivedDataCache/Buckets/GlobalShaderMap/01/fe/61f40a1e47a537f2c468cf9f5047050ebde1.udd" 3016
"C:/Users/emanu/AppData/Local/UnrealEngine/Common/DerivedDataCache/Buckets/GlobalShaderMap/ee/43/b76247871e435f34175a46dbf896cf178387.udd" 3017
"C:/Users/emanu/AppData/Local/UnrealEngine/Common/DerivedDataCache/Buckets/GlobalShaderMap/50/a0/611f9073e3c71d3421ae1075cccb634c1c17.udd" 3018
"C:/Users/emanu/AppData/Local/UnrealEngine/Common/DerivedDataCache/Buckets/GlobalShaderMap/48/79/671a180b7ca1ccd73624ea5ce48ade58de29.udd" 3019
"C:/Users/emanu/AppData/Local/UnrealEngine/Common/DerivedDataCache/Buckets/GlobalShaderMap/b2/b4/ebbae654cbbd89439a1763dddf4dbc19debd.udd" 3020
"C:/Users/emanu/AppData/Local/UnrealEngine/Common/DerivedDataCache/Buckets/GlobalShaderMap/5e/07/b61c6c6b3bfdf0f7458249925d100f4d50b1.udd" 3021
"C:/Users/emanu/AppData/Local/UnrealEngine/Common/DerivedDataCache/Buckets/GlobalShaderMap/3d/b1/32065c281cd92959a49cefeb019c1fde8cbc.udd" 3022
"C:/Users/emanu/AppData/Local/UnrealEngine/Common/DerivedDataCache/Buckets/GlobalShaderMap/46/db/01dd36dfa6b4d67506cf0d2c9880f12f096e.udd" 3023
"C:/Users/emanu/AppData/Local/UnrealEngine/Common/DerivedDataCache/Buckets/GlobalShaderMap/f4/98/92bbff47324365a4fd39211a0f4b144dde77.udd" 3024
"C:/Users/emanu/AppData/Local/UnrealEngine/Common/DerivedDataCache/Buckets/GlobalShaderMap/3b/f9/462dea9af484f41bacb737ec28879736b5e1.udd" 3025
"C:/Users/emanu/AppData/Local/UnrealEngine/Common/DerivedDataCache/Buckets/GlobalShaderMap/c8/4b/abd3c933aafc4ddf81fbdda157ba4f25f7e5.udd" 3026
"C:/Users/emanu/AppData/Local/UnrealEngine/Common/DerivedDataCache/Buckets/GlobalShaderMap/8c/93/077c6002ea98bd57814ac95f2b4a2043254d.udd" 3027
"C:/Users/emanu/AppData/Local/UnrealEngine/Common/DerivedDataCache/Buckets/GlobalShaderMap/10/34/d02b5e81a8a86c9e7a5f2a09a0f6d66a9fb2.udd" 3028
"C:/Users/emanu/AppData/Local/UnrealEngine/Common/DerivedDataCache/Buckets/GlobalShaderMap/2c/a1/fcbeea4d08c897a922776b72766c63fe3515.udd" 3029
"C:/Users/emanu/AppData/Local/UnrealEngine/Common/DerivedDataCache/Buckets/GlobalShaderMap/cf/ac/7db9d42e8226659b81ee1e909df040a781b9.udd" 3030
"C:/Users/emanu/AppData/Local/UnrealEngine/Common/DerivedDataCache/Buckets/GlobalShaderMap/60/d9/4e75b3c59385635790d462ab206cbedb6ccc.udd" 3031
"C:/Users/emanu/AppData/Local/UnrealEngine/Common/DerivedDataCache/Buckets/GlobalShaderMap/35/56/69fe84f84f7701e322c460c30b4420fc90ad.udd" 3032
"C:/Users/emanu/AppData/Local/UnrealEngine/Common/DerivedDataCache/Buckets/GlobalShaderMap/84/49/46791bbdfdba807162a62f28c577a73cf99a.udd" 3033
"C:/Users/emanu/AppData/Local/UnrealEngine/Common/DerivedDataCache/Buckets/GlobalShaderMap/e2/18/fb0b4883b884b49310ccac50ae64be915f51.udd" 3034
"C:/Users/emanu/AppData/Local/UnrealEngine/Common/DerivedDataCache/Buckets/GlobalShaderMap/00/29/1fc8b0c583bd6e726a5ee78388a59854f844.udd" 3035
"C:/Users/emanu/AppData/Local/UnrealEngine/Common/DerivedDataCache/Buckets/GlobalShaderMap/20/43/b5c1fd80f99d9312575b0943e80da4c55e8d.udd" 3036
"C:/Users/emanu/AppData/Local/UnrealEngine/Common/DerivedDataCache/Buckets/GlobalShaderMap/72/70/0be8b05028418e9b8325c2e7ce73240ec7ad.udd" 3037
"C:/Users/emanu/AppData/Local/UnrealEngine/Common/DerivedDataCache/Buckets/GlobalShaderMap/ad/ad/07707166850829449e6d8d174aaa15e04b68.udd" 3038
"C:/Users/emanu/AppData/Local/UnrealEngine/Common/DerivedDataCache/Buckets/GlobalShaderMap/24/64/168132aa95cacc042f7f58f7c004bcf0f053.udd" 3039
"C:/Users/emanu/AppData/Local/UnrealEngine/Common/DerivedDataCache/Buckets/GlobalShaderMap/a2/73/29a48c60c2471f06c2937f5d44fab2fb09d5.udd" 3040
"C:/Users/emanu/AppData/Local/UnrealEngine/Common/DerivedDataCache/Buckets/GlobalShaderMap/db/49/65ce554bfadf2f4c5462210751ce11fb994b.udd" 3041
"C:/Users/emanu/AppData/Local/UnrealEngine/Common/DerivedDataCache/Buckets/GlobalShaderMap/21/76/3c73a31183fc773613af012d8ba941565067.udd" 3042
"C:/Users/emanu/AppData/Local/UnrealEngine/Common/DerivedDataCache/Buckets/GlobalShaderMap/8c/5f/851ce6db11ca62718a4ad57c5b495bbfdcc8.udd" 3043
"C:/Users/emanu/AppData/Local/UnrealEngine/Common/DerivedDataCache/Buckets/GlobalShaderMap/cb/a5/424f89aa31a14316e31819b300dac9f29e9f.udd" 3044
"C:/Users/emanu/AppData/Local/UnrealEngine/Common/DerivedDataCache/Buckets/GlobalShaderMap/e2/b6/0f1048aa3efcdc5a8d4e2fb9aba6a9d05907.udd" 3045
"C:/Users/emanu/AppData/Local/UnrealEngine/Common/DerivedDataCache/Buckets/GlobalShaderMap/b7/3d/c5a89db857fe97e43fd6280045b08370bf9e.udd" 3046
"C:/Users/emanu/AppData/Local/UnrealEngine/Common/DerivedDataCache/Buckets/GlobalShaderMap/5d/1e/70d68d4c3fdb0325a06f3a4b8aa9254bcf24.udd" 3047
"C:/Users/emanu/AppData/Local/UnrealEngine/Common/DerivedDataCache/Buckets/GlobalShaderMap/46/d2/613849366bf9e5f20dfa66a129467df9c2ab.udd" 3048
"C:/Users/emanu/AppData/Local/UnrealEngine/Common/DerivedDataCache/Buckets/GlobalShaderMap/7a/bd/792fcad2882c9c368abef18b2279f324746c.udd" 3049
"C:/Users/emanu/AppData/Local/UnrealEngine/Common/DerivedDataCache/Buckets/GlobalShaderMap/e3/da/835b7d7a102ff6ae6df9c1f80a66d7119473.udd" 3050
"C:/Users/emanu/AppData/Local/UnrealEngine/Common/DerivedDataCache/Buckets/GlobalShaderMap/5f/24/d0e07bbbb6d908a924f26d93f7302f1ec51d.udd" 3051
"C:/Users/emanu/AppData/Local/UnrealEngine/Common/DerivedDataCache/Buckets/GlobalShaderMap/6d/2a/4a2200bd316a4693a8cc5168abb483e2b12c.udd" 3052
"C:/Users/emanu/AppData/Local/UnrealEngine/Common/DerivedDataCache/Buckets/GlobalShaderMap/69/0d/c3386fed50bba4196b8ec5005b88419e8183.udd" 3053
"C:/Users/emanu/AppData/Local/UnrealEngine/Common/DerivedDataCache/Buckets/GlobalShaderMap/ec/30/489094c2c00017191673010db9c171d592ed.udd" 3054
"C:/Users/emanu/AppData/Local/UnrealEngine/Common/DerivedDataCache/Buckets/GlobalShaderMap/0a/98/30064945be1782378a27a29f574c02f032bd.udd" 3055
"C:/Users/emanu/AppData/Local/UnrealEngine/Common/DerivedDataCache/Buckets/GlobalShaderMap/4d/8c/36d7ecfa2288537bb06064d7a3a961875b3d.udd" 3056
"C:/Users/emanu/AppData/Local/UnrealEngine/Common/DerivedDataCache/Buckets/GlobalShaderMap/d4/a3/aef965da272ebe70d9e4db1567ebc6faf9bb.udd" 3057
"C:/Users/emanu/AppData/Local/UnrealEngine/Common/DerivedDataCache/Buckets/GlobalShaderMap/18/29/b6ecf6751eb8439ed36bf62e77527621b1c9.udd" 3058
"C:/Users/emanu/AppData/Local/UnrealEngine/Common/DerivedDataCache/Buckets/GlobalShaderMap/b4/9d/4d9d20d07eb0ec98a73f68b8435641eb67fc.udd" 3059
"C:/Users/emanu/AppData/Local/UnrealEngine/Common/DerivedDataCache/Buckets/GlobalShaderMap/57/6f/dd81ca2dbfc48d4738efb95118ef6a523ea5.udd" 3060
"C:/Users/emanu/AppData/Local/UnrealEngine/Common/DerivedDataCache/Buckets/GlobalShaderMap/bc/35/974cb758177c79b431dc763a768b847efd72.udd" 3061
"C:/Users/emanu/AppData/Local/UnrealEngine/Common/DerivedDataCache/Buckets/GlobalShaderMap/2c/48/84044f67f15a730c71c9eefc6c4649ef0ff3.udd" 3062
"C:/Users/emanu/AppData/Local/UnrealEngine/Common/DerivedDataCache/Buckets/GlobalShaderMap/fe/57/0d7e9be1b32edf541d313f1eea6045ec7d2c.udd" 3063
"C:/Users/emanu/AppData/Local/UnrealEngine/Common/DerivedDataCache/Buckets/GlobalShaderMap/ac/56/a95fb3b669e21fb1bf88123dd6692e00758c.udd" 3064
"C:/Users/emanu/AppData/Local/UnrealEngine/Common/DerivedDataCache/Buckets/GlobalShaderMap/91/d2/0e9665b0c923a4f870a892fd9fa38a3d080a.udd" 3065
"C:/Users/emanu/AppData/Local/UnrealEngine/Common/DerivedDataCache/Buckets/GlobalShaderMap/06/13/734457adf3ae6fc2f7cd0f9000bd38ec41ac.udd" 3066
"C:/Users/emanu/AppData/Local/UnrealEngine/Common/DerivedDataCache/Buckets/GlobalShaderMap/e0/01/5ae61878d6a4f0b5c44c20a603ddbbc5a098.udd" 3067
"C:/Users/emanu/AppData/Local/UnrealEngine/Common/DerivedDataCache/Buckets/GlobalShaderMap/8f/c1/9d15aa90043dc182060c6800aa71b8fccae5.udd" 3068
"../../../Engine/Plugins/Interchange/Runtime/Content/Pipelines/DefaultMaterialPipeline.uasset" 3069
"../../../Engine/Plugins/Interchange/Runtime/Content/Pipelines/DefaultSceneLevelPipeline.uasset" 3070
"../../../Engine/Plugins/Interchange/Runtime/Content/Pipelines/DefaultSceneAssetsPipeline.uasset" 3071
"../../../Engine/Plugins/Interchange/Runtime/Content/Pipelines/DefaultTexturePipeline.uasset" 3072
"../../../Engine/Plugins/Interchange/Runtime/Content/Pipelines/DefaultAssetsPipeline.uasset" 3073
"../../../Engine/Content/EngineMaterials/STBlueNoise_vec2_128x128x64.uasset" 3074
"../../../Engine/Content/EngineDebugMaterials/DebugEditorMaterial.uasset" 3075
"../../../Engine/Content/EngineMaterials/STBlueNoise_scalar_128x128x64.uasset" 3076
"../../../Engine/Content/EngineMaterials/DefaultBloomKernel.uasset" 3077
"../../../Engine/Content/EditorResources/BSPVertex.uasset" 3078
"../../../Engine/Content/MobileResources/HUD/VirtualJoystick_Background.uasset" 3079
"../../../Engine/Content/MobileResources/HUD/VirtualJoystick_Thumb.uasset" 3080
"../../../Engine/Content/EngineSounds/Submixes/MasterEQEffectPreset.uasset" 3081
"../../../Engine/Content/EngineSounds/Submixes/MasterReverbEffectPreset.uasset" 3082
"../../../Engine/Content/EditorMaterials/PreviewShadowIndicator.uasset" 3083
"E:/Projects/EcoBots/Content/Assets/LUSH_StylizedEnvironmentSet/Landscape/Textures/RVT_BaseColor.uasset" 3084
"E:/Projects/EcoBots/Content/Assets/LUSH_StylizedEnvironmentSet/Landscape/Textures/RVT_Height.uasset" 3085
"E:/Projects/EcoBots/Content/Assets/LUSH_StylizedEnvironmentSet/Maps/DemoMap_sharedassets/Cliff_LayerInfo.uasset" 3086
"E:/Projects/EcoBots/Content/Assets/LUSH_StylizedEnvironmentSet/Maps/DemoMap_sharedassets/Grass_LayerInfo.uasset" 3087
"E:/Projects/EcoBots/Content/Assets/LUSH_StylizedEnvironmentSet/Maps/DemoMap_sharedassets/Gravel_LayerInfo.uasset" 3088
"E:/Projects/EcoBots/Content/Assets/LUSH_StylizedEnvironmentSet/Maps/DemoMap_sharedassets/Mud_LayerInfo.uasset" 3089
"E:/Projects/EcoBots/Content/Assets/LUSH_StylizedEnvironmentSet/Maps/DemoMap_sharedassets/RiverBed_LayerInfo.uasset" 3090
"E:/Projects/EcoBots/Content/Assets/LUSH_StylizedEnvironmentSet/Maps/DemoMap_sharedassets/Sand_LayerInfo.uasset" 3091
"E:/Projects/EcoBots/Content/Blueprints/Audio/SC_Music.uasset" 3092
"E:/Projects/EcoBots/Content/Blueprints/Characters/BP_PersonalizationCam.uasset" 3093
"E:/Projects/EcoBots/Content/Blueprints/Managers/BP_DayNightManagers.uasset" 3094
"E:/Projects/EcoBots/Content/Assets/LUSH_StylizedEnvironmentSet/_SharedAssets/Textures/T_FX_Clouds.uasset" 3095
"E:/Projects/EcoBots/Content/Assets/LUSH_StylizedEnvironmentSet/Landscape/Textures/T_GenericGravel_D.uasset" 3096
"../../../Engine/Content/EngineResources/FilmGrains/Marcie_Grain_v3_128_M2_000.uasset" 3097
"../../../Engine/Content/EngineMaterials/DefaultCalibrationGrayscale.uasset" 3098
"../../../Engine/Content/EngineMaterials/DefaultCalibrationColor.uasset" 3099
"../../../Engine/Plugins/Animation/ControlRig/Content/Controls/ControlRigGizmoMaterial.uasset" 3100
"E:/Projects/EcoBots/Content/Assets/LUSH_StylizedEnvironmentSet/Landscape/Textures/T_GenericGravel_N.uasset" 3101
"E:/Projects/EcoBots/Content/Assets/LUSH_StylizedEnvironmentSet/Landscape/Textures/T_GenericGravel_RAOH.uasset" 3102
"E:/Projects/EcoBots/Content/Assets/LUSH_StylizedEnvironmentSet/Landscape/Textures/T_LushGrass_D.uasset" 3103
"E:/Projects/EcoBots/Content/Assets/LUSH_StylizedEnvironmentSet/Landscape/Textures/T_LushGrass_N.uasset" 3104
"E:/Projects/EcoBots/Content/Assets/LUSH_StylizedEnvironmentSet/Landscape/Textures/T_LushGrass_RAOH.uasset" 3105
"E:/Projects/EcoBots/Content/Assets/LUSH_StylizedEnvironmentSet/Landscape/Textures/T_RiverBed_D.uasset" 3106
"C:/Users/emanu/AppData/Local/UnrealEngine/Common/DerivedDataCache/Buckets/BulkDataList/b9/cd/1024a08bff47cd3df5ec9b1d5cd6c20df5fb.udd" 3107
"E:/Projects/EcoBots/Content/Assets/LUSH_StylizedEnvironmentSet/Landscape/Textures/T_RiverBed_N.uasset" 3108
"C:/Users/emanu/AppData/Local/UnrealEngine/Common/DerivedDataCache/Buckets/BulkDataList/b2/70/57d869c07c41c9aeae0baad724bdd66d8029.udd" 3109
"E:/Projects/EcoBots/Content/Assets/LUSH_StylizedEnvironmentSet/Landscape/Textures/T_RiverBed_RAOH.uasset" 3110
"E:/Projects/EcoBots/Content/Assets/LUSH_StylizedEnvironmentSet/Landscape/Textures/T_SandBank_D.uasset" 3111
"E:/Projects/EcoBots/Content/Assets/LUSH_StylizedEnvironmentSet/Landscape/Textures/T_SandBank_N.uasset" 3112
"C:/Users/emanu/AppData/Local/UnrealEngine/Common/DerivedDataCache/Buckets/BulkDataList/3e/c6/ba527403e95a8758a1e7ea471c1a869457e0.udd" 3113
"E:/Projects/EcoBots/Content/Assets/LUSH_StylizedEnvironmentSet/Landscape/Textures/T_SandBank_RAOH.uasset" 3114
"C:/Users/emanu/AppData/Local/UnrealEngine/Common/DerivedDataCache/Buckets/BulkDataList/e2/81/d5dc36c022ec0bde7c834923f3b25716348e.udd" 3115
"E:/Projects/EcoBots/Content/Assets/LUSH_StylizedEnvironmentSet/Landscape/Textures/T_SwampMud_D.uasset" 3116
"C:/Users/emanu/AppData/Local/UnrealEngine/Common/DerivedDataCache/Buckets/BulkDataList/35/f4/639877c54386cd4cbaa589b0f4c406b6481e.udd" 3117
"C:/Users/emanu/AppData/Local/UnrealEngine/Common/DerivedDataCache/Buckets/MaterialShaderMap/2c/5a/1dbd1c237a28fc21506c01eef25495e2d445.udd" 3118
"C:/Users/emanu/AppData/Local/UnrealEngine/Common/DerivedDataCache/Buckets/MaterialShaderMap/2e/d4/6a2ccaadc3cbdd071c1344e546e1fd6cfbb8.udd" 3119
"C:/Users/emanu/AppData/Local/UnrealEngine/Common/DerivedDataCache/Buckets/MaterialShaderMap/cb/b5/333e73598995e100f0dd110c379b63b091bf.udd" 3120
"C:/Users/emanu/AppData/Local/UnrealEngine/Common/DerivedDataCache/Buckets/MaterialShaderMap/ec/b8/1f8d53f330174d0cdd5f876727c7d727fa98.udd" 3121
"C:/Users/emanu/AppData/Local/UnrealEngine/Common/DerivedDataCache/Buckets/MaterialShaderMap/a3/f0/54248569ff871d8c4751dd3e7c57b8fb6172.udd" 3122
"C:/Users/emanu/AppData/Local/UnrealEngine/Common/DerivedDataCache/Buckets/MaterialShaderMap/15/f3/1b7a934b55a2bbe38e9675b87cd4ca03a2b8.udd" 3123
"C:/Users/emanu/AppData/Local/UnrealEngine/Common/DerivedDataCache/Buckets/MaterialShaderMap/83/06/6e40d381bf084fad713e9e70e89721fabcdd.udd" 3124
"C:/Users/emanu/AppData/Local/UnrealEngine/Common/DerivedDataCache/Buckets/MaterialShaderMap/18/49/afe77ca2725cceaec9196cee65614ca58a82.udd" 3125
"C:/Users/emanu/AppData/Local/UnrealEngine/Common/DerivedDataCache/Buckets/MaterialShaderMap/b3/20/12bbc9ab3be4dc2c14718ca0fb860b0d4003.udd" 3126
"C:/Users/emanu/AppData/Local/UnrealEngine/Common/DerivedDataCache/Buckets/MaterialShaderMap/c1/8e/8b4caa635106f5f9493e0b9b61a8c7a78471.udd" 3127
"C:/Users/emanu/AppData/Local/UnrealEngine/Common/DerivedDataCache/Buckets/MaterialShaderMap/e7/e5/e7db08d7aaf65bc7398adc23422d37fdada0.udd" 3128
"C:/Users/emanu/AppData/Local/UnrealEngine/Common/DerivedDataCache/Buckets/MaterialShaderMap/9c/6d/acc599718238bc7eb0faf4099b682ca20241.udd" 3129
"C:/Users/emanu/AppData/Local/UnrealEngine/Common/DerivedDataCache/Buckets/MaterialShaderMap/ee/f9/dc309e54ed62f1398995ad78222ad23f070a.udd" 3130
"C:/Users/emanu/AppData/Local/UnrealEngine/Common/DerivedDataCache/Buckets/MaterialShaderMap/17/f0/9ce1c66c04303998deeee37809bf3d1070f9.udd" 3131
"C:/Users/emanu/AppData/Local/UnrealEngine/Common/DerivedDataCache/Buckets/MaterialShaderMap/26/f1/b9d197e4886b6f61e0d6ac37cb7460b5c60c.udd" 3132
"C:/Users/emanu/AppData/Local/UnrealEngine/Common/DerivedDataCache/Buckets/MaterialShaderMap/dc/85/c3c57b49ef81a6a50141e8fa6108a1b30538.udd" 3133
"C:/Users/emanu/AppData/Local/UnrealEngine/Common/DerivedDataCache/Buckets/MaterialShaderMap/30/9f/1d57ab7d1d240fb33a01342fa363fd822f13.udd" 3134
"C:/Users/emanu/AppData/Local/UnrealEngine/Common/DerivedDataCache/Buckets/MaterialShaderMap/8b/e2/b650ac7a099fcf643a7d37b53d5a525eacca.udd" 3135
"C:/Users/emanu/AppData/Local/UnrealEngine/Common/DerivedDataCache/Buckets/MaterialShaderMap/b7/dd/f3cccdae2033f2c0eb461f40ce40081ba3d5.udd" 3136
"C:/Users/emanu/AppData/Local/UnrealEngine/Common/DerivedDataCache/Buckets/MaterialShaderMap/25/c6/a9bde874a5886451ecb04f6854ba05e72301.udd" 3137
"C:/Users/emanu/AppData/Local/UnrealEngine/Common/DerivedDataCache/Buckets/MaterialShaderMap/00/55/8e4b74e763d531bc3b73129eeea327685091.udd" 3138
"C:/Users/emanu/AppData/Local/UnrealEngine/Common/DerivedDataCache/Buckets/MaterialShaderMap/e4/75/d04929c2759a33759886149c172dfde3926c.udd" 3139
"C:/Users/emanu/AppData/Local/UnrealEngine/Common/DerivedDataCache/Buckets/MaterialShaderMap/de/6d/4118b33c6b1d118cf3dd24919b9ddd0b7b09.udd" 3140
"C:/Users/emanu/AppData/Local/UnrealEngine/Common/DerivedDataCache/Buckets/MaterialShaderMap/98/4d/168b2439f4a298855ebbcd73d073eb198e2c.udd" 3141
"C:/Users/emanu/AppData/Local/UnrealEngine/Common/DerivedDataCache/Buckets/MaterialShaderMap/c0/15/ec706b76f41b825c3006a291e06cb08efdbe.udd" 3142
"C:/Users/emanu/AppData/Local/UnrealEngine/Common/DerivedDataCache/Buckets/MaterialShaderMap/3e/c6/a4b25d27a63631715db4e167f6d3babc6f80.udd" 3143
"C:/Users/emanu/AppData/Local/UnrealEngine/Common/DerivedDataCache/Buckets/MaterialShaderMap/7e/a3/38ff1557df610cc06bea8d9c9421845ae99d.udd" 3144
"C:/Users/emanu/AppData/Local/UnrealEngine/Common/DerivedDataCache/Buckets/MaterialShaderMap/c7/ba/b4e38b39915fdb1f6233a7b5bddc11793b65.udd" 3145
"C:/Users/emanu/AppData/Local/UnrealEngine/Common/DerivedDataCache/Buckets/MaterialShaderMap/91/45/ca122b5d6dcce0aad2bf2923cc4808f04fa0.udd" 3146
"C:/Users/emanu/AppData/Local/UnrealEngine/Common/DerivedDataCache/Buckets/MaterialShaderMap/fd/4d/f551a129bf5cf3cde73ed46eccb9075274f5.udd" 3147
"E:/Projects/EcoBots/Content/Assets/LUSH_StylizedEnvironmentSet/Landscape/Textures/T_SwampMud_N.uasset" 3148
"E:/Projects/EcoBots/Content/Assets/LUSH_StylizedEnvironmentSet/Landscape/Textures/T_SwampMud_RAOH.uasset" 3149
"E:/Projects/EcoBots/Content/Assets/LUSH_StylizedEnvironmentSet/Landscape/Textures/T_TropicalCliff_D.uasset" 3150
"E:/Projects/EcoBots/Content/Assets/LUSH_StylizedEnvironmentSet/Landscape/Textures/T_TropicalCliff_ND.uasset" 3151
"E:/Projects/EcoBots/Content/Assets/LUSH_StylizedEnvironmentSet/Landscape/Textures/T_TropicalCliff_RAOH.uasset" 3152
"E:/Projects/EcoBots/Content/Assets/LUSH_StylizedEnvironmentSet/StylizedWaterComponent/Texture/T_WaterWaves_01_N.uasset" 3153
"C:/Users/emanu/AppData/Local/UnrealEngine/Common/DerivedDataCache/Buckets/MaterialShaderMap/82/49/6980857ed0298a297e2bedc281223e2b9bcf.udd" 3154
"C:/Users/emanu/AppData/Local/UnrealEngine/Common/DerivedDataCache/Buckets/MaterialShaderMap/29/ed/f6df0697353eb3c27eadc519bbabd9daccf1.udd" 3155
"C:/Users/emanu/AppData/Local/UnrealEngine/Common/DerivedDataCache/Buckets/MaterialShaderMap/e9/b5/7056815f9d921d6ad4d9d5efa85237739375.udd" 3156
"C:/Users/emanu/AppData/Local/UnrealEngine/Common/DerivedDataCache/Buckets/BulkDataList/ce/0a/681503dae0401404fca3d7a0c1df56f2cd42.udd" 3157
"C:/Users/emanu/AppData/Local/UnrealEngine/Common/DerivedDataCache/Buckets/MaterialShaderMap/86/fa/150d1b3f46a9d8a019fa773a2551355629be.udd" 3158
"C:/Users/emanu/AppData/Local/UnrealEngine/Common/DerivedDataCache/Buckets/BulkDataList/2b/27/2d0e1433306c63669a63ea306446360dd23b.udd" 3159
"C:/Users/emanu/AppData/Local/UnrealEngine/Common/DerivedDataCache/Buckets/BulkDataList/7b/97/696e41aaaf5050a13b1a9a1819f6a9bc9e13.udd" 3160
"../../../Engine/Content/Functions/Engine_MaterialFunctions02/HueShift.uasset" 3161
"E:/Projects/EcoBots/Content/Assets/StackOBot/Characters/Bot/Textures/T_Bot_Albedo.uasset" 3162
"E:/Projects/EcoBots/Content/Assets/StackOBot/Characters/Bot/Textures/T_Bot_M_R_AO.uasset" 3163
"E:/Projects/EcoBots/Content/Assets/StackOBot/Characters/Bot/Textures/T_Bot_Masks.uasset" 3164
"E:/Projects/EcoBots/Content/Assets/StackOBot/Characters/Bot/Textures/T_Bot_Normal.uasset" 3165
"C:/Users/emanu/AppData/Local/UnrealEngine/Common/DerivedDataCache/Buckets/BulkDataList/9f/fb/a27eb48972431489533c7bdcbb9ce42cecaf.udd" 3166
"C:/Users/emanu/AppData/Local/UnrealEngine/Common/DerivedDataCache/Buckets/BulkDataList/55/3c/d3bff971872df98d1262b632ea160069f6b2.udd" 3167
"E:/Projects/EcoBots/Content/Blueprints/Characters/MiniMap/MiniMapTextureRenderTarget2D.uasset" 3168
"E:/Projects/EcoBots/Content/Blueprints/Characters/BP_CameraPawn.uasset" 3169
"../../../Engine/Content/EngineSky/T_Sky_Blue.uasset" 3170
"../../../Engine/Content/EngineSky/T_Sky_Clouds_M.uasset" 3171
"../../../Engine/Content/EngineSky/T_Sky_Stars.uasset" 3172
"../../../Engine/Content/MapTemplates/Sky/T_Sky_Stars.uasset" 3173
"../../../Engine/Content/MapTemplates/Sky/T_UDK_Sky_CloudMask01_N.uasset" 3174
"C:/Users/emanu/AppData/Local/UnrealEngine/Common/DerivedDataCache/Buckets/BulkDataList/93/64/6ab1ecf3b8e0c092db1d43acde3fc291871f.udd" 3175
"../../../Engine/Content/MapTemplates/T_UDK_Sky_CloudMask03.uasset" 3176
"C:/Users/emanu/AppData/Local/UnrealEngine/Common/DerivedDataCache/Buckets/BulkDataList/b8/3e/2d75cb36ddef1b4fb8ba801aa7eebbff2192.udd" 3177
"E:/Projects/EcoBots/Content/Assets/LUSH_StylizedEnvironmentSet/_SharedAssets/T_Tree_Leaves_03.uasset" 3178
"C:/Users/emanu/AppData/Local/UnrealEngine/Common/DerivedDataCache/Buckets/BulkDataList/5b/50/2002c6bd725ae91ef226c8c15781e33b56b1.udd" 3179
"../../../Engine/Content/EngineMaterials/FlatNormal.uasset" 3180
"C:/Users/emanu/AppData/Local/UnrealEngine/Common/DerivedDataCache/Buckets/BulkDataList/e7/ae/524e310066f5a353fef375619cb827e209ed.udd" 3181
"E:/Projects/EcoBots/Content/Assets/LUSH_StylizedEnvironmentSet/Foliage/Flowers/Textures/T_Flowers_01_D.uasset" 3182
"C:/Users/emanu/AppData/Local/UnrealEngine/Common/DerivedDataCache/Buckets/BulkDataList/a0/84/e5d84c2a4d2d5b38fd1587d294ccf908a62f.udd" 3183
"E:/Projects/EcoBots/Content/Assets/LUSH_StylizedEnvironmentSet/Foliage/Plants/Textures/T_eleplant_leaf_01.uasset" 3184
"C:/Users/emanu/AppData/Local/UnrealEngine/Common/DerivedDataCache/Buckets/BulkDataList/98/63/72e1e55d86ad04096a864a07c48b89326ac0.udd" 3185
"E:/Projects/EcoBots/Content/Assets/LUSH_StylizedEnvironmentSet/Foliage/Plants/Textures/T_eleplant_leaf_01_N.uasset" 3186
"C:/Users/emanu/AppData/Local/UnrealEngine/Common/DerivedDataCache/Buckets/BulkDataList/6d/b1/56ff53dc867b9cf02a228c525979682d4343.udd" 3187
"E:/Projects/EcoBots/Content/Assets/LUSH_StylizedEnvironmentSet/_SharedAssets/T_Leaves_01.uasset" 3188
"C:/Users/emanu/AppData/Local/UnrealEngine/Common/DerivedDataCache/Buckets/BulkDataList/a2/6f/dbdde6ced8b3a3b2ac925fed75e501562ee6.udd" 3189
"E:/Projects/EcoBots/Content/Assets/LUSH_StylizedEnvironmentSet/Foliage/Trees/Textures/T_BananaLeaf_02_D.uasset" 3190
"C:/Users/emanu/AppData/Local/UnrealEngine/Common/DerivedDataCache/Buckets/BulkDataList/2b/fd/3fdde934da57e4df4677839f23eb4fa4b239.udd" 3191
"E:/Projects/EcoBots/Content/Assets/LUSH_StylizedEnvironmentSet/Foliage/Trees/Textures/T_BananaLeaf_02_N.uasset" 3192
"C:/Users/emanu/AppData/Local/UnrealEngine/Common/DerivedDataCache/Buckets/BulkDataList/c3/29/cd4436ab78ab98458ba6b460112190a513e6.udd" 3193
"E:/Projects/EcoBots/Content/Assets/LUSH_StylizedEnvironmentSet/Foliage/Trees/Textures/T_BananaLeaf_02_RAOH.uasset" 3194
"C:/Users/emanu/AppData/Local/UnrealEngine/Common/DerivedDataCache/Buckets/BulkDataList/8e/a1/093a533208a0e5ad33669c182a86bd75e704.udd" 3195
"E:/Projects/EcoBots/Content/Assets/LUSH_StylizedEnvironmentSet/Foliage/Trees/Textures/T_Banana_Bark_D.uasset" 3196
"C:/Users/emanu/AppData/Local/UnrealEngine/Common/DerivedDataCache/Buckets/BulkDataList/c9/6c/4c5f3ba4db47f5107f3d3eb735e7cdf84e25.udd" 3197
"E:/Projects/EcoBots/Content/Assets/LUSH_StylizedEnvironmentSet/Foliage/Trees/Textures/T_Banana_Bark_N.uasset" 3198
"C:/Users/emanu/AppData/Local/UnrealEngine/Common/DerivedDataCache/Buckets/BulkDataList/a9/9e/59dbbf93e76e0cc9c442766c8bae25f2b58f.udd" 3199
"E:/Projects/EcoBots/Content/Assets/LUSH_StylizedEnvironmentSet/Foliage/Trees/Textures/T_Banana_Bark_RHAO.uasset" 3200
"C:/Users/emanu/AppData/Local/UnrealEngine/Common/DerivedDataCache/Buckets/BulkDataList/d1/8d/f64c7f0cb96cb582e6248261101cd6547946.udd" 3201
"E:/Projects/EcoBots/Content/Assets/LUSH_StylizedEnvironmentSet/Foliage/Trees/Textures/T_Palm_A_Bark_D.uasset" 3202
"C:/Users/emanu/AppData/Local/UnrealEngine/Common/DerivedDataCache/Buckets/BulkDataList/fd/25/6bd4e4832913e6b808ca65a48fd60a46dfd8.udd" 3203
"E:/Projects/EcoBots/Content/Assets/LUSH_StylizedEnvironmentSet/Foliage/Trees/Textures/T_Palm_A_Bark_N.uasset" 3204
"C:/Users/emanu/AppData/Local/UnrealEngine/Common/DerivedDataCache/Buckets/BulkDataList/e3/34/459e5b6f709506f17ce43d26d7766ccdafdd.udd" 3205
"E:/Projects/EcoBots/Content/Assets/LUSH_StylizedEnvironmentSet/Foliage/Trees/Textures/T_Palm_A_Bark_RAOH.uasset" 3206
"C:/Users/emanu/AppData/Local/UnrealEngine/Common/DerivedDataCache/Buckets/BulkDataList/2c/e6/4754f27e1e42461c2ef83c70b331ecc4fd10.udd" 3207
"E:/Projects/EcoBots/Content/Assets/LUSH_StylizedEnvironmentSet/_SharedAssets/Textures/T_Default_RAOH.uasset" 3208
"C:/Users/emanu/AppData/Local/UnrealEngine/Common/DerivedDataCache/Buckets/BulkDataList/42/a1/8529dae7db556d5fca21bc66abfeb0798ff8.udd" 3209
"E:/Projects/EcoBots/Content/Assets/LUSH_StylizedEnvironmentSet/Foliage/Trees/Textures/T_Palm_A_Leaf_D.uasset" 3210
"C:/Users/emanu/AppData/Local/UnrealEngine/Common/DerivedDataCache/Buckets/BulkDataList/d3/17/6f84590b08d267685320eb6d9372864baf07.udd" 3211
"E:/Projects/EcoBots/Content/Assets/LUSH_StylizedEnvironmentSet/Foliage/Trees/Textures/T_Palm_A_Leaf_N.uasset" 3212
"C:/Users/emanu/AppData/Local/UnrealEngine/Common/DerivedDataCache/Buckets/BulkDataList/22/b3/b1b0611e323faa3c9022a876ecbe0e4b79bf.udd" 3213
"E:/Projects/EcoBots/Content/Assets/LUSH_StylizedEnvironmentSet/Foliage/Trees/Textures/T_Palm_B_Bark_D.uasset" 3214
"E:/Projects/EcoBots/Content/Assets/LUSH_StylizedEnvironmentSet/Foliage/Trees/Textures/T_Palm_B_Bark_N.uasset" 3215
"C:/Users/emanu/AppData/Local/UnrealEngine/Common/DerivedDataCache/Buckets/BulkDataList/6f/0f/a21c5c9f685826131f0328a58893fc2b1238.udd" 3216
"E:/Projects/EcoBots/Content/Assets/LUSH_StylizedEnvironmentSet/Foliage/Trees/Textures/T_Palm_B_Bark_RAOH.uasset" 3217
"C:/Users/emanu/AppData/Local/UnrealEngine/Common/DerivedDataCache/Buckets/BulkDataList/40/60/7664160fc66ee36bbd24db9ba5822cec7059.udd" 3218
"E:/Projects/EcoBots/Content/Assets/LUSH_StylizedEnvironmentSet/Foliage/Trees/Textures/T_Palm_B_Leaf_D.uasset" 3219
"C:/Users/emanu/AppData/Local/UnrealEngine/Common/DerivedDataCache/Buckets/BulkDataList/f8/df/f3ae33edc9bb7a8e87764e847c0d96eeb9f0.udd" 3220
"E:/Projects/EcoBots/Content/Assets/LUSH_StylizedEnvironmentSet/Foliage/Trees/Textures/T_Palm_B_Leaf_N.uasset" 3221
"C:/Users/emanu/AppData/Local/UnrealEngine/Common/DerivedDataCache/Buckets/BulkDataList/13/78/3bad144e134cf266c18be32f3576082a0fbd.udd" 3222
"E:/Projects/EcoBots/Content/Assets/LUSH_StylizedEnvironmentSet/Foliage/Trees/Textures/T_Trunk_04_Moss_D.uasset" 3223
"E:/Projects/EcoBots/Content/Assets/LUSH_StylizedEnvironmentSet/Foliage/Trees/Textures/T_Trunk_04_Moss_N.uasset" 3224
"E:/Projects/EcoBots/Content/Assets/LUSH_StylizedEnvironmentSet/Foliage/Trees/Textures/T_Trunk_04_Moss_RAOH.uasset" 3225
"C:/Users/emanu/AppData/Local/UnrealEngine/Common/DerivedDataCache/Buckets/BulkDataList/d0/59/8cc7be6b0f78913b07ad7c136684f7dc92ed.udd" 3226
"E:/Projects/EcoBots/Content/Assets/LUSH_StylizedEnvironmentSet/Foliage/Trees/Textures/T_Bark_04_D.uasset" 3227
"C:/Users/emanu/AppData/Local/UnrealEngine/Common/DerivedDataCache/Buckets/BulkDataList/05/85/e68b46740122dadf1c64746f4329d075dbe7.udd" 3228
"E:/Projects/EcoBots/Content/Assets/LUSH_StylizedEnvironmentSet/Foliage/Trees/Textures/T_Bark_04_N.uasset" 3229
"C:/Users/emanu/AppData/Local/UnrealEngine/Common/DerivedDataCache/Buckets/BulkDataList/0d/74/98604970c1d9073efd3a2acc583a1a96c61d.udd" 3230
"E:/Projects/EcoBots/Content/Assets/LUSH_StylizedEnvironmentSet/Foliage/Trees/Textures/T_Bark_04_RAOH.uasset" 3231
"C:/Users/emanu/AppData/Local/UnrealEngine/Common/DerivedDataCache/Buckets/BulkDataList/6d/e8/ebe516138f03f4f485c3e8e579894307a11a.udd" 3232
"E:/Projects/EcoBots/Content/Assets/LUSH_StylizedEnvironmentSet/Landscape/MaterialFunctions/MF_ResetWPO.uasset" 3233
"C:/Users/emanu/AppData/Local/UnrealEngine/Common/DerivedDataCache/Buckets/BulkDataList/a5/d9/d933d70ea34c865617d31d768727fef57abd.udd" 3234
"../../../Engine/Content/Functions/Engine_MaterialFunctions02/Utility/VectorToRadialValue.uasset" 3235
"C:/Users/emanu/AppData/Local/UnrealEngine/Common/DerivedDataCache/Buckets/BulkDataList/71/d1/a12ce879367b89e4c20be942db5489e44d3d.udd" 3236
"E:/Projects/EcoBots/Content/Assets/LUSH_StylizedEnvironmentSet/StylizedWaterComponent/Texture/T_FX_Waves.uasset" 3237
"C:/Users/emanu/AppData/Local/UnrealEngine/Common/DerivedDataCache/Buckets/BulkDataList/84/dd/48df61bb218dfc1294214a58074951df982a.udd" 3238
"E:/Projects/EcoBots/Content/Assets/LUSH_StylizedEnvironmentSet/StylizedWaterComponent/Texture/T_WaterWaves_01_H.uasset" 3239
"C:/Users/emanu/AppData/Local/UnrealEngine/Common/DerivedDataCache/Buckets/BulkDataList/29/6f/61da6e5226a0252b8c8379f27e52b5270f6d.udd" 3240
"../../../Engine/Content/EngineMaterials/BlendFunc_DefBase.uasset" 3241
"C:/Users/emanu/AppData/Local/UnrealEngine/Common/DerivedDataCache/Buckets/BulkDataList/81/6e/b4fa78037fcbf37bb2263eed5ebebd03e549.udd" 3242
"../../../Engine/Content/EngineMaterials/BlendFunc_DefBlend.uasset" 3243
"C:/Users/emanu/AppData/Local/UnrealEngine/Common/DerivedDataCache/Buckets/BulkDataList/0d/9a/90fb08d2172edff6b9aaa1504d4b9f80b7a4.udd" 3244
"../../../Engine/Content/Functions/Engine_MaterialFunctions02/Utility/MakeFloat3.uasset" 3245
"C:/Users/emanu/AppData/Local/UnrealEngine/Common/DerivedDataCache/Buckets/BulkDataList/f0/c0/a5eb112a32c4baaebba70089fc2331de7223.udd" 3246
"E:/Projects/EcoBots/Content/Assets/StackOBot/UI/Textures/T_Bot_ThumbsUp_Circle_Background.uasset" 3247
"C:/Users/emanu/AppData/Local/UnrealEngine/Common/DerivedDataCache/Buckets/BulkDataList/f7/79/852d3b3f97c5dcf1bea37f88fb33afe4fd42.udd" 3248
"E:/Projects/EcoBots/Content/Assets/StackOBot/Characters/Backpack/Mesh/SK_Backpack.uasset" 3249
"C:/Users/emanu/AppData/Local/UnrealEngine/Common/DerivedDataCache/Buckets/BulkDataList/62/ae/67f69c81a0d67fd70f156209f3984c4332c9.udd" 3250
"E:/Projects/EcoBots/Content/Assets/StackOBot/Characters/Bot/Mesh/SK_Bot.uasset" 3251
"C:/Users/emanu/AppData/Local/UnrealEngine/Common/DerivedDataCache/Buckets/BulkDataList/e1/b8/d66f824883dd195ea286fba01efc7f064804.udd" 3252
"E:/Projects/EcoBots/Content/Assets/StackOBot/Characters/Bot/Rig/PhA_Bot.uasset" 3253
"C:/Users/emanu/AppData/Local/UnrealEngine/Common/DerivedDataCache/Buckets/BulkDataList/7a/fd/3f322c856c42296205e6857c672405a501db.udd" 3254
"E:/Projects/EcoBots/Content/Assets/StackOBot/FX/JetpackThruster/M_JetpackThrusterEfect.uasset" 3255
"C:/Users/emanu/AppData/Local/UnrealEngine/Common/DerivedDataCache/Buckets/BulkDataList/1c/6a/0caa0f4c79895f9c52ff7954d6a217e3e35c.udd" 3256
"E:/Projects/EcoBots/Content/Assets/media/img/WoodPlate.uasset" 3257
"C:/Users/emanu/AppData/Local/UnrealEngine/Common/DerivedDataCache/Buckets/BulkDataList/6a/4f/5e129c105b0b05047d53921a236907131fe6.udd" 3258
"../../../Engine/Content/EditorBlueprintResources/StandardMacros.uasset" 3259
"C:/Users/emanu/AppData/Local/UnrealEngine/Common/DerivedDataCache/Buckets/BulkDataList/dc/15/b026ee07cb90a892e6bae37864a0c642f001.udd" 3260
"E:/Projects/EcoBots/Content/Assets/media/img/ExitIco.uasset" 3261
"C:/Users/emanu/AppData/Local/UnrealEngine/Common/DerivedDataCache/Buckets/BulkDataList/4e/88/072bf96576fdfab8e4c73643f232a472e743.udd" 3262
"E:/Projects/EcoBots/Content/Assets/media/img/InventoryBg.uasset" 3263
"C:/Users/emanu/AppData/Local/UnrealEngine/Common/DerivedDataCache/Buckets/BulkDataList/0c/96/56c8c39a94eccdab6125b3070486242dd0b9.udd" 3264
"E:/Projects/EcoBots/Content/Assets/media/img/CraftBookIco.uasset" 3265
"C:/Users/emanu/AppData/Local/UnrealEngine/Common/DerivedDataCache/Buckets/BulkDataList/b2/06/7d3bbe94ce5c8b3ac26625fb7394b4ff3986.udd" 3266
"E:/Projects/EcoBots/Content/Assets/media/img/foodIco.uasset" 3267
"C:/Users/emanu/AppData/Local/UnrealEngine/Common/DerivedDataCache/Buckets/BulkDataList/d9/fa/7c6c94670710d6e8a684c579a166bad9647a.udd" 3268
"E:/Projects/EcoBots/Content/Assets/media/img/HealthIco.uasset" 3269
"C:/Users/emanu/AppData/Local/UnrealEngine/Common/DerivedDataCache/Buckets/BulkDataList/d5/6b/8acca49caf5191c3f8117d813ead555e16e5.udd" 3270
"E:/Projects/EcoBots/Content/Assets/media/img/InventoryIco.uasset" 3271
"C:/Users/emanu/AppData/Local/UnrealEngine/Common/DerivedDataCache/Buckets/BulkDataList/b2/60/1a9868d9276ecb702ea9adb847f8d6b2ad84.udd" 3272
"E:/Projects/EcoBots/Content/Assets/media/img/MoneyIco.uasset" 3273
"C:/Users/emanu/AppData/Local/UnrealEngine/Common/DerivedDataCache/Buckets/BulkDataList/8b/e5/033648a73aefaa256d3a014170db020df633.udd" 3274
"E:/Projects/EcoBots/Content/Assets/media/img/OptionsIco.uasset" 3275
"C:/Users/emanu/AppData/Local/UnrealEngine/Common/DerivedDataCache/Buckets/BulkDataList/0b/d7/ce6b00d6920bf018b37cdf5abf53251db6bd.udd" 3276
"E:/Projects/EcoBots/Content/Assets/media/img/PauseIco.uasset" 3277
"C:/Users/emanu/AppData/Local/UnrealEngine/Common/DerivedDataCache/Buckets/BulkDataList/00/92/86190b320be1c9b1e8b9d56c62042c335cac.udd" 3278
"E:/Projects/EcoBots/Content/Assets/media/img/ThirstIco.uasset" 3279
"C:/Users/emanu/AppData/Local/UnrealEngine/Common/DerivedDataCache/Buckets/BulkDataList/ba/96/6e993b04e165ca94e4b3b437610d68ead59b.udd" 3280
"E:/Projects/EcoBots/Content/Assets/media/img/WorldHealth.uasset" 3281
"C:/Users/emanu/AppData/Local/UnrealEngine/Common/DerivedDataCache/Buckets/BulkDataList/0a/63/55f435a8baff027944aec02200ffa9b2db87.udd" 3282
"E:/Projects/EcoBots/Content/Assets/Boat/body_1.uasset" 3283
"C:/Users/emanu/AppData/Local/UnrealEngine/Common/DerivedDataCache/Buckets/BulkDataList/74/57/0ca9e8a35f206024c6061350856f4df46cb6.udd" 3284
"E:/Projects/EcoBots/Content/Assets/Boat/body_2.uasset" 3285
"C:/Users/emanu/AppData/Local/UnrealEngine/Common/DerivedDataCache/Buckets/BulkDataList/55/a4/3cb9e0ea1b8b3ffc6b26cab9f1b535d24cf0.udd" 3286
"E:/Projects/EcoBots/Content/Assets/Boat/bottom.uasset" 3287
"C:/Users/emanu/AppData/Local/UnrealEngine/Common/DerivedDataCache/Buckets/BulkDataList/ab/9d/0db030c79c64034e3964b1df30a7f56ab692.udd" 3288
"E:/Projects/EcoBots/Content/Assets/Boat/paddle_.uasset" 3289
"C:/Users/emanu/AppData/Local/UnrealEngine/Common/DerivedDataCache/Buckets/BulkDataList/ae/0a/e4904385c6e944e2a4bf18e9247fc3320822.udd" 3290
"E:/Projects/EcoBots/Content/StarterContent/Textures/T_MacroVariation.uasset" 3291
"C:/Users/emanu/AppData/Local/UnrealEngine/Common/DerivedDataCache/Buckets/BulkDataList/f8/70/81325c00ed42d50d23dc0e1661b66cf1f5ef.udd" 3292
"E:/Projects/EcoBots/Content/StarterContent/Textures/T_Wood_Oak_D.uasset" 3293
"C:/Users/emanu/AppData/Local/UnrealEngine/Common/DerivedDataCache/Buckets/BulkDataList/31/93/046abdf88ef6d05fecbf8944a57b39e91c78.udd" 3294
"E:/Projects/EcoBots/Content/StarterContent/Textures/T_Wood_Oak_N.uasset" 3295
"E:/Projects/EcoBots/Content/StarterContent/Textures/T_Perlin_Noise_M.uasset" 3296
"E:/Projects/EcoBots/Content/StarterContent/Textures/T_Wood_Pine_D.uasset" 3297
"C:/Users/emanu/AppData/Local/UnrealEngine/Common/DerivedDataCache/Buckets/BulkDataList/6d/dd/730daa735bfa954acb2ac0772b256c69db99.udd" 3298
"E:/Projects/EcoBots/Content/StarterContent/Textures/T_Wood_Pine_N.uasset" 3299
"C:/Users/emanu/AppData/Local/UnrealEngine/Common/DerivedDataCache/Buckets/BulkDataList/88/fe/86d44361fe6a137e8d8d67261843a8fa79c8.udd" 3300
"E:/Projects/EcoBots/Content/Assets/media/fonts/LEAFLETS.uasset" 3301
"C:/Users/emanu/AppData/Local/UnrealEngine/Common/DerivedDataCache/Buckets/BulkDataList/f7/3c/28de36f3185c3b86e5ec8450d9de68a188fd.udd" 3302
"E:/Projects/EcoBots/Content/Assets/media/fonts/Robot-Regular.uasset" 3303
"C:/Users/emanu/AppData/Local/UnrealEngine/Common/DerivedDataCache/Buckets/BulkDataList/1d/c4/770d3c6d44212f0087d6bd35ee9f11e8469f.udd" 3304
"E:/Projects/EcoBots/Content/StarterContent/Textures/T_Lamp_M.uasset" 3305
"E:/Projects/EcoBots/Content/StarterContent/Textures/T_Lamp_N.uasset" 3306
"C:/Users/emanu/AppData/Local/UnrealEngine/Common/DerivedDataCache/Buckets/BulkDataList/d6/12/b5672b92d625abf73ad955332002e84257b4.udd" 3307
"../../../Engine/Content/Functions/Engine_MaterialFunctions01/WorldPositionOffset/SimpleGrassWind.uasset" 3308
"E:/Projects/EcoBots/Content/Assets/LUSH_StylizedEnvironmentSet/_SharedAssets/T_Tree_Leaves_02.uasset" 3309
"../../../Engine/Content/EngineMeshes/Humanoid.uasset" 3310
"E:/Projects/EcoBots/Content/Assets/LUSH_StylizedEnvironmentSet/_SharedAssets/Textures/T_Default_D.uasset" 3311
"E:/Projects/EcoBots/Content/Assets/LUSH_StylizedEnvironmentSet/_SharedAssets/Textures/T_Default_N.uasset" 3312
"E:/Projects/EcoBots/Content/Assets/LUSH_StylizedEnvironmentSet/Foliage/GroundIvy/Textures/T_GroundIvy_D.uasset" 3313
"C:/Users/emanu/AppData/Local/UnrealEngine/Common/DerivedDataCache/Buckets/BulkDataList/99/07/8d3746b1a40c71f1c9a7952706a609b2a25c.udd" 3314
"E:/Projects/EcoBots/Content/Assets/LUSH_StylizedEnvironmentSet/Foliage/GroundIvy/Textures/T_GroundIvy_N.uasset" 3315
"E:/Projects/EcoBots/Content/Assets/LUSH_StylizedEnvironmentSet/Foliage/Trees/Textures/T_Bark_01_D.uasset" 3316
"C:/Users/emanu/AppData/Local/UnrealEngine/Common/DerivedDataCache/Buckets/BulkDataList/b1/f0/0bc8747547952785b38c2b78de38b5cf110a.udd" 3317
"E:/Projects/EcoBots/Content/Assets/LUSH_StylizedEnvironmentSet/Foliage/Trees/Textures/T_Bark_01_N.uasset" 3318
"C:/Users/emanu/AppData/Local/UnrealEngine/Common/DerivedDataCache/Buckets/BulkDataList/e0/46/e981075e0378ad3dbbef2745757586249260.udd" 3319
"E:/Projects/EcoBots/Content/Assets/LUSH_StylizedEnvironmentSet/Foliage/Trees/Textures/T_Bark_01_RAOH.uasset" 3320
"C:/Users/emanu/AppData/Local/UnrealEngine/Common/DerivedDataCache/Buckets/BulkDataList/48/fb/1b515c4a5d00ffd5eae79d3edf666bf74dca.udd" 3321
"../../../Engine/Content/Functions/Engine_MaterialFunctions01/Gradient/LinearGradient.uasset" 3322
"C:/Users/emanu/AppData/Local/UnrealEngine/Common/DerivedDataCache/Buckets/BulkDataList/9e/ec/a328f1a9f003fc5d4643c8578fa5a8f12bef.udd" 3323
"../../../Engine/Content/Functions/Engine_MaterialFunctions01/Density/ExponentialDensity.uasset" 3324
"C:/Users/emanu/AppData/Local/UnrealEngine/Common/DerivedDataCache/Buckets/BulkDataList/f8/c7/93150fbad81787e16acb76ecc4e525ad1008.udd" 3325
"E:/Projects/EcoBots/Content/Assets/StackOBot/Characters/Backpack/Textures/T_Backpack_Albedo.uasset" 3326
"C:/Users/emanu/AppData/Local/UnrealEngine/Common/DerivedDataCache/Buckets/BulkDataList/17/a1/53f717e790defeb148344c6fdf8d099f18ba.udd" 3327
"E:/Projects/EcoBots/Content/Assets/StackOBot/Characters/Backpack/Textures/T_Backpack_M_R_AO.uasset" 3328
"C:/Users/emanu/AppData/Local/UnrealEngine/Common/DerivedDataCache/Buckets/BulkDataList/c5/6b/756f33333b8c1ac28a2c2d435f24ddd4d28d.udd" 3329
"E:/Projects/EcoBots/Content/Assets/StackOBot/Characters/Backpack/Textures/T_Backpack_Masks.uasset" 3330
"C:/Users/emanu/AppData/Local/UnrealEngine/Common/DerivedDataCache/Buckets/BulkDataList/07/6f/b8c6ad29f3286d9c1f97a2bd3cf2adea94d5.udd" 3331
"E:/Projects/EcoBots/Content/Assets/StackOBot/Characters/Backpack/Textures/T_Backpack_Normal.uasset" 3332
"C:/Users/emanu/AppData/Local/UnrealEngine/Common/DerivedDataCache/Buckets/BulkDataList/cb/dc/6c1e1d3bcd01a89442155135fb3cd2511d40.udd" 3333
"E:/Projects/EcoBots/Content/Assets/StackOBot/Characters/Bot/Textures/T_Bot_FaceBG.uasset" 3334
"C:/Users/emanu/AppData/Local/UnrealEngine/Common/DerivedDataCache/Buckets/MaterialShaderMap/51/f3/56404d2ab3a40613dad02c4ff1f7c11d713b.udd" 3335
"C:/Users/emanu/AppData/Local/UnrealEngine/Common/DerivedDataCache/Buckets/BulkDataList/6a/39/db948109ef86755d32fc5d547f60c56d7c36.udd" 3336
"E:/Projects/EcoBots/Content/Assets/StackOBot/Characters/Bot/Textures/T_Eyes_Atlas.uasset" 3337
"C:/Users/emanu/AppData/Local/UnrealEngine/Common/DerivedDataCache/Buckets/BulkDataList/32/46/497105be6df2efdfab1068b065d3ab76a6c2.udd" 3338
"../../../Engine/Content/VREditor/UI/KeyMaterial.uasset" 3339
"E:/Projects/EcoBots/Content/Assets/media/img/BatteryItemIcon.uasset" 3340
"E:/Projects/EcoBots/Content/Assets/media/img/WoodItemIcon.uasset" 3341
"../../../Engine/Content/EngineFonts/Faces/RobotoTiny.uasset" 3342
"../../../Engine/Content/Functions/Engine_MaterialFunctions02/Texturing/ScreenAlignedPixelToPixelUVs.uasset" 3343
"C:/Users/emanu/AppData/Local/UnrealEngine/Common/DerivedDataCache/Buckets/MaterialShaderMap/47/a5/48204482e26f1c68a08dc5a3f2557088a992.udd" 3344
"C:/Users/emanu/AppData/Local/UnrealEngine/Common/DerivedDataCache/Buckets/BulkDataList/1a/98/64cae44dd6b0cee832f94c8c3e30cd426e85.udd" 3345
"../../../Engine/Content/Functions/Engine_MaterialFunctions02/ExampleContent/Textures/flipbook.uasset" 3346
"C:/Users/emanu/AppData/Local/UnrealEngine/Common/DerivedDataCache/Buckets/BulkDataList/4d/2e/3a8a4bdfb9a705f14b009a333a1693f360e9.udd" 3347
"E:/Projects/EcoBots/Content/Blueprints/Audio/SA_MasterAttenuation.uasset" 3348
"C:/Users/emanu/AppData/Local/UnrealEngine/Common/DerivedDataCache/Buckets/BulkDataList/e2/36/2eeaf6af865c22943b109313a4436d7402bb.udd" 3349
"E:/Projects/EcoBots/Content/Assets/media/fonts/Robot_Roc_Not_a_Tilter.uasset" 3350
"C:/Users/emanu/AppData/Local/UnrealEngine/Common/DerivedDataCache/Buckets/BulkDataList/2d/04/6447f69f20618c5a6b855cbd4e933269b391.udd" 3351
"E:/Projects/EcoBots/Content/Assets/media/fonts/Robot_Roc.uasset" 3352
"C:/Users/emanu/AppData/Local/UnrealEngine/Common/DerivedDataCache/Buckets/BulkDataList/8e/08/376387f27b03bb9fc25c8a97d72fbcc21f58.udd" 3353
"../../../Engine/Content/TemplateResources/M_Template_Master.uasset" 3354
"C:/Users/emanu/AppData/Local/UnrealEngine/Common/DerivedDataCache/Buckets/BulkDataList/d9/1a/9fcf93fadfe247506d75bb73fdae280d5b1d.udd" 3355
"E:/Projects/EcoBots/Content/StarterContent/Materials/M_Basic_Wall.uasset" 3356
"E:/Projects/EcoBots/Content/Assets/media/img/CoconutItemIcon.uasset" 3357
"../../../Engine/Content/ArtTools/RenderToTexture/Textures/127grey.uasset" 3358
"C:/Users/emanu/AppData/Local/UnrealEngine/Common/DerivedDataCache/Buckets/BulkDataList/6f/51/f2003ec35465c92f39016c650147de382019.udd" 3359
"E:/Projects/EcoBots/Content/Assets/StackOBot/Environment/Materials/Textures/T_ConcreteTileable_M.uasset" 3360
"C:/Users/emanu/AppData/Local/UnrealEngine/Common/DerivedDataCache/Buckets/BulkDataList/9d/e8/7f1785e2e68a221290966a512a44d2d77458.udd" 3361
"E:/Projects/EcoBots/Content/Assets/StackOBot/Environment/Materials/Textures/T_ConcreteTileable_N.uasset" 3362
"C:/Users/emanu/AppData/Local/UnrealEngine/Common/DerivedDataCache/Buckets/MaterialShaderMap/39/b6/727e7e709f3d9a7695095d8338b7551168b5.udd" 3363
"C:/Users/emanu/AppData/Local/UnrealEngine/Common/DerivedDataCache/Buckets/MaterialShaderMap/ea/d7/4dd7822cc3c5399698541c7a1db515ae3c0b.udd" 3364
"C:/Users/emanu/AppData/Local/UnrealEngine/Common/DerivedDataCache/Buckets/MaterialShaderMap/83/98/6b15991798607b49fc50347947ffc2363c06.udd" 3365
"C:/Users/emanu/AppData/Local/UnrealEngine/Common/DerivedDataCache/Buckets/MaterialShaderMap/50/c0/1d65a5a2af62366030e858fe7e96a29f3b26.udd" 3366
"E:/Projects/EcoBots/Content/Assets/media/img/IronItemIcon.uasset" 3367
"E:/Projects/EcoBots/Content/Assets/media/img/RockItemIcon.uasset" 3368
"E:/Projects/EcoBots/Content/StarterContent/Textures/T_Rock_Sandstone_D.uasset" 3369
"E:/Projects/EcoBots/Content/StarterContent/Textures/T_Rock_Sandstone_N.uasset" 3370
"../../../Engine/Content/Functions/Engine_MaterialFunctions02/ExampleContent/Textures/newhplaneAlphaMap.uasset" 3371
"C:/Users/emanu/AppData/Local/UnrealEngine/Common/DerivedDataCache/Buckets/MaterialShaderMap/94/1a/6a1cef26d278af9e174410669b8396170dc0.udd" 3372
"../../../Engine/Content/Functions/Engine_MaterialFunctions02/ExampleContent/Textures/newhplaneLightingMap.uasset" 3373
"C:/Users/emanu/AppData/Local/UnrealEngine/Common/DerivedDataCache/Buckets/MaterialShaderMap/47/98/8ab3943cfe4dc8f42f297c687d8fc0919002.udd" 3374
"C:/Users/emanu/AppData/Local/UnrealEngine/Common/DerivedDataCache/Buckets/MaterialShaderMap/46/80/9a09fcf997c8b51b03dc8f3289e599156b4f.udd" 3375
"C:/Users/emanu/AppData/Local/UnrealEngine/Common/DerivedDataCache/Buckets/BulkDataList/f9/5c/74a3a30681de1e28044dcf8288681742111d.udd" 3376
"C:/Users/emanu/AppData/Local/UnrealEngine/Common/DerivedDataCache/Buckets/BulkDataList/9a/14/b3ded0915cc9bf6cb853b1d9f819f0424407.udd" 3377
"C:/Users/emanu/AppData/Local/UnrealEngine/Common/DerivedDataCache/Buckets/BulkDataList/81/1b/f2eb0919854cc071f9b5f70ed0b0a3287662.udd" 3378
"C:/Users/emanu/AppData/Local/UnrealEngine/Common/DerivedDataCache/Buckets/BulkDataList/62/95/4f2a8292867124fffb4f6153a5c6ca0edb2c.udd" 3379
"C:/Users/emanu/AppData/Local/UnrealEngine/Common/DerivedDataCache/Buckets/BulkDataList/4b/a3/71bb98ba29186aa46c41053ed80bba1feec9.udd" 3380
"C:/Users/emanu/AppData/Local/UnrealEngine/Common/DerivedDataCache/Buckets/BulkDataList/29/26/1d8055443cc3cab7642177325a3e0d93c86d.udd" 3381
"../../../Engine/Content/Functions/Engine_MaterialFunctions02/ExampleContent/Textures/newhplaneNormalsMap.uasset" 3382
"C:/Users/emanu/AppData/Local/UnrealEngine/Common/DerivedDataCache/Buckets/BulkDataList/d2/14/079fff60ab94e18dacd74f3171f5f6755fa4.udd" 3383
"../../../Engine/Content/MapTemplates/Sky/DaylightAmbientCubemap.uasset" 3384
"C:/Users/emanu/AppData/Local/UnrealEngine/Common/DerivedDataCache/Buckets/BulkDataList/d7/ef/f73686b34bd63c95fb9f90de487fd9bdc47a.udd" 3385
"../../../Engine/Content/OpenWorldTemplate/LandscapeMaterial/T_GridChecker_A.uasset" 3386
"../../../Engine/Content/Functions/Engine_MaterialFunctions01/Texturing/ComputeMipLevel.uasset" 3387
"../../../Engine/Content/Functions/Engine_MaterialFunctions02/ExampleContent/DebugNumberStrip.uasset" 3388
"C:/Users/emanu/AppData/Local/UnrealEngine/Common/DerivedDataCache/Buckets/MaterialShaderMap/c0/e0/ce29124044002281fc519ef9b3dc8f6a288c.udd" 3389
"C:/Users/emanu/AppData/Local/UnrealEngine/Common/DerivedDataCache/Buckets/BulkDataList/0a/c4/1eb12de58add468a0b2646b670e880502ab2.udd" 3390
"../../../Engine/Content/Functions/Engine_MaterialFunctions02/ExampleContent/Textures/DebugNumberPeriod.uasset" 3391
"C:/Users/emanu/AppData/Local/UnrealEngine/Common/DerivedDataCache/Buckets/BulkDataList/ee/ab/91f1c1575169febc01da8eb0fdc9d1943f82.udd" 3392
"E:/Projects/EcoBots/Content/Assets/StackOBot/Environment/Materials/Textures/T_Grunge_A.uasset" 3393
"C:/Users/emanu/AppData/Local/UnrealEngine/Common/DerivedDataCache/Buckets/BulkDataList/40/a6/88141fa2a664dfb05def95fe78245eb4c149.udd" 3394
"E:/Projects/EcoBots/Content/Assets/StackOBot/Environment/Materials/Textures/T_Metal_Painted_N.uasset" 3395
"C:/Users/emanu/AppData/Local/UnrealEngine/Common/DerivedDataCache/Buckets/BulkDataList/0e/ba/ead82455b4e65005f11f644ebe98d3a0af81.udd" 3396
"E:/Projects/EcoBots/Content/Blueprints/Characters/AI/BB_Buddy.uasset" 3397
"C:/Users/emanu/AppData/Local/UnrealEngine/Common/DerivedDataCache/Buckets/BulkDataList/7f/fa/ecae805cd36876e68ee09f5de44558c04e1c.udd" 3398
"E:/Projects/EcoBots/Content/Assets/LUSH_StylizedEnvironmentSet/Meshes/Rocks/Textures/T_Rock_01_N.uasset" 3399
"C:/Users/emanu/AppData/Local/UnrealEngine/Common/DerivedDataCache/Buckets/BulkDataList/6d/8b/259031e3181fe71b8dd2eed5dec97451e18e.udd" 3400
"E:/Projects/EcoBots/Content/Assets/LUSH_StylizedEnvironmentSet/Meshes/Rocks/Textures/T_RockSurface_D_02.uasset" 3401
"E:/Projects/EcoBots/Content/Assets/LUSH_StylizedEnvironmentSet/Meshes/Rocks/Textures/T_Rock_03_N.uasset" 3402
"C:/Users/emanu/AppData/Local/UnrealEngine/Common/DerivedDataCache/Buckets/BulkDataList/4e/7e/194a59d52a0e88a9f1062155599e28c4db4c.udd" 3403
"E:/Projects/EcoBots/Content/Assets/LUSH_StylizedEnvironmentSet/Meshes/Rocks/Textures/T_StylizedMoss_D.uasset" 3404
"../../../Engine/Content/Functions/Engine_MaterialFunctions02/ExampleContent/Textures/newhplaneHeightMap.uasset" 3405
"C:/Users/emanu/AppData/Local/UnrealEngine/Common/DerivedDataCache/Buckets/BulkDataList/73/43/1a0706aec3bb27312e4d577e8ba98a97f786.udd" 3406
"E:/Projects/EcoBots/Content/Blueprints/Characters/Controllers/InputActions/Interact.uasset" 3407
"E:/Projects/EcoBots/Content/Blueprints/Characters/Controllers/InputActions/Jump.uasset" 3408
"C:/Users/emanu/AppData/Local/UnrealEngine/Common/DerivedDataCache/Buckets/BulkDataList/f0/3a/e96b899ecb044b5e8e9a36ff9d5d652dd032.udd" 3409
"E:/Projects/EcoBots/Content/Blueprints/Characters/Controllers/InputActions/Move.uasset" 3410
"E:/Projects/EcoBots/Content/Blueprints/Characters/Controllers/InputActions/Run.uasset" 3411
"../../../Engine/Content/Functions/Engine_MaterialFunctions01/AlphaBlend/WorldAlignedBlend.uasset" 3412
"E:/Projects/EcoBots/Content/Assets/StackOBot/Environment/Landscape/Textures/RVT_Crater.uasset" 3413
"E:/Projects/EcoBots/Content/Assets/StackOBot/Environment/Landscape/Textures/RVT_Crater_H.uasset" 3414
"E:/Projects/EcoBots/Content/Assets/StackOBot/Environment/Materials/Textures/T_RockTileable_BC.uasset" 3415
"C:/Users/emanu/AppData/Local/UnrealEngine/Common/DerivedDataCache/Buckets/BulkDataList/5b/b5/a3f12671f72c643a492a98aa7e4be7a49486.udd" 3416
"E:/Projects/EcoBots/Content/Assets/StackOBot/Environment/Materials/Textures/T_RockTint.uasset" 3417
"C:/Users/emanu/AppData/Local/UnrealEngine/Common/DerivedDataCache/Buckets/BulkDataList/69/3f/0574c50292efc468ebf3ccb602c833449089.udd" 3418
"E:/Projects/EcoBots/Content/Assets/StackOBot/Environment/Materials/Textures/T_SandTileabe_BC.uasset" 3419
"C:/Users/emanu/AppData/Local/UnrealEngine/Common/DerivedDataCache/Buckets/BulkDataList/d8/24/3768fbd914db30256ba090cf941f26cb48fb.udd" 3420
"../../../Engine/Content/Functions/Engine_MaterialFunctions01/Texturing/FlattenNormal.uasset" 3421
"C:/Users/emanu/AppData/Local/UnrealEngine/Common/DerivedDataCache/Buckets/BulkDataList/17/40/e3cabd7fd9912b7b248130fc2f789eabdd1e.udd" 3422
"C:/Users/emanu/AppData/Local/UnrealEngine/Common/DerivedDataCache/Buckets/MaterialShaderMap/8d/ff/6a2bec0e675ea01294d02507683acd2a2862.udd" 3423
"C:/Users/emanu/AppData/Local/UnrealEngine/Common/DerivedDataCache/Buckets/MaterialShaderMap/b0/dd/13efa6afb0bdc80b79d5a36db6c8c1d8822b.udd" 3424
"C:/Users/emanu/AppData/Local/UnrealEngine/Common/DerivedDataCache/Buckets/MaterialShaderMap/7b/07/d1b099791a2ee99b77389e66482df016924f.udd" 3425
"C:/Users/emanu/AppData/Local/UnrealEngine/Common/DerivedDataCache/Buckets/MaterialShaderMap/0a/e0/585d72ce23bb82ae10ce729df3ecbc429e03.udd" 3426
"../../../Engine/Content/Functions/Engine_MaterialFunctions02/Utility/BlendAngleCorrectedNormals.uasset" 3427
"C:/Users/emanu/AppData/Local/UnrealEngine/Common/DerivedDataCache/Buckets/BulkDataList/fd/30/001d13e5c698ef88eb703d893e0e3d6640db.udd" 3428
"E:/Projects/EcoBots/Content/Assets/StackOBot/Environment/Foilage/Textures/Wind.uasset" 3429
"C:/Users/emanu/AppData/Local/UnrealEngine/Common/DerivedDataCache/Buckets/BulkDataList/b2/3e/96c2692d382845270ba7d257009d9c646a69.udd" 3430
"E:/Projects/EcoBots/Content/Assets/StackOBot/Environment/Materials/MF_WorldSpaceUV.uasset" 3431
"C:/Users/emanu/AppData/Local/UnrealEngine/Common/DerivedDataCache/Buckets/BulkDataList/af/76/bd52a125b85ee217fe08099d8fdb896e908b.udd" 3432
"E:/Projects/EcoBots/Content/Assets/StackOBot/Environment/Materials/MPC_DataSet.uasset" 3433
"C:/Users/emanu/AppData/Local/UnrealEngine/Common/DerivedDataCache/Buckets/BulkDataList/38/8e/08f192ca9faadf29c414dc99177f64721819.udd" 3434
"E:/Projects/EcoBots/Content/Assets/StackOBot/Environment/Foilage/Textures/T_Leaves_D.uasset" 3435
"C:/Users/emanu/AppData/Local/UnrealEngine/Common/DerivedDataCache/Buckets/BulkDataList/8b/6c/edb00ae2aff1a48b10f5bf60ab7415e0c35e.udd" 3436
"E:/Projects/EcoBots/Content/Assets/StackOBot/Environment/Foilage/Textures/T_Leaves_M.uasset" 3437
"C:/Users/emanu/AppData/Local/UnrealEngine/Common/DerivedDataCache/Buckets/BulkDataList/99/5e/0b733e9da48b729b7530800900ba434fc78a.udd" 3438
"E:/Projects/EcoBots/Content/Assets/StackOBot/Environment/Foilage/Textures/T_Leaves_N.uasset" 3439
"C:/Users/emanu/AppData/Local/UnrealEngine/Common/DerivedDataCache/Buckets/BulkDataList/12/79/b0aa82fdbaac5b56eb64e594899f4725c69a.udd" 3440
"E:/Projects/EcoBots/Content/Assets/StackOBot/Environment/Materials/Textures/T_Bark_D.uasset" 3441
"C:/Users/emanu/AppData/Local/UnrealEngine/Common/DerivedDataCache/Buckets/BulkDataList/80/b8/a7c6f4ba9eb6dd9aa31bb612b5f9a130089e.udd" 3442
"E:/Projects/EcoBots/Content/Assets/StackOBot/Environment/Materials/Textures/T_Bark_N.uasset" 3443
"C:/Users/emanu/AppData/Local/UnrealEngine/Common/DerivedDataCache/Buckets/BulkDataList/c8/a6/0cf7182e33db033176f75f8dd2a552dd36b2.udd" 3444
"../../../Engine/Content/Functions/Engine_MaterialFunctions03/Texturing/TwoSidedTexturing.uasset" 3445
"../../../Engine/Content/Functions/Engine_MaterialFunctions02/Math/DeriveNormalZ_Function.uasset" 3446
"E:/Projects/EcoBots/Content/Assets/LUSH_StylizedEnvironmentSet/StylizedWaterComponent/MaterialFunctions/MF_WorldPositionBehindWater.uasset" 3447
"../../../Engine/Content/VREditor/LaserPointer/LaserPointerMaterial.uasset" 3448
"C:/Users/emanu/AppData/Local/UnrealEngine/Common/DerivedDataCache/Buckets/BulkDataList/f5/b1/916fc91ce472c95df3c52b65813cbfc9e1e9.udd" 3449
"C:/Users/emanu/AppData/Local/UnrealEngine/Common/DerivedDataCache/Buckets/BulkDataList/47/55/8eee26952eb654a7fb1ca6c16717fe53b3bc.udd" 3450
"C:/Users/emanu/AppData/Local/UnrealEngine/Common/DerivedDataCache/Buckets/BulkDataList/14/b8/d3ba77c1cc6cb59a5b6dddd2a67bb7d459f6.udd" 3451
"../../../Engine/Content/Functions/Engine_MaterialFunctions01/Texturing/TextureCropping.uasset" 3452
"C:/Users/emanu/AppData/Local/UnrealEngine/Common/DerivedDataCache/Buckets/BulkDataList/3e/00/6a354f6edec4ac21902a295341608fa133fa.udd" 3453
"../../../Engine/Content/EngineMaterials/PPM_DefaultCalibrationGrayscale.uasset" 3454
"../../../Engine/Content/EngineMaterials/PPM_DefaultCalibrationColor.uasset" 3455
"C:/Users/emanu/AppData/Local/UnrealEngine/Common/DerivedDataCache/Buckets/BulkDataList/23/a6/20436a1534467fb891ba565ae9dd81f28145.udd" 3456
"C:/Users/emanu/AppData/Local/UnrealEngine/Common/DerivedDataCache/Buckets/BulkDataList/bb/93/d60bd1c0dffc31c06bcfaf752e36e0217834.udd" 3457
"../../../Engine/Content/MobileResources/HUD/LeftVirtualJoystickOnly.uasset" 3458
"../../../Engine/Content/EditorMaterials/PreviewShadowIndicatorMaterial.uasset" 3459
"C:/Users/emanu/AppData/Local/UnrealEngine/Common/DerivedDataCache/Buckets/BulkDataList/83/93/c82a2cfe2e089d5fd0a9eec537ba2f33daee.udd" 3460
"E:/Projects/EcoBots/Content/Assets/media/wavs/MainMenu.uasset" 3461
"C:/Users/emanu/AppData/Local/UnrealEngine/Common/DerivedDataCache/Buckets/BulkDataList/15/72/92797eb44a23b5b11f6454ff0ed91eea0503.udd" 3462
"C:/Users/emanu/AppData/Local/UnrealEngine/Common/DerivedDataCache/Buckets/BulkDataList/d5/bb/f4308f7518e1db6aa6533256e603f0e1dba6.udd" 3463
"E:/Projects/EcoBots/Content/Assets/media/wavs/DayTrack1.uasset" 3464
"E:/Projects/EcoBots/Content/Assets/media/wavs/DayTrack2.uasset" 3465
"E:/Projects/EcoBots/Content/Assets/media/wavs/DayTrack3.uasset" 3466
"E:/Projects/EcoBots/Content/Assets/media/wavs/DayTrack4.uasset" 3467
"E:/Projects/EcoBots/Content/Assets/media/wavs/NightTrack1.uasset" 3468
"E:/Projects/EcoBots/Content/Assets/media/wavs/NightTrack2.uasset" 3469
"E:/Projects/EcoBots/Content/Assets/media/wavs/NightTrack3.uasset" 3470
"E:/Projects/EcoBots/Content/Assets/media/wavs/NightTrack4.uasset" 3471
"C:/Users/emanu/AppData/Local/UnrealEngine/Common/DerivedDataCache/Buckets/BulkDataList/1e/40/09aa42d63077bd9a99d15829eb9b40288708.udd" 3472
"E:/Projects/EcoBots/Content/Assets/LUSH_StylizedEnvironmentSet/Landscape/MaterialLayers/ML_Gravel.uasset" 3473
"C:/Users/emanu/AppData/Local/UnrealEngine/Common/DerivedDataCache/Buckets/BulkDataList/c3/01/f51ee473f136c1fbb3d12075f2e5f7fb5059.udd" 3474
"E:/Projects/EcoBots/Content/Assets/LUSH_StylizedEnvironmentSet/Landscape/MaterialLayers/ML_Grass.uasset" 3475
"C:/Users/emanu/AppData/Local/UnrealEngine/Common/DerivedDataCache/Buckets/BulkDataList/07/d9/f0206840683cd3c93a8c2d0024e55d253f9f.udd" 3476
"E:/Projects/EcoBots/Content/Assets/LUSH_StylizedEnvironmentSet/Landscape/MaterialLayers/ML_RiverBed.uasset" 3477
"E:/Projects/EcoBots/Content/Assets/LUSH_StylizedEnvironmentSet/Landscape/MaterialLayers/ML_Sand.uasset" 3478
"E:/Projects/EcoBots/Content/Assets/LUSH_StylizedEnvironmentSet/Landscape/MaterialLayers/ML_Mud.uasset" 3479
"C:/Users/emanu/AppData/Local/UnrealEngine/Common/DerivedDataCache/Buckets/BulkDataList/ed/1b/391b518a5cd96cd3d0450c3601ae050c8ffa.udd" 3480
"E:/Projects/EcoBots/Content/Assets/LUSH_StylizedEnvironmentSet/Landscape/MaterialLayers/ML_Cliff.uasset" 3481
"E:/Projects/EcoBots/Content/Assets/LUSH_StylizedEnvironmentSet/_SharedAssets/Materials/MF_LeafGradient.uasset" 3482
"E:/Projects/EcoBots/Content/Blueprints/Characters/MiniMap/M_MiniMapTextureRenderTarget2D_Mat.uasset" 3483
"C:/Users/emanu/AppData/Local/UnrealEngine/Common/DerivedDataCache/Buckets/BulkDataList/c6/0b/8e854f3b4865a4716da041a496e644b8bef4.udd" 3484
"E:/Projects/EcoBots/Content/Blueprints/Gamemodes/BP_MenuGameMode.uasset" 3485
"C:/Users/emanu/AppData/Local/UnrealEngine/Common/DerivedDataCache/Buckets/BulkDataList/04/a1/15bd68328c61d2ac143ee686cec71238fac8.udd" 3486
"../../../Engine/Content/EngineSky/M_Sky_Panning_Clouds2.uasset" 3487
"C:/Users/emanu/AppData/Local/UnrealEngine/Common/DerivedDataCache/Buckets/BulkDataList/82/7e/4fbbab74900ec8c2767ba54fda2d6ecfab5f.udd" 3488
"../../../Engine/Content/MapTemplates/Sky/M_Procedural_Sky_MASTER02.uasset" 3489
"C:/Users/emanu/AppData/Local/UnrealEngine/Common/DerivedDataCache/Buckets/BulkDataList/49/44/c84d76e60aa7e5c688a5d705caa684019315.udd" 3490
"../../../Engine/Content/Functions/Engine_MaterialFunctions03/Blends/Blend_Overlay.uasset" 3491
"C:/Users/emanu/AppData/Local/UnrealEngine/Common/DerivedDataCache/Buckets/BulkDataList/31/f7/5437cfd7d54160e41d311f25c947adf7dbf2.udd" 3492
"E:/Projects/EcoBots/Content/Assets/StackOBot/FX/Spawn/MF_SpawnEffect.uasset" 3493
"E:/Projects/EcoBots/Content/Assets/StackOBot/Characters/Bot/Animations/A_Bot_Fall.uasset" 3494
"E:/Projects/EcoBots/Content/Assets/StackOBot/Characters/Bot/Animations/A_Bot_Idle.uasset" 3495
"E:/Projects/EcoBots/Content/Assets/StackOBot/Characters/Bot/Animations/A_Bot_Interact_PressButton.uasset" 3496
"E:/Projects/EcoBots/Content/Assets/StackOBot/Characters/Bot/Animations/A_Bot_LandIdle.uasset" 3497
"C:/Users/emanu/AppData/Local/UnrealEngine/Common/DerivedDataCache/Buckets/MaterialShaderMap/40/0c/95b520f5c03795054b87051b16a6e6cfffa7.udd" 3498
"C:/Users/emanu/AppData/Local/UnrealEngine/Common/DerivedDataCache/Buckets/MaterialShaderMap/f6/a9/bd459803f2b0a39a1e5edc31b12c21355ecb.udd" 3499
"C:/Users/emanu/AppData/Local/UnrealEngine/Common/DerivedDataCache/Buckets/MaterialShaderMap/03/ac/8e588ff7bc96c6c0a921990644b70ce8541c.udd" 3500
"C:/Users/emanu/AppData/Local/UnrealEngine/Common/DerivedDataCache/Buckets/MaterialShaderMap/f0/a5/d0a7a5ccc76e10b67c2999f18cc2ee71af5f.udd" 3501
"C:/Users/emanu/AppData/Local/UnrealEngine/Common/DerivedDataCache/Buckets/MaterialShaderMap/ce/84/93454266d6787b5df383c35037f4d1cfe337.udd" 3502
"C:/Users/emanu/AppData/Local/UnrealEngine/Common/DerivedDataCache/Buckets/MaterialShaderMap/54/e2/48483188778ff6142952aed535a596ff6a47.udd" 3503
"C:/Users/emanu/AppData/Local/UnrealEngine/Common/DerivedDataCache/Buckets/MaterialShaderMap/54/af/901e59e4c291924009bc00177ec77d45cae5.udd" 3504
"C:/Users/emanu/AppData/Local/UnrealEngine/Common/DerivedDataCache/Buckets/MaterialShaderMap/09/db/b7e84550ed9fd64f3117bf009cbcc7e0079e.udd" 3505
"C:/Users/emanu/AppData/Local/UnrealEngine/Common/DerivedDataCache/Buckets/MaterialShaderMap/6e/bf/1dde6e79db32f2aa932a9a6649ce88e96f1d.udd" 3506
"C:/Users/emanu/AppData/Local/UnrealEngine/Common/DerivedDataCache/Buckets/MaterialShaderMap/6f/31/45647d30724d6882acb4c99c30eae4ff4edd.udd" 3507
"C:/Users/emanu/AppData/Local/UnrealEngine/Common/DerivedDataCache/Buckets/MaterialShaderMap/06/6e/db530fbd0a4cfa1715042af471f50737ed46.udd" 3508
"C:/Users/emanu/AppData/Local/UnrealEngine/Common/DerivedDataCache/Buckets/MaterialShaderMap/cc/ed/a47b7eccda72b49d25282106bdfddfc78600.udd" 3509
"C:/Users/emanu/AppData/Local/UnrealEngine/Common/DerivedDataCache/Buckets/MaterialShaderMap/1e/c8/be2688d74e176f4b2fa76bb74e9ea4086a7f.udd" 3510
"C:/Users/emanu/AppData/Local/UnrealEngine/Common/DerivedDataCache/Buckets/MaterialShaderMap/19/45/d4f68115709a80a199b6bc3b954595b09a1c.udd" 3511
"C:/Users/emanu/AppData/Local/UnrealEngine/Common/DerivedDataCache/Buckets/MaterialShaderMap/56/5e/817aac8cafc4fa829c468933758a9cff9264.udd" 3512
"C:/Users/emanu/AppData/Local/UnrealEngine/Common/DerivedDataCache/Buckets/MaterialShaderMap/35/29/e110e7fd68dae6a1a4e86d4b8875e39ff81f.udd" 3513
"C:/Users/emanu/AppData/Local/UnrealEngine/Common/DerivedDataCache/Buckets/MaterialShaderMap/0a/a5/040003c05632aa561c60283acdda31bbc8c3.udd" 3514
"C:/Users/emanu/AppData/Local/UnrealEngine/Common/DerivedDataCache/Buckets/MaterialShaderMap/4a/b8/08f6da1670c1d0129da5b8f671c51092aa42.udd" 3515
"C:/Users/emanu/AppData/Local/UnrealEngine/Common/DerivedDataCache/Buckets/MaterialShaderMap/3a/b6/d65384e3736200917d49f8ffae5d83eebc2c.udd" 3516
"C:/Users/emanu/AppData/Local/UnrealEngine/Common/DerivedDataCache/Buckets/MaterialShaderMap/dd/9b/20633658a6383679fadcdda85ae8e4053a0b.udd" 3517
"C:/Users/emanu/AppData/Local/UnrealEngine/Common/DerivedDataCache/Buckets/MaterialShaderMap/8d/ab/16ea24f85dc5209e5ec90c0ed30e1a6fa3da.udd" 3518
"C:/Users/emanu/AppData/Local/UnrealEngine/Common/DerivedDataCache/Buckets/MaterialShaderMap/ee/5d/0738f03d75a07e0b438406403fe26a9beed4.udd" 3519
"C:/Users/emanu/AppData/Local/UnrealEngine/Common/DerivedDataCache/Buckets/MaterialShaderMap/71/7f/564bb04a19571ed75aa5e73385ed9ac05ed9.udd" 3520
"C:/Users/emanu/AppData/Local/UnrealEngine/Common/DerivedDataCache/Buckets/MaterialShaderMap/8d/e9/cdebfa80530709410031bdd8c77dfb1534eb.udd" 3521
"C:/Users/emanu/AppData/Local/UnrealEngine/Common/DerivedDataCache/Buckets/MaterialShaderMap/fe/4a/ee7efa2b93a76749335769e4c45e1b1f91c1.udd" 3522
"C:/Users/emanu/AppData/Local/UnrealEngine/Common/DerivedDataCache/Buckets/MaterialShaderMap/7c/b4/2bd593e0e9cf8087a99f1620833b39e0b58a.udd" 3523
"C:/Users/emanu/AppData/Local/UnrealEngine/Common/DerivedDataCache/Buckets/MaterialShaderMap/c4/f8/6486fcb4869a56776ebec419be628c6df870.udd" 3524
"C:/Users/emanu/AppData/Local/UnrealEngine/Common/DerivedDataCache/Buckets/MaterialShaderMap/24/af/588b955d684287d182e686d9266d5fb50e5e.udd" 3525
"E:/Projects/EcoBots/Content/Assets/StackOBot/Characters/Bot/Animations/A_Bot_IdleJump.uasset" 3526
"E:/Projects/EcoBots/Content/Assets/StackOBot/Characters/Bot/Animations/A_Bot_RunJump.uasset" 3527
"E:/Projects/EcoBots/Content/Assets/StackOBot/FX/JetpackThruster/FX_JetpackThruster.uasset" 3528
"E:/Projects/EcoBots/Content/Assets/Boat/Boat_body_1.uasset" 3529
"E:/Projects/EcoBots/Content/Assets/Boat/Boat_body_2.uasset" 3530
"C:/Users/emanu/AppData/Local/UnrealEngine/Common/DerivedDataCache/Buckets/BulkDataList/f5/d8/9c927b481bb62d574b67a5605734dd993c1e.udd" 3531
"E:/Projects/EcoBots/Content/Assets/Boat/Boat_bottom.uasset" 3532
"C:/Users/emanu/AppData/Local/UnrealEngine/Common/DerivedDataCache/Buckets/MaterialShaderMap/95/e4/709dfe4cb268e8e57078eca261b55a21df9f.udd" 3533
"C:/Users/emanu/AppData/Local/UnrealEngine/Common/DerivedDataCache/Buckets/MaterialShaderMap/96/99/90a8f881c9e4e90aa3b58c5b8dec6375987d.udd" 3534
"C:/Users/emanu/AppData/Local/UnrealEngine/Common/DerivedDataCache/Buckets/MaterialShaderMap/7b/a3/90307c39aa57c0e0b440a63b6ec7b6008587.udd" 3535
"C:/Users/emanu/AppData/Local/UnrealEngine/Common/DerivedDataCache/Buckets/MaterialShaderMap/77/fb/5f5b8a2ffa0042d6aafd01229defc19a6b52.udd" 3536
"C:/Users/emanu/AppData/Local/UnrealEngine/Common/DerivedDataCache/Buckets/MaterialShaderMap/73/fd/c72271c26809a769ae752e3b257f7041df81.udd" 3537
"C:/Users/emanu/AppData/Local/UnrealEngine/Common/DerivedDataCache/Content/91/cb/1e2aa6f634439236205902486af0fff98f61.udd" 3538
"C:/Users/emanu/AppData/Local/UnrealEngine/Common/DerivedDataCache/Buckets/MaterialShaderMap/10/21/5dd9dcaa9844caca8dab8fac2a8b5622329a.udd" 3539
"C:/Users/emanu/AppData/Local/UnrealEngine/Common/DerivedDataCache/Buckets/MaterialShaderMap/4f/95/5fb0c565224e9d7f96db5233be8fc3b2870b.udd" 3540
"C:/Users/emanu/AppData/Local/UnrealEngine/Common/DerivedDataCache/Buckets/MaterialShaderMap/fa/c4/8f94b1f30456a7fc760b0d4685d567f8f917.udd" 3541
"C:/Users/emanu/AppData/Local/UnrealEngine/Common/DerivedDataCache/Content/87/67/67cb26339870b5e9c72f3b60a49564538ae9.udd" 3542
"C:/Users/emanu/AppData/Local/UnrealEngine/Common/DerivedDataCache/Buckets/MaterialShaderMap/ac/16/a1710dfc36ff413011f5723b6536dca37b71.udd" 3543
"C:/Users/emanu/AppData/Local/UnrealEngine/Common/DerivedDataCache/Buckets/MaterialShaderMap/16/1c/9627b60478ce38fd5f6aee0ffe11d19faca6.udd" 3544
"C:/Users/emanu/AppData/Local/UnrealEngine/Common/DerivedDataCache/Buckets/MaterialShaderMap/cf/8b/88ed1b2564eafe9c73d9360f6942369225cc.udd" 3545
"C:/Users/emanu/AppData/Local/UnrealEngine/Common/DerivedDataCache/Buckets/MaterialShaderMap/2e/2e/148b58918f1068fb4e59fe4029943cce1f37.udd" 3546
"C:/Users/emanu/AppData/Local/UnrealEngine/Common/DerivedDataCache/Buckets/MaterialShaderMap/98/3d/1a6c7e300febaf72b9041cd7b0c27a9d6391.udd" 3547
"C:/Users/emanu/AppData/Local/UnrealEngine/Common/DerivedDataCache/Buckets/MaterialShaderMap/9c/9e/76b70c8c0482ce3d13683df8a92275fcf6cf.udd" 3548
"E:/Projects/EcoBots/Content/Assets/media/wavs/GameOver.uasset" 3549
"E:/Projects/EcoBots/Content/Assets/Boat/Boat_paddle_1.uasset" 3550
"C:/Users/emanu/AppData/Local/UnrealEngine/Common/DerivedDataCache/Buckets/BulkDataList/6e/80/c8758bd27da79482a98e472f878980bbc6f3.udd" 3551
"E:/Projects/EcoBots/Content/Assets/Boat/Boat_paddle_2.uasset" 3552
"C:/Users/emanu/AppData/Local/UnrealEngine/Common/DerivedDataCache/Buckets/BulkDataList/4e/b2/a2a3d9fff69ebde712cf0971a774c641c777.udd" 3553
"E:/Projects/EcoBots/Content/StarterContent/Materials/M_Wood_Oak.uasset" 3554
"C:/Users/emanu/AppData/Local/UnrealEngine/Common/DerivedDataCache/Buckets/BulkDataList/54/a9/f09dba9e4010ecac9d21b682005a7dba264a.udd" 3555
"E:/Projects/EcoBots/Content/StarterContent/Materials/M_Wood_Pine.uasset" 3556
"C:/Users/emanu/AppData/Local/UnrealEngine/Common/DerivedDataCache/Buckets/BulkDataList/9e/b0/32d236c91c0fd421c8298d7ced19f6b0ad41.udd" 3557
"E:/Projects/EcoBots/Content/Assets/media/fonts/LEAFLETS_0_Font.uasset" 3558
"C:/Users/emanu/AppData/Local/UnrealEngine/Common/DerivedDataCache/Buckets/BulkDataList/c1/41/91def6617dae028432fdd28bc1f360546f5b.udd" 3559
"E:/Projects/EcoBots/Content/Assets/media/fonts/LEAFLETS_Font.uasset" 3560
"C:/Users/emanu/AppData/Local/UnrealEngine/Common/DerivedDataCache/Buckets/BulkDataList/15/3c/982d8d6a7a141b7bcacc1de75137d5c22c43.udd" 3561
"E:/Projects/EcoBots/Content/Assets/media/fonts/Robot-Regular_Font.uasset" 3562
"C:/Users/emanu/AppData/Local/UnrealEngine/Common/DerivedDataCache/Buckets/BulkDataList/90/c0/d7da73165b52d0333ab77ccf8ee69ffd4a1c.udd" 3563
"E:/Projects/EcoBots/Content/StarterContent/Props/Materials/M_Lamp.uasset" 3564
"C:/Users/emanu/AppData/Local/UnrealEngine/Common/DerivedDataCache/Buckets/BulkDataList/26/26/e3a60a3ec815cda6b265e53a646f152e12a4.udd" 3565
"E:/Projects/EcoBots/Content/Assets/LUSH_StylizedEnvironmentSet/_SharedAssets/Materials/M_Grass_Base.uasset" 3566
"C:/Users/emanu/AppData/Local/UnrealEngine/Common/DerivedDataCache/Buckets/BulkDataList/f7/0b/dff21789b4479b243722056dca9628bfadee.udd" 3567
"E:/Projects/EcoBots/Content/Assets/LUSH_StylizedEnvironmentSet/_SharedAssets/Materials/M_Leaves_Base.uasset" 3568
"E:/Projects/EcoBots/Content/Assets/LUSH_StylizedEnvironmentSet/Foliage/Trees/Materials/M_Bark_Base.uasset" 3569
"../../../Engine/Content/Functions/Engine_MaterialFunctions01/ImageAdjustment/CheapContrast.uasset" 3570
"../../../Engine/Content/Functions/Engine_MaterialFunctions01/Gradient/RadialGradientExponential.uasset" 3571
"../../../Engine/Content/EngineFonts/RobotoTiny.uasset" 3572
"../../../Engine/Content/Functions/Engine_MaterialFunctions02/Utility/DitherTemporalAA.uasset" 3573
"E:/Projects/EcoBots/Content/Assets/media/wavs/singlestep.uasset" 3574
"E:/Projects/EcoBots/Content/Assets/media/fonts/Robot_Roc_Not_a_Tilter_Font.uasset" 3575
"E:/Projects/EcoBots/Content/Assets/media/fonts/Robot_Roc_Font.uasset" 3576
"../../../Engine/Content/TemplateResources/MI_Template_BaseGray_02_Metal.uasset" 3577
"../../../Engine/Content/TemplateResources/MI_Template_BaseGray_Metal.uasset" 3578
"../../../Engine/Content/TemplateResources/MI_Template_BaseOrange_Metal.uasset" 3579
"E:/Projects/EcoBots/Content/StarterContent/Shapes/Shape_Cylinder.uasset" 3580
"E:/Projects/EcoBots/Content/StarterContent/Materials/M_Rock_Sandstone.uasset" 3581
"E:/Projects/EcoBots/Content/Blueprints/Characters/AI/BT_Buddy.uasset" 3582
"../../../Engine/Content/Functions/Engine_MaterialFunctions02/Texturing/3dParticleOpacity.uasset" 3583
"E:/Projects/EcoBots/Content/Blueprints/Characters/Controllers/DA_PlayerInputData.uasset" 3584
"E:/Projects/EcoBots/Content/Blueprints/Characters/Controllers/IMC_EcoBot.uasset" 3585
"E:/Projects/EcoBots/Content/Assets/StackOBot/Environment/Foilage/Materials/MF_TreeWind.uasset" 3586
"../../Plugins/FX/Niagara/Content/DynamicInputs/Add/Add_Float.uasset" 3587
"../../Plugins/FX/Niagara/Content/DynamicInputs/Multiply/Multiply_Float.uasset" 3588
"../../Plugins/FX/Niagara/Content/DynamicInputs/UniformRange/V2/RandomRangeFloat.uasset" 3589
"../../Plugins/FX/Niagara/Content/Functions/V2/CalculateRandomRangeFloat.uasset" 3590
"../../Plugins/FX/Niagara/Content/Enums/ENiagaraRandomnessEvaluation.uasset" 3591
"../../Plugins/FX/Niagara/Content/Enums/ENiagaraRandomnessMode.uasset" 3592
"../../Plugins/FX/Niagara/Content/DynamicInputs/ValueFromCurve/FloatFromCurve.uasset" 3593
"../../Plugins/FX/Niagara/Content/DynamicInputs/ValueFromCurve/Vector2DFromCurve.uasset" 3594
"../../Plugins/FX/Niagara/Content/Modules/Emitter/EmitterState.uasset" 3595
"../../Plugins/FX/Niagara/Content/Functions/Emitter/EmitterChangeState.uasset" 3596
"../../Plugins/FX/Niagara/Content/Enums/ENiagara_EmitterStateOptions.uasset" 3597
"../../Plugins/FX/Niagara/Content/Enums/ENiagara_InfiniteLoopDuration.uasset" 3598
"../../Plugins/FX/Niagara/Content/Enums/ENiagaraEmitterLifeCycleMode.uasset" 3599
"../../Plugins/FX/Niagara/Content/Enums/ENiagaraEmitterScalabilityMode_Limited.uasset" 3600
"../../Plugins/FX/Niagara/Content/Enums/ENiagaraExecutionStateManagement.uasset" 3601
"../../Plugins/FX/Niagara/Content/Enums/ENiagaraInactiveMode.uasset" 3602
"../../Plugins/FX/Niagara/Content/Modules/Emitter/SpawnRate.uasset" 3603
"../../Plugins/FX/Niagara/Content/Functions/RandomRangeFloat.uasset" 3604
"../../Plugins/FX/Niagara/Content/Functions/GetRandomInfo.uasset" 3605
"../../Plugins/FX/Niagara/Content/Modules/Solvers/SolveForcesAndVelocity.uasset" 3606
"../../Plugins/FX/Niagara/Content/Functions/DirectionAndLengthSafe.uasset" 3607
"../../Plugins/FX/Niagara/Content/Functions/Drag/DragVelocity.uasset" 3608
"../../Plugins/FX/Niagara/Content/Functions/Math/CentimeterMeterConversion.uasset" 3609
"../../Plugins/FX/Niagara/Content/Functions/Rotation/MultiplyVectorWithQuaternion.uasset" 3610
"../../Plugins/FX/Niagara/Content/Modules/Solvers/ApplyRotationVector.uasset" 3611
"../../Plugins/FX/Niagara/Content/Functions/Rotation/AxisAngleToQuaternion.uasset" 3612
"../../Plugins/FX/Niagara/Content/Functions/Rotation/MultiplyQuaternion.uasset" 3613
"../../Plugins/FX/Niagara/Content/Icons/Modules/T_Icon_Solver_LimitAccel.uasset" 3614
"../../Plugins/FX/Niagara/Content/Icons/Modules/T_Icon_Solver_LimitSpeed.uasset" 3615
"../../Plugins/FX/Niagara/Content/Icons/Modules/T_Icon_Solver_RotationalSolve.uasset" 3616
"../../Plugins/FX/Niagara/Content/Modules/Spawn/Initialization/V2/InitializeParticle.uasset" 3617
"../../Plugins/FX/Niagara/Content/Functions/LinearColor/HueShiftLinearColor.uasset" 3618
"../../Plugins/FX/Niagara/Content/Functions/Localspace/SimulationPosition.uasset" 3619
"../../Plugins/FX/Niagara/Content/Functions/Localspace/TransformVector.uasset" 3620
"../../Plugins/FX/Niagara/Content/Functions/Localspace/TransformBase.uasset" 3621
"../../Plugins/FX/Niagara/Content/Functions/V2/CalculateRandomBool.uasset" 3622
"../../Plugins/FX/Niagara/Content/Functions/V2/CalculateRandomRangeInteger.uasset" 3623
"../../Plugins/FX/Niagara/Content/Functions/V2/CalculateRandomRange.uasset" 3624
"../../Plugins/FX/Niagara/Content/Enums/ENiagara_ColorInitializationMode.uasset" 3625
"../../Plugins/FX/Niagara/Content/Enums/ENiagara_LifetimeMode.uasset" 3626
"../../Plugins/FX/Niagara/Content/Enums/ENiagara_MassInitializationMode.uasset" 3627
"../../Plugins/FX/Niagara/Content/Enums/ENiagara_PositionInitializationMode.uasset" 3628
"../../Plugins/FX/Niagara/Content/Enums/ENiagara_SizeScaleMode.uasset" 3629
"../../Plugins/FX/Niagara/Content/Enums/ENiagara_SpriteRotationMode.uasset" 3630
"../../Plugins/FX/Niagara/Content/Enums/ENiagara_UVFlippingMode.uasset" 3631
"../../Plugins/FX/Niagara/Content/Enums/ENiagaraChannelCorrelation.uasset" 3632
"../../Plugins/FX/Niagara/Content/Enums/Ribbons/ENiagara_UnsetDirectSet.uasset" 3633
"../../Plugins/FX/Niagara/Content/Enums/Ribbons/ENiagara_UnsetDirectSetRandom.uasset" 3634
"../../Plugins/FX/Niagara/Content/Modules/Spawn/Location/V2/SkeletalMeshLocation.uasset" 3635
"../../Plugins/FX/Niagara/Content/Functions/Localspace/TransformPosition.uasset" 3636
"../../Plugins/FX/Niagara/Content/Functions/Rotation/InvertQuaternion.uasset" 3637
"../../Plugins/FX/Niagara/Content/Functions/Rotation/MakeQuaternionFrom3BasisVectors.uasset" 3638
"../../Plugins/FX/Niagara/Content/Functions/Rotation/MatrixToQuaternion.uasset" 3639
"../../Plugins/FX/Niagara/Content/Enums/ENiagara_AttributeSamplingApplyOutput.uasset" 3640
"../../Plugins/FX/Niagara/Content/Enums/ENiagaraBoneSamplingMode.uasset" 3641
"../../Plugins/FX/Niagara/Content/Enums/ENiagaraBoneSocketSamplingMode.uasset" 3642
"../../Plugins/FX/Niagara/Content/Enums/ENiagaraMeshTransforms.uasset" 3643
"../../Plugins/FX/Niagara/Content/Enums/ENiagaraSkelMeshPositionSamplingMode.uasset" 3644
"../../Plugins/FX/Niagara/Content/Enums/ENiagaraSkelMeshTransforms.uasset" 3645
"../../Plugins/FX/Niagara/Content/Enums/ENiagaraSkelSamplingModeFull.uasset" 3646
"../../Plugins/FX/Niagara/Content/Enums/ENiagaraSocketSamplingMode.uasset" 3647
"../../Plugins/FX/Niagara/Content/Enums/ENiagaraTriangleSamplingMode.uasset" 3648
"../../Plugins/FX/Niagara/Content/Enums/ENiagaraVertexSamplingMode.uasset" 3649
"../../Plugins/FX/Niagara/Content/Modules/Spawn/Velocity/AddVelocityInCone.uasset" 3650
"../../Plugins/FX/Niagara/Content/Functions/Math/CalculateRandomPointInConeSphereIntersection.uasset" 3651
"../../Plugins/FX/Niagara/Content/Functions/Rotation/AngleUnitConverter.uasset" 3652
"../../Plugins/FX/Niagara/Content/Enums/Angles/ENiagara_AngleInput.uasset" 3653
"../../Plugins/FX/Niagara/Content/Functions/Rotation/FindQuatBetween.uasset" 3654
"../../Plugins/FX/Niagara/Content/Functions/Math/RemapValueRange.uasset" 3655
"../../Plugins/FX/Niagara/Content/Functions/RandomVectorInCone.uasset" 3656
"../../Plugins/FX/Niagara/Content/Functions/PolarToCartesianCoordinates.uasset" 3657
"../../Plugins/FX/Niagara/Content/Modules/System/SystemState.uasset" 3658
"../../Plugins/FX/Niagara/Content/Functions/System/SystemChangeState.uasset" 3659
"../../Plugins/FX/Niagara/Content/Enums/ENiagaraSystemInactiveMode.uasset" 3660
"../../Plugins/FX/Niagara/Content/Modules/Update/Color/ScaleColor.uasset" 3661
"../../Plugins/FX/Niagara/Content/Enums/ENiagaraScaleColorMode.uasset" 3662
"../../Plugins/FX/Niagara/Content/Modules/Update/Forces/Drag.uasset" 3663
"../../Plugins/FX/Niagara/Content/Modules/Update/Forces/GravityForce.uasset" 3664
"../../Plugins/FX/Niagara/Content/Modules/Update/Lifetime/ParticleState.uasset" 3665
"../../Plugins/FX/Niagara/Content/Functions/Math/SaturateFloat.uasset" 3666
"../../Plugins/FX/Niagara/Content/Icons/Modules/T_Icon_Particle_InfiniteLife.uasset" 3667
"../../Plugins/FX/Niagara/Content/Modules/Update/Size/ScaleSpriteSize.uasset" 3668
"../../Plugins/FX/Niagara/Content/Enums/SpriteRenderer/ENiagara_ScaleSpriteSize.uasset" 3669
"C:/Users/emanu/AppData/Local/UnrealEngine/Common/DerivedDataCache/Buckets/BulkDataList/17/b2/169b665575a947aa13d6a33e6c5d850242bb.udd" 3670
"C:/Users/emanu/AppData/Local/UnrealEngine/Common/DerivedDataCache/Buckets/BulkDataList/3d/24/15f165bdbf1e35cd133d72371963f2377943.udd" 3671
"C:/Users/emanu/AppData/Local/UnrealEngine/Common/DerivedDataCache/Buckets/BulkDataList/d8/bd/fb0ee48a566c9560320673541b7496deaa02.udd" 3672
"C:/Users/emanu/AppData/Local/UnrealEngine/Common/DerivedDataCache/Buckets/BulkDataList/5e/07/515c4f3d5a37a44d502a26f65933a9ec6d4e.udd" 3673
"../../../Engine/Plugins/FX/Niagara/Shaders/Private/NiagaraDataInterfaceCurveTemplate.ush" 3674
"../../../Engine/Plugins/FX/Niagara/Shaders/Private/NiagaraDataInterfaceMeshRendererInfoTemplate.ush" 3675
"../../../Engine/Plugins/FX/Niagara/Shaders/Private/NiagaraDataInterfaceSkeletalMesh.ush" 3676
"../../../Engine/Plugins/FX/Niagara/Shaders/Private/NiagaraBaryCentricUtils.ush" 3677
"../../../Engine/Plugins/FX/Niagara/Shaders/Private/NiagaraDataInterfaceSkeletalMeshTemplate.ush" 3678
"../../../Engine/Plugins/FX/Niagara/Shaders/Private/NiagaraDataInterfaceTexture2DArrayTemplate.ush" 3679
"../../../Engine/Plugins/FX/Niagara/Shaders/Private/NiagaraDataInterfaceActorComponentTemplate.ush" 3680
"../../../Engine/Plugins/FX/Niagara/Shaders/Private/NiagaraDataInterfaceArrayTemplate.ush" 3681
"../../../Engine/Plugins/FX/Niagara/Shaders/Private/NiagaraDataInterfaceArrayRWTemplate.ush" 3682
"../../../Engine/Plugins/FX/Niagara/Shaders/Private/NiagaraDataInterfaceAsyncGpuTrace.ush" 3683
"../../../Engine/Plugins/FX/Niagara/Shaders/Private/NiagaraDataInterfaceAsyncGpuTraceTemplate.ush" 3684
"../../../Engine/Plugins/FX/Niagara/Shaders/Private/NiagaraDataInterfaceCamera.ush" 3685
"../../../Engine/Plugins/Experimental/ChaosNiagara/Shaders/NiagaraDataInterfaceChaosDestruction.ush" 3686
"../../../Engine/Plugins/FX/Niagara/Shaders/Private/NiagaraDataInterfaceCollisionQuery.ush" 3687
"../../../Engine/Shaders/Public/StrataPublic.ush" 3688
"../../../Engine/Plugins/FX/Niagara/Shaders/Private/NiagaraDataInterfaceCollisionQueryTemplate.ush" 3689
"../../../Engine/Plugins/FX/Niagara/Shaders/Private/NiagaraDataInterfaceCubeTextureTemplate.ush" 3690
"../../../Engine/Plugins/FX/Niagara/Shaders/Private/DataChannel/NiagaraDataInterfaceDataChannelCommon.ush" 3691
"../../../Engine/Plugins/FX/Niagara/Shaders/Private/DataChannel/NiagaraDataInterfaceDataChannelTemplateCommon.ush" 3692
"../../../Engine/Plugins/FX/Niagara/Shaders/Private/DataChannel/NiagaraDataInterfaceDataChannelTemplate_Read.ush" 3693
"../../../Engine/Plugins/FX/Niagara/Shaders/Private/DataChannel/NiagaraDataInterfaceDataChannelTemplate_Consume.ush" 3694
"../../../Engine/Plugins/FX/Niagara/Shaders/Private/NiagaraDataInterfaceDebugDraw.ush" 3695
"../../../Engine/Plugins/FX/Niagara/Shaders/Private/NiagaraDataInterfaceDebugDrawTemplate.ush" 3696
"../../../Engine/Plugins/FX/Niagara/Shaders/Private/NiagaraDataInterfaceDynamicMeshTemplate.ush" 3697
"../../../Engine/Plugins/FX/Niagara/Shaders/Private/NiagaraDataInterfaceEmitterPropertiesTemplate.ush" 3698
"../../../Engine/Plugins/FX/Niagara/Shaders/Private/NiagaraDataInterfaceExportTemplate.ush" 3699
"../../../Engine/Plugins/FX/Niagara/Shaders/Private/NiagaraDataInterfaceGBufferTemplate.ush" 3700
"../../../Engine/Plugins/Experimental/ChaosNiagara/Shaders/NiagaraDataInterfaceGeometryCollection.ush" 3701
"../../../Engine/Plugins/FX/Niagara/Shaders/Private/NiagaraDataInterfaceIntRenderTarget2D.ush" 3702
"../../../Engine/Plugins/FX/Niagara/Shaders/Private/NiagaraDataInterfaceLandscape.ush" 3703
"../../../Engine/Plugins/FX/Niagara/Shaders/Private/NiagaraDataInterfaceOcclusion.ush" 3704
"../../../Engine/Plugins/FX/Niagara/Shaders/Private/NiagaraDataInterfacePhysicsAsset.ush" 3705
"../../../Engine/Plugins/Experimental/ChaosNiagara/Shaders/NiagaraDataInterfacePhysicsField.ush" 3706
"../../../Engine/Plugins/FX/Niagara/Shaders/Private/NiagaraDataInterfaceRenderTarget2DTemplate.ush" 3707
"../../../Engine/Plugins/FX/Niagara/Shaders/Private/NiagaraDataInterfaceRenderTarget2DArrayTemplate.ush" 3708
"../../../Engine/Plugins/FX/Niagara/Shaders/Private/NiagaraDataInterfaceRenderTargetCubeTemplate.ush" 3709
"../../../Engine/Plugins/FX/Niagara/Shaders/Private/NiagaraDataInterfaceRenderTargetVolumeTemplate.ush" 3710
"../../../Engine/Plugins/FX/Niagara/Shaders/Private/NiagaraDataInterfaceRigidMeshCollisionQuery.ush" 3711
"../../../Engine/Plugins/FX/Niagara/Shaders/Private/NiagaraDataInterfaceSimCacheReaderTemplate.ush" 3712
"../../../Engine/Plugins/FX/Niagara/Shaders/Private/NiagaraDataInterfaceSimpleCounterTemplate.ush" 3713
"../../../Engine/Plugins/FX/Niagara/Shaders/Private/NiagaraDataInterfaceSplineTemplate.ush" 3714
"../../../Engine/Plugins/FX/Niagara/Shaders/Private/NiagaraDataInterfaceSpriteRendererInfoTemplate.ush" 3715
"../../../Engine/Plugins/FX/Niagara/Shaders/Private/NiagaraDataInterfaceStaticMeshTemplate.ush" 3716
"../../../Engine/Plugins/FX/Niagara/Shaders/Private/NiagaraQuaternionUtils.ush" 3717
"../../../Engine/Plugins/FX/Niagara/Shaders/Private/NiagaraDataInterfaceTextureTemplate.ush" 3718
"../../../Engine/Plugins/FX/Niagara/Shaders/Private/NiagaraDataInterfaceVirtualTexture.ush" 3719
"../../../Engine/Plugins/FX/Niagara/Shaders/Private/NiagaraDataInterfaceVirtualTextureTemplate.ush" 3720
"../../../Engine/Plugins/FX/Niagara/Shaders/Private/NiagaraDataInterfaceVolumeCache.ush" 3721
"../../../Engine/Plugins/FX/Niagara/Shaders/Private/NiagaraDataInterfaceVolumeTextureTemplate.ush" 3722
"E:/Projects/EcoBots/Content/Assets/StackOBot/Environment/Foilage/Materials/MF_RotateAwayPoint.uasset" 3723
"../../../Engine/Plugins/2D/Paper2D/Content/TranslucentUnlitSpriteMaterial.uasset" 3724
"../../../Engine/Content/VREditor/LaserPointer/LaserPointerMaterial_Inst.uasset" 3725
"C:/Users/emanu/AppData/Local/UnrealEngine/Common/DerivedDataCache/Buckets/MaterialShaderMap/e7/60/901f70d789aae3e5dbf34647a7fc8c70300d.udd" 3726
"C:/Users/emanu/AppData/Local/UnrealEngine/Common/DerivedDataCache/Buckets/MaterialShaderMap/92/8c/0f37afb43526e0783cc32fae40255083129c.udd" 3727
"C:/Users/emanu/AppData/Local/UnrealEngine/Common/DerivedDataCache/Buckets/MaterialShaderMap/d2/bd/10eacbd9d4f51e2b1d24d0ac9eed0b5ca940.udd" 3728
"C:/Users/emanu/AppData/Local/UnrealEngine/Common/DerivedDataCache/Buckets/MaterialShaderMap/c4/56/ec7e5957de857ae9d300e91e10487ce18de8.udd" 3729
"C:/Users/emanu/AppData/Local/UnrealEngine/Common/DerivedDataCache/Buckets/MaterialShaderMap/9a/09/c3da96ba49f509f87a86b3ef7a609cf7c2b1.udd" 3730
"C:/Users/emanu/AppData/Local/UnrealEngine/Common/DerivedDataCache/Buckets/MaterialShaderMap/00/43/4b43a628aef8a069ddd83367d8fdab909c9d.udd" 3731
"../../../Engine/Content/Functions/Engine_MaterialFunctions02/Utility/DebugScalarValues.uasset" 3732
"../../../Engine/Plugins/Animation/ControlRig/Content/Controls/ControlRig_Wedge_solid.uasset" 3733
"../../../Engine/Plugins/Animation/ControlRig/Content/Controls/ControlRig_Wedge_3mm.uasset" 3734
"C:/Users/emanu/AppData/Local/UnrealEngine/Common/DerivedDataCache/Buckets/BulkDataList/03/0f/4e5a96a04f7f196f87895bc97e5228624ab2.udd" 3735
"C:/Users/emanu/AppData/Local/UnrealEngine/Common/DerivedDataCache/Buckets/MaterialShaderMap/b6/83/08bb2ddcb0e70c2d863cf63885d92595d4c4.udd" 3736
"C:/Users/emanu/AppData/Local/UnrealEngine/Common/DerivedDataCache/Buckets/MaterialShaderMap/32/1d/05310d21c50049ea4d03e4806638e80a1a38.udd" 3737
"C:/Users/emanu/AppData/Local/UnrealEngine/Common/DerivedDataCache/Buckets/MaterialShaderMap/78/74/572ca615bcf96789be9229175a8ee5abe157.udd" 3738
"../../../Engine/Plugins/Animation/ControlRig/Content/Controls/ControlRig_Triangle_solid.uasset" 3739
"C:/Users/emanu/AppData/Local/UnrealEngine/Common/DerivedDataCache/Buckets/MaterialShaderMap/f1/9c/0c7727d4596b3473aa9dff2b9ee128a65a02.udd" 3740
"C:/Users/emanu/AppData/Local/UnrealEngine/Common/DerivedDataCache/Buckets/MaterialShaderMap/55/1e/7ea3a509a5459260a3cf157892e02efaa98d.udd" 3741
"C:/Users/emanu/AppData/Local/UnrealEngine/Common/DerivedDataCache/Buckets/MaterialShaderMap/4b/6e/899f14814165ac7d01b9248bd4dcae3015c3.udd" 3742
"../../../Engine/Plugins/Animation/ControlRig/Content/Controls/ControlRig_Wedge_1mm.uasset" 3743
"C:/Users/emanu/AppData/Local/UnrealEngine/Common/DerivedDataCache/Buckets/MaterialShaderMap/b9/ab/f3caa1cdde07915c41376378f4df22d1f677.udd" 3744
"C:/Users/emanu/AppData/Local/UnrealEngine/Common/DerivedDataCache/Buckets/MaterialShaderMap/1a/c1/017654aa053900af5e96e2f29fb9934dfc96.udd" 3745
"../../../Engine/Plugins/Animation/ControlRig/Content/Controls/ControlRig_Triangle_3mm.uasset" 3746
"../../../Engine/Plugins/Animation/ControlRig/Content/Controls/ControlRig_Star4_solid.uasset" 3747
"C:/Users/emanu/AppData/Local/UnrealEngine/Common/DerivedDataCache/Buckets/MaterialShaderMap/0b/47/8873f5872510ece8147528262cb2d3db44cf.udd" 3748
"C:/Users/emanu/AppData/Local/UnrealEngine/Common/DerivedDataCache/Buckets/MaterialShaderMap/e1/2e/61e880e1a9d5cc2f0edf4e0158783fa6a442.udd" 3749
"../../../Engine/Plugins/Animation/ControlRig/Content/Controls/ControlRig_Triangle_1mm.uasset" 3750
"C:/Users/emanu/AppData/Local/UnrealEngine/Common/DerivedDataCache/Buckets/MaterialShaderMap/dc/0d/a8d5a81dddcda8711ad585011c91aef9a992.udd" 3751
"C:/Users/emanu/AppData/Local/UnrealEngine/Common/DerivedDataCache/Buckets/MaterialShaderMap/ce/46/95a29f8e49f6669997ec8f8f7369d42da6a5.udd" 3752
"../../../Engine/Plugins/Animation/ControlRig/Content/Controls/ControlRig_Star4_1mm.uasset" 3753
"../../../Engine/Plugins/Animation/ControlRig/Content/Controls/ControlRig_Star4_3mm.uasset" 3754
"../../../Engine/Plugins/Animation/ControlRig/Content/Controls/ControlRig_Square_solid.uasset" 3755
"../../../Engine/Plugins/Animation/ControlRig/Content/Controls/ControlRig_Square_3mm.uasset" 3756
"../../../Engine/Plugins/Animation/ControlRig/Content/Controls/ControlRig_Square_1mm.uasset" 3757
"../../../Engine/Plugins/Animation/ControlRig/Content/Controls/ControlRig_Sphere_3mm.uasset" 3758
"C:/Users/emanu/AppData/Local/UnrealEngine/Common/DerivedDataCache/Buckets/MaterialShaderMap/54/81/d1bcd6b046f72efae4cfc6dff5234704676a.udd" 3759
"C:/Users/emanu/AppData/Local/UnrealEngine/Common/DerivedDataCache/Buckets/MaterialShaderMap/5f/4f/6fabe1a69bf79743a6bdc1b0ce3bcbdabc2e.udd" 3760
"../../../Engine/Plugins/Animation/ControlRig/Content/Controls/ControlRig_RoundedTriangle_solid.uasset" 3761
"../../../Engine/Plugins/Animation/ControlRig/Content/Controls/ControlRig_Sphere_1mm.uasset" 3762
"../../../Engine/Plugins/Animation/ControlRig/Content/Controls/ControlRig_RoundedTriangle_3mm.uasset" 3763
"C:/Users/emanu/AppData/Local/UnrealEngine/Common/DerivedDataCache/Buckets/MaterialShaderMap/f1/2c/ff55e864d6deef789832573b40b61bbb6262.udd" 3764
"../../../Engine/Plugins/Animation/ControlRig/Content/Controls/ControlRig_RoundedTriangle_1mm.uasset" 3765
"C:/Users/emanu/AppData/Local/UnrealEngine/Common/DerivedDataCache/Buckets/MaterialShaderMap/fc/56/b95d70eef3666194efa8d11d7826531f7afb.udd" 3766
"../../../Engine/Plugins/Animation/ControlRig/Content/Controls/ControlRig_RoundedSquare_solid.uasset" 3767
"../../../Engine/Plugins/Animation/ControlRig/Content/Controls/ControlRig_RoundedSquare_3mm.uasset" 3768
"../../../Engine/Plugins/Animation/ControlRig/Content/Controls/ControlRig_RoundedSquare_1mm.uasset" 3769
"../../../Engine/Plugins/Animation/ControlRig/Content/Controls/ControlRig_QuarterCircle_3mm.uasset" 3770
"../../../Engine/Plugins/Animation/ControlRig/Content/Controls/ControlRig_QuarterCircle_solid.uasset" 3771
"../../../Engine/Plugins/Animation/ControlRig/Content/Controls/ControlRig_QuarterCircle_1mm.uasset" 3772
"../../../Engine/Plugins/Animation/ControlRig/Content/Controls/ControlRig_Pyramid_solid.uasset" 3773
"../../../Engine/Plugins/Animation/ControlRig/Content/Controls/ControlRig_Pyramid_3mm.uasset" 3774
"../../../Engine/Plugins/Animation/ControlRig/Content/Controls/ControlRig_Pyramid_1mm.uasset" 3775
"../../../Engine/Plugins/Animation/ControlRig/Content/Controls/ControlRig_Octagon_3mm.uasset" 3776
"../../../Engine/Plugins/Animation/ControlRig/Content/Controls/ControlRig_Octagon_solid.uasset" 3777
"../../../Engine/Plugins/Animation/ControlRig/Content/Controls/ControlRig_Octagon_1mm.uasset" 3778
"C:/Users/emanu/AppData/Local/UnrealEngine/Common/DerivedDataCache/Buckets/MaterialShaderMap/78/fa/c5b6964ff685b51ad2c196909a3d30c95389.udd" 3779
"C:/Users/emanu/AppData/Local/UnrealEngine/Common/DerivedDataCache/Buckets/MaterialShaderMap/75/27/a912a035ed4e80c99969e89d3fbe78a41f9f.udd" 3780
"../../../Engine/Plugins/Animation/ControlRig/Content/Controls/ControlRig_Hexagon_solid.uasset" 3781
"../../../Engine/Plugins/Animation/ControlRig/Content/Controls/ControlRig_Hexagon_3mm.uasset" 3782
"C:/Users/emanu/AppData/Local/UnrealEngine/Common/DerivedDataCache/Buckets/MaterialShaderMap/4c/20/a9c8dab65a113fd7d72e7012096eed78caac.udd" 3783
"C:/Users/emanu/AppData/Local/UnrealEngine/Common/DerivedDataCache/Buckets/MaterialShaderMap/83/67/5d6a08e037dcb21ac8972973f0eab6877303.udd" 3784
"C:/Users/emanu/AppData/Local/UnrealEngine/Common/DerivedDataCache/Buckets/MaterialShaderMap/09/ba/6f34ae82f14aa02b594c162b6d371a47c5f1.udd" 3785
"C:/Users/emanu/AppData/Local/UnrealEngine/Common/DerivedDataCache/Buckets/MaterialShaderMap/17/16/54d5c9f37ef58cbb46226ffe781016f62631.udd" 3786
"C:/Users/emanu/AppData/Local/UnrealEngine/Common/DerivedDataCache/Buckets/MaterialShaderMap/e1/b5/812eb3a9d5b8a26cd033dc3680a852550917.udd" 3787
"C:/Users/emanu/AppData/Local/UnrealEngine/Common/DerivedDataCache/Buckets/MaterialShaderMap/2b/d7/f0175bde7b8ec3d959339ec1d5d81fde3678.udd" 3788
"C:/Users/emanu/AppData/Local/UnrealEngine/Common/DerivedDataCache/Buckets/MaterialShaderMap/c9/39/547b07d642c2ee9150710d772ebaefc53b1c.udd" 3789
"C:/Users/emanu/AppData/Local/UnrealEngine/Common/DerivedDataCache/Buckets/MaterialShaderMap/97/2b/34a050a655789dba3a3a44f502d5a322f94d.udd" 3790
"C:/Users/emanu/AppData/Local/UnrealEngine/Common/DerivedDataCache/Buckets/MaterialShaderMap/88/67/fd91b1f0a093a4c377218112d5cf06709ca7.udd" 3791
"C:/Users/emanu/AppData/Local/UnrealEngine/Common/DerivedDataCache/Buckets/MaterialShaderMap/9d/1d/0e0da959f0a90e295f232fda36dc3d7dd647.udd" 3792
"../../../Engine/Plugins/Animation/ControlRig/Content/Controls/ControlRig_Hexagon_1mm.uasset" 3793
"../../../Engine/Plugins/Animation/ControlRig/Content/Controls/ControlRig_HalfCircle_solid.uasset" 3794
"../../../Engine/Plugins/Animation/ControlRig/Content/Controls/ControlRig_HalfCircle_3mm.uasset" 3795
"../../../Engine/Plugins/Animation/ControlRig/Content/Controls/ControlRig_HalfCircle_1mm.uasset" 3796
"../../../Engine/Plugins/Animation/ControlRig/Content/Controls/ControlRig_Diamond_solid.uasset" 3797
"../../../Engine/Plugins/Animation/ControlRig/Content/Controls/ControlRig_Diamond_3mm.uasset" 3798
"../../../Engine/Plugins/Animation/ControlRig/Content/Controls/ControlRig_Diamond_1mm.uasset" 3799
"../../../Engine/Plugins/Animation/ControlRig/Content/Controls/ControlRig_Circle_solid.uasset" 3800
"../../../Engine/Plugins/Animation/ControlRig/Content/Controls/ControlRig_Circle_1mm.uasset" 3801
"../../../Engine/Plugins/Animation/ControlRig/Content/Controls/ControlRig_Circle_3mm.uasset" 3802
"../../../Engine/Plugins/Animation/ControlRig/Content/Controls/ControlRig_Box_solid.uasset" 3803
"../../../Engine/Plugins/Animation/ControlRig/Content/Controls/ControlRig_Box_3mm.uasset" 3804
"../../../Engine/Plugins/Animation/ControlRig/Content/Controls/ControlRig_Arrow_solid.uasset" 3805
"../../../Engine/Plugins/Animation/ControlRig/Content/Controls/ControlRig_Box_1mm.uasset" 3806
"../../../Engine/Plugins/Animation/ControlRig/Content/Controls/ControlRig_Arrow_3mm.uasset" 3807
"../../../Engine/Plugins/Animation/ControlRig/Content/Controls/ControlRig_Arrow_1mm.uasset" 3808
"../../../Engine/Plugins/Animation/ControlRig/Content/Controls/ControlRig_Arrow4_solid.uasset" 3809
"../../../Engine/Plugins/Animation/ControlRig/Content/Controls/ControlRig_Arrow4_3mm.uasset" 3810
"../../../Engine/Plugins/Animation/ControlRig/Content/Controls/ControlRig_Arrow4_1mm.uasset" 3811
"../../../Engine/Plugins/Animation/ControlRig/Content/Controls/ControlRig_Arrow2_solid.uasset" 3812
"../../../Engine/Plugins/Animation/ControlRig/Content/Controls/ControlRig_Arrow2_3mm.uasset" 3813
"../../../Engine/Plugins/Animation/ControlRig/Content/Controls/ControlRig_Arrow2_1mm.uasset" 3814
"E:/Projects/EcoBots/Content/Blueprints/Audio/MetaSounds/MS_MainMenu.uasset" 3815
"../../../Engine/Plugins/Animation/ControlRig/Content/Controls/ControlRig_Sphere_solid.uasset" 3816
"E:/Projects/EcoBots/Content/Blueprints/Audio/MetaSounds/MS_DayMusic.uasset" 3817
"E:/Projects/EcoBots/Content/Blueprints/Audio/MetaSounds/MS_NightMusic.uasset" 3818
"../../../Engine/Content/EngineSky/SM_SkySphere.uasset" 3819
"../../../Engine/Content/MapTemplates/Sky/M_Procedural_Sky_Night.uasset" 3820
"E:/Projects/EcoBots/Content/Assets/StackOBot/Environment/Landscape/Materials/M_Rock.uasset" 3821
"E:/Projects/EcoBots/Content/Assets/StackOBot/Characters/Bot/Materials/M_BotBaseGreen.uasset" 3822
"E:/Projects/EcoBots/Content/Assets/StackOBot/Characters/Bot/Materials/M_BotBaseOrange.uasset" 3823
"E:/Projects/EcoBots/Content/Assets/StackOBot/Characters/Bot/Materials/M_BotBaseRed.uasset" 3824
"E:/Projects/EcoBots/Content/Assets/StackOBot/Characters/Bot/Materials/M_BotLightBlue.uasset" 3825
"E:/Projects/EcoBots/Content/Assets/StackOBot/Characters/Bot/Materials/M_BotPink.uasset" 3826
"E:/Projects/EcoBots/Content/Assets/StackOBot/Characters/Bot/Materials/M_BotWhite.uasset" 3827
"E:/Projects/EcoBots/Content/Assets/StackOBot/Characters/Bot/Materials/M_BotYellow.uasset" 3828
"E:/Projects/EcoBots/Content/Assets/StackOBot/Characters/Bot/Materials/M_BotLightBlue_2.uasset" 3829
"E:/Projects/EcoBots/Content/Assets/StackOBot/Characters/Bot/Materials/M_BotBaseGreen_2.uasset" 3830
"E:/Projects/EcoBots/Content/Assets/StackOBot/Characters/Bot/Materials/M_BotBaseOrange_2.uasset" 3831
"E:/Projects/EcoBots/Content/Assets/StackOBot/Characters/Bot/Materials/M_BotPink_2.uasset" 3832
"E:/Projects/EcoBots/Content/Assets/StackOBot/Characters/Bot/Materials/M_BotWhite_2.uasset" 3833
"E:/Projects/EcoBots/Content/Assets/StackOBot/Characters/Bot/Animations/BS_Bot_RunIdleJump.uasset" 3834
"E:/Projects/EcoBots/Content/Blueprints/Miscellaneous/BP_Boat.uasset" 3835
"E:/Projects/EcoBots/Content/Blueprints/Widgets/InGame/BP_BuddyPhrasesWidget.uasset" 3836
"E:/Projects/EcoBots/Content/StarterContent/Props/SM_Lamp_Ceiling.uasset" 3837
"E:/Projects/EcoBots/Content/Assets/LUSH_StylizedEnvironmentSet/Foliage/Grass/Materials/MI_Grass_01.uasset" 3838
"E:/Projects/EcoBots/Content/Assets/LUSH_StylizedEnvironmentSet/Foliage/Bushes/Materials/MI_Leaves_Bushes.uasset" 3839
"E:/Projects/EcoBots/Content/Assets/LUSH_StylizedEnvironmentSet/Foliage/Trees/Materials/MI_Leaves_SwampTree_01.uasset" 3840
"E:/Projects/EcoBots/Content/Assets/LUSH_StylizedEnvironmentSet/Foliage/Trees/Materials/MI_Leaves_Tree_01.uasset" 3841
"E:/Projects/EcoBots/Content/Assets/LUSH_StylizedEnvironmentSet/Foliage/Trees/Materials/MI_Bark_BananaTree.uasset" 3842
"E:/Projects/EcoBots/Content/Assets/LUSH_StylizedEnvironmentSet/Foliage/Trees/Materials/MI_Palm_A_Bark_01.uasset" 3843
"E:/Projects/EcoBots/Content/Assets/LUSH_StylizedEnvironmentSet/Foliage/Trees/Materials/MI_Palm_B_Bark_01.uasset" 3844
"E:/Projects/EcoBots/Content/Assets/LUSH_StylizedEnvironmentSet/Foliage/Trees/Materials/MI_Bark_04_Moss.uasset" 3845
"E:/Projects/EcoBots/Content/Assets/LUSH_StylizedEnvironmentSet/Foliage/Trees/Materials/MI_Tree_Large_Bark.uasset" 3846
"E:/Projects/EcoBots/Content/Blueprints/Audio/MetaSounds/MS_GameOver.uasset" 3847
"../../../Engine/Content/OpenWorldTemplate/LandscapeMaterial/MF_ProcGrid.uasset" 3848
"../../../Engine/Content/Functions/Engine_MaterialFunctions01/Texturing/WorldAlignedTexture.uasset" 3849
"E:/Projects/EcoBots/Content/Assets/LUSH_StylizedEnvironmentSet/StylizedWaterComponent/Materials/M_Water_Base.uasset" 3850
"E:/Projects/EcoBots/Content/Assets/LUSH_StylizedEnvironmentSet/_SharedAssets/Materials/M_Plants_Base.uasset" 3851
"E:/Projects/EcoBots/Content/Assets/LUSH_StylizedEnvironmentSet/_SharedAssets/Materials/M_Plants_Base_TangentSpace.uasset" 3852
"E:/Projects/EcoBots/Content/Assets/StackOBot/Environment/Foilage/Materials/M_TreeBaseNOWPO.uasset" 3853
"E:/Projects/EcoBots/Content/Blueprints/Widgets/InGame/BP_CraftablePreviewWidget.uasset" 3854
"E:/Projects/EcoBots/Content/Blueprints/Widgets/InGame/BP_CraftMaterialCostItem.uasset" 3855
"E:/Projects/EcoBots/Content/Blueprints/Characters/AI/BP_BuddyAIController.uasset" 3856
"../../../Engine/Content/Functions/Engine_MaterialFunctions02/ExampleContent/3dParticleOpacity_Mat.uasset" 3857
"E:/Projects/EcoBots/Content/Assets/StackOBot/Environment/Foilage/Materials/M_TreeBase.uasset" 3858
"E:/Projects/EcoBots/Content/Assets/media/img/T_Bot_ThumbsUp_Circle_Background_Sprite.uasset" 3859
"../../../Engine/Content/Functions/Engine_MaterialFunctions02/Utility/DebugFloat2Values.uasset" 3860
"E:/Projects/EcoBots/Content/Blueprints/Craftables/BP_CraftableWoodPlate.uasset" 3861
"E:/Projects/EcoBots/Content/Assets/StackOBot/Environment/Landscape/Materials/MI_Boulder.uasset" 3862
"E:/Projects/EcoBots/Content/Assets/StackOBot/Characters/Backpack/Materials/MI_Backpack.uasset" 3863
"C:/Users/emanu/AppData/Local/UnrealEngine/Common/DerivedDataCache/Buckets/MaterialShaderMap/d4/92/9f63aac4c9c8ea4778089819fbfd6f182af5.udd" 3864
"C:/Users/emanu/AppData/Local/UnrealEngine/Common/DerivedDataCache/Buckets/MaterialShaderMap/43/2f/78378d906995564f0e24d15e2e6ee2297f07.udd" 3865
"E:/Projects/EcoBots/Content/Assets/LUSH_StylizedEnvironmentSet/Foliage/Grass/SM_Grass_Generic.uasset" 3866
"C:/Users/emanu/AppData/Local/UnrealEngine/Common/DerivedDataCache/Buckets/MaterialShaderMap/47/4a/a171fb4e3fbd1c57c27410c40a1111113fdf.udd" 3867
"C:/Users/emanu/AppData/Local/UnrealEngine/Common/DerivedDataCache/Buckets/MaterialShaderMap/de/37/3fe58f8b3910cf10f59467a062f6472127dc.udd" 3868
"E:/Projects/EcoBots/Content/Assets/LUSH_StylizedEnvironmentSet/Foliage/Grass/Materials/MI_Grass_Tiny_A.uasset" 3869
"C:/Users/emanu/AppData/Local/UnrealEngine/Common/DerivedDataCache/Buckets/MaterialShaderMap/49/e8/0db60012d53cb02c5d2ab244ba9d2583941c.udd" 3870
"C:/Users/emanu/AppData/Local/UnrealEngine/Common/DerivedDataCache/Buckets/MaterialShaderMap/12/0a/ae6c1f45f71825a00d97389e1f58545ec142.udd" 3871
"E:/Projects/EcoBots/Content/Assets/LUSH_StylizedEnvironmentSet/Foliage/Bushes/SM_Bush_Large.uasset" 3872
"E:/Projects/EcoBots/Content/Assets/LUSH_StylizedEnvironmentSet/Foliage/Bushes/SM_Bush_Medium_01.uasset" 3873
"C:/Users/emanu/AppData/Local/UnrealEngine/Common/DerivedDataCache/Buckets/MaterialShaderMap/6f/3c/fc94d13b472046c87cfbab6541cf477e165b.udd" 3874
"C:/Users/emanu/AppData/Local/UnrealEngine/Common/DerivedDataCache/Buckets/MaterialShaderMap/b9/af/59d56acb8d1e9e47b52472fad92e5c6f51e3.udd" 3875
"C:/Users/emanu/AppData/Local/UnrealEngine/Common/DerivedDataCache/Buckets/MaterialShaderMap/d4/8b/fcfe6413d463b12f742d01b4c2f9c9174f02.udd" 3876
"C:/Users/emanu/AppData/Local/UnrealEngine/Common/DerivedDataCache/Buckets/MaterialShaderMap/d1/e8/63af2dc49dc59b9dbac5eb177771a4d37c20.udd" 3877
"E:/Projects/EcoBots/Content/Assets/LUSH_StylizedEnvironmentSet/Foliage/Bushes/SM_Bush_Medium_02.uasset" 3878
"C:/Users/emanu/AppData/Local/UnrealEngine/Common/DerivedDataCache/Buckets/MaterialShaderMap/d8/45/aee4456f4850c79302b32d822f93b31c2658.udd" 3879
"C:/Users/emanu/AppData/Local/UnrealEngine/Common/DerivedDataCache/Buckets/MaterialShaderMap/2b/05/bcaa286f37934ea2d5be0b15306dabfef847.udd" 3880
"C:/Users/emanu/AppData/Local/UnrealEngine/Common/DerivedDataCache/Buckets/MaterialShaderMap/0a/e2/27035cfe88ff3284415e4f8b8954aadfea84.udd" 3881
"C:/Users/emanu/AppData/Local/UnrealEngine/Common/DerivedDataCache/Buckets/MaterialShaderMap/e1/4f/195c585dff278663c8c67e36f27e274cb33c.udd" 3882
"E:/Projects/EcoBots/Content/Assets/LUSH_StylizedEnvironmentSet/Foliage/Bushes/SM_Bush_Medium_03.uasset" 3883
"E:/Projects/EcoBots/Content/Assets/LUSH_StylizedEnvironmentSet/Foliage/Bushes/SM_Bush_Medium_04.uasset" 3884
"E:/Projects/EcoBots/Content/Blueprints/Interactables/BP_CuttedTree.uasset" 3885
"C:/Users/emanu/AppData/Local/UnrealEngine/Common/DerivedDataCache/Buckets/MaterialShaderMap/b0/e2/a30946a22433c59d652415cab0afd7cc5e2b.udd" 3886
"E:/Projects/EcoBots/Content/Assets/LUSH_StylizedEnvironmentSet/Foliage/Trees/SM_SwampTree_01.uasset" 3887
"E:/Projects/EcoBots/Content/Assets/LUSH_StylizedEnvironmentSet/Foliage/Trees/SM_SwampTree_02.uasset" 3888
"C:/Users/emanu/AppData/Local/UnrealEngine/Common/DerivedDataCache/Buckets/MaterialShaderMap/7b/58/b10cb9bd8157a486fadff625df3a40725fee.udd" 3889
"C:/Users/emanu/AppData/Local/UnrealEngine/Common/DerivedDataCache/Buckets/MaterialShaderMap/00/6b/fadbe54f13d80630b526d90613ed9ce6ecd4.udd" 3890
"E:/Projects/EcoBots/Content/Assets/LUSH_StylizedEnvironmentSet/Foliage/Trees/SM_Tree_Medium_01.uasset" 3891
"E:/Projects/EcoBots/Content/Assets/LUSH_StylizedEnvironmentSet/Foliage/Trees/SM_Tree_Medium_02.uasset" 3892
"E:/Projects/EcoBots/Content/Assets/LUSH_StylizedEnvironmentSet/Foliage/Trees/SM_Tree_Large_01.uasset" 3893
"C:/Users/emanu/AppData/Local/UnrealEngine/Common/DerivedDataCache/Buckets/MaterialShaderMap/ff/36/3cd91f9f2a3b6bc125d68d0dddef062cadfc.udd" 3894
"../../../Engine/Content/OpenWorldTemplate/LandscapeMaterial/M_ProcGrid.uasset" 3895
"E:/Projects/EcoBots/Content/Assets/LUSH_StylizedEnvironmentSet/_SharedAssets/Materials/M_Rock_Base.uasset" 3896
"E:/Projects/EcoBots/Content/Assets/StackOBot/Environment/Materials/ML_Base.uasset" 3897
"C:/Users/emanu/AppData/Local/UnrealEngine/Common/DerivedDataCache/Buckets/MaterialShaderMap/1b/4c/e5942f7b5ea6c012a4a4c847e9e61fee2520.udd" 3898
"C:/Users/emanu/AppData/Local/UnrealEngine/Common/DerivedDataCache/Buckets/MaterialShaderMap/38/9f/6aa98f65ef99f30b1e2551cefec25ba89517.udd" 3899
"E:/Projects/EcoBots/Content/Assets/LUSH_StylizedEnvironmentSet/StylizedWaterComponent/Materials/MI_Water_01_WavesEnabled.uasset" 3900
"E:/Projects/EcoBots/Content/Assets/LUSH_StylizedEnvironmentSet/Foliage/Flowers/Materials/MI_Flowers_01.uasset" 3901
"C:/Users/emanu/AppData/Local/UnrealEngine/Common/DerivedDataCache/Buckets/MaterialShaderMap/cb/87/46c515e03d4769c6a967db78484d4b24789a.udd" 3902
"C:/Users/emanu/AppData/Local/UnrealEngine/Common/DerivedDataCache/Buckets/MaterialShaderMap/3d/58/5a71a7c9a6d4a9aa55da3635114f3ad1e7e2.udd" 3903
"E:/Projects/EcoBots/Content/Assets/LUSH_StylizedEnvironmentSet/Foliage/Trees/Materials/MI_BananaLeaf_01.uasset" 3904
"E:/Projects/EcoBots/Content/Assets/LUSH_StylizedEnvironmentSet/Foliage/Trees/Materials/MI_Palm_A_Leaf_01.uasset" 3905
"E:/Projects/EcoBots/Content/Assets/LUSH_StylizedEnvironmentSet/Foliage/Trees/Materials/MI_Palm_B_Leaf_01.uasset" 3906
"E:/Projects/EcoBots/Content/Assets/LUSH_StylizedEnvironmentSet/Foliage/Plants/Materials/MI_Plant_Taro.uasset" 3907
"E:/Projects/EcoBots/Content/Assets/LUSH_StylizedEnvironmentSet/Foliage/GroundIvy/Materials/MI_GroundIvy.uasset" 3908
"E:/Projects/EcoBots/Content/Assets/StackOBot/Environment/Foilage/Materials/M_CyberTrunk_NoWPO.uasset" 3909
"E:/Projects/EcoBots/Content/Assets/StackOBot/Environment/Foilage/Materials/M_CyberTrunk.uasset" 3910
"../../../Engine/Content/Functions/Engine_MaterialFunctions02/Texturing/FlipBook.uasset" 3911
"E:/Projects/EcoBots/Content/Blueprints/Craftables/CraftPreviews/BP_WoodPlatePreview.uasset" 3912
"E:/Projects/EcoBots/Content/Assets/StackOBot/Environment/Rocks/SM_Boulder.uasset" 3913
"E:/Projects/EcoBots/Content/Assets/StackOBot/Characters/Backpack/Mesh/SKM_Backpack.uasset" 3914
"C:/Users/emanu/AppData/Local/UnrealEngine/Common/DerivedDataCache/Buckets/MaterialShaderMap/4a/da/e34fb1403e4fce183a2f94c9fcc3d2adb4b5.udd" 3915
"C:/Users/emanu/AppData/Local/UnrealEngine/Common/DerivedDataCache/Buckets/MaterialShaderMap/a8/3d/6d8c5dac8d8121f62dcb4d033de2ee306806.udd" 3916
"C:/Users/emanu/AppData/Local/UnrealEngine/Common/DerivedDataCache/Buckets/MaterialShaderMap/44/6c/e6e1e876894dcf8d6995d57dcacd9c216d9b.udd" 3917
"C:/Users/emanu/AppData/Local/UnrealEngine/Common/DerivedDataCache/Buckets/MaterialShaderMap/db/15/c681d711e45dfd5e438dbcdcfa886e2f17ff.udd" 3918
"C:/Users/emanu/AppData/Local/UnrealEngine/Common/DerivedDataCache/Buckets/MaterialShaderMap/5e/08/72eff79ba7a4d6f0d6166457c950f01a2c37.udd" 3919
"E:/Projects/EcoBots/Content/Assets/LUSH_StylizedEnvironmentSet/Foliage/Grass/LG_AutoGrass.uasset" 3920
"C:/Users/emanu/AppData/Local/UnrealEngine/Common/DerivedDataCache/Buckets/MaterialShaderMap/29/d6/3cef33ac84524e60758d18a7e0d7428e6221.udd" 3921
"C:/Users/emanu/AppData/Local/UnrealEngine/Common/DerivedDataCache/Buckets/MaterialShaderMap/10/0f/255ff458fa4ab722d32d1de3ecb0939cb6c8.udd" 3922
"E:/Projects/EcoBots/Content/Assets/LUSH_StylizedEnvironmentSet/Foliage/Grass/LG_Grass.uasset" 3923
"E:/Projects/EcoBots/Content/Assets/LUSH_StylizedEnvironmentSet/Foliage/Grass/SM_Grass_Tiny.uasset" 3924
"E:/Projects/EcoBots/Content/Assets/LUSH_StylizedEnvironmentSet/Foliage/Bushes/SMF_Bush_Large.uasset" 3925
"C:/Users/emanu/AppData/Local/UnrealEngine/Common/DerivedDataCache/Buckets/MaterialShaderMap/71/05/2e7560c5d83d17887590394bddde227bc68a.udd" 3926
"E:/Projects/EcoBots/Content/Assets/LUSH_StylizedEnvironmentSet/Foliage/Bushes/SMF_Bush_Medium_01.uasset" 3927
"E:/Projects/EcoBots/Content/Assets/LUSH_StylizedEnvironmentSet/Foliage/Bushes/SMF_Bush_Medium_02.uasset" 3928
"C:/Users/emanu/AppData/Local/UnrealEngine/Common/DerivedDataCache/Buckets/MaterialShaderMap/84/79/40e336d220df3ba8f8ccbfdb298a75bb365a.udd" 3929
"C:/Users/emanu/AppData/Local/UnrealEngine/Common/DerivedDataCache/Buckets/MaterialShaderMap/68/db/22b4e3f29ac3a4082d9684d643ee3ae14408.udd" 3930
"E:/Projects/EcoBots/Content/Assets/LUSH_StylizedEnvironmentSet/Foliage/Bushes/SMF_Bush_Medium_03.uasset" 3931
"C:/Users/emanu/AppData/Local/UnrealEngine/Common/DerivedDataCache/Buckets/MaterialShaderMap/a8/d0/c4937365be57381fe7211469f0cdcaf5be66.udd" 3932
"E:/Projects/EcoBots/Content/Assets/LUSH_StylizedEnvironmentSet/Foliage/Bushes/SMF_Bush_Medium_04.uasset" 3933
"E:/Projects/EcoBots/Content/Assets/LUSH_StylizedEnvironmentSet/Foliage/Trees/SMF_Swamp_Tree_01.uasset" 3934
"E:/Projects/EcoBots/Content/Assets/LUSH_StylizedEnvironmentSet/Foliage/Trees/SMF_Swamp_Tree_02.uasset" 3935
"C:/Users/emanu/AppData/Local/UnrealEngine/Common/DerivedDataCache/Buckets/MaterialShaderMap/cb/fc/13c69c61f2749d53ec4214c5095acd8484ce.udd" 3936
"E:/Projects/EcoBots/Content/Assets/LUSH_StylizedEnvironmentSet/Foliage/Trees/SMF_Tree_Medium_01.uasset" 3937
"C:/Users/emanu/AppData/Local/UnrealEngine/Common/DerivedDataCache/Buckets/MaterialShaderMap/f0/16/2ce6ab31faecc85d82d1f5a0ef6a0f8b9774.udd" 3938
"C:/Users/emanu/AppData/Local/UnrealEngine/Common/DerivedDataCache/Buckets/MaterialShaderMap/e4/11/1bfbd66ee0db4f331a598c67442256cdb64b.udd" 3939
"E:/Projects/EcoBots/Content/Assets/LUSH_StylizedEnvironmentSet/Foliage/Trees/SMF_Tree_Medium_02.uasset" 3940
"C:/Users/emanu/AppData/Local/UnrealEngine/Common/DerivedDataCache/Buckets/MaterialShaderMap/d0/b4/0439b3cc2b84605aac7916330b870492dfab.udd" 3941
"C:/Users/emanu/AppData/Local/UnrealEngine/Common/DerivedDataCache/Buckets/MaterialShaderMap/89/af/70c3486b8c9f579b04bcd4b34a08bf545632.udd" 3942
"E:/Projects/EcoBots/Content/Assets/LUSH_StylizedEnvironmentSet/Foliage/Trees/SMF_Tree_Large_01.uasset" 3943
"E:/Projects/EcoBots/Content/Assets/LUSH_StylizedEnvironmentSet/Meshes/Rocks/Materials/MI_Rock_01_A.uasset" 3944
"E:/Projects/EcoBots/Content/Assets/LUSH_StylizedEnvironmentSet/Meshes/Rocks/Materials/MI_Rock_03_A.uasset" 3945
"E:/Projects/EcoBots/Content/Assets/StackOBot/Environment/Materials/M_TileMaster.uasset" 3946
"E:/Projects/EcoBots/Content/Assets/LUSH_StylizedEnvironmentSet/Foliage/Flowers/SM_FlowerClump_A_01.uasset" 3947
"E:/Projects/EcoBots/Content/Assets/LUSH_StylizedEnvironmentSet/Foliage/Flowers/SM_FlowerClump_B_01.uasset" 3948
"E:/Projects/EcoBots/Content/Assets/LUSH_StylizedEnvironmentSet/Foliage/Flowers/SM_FlowerClump_C_01.uasset" 3949
"C:/Users/emanu/AppData/Local/UnrealEngine/Common/DerivedDataCache/Buckets/MaterialShaderMap/8e/f0/e4f8827e6acdde3dfde11c96292c89c09c32.udd" 3950
"C:/Users/emanu/AppData/Local/UnrealEngine/Common/DerivedDataCache/Buckets/MaterialShaderMap/6e/95/47bf8c2da3eb09d8655d6298a60466168249.udd" 3951
"C:/Users/emanu/AppData/Local/UnrealEngine/Common/DerivedDataCache/Buckets/MaterialShaderMap/4f/28/2b31878625473813c418e7539b7ec97cfed1.udd" 3952
"E:/Projects/EcoBots/Content/Assets/LUSH_StylizedEnvironmentSet/Foliage/Flowers/SM_FlowerClump_D_01.uasset" 3953
"C:/Users/emanu/AppData/Local/UnrealEngine/Common/DerivedDataCache/Buckets/MaterialShaderMap/d6/08/da4983f5452c1bbae1f747f102859d5686ae.udd" 3954
"E:/Projects/EcoBots/Content/Assets/LUSH_StylizedEnvironmentSet/Foliage/Trees/SM_BananaTree_01.uasset" 3955
"E:/Projects/EcoBots/Content/Assets/LUSH_StylizedEnvironmentSet/Foliage/Trees/SM_BananaTree_02.uasset" 3956
"E:/Projects/EcoBots/Content/Assets/LUSH_StylizedEnvironmentSet/Foliage/Trees/SM_BananaTree_03.uasset" 3957
"E:/Projects/EcoBots/Content/Assets/LUSH_StylizedEnvironmentSet/Foliage/Trees/SM_BananaTree_04.uasset" 3958
"E:/Projects/EcoBots/Content/Assets/LUSH_StylizedEnvironmentSet/Foliage/Trees/SM_Palm_A_01.uasset" 3959
"E:/Projects/EcoBots/Content/Assets/LUSH_StylizedEnvironmentSet/Foliage/Trees/SM_Palm_A_02.uasset" 3960
"E:/Projects/EcoBots/Content/Assets/LUSH_StylizedEnvironmentSet/Foliage/Trees/SM_Palm_A_03.uasset" 3961
"E:/Projects/EcoBots/Content/Assets/LUSH_StylizedEnvironmentSet/Foliage/Trees/SM_Palm_A_04.uasset" 3962
"E:/Projects/EcoBots/Content/Assets/LUSH_StylizedEnvironmentSet/Foliage/Trees/SM_Palm_B_01.uasset" 3963
"E:/Projects/EcoBots/Content/Assets/LUSH_StylizedEnvironmentSet/Foliage/Trees/SM_Palm_B_02.uasset" 3964
"E:/Projects/EcoBots/Content/Assets/LUSH_StylizedEnvironmentSet/Foliage/Trees/SM_Palm_B_03.uasset" 3965
"C:/Users/emanu/AppData/Local/UnrealEngine/Common/DerivedDataCache/Buckets/LegacySKELETALMESH/a8/a9/3599befbdfe32c72b357f072fd98e734f80a.udd" 3966
"E:/Projects/EcoBots/Content/Assets/LUSH_StylizedEnvironmentSet/Foliage/Trees/SM_Palm_B_04.uasset" 3967
"C:/Users/emanu/AppData/Local/UnrealEngine/Common/DerivedDataCache/Buckets/MaterialShaderMap/70/c3/1f93c71881871be40ba68ce769d58dbd30c4.udd" 3968
"C:/Users/emanu/AppData/Local/UnrealEngine/Common/DerivedDataCache/Buckets/MaterialShaderMap/8f/1b/ab0d531873b5e3fbac6155d57fd09e03025a.udd" 3969
"C:/Users/emanu/AppData/Local/UnrealEngine/Common/DerivedDataCache/Buckets/MaterialShaderMap/e5/3c/582f786ed8e1e23ab5086df783857fc3e5f5.udd" 3970
"C:/Users/emanu/AppData/Local/UnrealEngine/Common/DerivedDataCache/Buckets/MaterialShaderMap/16/f0/c65720f97d2a4c445f6c43bc54cc0b8712ea.udd" 3971
"E:/Projects/EcoBots/Content/Assets/LUSH_StylizedEnvironmentSet/Foliage/Plants/SM_Plant_Taro_01.uasset" 3972
"E:/Projects/EcoBots/Content/Assets/LUSH_StylizedEnvironmentSet/Foliage/Plants/SM_Plant_Taro_02.uasset" 3973
"E:/Projects/EcoBots/Content/Assets/LUSH_StylizedEnvironmentSet/Foliage/GroundIvy/SM_GroundIvy_01.uasset" 3974
"C:/Users/emanu/AppData/Local/UnrealEngine/Common/DerivedDataCache/Buckets/MaterialShaderMap/32/0d/cebb264ae1ef25cd6e078c4097907da75a8a.udd" 3975
"C:/Users/emanu/AppData/Local/UnrealEngine/Common/DerivedDataCache/Buckets/MaterialShaderMap/e3/99/4d554a91e7850fba9e22873a8530255bbd45.udd" 3976
"E:/Projects/EcoBots/Content/Assets/LUSH_StylizedEnvironmentSet/Foliage/GroundIvy/SM_GroundIvy_02.uasset" 3977
"E:/Projects/EcoBots/Content/Assets/LUSH_StylizedEnvironmentSet/Foliage/GroundIvy/SM_GroundIvy_03.uasset" 3978
"E:/Projects/EcoBots/Content/Assets/LUSH_StylizedEnvironmentSet/Foliage/GroundIvy/SM_GroundIvy_04.uasset" 3979
"E:/Projects/EcoBots/Content/Assets/StackOBot/Environment/Foilage/Materials/M_CyberFern_NoWPO.uasset" 3980
"E:/Projects/EcoBots/Content/Assets/StackOBot/Environment/Foilage/Materials/M_CyberFern.uasset" 3981
"E:/Projects/EcoBots/Content/Assets/StackOBot/Characters/Bot/Materials/M_BotLedWhite.uasset" 3982
"C:/Users/emanu/AppData/Local/UnrealEngine/Common/DerivedDataCache/Buckets/MaterialShaderMap/ec/84/0fe83c831d6e159f0a1689c8b94259852eee.udd" 3983
"E:/Projects/EcoBots/Content/Assets/StackOBot/Characters/Bot/Materials/M_BotLedGreen.uasset" 3984
"E:/Projects/EcoBots/Content/Assets/StackOBot/Characters/Bot/Materials/M_BotLedLightBlue.uasset" 3985
"E:/Projects/EcoBots/Content/Assets/StackOBot/Characters/Bot/Materials/M_BotLedOrange.uasset" 3986
"E:/Projects/EcoBots/Content/Assets/StackOBot/Characters/Bot/Materials/M_BotLedPink.uasset" 3987
"C:/Users/emanu/AppData/Local/UnrealEngine/Common/DerivedDataCache/Buckets/MaterialShaderMap/e4/3d/52aab79b89a9740e87700945910344461d2d.udd" 3988
"E:/Projects/EcoBots/Content/Assets/StackOBot/Characters/Bot/Materials/M_BotLedRed.uasset" 3989
"E:/Projects/EcoBots/Content/Assets/StackOBot/Characters/Bot/Materials/M_BotLedYellow.uasset" 3990
"C:/Users/emanu/AppData/Local/UnrealEngine/Common/DerivedDataCache/Buckets/MaterialShaderMap/99/0d/b371382c6ae26c2743dd1a1e46d56fe23ffa.udd" 3991
"C:/Users/emanu/AppData/Local/UnrealEngine/Common/DerivedDataCache/Buckets/MaterialShaderMap/a4/32/906702505268eee8af35e5cf2e213d5e5e9d.udd" 3992
"E:/Projects/EcoBots/Content/Assets/LUSH_StylizedEnvironmentSet/Foliage/Grass/SMF_TinyGrass.uasset" 3993
"E:/Projects/EcoBots/Content/Assets/LUSH_StylizedEnvironmentSet/Meshes/Rocks/SM_Rock_01.uasset" 3994
"E:/Projects/EcoBots/Content/Assets/LUSH_StylizedEnvironmentSet/Meshes/Rocks/SM_Rock_03.uasset" 3995
"C:/Users/emanu/AppData/Local/UnrealEngine/Common/DerivedDataCache/Buckets/MaterialShaderMap/9c/64/aa47c00a93d3e717c51f006b1d7802e6402c.udd" 3996
"C:/Users/emanu/AppData/Local/UnrealEngine/Common/DerivedDataCache/Buckets/MaterialShaderMap/1b/df/ade83e2a956384ecb94b91325b1d55ab4a37.udd" 3997
"E:/Projects/EcoBots/Content/Assets/StackOBot/Environment/Materials/MI_Metal.uasset" 3998
"C:/Users/emanu/AppData/Local/UnrealEngine/Common/DerivedDataCache/Buckets/MaterialShaderMap/b9/92/fe02a450b76522de110a31ae90d01c30befc.udd" 3999
"E:/Projects/EcoBots/Content/Assets/StackOBot/Environment/Materials/MI_Plastic.uasset" 4000
"E:/Projects/EcoBots/Content/Assets/LUSH_StylizedEnvironmentSet/Foliage/Flowers/SMF_Flowers_A_01.uasset" 4001
"C:/Users/emanu/AppData/Local/UnrealEngine/Common/DerivedDataCache/Buckets/MaterialShaderMap/95/c4/e0e1dd1a7959052f549ca8c139ce7167d68c.udd" 4002
"E:/Projects/EcoBots/Content/Assets/LUSH_StylizedEnvironmentSet/Foliage/Flowers/SMF_Flowers_B_01.uasset" 4003
"E:/Projects/EcoBots/Content/Assets/LUSH_StylizedEnvironmentSet/Foliage/Flowers/SMF_Flowers_C_01.uasset" 4004
"E:/Projects/EcoBots/Content/Assets/LUSH_StylizedEnvironmentSet/Foliage/Flowers/SMF_Flowers_D_01.uasset" 4005
"E:/Projects/EcoBots/Content/Assets/LUSH_StylizedEnvironmentSet/Foliage/Trees/SMF_BananaTree_01.uasset" 4006
"E:/Projects/EcoBots/Content/Assets/LUSH_StylizedEnvironmentSet/Foliage/Trees/SMF_BananaTree_02.uasset" 4007
"E:/Projects/EcoBots/Content/Assets/LUSH_StylizedEnvironmentSet/Foliage/Trees/SMF_BananaTree_03.uasset" 4008
"E:/Projects/EcoBots/Content/Assets/LUSH_StylizedEnvironmentSet/Foliage/Trees/SMF_BananaTree_04.uasset" 4009
"E:/Projects/EcoBots/Content/Assets/LUSH_StylizedEnvironmentSet/Foliage/Trees/SMF_Palm_A_01.uasset" 4010
"E:/Projects/EcoBots/Content/Assets/LUSH_StylizedEnvironmentSet/Foliage/Trees/SMF_Palm_A_02.uasset" 4011
"E:/Projects/EcoBots/Content/Assets/LUSH_StylizedEnvironmentSet/Foliage/Trees/SMF_Palm_A_03.uasset" 4012
"E:/Projects/EcoBots/Content/Assets/LUSH_StylizedEnvironmentSet/Foliage/Trees/SMF_Palm_A_04.uasset" 4013
"E:/Projects/EcoBots/Content/Assets/LUSH_StylizedEnvironmentSet/Foliage/Trees/SMF_Palm_B_01.uasset" 4014
"E:/Projects/EcoBots/Content/Assets/LUSH_StylizedEnvironmentSet/Foliage/Trees/SMF_Palm_B_02.uasset" 4015
"E:/Projects/EcoBots/Content/Assets/LUSH_StylizedEnvironmentSet/Foliage/Trees/SMF_Palm_B_03.uasset" 4016
"E:/Projects/EcoBots/Content/Assets/LUSH_StylizedEnvironmentSet/Foliage/Trees/SMF_Palm_B_04.uasset" 4017
"E:/Projects/EcoBots/Content/Assets/LUSH_StylizedEnvironmentSet/Foliage/Plants/SMF_Plant_Taro_01.uasset" 4018
"E:/Projects/EcoBots/Content/Assets/LUSH_StylizedEnvironmentSet/Foliage/Plants/SMF_Plant_Taro_02.uasset" 4019
"E:/Projects/EcoBots/Content/Assets/LUSH_StylizedEnvironmentSet/Foliage/GroundIvy/LG_GroundIvy.uasset" 4020
"E:/Projects/EcoBots/Content/Assets/StackOBot/Environment/Foilage/Meshes/SM_Bush.uasset" 4021
"E:/Projects/EcoBots/Content/Assets/StackOBot/Characters/Bot/Materials/MI_BotFaceWhite.uasset" 4022
"E:/Projects/EcoBots/Content/Assets/StackOBot/Characters/Bot/Materials/MI_BotFaceGreen.uasset" 4023
"E:/Projects/EcoBots/Content/Assets/StackOBot/Characters/Bot/Materials/MI_BotFaceLightBlue.uasset" 4024
"E:/Projects/EcoBots/Content/Assets/StackOBot/Characters/Bot/Materials/MI_BotFaceOrange.uasset" 4025
"E:/Projects/EcoBots/Content/Assets/StackOBot/Characters/Bot/Materials/MI_BotFacePink.uasset" 4026
"E:/Projects/EcoBots/Content/Assets/StackOBot/Characters/Bot/Materials/MI_BotFaceRed.uasset" 4027
"E:/Projects/EcoBots/Content/Assets/StackOBot/Characters/Bot/Materials/MI_BotFaceYellow.uasset" 4028
"E:/Projects/EcoBots/Content/Assets/StackOBot/Environment/Props/SM_SpawnPad_Ring.uasset" 4029
"C:/Users/emanu/AppData/Local/UnrealEngine/Common/DerivedDataCache/Buckets/MaterialShaderMap/f8/80/85e9844bf0af734e0d0cd355631e6188cc78.udd" 4030
"C:/Users/emanu/AppData/Local/UnrealEngine/Common/DerivedDataCache/Buckets/MaterialShaderMap/a9/c0/98dd2c5242ca4edff7ac40c2badfd9b98d3e.udd" 4031
"C:/Users/emanu/AppData/Local/UnrealEngine/Common/DerivedDataCache/Buckets/MaterialShaderMap/e8/e8/9a1eff18fbb299fd195a5f7923603f270d64.udd" 4032
"E:/Projects/EcoBots/Content/Assets/LUSH_StylizedEnvironmentSet/Landscape/M_LND_Base.uasset" 4033
"E:/Projects/EcoBots/Content/Assets/StackOBot/Characters/Bot/Mesh/SKM_Bot.uasset" 4034
"C:/Users/emanu/AppData/Local/UnrealEngine/Common/DerivedDataCache/Buckets/MaterialShaderMap/32/1d/d38d666bd9dd3cbbfaf87a8a4d567ff70e41.udd" 4035
"E:/Projects/EcoBots/Content/Assets/LUSH_StylizedEnvironmentSet/Landscape/MI_LND_01.uasset" 4036
"C:/Users/emanu/AppData/Local/UnrealEngine/Common/DerivedDataCache/Buckets/MaterialShaderMap/ed/2e/86b8410a6917fa417235a57b7f531266b1d2.udd" 4037
"C:/Users/emanu/AppData/Local/UnrealEngine/Common/DerivedDataCache/Buckets/MaterialShaderMap/e2/2f/82d344172828787e9bd871cc1be322164973.udd" 4038
"../../../Engine/Content/EngineSounds/Submixes/MasterEQSubmixDefault.uasset" 4039
"../../../Engine/Content/EngineSounds/Submixes/MasterSubmixDefault.uasset" 4040
"C:/Users/emanu/AppData/Local/UnrealEngine/Common/DerivedDataCache/Buckets/MaterialShaderMap/e2/d8/f5c1f51a5059a1a5ba2796310e068d3e3f41.udd" 4041
"../../../Engine/Content/EngineSounds/Submixes/MasterReverbSubmixDefault.uasset" 4042
"E:/Projects/EcoBots/Content/Blueprints/Audio/SC_Master.uasset" 4043
"E:/Projects/EcoBots/Content/Blueprints/Audio/SCM_Master.uasset" 4044
"C:/Users/emanu/AppData/Local/UnrealEngine/Common/DerivedDataCache/Buckets/MaterialShaderMap/6a/25/3212cf32d31aac613968de7af8dddf484284.udd" 4045
"C:/Users/emanu/AppData/Local/UnrealEngine/Common/DerivedDataCache/Buckets/MaterialShaderMap/8b/9a/f793653f72717d16eda9951721215cbd320a.udd" 4046
"E:/Projects/EcoBots/Content/Assets/media/wavs/woodenclick.uasset" 4047
"C:/Users/emanu/AppData/Local/UnrealEngine/Common/DerivedDataCache/Buckets/MaterialShaderMap/7d/c1/8ca010fa42f68c16c7b2389d2c1fc482a323.udd" 4048
"E:/Projects/EcoBots/Content/Assets/media/wavs/woodenhover.uasset" 4049
"E:/Projects/EcoBots/Content/Blueprints/Audio/MetaSounds/MS_Steps.uasset" 4050
"E:/Projects/EcoBots/Content/Assets/media/wavs/JetpackLoop.uasset" 4051
"E:/Projects/EcoBots/Content/Assets/media/wavs/Catastrophe.uasset" 4052
"E:/Projects/EcoBots/Content/Blueprints/Widgets/InGame/BP_CraftRecipeWidget.uasset" 4053
"E:/Projects/EcoBots/Content/Blueprints/Widgets/InGame/BP_OptionsGameWidget.uasset" 4054
"E:/Projects/EcoBots/Content/Blueprints/Widgets/InGame/BP_InventorySlotWidget.uasset" 4055
"C:/Users/emanu/AppData/Local/UnrealEngine/Common/DerivedDataCache/Buckets/MaterialShaderMap/a7/86/7af86aaea954a2d16b0abec4beb75786f3c5.udd" 4056
"C:/Users/emanu/AppData/Local/UnrealEngine/Common/DerivedDataCache/Buckets/MaterialShaderMap/7b/f2/0377ed2225e780552de7df45608b4e1a4fc8.udd" 4057
"C:/Users/emanu/AppData/Local/UnrealEngine/Common/DerivedDataCache/Buckets/MaterialShaderMap/53/7f/d2e02357fe158228fe784e1dbd2e59086dd2.udd" 4058
"C:/Users/emanu/AppData/Local/UnrealEngine/Common/DerivedDataCache/Buckets/MaterialShaderMap/5b/bd/d83b4dfc7aea27f3c8d375d5009d1bfebc4b.udd" 4059
"C:/Users/emanu/AppData/Local/UnrealEngine/Common/DerivedDataCache/Buckets/MaterialShaderMap/58/72/d573bfc71593c86a31b88c7d0e5061d60e48.udd" 4060
"C:/Users/emanu/AppData/Local/UnrealEngine/Common/DerivedDataCache/Buckets/MaterialShaderMap/b6/d2/ba3795db599bfba650adc3dcdc0a88cb8735.udd" 4061
"C:/Users/emanu/AppData/Local/UnrealEngine/Common/DerivedDataCache/Buckets/MaterialShaderMap/80/ee/87ec7117db7cd445c999e0c96adbb601922d.udd" 4062
"C:/Users/emanu/AppData/Local/UnrealEngine/Common/DerivedDataCache/Buckets/MaterialShaderMap/fa/ee/732c3c8f668cf7eafe84a9af69653fe98276.udd" 4063
"C:/Users/emanu/AppData/Local/UnrealEngine/Common/DerivedDataCache/Buckets/MaterialShaderMap/0e/bc/799aaeeae692a74347fb078305206ee0d67a.udd" 4064
"C:/Users/emanu/AppData/Local/UnrealEngine/Common/DerivedDataCache/Buckets/MaterialShaderMap/dd/96/3e13da6713f4e3dedb827173ee40467bfc1a.udd" 4065
"C:/Users/emanu/AppData/Local/UnrealEngine/Common/DerivedDataCache/Buckets/MaterialShaderMap/c4/65/05626cbad4f89d225a0ce77add4a5a962a7c.udd" 4066
"E:/Projects/EcoBots/Content/Assets/StackOBot/Characters/Bot/Animations/A_Bot_Run.uasset" 4067
"E:/Projects/EcoBots/Content/Assets/StackOBot/Characters/Bot/Animations/A_Bot_Walk.uasset" 4068
"E:/Projects/EcoBots/Content/Blueprints/Audio/MetaSounds/MS_JetPack.uasset" 4069
"C:/Users/emanu/AppData/Local/UnrealEngine/Common/DerivedDataCache/Buckets/MaterialShaderMap/79/a1/55869ed574a9b7a4d21da7c86216cad1bc91.udd" 4070
"E:/Projects/EcoBots/Content/Blueprints/Audio/MetaSounds/MS_Catastrophe.uasset" 4071
"E:/Projects/EcoBots/Content/Blueprints/Widgets/InGame/BP_CraftWidget.uasset" 4072
"E:/Projects/EcoBots/Content/Blueprints/Widgets/InGame/BP_InventoryWidget.uasset" 4073
"E:/Projects/EcoBots/Content/Blueprints/Widgets/Menu/BP_GameOverWidget.uasset" 4074
"E:/Projects/EcoBots/Content/Assets/StackOBot/Characters/Bot/Animations/A_Bot_Flying.uasset" 4075
"E:/Projects/EcoBots/Content/Blueprints/Characters/Anim/ABP_EcobotAnim.uasset" 4076
"E:/Projects/EcoBots/Content/Blueprints/Items/InventoryItems/BP_BatteryInventoryItem.uasset" 4077
"E:/Projects/EcoBots/Content/Blueprints/Items/BP_BatteryItem.uasset" 4078
"E:/Projects/EcoBots/Content/Blueprints/Spawners/BP_BatterySpawner.uasset" 4079
"E:/Projects/EcoBots/Content/Blueprints/LevelPieces/Terrains/TropicalBiome/BP_TropicalTerrain1.uasset" 4080
"E:/Projects/EcoBots/Content/Blueprints/LevelPieces/Terrains/TropicalBiome/BP_TropicalTerrain2.uasset" 4081
"E:/Projects/EcoBots/Content/Blueprints/LevelPieces/Terrains/TropicalBiome/BP_TropicalTerrain4.uasset" 4082
"E:/Projects/EcoBots/Content/Blueprints/Items/InventoryItems/BP_WoodInventoryItem.uasset" 4083
"E:/Projects/EcoBots/Content/Blueprints/Items/BP_WoodItem.uasset" 4084
"C:/Users/emanu/AppData/Local/UnrealEngine/Common/DerivedDataCache/Buckets/MaterialShaderMap/00/5b/585a04d0d083ecff68d6cd60527fd4a6d146.udd" 4085
"C:/Users/emanu/AppData/Local/UnrealEngine/Common/DerivedDataCache/Buckets/MaterialShaderMap/25/01/b08da5c07669da8cdad21b2cade4067bf147.udd" 4086
"C:/Users/emanu/AppData/Local/UnrealEngine/Common/DerivedDataCache/Buckets/LegacySKELETALMESH/cd/08/4ff098e28afd4b7f91d8220381b45f7fd8eb.udd" 4087
"E:/Projects/EcoBots/Content/Blueprints/Craftables/CraftRecipes/BP_WoodPlateRecipe.uasset" 4088
"C:/Users/emanu/AppData/Local/UnrealEngine/Common/DerivedDataCache/Content/14/8e/95801dd9c3bbeacf043fce8712feb7da7f0c.udd" 4089
"E:/Projects/EcoBots/Content/Blueprints/Interactables/BP_InteractableTree.uasset" 4090
"E:/Projects/EcoBots/Content/Blueprints/LevelPieces/TropicalBiome/BP_TropicalPiece5.uasset" 4091
"E:/Projects/EcoBots/Content/Blueprints/LevelPieces/TropicalBiome/BP_TropicalPiece8.uasset" 4092
"E:/Projects/EcoBots/Content/Blueprints/Characters/AI/BP_EcoBotBuddy.uasset" 4093
"E:/Projects/EcoBots/Content/Blueprints/Interactables/BP_BuddyInteractableComponent.uasset" 4094
"E:/Projects/EcoBots/Content/Blueprints/Characters/BP_EcoBotBuddy.uasset" 4095
"C:/Users/emanu/AppData/Local/UnrealEngine/Common/DerivedDataCache/Buckets/BulkDataList/18/6c/8ba522ab0164cc3471360783fe48cb681559.udd" 4096
"E:/Projects/EcoBots/Content/Blueprints/Items/BP_RockItem.uasset" 4097
"C:/Users/emanu/AppData/Local/UnrealEngine/Common/DerivedDataCache/Buckets/BulkDataList/50/1e/5f41a8120803a892ed940d64dfc726a2f00d.udd" 4098
"E:/Projects/EcoBots/Content/Blueprints/Items/InventoryItems/BP_RockInventoryItem.uasset" 4099
"E:/Projects/EcoBots/Content/Blueprints/Interactables/BP_InteractableRock.uasset" 4100
"C:/Users/emanu/AppData/Local/UnrealEngine/Common/DerivedDataCache/Buckets/BulkDataList/2e/19/8070a6444182912e1dcf6902ba6d9914976d.udd" 4101
"E:/Projects/EcoBots/Content/Blueprints/Items/BP_IronItem.uasset" 4102
"C:/Users/emanu/AppData/Local/UnrealEngine/Common/DerivedDataCache/Buckets/BulkDataList/7f/69/be9292a6afd8978cdc4dab79df7fe6048c17.udd" 4103
"E:/Projects/EcoBots/Content/Blueprints/Items/InventoryItems/BP_IronInventoryItem.uasset" 4104
"E:/Projects/EcoBots/Content/Blueprints/Interactables/BP_InteractableRock_2.uasset" 4105
"E:/Projects/EcoBots/Content/Blueprints/LevelPieces/TropicalBiome/BP_TropicalPiece1.uasset" 4106
"E:/Projects/EcoBots/Content/Blueprints/LevelPieces/TropicalBiome/BP_TropicalPiece6.uasset" 4107
"E:/Projects/EcoBots/Content/Blueprints/Items/BP_CoconutItem.uasset" 4108
"E:/Projects/EcoBots/Content/Blueprints/LevelPieces/TropicalBiome/BP_TropicalPiece7.uasset" 4109
"E:/Projects/EcoBots/Content/Blueprints/Items/InventoryItems/BP_CoconutInventoryItem.uasset" 4110
"E:/Projects/EcoBots/Content/Blueprints/Interactables/BP_InteractableTree_2.uasset" 4111
"E:/Projects/EcoBots/Content/Blueprints/LevelPieces/TropicalBiome/BP_TropicalPiece2.uasset" 4112
"E:/Projects/EcoBots/Content/Blueprints/LevelPieces/TropicalBiome/BP_TropicalPiece9.uasset" 4113
"E:/Projects/EcoBots/Content/Blueprints/LevelPieces/TropicalBiome/BP_TropicalPiece3.uasset" 4114
"E:/Projects/EcoBots/Content/Blueprints/Widgets/InGame/BP_EcoBotWidget.uasset" 4115
"E:/Projects/EcoBots/Content/Blueprints/Widgets/InGame/BP_MainGameWidget.uasset" 4116
"E:/Projects/EcoBots/Content/Blueprints/Widgets/InGame/BP_PauseWidget.uasset" 4117
"E:/Projects/EcoBots/Content/Blueprints/Managers/BP_VillageSavingsManager.uasset" 4118
"E:/Projects/EcoBots/Content/Blueprints/LevelPieces/Terrains/TropicalBiome/BP_TropicalTerrain3.uasset" 4119
"E:/Projects/EcoBots/Content/Blueprints/Interactables/BP_Water.uasset" 4120
"E:/Projects/EcoBots/Content/Blueprints/Characters/BP_EcoBotCharacter.uasset" 4121
"E:/Projects/EcoBots/Content/Blueprints/Managers/BP_WorldCatastrophesManager.uasset" 4122
"E:/Projects/EcoBots/Content/Blueprints/Characters/Controllers/BP_EcoBotController.uasset" 4123
"E:/Projects/EcoBots/Content/Blueprints/LevelPieces/TropicalBiome/BP_TropicalPiece4.uasset" 4124
"E:/Projects/EcoBots/Content/Blueprints/Gamemodes/BP_EcoBotGamemode.uasset" 4125
"E:/Projects/EcoBots/Content/Levels/Menu/GameOverMenu.umap" 4126
"E:/Projects/EcoBots/Content/Blueprints/Managers/BP_VillageGeneratorManager.uasset" 4127
"E:/Projects/EcoBots/Content/Levels/InGame/EcoBotGen.umap" 4128
"E:/Projects/EcoBots/Content/Blueprints/Widgets/Menu/BP_MainMenuWidget.uasset" 4129
"E:/Projects/EcoBots/Content/Blueprints/Widgets/Menu/BP_HowToWidget.uasset" 4130
"E:/Projects/EcoBots/Content/Blueprints/Widgets/Menu/BP_ControlsMenuWidget.uasset" 4131
"E:/Projects/EcoBots/Content/Blueprints/Widgets/Menu/BP_OptionsMenuWidget.uasset" 4132
"E:/Projects/EcoBots/Content/Blueprints/Widgets/Menu/BP_SelectSlotMenu.uasset" 4133
"C:/Users/emanu/AppData/Local/Temp/UnrealShaderWorkingDir/9A9F9F61460C7004192B6F97FA1E4D8E/0/WorkerOutputOnly.out" 4134
"E:/Projects/EcoBots/Content/Blueprints/Widgets/Menu/BP_NewGameWidget.uasset" 4135
"E:/Projects/EcoBots/Content/Levels/Menu/MainMenu.umap" 4136
"E:/Projects/EcoBots/Content/Levels/InGame/EcoBotGame.umap" 4137
"C:/Users/emanu/AppData/Local/UnrealEngine/Common/DerivedDataCache/Buckets/BulkDataList/a8/dd/06f2374f369d059c3f789b58c6592988d0f8.udd" 4138
"C:/Users/emanu/AppData/Local/UnrealEngine/Common/DerivedDataCache/Buckets/BulkDataList/11/37/073d9023dc9ebee3432becae34b1f6739723.udd" 4139
"E:/Projects/EcoBots/Content/Assets/LUSH_StylizedEnvironmentSet/Maps/DemoMap_sharedassets/GrassOnly_LayerInfo.uasset" 4140
"C:/Users/emanu/AppData/Local/UnrealEngine/Common/DerivedDataCache/Buckets/MaterialShaderMap/9a/c6/cb1b464fc36fa1674e66f646a1b92a38bcf8.udd" 4141
"C:/Users/emanu/AppData/Local/UnrealEngine/Common/DerivedDataCache/Buckets/MaterialShaderMap/da/c6/5e56772aa61e26cd0efbfeaf1b1d614e3aed.udd" 4142
"C:/Users/emanu/AppData/Local/UnrealEngine/Common/DerivedDataCache/Buckets/MaterialShaderMap/4c/3e/5fb231b99bc2d8f0e7f616d2a291c857fe76.udd" 4143
"C:/Users/emanu/AppData/Local/UnrealEngine/Common/DerivedDataCache/Buckets/MaterialShaderMap/52/4a/bc405c5ec43fd7edcf6123b7668223cb5b46.udd" 4144
"C:/Users/emanu/AppData/Local/UnrealEngine/Common/DerivedDataCache/Buckets/MaterialShaderMap/8a/57/4685dcfde09ff883ed2f81e9c52806c25098.udd" 4145
"C:/Users/emanu/AppData/Local/UnrealEngine/Common/DerivedDataCache/Buckets/MaterialShaderMap/77/f7/36f80428fb5fc6b507def24f61c5aa98ec6a.udd" 4146
"C:/Users/emanu/AppData/Local/UnrealEngine/Common/DerivedDataCache/Buckets/MaterialShaderMap/b4/55/76969d1405983ba92589c3654ad295ab0fc3.udd" 4147
"C:/Users/emanu/AppData/Local/UnrealEngine/Common/DerivedDataCache/Buckets/MaterialShaderMap/ca/c3/f9089782996b2c954ac6d44628320f9d9f5e.udd" 4148
"C:/Users/emanu/AppData/Local/UnrealEngine/Common/DerivedDataCache/Buckets/MaterialShaderMap/b8/12/499228344c19808368c5ccc82a85c75de6bc.udd" 4149
"C:/Users/emanu/AppData/Local/UnrealEngine/Common/DerivedDataCache/Buckets/MaterialShaderMap/57/65/a4603473b644c61c50c70408abe782e6305d.udd" 4150
"C:/Users/emanu/AppData/Local/UnrealEngine/Common/DerivedDataCache/Buckets/MaterialShaderMap/42/8d/d6456e1b1e98681c1603bed775b9cc14b700.udd" 4151
"C:/Users/emanu/AppData/Local/UnrealEngine/Common/DerivedDataCache/Buckets/MaterialShaderMap/50/a9/b6d953c7bb7bec0c7a1aef546ebd7867a7f9.udd" 4152
"C:/Users/emanu/AppData/Local/UnrealEngine/Common/DerivedDataCache/Buckets/MaterialShaderMap/dc/d1/4fb8c253125739ecac8608a1cde0d8285423.udd" 4153
"C:/Users/emanu/AppData/Local/UnrealEngine/Common/DerivedDataCache/Buckets/MaterialShaderMap/9d/0e/54e900dd7af93742d5981920bf3a430120f8.udd" 4154
"C:/Users/emanu/AppData/Local/UnrealEngine/Common/DerivedDataCache/Buckets/MaterialShaderMap/a1/40/3e47718ab0e8df6d4ed517d5221a6764db79.udd" 4155
"C:/Users/emanu/AppData/Local/UnrealEngine/Common/DerivedDataCache/Buckets/MaterialShaderMap/4c/ec/22c37187c06b0aac3637c8ca5f704b4bf847.udd" 4156
"C:/Users/emanu/AppData/Local/UnrealEngine/Common/DerivedDataCache/Buckets/MaterialShaderMap/2a/10/fb618c99bc25b9ac30f8d093ca0ed6b7e5e3.udd" 4157
"C:/Users/emanu/AppData/Local/UnrealEngine/Common/DerivedDataCache/Buckets/LegacyAudio/61/d8/3c841443299dd19b566215b7d9d1210d0b1f.udd" 4158
"C:/Users/emanu/AppData/Local/UnrealEngine/Common/DerivedDataCache/Content/76/9f/e9c536b827b6d7918d15f89860d587220f2d.udd" 4159
"C:/Users/emanu/AppData/Local/UnrealEngine/Common/DerivedDataCache/Buckets/LegacyAudio/25/fb/9345d13dd5819ccfb01b198da90eabe1cd0c.udd" 4160
"C:/Users/emanu/AppData/Local/UnrealEngine/Common/DerivedDataCache/Content/9e/fd/a512ddc66da4c5768c59f81a27e29012365e.udd" 4161
"C:/Users/emanu/AppData/Local/UnrealEngine/Common/DerivedDataCache/Buckets/LegacyAudio/dc/f1/240e5c4767874b37fdea8fc4a51548fdd9fd.udd" 4162
"C:/Users/emanu/AppData/Local/UnrealEngine/Common/DerivedDataCache/Content/93/ff/7202530473e6d64bec899c3c065b377be133.udd" 4163
"C:/Users/emanu/AppData/Local/UnrealEngine/Common/DerivedDataCache/Buckets/LegacyAudio/45/5f/ec5ea59093550a575c6f6f95d203daf04e1e.udd" 4164
"C:/Users/emanu/AppData/Local/UnrealEngine/Common/DerivedDataCache/Content/ac/6b/1d45f299c43182090ea3f23fd98c6d923bd9.udd" 4165
"C:/Users/emanu/AppData/Local/UnrealEngine/Common/DerivedDataCache/Buckets/LegacyAudio/d2/1c/34d9c1eeb4717d53214298e449dd8fd5f3d5.udd" 4166
"C:/Users/emanu/AppData/Local/UnrealEngine/Common/DerivedDataCache/Content/43/73/120265002e50d5f2e0f084ad973bceec4060.udd" 4167
"C:/Users/emanu/AppData/Local/Temp/UnrealShaderWorkingDir/9A9F9F61460C7004192B6F97FA1E4D8E/1/WorkerOutputOnly.out" 4168
"C:/Users/emanu/AppData/Local/UnrealEngine/Common/DerivedDataCache/Buckets/LegacyAudio/97/26/cd8f6e8cd6cac350054053bf252e85b96bcf.udd" 4169
"C:/Users/emanu/AppData/Local/UnrealEngine/Common/DerivedDataCache/Content/12/a8/c6c7914018c804261b5dcb4e06d60ab141d8.udd" 4170
"C:/Users/emanu/AppData/Local/UnrealEngine/Common/DerivedDataCache/Buckets/LegacyAudio/5f/06/c9e9171774a92ab15907db5dfd29593b4d56.udd" 4171
"C:/Users/emanu/AppData/Local/UnrealEngine/Common/DerivedDataCache/Content/e8/ad/492099d27576a850a636d62153460f871aea.udd" 4172
"C:/Users/emanu/AppData/Local/UnrealEngine/Common/DerivedDataCache/Buckets/LegacyAudio/cb/d4/37ac340048532110e285f9b51be455e6837b.udd" 4173
"C:/Users/emanu/AppData/Local/UnrealEngine/Common/DerivedDataCache/Content/4b/02/0628bbbdf32a608a6ddffe3ac81d4cc6948d.udd" 4174
"C:/Users/emanu/AppData/Local/UnrealEngine/Common/DerivedDataCache/Buckets/LegacyAudio/be/ea/57de7872b08698e606d1eb5618f83cc56fd0.udd" 4175
"C:/Users/emanu/AppData/Local/UnrealEngine/Common/DerivedDataCache/Content/ee/35/3aff1a32466f520f9a939dea7a5d424cbdff.udd" 4176
"C:/Users/emanu/AppData/Local/UnrealEngine/Common/DerivedDataCache/Buckets/LegacyAudio/85/cf/f410d56278d0bf326be525f539df9f18d47e.udd" 4177
"C:/Users/emanu/AppData/Local/UnrealEngine/Common/DerivedDataCache/Content/cf/78/65f664ce46754260406bf5a32107550432fc.udd" 4178
"C:/Users/emanu/AppData/Local/UnrealEngine/Common/DerivedDataCache/Buckets/LegacyAudio/b1/97/abdcbef4c85f9496c669ae5e22569fa802f0.udd" 4179
"C:/Users/emanu/AppData/Local/UnrealEngine/Common/DerivedDataCache/Buckets/LegacyAudio/77/0d/1e0d2d2b1205e557976d551b06da7fa26bfe.udd" 4180
"C:/Users/emanu/AppData/Local/UnrealEngine/Common/DerivedDataCache/Buckets/LegacyAudio/7a/5a/70817eb66f00458843a7d78963c613abf17c.udd" 4181
"C:/Users/emanu/AppData/Local/UnrealEngine/Common/DerivedDataCache/Buckets/LegacyAudio/e1/68/2747a7ff3188ebac87c0f1936ab389131bf6.udd" 4182
"C:/Users/emanu/AppData/Local/UnrealEngine/Common/DerivedDataCache/Buckets/LegacyAudio/67/af/aa09603a343a9570af30ee13495f3fc63577.udd" 4183
"C:/Users/emanu/AppData/Local/UnrealEngine/Common/DerivedDataCache/Buckets/LegacyTEXTURE/49/30/d84f69abb4658ded9a76443d580b69a75a96.udd" 4184
"C:/Users/emanu/AppData/Local/UnrealEngine/Common/DerivedDataCache/Buckets/LegacyTEXTURE/f7/b0/0512d2e3d693ad19ff1938714f59bf7fd292.udd" 4185
"C:/Users/emanu/AppData/Local/UnrealEngine/Common/DerivedDataCache/Buckets/LegacyTEXTURE/ab/11/f39f5b4b489bb66f007ddd9ca5a35cc4c6b3.udd" 4186
"C:/Users/emanu/AppData/Local/UnrealEngine/Common/DerivedDataCache/Buckets/LegacyTEXTURE/2c/bc/adb77d0f8cccb7fa27a123b4a1ad55748f67.udd" 4187
"C:/Users/emanu/AppData/Local/UnrealEngine/Common/DerivedDataCache/Buckets/LegacyTEXTURE/7a/c7/94069ede29abeef40001b13d31df49db4367.udd" 4188
"C:/Users/emanu/AppData/Local/UnrealEngine/Common/DerivedDataCache/Buckets/LegacyTEXTURE/36/cb/a607b8444574586ccb4ce2704a46a3269104.udd" 4189
"C:/Users/emanu/AppData/Local/UnrealEngine/Common/DerivedDataCache/Buckets/LegacyTEXTURE/3c/bf/272b0a790e5017dc8cb507be7622d8be5e6c.udd" 4190
"C:/Users/emanu/AppData/Local/UnrealEngine/Common/DerivedDataCache/Buckets/LegacyTEXTURE/8a/a3/20cbd1c1a647d78aa603159f2cb0dfc7d5bf.udd" 4191
"C:/Users/emanu/AppData/Local/UnrealEngine/Common/DerivedDataCache/Buckets/LegacyTEXTURE/48/34/4fbe4691ff734e166de7f1c1d19b3f07d419.udd" 4192
"C:/Users/emanu/AppData/Local/UnrealEngine/Common/DerivedDataCache/Buckets/StaticMesh/f7/35/1184ef85f699b60dbcfa17209830fffb31a8.udd" 4193
"C:/Users/emanu/AppData/Local/UnrealEngine/Common/DerivedDataCache/Buckets/LegacyTEXTURE/7b/85/123c33c6b5cf486f440383c9974ec46c5317.udd" 4194
"C:/Users/emanu/AppData/Local/UnrealEngine/Common/DerivedDataCache/Buckets/StaticMesh/59/85/6d5e500abb13b48a1b7f52b314d641dcdf98.udd" 4195
"C:/Users/emanu/AppData/Local/UnrealEngine/Common/DerivedDataCache/Buckets/LegacyDIST/a2/78/1763f6b6458e396afa25a57ece14ed48f6ae.udd" 4196
"C:/Users/emanu/AppData/Local/UnrealEngine/Common/DerivedDataCache/Buckets/LegacyCARD/a7/77/81dd6da4e9719cbc9b291fcaef0ce786b9a7.udd" 4197
"C:/Users/emanu/AppData/Local/UnrealEngine/Common/DerivedDataCache/Buckets/LegacyDIST/1f/74/d328ea8f1cd2f14cad1afb4eb3f9203beaee.udd" 4198
"C:/Users/emanu/AppData/Local/UnrealEngine/Common/DerivedDataCache/Buckets/LegacyCARD/ef/90/97cf8a43fd807da8cb8b7d9526d000eb58bc.udd" 4199
"C:/Users/emanu/AppData/Local/UnrealEngine/Common/DerivedDataCache/Buckets/LegacyChaosGeometryData/86/6d/8912c07eff5e09fe749ea8ef0f936d81d686.udd" 4200
"C:/Users/emanu/AppData/Local/UnrealEngine/Common/DerivedDataCache/Buckets/StaticMesh/17/82/98c6fbc7a1658d432af832d498bdfa190dd9.udd" 4201
"C:/Users/emanu/AppData/Local/UnrealEngine/Common/DerivedDataCache/Buckets/StaticMesh/50/a4/a7d66ce4f95dcca5717a1052c7adb1b45cee.udd" 4202
"C:/Users/emanu/AppData/Local/UnrealEngine/Common/DerivedDataCache/Buckets/LegacyDIST/00/11/9a564f1ab041db4028f435c124372c406f9d.udd" 4203
"C:/Users/emanu/AppData/Local/UnrealEngine/Common/DerivedDataCache/Buckets/LegacyDIST/09/c1/8876ca2c0dc6d28f9d5de09ec3bc50b3d05a.udd" 4204
"C:/Users/emanu/AppData/Local/UnrealEngine/Common/DerivedDataCache/Buckets/LegacyCARD/2e/bd/23a109afbd5340f813703d51df6aeba21710.udd" 4205
"C:/Users/emanu/AppData/Local/UnrealEngine/Common/DerivedDataCache/Buckets/LegacyNavCollision/48/a7/eabda881d642d62c27fb64dbddf114a31df0.udd" 4206
"C:/Users/emanu/AppData/Local/UnrealEngine/Common/DerivedDataCache/Buckets/StaticMesh/4f/23/9ece06ef55440799642761897e8625faeea4.udd" 4207
"C:/Users/emanu/AppData/Local/UnrealEngine/Common/DerivedDataCache/Buckets/LegacyDIST/0c/45/b389d0dcb70b87007c25613dba0fba62eb43.udd" 4208
"C:/Users/emanu/AppData/Local/UnrealEngine/Common/DerivedDataCache/Buckets/LegacyCARD/3c/6b/652dae07e5cde6f5742c8e08402a919e06dd.udd" 4209
"C:/Users/emanu/AppData/Local/UnrealEngine/Common/DerivedDataCache/Buckets/LegacyChaosGeometryData/87/0a/669e5d76c5666c95e57fc870f2c407bb255b.udd" 4210
"C:/Users/emanu/AppData/Local/UnrealEngine/Common/DerivedDataCache/Buckets/LegacyCARD/74/e9/a4dbb3574d4eb0e65ff476e532cba642f1b6.udd" 4211
"C:/Users/emanu/AppData/Local/UnrealEngine/Common/DerivedDataCache/Buckets/LegacyNavCollision/61/96/7c2ecfe86cd3a26b99f30ff6b4e33342ddaa.udd" 4212
"C:/Users/emanu/AppData/Local/UnrealEngine/Common/DerivedDataCache/Buckets/AnimationSequence/aa/da/dc12bc607746a05820ef6ffe1646b363eeb0.udd" 4213
"C:/Users/emanu/AppData/Local/UnrealEngine/Common/DerivedDataCache/Buckets/AnimationSequence/2a/2b/748a9bc9f8ad8fce8430f1ca2491ae514add.udd" 4214
"C:/Users/emanu/AppData/Local/UnrealEngine/Common/DerivedDataCache/Buckets/AnimationSequence/b6/28/7dc3204d4a9169048555955adf12496e4c5f.udd" 4215
"C:/Users/emanu/AppData/Local/UnrealEngine/Common/DerivedDataCache/Buckets/AnimationSequence/07/1c/a70b79d9d1af80876eb82d650346305115ff.udd" 4216
"C:/Users/emanu/AppData/Local/UnrealEngine/Common/DerivedDataCache/Buckets/AnimationSequence/65/67/2b905f1529bce1b3a786c6c535364cad513c.udd" 4217
"C:/Users/emanu/AppData/Local/UnrealEngine/Common/DerivedDataCache/Buckets/StaticMesh/e1/8b/dd619574a5633f5c11875c3c5943b37aa819.udd" 4218
"C:/Users/emanu/AppData/Local/UnrealEngine/Common/DerivedDataCache/Buckets/LegacyDIST/e1/bb/da0a5e17aaaba2398a468b8cb12dd1397979.udd" 4219
"C:/Users/emanu/AppData/Local/UnrealEngine/Common/DerivedDataCache/Buckets/LegacyCARD/4a/89/cd2f6700ed8e7122e597a1121082323b6fc7.udd" 4220
"C:/Users/emanu/AppData/Local/UnrealEngine/Common/DerivedDataCache/Buckets/StaticMesh/6a/d4/38510c04393ed688a7eac3551956f01956cf.udd" 4221
"C:/Users/emanu/AppData/Local/UnrealEngine/Common/DerivedDataCache/Buckets/LegacyDIST/a0/79/e2a1d031ca39894c8999e8d96229e42cacd5.udd" 4222
"C:/Users/emanu/AppData/Local/UnrealEngine/Common/DerivedDataCache/Buckets/LegacyCARD/b2/98/f74c00edc84470ee39a46d08562c566967b0.udd" 4223
"C:/Users/emanu/AppData/Local/UnrealEngine/Common/DerivedDataCache/Buckets/LegacyNavCollision/38/5a/07e66afdba09a31d4c03d1395079ba88ae95.udd" 4224
"C:/Users/emanu/AppData/Local/UnrealEngine/Common/DerivedDataCache/Buckets/StaticMesh/ce/89/5b4d4d66b262b09dfd2917673ce159275876.udd" 4225
"C:/Users/emanu/AppData/Local/UnrealEngine/Common/DerivedDataCache/Buckets/LegacyDIST/90/2e/f93a8540f9d4fed90336f9d3ac6162c4aff8.udd" 4226
"C:/Users/emanu/AppData/Local/UnrealEngine/Common/DerivedDataCache/Buckets/LegacyCARD/50/6d/030c7ccaba4d6c2b40d50b6db5833742f1fd.udd" 4227
"C:/Users/emanu/AppData/Local/UnrealEngine/Common/DerivedDataCache/Buckets/StaticMesh/c9/53/978ca2cfd3e29c382823b75800bc012cc36f.udd" 4228
"C:/Users/emanu/AppData/Local/UnrealEngine/Common/DerivedDataCache/Buckets/LegacyDIST/d5/06/ca7a98d12fd75452fd4cc6a4b1915d2e1518.udd" 4229
"C:/Users/emanu/AppData/Local/UnrealEngine/Common/DerivedDataCache/Buckets/LegacyCARD/5f/51/453f50c02395849dd368684256d4a464fdf5.udd" 4230
"C:/Users/emanu/AppData/Local/UnrealEngine/Common/DerivedDataCache/Buckets/LegacyNavCollision/d3/2f/d7699283e939b94eca0b0265382f2f89d591.udd" 4231
"C:/Users/emanu/AppData/Local/UnrealEngine/Common/DerivedDataCache/Buckets/LegacyTEXTURE/d9/16/3d7880d29671d59cae9f036be846974654c3.udd" 4232
"C:/Users/emanu/AppData/Local/UnrealEngine/Common/DerivedDataCache/Buckets/LegacyTEXTURE/55/73/d0049a6e939b95a1ccefbbba8fe1cfd585b3.udd" 4233
"C:/Users/emanu/AppData/Local/UnrealEngine/Common/DerivedDataCache/Buckets/LegacyChaosGeometryData/bc/f5/a7bd3399d87310e2030da510a790c7fd84f3.udd" 4234
"C:/Users/emanu/AppData/Local/UnrealEngine/Common/DerivedDataCache/Buckets/LegacyChaosGeometryData/2c/14/1829a954d96f378a72aacabc259fe496b2bb.udd" 4235
"C:/Users/emanu/AppData/Local/UnrealEngine/Common/DerivedDataCache/Buckets/StaticMesh/9c/e1/21cbf5df933ad868b07f5282fd06d955874c.udd" 4236
"C:/Users/emanu/AppData/Local/UnrealEngine/Common/DerivedDataCache/Buckets/LegacyDIST/7a/6a/dc693179d7e33dc7d12d98b09ad303458824.udd" 4237
"C:/Users/emanu/AppData/Local/UnrealEngine/Common/DerivedDataCache/Buckets/LegacyCARD/fd/f3/baf2d9a92ab70045be1c1a2db327e44293f7.udd" 4238
"C:/Users/emanu/AppData/Local/UnrealEngine/Common/DerivedDataCache/Buckets/StaticMesh/70/02/4b1584e75086565c081d00529d4f15c4208f.udd" 4239
"C:/Users/emanu/AppData/Local/UnrealEngine/Common/DerivedDataCache/Buckets/LegacyDIST/60/76/7a12d784e0148b4bdc3b1035ff1029e727da.udd" 4240
"C:/Users/emanu/AppData/Local/UnrealEngine/Common/DerivedDataCache/Buckets/LegacyCARD/d0/54/83d74a8c6eb1142f479b3c38fb2e67b096e7.udd" 4241
"C:/Users/emanu/AppData/Local/UnrealEngine/Common/DerivedDataCache/Buckets/AnimationSequence/ed/75/8335107e0a79f9c3c254a9caa9059ae493f3.udd" 4242
"C:/Users/emanu/AppData/Local/UnrealEngine/Common/DerivedDataCache/Buckets/AnimationSequence/cc/8c/58daab9d140a8c17ee5c8c1c31c7d199920d.udd" 4243
"C:/Users/emanu/AppData/Local/UnrealEngine/Common/DerivedDataCache/Buckets/AnimationSequence/4c/5e/00efe681e92903aadecb518438d74f3bdc03.udd" 4244
"C:/Users/emanu/AppData/Local/UnrealEngine/Common/DerivedDataCache/Buckets/StaticMesh/58/78/88b617a11696534c49b459da139db4811b49.udd" 4245
"C:/Users/emanu/AppData/Local/UnrealEngine/Common/DerivedDataCache/Buckets/LegacyDIST/f4/56/b047729a677c1935904616b133176c8b1387.udd" 4246
"C:/Users/emanu/AppData/Local/UnrealEngine/Common/DerivedDataCache/Buckets/LegacyCARD/8e/22/4663de8c387c85fd1c7c506418e82ea83a99.udd" 4247
"C:/Users/emanu/AppData/Local/UnrealEngine/Common/DerivedDataCache/Buckets/StaticMesh/b7/c9/afce187bec3fa7909c417766fcd825de8c83.udd" 4248
"C:/Users/emanu/AppData/Local/UnrealEngine/Common/DerivedDataCache/Buckets/LegacyDIST/d9/be/ce165e3cce9018ff9c519aba3b084e285102.udd" 4249
"C:/Users/emanu/AppData/Local/UnrealEngine/Common/DerivedDataCache/Buckets/LegacyCARD/97/8b/2124ae48c48a544b28ffb578863fb14b4c75.udd" 4250
"C:/Users/emanu/AppData/Local/UnrealEngine/Common/DerivedDataCache/Buckets/StaticMesh/43/c8/d6d8d7d1da847e2b038aa198c0463fb401e7.udd" 4251
"C:/Users/emanu/AppData/Local/UnrealEngine/Common/DerivedDataCache/Buckets/LegacyDIST/02/e5/5cfe55029c05492476adbd0619eb16023d15.udd" 4252
"C:/Users/emanu/AppData/Local/UnrealEngine/Common/DerivedDataCache/Buckets/LegacyCARD/3c/b8/30dd49e4621fe152325c2a59502b7bcb9bf6.udd" 4253
"C:/Users/emanu/AppData/Local/UnrealEngine/Common/DerivedDataCache/Buckets/StaticMesh/21/95/46c7140731b316964d6ad0010bf335dbae6f.udd" 4254
"C:/Users/emanu/AppData/Local/UnrealEngine/Common/DerivedDataCache/Buckets/StaticMesh/e0/be/70000a2feeb4af2ef7b96a5e2e30d8910b12.udd" 4255
"C:/Users/emanu/AppData/Local/UnrealEngine/Common/DerivedDataCache/Buckets/LegacyDIST/2e/82/e9b92992ab745cd9ef3a38c4c007cc612c26.udd" 4256
"C:/Users/emanu/AppData/Local/UnrealEngine/Common/DerivedDataCache/Buckets/LegacyDIST/f9/3d/5d27585132d6f1f6ec7cf8e976d58877f206.udd" 4257
"C:/Users/emanu/AppData/Local/UnrealEngine/Common/DerivedDataCache/Buckets/LegacyCARD/a0/60/644345eea347c187e3c0068f30593abf54bd.udd" 4258
"C:/Users/emanu/AppData/Local/UnrealEngine/Common/DerivedDataCache/Buckets/LegacyCARD/ae/ec/bab4a15e822341e578ac6b40a940cb697b02.udd" 4259
"C:/Users/emanu/AppData/Local/UnrealEngine/Common/DerivedDataCache/Buckets/LegacyNavCollision/46/31/4920f35ddb881c53b3d3b25e3e7a59b77a5d.udd" 4260
"C:/Users/emanu/AppData/Local/UnrealEngine/Common/DerivedDataCache/Buckets/StaticMesh/b2/08/b9a9f8bb28f520d14125116ada570a251a23.udd" 4261
"C:/Users/emanu/AppData/Local/UnrealEngine/Common/DerivedDataCache/Buckets/StaticMesh/16/48/4995d9543fe03cc31a8216b3dc4192e61cdd.udd" 4262
"C:/Users/emanu/AppData/Local/UnrealEngine/Common/DerivedDataCache/Buckets/LegacyDIST/15/2b/5413f3c977e90b652063c1be576e11daacce.udd" 4263
"C:/Users/emanu/AppData/Local/UnrealEngine/Common/DerivedDataCache/Buckets/LegacyDIST/02/8b/40f98c7f0f76a962bca2aad6dc15a01ed53c.udd" 4264
"C:/Users/emanu/AppData/Local/UnrealEngine/Common/DerivedDataCache/Buckets/LegacyCARD/bf/71/4f57c94b3125fbffd6ba8df333150e00a65f.udd" 4265
"C:/Users/emanu/AppData/Local/UnrealEngine/Common/DerivedDataCache/Buckets/LegacyCARD/35/83/1419dab73697f4437da939a9f6f92645eb6f.udd" 4266
"C:/Users/emanu/AppData/Local/UnrealEngine/Common/DerivedDataCache/Buckets/LegacyTEXTURE/c6/97/39f2ff8b25122b0b1ac2a7fadd7255e3fd82.udd" 4267
"C:/Users/emanu/AppData/Local/UnrealEngine/Common/DerivedDataCache/Buckets/LegacyTEXTURE/bd/4d/6ce17cfad89a6402b49197c1854d5b9a0df8.udd" 4268
"C:/Users/emanu/AppData/Local/UnrealEngine/Common/DerivedDataCache/Buckets/LegacyTEXTURE/98/82/0e9ed19601780614f10fabfab42906774c4b.udd" 4269
"C:/Users/emanu/AppData/Local/UnrealEngine/Common/DerivedDataCache/Buckets/LegacyTEXTURE/58/e6/52a745d231317f6a2ce3b4640feb440b658a.udd" 4270
"C:/Users/emanu/AppData/Local/UnrealEngine/Common/DerivedDataCache/Buckets/LegacyTEXTURE/83/b4/c09fd736f668edb14b9e8c259463591cb3ed.udd" 4271
"C:/Users/emanu/AppData/Local/UnrealEngine/Common/DerivedDataCache/Buckets/LegacyTEXTURE/52/32/d7817e86fa0385dfab565a2f2b90da622475.udd" 4272
"C:/Users/emanu/AppData/Local/UnrealEngine/Common/DerivedDataCache/Buckets/LegacyTEXTURE/79/f2/27bc8d18f08ef69c09672412be174061378a.udd" 4273
"C:/Users/emanu/AppData/Local/UnrealEngine/Common/DerivedDataCache/Buckets/LegacyTEXTURE/cb/f9/f73b48fc6125447a9ddbacc97d1e87097a12.udd" 4274
"C:/Users/emanu/AppData/Local/UnrealEngine/Common/DerivedDataCache/Buckets/LegacyTEXTURE/e5/7a/cb75bb3a3c86f611cd94797d8b091084a581.udd" 4275
"C:/Users/emanu/AppData/Local/UnrealEngine/Common/DerivedDataCache/Buckets/LegacyTEXTURE/e9/90/047ba85716c7075cdffe9793372f671a6f3a.udd" 4276
"C:/Users/emanu/AppData/Local/UnrealEngine/Common/DerivedDataCache/Buckets/StaticMesh/9a/f1/635357f1745e444f7fe393da3bc863d5eacf.udd" 4277
"C:/Users/emanu/AppData/Local/UnrealEngine/Common/DerivedDataCache/Buckets/StaticMesh/f3/fd/89529a546da6fa1b0c3ff799626703b31e06.udd" 4278
"C:/Users/emanu/AppData/Local/UnrealEngine/Common/DerivedDataCache/Buckets/LegacyDIST/f4/24/c62ee15c7f015c4f5438379157e2b8c75410.udd" 4279
"C:/Users/emanu/AppData/Local/UnrealEngine/Common/DerivedDataCache/Buckets/LegacyCARD/08/69/aa60345d7ba9f31b661683e6b6f122f0961b.udd" 4280
"C:/Users/emanu/AppData/Local/UnrealEngine/Common/DerivedDataCache/Buckets/StaticMesh/fe/2e/0182cfd5f7c79c2623e70f178e606c95c57f.udd" 4281
"C:/Users/emanu/AppData/Local/UnrealEngine/Common/DerivedDataCache/Buckets/LegacyDIST/f8/c5/8b143632bc8b2cbe417e89b4e03e6ff76d35.udd" 4282
"C:/Users/emanu/AppData/Local/UnrealEngine/Common/DerivedDataCache/Buckets/LegacyCARD/c4/26/91cb4a70950a98f03f07324e4fbc6efc870a.udd" 4283
"C:/Users/emanu/AppData/Local/UnrealEngine/Common/DerivedDataCache/Buckets/LegacyDIST/0a/11/8ff0d23373a6e45616ac654077721d9d4a3f.udd" 4284
"C:/Users/emanu/AppData/Local/UnrealEngine/Common/DerivedDataCache/Buckets/LegacyCARD/f2/d6/71e3d7361dea3a192fde893ad539829ae164.udd" 4285
"C:/Users/emanu/AppData/Local/UnrealEngine/Common/DerivedDataCache/Buckets/StaticMesh/92/7b/bb0c0335ddb0c936b06e19aaa6404d126d2f.udd" 4286
"C:/Users/emanu/AppData/Local/UnrealEngine/Common/DerivedDataCache/Buckets/StaticMesh/7b/b3/9fc87668fd5e8c3f6e57b47c37b93d97b480.udd" 4287
"C:/Users/emanu/AppData/Local/UnrealEngine/Common/DerivedDataCache/Buckets/LegacyDIST/dd/2a/693a04e9aae3534bdf7ab5d91f42079a56fe.udd" 4288
"C:/Users/emanu/AppData/Local/UnrealEngine/Common/DerivedDataCache/Buckets/LegacyCARD/1d/15/74bbec12f6df9830de11c59f80841faafe5e.udd" 4289
"C:/Users/emanu/AppData/Local/UnrealEngine/Common/DerivedDataCache/Buckets/LegacyDIST/0b/60/5687d2266190646cbef9f38115de6f708273.udd" 4290
"C:/Users/emanu/AppData/Local/UnrealEngine/Common/DerivedDataCache/Buckets/LegacyCARD/0e/20/8047f484171d7780b19f426a1e8da3be98f9.udd" 4291
"C:/Users/emanu/AppData/Local/UnrealEngine/Common/DerivedDataCache/Buckets/LegacyTEXTURE/df/eb/a061c44d38bc3a72c2162c8aa1ecd6cd7569.udd" 4292
"C:/Users/emanu/AppData/Local/UnrealEngine/Common/DerivedDataCache/Buckets/LegacyTEXTURE/37/05/88afa9710c5a9ed5f561bcfec4a9c3ba78d3.udd" 4293
"C:/Users/emanu/AppData/Local/UnrealEngine/Common/DerivedDataCache/Buckets/StaticMesh/7d/7e/ff3ed137fb2c723d55099b895644a361f0f6.udd" 4294
"C:/Users/emanu/AppData/Local/UnrealEngine/Common/DerivedDataCache/Buckets/StaticMesh/cf/3e/8e7e5a442218211cdd742e5a898a10e6dfc0.udd" 4295
"C:/Users/emanu/AppData/Local/UnrealEngine/Common/DerivedDataCache/Buckets/LegacyDIST/64/5b/fe2eb7d665e773cc1830db06c7f9687dcbfd.udd" 4296
"C:/Users/emanu/AppData/Local/UnrealEngine/Common/DerivedDataCache/Buckets/LegacyDIST/61/30/3cc2d58f92516c9a32c6eb17b33f6e3c5022.udd" 4297
"C:/Users/emanu/AppData/Local/UnrealEngine/Common/DerivedDataCache/Buckets/LegacyCARD/87/97/ed895af3a5b10c4847040ea1d0efe138669a.udd" 4298
"C:/Users/emanu/AppData/Local/UnrealEngine/Common/DerivedDataCache/Buckets/LegacyCARD/11/88/04952321cc93c6f8f4ef52a67810a0644866.udd" 4299
"C:/Users/emanu/AppData/Local/UnrealEngine/Common/DerivedDataCache/Buckets/StaticMesh/4c/aa/12b35764df6b2cab9d7a1199a4e0e992a696.udd" 4300
"C:/Users/emanu/AppData/Local/UnrealEngine/Common/DerivedDataCache/Buckets/StaticMesh/77/91/6fd8f1378f63bd8ef87387b34ae04ea4db18.udd" 4301
"C:/Users/emanu/AppData/Local/UnrealEngine/Common/DerivedDataCache/Buckets/LegacyDIST/06/d1/42633425155c128a5335fbee161435471c4e.udd" 4302
"C:/Users/emanu/AppData/Local/UnrealEngine/Common/DerivedDataCache/Buckets/LegacyDIST/06/05/136f44dfd618343763e8473aff7977654799.udd" 4303
"C:/Users/emanu/AppData/Local/UnrealEngine/Common/DerivedDataCache/Buckets/LegacyCARD/b5/8a/76592a9e463377530e668bf57f06de38dbd6.udd" 4304
"C:/Users/emanu/AppData/Local/UnrealEngine/Common/DerivedDataCache/Buckets/LegacyCARD/d6/0a/d502cff3b310682b4be9cd8d2f7aa12919a2.udd" 4305
"C:/Users/emanu/AppData/Local/UnrealEngine/Common/DerivedDataCache/Buckets/StaticMesh/df/7a/d1ec516e7b41a4bd65ffdb5035ffeb9359c3.udd" 4306
"C:/Users/emanu/AppData/Local/UnrealEngine/Common/DerivedDataCache/Buckets/StaticMesh/1e/24/fcd94b11db3956273ca9ba864df771f1435b.udd" 4307
"C:/Users/emanu/AppData/Local/UnrealEngine/Common/DerivedDataCache/Buckets/LegacyDIST/3b/12/a1d0e411c80a70703c9c71d211eaca93ee60.udd" 4308
"C:/Users/emanu/AppData/Local/UnrealEngine/Common/DerivedDataCache/Buckets/LegacyDIST/34/60/e8dcd5e64a330c841c4cbc651594eb954a43.udd" 4309
"C:/Users/emanu/AppData/Local/UnrealEngine/Common/DerivedDataCache/Buckets/LegacyCARD/3b/eb/47b6bfe82e657b09cb2e87d3decb1503ba9f.udd" 4310
"C:/Users/emanu/AppData/Local/UnrealEngine/Common/DerivedDataCache/Buckets/LegacyCARD/9b/8b/c4888ed68248798507527ae70622229c6906.udd" 4311
"C:/Users/emanu/AppData/Local/UnrealEngine/Common/DerivedDataCache/Buckets/StaticMesh/77/cb/0ee4f7d3d652fb191a8b1cf196160d3af0ce.udd" 4312
"C:/Users/emanu/AppData/Local/UnrealEngine/Common/DerivedDataCache/Buckets/StaticMesh/6f/5f/b8324d90fcf11d2cc76ac154a74a08e97dc8.udd" 4313
"C:/Users/emanu/AppData/Local/UnrealEngine/Common/DerivedDataCache/Buckets/LegacyDIST/98/26/5bcb432fa8f55c5abe4fb409e6577db7ca2f.udd" 4314
"C:/Users/emanu/AppData/Local/UnrealEngine/Common/DerivedDataCache/Buckets/LegacyDIST/01/59/499ced1d9e74794bb8a987c9cfc7c3585a8f.udd" 4315
"C:/Users/emanu/AppData/Local/UnrealEngine/Common/DerivedDataCache/Buckets/LegacyCARD/1b/03/b996e9023b102f059a5e5ada00a67f2e7302.udd" 4316
"C:/Users/emanu/AppData/Local/UnrealEngine/Common/DerivedDataCache/Buckets/LegacyCARD/cd/22/818547e7f5bf4f6aa86b687d0dd9fc7bb69f.udd" 4317
"C:/Users/emanu/AppData/Local/UnrealEngine/Common/DerivedDataCache/Buckets/LegacyTEXTURE/f0/05/977ee9a5ee3fe25bc6608c7593fcac71965a.udd" 4318
"C:/Users/emanu/AppData/Local/UnrealEngine/Common/DerivedDataCache/Buckets/LegacyTEXTURE/85/79/c45a172d229cdaab4fccf9a8802e9bdc1b0f.udd" 4319
"C:/Users/emanu/AppData/Local/UnrealEngine/Common/DerivedDataCache/Buckets/LegacyTEXTURE/3f/b7/52fc578ada82914bc5c543400e69b42798fc.udd" 4320
"C:/Users/emanu/AppData/Local/UnrealEngine/Common/DerivedDataCache/Buckets/LegacyTEXTURE/2b/60/3393b2b83c7cccbf89dc35f1ecd5fcb6b588.udd" 4321
"C:/Users/emanu/AppData/Local/UnrealEngine/Common/DerivedDataCache/Buckets/LegacyTEXTURE/ed/9f/3a342372a2286b66a6ac9c92fe275c808cb9.udd" 4322
"C:/Users/emanu/AppData/Local/UnrealEngine/Common/DerivedDataCache/Buckets/StaticMesh/b7/bf/9e73f99840c098ba36b436986b18a512ae64.udd" 4323
"C:/Users/emanu/AppData/Local/UnrealEngine/Common/DerivedDataCache/Buckets/StaticMesh/7a/da/63b5182746345aad8086efde0853a2706184.udd" 4324
"C:/Users/emanu/AppData/Local/UnrealEngine/Common/DerivedDataCache/Buckets/LegacyDIST/58/15/2db7108155b8e75d1ac6acdff7d50637336d.udd" 4325
"C:/Users/emanu/AppData/Local/UnrealEngine/Common/DerivedDataCache/Buckets/LegacyDIST/a4/26/1b15b1d1073dc9746e2692f4a0bd6279ecf4.udd" 4326
"C:/Users/emanu/AppData/Local/UnrealEngine/Common/DerivedDataCache/Buckets/LegacyCARD/7d/4c/7db657b04173405a18a76ba3f697669e74bb.udd" 4327
"C:/Users/emanu/AppData/Local/UnrealEngine/Common/DerivedDataCache/Buckets/LegacyCARD/ad/0a/e1473ff01f660e06c2a70901b5c5ec077405.udd" 4328
"C:/Users/emanu/AppData/Local/UnrealEngine/Common/DerivedDataCache/Buckets/StaticMesh/a2/27/292392d94bb3a7e63f4754f9bc2a4be5eb24.udd" 4329
"C:/Users/emanu/AppData/Local/UnrealEngine/Common/DerivedDataCache/Buckets/LegacyDIST/60/1b/388a45c3e4f58affb4d833a542f52c15fd7b.udd" 4330
"C:/Users/emanu/AppData/Local/UnrealEngine/Common/DerivedDataCache/Buckets/LegacyCARD/b7/30/4455968efbcdb64f17d994329182771c800e.udd" 4331
"C:/Users/emanu/AppData/Local/UnrealEngine/Common/DerivedDataCache/Buckets/StaticMesh/f0/4d/7524ac5dde67b224951bf4908e4aeffd09c6.udd" 4332
"C:/Users/emanu/AppData/Local/UnrealEngine/Common/DerivedDataCache/Buckets/StaticMesh/1f/b8/0967b75f7f80d6c8e4a0e4131f117c9b8d8d.udd" 4333
"C:/Users/emanu/AppData/Local/UnrealEngine/Common/DerivedDataCache/Buckets/LegacyDIST/91/7a/c53c8189f6b8a01b45e0b2504dad4d797fcd.udd" 4334
"C:/Users/emanu/AppData/Local/UnrealEngine/Common/DerivedDataCache/Buckets/LegacyDIST/78/bb/d09b0761311a69e9e51d785755524d521a1b.udd" 4335
"C:/Users/emanu/AppData/Local/UnrealEngine/Common/DerivedDataCache/Buckets/LegacyCARD/0f/dc/4ca7b87770f7d96eb47810dd0e9669e1cd78.udd" 4336
"C:/Users/emanu/AppData/Local/UnrealEngine/Common/DerivedDataCache/Buckets/LegacyCARD/24/05/bfc7a167d3f065f31475f7af2501791c863e.udd" 4337
"C:/Users/emanu/AppData/Local/UnrealEngine/Common/DerivedDataCache/Buckets/StaticMesh/c3/1e/7959cb5013d0322eb5622b00af85d43fc9c9.udd" 4338
"C:/Users/emanu/AppData/Local/UnrealEngine/Common/DerivedDataCache/Buckets/StaticMesh/67/d0/1d805894c2f977870875c54c1bdaabdb4a80.udd" 4339
"C:/Users/emanu/AppData/Local/UnrealEngine/Common/DerivedDataCache/Buckets/LegacyDIST/89/5c/b52c93b383e7bfb445d745017e4cd5bb9dfb.udd" 4340
"C:/Users/emanu/AppData/Local/UnrealEngine/Common/DerivedDataCache/Buckets/LegacyDIST/89/de/8362f27f96c329873f2c4a12f8d21a8e61b2.udd" 4341
"C:/Users/emanu/AppData/Local/UnrealEngine/Common/DerivedDataCache/Buckets/LegacyCARD/e0/59/44ef1db64af06b68854fa02232f89f9c9f28.udd" 4342
"C:/Users/emanu/AppData/Local/UnrealEngine/Common/DerivedDataCache/Buckets/LegacyCARD/3a/ec/c8d91650303fdb2e475f2efa9e45d4291e39.udd" 4343
"C:/Users/emanu/AppData/Local/UnrealEngine/Common/DerivedDataCache/Buckets/StaticMesh/8b/26/a0969bdb7fef121d213dc2f2a2996a68bdb5.udd" 4344
"C:/Users/emanu/AppData/Local/UnrealEngine/Common/DerivedDataCache/Buckets/StaticMesh/bb/c7/f4475b1499fc94ec5d034270c235ed24116b.udd" 4345
"C:/Users/emanu/AppData/Local/UnrealEngine/Common/DerivedDataCache/Buckets/LegacyDIST/37/11/23a047cf77cf7f797a50c73d0173dc82bd49.udd" 4346
"C:/Users/emanu/AppData/Local/UnrealEngine/Common/DerivedDataCache/Buckets/LegacyDIST/1e/95/d9b8008a08f029beb0fc1659b36ea1186491.udd" 4347
"C:/Users/emanu/AppData/Local/UnrealEngine/Common/DerivedDataCache/Buckets/LegacyCARD/7b/ed/21614da43535d0461d3a1234f7512b3f6743.udd" 4348
"C:/Users/emanu/AppData/Local/UnrealEngine/Common/DerivedDataCache/Buckets/LegacyCARD/cc/47/8b59e010cb4689c16364d60cea0434479743.udd" 4349
"C:/Users/emanu/AppData/Local/UnrealEngine/Common/DerivedDataCache/Buckets/StaticMesh/a4/77/777f5bbb1a20ee01d1b699d45800e165422d.udd" 4350
"C:/Users/emanu/AppData/Local/UnrealEngine/Common/DerivedDataCache/Buckets/StaticMesh/9f/65/ed5f2223034a95d913a3015069183471c1d0.udd" 4351
"C:/Users/emanu/AppData/Local/UnrealEngine/Common/DerivedDataCache/Buckets/LegacyDIST/c0/b9/7f394e41cbd15f22f4bd9519985da51d71f4.udd" 4352
"C:/Users/emanu/AppData/Local/UnrealEngine/Common/DerivedDataCache/Buckets/LegacyDIST/05/ab/e1493e22d5fbfdf3310ad29f37a8fdbb0d28.udd" 4353
"C:/Users/emanu/AppData/Local/UnrealEngine/Common/DerivedDataCache/Buckets/LegacyCARD/ab/48/9776efa24e9e1ea3d281f79d61960cf187a1.udd" 4354
"C:/Users/emanu/AppData/Local/UnrealEngine/Common/DerivedDataCache/Buckets/LegacyCARD/7e/f5/965445ad4ccd74ebdeb850d6ebed8d3a7c24.udd" 4355
"C:/Users/emanu/AppData/Local/UnrealEngine/Common/DerivedDataCache/Buckets/StaticMesh/97/80/b65847574b7ae1e7d900d005b7915d3e1d1d.udd" 4356
"C:/Users/emanu/AppData/Local/UnrealEngine/Common/DerivedDataCache/Buckets/StaticMesh/24/b2/26d127b5a070f364886ab1a2285f95e4054d.udd" 4357
"C:/Users/emanu/AppData/Local/UnrealEngine/Common/DerivedDataCache/Buckets/LegacyDIST/88/f4/5f4e92341b3ec43fdae826d295c2bcf160a8.udd" 4358
"C:/Users/emanu/AppData/Local/UnrealEngine/Common/DerivedDataCache/Buckets/LegacyDIST/6f/8b/deb43f50c7ba1bd4fc7e4f37f24b482e3ccc.udd" 4359
"C:/Users/emanu/AppData/Local/UnrealEngine/Common/DerivedDataCache/Buckets/LegacyCARD/f1/21/c340e36cab0c659e56a74d3f336a4bc015e1.udd" 4360
"C:/Users/emanu/AppData/Local/UnrealEngine/Common/DerivedDataCache/Buckets/LegacyCARD/ed/c4/1b79264c07b741d9db45d6232d669cd0a7ee.udd" 4361
"C:/Users/emanu/AppData/Local/UnrealEngine/Common/DerivedDataCache/Buckets/StaticMesh/e5/5e/29ab58f138bf57250a3e4ea0cb17cf797499.udd" 4362
"C:/Users/emanu/AppData/Local/UnrealEngine/Common/DerivedDataCache/Buckets/StaticMesh/ce/41/a66bcdb50c82d9c01efdca381b18d19a046a.udd" 4363
"C:/Users/emanu/AppData/Local/UnrealEngine/Common/DerivedDataCache/Buckets/LegacyDIST/97/10/dea931772cebaaeb62ee576601803e5af5bc.udd" 4364
"C:/Users/emanu/AppData/Local/UnrealEngine/Common/DerivedDataCache/Buckets/LegacyCARD/e9/25/c8e5c522074706c6a9af84069f86d3a1ce11.udd" 4365
"C:/Users/emanu/AppData/Local/UnrealEngine/Common/DerivedDataCache/Buckets/LegacyDIST/4b/a0/4902fbd05f89ac1a62c8a0f0597da8006f80.udd" 4366
"C:/Users/emanu/AppData/Local/UnrealEngine/Common/DerivedDataCache/Buckets/StaticMesh/8c/7a/6ca7d7e0d459f731f68cfc37f2afea73ea4a.udd" 4367
"C:/Users/emanu/AppData/Local/UnrealEngine/Common/DerivedDataCache/Buckets/LegacyCARD/b7/87/361f33fe5aa09f88201ac8415a235a5575f8.udd" 4368
"C:/Users/emanu/AppData/Local/UnrealEngine/Common/DerivedDataCache/Buckets/LegacyDIST/30/98/0769aff391522d3863528c509191a34906b7.udd" 4369
"C:/Users/emanu/AppData/Local/UnrealEngine/Common/DerivedDataCache/Buckets/StaticMesh/df/90/1de40197d6a25db0f10e0036a1bb43080791.udd" 4370
"C:/Users/emanu/AppData/Local/UnrealEngine/Common/DerivedDataCache/Buckets/LegacyCARD/03/8c/4da53a67fecdaf23d8e4aecd023a781ecd3e.udd" 4371
"C:/Users/emanu/AppData/Local/UnrealEngine/Common/DerivedDataCache/Buckets/LegacyDIST/87/23/51af4a260fbc7bba170653ad335c98d363b1.udd" 4372
"C:/Users/emanu/AppData/Local/UnrealEngine/Common/DerivedDataCache/Buckets/LegacyCARD/c8/d1/bfdd9f5ad7da86c544131701fbf5d4f59795.udd" 4373
"C:/Users/emanu/AppData/Local/UnrealEngine/Common/DerivedDataCache/Buckets/StaticMesh/f6/7d/d0707bd2aaef5b389879d3d35861fa938d66.udd" 4374
"C:/Users/emanu/AppData/Local/UnrealEngine/Common/DerivedDataCache/Buckets/LegacyDIST/f5/73/7b3fbb2187a16b2f41ab93a4abefeb98b06a.udd" 4375
"C:/Users/emanu/AppData/Local/UnrealEngine/Common/DerivedDataCache/Buckets/StaticMesh/d2/fb/8dee7703852ec764540bdbd957bf4efb9454.udd" 4376
"C:/Users/emanu/AppData/Local/UnrealEngine/Common/DerivedDataCache/Buckets/LegacyCARD/e8/02/1ebcfaba43889b113eea488acd6199672069.udd" 4377
"C:/Users/emanu/AppData/Local/UnrealEngine/Common/DerivedDataCache/Buckets/LegacyDIST/41/91/34e6a45606011bd3cfd38c1cce9fd561a3be.udd" 4378
"C:/Users/emanu/AppData/Local/UnrealEngine/Common/DerivedDataCache/Buckets/LegacyCARD/9a/b4/f255e2f78b083f37125fd83668a459544e99.udd" 4379
"C:/Users/emanu/AppData/Local/UnrealEngine/Common/DerivedDataCache/Buckets/StaticMesh/71/ea/fe70e96c7e2b19625ddff9fc3c5e064d0858.udd" 4380
"C:/Users/emanu/AppData/Local/UnrealEngine/Common/DerivedDataCache/Buckets/StaticMesh/d1/cd/efa09ac48a5b44289b9436b6b1bc06076c41.udd" 4381
"C:/Users/emanu/AppData/Local/UnrealEngine/Common/DerivedDataCache/Buckets/LegacyDIST/2d/ae/2ea994e9e2a4ad7f3023d80018c7c0a1777e.udd" 4382
"C:/Users/emanu/AppData/Local/UnrealEngine/Common/DerivedDataCache/Buckets/LegacyDIST/58/93/c4134c7dfe03514690d6e40422760eff0c3f.udd" 4383
"C:/Users/emanu/AppData/Local/UnrealEngine/Common/DerivedDataCache/Buckets/LegacyCARD/5a/5c/1fe7e75ce090df5c0a9614c2f2028b314ed7.udd" 4384
"C:/Users/emanu/AppData/Local/UnrealEngine/Common/DerivedDataCache/Buckets/LegacyCARD/dc/37/43ffcbd84d2775a088b5509ca2fa45c1156f.udd" 4385
"C:/Users/emanu/AppData/Local/UnrealEngine/Common/DerivedDataCache/Buckets/StaticMesh/33/e4/5180d71c5b09c1e86f489dba396f370022aa.udd" 4386
"C:/Users/emanu/AppData/Local/UnrealEngine/Common/DerivedDataCache/Buckets/StaticMesh/cc/39/f11e4bbbdb4579d72da2c786404d80911d2b.udd" 4387
"C:/Users/emanu/AppData/Local/UnrealEngine/Common/DerivedDataCache/Buckets/LegacyDIST/43/f1/38f9e321036d3024e5b1cb0069c89d371740.udd" 4388
"C:/Users/emanu/AppData/Local/UnrealEngine/Common/DerivedDataCache/Buckets/LegacyDIST/fb/54/d630e0d17f7aa6c087eeff059a7f39a66f1d.udd" 4389
"C:/Users/emanu/AppData/Local/UnrealEngine/Common/DerivedDataCache/Buckets/LegacyCARD/da/29/d8f7a1685da779c1f67c25a413247bbeb58c.udd" 4390
"C:/Users/emanu/AppData/Local/UnrealEngine/Common/DerivedDataCache/Buckets/LegacyCARD/7c/7c/1d35e7737f6bfddbba9f93474b0512bd5636.udd" 4391
"C:/Users/emanu/AppData/Local/UnrealEngine/Common/DerivedDataCache/Buckets/StaticMesh/b6/9c/1f883dbd2bfd4fad3d1988f5e6504d4acc99.udd" 4392
"C:/Users/emanu/AppData/Local/UnrealEngine/Common/DerivedDataCache/Buckets/StaticMesh/e1/ae/35519317bb4b836820f0fa19007d6ff81c03.udd" 4393
"C:/Users/emanu/AppData/Local/UnrealEngine/Common/DerivedDataCache/Buckets/LegacyDIST/a5/42/8d1e7192b1d4ed765caada81d2752c5ae636.udd" 4394
"C:/Users/emanu/AppData/Local/UnrealEngine/Common/DerivedDataCache/Buckets/LegacyDIST/23/a3/ec547970cbb68bb095b362cd4c58c11ef114.udd" 4395
"C:/Users/emanu/AppData/Local/UnrealEngine/Common/DerivedDataCache/Buckets/LegacyCARD/14/2f/37b51c032270dd337f3ecba3db95c5a0ccbe.udd" 4396
"C:/Users/emanu/AppData/Local/UnrealEngine/Common/DerivedDataCache/Buckets/LegacyCARD/0f/bb/8aee4bea71c6eb250c77f58ae4604febcf06.udd" 4397
"C:/Users/emanu/AppData/Local/UnrealEngine/Common/DerivedDataCache/Buckets/StaticMesh/3c/67/6739eb42613534e4ac43daf36d6fc3b3db55.udd" 4398
"C:/Users/emanu/AppData/Local/UnrealEngine/Common/DerivedDataCache/Buckets/StaticMesh/cc/10/f5b00ffa2949c0f4c6c87075a7042c227c3c.udd" 4399
"C:/Users/emanu/AppData/Local/UnrealEngine/Common/DerivedDataCache/Buckets/LegacyDIST/31/60/d4d904c301706d762e9b291ced0dc6ce8dd9.udd" 4400
"C:/Users/emanu/AppData/Local/UnrealEngine/Common/DerivedDataCache/Buckets/LegacyCARD/7c/d1/6cef0f7dd244e69cc8eb1a77e06744c204d8.udd" 4401
"C:/Users/emanu/AppData/Local/UnrealEngine/Common/DerivedDataCache/Buckets/LegacyDIST/76/9d/84bc1fd9d3a6c829e5d9be7ebe10b43be4e1.udd" 4402
"C:/Users/emanu/AppData/Local/UnrealEngine/Common/DerivedDataCache/Buckets/LegacyCARD/e6/68/92635a9bc07df8fb2043953ea6d677e573fa.udd" 4403
"C:/Users/emanu/AppData/Local/UnrealEngine/Common/DerivedDataCache/Buckets/StaticMesh/f2/79/a4c95cad3a30f4eaf11c369d66ab936fd8a2.udd" 4404
"C:/Users/emanu/AppData/Local/UnrealEngine/Common/DerivedDataCache/Buckets/LegacyDIST/a5/15/6b88d92a8ce97376a307a4f02b9ef591b58b.udd" 4405
"C:/Users/emanu/AppData/Local/UnrealEngine/Common/DerivedDataCache/Buckets/LegacyCARD/7f/92/64da046f885db48b95e40633ab414c4ac373.udd" 4406
"C:/Users/emanu/AppData/Local/UnrealEngine/Common/DerivedDataCache/Buckets/StaticMesh/f1/0b/5b7c2d93ef537a5036038d72b34c144e44e0.udd" 4407
"C:/Users/emanu/AppData/Local/UnrealEngine/Common/DerivedDataCache/Buckets/LegacyDIST/38/c2/4edc19197c8ecc42bd81f528dcf1403dfd2b.udd" 4408
"C:/Users/emanu/AppData/Local/UnrealEngine/Common/DerivedDataCache/Buckets/StaticMesh/50/28/7a3b99d130be4183c334526fbb5c93d371aa.udd" 4409
"C:/Users/emanu/AppData/Local/UnrealEngine/Common/DerivedDataCache/Buckets/LegacyCARD/5a/58/c23bccc0436e31b7e2669b1c9e82e7e7b4ea.udd" 4410
"C:/Users/emanu/AppData/Local/UnrealEngine/Common/DerivedDataCache/Buckets/LegacyDIST/01/e7/fe569cb8345b7d394dc0b78e158d948ec1aa.udd" 4411
"C:/Users/emanu/AppData/Local/UnrealEngine/Common/DerivedDataCache/Buckets/StaticMesh/2a/cb/c955e552ebb64a712c7ff12acaf7dbb207cc.udd" 4412
"C:/Users/emanu/AppData/Local/UnrealEngine/Common/DerivedDataCache/Buckets/LegacyCARD/05/cd/625a59e13065452e093133c54c907ef49689.udd" 4413
"C:/Users/emanu/AppData/Local/UnrealEngine/Common/DerivedDataCache/Buckets/LegacyDIST/ba/16/953a79678c4b76c6b2b6a197a0d6f78bdc1b.udd" 4414
"C:/Users/emanu/AppData/Local/UnrealEngine/Common/DerivedDataCache/Buckets/StaticMesh/14/85/540c4b85a28b6155991bcf5102e030b5b49c.udd" 4415
"C:/Users/emanu/AppData/Local/UnrealEngine/Common/DerivedDataCache/Buckets/LegacyCARD/ac/1b/f630222e71f7bdcc83e414d958816bca4512.udd" 4416
"C:/Users/emanu/AppData/Local/UnrealEngine/Common/DerivedDataCache/Buckets/LegacyDIST/d9/ef/f397e566d21d12535501cd5a06205d4e5a85.udd" 4417
"C:/Users/emanu/AppData/Local/UnrealEngine/Common/DerivedDataCache/Buckets/LegacyCARD/a8/4a/f360c6b405e27026a8432c8578638cf6c2a6.udd" 4418
"C:/Users/emanu/AppData/Local/UnrealEngine/Common/DerivedDataCache/Buckets/StaticMesh/35/d0/63027e948ad1941961c0004605f59c769f2a.udd" 4419
"C:/Users/emanu/AppData/Local/UnrealEngine/Common/DerivedDataCache/Buckets/LegacyDIST/96/02/140d202a85322f43ca5914ab4aa7c1278bb8.udd" 4420
"C:/Users/emanu/AppData/Local/UnrealEngine/Common/DerivedDataCache/Buckets/LegacyCARD/8b/69/560ae11fc4ee520697c73dc23ffb7324607d.udd" 4421
"C:/Users/emanu/AppData/Local/UnrealEngine/Common/DerivedDataCache/Buckets/StaticMesh/89/18/9edd309746f705e335b32aa7bb678c2db819.udd" 4422
"C:/Users/emanu/AppData/Local/UnrealEngine/Common/DerivedDataCache/Buckets/LegacyDIST/55/10/8c9d6abede2752ed8a81591f0bfa7b464f74.udd" 4423
"C:/Users/emanu/AppData/Local/UnrealEngine/Common/DerivedDataCache/Buckets/LegacyCARD/de/aa/3f8891c71d75dfd665c8ba0c64a9473473e2.udd" 4424
"C:/Users/emanu/AppData/Local/UnrealEngine/Common/DerivedDataCache/Buckets/StaticMesh/73/40/b80a0e6614eefb8fd617b04d4a137817c4ec.udd" 4425
"C:/Users/emanu/AppData/Local/UnrealEngine/Common/DerivedDataCache/Buckets/StaticMesh/01/c4/45a78ec3118ba26d46683920b9a4dec42619.udd" 4426
"C:/Users/emanu/AppData/Local/UnrealEngine/Common/DerivedDataCache/Buckets/LegacyDIST/2b/10/d0d2901037370312d898acdbe0deb7c7d01b.udd" 4427
"C:/Users/emanu/AppData/Local/UnrealEngine/Common/DerivedDataCache/Buckets/LegacyCARD/aa/2f/3b18428ba229e2fc8498e3f735ee8624b105.udd" 4428
"C:/Users/emanu/AppData/Local/UnrealEngine/Common/DerivedDataCache/Buckets/StaticMesh/d4/6a/c6b819ef78795721ec1f508b0695f995baae.udd" 4429
"C:/Users/emanu/AppData/Local/UnrealEngine/Common/DerivedDataCache/Buckets/LegacyDIST/04/31/4edb3bb22e0b623711dbec734580f17ae82d.udd" 4430
"C:/Users/emanu/AppData/Local/UnrealEngine/Common/DerivedDataCache/Buckets/LegacyDIST/90/b7/7b054c95aeab37bd60ee97a1bc7e44889fab.udd" 4431
"C:/Users/emanu/AppData/Local/UnrealEngine/Common/DerivedDataCache/Buckets/LegacyCARD/f0/76/7484c69b63ed52039d4594a1a42063342cae.udd" 4432
"C:/Users/emanu/AppData/Local/UnrealEngine/Common/DerivedDataCache/Buckets/StaticMesh/eb/54/2aebb8e3d796a8355cb7c06725231dae59c5.udd" 4433
"C:/Users/emanu/AppData/Local/UnrealEngine/Common/DerivedDataCache/Buckets/LegacyCARD/bb/43/b507e4cacc495d4c0ebb62ce6a8854dda22b.udd" 4434
"C:/Users/emanu/AppData/Local/UnrealEngine/Common/DerivedDataCache/Buckets/StaticMesh/9e/1f/499d46e238ff6c5d31ceea07f48b85251438.udd" 4435
"C:/Users/emanu/AppData/Local/UnrealEngine/Common/DerivedDataCache/Buckets/LegacyDIST/07/d1/36981d44e2f8ddef981c9cc254fbad508d71.udd" 4436
"C:/Users/emanu/AppData/Local/UnrealEngine/Common/DerivedDataCache/Buckets/LegacyCARD/2b/d9/7153547eb23e553710176d92a632f7384d6d.udd" 4437
"C:/Users/emanu/AppData/Local/UnrealEngine/Common/DerivedDataCache/Buckets/LegacyDIST/4f/60/ee9d92134d709d176848472e7a21b7c8b299.udd" 4438
"C:/Users/emanu/AppData/Local/UnrealEngine/Common/DerivedDataCache/Buckets/StaticMesh/3d/71/e8feb2a953b7f98e2d3b4a6453216ed39b85.udd" 4439
"C:/Users/emanu/AppData/Local/UnrealEngine/Common/DerivedDataCache/Buckets/LegacyCARD/23/4b/36fe66be4ac0136221142f32d804e92cf4b6.udd" 4440
"C:/Users/emanu/AppData/Local/UnrealEngine/Common/DerivedDataCache/Buckets/LegacyDIST/1c/e9/9206f138d5d35eed9cab135bab8d252f3ce0.udd" 4441
"C:/Users/emanu/AppData/Local/UnrealEngine/Common/DerivedDataCache/Buckets/LegacyNavCollision/67/8b/aa24f026beb40f1ab1b020cd8728ef30185d.udd" 4442
"C:/Users/emanu/AppData/Local/UnrealEngine/Common/DerivedDataCache/Buckets/StaticMesh/16/58/3cbdfb609e2edcc111e7baa9299ef395f512.udd" 4443
"C:/Users/emanu/AppData/Local/UnrealEngine/Common/DerivedDataCache/Buckets/LegacyDIST/be/5f/114142e5213b5dcd7bf2fdccda846af075a9.udd" 4444
"C:/Users/emanu/AppData/Local/UnrealEngine/Common/DerivedDataCache/Buckets/LegacyCARD/c7/c4/32e3005d5bc6be8abc8533bba566fddb8490.udd" 4445
"C:/Users/emanu/AppData/Local/UnrealEngine/Common/DerivedDataCache/Buckets/LegacyCARD/29/89/3347b8113a657bc6d39682efe89025adf8dc.udd" 4446
"C:/Users/emanu/AppData/Local/UnrealEngine/Common/DerivedDataCache/Buckets/LegacyNavCollision/f7/4f/d2528c1304ebed1ec1f3d9c435b61dc743c6.udd" 4447
"C:/Users/emanu/AppData/Local/UnrealEngine/Common/DerivedDataCache/Buckets/StaticMesh/7a/b9/e89bf6eadccfa8e79923dfaa3d97e85534a6.udd" 4448
"C:/Users/emanu/AppData/Local/UnrealEngine/Common/DerivedDataCache/Buckets/LegacyDIST/14/d3/e29a83ebbb622989b19710272755ddb77a39.udd" 4449
"C:/Users/emanu/AppData/Local/UnrealEngine/Common/DerivedDataCache/Buckets/LegacyCARD/9b/17/fac34f53264cbc45dc1b073afac0126ffea2.udd" 4450
"C:/Users/emanu/AppData/Local/UnrealEngine/Common/DerivedDataCache/Buckets/StaticMesh/c8/2d/cf8fbf432d2b038c1c5f9acc909a2ad02aa3.udd" 4451
"C:/Users/emanu/AppData/Local/UnrealEngine/Common/DerivedDataCache/Buckets/StaticMesh/6d/97/bdc8abb60f14b5055ba7771d70c83c31783e.udd" 4452
"C:/Users/emanu/AppData/Local/UnrealEngine/Common/DerivedDataCache/Buckets/LegacyDIST/19/f5/483babdf1f03e21094eaceff569cd1ff6127.udd" 4453
"C:/Users/emanu/AppData/Local/UnrealEngine/Common/DerivedDataCache/Buckets/LegacyDIST/71/9e/b8f7232333aecd968ee792cb07034ba0bbd8.udd" 4454
"C:/Users/emanu/AppData/Local/UnrealEngine/Common/DerivedDataCache/Buckets/LegacyCARD/ea/3c/a86c43fce97a3f138e335acc7c88a9205c0d.udd" 4455
"C:/Users/emanu/AppData/Local/UnrealEngine/Common/DerivedDataCache/Buckets/LegacyNavCollision/99/0f/9c3248ddf3a3400fda69345fa722448689c3.udd" 4456
"C:/Users/emanu/AppData/Local/UnrealEngine/Common/DerivedDataCache/Buckets/StaticMesh/b4/a5/4d59afc8a08f7a48a7187ff0e516b203d21d.udd" 4457
"C:/Users/emanu/AppData/Local/UnrealEngine/Common/DerivedDataCache/Buckets/LegacyDIST/65/80/0487b1593d94db6c5962c09d45d292e1510b.udd" 4458
"C:/Users/emanu/AppData/Local/UnrealEngine/Common/DerivedDataCache/Buckets/LegacyCARD/f2/3a/881078d5193b7784002093bf428eaffec31c.udd" 4459
"C:/Users/emanu/AppData/Local/UnrealEngine/Common/DerivedDataCache/Buckets/LegacyCARD/e1/ad/ba33e91605e759be8b04d26d3fb9c61a2955.udd" 4460
"C:/Users/emanu/AppData/Local/UnrealEngine/Common/DerivedDataCache/Buckets/LegacyNavCollision/18/bd/6f94d3e0c076782b4f1e0eebc9cdc60f8fc6.udd" 4461
"C:/Users/emanu/AppData/Local/UnrealEngine/Common/DerivedDataCache/Buckets/StaticMesh/79/01/e53ddfaf9ea67a1c855d054b5244f3d1d7a7.udd" 4462
"C:/Users/emanu/AppData/Local/UnrealEngine/Common/DerivedDataCache/Buckets/LegacyDIST/76/0e/d247935a5737f3cf52db44aba75c57cba5e4.udd" 4463
"C:/Users/emanu/AppData/Local/UnrealEngine/Common/DerivedDataCache/Buckets/LegacyCARD/5c/80/5eb31881b669a62903eb460a8d03f90e6107.udd" 4464
"C:/Users/emanu/AppData/Local/UnrealEngine/Common/DerivedDataCache/Buckets/StaticMesh/31/f7/6d1d13d820526be4283bead0bab09701a488.udd" 4465
"C:/Users/emanu/AppData/Local/UnrealEngine/Common/DerivedDataCache/Buckets/StaticMesh/c9/43/3b1c7cad476d7c3c1a0a41e966629e84a2ef.udd" 4466
"C:/Users/emanu/AppData/Local/UnrealEngine/Common/DerivedDataCache/Buckets/LegacyDIST/42/10/fd4dc4a54fda9008b5c8a057670ddbd3a495.udd" 4467
"C:/Users/emanu/AppData/Local/UnrealEngine/Common/DerivedDataCache/Buckets/LegacyCARD/9c/27/65e7a324b4a40bb0d29b2a692c4b30a55019.udd" 4468
"C:/Users/emanu/AppData/Local/UnrealEngine/Common/DerivedDataCache/Buckets/LegacyDIST/bc/f6/efe61d26a45826cf8ba363ba9eb974187137.udd" 4469
"C:/Users/emanu/AppData/Local/UnrealEngine/Common/DerivedDataCache/Buckets/LegacyNavCollision/4b/58/da412f4f44a6112f1dd6bc96bc86934fc101.udd" 4470
"C:/Users/emanu/AppData/Local/UnrealEngine/Common/DerivedDataCache/Buckets/StaticMesh/b0/2e/016c973f541bf7a85a76f8360130046992d1.udd" 4471
"C:/Users/emanu/AppData/Local/UnrealEngine/Common/DerivedDataCache/Buckets/LegacyDIST/12/40/c9962de7dcf7f2f11fbd758ebe3d068ec657.udd" 4472
"C:/Users/emanu/AppData/Local/UnrealEngine/Common/DerivedDataCache/Buckets/LegacyCARD/3b/13/f6c8f70ae0a1cc609d46fd74e07571f11ae6.udd" 4473
"C:/Users/emanu/AppData/Local/UnrealEngine/Common/DerivedDataCache/Buckets/LegacyCARD/1e/65/efd4015d35128d27247876f1db120c54c384.udd" 4474
"C:/Users/emanu/AppData/Local/UnrealEngine/Common/DerivedDataCache/Buckets/LegacyNavCollision/30/cb/bdd5cef13e740409e4f132956322afcff45a.udd" 4475
"C:/Users/emanu/AppData/Local/UnrealEngine/Common/DerivedDataCache/Buckets/StaticMesh/d4/a5/26e4b1b94ea31566b70f8ddf61c4ac9ee049.udd" 4476
"C:/Users/emanu/AppData/Local/UnrealEngine/Common/DerivedDataCache/Buckets/LegacyDIST/28/55/1a958978569b3b57f3d178fc49b38cbc3594.udd" 4477
"C:/Users/emanu/AppData/Local/UnrealEngine/Common/DerivedDataCache/Buckets/LegacyCARD/37/7a/bcb5e97c08239fabf68e960fa974f3fe2101.udd" 4478
"C:/Users/emanu/AppData/Local/UnrealEngine/Common/DerivedDataCache/Buckets/StaticMesh/eb/2a/ba80493dd81dab4213174c972f418e577c8b.udd" 4479
"C:/Users/emanu/AppData/Local/UnrealEngine/Common/DerivedDataCache/Buckets/StaticMesh/86/f6/cbd490cdbc0244eedefdce77870e2a197a7e.udd" 4480
"C:/Users/emanu/AppData/Local/UnrealEngine/Common/DerivedDataCache/Buckets/LegacyDIST/b7/67/abd1d26c730a3ce59652f05e1be1bbc567c7.udd" 4481
"C:/Users/emanu/AppData/Local/UnrealEngine/Common/DerivedDataCache/Buckets/LegacyDIST/fd/6a/cb0bc615816eb006252de439cd7133648571.udd" 4482
"C:/Users/emanu/AppData/Local/UnrealEngine/Common/DerivedDataCache/Buckets/LegacyCARD/14/e9/b1bf097da3b6bdd10e943c5fcadc7d31aeeb.udd" 4483
"C:/Users/emanu/AppData/Local/UnrealEngine/Common/DerivedDataCache/Buckets/LegacyNavCollision/da/10/9d380140fef5e6960d5d08ef5662f3fccd20.udd" 4484
"C:/Users/emanu/AppData/Local/UnrealEngine/Common/DerivedDataCache/Buckets/StaticMesh/f1/b6/f6fc92cbbaa7b0ca399a90d6c173f1a387ba.udd" 4485
"C:/Users/emanu/AppData/Local/UnrealEngine/Common/DerivedDataCache/Buckets/LegacyDIST/79/18/9c71b8a2edb01a9999e867dae6a0be81ccd0.udd" 4486
"C:/Users/emanu/AppData/Local/UnrealEngine/Common/DerivedDataCache/Buckets/LegacyCARD/ee/27/c875ebf67d9d7afdfaf0cc110bdb4b568042.udd" 4487
"C:/Users/emanu/AppData/Local/UnrealEngine/Common/DerivedDataCache/Buckets/LegacyCARD/ca/3c/e17a22bb6d308cff5b1614c90d80db68ab1f.udd" 4488
"C:/Users/emanu/AppData/Local/UnrealEngine/Common/DerivedDataCache/Buckets/LegacyNavCollision/7a/6a/b325dc6e702306eb3d2356ba04bb32050cea.udd" 4489
"C:/Users/emanu/AppData/Local/UnrealEngine/Common/DerivedDataCache/Buckets/StaticMesh/35/71/c5d1a26183c598c5b6ad3ed5715b3c56d7a7.udd" 4490
"C:/Users/emanu/AppData/Local/UnrealEngine/Common/DerivedDataCache/Buckets/LegacyDIST/f0/87/2ade4ed43c5aa919bb442d6cee78b621fa00.udd" 4491
"C:/Users/emanu/AppData/Local/UnrealEngine/Common/DerivedDataCache/Buckets/LegacyCARD/c5/9d/fa61823747696b97d57445a93f3302739dbf.udd" 4492
"C:/Users/emanu/AppData/Local/UnrealEngine/Common/DerivedDataCache/Buckets/StaticMesh/b1/19/568d6df2c9226e682f5686841af18dac501e.udd" 4493
"C:/Users/emanu/AppData/Local/UnrealEngine/Common/DerivedDataCache/Buckets/StaticMesh/a5/78/f5ae5de3432b77cf111810da56381c0eba65.udd" 4494
"C:/Users/emanu/AppData/Local/UnrealEngine/Common/DerivedDataCache/Buckets/LegacyDIST/d4/1d/55485fa1e7231b477818c41fcf46347f8363.udd" 4495
"C:/Users/emanu/AppData/Local/UnrealEngine/Common/DerivedDataCache/Buckets/LegacyDIST/af/c0/6d42ede36e10e819ddf6e996d5f5c26716d1.udd" 4496
"C:/Users/emanu/AppData/Local/UnrealEngine/Common/DerivedDataCache/Buckets/LegacyCARD/2f/36/0b39c372cabac7eb622ba63a566ad4f4c11a.udd" 4497
"C:/Users/emanu/AppData/Local/UnrealEngine/Common/DerivedDataCache/Buckets/LegacyNavCollision/f2/cb/8c7c05659492837d5c2388a720a518da1419.udd" 4498
"C:/Users/emanu/AppData/Local/UnrealEngine/Common/DerivedDataCache/Buckets/StaticMesh/f5/97/167dddb7b1b7ad92e63b53666483545e555e.udd" 4499
"C:/Users/emanu/AppData/Local/UnrealEngine/Common/DerivedDataCache/Buckets/LegacyDIST/b1/01/653743cc983aba998d2e69c4aa0e725d83b4.udd" 4500
"C:/Users/emanu/AppData/Local/UnrealEngine/Common/DerivedDataCache/Buckets/LegacyCARD/cc/00/e3ca2b5e6604e02bc224472a41d726b9f305.udd" 4501
"C:/Users/emanu/AppData/Local/UnrealEngine/Common/DerivedDataCache/Buckets/LegacyNavCollision/27/5d/b8b714b32e3bab759fbcb62385fa19beb5d1.udd" 4502
"C:/Users/emanu/AppData/Local/UnrealEngine/Common/DerivedDataCache/Buckets/StaticMesh/09/af/95c66db422c1642f23a85208289f63efb07f.udd" 4503
"C:/Users/emanu/AppData/Local/UnrealEngine/Common/DerivedDataCache/Buckets/LegacyCARD/df/56/14f2c6f79e4b3afa4291892377cd872f62f3.udd" 4504
"C:/Users/emanu/AppData/Local/UnrealEngine/Common/DerivedDataCache/Content/ad/a5/585adbf328a805a783d9dda150050f4e7eee.udd" 4505
"C:/Users/emanu/AppData/Local/UnrealEngine/Common/DerivedDataCache/Buckets/LegacyDIST/af/2d/f965b560c56cdd22ef986e0162071c3c6b24.udd" 4506
"C:/Users/emanu/AppData/Local/UnrealEngine/Common/DerivedDataCache/Buckets/LegacyCARD/97/0d/06e882b6fc74ecaf141bad4fc06b9964d726.udd" 4507
"C:/Users/emanu/AppData/Local/UnrealEngine/Common/DerivedDataCache/Buckets/LegacyChaosGeometryData/3b/e2/b0ac33d3b64919f9a189794e70b25a1e0c20.udd" 4508
"C:/Users/emanu/AppData/Local/UnrealEngine/Common/DerivedDataCache/Buckets/StaticMesh/61/8f/f956bac78e58cd1578258482199677cb9038.udd" 4509
"C:/Users/emanu/AppData/Local/UnrealEngine/Common/DerivedDataCache/Buckets/LegacyDIST/16/21/8112d02a9f4e1d3d681542b1d8ec0b733dff.udd" 4510
"C:/Users/emanu/AppData/Local/UnrealEngine/Common/DerivedDataCache/Buckets/StaticMesh/32/e3/6f57055b35acf57b479a5b5710f772216831.udd" 4511
"C:/Users/emanu/AppData/Local/UnrealEngine/Common/DerivedDataCache/Buckets/LegacyCARD/88/15/ade554553b5891c780b9b77c3abe74b83a7d.udd" 4512
"C:/Users/emanu/AppData/Local/UnrealEngine/Common/DerivedDataCache/Buckets/LegacyNavCollision/cd/6e/67bd9aec48d8410297bfa80f44b2dd515b5a.udd" 4513
"C:/Users/emanu/AppData/Local/UnrealEngine/Common/DerivedDataCache/Buckets/StaticMesh/7b/e9/e6c419fa9508850aa1991632d2cd1b31d788.udd" 4514
"C:/Users/emanu/AppData/Local/UnrealEngine/Common/DerivedDataCache/Buckets/LegacyDIST/79/a3/9ef62735302220e76d4d96053e56558e03af.udd" 4515
"C:/Users/emanu/AppData/Local/UnrealEngine/Common/DerivedDataCache/Buckets/LegacyCARD/0b/d8/08a6fb85ef5f1523042ce24e123eee76253b.udd" 4516
"C:/Users/emanu/AppData/Local/UnrealEngine/Common/DerivedDataCache/Buckets/LegacyDIST/02/c6/9898f5652dedcd783dc004d359894b793823.udd" 4517
"C:/Users/emanu/AppData/Local/UnrealEngine/Common/DerivedDataCache/Buckets/StaticMesh/65/36/6669055b8acfbdab8fb370f77cd50be1c836.udd" 4518
"C:/Users/emanu/AppData/Local/UnrealEngine/Common/DerivedDataCache/Buckets/LegacyCARD/f2/68/5c924e46c1e81105c8fb6c9decb22f7a4eae.udd" 4519
"C:/Users/emanu/AppData/Local/UnrealEngine/Common/DerivedDataCache/Buckets/LegacyNavCollision/45/1c/4aca2fcbaa0080d31191521fe5accac90b6c.udd" 4520
"C:/Users/emanu/AppData/Local/UnrealEngine/Common/DerivedDataCache/Buckets/StaticMesh/2d/ff/3621ead1bd1cc65064a5059a2a247b0e686c.udd" 4521
"C:/Users/emanu/AppData/Local/UnrealEngine/Common/DerivedDataCache/Buckets/LegacyDIST/5c/a6/e00cb5d7c30bdce527ef72fd8266c90207a2.udd" 4522
"C:/Users/emanu/AppData/Local/UnrealEngine/Common/DerivedDataCache/Buckets/LegacyCARD/42/c4/916feb58a445965581b07a5622c0b7fa2379.udd" 4523
"C:/Users/emanu/AppData/Local/UnrealEngine/Common/DerivedDataCache/Buckets/LegacyDIST/b2/ff/cc871251bb7a6936d1749c994dda7ecdea5c.udd" 4524
"C:/Users/emanu/AppData/Local/UnrealEngine/Common/DerivedDataCache/Buckets/LegacyCARD/1f/14/5028250a9f131296bbc272bfb648c4445aed.udd" 4525
"C:/Users/emanu/AppData/Local/UnrealEngine/Common/DerivedDataCache/Buckets/LegacyNavCollision/08/7c/8cc3c106b9698d38f9f3e902e0e007e0e1b2.udd" 4526
"C:/Users/emanu/AppData/Local/UnrealEngine/Common/DerivedDataCache/Buckets/StaticMesh/4f/23/27516ea7b883efab9b768022eafc857dab07.udd" 4527
"C:/Users/emanu/AppData/Local/UnrealEngine/Common/DerivedDataCache/Buckets/LegacyDIST/4d/ca/fd7a3cfed947386daa4b12bab4fdee33018d.udd" 4528
"C:/Users/emanu/AppData/Local/UnrealEngine/Common/DerivedDataCache/Buckets/LegacyCARD/0f/70/d8a65a66da4f124788eceb20512919398aea.udd" 4529
"C:/Users/emanu/AppData/Local/UnrealEngine/Common/DerivedDataCache/Buckets/StaticMesh/34/e4/7bd561b7261e1c2a5505fd3f5de327ff2bb4.udd" 4530
"C:/Users/emanu/AppData/Local/UnrealEngine/Common/DerivedDataCache/Buckets/LegacyDIST/93/cb/3bbd32ad821c5b826d0f22ee06a9d5a119f3.udd" 4531
"C:/Users/emanu/AppData/Local/UnrealEngine/Common/DerivedDataCache/Buckets/StaticMesh/79/bb/c2d2d25ca1a2fe7a09a213ee5b8deed584f1.udd" 4532
"C:/Users/emanu/AppData/Local/UnrealEngine/Common/DerivedDataCache/Buckets/LegacyCARD/83/cb/c65eefac6f7b33103d2234befa309a685975.udd" 4533
"C:/Users/emanu/AppData/Local/UnrealEngine/Common/DerivedDataCache/Buckets/LegacyNavCollision/d6/d4/02b26ceedf1682afb95a7512bf8cb04f3dad.udd" 4534
"C:/Users/emanu/AppData/Local/UnrealEngine/Common/DerivedDataCache/Buckets/StaticMesh/62/ee/4a8812d7ba2026a55dacdf07d92cd331c98b.udd" 4535
"C:/Users/emanu/AppData/Local/UnrealEngine/Common/DerivedDataCache/Buckets/LegacyDIST/70/57/f8d37fe2cac962059aa40edcf94951cd0b0e.udd" 4536
"C:/Users/emanu/AppData/Local/UnrealEngine/Common/DerivedDataCache/Buckets/LegacyDIST/65/2c/77fe66fe3c2ce678e7b9edab81f95da78135.udd" 4537
"C:/Users/emanu/AppData/Local/UnrealEngine/Common/DerivedDataCache/Buckets/LegacyCARD/a6/3b/cbc7df0bcc939932b51f1a9370108b061b62.udd" 4538
"C:/Users/emanu/AppData/Local/UnrealEngine/Common/DerivedDataCache/Buckets/LegacyCARD/70/96/f44bc2694864650c9f082b63b684e52250f4.udd" 4539
"C:/Users/emanu/AppData/Local/UnrealEngine/Common/DerivedDataCache/Buckets/LegacyNavCollision/94/ee/5d40e7dadfc653e8144648a49d7f21cd9061.udd" 4540
"C:/Users/emanu/AppData/Local/UnrealEngine/Common/DerivedDataCache/Buckets/StaticMesh/f1/2b/66193c7485f836cf3bfb2c5937c76ce445c3.udd" 4541
"C:/Users/emanu/AppData/Local/UnrealEngine/Common/DerivedDataCache/Buckets/LegacyDIST/2c/27/474c6af781b1131ea63eacd2abeb3c58d559.udd" 4542
"C:/Users/emanu/AppData/Local/UnrealEngine/Common/DerivedDataCache/Buckets/LegacyCARD/29/91/9675b325ddafa87af952c3d15aa9daa07247.udd" 4543
"C:/Users/emanu/AppData/Local/UnrealEngine/Common/DerivedDataCache/Buckets/StaticMesh/b7/4a/302f9d7729dde6199f328b3cd39c48d24a64.udd" 4544
"C:/Users/emanu/AppData/Local/UnrealEngine/Common/DerivedDataCache/Buckets/LegacyDIST/3b/dc/c32cb1ad0cb852793381454e9fffc7099812.udd" 4545
"C:/Users/emanu/AppData/Local/UnrealEngine/Common/DerivedDataCache/Buckets/StaticMesh/b9/6f/f80ea5526d08d05455c28c00dddb2500439f.udd" 4546
"C:/Users/emanu/AppData/Local/UnrealEngine/Common/DerivedDataCache/Buckets/LegacyCARD/5c/3f/06c4123830f31c7502b12fd902553b4ca789.udd" 4547
"C:/Users/emanu/AppData/Local/UnrealEngine/Common/DerivedDataCache/Buckets/LegacyNavCollision/54/e5/9d6fb93d2db4f2cdfda79991881b30583667.udd" 4548
"C:/Users/emanu/AppData/Local/UnrealEngine/Common/DerivedDataCache/Buckets/LegacyDIST/a2/bc/4afda55c959038c4ba83b9a4206374a66702.udd" 4549
"C:/Users/emanu/AppData/Local/UnrealEngine/Common/DerivedDataCache/Buckets/StaticMesh/43/50/10b543a414bf73d3cdc8ba9141359263962f.udd" 4550
"C:/Users/emanu/AppData/Local/UnrealEngine/Common/DerivedDataCache/Buckets/LegacyDIST/f3/c8/9fa427795ab1b816c9583b26e2d5289631cf.udd" 4551
"C:/Users/emanu/AppData/Local/UnrealEngine/Common/DerivedDataCache/Buckets/LegacyCARD/ff/40/1151188409b2b8f98cfd082d4ef990f6b945.udd" 4552
"C:/Users/emanu/AppData/Local/UnrealEngine/Common/DerivedDataCache/Buckets/StaticMesh/ac/78/c4e44dec5eb745e3400bb1862ddfea839a50.udd" 4553
"C:/Users/emanu/AppData/Local/UnrealEngine/Common/DerivedDataCache/Buckets/LegacyDIST/62/d8/4285dd36d795f6e4e941945b2ba0ba32384e.udd" 4554
"C:/Users/emanu/AppData/Local/UnrealEngine/Common/DerivedDataCache/Buckets/LegacyCARD/a1/5b/460c1f8bfbfd6a44b6f5b1219b9c141f62c2.udd" 4555
"C:/Users/emanu/AppData/Local/UnrealEngine/Common/DerivedDataCache/Buckets/LegacyNavCollision/20/e7/8ce2169492d886d26a3ad4614720a0204f3a.udd" 4556
"C:/Users/emanu/AppData/Local/UnrealEngine/Common/DerivedDataCache/Buckets/StaticMesh/ca/36/65018f621bcc64992e2e2477118adc995a0f.udd" 4557
"C:/Users/emanu/AppData/Local/UnrealEngine/Common/DerivedDataCache/Buckets/LegacyDIST/b7/46/0e9426890137467f0fcd2c365dc5d4a541c0.udd" 4558
"C:/Users/emanu/AppData/Local/UnrealEngine/Common/DerivedDataCache/Buckets/LegacyCARD/16/0b/6ddfb473e733e1fd56851d00ba6dfc3a6fa2.udd" 4559
"C:/Users/emanu/AppData/Local/UnrealEngine/Common/DerivedDataCache/Buckets/LegacyCARD/2a/ef/e76f234e1c05a35d43b554c4e9e0e057f104.udd" 4560
"C:/Users/emanu/AppData/Local/UnrealEngine/Common/DerivedDataCache/Buckets/LegacyNavCollision/d2/83/4ce3cf6ee4a393d4f57303bbe2f572c5afcf.udd" 4561
"C:/Users/emanu/AppData/Local/UnrealEngine/Common/DerivedDataCache/Buckets/StaticMesh/b0/72/8359edaf51e917a78bc57d9fcf7998057b72.udd" 4562
"C:/Users/emanu/AppData/Local/UnrealEngine/Common/DerivedDataCache/Buckets/LegacyDIST/18/5c/8fcfd74e0b1b6427d6930f4a3a1e35cedb9e.udd" 4563
"C:/Users/emanu/AppData/Local/UnrealEngine/Common/DerivedDataCache/Buckets/LegacyCARD/12/79/b08e401c6c3ac046816435242ca907c809b9.udd" 4564
"C:/Users/emanu/AppData/Local/UnrealEngine/Common/DerivedDataCache/Buckets/StaticMesh/c3/6f/a72d6dc4ec32e984b8a0256cfe0ac30ebf76.udd" 4565
"C:/Users/emanu/AppData/Local/UnrealEngine/Common/DerivedDataCache/Buckets/StaticMesh/d2/07/f6e79c10c2a8ce636feaf978b7f5fc2701a8.udd" 4566
"C:/Users/emanu/AppData/Local/UnrealEngine/Common/DerivedDataCache/Buckets/LegacyDIST/5a/85/c02b57dd88c5d1321b1ba79dfadbf178862a.udd" 4567
"C:/Users/emanu/AppData/Local/UnrealEngine/Common/DerivedDataCache/Buckets/LegacyDIST/b5/fb/d8e91968f0ab42bffb8808c8d2dc50a087e4.udd" 4568
"C:/Users/emanu/AppData/Local/UnrealEngine/Common/DerivedDataCache/Buckets/LegacyCARD/fa/cc/76b1dd4c249d6c80380ce4738d5e8e087acf.udd" 4569
"C:/Users/emanu/AppData/Local/UnrealEngine/Common/DerivedDataCache/Buckets/LegacyNavCollision/e2/8a/f1d9b427fc098d705808ade7636cd960f9d8.udd" 4570
"C:/Users/emanu/AppData/Local/UnrealEngine/Common/DerivedDataCache/Buckets/StaticMesh/7a/d6/4d0b1cc724535607885fbc58ce51ef321a1e.udd" 4571
"C:/Users/emanu/AppData/Local/UnrealEngine/Common/DerivedDataCache/Buckets/LegacyDIST/7d/d3/7aa20a21a5e37b88e3ca48ddc2b49ec5917f.udd" 4572
"C:/Users/emanu/AppData/Local/UnrealEngine/Common/DerivedDataCache/Buckets/LegacyCARD/23/a5/962999de90ba9fbb06cfaaa714be80faf8a8.udd" 4573
"C:/Users/emanu/AppData/Local/UnrealEngine/Common/DerivedDataCache/Buckets/LegacyCARD/91/42/4ea2e5394ded7b78b0109a9ff43ddea9802a.udd" 4574
"C:/Users/emanu/AppData/Local/UnrealEngine/Common/DerivedDataCache/Buckets/LegacyNavCollision/e0/84/fde0b9ed0d2ba5618afd06dca6415fcf4461.udd" 4575
"C:/Users/emanu/AppData/Local/UnrealEngine/Common/DerivedDataCache/Buckets/StaticMesh/88/c5/68d6df4af20189fc66ea5d5cb305473b8815.udd" 4576
"C:/Users/emanu/AppData/Local/UnrealEngine/Common/DerivedDataCache/Buckets/LegacyDIST/3a/2f/7c881ed80d6111f6db7fd465d2922c0d54fc.udd" 4577
"C:/Users/emanu/AppData/Local/UnrealEngine/Common/DerivedDataCache/Buckets/LegacyCARD/a2/7d/a87c1d5208476e2855643ae6df284c7b10d3.udd" 4578
"C:/Users/emanu/AppData/Local/UnrealEngine/Common/DerivedDataCache/Buckets/StaticMesh/1d/15/85899d5c568c497c47dcb3d8863bb44114aa.udd" 4579
"C:/Users/emanu/AppData/Local/UnrealEngine/Common/DerivedDataCache/Buckets/StaticMesh/c1/ab/ee4fec109bd398758c0e0e979196434cd95b.udd" 4580
"C:/Users/emanu/AppData/Local/UnrealEngine/Common/DerivedDataCache/Buckets/LegacyDIST/c3/9d/7543f90e04bd1e8540cc7ccbb6451ab0a576.udd" 4581
"C:/Users/emanu/AppData/Local/UnrealEngine/Common/DerivedDataCache/Buckets/LegacyDIST/97/d9/64d421393b41fc1418e89c141ff20d3a4e31.udd" 4582
"C:/Users/emanu/AppData/Local/UnrealEngine/Common/DerivedDataCache/Buckets/LegacyCARD/1c/3b/e8ba8304890d21b26855f48f6f6532351cb5.udd" 4583
"C:/Users/emanu/AppData/Local/UnrealEngine/Common/DerivedDataCache/Buckets/LegacyNavCollision/3e/bf/6b45367855aed87f3cef62465ef9bf630066.udd" 4584
"C:/Users/emanu/AppData/Local/UnrealEngine/Common/DerivedDataCache/Buckets/StaticMesh/39/63/9a54ae95564d6dc6b1d57e05c7fbc84030a7.udd" 4585
"C:/Users/emanu/AppData/Local/UnrealEngine/Common/DerivedDataCache/Buckets/LegacyDIST/38/45/1a9942c0fb13e302f08987ac71c4876d0a12.udd" 4586
"C:/Users/emanu/AppData/Local/UnrealEngine/Common/DerivedDataCache/Buckets/LegacyCARD/16/77/d4027ed8fa9861d2337d12c617e0fc3fa02b.udd" 4587
"C:/Users/emanu/AppData/Local/UnrealEngine/Common/DerivedDataCache/Buckets/LegacyCARD/42/1e/490b0ccd6aa463a41bc25f214df491f1d6d6.udd" 4588
"C:/Users/emanu/AppData/Local/UnrealEngine/Common/DerivedDataCache/Buckets/LegacyNavCollision/78/6f/7960fd9332696a0a98c7986f6c62fa907d2e.udd" 4589
"C:/Users/emanu/AppData/Local/UnrealEngine/Common/DerivedDataCache/Buckets/StaticMesh/b1/38/4aa746a435f5ac89636318c02bf4c34c7764.udd" 4590
"C:/Users/emanu/AppData/Local/UnrealEngine/Common/DerivedDataCache/Buckets/LegacyDIST/d6/83/546bcabd034067c108e0f834644e16865fc8.udd" 4591
"C:/Users/emanu/AppData/Local/UnrealEngine/Common/DerivedDataCache/Buckets/LegacyCARD/a5/95/f39ed252d8da4a11da15e39504b465da0a8f.udd" 4592
"C:/Users/emanu/AppData/Local/UnrealEngine/Common/DerivedDataCache/Buckets/StaticMesh/43/78/47019b1fc97fa6099419ae724a72fd6ad192.udd" 4593
"C:/Users/emanu/AppData/Local/UnrealEngine/Common/DerivedDataCache/Buckets/StaticMesh/c7/70/e1e87808e1f8408c8deb66ceab87efdba4a4.udd" 4594
"C:/Users/emanu/AppData/Local/UnrealEngine/Common/DerivedDataCache/Buckets/LegacyDIST/8b/5e/76d38adf36146a3a3d1c5f551c7320e564c6.udd" 4595
"C:/Users/emanu/AppData/Local/UnrealEngine/Common/DerivedDataCache/Buckets/LegacyDIST/91/96/5783cd5d357793b626ab111fa55c1fcd5e7b.udd" 4596
"C:/Users/emanu/AppData/Local/UnrealEngine/Common/DerivedDataCache/Buckets/LegacyCARD/45/37/20439b7ca747b57d1dc0852d789d1d24d1c1.udd" 4597
"C:/Users/emanu/AppData/Local/UnrealEngine/Common/DerivedDataCache/Buckets/LegacyNavCollision/92/c0/47597339752203c75e6b1c49571725be490a.udd" 4598
"C:/Users/emanu/AppData/Local/UnrealEngine/Common/DerivedDataCache/Buckets/StaticMesh/0a/e3/ffc7a8f2357262c3a69e355bfaa8bb9c592f.udd" 4599
"C:/Users/emanu/AppData/Local/UnrealEngine/Common/DerivedDataCache/Buckets/LegacyDIST/c7/7f/d820e57f72fc34e7efe75ca7cc4156310770.udd" 4600
"C:/Users/emanu/AppData/Local/UnrealEngine/Common/DerivedDataCache/Buckets/LegacyCARD/8d/73/40b985466d01571ce98128948e6c9a1cf125.udd" 4601
"C:/Users/emanu/AppData/Local/UnrealEngine/Common/DerivedDataCache/Buckets/LegacyCARD/c9/35/2f31efe5e30227accfad762f5b460e97d2fc.udd" 4602
"C:/Users/emanu/AppData/Local/UnrealEngine/Common/DerivedDataCache/Buckets/LegacyNavCollision/4c/fd/8cd509976c9581fb84b1f5c02f3946260750.udd" 4603
"C:/Users/emanu/AppData/Local/UnrealEngine/Common/DerivedDataCache/Buckets/StaticMesh/7a/b0/4c2c73ab9c32d6b3b319a779a6a4b34af217.udd" 4604
"C:/Users/emanu/AppData/Local/UnrealEngine/Common/DerivedDataCache/Buckets/LegacyDIST/10/66/03cc772f7c7519b3a65df7d5fbaa0208ca49.udd" 4605
"C:/Users/emanu/AppData/Local/UnrealEngine/Common/DerivedDataCache/Buckets/LegacyCARD/10/b7/abc8e977e5cacca34d20f0c5ded80f3205fc.udd" 4606
"C:/Users/emanu/AppData/Local/UnrealEngine/Common/DerivedDataCache/Buckets/StaticMesh/f9/f0/949460d1742a30e51eac8761dfd3c8cbdae8.udd" 4607
"C:/Users/emanu/AppData/Local/UnrealEngine/Common/DerivedDataCache/Buckets/StaticMesh/95/55/2365799dd1cc5521d3682745d29beadbf652.udd" 4608
"C:/Users/emanu/AppData/Local/UnrealEngine/Common/DerivedDataCache/Buckets/LegacyDIST/a8/0c/2256e502d2943dfdf75afbb15d6e89421405.udd" 4609
"C:/Users/emanu/AppData/Local/UnrealEngine/Common/DerivedDataCache/Buckets/LegacyCARD/b8/bf/7a4c92f7eae78355c6b19f278da3c4c576d4.udd" 4610
"C:/Users/emanu/AppData/Local/UnrealEngine/Common/DerivedDataCache/Buckets/LegacyDIST/98/da/c6085cef38955b0a3b165e111860a671ad8b.udd" 4611
"C:/Users/emanu/AppData/Local/UnrealEngine/Common/DerivedDataCache/Buckets/LegacyNavCollision/f1/44/4903f7b15095f2fd4e288808080ac67ae9ca.udd" 4612
"C:/Users/emanu/AppData/Local/UnrealEngine/Common/DerivedDataCache/Buckets/StaticMesh/49/0a/58f42ca84a8fc516d2d5c8469ba80a989f66.udd" 4613
"C:/Users/emanu/AppData/Local/UnrealEngine/Common/DerivedDataCache/Buckets/LegacyDIST/99/e8/0d2aa49c2a1b55241c77e7527b4432045c53.udd" 4614
"C:/Users/emanu/AppData/Local/UnrealEngine/Common/DerivedDataCache/Buckets/LegacyCARD/01/0e/1ad9412708185cf1c2523cb9b02b53a0d2b8.udd" 4615
"C:/Users/emanu/AppData/Local/UnrealEngine/Common/DerivedDataCache/Buckets/LegacyCARD/6e/48/568c49c4983fd9da5b915fe14debb5d4be82.udd" 4616
"C:/Users/emanu/AppData/Local/UnrealEngine/Common/DerivedDataCache/Buckets/LegacyNavCollision/24/2c/d0f68ddd85b516cc96fa892b5cebc0061b30.udd" 4617
"C:/Users/emanu/AppData/Local/UnrealEngine/Common/DerivedDataCache/Buckets/StaticMesh/dd/4e/ad797ca4d2896d4225ccc441b9165c96bd56.udd" 4618
"C:/Users/emanu/AppData/Local/UnrealEngine/Common/DerivedDataCache/Buckets/LegacyDIST/f1/66/f30b7ab55abfbf50c2d1a4f993c1914529fd.udd" 4619
"C:/Users/emanu/AppData/Local/UnrealEngine/Common/DerivedDataCache/Buckets/LegacyCARD/ae/7a/6eae53766520a57649ec47eeebdb5fa6370c.udd" 4620
"C:/Users/emanu/AppData/Local/UnrealEngine/Common/DerivedDataCache/Buckets/StaticMesh/64/e5/c28998e0e2121514d075326a5e8934ff4474.udd" 4621
"C:/Users/emanu/AppData/Local/UnrealEngine/Common/DerivedDataCache/Buckets/StaticMesh/41/c2/468a73db4940d6c5c05ff8614945ead68aa4.udd" 4622
"C:/Users/emanu/AppData/Local/UnrealEngine/Common/DerivedDataCache/Buckets/LegacyDIST/eb/29/1a107a36edbc3152690e4a628ced3e936c10.udd" 4623
"C:/Users/emanu/AppData/Local/UnrealEngine/Common/DerivedDataCache/Buckets/LegacyDIST/54/b8/6aaa2108ea8f303f88fc98d128eb440c4ed3.udd" 4624
"C:/Users/emanu/AppData/Local/UnrealEngine/Common/DerivedDataCache/Buckets/LegacyCARD/ba/cc/663936fa5189e07b78acbb3fdc34a72d1c55.udd" 4625
"C:/Users/emanu/AppData/Local/UnrealEngine/Common/DerivedDataCache/Buckets/LegacyNavCollision/d4/62/80e82562bdff2e2a98178719099edf6761d1.udd" 4626
"C:/Users/emanu/AppData/Local/UnrealEngine/Common/DerivedDataCache/Buckets/StaticMesh/58/b4/7324b65f868fdb6debed7adf392dadfacb3b.udd" 4627
"C:/Users/emanu/AppData/Local/UnrealEngine/Common/DerivedDataCache/Buckets/LegacyDIST/d3/42/892ee0c532df5c864118245957e12f467ea9.udd" 4628
"C:/Users/emanu/AppData/Local/UnrealEngine/Common/DerivedDataCache/Buckets/LegacyCARD/a7/db/00bde676ffbcf98d2ddb663d6e4614077b66.udd" 4629
"C:/Users/emanu/AppData/Local/UnrealEngine/Common/DerivedDataCache/Buckets/LegacyCARD/71/5f/b24a039c0831f8a1f099fdea368673068d63.udd" 4630
"C:/Users/emanu/AppData/Local/UnrealEngine/Common/DerivedDataCache/Buckets/LegacyNavCollision/7e/6d/2f97cca0e1511f575e1fb246eb785a3f74d8.udd" 4631
"C:/Users/emanu/AppData/Local/UnrealEngine/Common/DerivedDataCache/Buckets/StaticMesh/6c/a8/94733e86f3dc76727655387233c8caaeb57e.udd" 4632
"C:/Users/emanu/AppData/Local/UnrealEngine/Common/DerivedDataCache/Buckets/LegacyDIST/10/6b/80f47295d845291ef01dc5f5597e533981ad.udd" 4633
"C:/Users/emanu/AppData/Local/UnrealEngine/Common/DerivedDataCache/Buckets/LegacyCARD/d3/e9/781bd18ff0aede43d2da889e3420300f39c9.udd" 4634
"C:/Users/emanu/AppData/Local/UnrealEngine/Common/DerivedDataCache/Buckets/StaticMesh/40/6c/d2b2b5157ab21659ddd5a47539dd2dd4dbf9.udd" 4635
"C:/Users/emanu/AppData/Local/UnrealEngine/Common/DerivedDataCache/Buckets/LegacyDIST/c8/e1/64a88a359bb34f54b7c19448d3fb059fcb4e.udd" 4636
"C:/Users/emanu/AppData/Local/UnrealEngine/Common/DerivedDataCache/Buckets/StaticMesh/cd/64/69487f123cb3de34f5dbd484657d846198c9.udd" 4637
"C:/Users/emanu/AppData/Local/UnrealEngine/Common/DerivedDataCache/Buckets/LegacyCARD/d7/3a/3df9ee9a7284e7571ca0342b7c8565db2efd.udd" 4638
"C:/Users/emanu/AppData/Local/UnrealEngine/Common/DerivedDataCache/Buckets/LegacyNavCollision/27/08/37cf5613b70a0299936a1650465a2c9f5293.udd" 4639
"C:/Users/emanu/AppData/Local/UnrealEngine/Common/DerivedDataCache/Buckets/LegacyDIST/ed/97/6a0297d67d4c318fb4a4c0e96ce83020d112.udd" 4640
"C:/Users/emanu/AppData/Local/UnrealEngine/Common/DerivedDataCache/Buckets/StaticMesh/66/f3/0f6dd9cf35ad2fb91db6852014ee3ee48c81.udd" 4641
"C:/Users/emanu/AppData/Local/UnrealEngine/Common/DerivedDataCache/Buckets/LegacyDIST/51/68/0fb4431bbe83b3cdeb15c6aaa7ae6e1d1762.udd" 4642
"C:/Users/emanu/AppData/Local/UnrealEngine/Common/DerivedDataCache/Buckets/LegacyCARD/bf/0f/4d1cb6c35ef0712bf32b1c1a91367b4a909e.udd" 4643
"C:/Users/emanu/AppData/Local/UnrealEngine/Common/DerivedDataCache/Buckets/LegacyCARD/1c/0f/c8db048f1ada36829912c207cb2c3be31ac8.udd" 4644
"C:/Users/emanu/AppData/Local/UnrealEngine/Common/DerivedDataCache/Buckets/LegacyNavCollision/f4/4d/9199ead439693d784723ae3aa79102c7b67c.udd" 4645
"C:/Users/emanu/AppData/Local/UnrealEngine/Common/DerivedDataCache/Buckets/StaticMesh/5b/53/9c878687f3f73828fb62bb2cc48ce45b3ecb.udd" 4646
"C:/Users/emanu/AppData/Local/UnrealEngine/Common/DerivedDataCache/Buckets/LegacyDIST/27/25/5fa5dd8b69b7165d1b7d7c2bc431e12d27dc.udd" 4647
"C:/Users/emanu/AppData/Local/UnrealEngine/Common/DerivedDataCache/Buckets/StaticMesh/11/de/09ed68596ae651f3313acc52edcd7ba5b644.udd" 4648
"C:/Users/emanu/AppData/Local/UnrealEngine/Common/DerivedDataCache/Buckets/LegacyCARD/96/87/59b49e835a47d13b32299e1e2864f705e938.udd" 4649
"C:/Users/emanu/AppData/Local/UnrealEngine/Common/DerivedDataCache/Buckets/StaticMesh/97/62/330ed52b0be6217f1aa983519394790cff1a.udd" 4650
"C:/Users/emanu/AppData/Local/UnrealEngine/Common/DerivedDataCache/Buckets/LegacyDIST/c4/b3/a65cc8345baee25114e3db0bfb7783f2112c.udd" 4651
"C:/Users/emanu/AppData/Local/UnrealEngine/Common/DerivedDataCache/Buckets/LegacyCARD/15/48/8d6269dea47589941f9f19ce32283d807006.udd" 4652
"C:/Users/emanu/AppData/Local/UnrealEngine/Common/DerivedDataCache/Buckets/LegacyDIST/99/1f/7f33c40a92fc05f67af6bf5e082a6cb58b80.udd" 4653
"C:/Users/emanu/AppData/Local/UnrealEngine/Common/DerivedDataCache/Buckets/LegacyNavCollision/31/62/f116924507850c4d2b4a41107c482030a0bd.udd" 4654
"C:/Users/emanu/AppData/Local/UnrealEngine/Common/DerivedDataCache/Buckets/StaticMesh/5e/39/e8e1f7ead0843a0193ab351be2fdf5b4e396.udd" 4655
"C:/Users/emanu/AppData/Local/UnrealEngine/Common/DerivedDataCache/Buckets/LegacyDIST/8d/8a/5a7bd800da0a9bc1c75d0344e59fd382618f.udd" 4656
"C:/Users/emanu/AppData/Local/UnrealEngine/Common/DerivedDataCache/Buckets/LegacyCARD/32/9c/55148eaca20ca80d4c60b0e036ed8762fd91.udd" 4657
"C:/Users/emanu/AppData/Local/UnrealEngine/Common/DerivedDataCache/Buckets/LegacyCARD/32/97/6d81e827c95fa11ada6bfec5fae347be2019.udd" 4658
"C:/Users/emanu/AppData/Local/UnrealEngine/Common/DerivedDataCache/Buckets/LegacyNavCollision/06/6a/e373d3144637f9b04b654cb3fa75f3ff9b82.udd" 4659
"C:/Users/emanu/AppData/Local/UnrealEngine/Common/DerivedDataCache/Buckets/StaticMesh/32/0b/0d3e6e08108391a83991d3551cd4333be7c9.udd" 4660
"C:/Users/emanu/AppData/Local/UnrealEngine/Common/DerivedDataCache/Buckets/LegacyDIST/18/ea/9528714bf0969de52a416d3ccdbb8084f5a3.udd" 4661
"C:/Users/emanu/AppData/Local/UnrealEngine/Common/DerivedDataCache/Buckets/LegacyCARD/d7/17/f8d036375e9a02b7b8b5867ec4d19702b03e.udd" 4662
"C:/Users/emanu/AppData/Local/UnrealEngine/Common/DerivedDataCache/Buckets/StaticMesh/33/75/73fd2d019241a0398129601f59897dd1d03c.udd" 4663
"C:/Users/emanu/AppData/Local/UnrealEngine/Common/DerivedDataCache/Buckets/StaticMesh/f5/49/3d92ee19a15a965206efb440807e52b0f8ae.udd" 4664
"C:/Users/emanu/AppData/Local/UnrealEngine/Common/DerivedDataCache/Buckets/LegacyDIST/d8/ea/eff1500a595fae942a5bb349ceb6f5e062a2.udd" 4665
"C:/Users/emanu/AppData/Local/UnrealEngine/Common/DerivedDataCache/Buckets/LegacyCARD/64/0f/1dca91406e3fb88cba81e6fda3f52f6a5448.udd" 4666
"C:/Users/emanu/AppData/Local/UnrealEngine/Common/DerivedDataCache/Buckets/LegacyDIST/c9/02/a91f162eb49249c918ba68fa1c191c58c31e.udd" 4667
"C:/Users/emanu/AppData/Local/UnrealEngine/Common/DerivedDataCache/Buckets/LegacyNavCollision/d7/70/78cad7ca32e61cba1a889a85c309fb5c8237.udd" 4668
"C:/Users/emanu/AppData/Local/UnrealEngine/Common/DerivedDataCache/Buckets/StaticMesh/43/b3/d1667d4f73931ae2933be6d598f45dc9aeb4.udd" 4669
"C:/Users/emanu/AppData/Local/UnrealEngine/Common/DerivedDataCache/Buckets/LegacyDIST/9c/47/f1be81783ea361f2d0cce884e600e2a0b62c.udd" 4670
"C:/Users/emanu/AppData/Local/UnrealEngine/Common/DerivedDataCache/Buckets/LegacyCARD/5b/fd/e4df1244f7c963cba6be30db00e7eee6781e.udd" 4671
"C:/Users/emanu/AppData/Local/UnrealEngine/Common/DerivedDataCache/Buckets/LegacyCARD/4d/bf/1d7aa4011a27f0af2459fbcc2859eff96eff.udd" 4672
"C:/Users/emanu/AppData/Local/UnrealEngine/Common/DerivedDataCache/Buckets/LegacyNavCollision/98/db/efe264659ee2abf22e9e59057f160b0ce44d.udd" 4673
"C:/Users/emanu/AppData/Local/UnrealEngine/Common/DerivedDataCache/Buckets/StaticMesh/3e/9f/f214d3150e97a9bca2ac0cd967812e2a4009.udd" 4674
"C:/Users/emanu/AppData/Local/UnrealEngine/Common/DerivedDataCache/Buckets/LegacyDIST/2f/91/1cebd9c0c3ff9643008b278016177d4dd908.udd" 4675
"C:/Users/emanu/AppData/Local/UnrealEngine/Common/DerivedDataCache/Buckets/StaticMesh/18/84/b0d55f2964f533ca7797049cf25122532c80.udd" 4676
"C:/Users/emanu/AppData/Local/UnrealEngine/Common/DerivedDataCache/Buckets/LegacyCARD/2c/1e/0bcf5bc09ea45ee79908d21ce854fcfceb2c.udd" 4677
"C:/Users/emanu/AppData/Local/UnrealEngine/Common/DerivedDataCache/Buckets/LegacyDIST/ea/7e/d769623dc1c368fb8115080d6785ec33d07e.udd" 4678
"C:/Users/emanu/AppData/Local/UnrealEngine/Common/DerivedDataCache/Buckets/StaticMesh/2a/37/463778b494ff93696ea59d1b2af5454eb5a4.udd" 4679
"C:/Users/emanu/AppData/Local/UnrealEngine/Common/DerivedDataCache/Buckets/LegacyCARD/7c/a9/067211c52c51092e76b905e6628d6e75c661.udd" 4680
"C:/Users/emanu/AppData/Local/UnrealEngine/Common/DerivedDataCache/Buckets/LegacyNavCollision/05/96/cb9fb899acdfa6f1bb1138e34148c75b72d3.udd" 4681
"C:/Users/emanu/AppData/Local/UnrealEngine/Common/DerivedDataCache/Buckets/StaticMesh/2d/7e/956b175b7d926de215a3a5d6f784214a7c20.udd" 4682
"C:/Users/emanu/AppData/Local/UnrealEngine/Common/DerivedDataCache/Buckets/LegacyDIST/53/24/fd7ad883885896b58f0d7b73642f7a691d33.udd" 4683
"C:/Users/emanu/AppData/Local/UnrealEngine/Common/DerivedDataCache/Buckets/LegacyCARD/1e/f5/10ddb1da66dee32e726e45f2d7110ba9afd2.udd" 4684
"C:/Users/emanu/AppData/Local/UnrealEngine/Common/DerivedDataCache/Buckets/LegacyDIST/1a/3e/331be4dc9d65ed61defcba89ee5c7fde8b5c.udd" 4685
"C:/Users/emanu/AppData/Local/UnrealEngine/Common/DerivedDataCache/Buckets/LegacyCARD/17/4e/f9a1f8a6c5ddb90708fb2a48a2cfa1af9bda.udd" 4686
"C:/Users/emanu/AppData/Local/UnrealEngine/Common/DerivedDataCache/Buckets/LegacyNavCollision/4e/86/02e513c8edd65cd8dae7147e76c91cf80a7b.udd" 4687
"C:/Users/emanu/AppData/Local/UnrealEngine/Common/DerivedDataCache/Buckets/StaticMesh/6a/68/a9e4d5fb1317a3f0815fd365aeba063c14b0.udd" 4688
"C:/Users/emanu/AppData/Local/UnrealEngine/Common/DerivedDataCache/Buckets/StaticMesh/a0/2b/54bdf1d5a279fc67c680bac7671f24ee81b3.udd" 4689
"C:/Users/emanu/AppData/Local/UnrealEngine/Common/DerivedDataCache/Buckets/LegacyDIST/20/cd/ca3404a87e4d4f1737849d6752bd056553d0.udd" 4690
"C:/Users/emanu/AppData/Local/UnrealEngine/Common/DerivedDataCache/Buckets/LegacyCARD/20/7c/18fabb6e308edd91d3e84b59ab5291e68b98.udd" 4691
"C:/Users/emanu/AppData/Local/UnrealEngine/Common/DerivedDataCache/Buckets/LegacyChaosGeometryData/22/1b/dc18ce936e0246c6e65214f2f8d52376f67c.udd" 4692
"C:/Users/emanu/AppData/Local/UnrealEngine/Common/DerivedDataCache/Buckets/LegacyDIST/ba/e6/d584676f954ed3575f348623b8e840917d2d.udd" 4693
"C:/Users/emanu/AppData/Local/UnrealEngine/Common/DerivedDataCache/Buckets/StaticMesh/1a/f1/4cb83bc6e85605b965d9f7fb66574245b267.udd" 4694
"C:/Users/emanu/AppData/Local/UnrealEngine/Common/DerivedDataCache/Buckets/LegacyCARD/29/ff/3709543c6b2696a28493213312771ea8450f.udd" 4695
"C:/Users/emanu/AppData/Local/UnrealEngine/Common/DerivedDataCache/Buckets/LegacyNavCollision/b0/86/de68f6f5dacb413aea486fb4a1c4f0d274f8.udd" 4696
"C:/Users/emanu/AppData/Local/UnrealEngine/Common/DerivedDataCache/Buckets/StaticMesh/90/77/5a944ff13031fcb583113de08740aeef3506.udd" 4697
"C:/Users/emanu/AppData/Local/UnrealEngine/Common/DerivedDataCache/Buckets/LegacyDIST/81/28/0ce6d6a6378f3ba829d06d8cc91e5107a379.udd" 4698
"C:/Users/emanu/AppData/Local/UnrealEngine/Common/DerivedDataCache/Buckets/LegacyCARD/fb/40/f0958922f8ea43e0ce138b6356135fd1e0a1.udd" 4699
"C:/Users/emanu/AppData/Local/UnrealEngine/Common/DerivedDataCache/Buckets/LegacyDIST/dc/5d/f46b63f39c142913ec8a2551db2380bebcd7.udd" 4700
"C:/Users/emanu/AppData/Local/UnrealEngine/Common/DerivedDataCache/Buckets/StaticMesh/56/44/ebe2e704e75beb14f1c7a06919540cf7b843.udd" 4701
"C:/Users/emanu/AppData/Local/UnrealEngine/Common/DerivedDataCache/Buckets/LegacyCARD/dc/a5/c1c18c82cd9d62386b8216f8cc63e0c4605c.udd" 4702
"C:/Users/emanu/AppData/Local/UnrealEngine/Common/DerivedDataCache/Buckets/LegacyNavCollision/50/ad/214aaf7b3250a38d576e62cdd4800f0e4f8c.udd" 4703
"C:/Users/emanu/AppData/Local/UnrealEngine/Common/DerivedDataCache/Buckets/LegacySTREAMEDAUDIO/05/1b/72e4fa4739f420b9a2b9cd969f4a66c8031e.udd" 4704
"C:/Users/emanu/AppData/Local/UnrealEngine/Common/DerivedDataCache/Buckets/LegacySTREAMEDAUDIO/3f/6b/e1b7bc8342bd4c82b90bd8bafeba69f24631.udd" 4705
"C:/Users/emanu/AppData/Local/UnrealEngine/Common/DerivedDataCache/Buckets/LegacySTREAMEDAUDIO/d3/4c/dc416c0d1f7d96672f9853f2c04a61a11840.udd" 4706
"C:/Users/emanu/AppData/Local/UnrealEngine/Common/DerivedDataCache/Buckets/LegacySTREAMEDAUDIO/a4/22/7c8a3c67bece86412187dfbc221976a884b1.udd" 4707
"C:/Users/emanu/AppData/Local/UnrealEngine/Common/DerivedDataCache/Buckets/LegacySTREAMEDAUDIO/52/02/40a38359f2df34147e3330edba42b5fb789f.udd" 4708
"C:/Users/emanu/AppData/Local/UnrealEngine/Common/DerivedDataCache/Buckets/LegacySTREAMEDAUDIO/f3/f9/65f420a0522f4be49e94a5c43b066f044548.udd" 4709
"C:/Users/emanu/AppData/Local/UnrealEngine/Common/DerivedDataCache/Buckets/LegacySTREAMEDAUDIO/0c/a7/791ccbc52e021d8b8811d2452bae0d862c3b.udd" 4710
"C:/Users/emanu/AppData/Local/UnrealEngine/Common/DerivedDataCache/Buckets/LegacySTREAMEDAUDIO/a0/88/21b66d6d80ce37799d10f055703014bd3c91.udd" 4711
"C:/Users/emanu/AppData/Local/UnrealEngine/Common/DerivedDataCache/Buckets/LegacySTREAMEDAUDIO/b9/5d/ac0328ba94e7f545b4faf4d877b3037083d6.udd" 4712
"C:/Users/emanu/AppData/Local/UnrealEngine/Common/DerivedDataCache/Buckets/LegacySTREAMEDAUDIO/bb/4c/283169e010ebb1c861ad2dd3915c9469a1d7.udd" 4713
"C:/Users/emanu/AppData/Local/UnrealEngine/Common/DerivedDataCache/Buckets/LegacySTREAMEDAUDIO/43/3a/9386e4dadeeba8dd13d9705ac0bfd75af94b.udd" 4714
"C:/Users/emanu/AppData/Local/UnrealEngine/Common/DerivedDataCache/Buckets/LegacySTREAMEDAUDIO/64/76/ed8f099f55e08651a27684cc9bd3b12bd170.udd" 4715
"C:/Users/emanu/AppData/Local/UnrealEngine/Common/DerivedDataCache/Buckets/LegacySTREAMEDAUDIO/d6/1e/11c468da096964e034cfaa8247ea8da422b9.udd" 4716
"C:/Users/emanu/AppData/Local/UnrealEngine/Common/DerivedDataCache/Buckets/LegacySTREAMEDAUDIO/ec/18/bc926ce39ab3ca048ced0a8ca07616332680.udd" 4717
"C:/Users/emanu/AppData/Local/UnrealEngine/Common/DerivedDataCache/Buckets/LegacySTREAMEDAUDIO/37/07/7d0b2b1eaed449576f30dc49e396d6dd1870.udd" 4718
"C:/Users/emanu/AppData/Local/UnrealEngine/Common/DerivedDataCache/Buckets/LegacySTREAMEDAUDIO/05/21/e11a092e58072046fed6f5dc617d0a29147c.udd" 4719
"C:/Users/emanu/AppData/Local/UnrealEngine/Common/DerivedDataCache/Buckets/LegacySTREAMEDAUDIO/75/91/f67a7f5f1e6ea58fb52431ec810673d88d0a.udd" 4720
"C:/Users/emanu/AppData/Local/UnrealEngine/Common/DerivedDataCache/Buckets/LegacySTREAMEDAUDIO/79/02/2756b7026b4236018cc9224a40a5f8159ccd.udd" 4721
"C:/Users/emanu/AppData/Local/UnrealEngine/Common/DerivedDataCache/Buckets/LegacySTREAMEDAUDIO/76/d6/c545bfebb39c4cae14e6147abcc2dbe62c20.udd" 4722
"C:/Users/emanu/AppData/Local/UnrealEngine/Common/DerivedDataCache/Buckets/LegacySTREAMEDAUDIO/53/b3/fb3564707d0ffd34c3b203f5e663c8ab1fd7.udd" 4723
"C:/Users/emanu/AppData/Local/UnrealEngine/Common/DerivedDataCache/Buckets/LegacySTREAMEDAUDIO/e7/a9/ed1d3033d07f20905f4441eef9efa69a6834.udd" 4724
"C:/Users/emanu/AppData/Local/UnrealEngine/Common/DerivedDataCache/Buckets/LegacyDIST/31/c2/18d07a93caca8b82092e524c13406b6dcab6.udd" 4725
"C:/Users/emanu/AppData/Local/UnrealEngine/Common/DerivedDataCache/Buckets/LegacySTREAMEDAUDIO/65/12/255e8ce4b76c27463a1b15b5c29c769c1578.udd" 4726
"C:/Users/emanu/AppData/Local/UnrealEngine/Common/DerivedDataCache/Buckets/LegacySTREAMEDAUDIO/cb/1e/51293d60e9553970ed6f8993bda9bf8ff538.udd" 4727
"C:/Users/emanu/AppData/Local/UnrealEngine/Common/DerivedDataCache/Buckets/LegacyCARD/94/d0/994e1b177c3ce6976762517a777fbcaa91f7.udd" 4728
"C:/Users/emanu/AppData/Local/UnrealEngine/Common/DerivedDataCache/Buckets/LegacySTREAMEDAUDIO/28/95/8f59cad835395c2d3dc1a50b043a6b03d663.udd" 4729
"C:/Users/emanu/AppData/Local/UnrealEngine/Common/DerivedDataCache/Buckets/LegacySTREAMEDAUDIO/53/d1/66fd60e081e466d86147de63136698cdf370.udd" 4730
"C:/Users/emanu/AppData/Local/UnrealEngine/Common/DerivedDataCache/Buckets/LegacySTREAMEDAUDIO/c3/28/ce6b57f371389bdcfd530c2c99dc9aacdbc9.udd" 4731
"C:/Users/emanu/AppData/Local/UnrealEngine/Common/DerivedDataCache/Buckets/LegacyNavCollision/38/b7/4d7a8ca44ff2ad3753c8c9a09b58ee954e5d.udd" 4732
"C:/Users/emanu/AppData/Local/UnrealEngine/Common/DerivedDataCache/Buckets/LegacySTREAMEDAUDIO/47/29/5b3b704bac3b21940db82145271743312ea7.udd" 4733
"C:/Users/emanu/AppData/Local/UnrealEngine/Common/DerivedDataCache/Buckets/LegacySTREAMEDAUDIO/55/24/0f08e3462d2c626a431c6afbdb0d5e083df1.udd" 4734
"C:/Users/emanu/AppData/Local/UnrealEngine/Common/DerivedDataCache/Buckets/LegacySTREAMEDAUDIO/a6/6b/5111748cae9dd0d91c38389f82c140ae973a.udd" 4735
"C:/Users/emanu/AppData/Local/UnrealEngine/Common/DerivedDataCache/Buckets/LegacySTREAMEDAUDIO/d0/de/da5af6f5c0b0059cf37a2b88111c93b10b7b.udd" 4736
"C:/Users/emanu/AppData/Local/UnrealEngine/Common/DerivedDataCache/Buckets/LegacySTREAMEDAUDIO/ca/39/67147ffcf80fc2c94fcfdfe266b551429d55.udd" 4737
"C:/Users/emanu/AppData/Local/UnrealEngine/Common/DerivedDataCache/Buckets/LegacySTREAMEDAUDIO/7e/b6/0b01f40c4ed9e652cb7ddc091edbfb5ff27b.udd" 4738
"C:/Users/emanu/AppData/Local/UnrealEngine/Common/DerivedDataCache/Buckets/LegacySTREAMEDAUDIO/eb/d0/4c68824e5be64ed95fd001792f1589fe61c6.udd" 4739
"C:/Users/emanu/AppData/Local/UnrealEngine/Common/DerivedDataCache/Buckets/LegacySTREAMEDAUDIO/29/2d/6141c6a41d6c5e7d12f92877218cee747379.udd" 4740
"C:/Users/emanu/AppData/Local/UnrealEngine/Common/DerivedDataCache/Buckets/LegacySTREAMEDAUDIO/fa/c3/e244de60b0b03fce3ad506382c5d8ebb3754.udd" 4741
"C:/Users/emanu/AppData/Local/UnrealEngine/Common/DerivedDataCache/Buckets/LegacySTREAMEDAUDIO/0f/a0/f3f64e45bc53ef1ab11fe4485abedeb312bc.udd" 4742
"C:/Users/emanu/AppData/Local/UnrealEngine/Common/DerivedDataCache/Buckets/LegacySTREAMEDAUDIO/27/99/2860facecd4a5a42797e047dd56b2cfa4c21.udd" 4743
"C:/Users/emanu/AppData/Local/UnrealEngine/Common/DerivedDataCache/Buckets/LegacySTREAMEDAUDIO/59/b3/e9837f5707b8d3adf90f14c827b70966d887.udd" 4744
"C:/Users/emanu/AppData/Local/UnrealEngine/Common/DerivedDataCache/Buckets/LegacySTREAMEDAUDIO/fd/39/1553f0c4be86dd95ecd09d7d0a263010f74c.udd" 4745
"C:/Users/emanu/AppData/Local/UnrealEngine/Common/DerivedDataCache/Buckets/LegacySTREAMEDAUDIO/a7/09/a36870951a888fafcf50818047a9a74c23b4.udd" 4746
"C:/Users/emanu/AppData/Local/UnrealEngine/Common/DerivedDataCache/Buckets/LegacySTREAMEDAUDIO/07/53/74eaed5751fc09665c511d7be0bd6d5d43f8.udd" 4747
"C:/Users/emanu/AppData/Local/UnrealEngine/Common/DerivedDataCache/Buckets/LegacySTREAMEDAUDIO/af/0a/ad41e18121e68ca45424efba952065ac9cf6.udd" 4748
"C:/Users/emanu/AppData/Local/UnrealEngine/Common/DerivedDataCache/Buckets/LegacySTREAMEDAUDIO/af/6b/f20662dfe9ae8b06712d6878d438fce16a2f.udd" 4749
"C:/Users/emanu/AppData/Local/UnrealEngine/Common/DerivedDataCache/Buckets/LegacySTREAMEDAUDIO/a9/a1/bc3b9399cfc82cd2de8a782c593fce62cf9b.udd" 4750
"C:/Users/emanu/AppData/Local/UnrealEngine/Common/DerivedDataCache/Buckets/LegacySTREAMEDAUDIO/79/3b/af2be6e617e4a4dafb2ee9d15e16fa82b206.udd" 4751
"C:/Users/emanu/AppData/Local/UnrealEngine/Common/DerivedDataCache/Buckets/LegacySTREAMEDAUDIO/34/8b/3e76223b61dde0aa6423e96519ff3e6fdace.udd" 4752
"C:/Users/emanu/AppData/Local/UnrealEngine/Common/DerivedDataCache/Buckets/LegacySTREAMEDAUDIO/88/88/c0de9bbb39536203a608c323566aaf5fd4ce.udd" 4753
"C:/Users/emanu/AppData/Local/UnrealEngine/Common/DerivedDataCache/Buckets/LegacySTREAMEDAUDIO/3d/82/8f93d286580483a299d25295ac7413030d2d.udd" 4754
"C:/Users/emanu/AppData/Local/UnrealEngine/Common/DerivedDataCache/Buckets/LegacySTREAMEDAUDIO/2f/b2/4b58e00defb682b4dfe12614bf782949c5c8.udd" 4755
"C:/Users/emanu/AppData/Local/UnrealEngine/Common/DerivedDataCache/Buckets/LegacySTREAMEDAUDIO/4b/92/57c37a0fbdcc115d9778c4c7d32b695259d4.udd" 4756
"C:/Users/emanu/AppData/Local/UnrealEngine/Common/DerivedDataCache/Buckets/LegacySTREAMEDAUDIO/2b/28/303d8f001ff305d9b5f38d1dc210b727c9dc.udd" 4757
"C:/Users/emanu/AppData/Local/UnrealEngine/Common/DerivedDataCache/Buckets/LegacySTREAMEDAUDIO/71/7a/e0538adb6098fb89e5dcb27283ab28cc1d86.udd" 4758
"C:/Users/emanu/AppData/Local/UnrealEngine/Common/DerivedDataCache/Buckets/LegacySTREAMEDAUDIO/ed/3a/25691371c3adc3b80997972d022dee2e0b8f.udd" 4759
"C:/Users/emanu/AppData/Local/UnrealEngine/Common/DerivedDataCache/Buckets/LegacySTREAMEDAUDIO/04/fa/0cda111d43027782fbe3a3f000933c5ecf21.udd" 4760
"C:/Users/emanu/AppData/Local/UnrealEngine/Common/DerivedDataCache/Buckets/LegacySTREAMEDAUDIO/b5/b5/c42bb3892d8b3914b048dd17c42f9e4706b5.udd" 4761
"C:/Users/emanu/AppData/Local/UnrealEngine/Common/DerivedDataCache/Buckets/LegacySTREAMEDAUDIO/72/38/40d1b83645e89fa1a5dcfa326abff8cce35d.udd" 4762
"C:/Users/emanu/AppData/Local/UnrealEngine/Common/DerivedDataCache/Buckets/LegacySTREAMEDAUDIO/7d/c2/e26dc4e817541c08a5883b8f443049a85370.udd" 4763
"C:/Users/emanu/AppData/Local/UnrealEngine/Common/DerivedDataCache/Buckets/LegacySTREAMEDAUDIO/28/8c/c6ac89d496849d7472650c790d62194a972a.udd" 4764
"C:/Users/emanu/AppData/Local/UnrealEngine/Common/DerivedDataCache/Buckets/LegacySTREAMEDAUDIO/36/5c/a5588d929572f75043e3a59219249e97e9bc.udd" 4765
"C:/Users/emanu/AppData/Local/UnrealEngine/Common/DerivedDataCache/Buckets/LegacySTREAMEDAUDIO/96/da/155cb9f0c6ca118de35b793cb5bee426df4d.udd" 4766
"C:/Users/emanu/AppData/Local/UnrealEngine/Common/DerivedDataCache/Buckets/LegacySTREAMEDAUDIO/27/56/e72247749dca9361a1bd48433a8bc0ff62a5.udd" 4767
"C:/Users/emanu/AppData/Local/UnrealEngine/Common/DerivedDataCache/Buckets/LegacySTREAMEDAUDIO/e6/74/d6b0d0bf1a28b64339f4d7ebfb76ed3316c2.udd" 4768
"C:/Users/emanu/AppData/Local/UnrealEngine/Common/DerivedDataCache/Buckets/LegacySTREAMEDAUDIO/c4/3f/3db305a24a7dd1a63ae18d77423071f7eeff.udd" 4769
"C:/Users/emanu/AppData/Local/UnrealEngine/Common/DerivedDataCache/Buckets/LegacySTREAMEDAUDIO/b8/20/edf97c43ce4ce00421c109aa526ca531b935.udd" 4770
"C:/Users/emanu/AppData/Local/UnrealEngine/Common/DerivedDataCache/Buckets/LegacySTREAMEDAUDIO/2d/7a/c178e070811c4627d3cd7bd7d1990945644a.udd" 4771
"C:/Users/emanu/AppData/Local/UnrealEngine/Common/DerivedDataCache/Buckets/LegacySTREAMEDAUDIO/74/30/957288295b64b6f19995b3b2fba9a8c0d759.udd" 4772
"C:/Users/emanu/AppData/Local/UnrealEngine/Common/DerivedDataCache/Buckets/LegacySTREAMEDAUDIO/0d/df/5e728b741fbc02052d7067ff2827f65d0751.udd" 4773
"C:/Users/emanu/AppData/Local/UnrealEngine/Common/DerivedDataCache/Buckets/LegacySTREAMEDAUDIO/1b/b9/801c18d5a4514d4af759a051ebcc5075d234.udd" 4774
"C:/Users/emanu/AppData/Local/UnrealEngine/Common/DerivedDataCache/Buckets/LegacySTREAMEDAUDIO/e4/a6/3766e1c1f87b3032cb1f45061b43e8842fa1.udd" 4775
"C:/Users/emanu/AppData/Local/UnrealEngine/Common/DerivedDataCache/Buckets/LegacySTREAMEDAUDIO/b6/85/5ec4d46d18ad8c21916639634e2c55b40c51.udd" 4776
"C:/Users/emanu/AppData/Local/UnrealEngine/Common/DerivedDataCache/Buckets/LegacySTREAMEDAUDIO/8d/ae/be29c920a144fab860b921aa95fcb9eb43ec.udd" 4777
"C:/Users/emanu/AppData/Local/UnrealEngine/Common/DerivedDataCache/Buckets/LegacySTREAMEDAUDIO/b8/da/debfc45982fbc4f010190d9aa8dbeebdd610.udd" 4778
"C:/Users/emanu/AppData/Local/UnrealEngine/Common/DerivedDataCache/Buckets/LegacySTREAMEDAUDIO/03/ad/b713eb420a97d417de1bd048d6564642dd86.udd" 4779
"C:/Users/emanu/AppData/Local/UnrealEngine/Common/DerivedDataCache/Buckets/LegacySTREAMEDAUDIO/e4/c8/d2c72e9159ce08c8cc1d6c8a43ce7c3c1671.udd" 4780
"C:/Users/emanu/AppData/Local/UnrealEngine/Common/DerivedDataCache/Buckets/LegacySTREAMEDAUDIO/41/f4/373896244ce4746c350bdeb14093c2a29c14.udd" 4781
"C:/Users/emanu/AppData/Local/UnrealEngine/Common/DerivedDataCache/Buckets/LegacySTREAMEDAUDIO/e7/15/e48c54ab9fd9e3174a5a0852cf0f53a718e5.udd" 4782
"C:/Users/emanu/AppData/Local/UnrealEngine/Common/DerivedDataCache/Buckets/LegacySTREAMEDAUDIO/0a/bf/c3f9bb359f6cb02a70fda27abb3dfa4c0bfb.udd" 4783
"C:/Users/emanu/AppData/Local/UnrealEngine/Common/DerivedDataCache/Buckets/LegacyTEXTURE/05/ec/0505a3e8f4d9481193b7d1dda4476e390344.udd" 4784
"C:/Users/emanu/AppData/Local/UnrealEngine/Common/DerivedDataCache/Buckets/LegacyTEXTURE/63/07/f3d225d2cbfde4107bf567e8f0e9955ff189.udd" 4785
"C:/Users/emanu/AppData/Local/UnrealEngine/Common/DerivedDataCache/Buckets/LegacyTEXTURE/86/df/7c5c57ed5142950ecd62bfecf54db4d07593.udd" 4786
"C:/Users/emanu/AppData/Local/UnrealEngine/Common/DerivedDataCache/Buckets/LegacyTEXTURE/2b/e4/21cc42a7f43f165570ddecc8facda6ff589a.udd" 4787
"C:/Users/emanu/AppData/Local/UnrealEngine/Common/DerivedDataCache/Buckets/LegacyTEXTURE/ab/50/425e172893e76b9302c1b0c2151860c7e2e7.udd" 4788
"C:/Users/emanu/AppData/Local/UnrealEngine/Common/DerivedDataCache/Buckets/LegacyTEXTURE/59/fc/0b8c05487f62f4cc780ca4ef917ace527c1f.udd" 4789
"C:/Users/emanu/AppData/Local/UnrealEngine/Common/DerivedDataCache/Buckets/LegacySTREAMEDAUDIO/51/38/3d60697d9fdf1e243a5069288b81ccbb6a7c.udd" 4790
"C:/Users/emanu/AppData/Local/UnrealEngine/Common/DerivedDataCache/Buckets/LegacySTREAMEDAUDIO/98/ed/20fb76c9e1db5a66e6011712dbcd442eee40.udd" 4791
"C:/Users/emanu/AppData/Local/UnrealEngine/Common/DerivedDataCache/Buckets/LegacySTREAMEDAUDIO/42/a5/37b7814a1b6180f99542688a00a6e7baf1c9.udd" 4792
"C:/Users/emanu/AppData/Local/UnrealEngine/Common/DerivedDataCache/Buckets/LegacySTREAMEDAUDIO/cd/db/e7d3d1a7582de95cb4efe4b09f797313a38b.udd" 4793
"C:/Users/emanu/AppData/Local/UnrealEngine/Common/DerivedDataCache/Buckets/LegacySTREAMEDAUDIO/3a/f6/f526ecbd64d1dcfcb3a6f04d8ad9926ab64f.udd" 4794
"C:/Users/emanu/AppData/Local/UnrealEngine/Common/DerivedDataCache/Buckets/LegacySTREAMEDAUDIO/04/be/37892b00dac7b3c999ed7e9a3850234fa38f.udd" 4795
"C:/Users/emanu/AppData/Local/UnrealEngine/Common/DerivedDataCache/Buckets/LegacySTREAMEDAUDIO/d9/70/b6a96bd40fe908a2018a96e13e384759eea6.udd" 4796
"C:/Users/emanu/AppData/Local/UnrealEngine/Common/DerivedDataCache/Buckets/LegacySTREAMEDAUDIO/7e/d7/403d049e35dffbccb3f90657180a638bfa0a.udd" 4797
"C:/Users/emanu/AppData/Local/UnrealEngine/Common/DerivedDataCache/Buckets/LegacySTREAMEDAUDIO/80/c6/706803ed36684bd3eed75b2efa91b727e990.udd" 4798
"C:/Users/emanu/AppData/Local/UnrealEngine/Common/DerivedDataCache/Buckets/LegacySTREAMEDAUDIO/80/00/ce39dfb08bfe6c102bb2dde2819bed1032e5.udd" 4799
"C:/Users/emanu/AppData/Local/UnrealEngine/Common/DerivedDataCache/Buckets/LegacySTREAMEDAUDIO/3d/b8/dd81264940d914144e28849d15cab57534d8.udd" 4800
"C:/Users/emanu/AppData/Local/UnrealEngine/Common/DerivedDataCache/Buckets/LegacySTREAMEDAUDIO/1c/b1/9d453d66b231e3b599759855e2413bf586f2.udd" 4801
"C:/Users/emanu/AppData/Local/UnrealEngine/Common/DerivedDataCache/Buckets/LegacySTREAMEDAUDIO/ce/bc/b3dcb7b0ef442c8f8e606e84042a40a74145.udd" 4802
"C:/Users/emanu/AppData/Local/UnrealEngine/Common/DerivedDataCache/Buckets/LegacySTREAMEDAUDIO/1a/6c/97df88a55f2f6f32be176e06dd6f4ab08a25.udd" 4803
"C:/Users/emanu/AppData/Local/UnrealEngine/Common/DerivedDataCache/Buckets/LegacySTREAMEDAUDIO/1b/d3/c7735d1092eb6739b0ece79835f812840f8f.udd" 4804
"C:/Users/emanu/AppData/Local/UnrealEngine/Common/DerivedDataCache/Buckets/LegacySTREAMEDAUDIO/36/71/e445c77c4af0591fbabf25cd1d8161e55da0.udd" 4805
"C:/Users/emanu/AppData/Local/UnrealEngine/Common/DerivedDataCache/Buckets/LegacySTREAMEDAUDIO/84/c9/12769134f7df87136d6e39e216db7b9f0a19.udd" 4806
"C:/Users/emanu/AppData/Local/UnrealEngine/Common/DerivedDataCache/Buckets/LegacySTREAMEDAUDIO/5f/40/c7148ac95dec7bf84aade7a32cb62312bcf3.udd" 4807
"C:/Users/emanu/AppData/Local/UnrealEngine/Common/DerivedDataCache/Buckets/LegacySTREAMEDAUDIO/de/db/894fab1ddf49bbdbd897610c1de21e48828c.udd" 4808
"C:/Users/emanu/AppData/Local/UnrealEngine/Common/DerivedDataCache/Buckets/LegacySTREAMEDAUDIO/0b/2e/a9d4d0938ac3f5615f71449265d84759991e.udd" 4809
"C:/Users/emanu/AppData/Local/UnrealEngine/Common/DerivedDataCache/Buckets/LegacySTREAMEDAUDIO/90/44/68167c5e296f77ae5e99c597a89ac420c8d1.udd" 4810
"C:/Users/emanu/AppData/Local/UnrealEngine/Common/DerivedDataCache/Buckets/LegacySTREAMEDAUDIO/bf/c9/7dd276e00754015679c5428a5a44a336ffeb.udd" 4811
"C:/Users/emanu/AppData/Local/UnrealEngine/Common/DerivedDataCache/Buckets/LegacySTREAMEDAUDIO/49/a2/d6f1a97cecc95db3ad54f4b85dfa58ad63af.udd" 4812
"C:/Users/emanu/AppData/Local/UnrealEngine/Common/DerivedDataCache/Buckets/LegacySTREAMEDAUDIO/3d/80/69d6e6a1f4490a378c1e8ad912fcaa8c36fd.udd" 4813
"C:/Users/emanu/AppData/Local/UnrealEngine/Common/DerivedDataCache/Buckets/LegacySTREAMEDAUDIO/b6/3a/950c9662bc64e890d0a15c319c9eb2aece3c.udd" 4814
"C:/Users/emanu/AppData/Local/UnrealEngine/Common/DerivedDataCache/Buckets/LegacySTREAMEDAUDIO/b9/56/9528d9d8b122f117f3188be0561e934545ce.udd" 4815
"C:/Users/emanu/AppData/Local/UnrealEngine/Common/DerivedDataCache/Buckets/LegacySTREAMEDAUDIO/e3/a7/d03a6314da1271acbae81eafe3951d1c6c6c.udd" 4816
"C:/Users/emanu/AppData/Local/UnrealEngine/Common/DerivedDataCache/Buckets/LegacySTREAMEDAUDIO/08/74/3ce513262f0f41dd3f76fbcc8a4f4e19740f.udd" 4817
"C:/Users/emanu/AppData/Local/UnrealEngine/Common/DerivedDataCache/Buckets/LegacySTREAMEDAUDIO/63/24/fb8f8ce7818d6a06099e5cb729a8c92e7e93.udd" 4818
"C:/Users/emanu/AppData/Local/UnrealEngine/Common/DerivedDataCache/Buckets/LegacySTREAMEDAUDIO/d6/65/5e07ed0828155979b8fd50214f31a476a1e5.udd" 4819
"C:/Users/emanu/AppData/Local/UnrealEngine/Common/DerivedDataCache/Buckets/LegacySTREAMEDAUDIO/0f/a4/61d60316892c75c6a0278ad56b946bafb69e.udd" 4820
"C:/Users/emanu/AppData/Local/UnrealEngine/Common/DerivedDataCache/Buckets/LegacySTREAMEDAUDIO/70/bf/62573b0823d085c99743ce224eeb8f22562d.udd" 4821
"C:/Users/emanu/AppData/Local/UnrealEngine/Common/DerivedDataCache/Buckets/LegacySTREAMEDAUDIO/56/cd/9b2e26c7ccb3e996af8980fd7d6f8501d2c1.udd" 4822
"C:/Users/emanu/AppData/Local/UnrealEngine/Common/DerivedDataCache/Buckets/LegacySTREAMEDAUDIO/7a/0c/c7df24c107b8b5ce000b463d555694ca9620.udd" 4823
"C:/Users/emanu/AppData/Local/UnrealEngine/Common/DerivedDataCache/Buckets/LegacySTREAMEDAUDIO/8a/85/3261235fed2233f4f706c7ce9a6602607775.udd" 4824
"C:/Users/emanu/AppData/Local/UnrealEngine/Common/DerivedDataCache/Buckets/LegacySTREAMEDAUDIO/4a/84/5736298a2e77c9e05eab53c5ff12dbb64a42.udd" 4825
"C:/Users/emanu/AppData/Local/UnrealEngine/Common/DerivedDataCache/Buckets/LegacySTREAMEDAUDIO/dc/47/235ec8ebaeb72c5186831e373e2c8d4c2a2d.udd" 4826
"C:/Users/emanu/AppData/Local/UnrealEngine/Common/DerivedDataCache/Buckets/LegacySTREAMEDAUDIO/1d/55/5e22e8912adbde4d1224dabe07c8aa46797a.udd" 4827
"C:/Users/emanu/AppData/Local/UnrealEngine/Common/DerivedDataCache/Buckets/LegacySTREAMEDAUDIO/4d/df/0097d4103e0b1a0af0e3a5fd713c09a85e58.udd" 4828
"C:/Users/emanu/AppData/Local/UnrealEngine/Common/DerivedDataCache/Buckets/LegacySTREAMEDAUDIO/45/a3/0958acad89e8a80948d57a433e765942526d.udd" 4829
"C:/Users/emanu/AppData/Local/UnrealEngine/Common/DerivedDataCache/Buckets/LegacySTREAMEDAUDIO/5f/3c/973bee71d5c84fd80bdd043bb06a516ef7ea.udd" 4830
"C:/Users/emanu/AppData/Local/UnrealEngine/Common/DerivedDataCache/Buckets/LegacySTREAMEDAUDIO/70/b0/5e1471c416bf50e386e8fed86afd0a679bad.udd" 4831
"C:/Users/emanu/AppData/Local/UnrealEngine/Common/DerivedDataCache/Buckets/LegacySTREAMEDAUDIO/ee/d0/d5a7ee3f3b5bcf059a09885163450bc3ae75.udd" 4832
"C:/Users/emanu/AppData/Local/UnrealEngine/Common/DerivedDataCache/Buckets/LegacySTREAMEDAUDIO/60/5a/849a9d15cc477647ab80b27a92c1efe7b862.udd" 4833
"C:/Users/emanu/AppData/Local/UnrealEngine/Common/DerivedDataCache/Buckets/LegacySTREAMEDAUDIO/a9/26/4bde02d9c330d5ab72b93b281c540fb1e6b8.udd" 4834
"C:/Users/emanu/AppData/Local/UnrealEngine/Common/DerivedDataCache/Buckets/LegacySTREAMEDAUDIO/b0/88/d448256cf9aec1963dc5e9bbdc246b6e4f82.udd" 4835
"C:/Users/emanu/AppData/Local/UnrealEngine/Common/DerivedDataCache/Buckets/LegacySTREAMEDAUDIO/fa/43/40296f67e21f831e5cbb1f594c36edd8376a.udd" 4836
"C:/Users/emanu/AppData/Local/UnrealEngine/Common/DerivedDataCache/Buckets/LegacySTREAMEDAUDIO/54/53/701459b83be2463eb69082a1b59dc7094985.udd" 4837
"C:/Users/emanu/AppData/Local/UnrealEngine/Common/DerivedDataCache/Buckets/LegacySTREAMEDAUDIO/ca/4d/b795f688afa6f9412edf31a527ff9458a8f8.udd" 4838
"C:/Users/emanu/AppData/Local/UnrealEngine/Common/DerivedDataCache/Buckets/LegacySTREAMEDAUDIO/68/fc/67cac2111637f2de999eabb7bc0f77d5b3fd.udd" 4839
"C:/Users/emanu/AppData/Local/UnrealEngine/Common/DerivedDataCache/Buckets/LegacySTREAMEDAUDIO/48/86/3b8eaa4392388a83a9743ed1e3b2b675979c.udd" 4840
"C:/Users/emanu/AppData/Local/UnrealEngine/Common/DerivedDataCache/Buckets/LegacySTREAMEDAUDIO/1a/df/863ca997cda89822626f867939c7403ad282.udd" 4841
"C:/Users/emanu/AppData/Local/UnrealEngine/Common/DerivedDataCache/Buckets/LegacySTREAMEDAUDIO/bc/ab/e34e19bd29488a9402b2fc8fd3dfece54111.udd" 4842
"C:/Users/emanu/AppData/Local/UnrealEngine/Common/DerivedDataCache/Buckets/LegacySTREAMEDAUDIO/61/35/a45aaee9493349168513086490c3505f491a.udd" 4843
"C:/Users/emanu/AppData/Local/UnrealEngine/Common/DerivedDataCache/Buckets/LegacySTREAMEDAUDIO/a9/82/91471fba77ce9de9a7c9a47cf6c4ba8610a2.udd" 4844
"C:/Users/emanu/AppData/Local/UnrealEngine/Common/DerivedDataCache/Buckets/LegacySTREAMEDAUDIO/dc/08/adafc5709b4e3e4e9d3ff44a22e9f7b297e1.udd" 4845
"C:/Users/emanu/AppData/Local/UnrealEngine/Common/DerivedDataCache/Buckets/LegacySTREAMEDAUDIO/66/c5/722382c33aace537b8385dc79796f65e797a.udd" 4846
"C:/Users/emanu/AppData/Local/UnrealEngine/Common/DerivedDataCache/Buckets/LegacySTREAMEDAUDIO/2a/c8/8d494e5467bb9fe48b625b702e246efcce9a.udd" 4847
"C:/Users/emanu/AppData/Local/UnrealEngine/Common/DerivedDataCache/Buckets/LegacySTREAMEDAUDIO/f0/53/594dd42b15021a1a603d81158a539e535765.udd" 4848
"C:/Users/emanu/AppData/Local/UnrealEngine/Common/DerivedDataCache/Buckets/LegacySTREAMEDAUDIO/cd/e5/f134617827ee8e4af594dc30fe5ecce70e63.udd" 4849
"C:/Users/emanu/AppData/Local/UnrealEngine/Common/DerivedDataCache/Buckets/LegacySTREAMEDAUDIO/fd/06/793ef6cd01a24b7085b38d54ab8594ebc193.udd" 4850
"C:/Users/emanu/AppData/Local/UnrealEngine/Common/DerivedDataCache/Buckets/LegacySTREAMEDAUDIO/8c/cd/758e92a2e404b30225c0f961c9fa1284768b.udd" 4851
"C:/Users/emanu/AppData/Local/UnrealEngine/Common/DerivedDataCache/Buckets/LegacySTREAMEDAUDIO/cb/1e/8cfb586b409248fd5cd88eaf242f9cf820fd.udd" 4852
"C:/Users/emanu/AppData/Local/UnrealEngine/Common/DerivedDataCache/Buckets/LegacySTREAMEDAUDIO/e9/f2/a579d5d3bd36844e65b3bf626d625b081034.udd" 4853
"C:/Users/emanu/AppData/Local/UnrealEngine/Common/DerivedDataCache/Buckets/LegacySTREAMEDAUDIO/11/e8/9f8ae211cb07df4d6c1cb6a84b0c241b316d.udd" 4854
"C:/Users/emanu/AppData/Local/UnrealEngine/Common/DerivedDataCache/Buckets/LegacySTREAMEDAUDIO/dc/6d/2ce24a244a464412a4486de25f00a9933d8a.udd" 4855
"C:/Users/emanu/AppData/Local/UnrealEngine/Common/DerivedDataCache/Buckets/LegacySTREAMEDAUDIO/c3/4d/8f654f3780cfc9ff8db9fdfdbbfa0d5398ae.udd" 4856
"C:/Users/emanu/AppData/Local/UnrealEngine/Common/DerivedDataCache/Buckets/LegacySTREAMEDAUDIO/c2/b8/32ea4b08aaa53b32ffe3fc34fd4af8675b28.udd" 4857
"C:/Users/emanu/AppData/Local/UnrealEngine/Common/DerivedDataCache/Buckets/LegacyTEXTURE/df/44/ab270b9104a3f08a16f4c74a12dbb3cce493.udd" 4858
"C:/Users/emanu/AppData/Local/UnrealEngine/Common/DerivedDataCache/Buckets/LegacyTEXTURE/6d/a9/32a6959c706cc25698407061b06386574a73.udd" 4859
"../../../Engine/Content/EditorResources/EmptyActor.uasset" 4860
"C:/Users/emanu/AppData/Local/UnrealEngine/Common/DerivedDataCache/Buckets/BulkDataList/c5/e5/25c0d0b82fc916f3b56cebfbbd1245cd33c5.udd" 4861
"../../../Engine/Content/EditorResources/LightIcons/S_LightError.uasset" 4862
"C:/Users/emanu/AppData/Local/UnrealEngine/Common/DerivedDataCache/Buckets/BulkDataList/51/14/55d2af26817ddfa01f4f36bb8b6a666152d2.udd" 4863
"C:/Users/emanu/AppData/Local/UnrealEngine/Common/DerivedDataCache/Buckets/LegacyTEXTURE/d4/81/d08da9031dc3ab12abc1b7b006cb6e8fe2b4.udd" 4864
"C:/Users/emanu/AppData/Local/UnrealEngine/Common/DerivedDataCache/Buckets/LegacyTEXTURE/cf/e2/ad91cfdaca369f828bb87c39553ab6c3a0bc.udd" 4865
"C:/Users/emanu/AppData/Local/UnrealEngine/Common/DerivedDataCache/Buckets/LegacySTREAMEDAUDIO/8b/44/bfb3b60b0ea8128b6d9779e8b106c0a9f7ca.udd" 4866
"C:/Users/emanu/AppData/Local/UnrealEngine/Common/DerivedDataCache/Buckets/LegacySTREAMEDAUDIO/7f/a2/07a7c52396e00ec06338ca3680ec311efa3d.udd" 4867
"C:/Users/emanu/AppData/Local/UnrealEngine/Common/DerivedDataCache/Buckets/LegacySTREAMEDAUDIO/18/ec/7a012489a15fd15ef28e62cd098367a5011e.udd" 4868
"C:/Users/emanu/AppData/Local/UnrealEngine/Common/DerivedDataCache/Buckets/LegacySTREAMEDAUDIO/d7/aa/6d50b85333c48f91bf1fa02fae3339ebb5f4.udd" 4869
"C:/Users/emanu/AppData/Local/UnrealEngine/Common/DerivedDataCache/Buckets/LegacySTREAMEDAUDIO/40/bc/22849a55956e10326c1a354ed06f84cf6e03.udd" 4870
"C:/Users/emanu/AppData/Local/UnrealEngine/Common/DerivedDataCache/Buckets/LegacySTREAMEDAUDIO/c7/bf/fb032e1b62c47d5c8369a37bed2e7e49e9f9.udd" 4871
"C:/Users/emanu/AppData/Local/UnrealEngine/Common/DerivedDataCache/Buckets/LegacySTREAMEDAUDIO/2c/6c/2adbc8003e2e0ff1d26d4e8d216b36accd3a.udd" 4872
"C:/Users/emanu/AppData/Local/UnrealEngine/Common/DerivedDataCache/Buckets/LegacySTREAMEDAUDIO/95/52/164e3084e294cd26c32a7e52e8464c5dee44.udd" 4873
"C:/Users/emanu/AppData/Local/UnrealEngine/Common/DerivedDataCache/Buckets/LegacySTREAMEDAUDIO/10/f9/3787b360e076557df4b882427a61f1f891db.udd" 4874
"C:/Users/emanu/AppData/Local/UnrealEngine/Common/DerivedDataCache/Buckets/LegacySTREAMEDAUDIO/bc/f5/11bc7d4df5bbdbd21a395de9981a22fabc0c.udd" 4875
"C:/Users/emanu/AppData/Local/UnrealEngine/Common/DerivedDataCache/Buckets/LegacySTREAMEDAUDIO/36/24/762002579947ea3dec97b3d1fd799e0d760d.udd" 4876
"C:/Users/emanu/AppData/Local/UnrealEngine/Common/DerivedDataCache/Buckets/LegacySTREAMEDAUDIO/40/32/f837522a1619e1026187187e5bc49a369d0e.udd" 4877
"C:/Users/emanu/AppData/Local/UnrealEngine/Common/DerivedDataCache/Buckets/LegacySTREAMEDAUDIO/a5/a3/96533967ae15653728e00341d93237534110.udd" 4878
"C:/Users/emanu/AppData/Local/UnrealEngine/Common/DerivedDataCache/Buckets/LegacySTREAMEDAUDIO/5e/d9/97028ac3962f17d31794607f10c5e568870d.udd" 4879
"C:/Users/emanu/AppData/Local/UnrealEngine/Common/DerivedDataCache/Buckets/LegacyTEXTURE/bf/1a/d1bde4b2405fc111caf2e1d67941c5915780.udd" 4880
"C:/Users/emanu/AppData/Local/UnrealEngine/Common/DerivedDataCache/Buckets/LegacyTEXTURE/ab/f6/ddaf8d9472fa2a238c8cb7c2c936c39a7a88.udd" 4881
"C:/Users/emanu/AppData/Local/UnrealEngine/Common/DerivedDataCache/Buckets/LegacyTEXTURE/93/55/2b8a5cc36ac2f4cf56e67eba6e1d1a7e2de5.udd" 4882
"C:/Users/emanu/AppData/Local/UnrealEngine/Common/DerivedDataCache/Buckets/LegacySTREAMEDAUDIO/a5/22/4bf6f6fd47fccc18d9c1578fcb404db77ea1.udd" 4883
"C:/Users/emanu/AppData/Local/UnrealEngine/Common/DerivedDataCache/Buckets/LegacySTREAMEDAUDIO/20/12/ad4e7231a87db3fc2737324bb6b4ad493967.udd" 4884
"C:/Users/emanu/AppData/Local/UnrealEngine/Common/DerivedDataCache/Buckets/LegacySTREAMEDAUDIO/2c/48/0749ec172c1dd1d884fa7591b21bc7dfd405.udd" 4885
"C:/Users/emanu/AppData/Local/UnrealEngine/Common/DerivedDataCache/Buckets/LegacyTEXTURE/34/ab/f78c6231e2752798caf64ac829b4a31b1040.udd" 4886
"C:/Users/emanu/AppData/Local/UnrealEngine/Common/DerivedDataCache/Buckets/LegacyTEXTURE/ce/92/34532ff79247320cd40e2581faf1b6562c1e.udd" 4887
"C:/Users/emanu/AppData/Local/UnrealEngine/Common/DerivedDataCache/Buckets/LegacyTEXTURE/84/8f/32be804becc5017364a35925adbf66e35251.udd" 4888
"C:/Users/emanu/AppData/Local/UnrealEngine/Common/DerivedDataCache/Buckets/LegacyTEXTURE/a9/0a/2e060681631ab50e94900b625c166db0c947.udd" 4889
"C:/Users/emanu/AppData/Local/UnrealEngine/Common/DerivedDataCache/Buckets/LegacyTEXTURE/63/56/16c74c315b03b44011ec37cac472c384444f.udd" 4890
"C:/Users/emanu/AppData/Local/UnrealEngine/Common/DerivedDataCache/Buckets/LegacyTEXTURE/c1/a5/27999200f48cf9cc5e7473d1fdd606d3c17a.udd" 4891
"C:/Users/emanu/AppData/Local/UnrealEngine/Common/DerivedDataCache/Buckets/LegacyTEXTURE/fa/d7/904a72092dff1034227bc0db9781380b6e33.udd" 4892
"C:/Users/emanu/AppData/Local/UnrealEngine/Common/DerivedDataCache/Buckets/LegacyTEXTURE/f3/bc/b01184471f87fe2d75e7723981bd2bef8825.udd" 4893
"C:/Users/emanu/AppData/Local/UnrealEngine/Common/DerivedDataCache/Buckets/LegacyTEXTURE/cc/bd/6f3cfdcfd5a469abb066e6e891ef2ae87a22.udd" 4894
"C:/Users/emanu/AppData/Local/UnrealEngine/Common/DerivedDataCache/Buckets/LegacyTEXTURE/05/52/45b194243f65006e666ba4ef22624a89f528.udd" 4895
"C:/Users/emanu/AppData/Local/UnrealEngine/Common/DerivedDataCache/Buckets/LegacyTEXTURE/e1/92/60d542e05835b7b58444e9423bafed04d259.udd" 4896
"C:/Users/emanu/AppData/Local/UnrealEngine/Common/DerivedDataCache/Buckets/LegacyTEXTURE/a3/4a/07150103efb7e5ac03e3db460b7f7ce69936.udd" 4897
"C:/Users/emanu/AppData/Local/UnrealEngine/Common/DerivedDataCache/Buckets/LegacyTEXTURE/6e/07/b12af78911d5c91c7d4d733f98b2805e9513.udd" 4898
"C:/Users/emanu/AppData/Local/UnrealEngine/Common/DerivedDataCache/Buckets/LegacyTEXTURE/00/35/c5cc837de9c250986ce17bb12ab30be4bd23.udd" 4899
"C:/Users/emanu/AppData/Local/UnrealEngine/Common/DerivedDataCache/Buckets/LegacyTEXTURE/c6/42/d08ed1a74cf169c32ee5896caff6248b9e35.udd" 4900
"C:/Users/emanu/AppData/Local/UnrealEngine/Common/DerivedDataCache/Buckets/LegacyTEXTURE/63/62/3be42cbf08b5a391e62a2bde05cd60a8e4f3.udd" 4901
"C:/Users/emanu/AppData/Local/UnrealEngine/Common/DerivedDataCache/Buckets/LegacyTEXTURE/80/9c/abb7c5c421dad2cce56d67d3e09f1f3e55da.udd" 4902
"C:/Users/emanu/AppData/Local/UnrealEngine/Common/DerivedDataCache/Buckets/LegacyTEXTURE/6e/98/204e3f5729434255ca6af7095a14d0c35021.udd" 4903
"C:/Users/emanu/AppData/Local/UnrealEngine/Common/DerivedDataCache/Buckets/LegacyTEXTURE/a7/62/843c8924340d2421ac554e54bc06c6bce6d3.udd" 4904
"C:/Users/emanu/AppData/Local/UnrealEngine/Common/DerivedDataCache/Buckets/LegacyTEXTURE/21/8c/64276760ca8109e4715bc7d3bb66d250c2fc.udd" 4905
"C:/Users/emanu/AppData/Local/UnrealEngine/Common/DerivedDataCache/Buckets/LegacyTEXTURE/a5/97/f2eafbef19bf84b5e18c844f798ca4aa667f.udd" 4906
"C:/Users/emanu/AppData/Local/UnrealEngine/Common/DerivedDataCache/Buckets/LegacyTEXTURE/0a/a5/03e56e3f499802596c92e67145ee85f73e3a.udd" 4907
"C:/Users/emanu/AppData/Local/UnrealEngine/Common/DerivedDataCache/Buckets/LegacyTEXTURE/61/13/4a71ab0de42a96f1632712308f779586a218.udd" 4908
"C:/Users/emanu/AppData/Local/UnrealEngine/Common/DerivedDataCache/Buckets/LegacyTEXTURE/72/d3/6c587ccf7152de6bdb5185575c4f2cd7d4e0.udd" 4909
"C:/Users/emanu/AppData/Local/UnrealEngine/Common/DerivedDataCache/Buckets/LegacyTEXTURE/49/c5/c5ae2cd4b4ba101ad2e0ce184a19daa71b21.udd" 4910
"C:/Users/emanu/AppData/Local/UnrealEngine/Common/DerivedDataCache/Buckets/LegacyTEXTURE/e0/77/16d448c0c3061e11aab50581dab476227498.udd" 4911
"C:/Users/emanu/AppData/Local/UnrealEngine/Common/DerivedDataCache/Buckets/LegacyTEXTURE/29/b6/5464f68d8465f9d65344c95311816fa44fea.udd" 4912
"C:/Users/emanu/AppData/Local/UnrealEngine/Common/DerivedDataCache/Buckets/LegacyTEXTURE/5f/32/0599a9ce8597062fecb0e4ee69226eff23ad.udd" 4913
"C:/Users/emanu/AppData/Local/UnrealEngine/Common/DerivedDataCache/Buckets/LegacyTEXTURE/90/04/9bff57e43d85bc2d3ed9113fa7eeca7dcd41.udd" 4914
"C:/Users/emanu/AppData/Local/UnrealEngine/Common/DerivedDataCache/Buckets/LegacyTEXTURE/85/83/87fb44f1c70a09397c1652c369f565274322.udd" 4915
"C:/Users/emanu/AppData/Local/UnrealEngine/Common/DerivedDataCache/Buckets/LegacyTEXTURE/37/cc/04dc0e056eabcd5cb75213dfc517acbe9606.udd" 4916
"C:/Users/emanu/AppData/Local/UnrealEngine/Common/DerivedDataCache/Buckets/LegacyTEXTURE/49/59/b32d3708c19698a01067475996275b19a219.udd" 4917
"C:/Users/emanu/AppData/Local/UnrealEngine/Common/DerivedDataCache/Buckets/LegacyTEXTURE/30/89/687bbd5fd22b92438d5b82853671f67bdefa.udd" 4918
"C:/Users/emanu/AppData/Local/UnrealEngine/Common/DerivedDataCache/Buckets/LegacyTEXTURE/e7/1f/3f000a8fe6507d5a08023e49af0a1b3f19d4.udd" 4919
"C:/Users/emanu/AppData/Local/UnrealEngine/Common/DerivedDataCache/Buckets/LegacyTEXTURE/39/3f/482e14498225f77d5b6fee0ef315513c44b7.udd" 4920
"C:/Users/emanu/AppData/Local/UnrealEngine/Common/DerivedDataCache/Buckets/LegacyTEXTURE/e8/91/e15645e79468f498b87ffcb7304b1f646f27.udd" 4921
"C:/Users/emanu/AppData/Local/UnrealEngine/Common/DerivedDataCache/Buckets/LegacyTEXTURE/97/81/ed40638ae2ee78e3b40d944e4ebf30b57d25.udd" 4922
"C:/Users/emanu/AppData/Local/UnrealEngine/Common/DerivedDataCache/Buckets/LegacyTEXTURE/c8/1b/20e6bfae7670739b358d5a50230c41d82612.udd" 4923
"C:/Users/emanu/AppData/Local/UnrealEngine/Common/DerivedDataCache/Buckets/LegacyTEXTURE/c9/62/e380f64384e7cdfa47d7b0b5b2a5ffbcb902.udd" 4924
"C:/Users/emanu/AppData/Local/UnrealEngine/Common/DerivedDataCache/Buckets/LegacyTEXTURE/b4/49/4ebf8d2438063a113943b1a2eb84f8468c6b.udd" 4925
"C:/Users/emanu/AppData/Local/UnrealEngine/Common/DerivedDataCache/Buckets/LegacyTEXTURE/8f/83/310e13818be39105bd5634602dc4b7d0761a.udd" 4926
"C:/Users/emanu/AppData/Local/UnrealEngine/Common/DerivedDataCache/Buckets/LegacyTEXTURE/41/5f/dcec450d1560db6a4f0c73b8648ad1957cc6.udd" 4927
"C:/Users/emanu/AppData/Local/UnrealEngine/Common/DerivedDataCache/Buckets/LegacyTEXTURE/40/1b/7c72bce95ba42470fb5a24f8f746dd49261b.udd" 4928
"C:/Users/emanu/AppData/Local/UnrealEngine/Common/DerivedDataCache/Buckets/LegacyTEXTURE/57/df/296a1b52ca767a098f26bd9f20a61a1a9265.udd" 4929
"C:/Users/emanu/AppData/Local/UnrealEngine/Common/DerivedDataCache/Buckets/LegacyTEXTURE/68/61/c2fce640c00a4d1e98bf2f6f3ce7ad950837.udd" 4930
"C:/Users/emanu/AppData/Local/UnrealEngine/Common/DerivedDataCache/Buckets/LegacyTEXTURE/af/e3/1fdf7754f30b3029a407ea30f3d4b491392a.udd" 4931
"C:/Users/emanu/AppData/Local/UnrealEngine/Common/DerivedDataCache/Buckets/LegacyTEXTURE/06/d9/93dae171c73334e065c77bfda936598e1386.udd" 4932
"C:/Users/emanu/AppData/Local/UnrealEngine/Common/DerivedDataCache/Buckets/LegacyTEXTURE/ee/e2/221b16656753601b6f9b0a59b49df4da91d0.udd" 4933
"C:/Users/emanu/AppData/Local/UnrealEngine/Common/DerivedDataCache/Buckets/LegacyTEXTURE/f9/3c/63f27f8f152145a967e02d5d38c1410ddbc9.udd" 4934
"C:/Users/emanu/AppData/Local/UnrealEngine/Common/DerivedDataCache/Buckets/LegacyTEXTURE/36/2b/4955ca1de6f5af04d11c80ba456cc29519d5.udd" 4935
"C:/Users/emanu/AppData/Local/UnrealEngine/Common/DerivedDataCache/Buckets/LegacyTEXTURE/2b/de/fcb4b998261813937d6197afdf5f4f48cf69.udd" 4936
"C:/Users/emanu/AppData/Local/UnrealEngine/Common/DerivedDataCache/Buckets/LegacyTEXTURE/51/68/063012940107d80156b310c9ba65b2560094.udd" 4937
"C:/Users/emanu/AppData/Local/UnrealEngine/Common/DerivedDataCache/Buckets/LegacyTEXTURE/2f/2c/632724d32809348b2370282c48bcf05b11ed.udd" 4938
"C:/Users/emanu/AppData/Local/UnrealEngine/Common/DerivedDataCache/Buckets/LegacyTEXTURE/c9/3b/d5ad869283faa5e74e56a5a6e38698688854.udd" 4939
"C:/Users/emanu/AppData/Local/UnrealEngine/Common/DerivedDataCache/Buckets/LegacyTEXTURE/d5/94/9f1ad40f0ab6dce16fad25ebf263b857917c.udd" 4940
"C:/Users/emanu/AppData/Local/UnrealEngine/Common/DerivedDataCache/Buckets/LegacyTEXTURE/d9/86/a511ebb14a00382cce20a2a79d36d47d2e9e.udd" 4941
"C:/Users/emanu/AppData/Local/UnrealEngine/Common/DerivedDataCache/Buckets/LegacyTEXTURE/81/45/1bcf0eff145c34674d3858ecafba0fc841ef.udd" 4942
"C:/Users/emanu/AppData/Local/UnrealEngine/Common/DerivedDataCache/Buckets/LegacyTEXTURE/90/59/d477e90b31f4284d6d6baee09afbed53bfff.udd" 4943
"C:/Users/emanu/AppData/Local/UnrealEngine/Common/DerivedDataCache/Buckets/LegacyTEXTURE/fa/f0/394eeb2c3c858407aa429da88f8a5e21989b.udd" 4944
"C:/Users/emanu/AppData/Local/UnrealEngine/Common/DerivedDataCache/Buckets/LegacyTEXTURE/aa/09/8fb0336cadad561caf99788cae546b3606cc.udd" 4945
"C:/Users/emanu/AppData/Local/UnrealEngine/Common/DerivedDataCache/Buckets/LegacyTEXTURE/ee/5b/4ee8f2e3dfbc2273e422cd7c5aed904ee78c.udd" 4946
"C:/Users/emanu/AppData/Local/UnrealEngine/Common/DerivedDataCache/Buckets/LegacyTEXTURE/c6/ca/67e708d63b10a30ed614c2ec1ebabbe385f7.udd" 4947
"C:/Users/emanu/AppData/Local/UnrealEngine/Common/DerivedDataCache/Buckets/LegacyTEXTURE/47/94/f5fe75275e58e9085165b7de0e4ada41e714.udd" 4948
"C:/Users/emanu/AppData/Local/UnrealEngine/Common/DerivedDataCache/Buckets/LegacyTEXTURE/01/7e/ff1efe4c539a54ea52d3ea0f32dc0f2b50f0.udd" 4949
"C:/Users/emanu/AppData/Local/UnrealEngine/Common/DerivedDataCache/Buckets/LegacyTEXTURE/b4/dd/d14d94d1fbc1d26ca3b1b1565c635254b792.udd" 4950
"C:/Users/emanu/AppData/Local/UnrealEngine/Common/DerivedDataCache/Buckets/LegacyTEXTURE/f0/b3/0ae686c4a62158c461ec3ed676245b0f89d6.udd" 4951
"C:/Users/emanu/AppData/Local/UnrealEngine/Common/DerivedDataCache/Buckets/LegacyTEXTURE/af/00/89fccb84de8dfd89832629c90583003def31.udd" 4952
"C:/Users/emanu/AppData/Local/UnrealEngine/Common/DerivedDataCache/Buckets/LegacyTEXTURE/dc/b0/531b9ef9457f167a69103e1bd7138c406fe1.udd" 4953
"C:/Users/emanu/AppData/Local/UnrealEngine/Common/DerivedDataCache/Buckets/LegacyTEXTURE/de/6a/dd32719987050adf8b79f49e584171d8189a.udd" 4954
"C:/Users/emanu/AppData/Local/UnrealEngine/Common/DerivedDataCache/Buckets/LegacyTEXTURE/be/d0/543209ab7b02a59c57603c4922043ff29c18.udd" 4955
"C:/Users/emanu/AppData/Local/UnrealEngine/Common/DerivedDataCache/Buckets/LegacyChaosGeometryData/00/7e/90290b1d71f0545f9a38c02a74f3aac0ab4a.udd" 4956
"C:/Users/emanu/AppData/Local/UnrealEngine/Common/DerivedDataCache/Buckets/LegacyTEXTURE/e6/b4/66ecb93be73ea70fafd72940c08be8895b97.udd" 4957
"C:/Users/emanu/AppData/Local/UnrealEngine/Common/DerivedDataCache/Buckets/LegacyTEXTURE/3f/ac/0c601af188e2e406dba1f6ac7dba9b506216.udd" 4958
"C:/Users/emanu/AppData/Local/UnrealEngine/Common/DerivedDataCache/Buckets/LegacyTEXTURE/71/f1/fef29c98351d748c133460cedba775ae3ba2.udd" 4959
"C:/Users/emanu/AppData/Local/UnrealEngine/Common/DerivedDataCache/Buckets/LegacyTEXTURE/e0/6f/5eb18cef909e0b06901b3568a9961d6e2f6b.udd" 4960
"C:/Users/emanu/AppData/Local/UnrealEngine/Common/DerivedDataCache/Buckets/LegacyTEXTURE/5e/ec/e5b4e29675c1d9e03b53aa5db7042d334b96.udd" 4961
"C:/Users/emanu/AppData/Local/UnrealEngine/Common/DerivedDataCache/Buckets/LegacyTEXTURE/29/4e/1e85a5120a27e677230a64e3381ada9f8753.udd" 4962
"C:/Users/emanu/AppData/Local/UnrealEngine/Common/DerivedDataCache/Buckets/LegacyTEXTURE/a3/82/dddba65c349c89cbdb87737a143b2001b3eb.udd" 4963
"C:/Users/emanu/AppData/Local/UnrealEngine/Common/DerivedDataCache/Buckets/LegacyTEXTURE/85/22/f29c1cbe0c9d5c24d7ad45dee65411295d54.udd" 4964
"C:/Users/emanu/AppData/Local/UnrealEngine/Common/DerivedDataCache/Buckets/LegacyTEXTURE/a8/95/e8274178b49d817762d41a9dca647200a9f8.udd" 4965
"C:/Users/emanu/AppData/Local/UnrealEngine/Common/DerivedDataCache/Buckets/LegacyTEXTURE/19/64/00793c633eab80bb2b4dafe86c14603da934.udd" 4966
"C:/Users/emanu/AppData/Local/UnrealEngine/Common/DerivedDataCache/Buckets/LegacyTEXTURE/25/4b/8e92fe7b013976d33533c623f154f06dd5f9.udd" 4967
"C:/Users/emanu/AppData/Local/UnrealEngine/Common/DerivedDataCache/Buckets/LegacyTEXTURE/56/4d/e1758e964ea5e62ed4f653c846df2f17a079.udd" 4968
"C:/Users/emanu/AppData/Local/UnrealEngine/Common/DerivedDataCache/Buckets/LegacyTEXTURE/8b/78/ffdf37483c8875145f98348ef39710fa38a0.udd" 4969
"C:/Users/emanu/AppData/Local/UnrealEngine/Common/DerivedDataCache/Buckets/LegacyTEXTURE/6f/e8/dfedb7aeb930f4300fd2c30fc486098a98f1.udd" 4970
"C:/Users/emanu/AppData/Local/UnrealEngine/Common/DerivedDataCache/Buckets/LegacyTEXTURE/9c/eb/62c3df507b08bb33513d62c0de278104bdb3.udd" 4971
"C:/Users/emanu/AppData/Local/UnrealEngine/Common/DerivedDataCache/Buckets/LegacyChaosGeometryData/73/34/d419a85bd26e8dbeea404c1aa13ea7f686d8.udd" 4972
"C:/Users/emanu/AppData/Local/UnrealEngine/Common/DerivedDataCache/Buckets/LegacyTEXTURE/d2/5b/a3a41c257a1e2f25a0397362ccb62ec2116e.udd" 4973
"C:/Users/emanu/AppData/Local/UnrealEngine/Common/DerivedDataCache/Buckets/LegacyTEXTURE/40/50/911bae5bfb3689044094d26c38d0380f1cbe.udd" 4974
"C:/Users/emanu/AppData/Local/UnrealEngine/Common/DerivedDataCache/Buckets/LegacyTEXTURE/c7/3e/b3c7f10a774f6f44015fb737e633a1d8e622.udd" 4975
"C:/Users/emanu/AppData/Local/UnrealEngine/Common/DerivedDataCache/Buckets/LegacyTEXTURE/e2/28/719e19ed73242f03d4f87b145fb55fd4d539.udd" 4976
"C:/Users/emanu/AppData/Local/UnrealEngine/Common/DerivedDataCache/Buckets/LegacyTEXTURE/0c/f1/cac97fbd91155995aa18a87d97032e710bad.udd" 4977
"C:/Users/emanu/AppData/Local/UnrealEngine/Common/DerivedDataCache/Buckets/LegacyTEXTURE/0e/e8/30cd9c169004fe0f6b69546898a0676a8880.udd" 4978
"C:/Users/emanu/AppData/Local/UnrealEngine/Common/DerivedDataCache/Buckets/LegacyTEXTURE/c7/f3/91996017184014e8d0ccfa08cdaffc92b907.udd" 4979
"C:/Users/emanu/AppData/Local/UnrealEngine/Common/DerivedDataCache/Buckets/LegacyTEXTURE/fb/86/b3196f6ca00c6df5426ad286ff9e6d6b30e1.udd" 4980
"C:/Users/emanu/AppData/Local/UnrealEngine/Common/DerivedDataCache/Buckets/LegacyTEXTURE/12/52/34abb0bf0bb799cd3c3fd2fff43da7a381f0.udd" 4981
"C:/Users/emanu/AppData/Local/UnrealEngine/Common/DerivedDataCache/Buckets/LegacyTEXTURE/b4/ad/ea8c7561d01c69d9a54859ea0a3a89b7fb71.udd" 4982
"C:/Users/emanu/AppData/Local/UnrealEngine/Common/DerivedDataCache/Buckets/LegacyTEXTURE/8f/16/3a23e4e9771f73296a493219d7e60f231d8c.udd" 4983
"C:/Users/emanu/AppData/Local/UnrealEngine/Common/DerivedDataCache/Buckets/LegacyTEXTURE/5f/7c/2be4ccc5180b27fe228e2b1f7e3270a2a1de.udd" 4984
"C:/Users/emanu/AppData/Local/UnrealEngine/Common/DerivedDataCache/Buckets/LegacyTEXTURE/13/bd/98c39bae868eed6b05652f06e1523dbb72bb.udd" 4985
"C:/Users/emanu/AppData/Local/UnrealEngine/Common/DerivedDataCache/Buckets/LegacyTEXTURE/14/ce/8e081240d87b5792182c6621a6299a3f6a0a.udd" 4986
"C:/Users/emanu/AppData/Local/UnrealEngine/Common/DerivedDataCache/Buckets/LegacyTEXTURE/33/74/01704be8c95c763036dbd1cb19d80adf7e03.udd" 4987
"C:/Users/emanu/AppData/Local/UnrealEngine/Common/DerivedDataCache/Buckets/LegacyTEXTURE/2f/04/a9803256ab65a2375472c61cb1ff6563c0b9.udd" 4988
"C:/Users/emanu/AppData/Local/UnrealEngine/Common/DerivedDataCache/Buckets/LegacyTEXTURE/54/8c/0c23ff70a68d9291e73aee3868e27ae4bfeb.udd" 4989
"C:/Users/emanu/AppData/Local/UnrealEngine/Common/DerivedDataCache/Buckets/LegacyTEXTURE/8c/a5/f1ba3cf91e2adb611c091ef351648d3f4b91.udd" 4990
"C:/Users/emanu/AppData/Local/UnrealEngine/Common/DerivedDataCache/Buckets/LegacyTEXTURE/68/30/d3bef15c551abb256b9c7d70d88b892294b3.udd" 4991
"C:/Users/emanu/AppData/Local/UnrealEngine/Common/DerivedDataCache/Buckets/LegacyTEXTURE/da/0a/39a4966f16881908317b66c411e8bbcc7590.udd" 4992
"C:/Users/emanu/AppData/Local/UnrealEngine/Common/DerivedDataCache/Buckets/LegacyTEXTURE/57/89/45a4f6510d23ef9825eced2044084bbaa8de.udd" 4993
"C:/Users/emanu/AppData/Local/UnrealEngine/Common/DerivedDataCache/Buckets/LegacyTEXTURE/be/55/51f73e49678d631d230b3e6f1b2c668c3c49.udd" 4994
"C:/Users/emanu/AppData/Local/UnrealEngine/Common/DerivedDataCache/Buckets/LegacyTEXTURE/8f/b7/8b85dc0641993c289275454a756279c13394.udd" 4995
"C:/Users/emanu/AppData/Local/UnrealEngine/Common/DerivedDataCache/Buckets/LegacyTEXTURE/88/4b/2f8289dc53a52e273eba4ad2f1212fc20853.udd" 4996
"C:/Users/emanu/AppData/Local/UnrealEngine/Common/DerivedDataCache/Buckets/LegacyTEXTURE/82/15/b9dddcb445a8a60e850b2a7f94d2e27ad87c.udd" 4997
"C:/Users/emanu/AppData/Local/UnrealEngine/Common/DerivedDataCache/Buckets/LegacyTEXTURE/50/88/ea8858bd8ebeb925c1336ddd13fdc575532e.udd" 4998
"C:/Users/emanu/AppData/Local/UnrealEngine/Common/DerivedDataCache/Buckets/LegacyTEXTURE/7d/87/eaed155ca7b343345b27813ec8e19a318f53.udd" 4999
"C:/Users/emanu/AppData/Local/UnrealEngine/Common/DerivedDataCache/Buckets/LegacyTEXTURE/d1/c2/dfcea6d9340cdfee6f29e28a22dcb42f0e85.udd" 5000
"C:/Users/emanu/AppData/Local/UnrealEngine/Common/DerivedDataCache/Buckets/LegacyTEXTURE/b0/92/5eb3eafb5e1a2e10305c03cbc79d45a450c2.udd" 5001
"C:/Users/emanu/AppData/Local/UnrealEngine/Common/DerivedDataCache/Buckets/LegacyTEXTURE/76/c7/1c034874c2f2ea6febf0858242d1d9427b3c.udd" 5002
"C:/Users/emanu/AppData/Local/UnrealEngine/Common/DerivedDataCache/Buckets/LegacyTEXTURE/5f/54/6aad8403c3c6520eaf2dc530d863080f150c.udd" 5003
"C:/Users/emanu/AppData/Local/UnrealEngine/Common/DerivedDataCache/Buckets/LegacyTEXTURE/d3/25/34d10c71b0eb5453b39786eba761629885e7.udd" 5004
"C:/Users/emanu/AppData/Local/UnrealEngine/Common/DerivedDataCache/Buckets/LegacyTEXTURE/c7/66/b6d59e095a8f5a4c194cb1f4a7592bb16f60.udd" 5005
"C:/Users/emanu/AppData/Local/UnrealEngine/Common/DerivedDataCache/Buckets/LegacyTEXTURE/99/fc/4069812a26dbf9bbd629273e1dc4d0684851.udd" 5006
"C:/Users/emanu/AppData/Local/UnrealEngine/Common/DerivedDataCache/Buckets/LegacyTEXTURE/b3/a3/8daf6085f3be9d8870ec7a84b7ecda06cae9.udd" 5007
"C:/Users/emanu/AppData/Local/UnrealEngine/Common/DerivedDataCache/Buckets/LegacyTEXTURE/84/56/aebb79e588c66f093115882962bf24bed90e.udd" 5008
"C:/Users/emanu/AppData/Local/UnrealEngine/Common/DerivedDataCache/Buckets/LegacyTEXTURE/4f/4a/6fd56a275027fb95ac48cbecdd4237d601a8.udd" 5009
"C:/Users/emanu/AppData/Local/UnrealEngine/Common/DerivedDataCache/Buckets/LegacyTEXTURE/d9/06/bf16e085c6be535503ebee2b8220880aeb14.udd" 5010
"C:/Users/emanu/AppData/Local/UnrealEngine/Common/DerivedDataCache/Buckets/LegacyTEXTURE/ad/33/4114885a3a4b683a2ab83790cf836f6366ed.udd" 5011
"C:/Users/emanu/AppData/Local/UnrealEngine/Common/DerivedDataCache/Buckets/LegacyTEXTURE/69/41/78e31457e0e8f2d79391aed71846915c09ba.udd" 5012
"C:/Users/emanu/AppData/Local/UnrealEngine/Common/DerivedDataCache/Buckets/LegacyTEXTURE/2c/53/b63c6752bf0b4531534d565d392ca3d53423.udd" 5013
"C:/Users/emanu/AppData/Local/UnrealEngine/Common/DerivedDataCache/Buckets/LegacyTEXTURE/de/c0/9d2ab87283f6e96fa176ede81fba42d5c43d.udd" 5014
"C:/Users/emanu/AppData/Local/UnrealEngine/Common/DerivedDataCache/Buckets/LegacyTEXTURE/9e/41/e02eca671c46f7a545edce4015f9afeafce8.udd" 5015
"C:/Users/emanu/AppData/Local/UnrealEngine/Common/DerivedDataCache/Buckets/LegacyTEXTURE/b3/46/6e7cd394281c8164ad2b3a8ec2f4e6986862.udd" 5016
"C:/Users/emanu/AppData/Local/UnrealEngine/Common/DerivedDataCache/Buckets/LegacyTEXTURE/6a/18/f1d71f1ee9c152ee1531dcf8fea5cde8f5c5.udd" 5017
"C:/Users/emanu/AppData/Local/UnrealEngine/Common/DerivedDataCache/Buckets/LegacyTEXTURE/46/65/1677601cf643d7c07beae384150838498e98.udd" 5018
"C:/Users/emanu/AppData/Local/UnrealEngine/Common/DerivedDataCache/Buckets/LegacyTEXTURE/db/ce/f7eab8e3ee9f6209a5e87290f789bbaab94a.udd" 5019
"C:/Users/emanu/AppData/Local/UnrealEngine/Common/DerivedDataCache/Buckets/LegacyTEXTURE/66/ce/a2380042c1a875c3f538f403d82497ff5597.udd" 5020
"C:/Users/emanu/AppData/Local/UnrealEngine/Common/DerivedDataCache/Buckets/LegacyTEXTURE/ac/89/88cf0b8066191c9bba8b11b97673c19c7932.udd" 5021
"C:/Users/emanu/AppData/Local/UnrealEngine/Common/DerivedDataCache/Buckets/LegacyTEXTURE/60/4c/87caf6d5f4ea49903094046c6ec1f1510d43.udd" 5022
"C:/Users/emanu/AppData/Local/UnrealEngine/Common/DerivedDataCache/Buckets/LegacyTEXTURE/b4/79/9ecd54d637554813c63fce4d7407b5920b28.udd" 5023
"C:/Users/emanu/AppData/Local/UnrealEngine/Common/DerivedDataCache/Buckets/LegacyTEXTURE/44/b9/60c3ce23b1e303ddd4e59fb78618a218c0bc.udd" 5024
"C:/Users/emanu/AppData/Local/UnrealEngine/Common/DerivedDataCache/Buckets/LegacyTEXTURE/e8/93/4745df651bd12af629919cc52dfb2a700811.udd" 5025
"C:/Users/emanu/AppData/Local/UnrealEngine/Common/DerivedDataCache/Buckets/LegacyTEXTURE/d7/0a/fe52ee40c7fd3af44805c94e7bcc3e6532ae.udd" 5026
"C:/Users/emanu/AppData/Local/UnrealEngine/Common/DerivedDataCache/Buckets/LegacyTEXTURE/3f/7e/4cc227e7c657a0b5886d4b843e86c1041f2b.udd" 5027
"C:/Users/emanu/AppData/Local/UnrealEngine/Common/DerivedDataCache/Buckets/LegacyTEXTURE/b1/86/7499bfaad2af8bc2a1c9e5ec523b44ca3dc2.udd" 5028
"C:/Users/emanu/AppData/Local/UnrealEngine/Common/DerivedDataCache/Buckets/LegacyTEXTURE/5d/7a/e5ba990fd72b9dd3dbf96a02f0865d219057.udd" 5029
"C:/Users/emanu/AppData/Local/UnrealEngine/Common/DerivedDataCache/Buckets/LegacyTEXTURE/bd/1e/0bf7cc72ad2d066ad2570d81f08e603374f4.udd" 5030
"C:/Users/emanu/AppData/Local/UnrealEngine/Common/DerivedDataCache/Buckets/LegacyTEXTURE/d4/4e/c123c202c871bf498b73771ccb5364d16fda.udd" 5031
"C:/Users/emanu/AppData/Local/UnrealEngine/Common/DerivedDataCache/Buckets/LegacyTEXTURE/4b/61/3b9b92b70d4723c453b08adbaccb35fafd15.udd" 5032
"C:/Users/emanu/AppData/Local/UnrealEngine/Common/DerivedDataCache/Buckets/LegacyTEXTURE/15/47/7477dddba7a5dc5f5626933ec9bb3606d316.udd" 5033
"C:/Users/emanu/AppData/Local/UnrealEngine/Common/DerivedDataCache/Buckets/LegacyTEXTURE/93/1f/1169e860981ffbd166d2030d8180349649c6.udd" 5034
"C:/Users/emanu/AppData/Local/UnrealEngine/Common/DerivedDataCache/Buckets/LegacyTEXTURE/9f/aa/9e48b69355ff79d47634dc6c030b0ad3e6ce.udd" 5035
"C:/Users/emanu/AppData/Local/UnrealEngine/Common/DerivedDataCache/Buckets/LegacyTEXTURE/7c/f8/c1aeb0aa23681bcd1431bc079b02b8a75bba.udd" 5036
"C:/Users/emanu/AppData/Local/UnrealEngine/Common/DerivedDataCache/Buckets/LegacyTEXTURE/b3/c9/e00e23464a4d65ad5029de91e4c41546fe20.udd" 5037
"C:/Users/emanu/AppData/Local/UnrealEngine/Common/DerivedDataCache/Buckets/LegacyTEXTURE/de/a2/ddfa655646cb9395bdfa9da4251a95674475.udd" 5038
"C:/Users/emanu/AppData/Local/UnrealEngine/Common/DerivedDataCache/Buckets/LegacyTEXTURE/02/17/791197cdf7c908ddb4c966201a087d714b41.udd" 5039
"C:/Users/emanu/AppData/Local/UnrealEngine/Common/DerivedDataCache/Buckets/LegacyTEXTURE/9c/c7/2d61c779b6552568c4d1789db2f2f09fb21a.udd" 5040
"C:/Users/emanu/AppData/Local/UnrealEngine/Common/DerivedDataCache/Buckets/LegacyTEXTURE/3b/72/775685cd9a5f5a2151d838ad6d5d7dcf060b.udd" 5041
"C:/Users/emanu/AppData/Local/UnrealEngine/Common/DerivedDataCache/Buckets/LegacyTEXTURE/c1/d7/1cb11fdc9a1a82a2758f616cd7e4f9da2ca4.udd" 5042
"C:/Users/emanu/AppData/Local/UnrealEngine/Common/DerivedDataCache/Buckets/LegacyTEXTURE/aa/c0/65fb3989ded6b7413e4c4c5aa5e735312d60.udd" 5043
"C:/Users/emanu/AppData/Local/UnrealEngine/Common/DerivedDataCache/Buckets/LegacyTEXTURE/1d/aa/c77df08180f8dafb146c104b8c50cdf84b4d.udd" 5044
"C:/Users/emanu/AppData/Local/UnrealEngine/Common/DerivedDataCache/Buckets/LegacyTEXTURE/20/da/9677ed89171d9a6b7ef3f4451ec4874d09f5.udd" 5045
"C:/Users/emanu/AppData/Local/UnrealEngine/Common/DerivedDataCache/Buckets/LegacyTEXTURE/59/a4/d5d9c0a310937b5d6bcbc21b3419ed84b924.udd" 5046
"C:/Users/emanu/AppData/Local/UnrealEngine/Common/DerivedDataCache/Buckets/LegacyTEXTURE/4f/9b/1ed1055ffcbd3419f7ae52ea8641a1ae02e0.udd" 5047
"C:/Users/emanu/AppData/Local/UnrealEngine/Common/DerivedDataCache/Buckets/LegacyTEXTURE/d5/66/8bc76eea083f5aae661b2e651e28b1851b94.udd" 5048
"C:/Users/emanu/AppData/Local/UnrealEngine/Common/DerivedDataCache/Buckets/LegacyTEXTURE/15/1c/0b1a2b7d5dc73e2676390a64b9d65dd9d106.udd" 5049
"C:/Users/emanu/AppData/Local/UnrealEngine/Common/DerivedDataCache/Buckets/LegacyTEXTURE/e4/c2/daf5b8ad75b6668e34855b19e9f4cc8e126b.udd" 5050
"C:/Users/emanu/AppData/Local/UnrealEngine/Common/DerivedDataCache/Buckets/LegacyTEXTURE/6b/3e/2ea0f55cde505b9a80853674f9b4052bf549.udd" 5051
"C:/Users/emanu/AppData/Local/UnrealEngine/Common/DerivedDataCache/Buckets/LegacyTEXTURE/dd/bc/3517a7405b23ba0af9aa183a92703860fb2c.udd" 5052
"C:/Users/emanu/AppData/Local/UnrealEngine/Common/DerivedDataCache/Buckets/LegacyTEXTURE/a3/10/647614ec6005754554a1f9df0624f9bff914.udd" 5053
"C:/Users/emanu/AppData/Local/UnrealEngine/Common/DerivedDataCache/Buckets/LegacyTEXTURE/d2/3b/d44655c0ca7961afdc9027b47d80ce95e0d0.udd" 5054
"C:/Users/emanu/AppData/Local/UnrealEngine/Common/DerivedDataCache/Buckets/LegacyTEXTURE/90/7f/4541ae89a8b2798955f1ae855ee7ea071054.udd" 5055
"C:/Users/emanu/AppData/Local/UnrealEngine/Common/DerivedDataCache/Buckets/LegacyTEXTURE/6f/95/85cef2de3e9904376b4d9253e795f9b2feb1.udd" 5056
"C:/Users/emanu/AppData/Local/UnrealEngine/Common/DerivedDataCache/Buckets/LegacyTEXTURE/2d/7f/11282776b92bb27cb1d3504756a5d15ff43b.udd" 5057
"C:/Users/emanu/AppData/Local/UnrealEngine/Common/DerivedDataCache/Buckets/LegacyTEXTURE/a4/73/d974c987a221a745161bd2b5d5b64593ac3c.udd" 5058
"C:/Users/emanu/AppData/Local/UnrealEngine/Common/DerivedDataCache/Buckets/LegacyTEXTURE/25/46/796fdf9e400efeaad6c59eddcd4d8ac133d0.udd" 5059
"C:/Users/emanu/AppData/Local/UnrealEngine/Common/DerivedDataCache/Buckets/LegacyTEXTURE/27/15/19ec78412cd87cce15854e50ff8b3804f70d.udd" 5060
"C:/Users/emanu/AppData/Local/UnrealEngine/Common/DerivedDataCache/Buckets/LegacyTEXTURE/a7/ac/d74f3ea7bf862f1534f04d18c8eee58b10bc.udd" 5061
"C:/Users/emanu/AppData/Local/UnrealEngine/Common/DerivedDataCache/Buckets/LegacyTEXTURE/ed/6f/7e6e6bf8691c86560f99c9a22c8765dcc352.udd" 5062
"C:/Users/emanu/AppData/Local/UnrealEngine/Common/DerivedDataCache/Buckets/LegacyTEXTURE/cd/3d/c10c846bf5103947ee47492bcdceb881928f.udd" 5063
"C:/Users/emanu/AppData/Local/UnrealEngine/Common/DerivedDataCache/Buckets/LegacyTEXTURE/c4/4e/6d8b2acc499c5c399a53c570360369762dd5.udd" 5064
"C:/Users/emanu/AppData/Local/UnrealEngine/Common/DerivedDataCache/Buckets/LegacyTEXTURE/2a/61/4354f2c0f0e8200a30356584e9a3e05f130f.udd" 5065
"C:/Users/emanu/AppData/Local/UnrealEngine/Common/DerivedDataCache/Buckets/LegacyTEXTURE/ab/fe/27e749f7444a2fd2f2ec0c6a82511ee2892f.udd" 5066
"C:/Users/emanu/AppData/Local/UnrealEngine/Common/DerivedDataCache/Buckets/LegacyTEXTURE/a7/4a/e83854f190a78ddf686a7b257eae3270b33e.udd" 5067
"C:/Users/emanu/AppData/Local/UnrealEngine/Common/DerivedDataCache/Buckets/LegacyTEXTURE/56/af/92eb34557f00d4894f803fec9ed640ea0a9d.udd" 5068
"C:/Users/emanu/AppData/Local/UnrealEngine/Common/DerivedDataCache/Buckets/LegacyTEXTURE/3f/26/cb1f9b32d1a34f6f8a9f0fa0784414a98150.udd" 5069
"C:/Users/emanu/AppData/Local/UnrealEngine/Common/DerivedDataCache/Buckets/LegacyTEXTURE/75/8b/44daae22a8816c978cdb35ad12748b1160b6.udd" 5070
"C:/Users/emanu/AppData/Local/UnrealEngine/Common/DerivedDataCache/Buckets/LegacyTEXTURE/a4/65/5be6143f1b6fa109878d48fbf6e5435aa1c1.udd" 5071
"C:/Users/emanu/AppData/Local/UnrealEngine/Common/DerivedDataCache/Buckets/LegacyTEXTURE/f1/46/b3d97694b1d0b2c22fd8f1757ede13b8a887.udd" 5072
"C:/Users/emanu/AppData/Local/UnrealEngine/Common/DerivedDataCache/Buckets/LegacyTEXTURE/b5/b3/e35c00b0422c51fd5656fe7714fdd55fd170.udd" 5073
"C:/Users/emanu/AppData/Local/UnrealEngine/Common/DerivedDataCache/Buckets/LegacyTEXTURE/5d/36/92320153d20f97841a8c86581bb8c277efa1.udd" 5074
"C:/Users/emanu/AppData/Local/UnrealEngine/Common/DerivedDataCache/Buckets/LegacyTEXTURE/d2/4f/61aa17083825a534431b9bdb67bf5d21adc9.udd" 5075
"C:/Users/emanu/AppData/Local/UnrealEngine/Common/DerivedDataCache/Buckets/LegacyTEXTURE/b3/f0/daa83f1193d07ab4c6453d38896d9dc700bd.udd" 5076
"C:/Users/emanu/AppData/Local/UnrealEngine/Common/DerivedDataCache/Buckets/LegacyTEXTURE/4c/71/d38d08d5c85430c288324bba2a4242b9ead8.udd" 5077
"C:/Users/emanu/AppData/Local/UnrealEngine/Common/DerivedDataCache/Buckets/LegacyTEXTURE/ff/b5/ecc57168f641ae187b39fe9c993adbc15b9c.udd" 5078
"C:/Users/emanu/AppData/Local/UnrealEngine/Common/DerivedDataCache/Buckets/LegacyTEXTURE/20/36/91acc48d4e7a3d7f41a901fd9a547cdbdebe.udd" 5079
"C:/Users/emanu/AppData/Local/UnrealEngine/Common/DerivedDataCache/Buckets/LegacyTEXTURE/02/02/130f5498c873900bf32b7fdfa55cadc78437.udd" 5080
"C:/Users/emanu/AppData/Local/UnrealEngine/Common/DerivedDataCache/Buckets/LegacyTEXTURE/dc/29/bb60c2c3e9fcf94e3849bc9cb97b24907b87.udd" 5081
"C:/Users/emanu/AppData/Local/UnrealEngine/Common/DerivedDataCache/Buckets/LegacyTEXTURE/40/e1/b56a46ece7d97b5346a1a77137e31eca82ff.udd" 5082
"C:/Users/emanu/AppData/Local/UnrealEngine/Common/DerivedDataCache/Buckets/LegacyTEXTURE/40/8e/054ba33d28a15f141b424b64637862ba2391.udd" 5083
"C:/Users/emanu/AppData/Local/UnrealEngine/Common/DerivedDataCache/Buckets/LegacyTEXTURE/a6/84/25004193f15e82a50c362fd7e3e0e993fbda.udd" 5084
"C:/Users/emanu/AppData/Local/UnrealEngine/Common/DerivedDataCache/Buckets/LegacyTEXTURE/12/4a/d6821a9350be0ba8b13012ab9ae8f2323302.udd" 5085
"C:/Users/emanu/AppData/Local/UnrealEngine/Common/DerivedDataCache/Buckets/LegacyTEXTURE/48/e6/6c72d57c074df68d99fb9ac97422def85b73.udd" 5086
"C:/Users/emanu/AppData/Local/UnrealEngine/Common/DerivedDataCache/Buckets/LegacyTEXTURE/41/d5/115599ad1a62e1f2e4276f5099d44dea22cd.udd" 5087
"C:/Users/emanu/AppData/Local/UnrealEngine/Common/DerivedDataCache/Buckets/LegacyTEXTURE/b7/4d/e5ef1e109ac57be05a52bd4276f75bd61fe1.udd" 5088
"C:/Users/emanu/AppData/Local/UnrealEngine/Common/DerivedDataCache/Buckets/LegacyTEXTURE/13/56/3617ae675a595a78e0663b5283d9adf447a4.udd" 5089
"C:/Users/emanu/AppData/Local/UnrealEngine/Common/DerivedDataCache/Buckets/LegacyTEXTURE/17/49/104b94e9afba2af6ea48a1507a91c81d098e.udd" 5090
"C:/Users/emanu/AppData/Local/UnrealEngine/Common/DerivedDataCache/Buckets/LegacyTEXTURE/4f/bc/578dfe7f521f61e765d61f08ba2bea5601b3.udd" 5091
"C:/Users/emanu/AppData/Local/UnrealEngine/Common/DerivedDataCache/Buckets/LegacyTEXTURE/f7/b7/bf0e44659736b9ef99c089a86c21293b9a0d.udd" 5092
"C:/Users/emanu/AppData/Local/UnrealEngine/Common/DerivedDataCache/Buckets/LegacyTEXTURE/e3/28/a8552191ae0c880438a27723e8810871d256.udd" 5093
"C:/Users/emanu/AppData/Local/UnrealEngine/Common/DerivedDataCache/Buckets/LegacyTEXTURE/2c/9f/56b8f74d07e1a44807f65a5cd6a5c9cb67a3.udd" 5094
"C:/Users/emanu/AppData/Local/UnrealEngine/Common/DerivedDataCache/Buckets/LegacyTEXTURE/68/a3/c8860b503197af53cabbee4982af41ad1177.udd" 5095
"C:/Users/emanu/AppData/Local/UnrealEngine/Common/DerivedDataCache/Buckets/LegacyTEXTURE/f7/1b/c287e8ca4e094a5efcdc38acb616123bfc40.udd" 5096
"C:/Users/emanu/AppData/Local/UnrealEngine/Common/DerivedDataCache/Buckets/LegacyTEXTURE/41/a6/c4c6e8191a3e838038bee180ff39aeef9d37.udd" 5097
"C:/Users/emanu/AppData/Local/UnrealEngine/Common/DerivedDataCache/Buckets/LegacyTEXTURE/75/da/a72bcdbe40d574f7865e9c1d2fadb8105875.udd" 5098
"C:/Users/emanu/AppData/Local/UnrealEngine/Common/DerivedDataCache/Buckets/LegacyTEXTURE/b4/61/22e9d1dc498a4d2746182cba2fe37c298295.udd" 5099
"C:/Users/emanu/AppData/Local/UnrealEngine/Common/DerivedDataCache/Buckets/LegacyTEXTURE/9f/1a/048140585185f2589c94a1140c64ef0089ac.udd" 5100
"C:/Users/emanu/AppData/Local/UnrealEngine/Common/DerivedDataCache/Buckets/LegacyTEXTURE/02/98/56bd034e82014f63eb1d038d02f448e36426.udd" 5101
"C:/Users/emanu/AppData/Local/UnrealEngine/Common/DerivedDataCache/Buckets/LegacyTEXTURE/93/6f/49b42f79a3053dfafba11e71b24466523528.udd" 5102
"C:/Users/emanu/AppData/Local/UnrealEngine/Common/DerivedDataCache/Buckets/LegacyTEXTURE/55/e7/92be36226706f45ae67e9ee8f854f372a857.udd" 5103
"C:/Users/emanu/AppData/Local/UnrealEngine/Common/DerivedDataCache/Buckets/LegacyTEXTURE/1f/7e/737abbd616fa54f49e535810d1c04de1b5b7.udd" 5104
"C:/Users/emanu/AppData/Local/UnrealEngine/Common/DerivedDataCache/Buckets/LegacyTEXTURE/43/7d/d54e594f3e2fb3b38b563025c94962e5decd.udd" 5105
"C:/Users/emanu/AppData/Local/UnrealEngine/Common/DerivedDataCache/Buckets/LegacyTEXTURE/f9/c9/40ec53f788f1c100fe6fd9e4662f17626662.udd" 5106
"C:/Users/emanu/AppData/Local/UnrealEngine/Common/DerivedDataCache/Buckets/LegacyTEXTURE/6a/7a/0ece2f884e963555f68583a67625037bba54.udd" 5107
"C:/Users/emanu/AppData/Local/UnrealEngine/Common/DerivedDataCache/Buckets/LegacyTEXTURE/5e/b1/7977f6b0067954b8b4bbaee7f3aa532b54cf.udd" 5108
"C:/Users/emanu/AppData/Local/UnrealEngine/Common/DerivedDataCache/Buckets/LegacyTEXTURE/98/41/2b0c52f1c3476c4beaf1b4bfd50739217ca5.udd" 5109
"C:/Users/emanu/AppData/Local/UnrealEngine/Common/DerivedDataCache/Buckets/LegacyTEXTURE/0b/21/9ad6819eba5eb3ff4fe8a60d2f8d8b9f3dfb.udd" 5110
"C:/Users/emanu/AppData/Local/UnrealEngine/Common/DerivedDataCache/Buckets/LegacyTEXTURE/6d/c6/324388c176ef927c95fa69e24dce3128370f.udd" 5111
"C:/Users/emanu/AppData/Local/UnrealEngine/Common/DerivedDataCache/Buckets/LegacyTEXTURE/2d/5e/969d11ac1c03980c280598565bdb1097abf1.udd" 5112
"C:/Users/emanu/AppData/Local/UnrealEngine/Common/DerivedDataCache/Buckets/LegacyTEXTURE/cb/e5/3c381784a57bf4fea2bbea9c7e4b14c6cd3e.udd" 5113
"C:/Users/emanu/AppData/Local/UnrealEngine/Common/DerivedDataCache/Buckets/LegacyTEXTURE/68/14/4b6661b654b171db950eb5f528a5a91af74c.udd" 5114
"C:/Users/emanu/AppData/Local/UnrealEngine/Common/DerivedDataCache/Buckets/LegacyTEXTURE/89/7a/abc9d6c946520d1d6a3878310f7d8093e6b1.udd" 5115
"C:/Users/emanu/AppData/Local/UnrealEngine/Common/DerivedDataCache/Buckets/LegacyTEXTURE/77/b8/5b6ac645a428ef3d4e06cfc8b3f5424584cc.udd" 5116
"C:/Users/emanu/AppData/Local/UnrealEngine/Common/DerivedDataCache/Buckets/LegacyTEXTURE/d8/84/f712a982edc6883f31dcd20d685bb692a7b8.udd" 5117
"C:/Users/emanu/AppData/Local/UnrealEngine/Common/DerivedDataCache/Buckets/LegacyTEXTURE/1e/00/0f85eadfc5b67882f6054637299fadd94fd1.udd" 5118
"C:/Users/emanu/AppData/Local/UnrealEngine/Common/DerivedDataCache/Buckets/LegacyTEXTURE/d6/a7/2e8565035422f7dc2c39f66b06f4a65c5451.udd" 5119
"C:/Users/emanu/AppData/Local/UnrealEngine/Common/DerivedDataCache/Buckets/LegacyTEXTURE/c4/50/b17a23a5d1c9b36161cb4481af8ef9c48a3e.udd" 5120
"C:/Users/emanu/AppData/Local/UnrealEngine/Common/DerivedDataCache/Buckets/LegacyTEXTURE/d6/74/c5caa5c6cfdd4acbe1f553c71c2717b86805.udd" 5121
"C:/Users/emanu/AppData/Local/UnrealEngine/Common/DerivedDataCache/Buckets/LegacyTEXTURE/5b/2b/c0338fab51cf70471851037b9515bd3d1044.udd" 5122
"C:/Users/emanu/AppData/Local/UnrealEngine/Common/DerivedDataCache/Buckets/LegacyTEXTURE/1c/38/1cd347f91d419aafeea3d70d34f6d3412024.udd" 5123
"C:/Users/emanu/AppData/Local/UnrealEngine/Common/DerivedDataCache/Buckets/LegacyTEXTURE/bc/5a/9e0f7d2c6b2ba89403374d1afced03d38c6d.udd" 5124
"C:/Users/emanu/AppData/Local/UnrealEngine/Common/DerivedDataCache/Buckets/LegacyTEXTURE/2e/f9/9a4a489b65de409b6ecc94b8265fceb29a11.udd" 5125
"C:/Users/emanu/AppData/Local/UnrealEngine/Common/DerivedDataCache/Buckets/LegacyTEXTURE/52/f2/74e8073ad785ca5f98a875e9cee4dce6fa29.udd" 5126
"C:/Users/emanu/AppData/Local/UnrealEngine/Common/DerivedDataCache/Buckets/LegacyTEXTURE/16/30/f8e1564dea89191e2e329988c503630fb4b6.udd" 5127
"C:/Users/emanu/AppData/Local/UnrealEngine/Common/DerivedDataCache/Buckets/LegacyTEXTURE/1f/fd/58764a7f8aa2787bb2e1213fa7be73da6f33.udd" 5128
"C:/Users/emanu/AppData/Local/UnrealEngine/Common/DerivedDataCache/Buckets/LegacyTEXTURE/8d/1f/b3703a572840e2c7f0b147c209c2e88b3b3c.udd" 5129
"C:/Users/emanu/AppData/Local/UnrealEngine/Common/DerivedDataCache/Buckets/LegacyTEXTURE/25/7c/012556f4e5d7966cbbda23ae92ae4d46100f.udd" 5130
"C:/Users/emanu/AppData/Local/UnrealEngine/Common/DerivedDataCache/Buckets/LegacyTEXTURE/00/8a/a9e2b1756f8d5ecedaa4f05fd07b63d40af3.udd" 5131
"C:/Users/emanu/AppData/Local/UnrealEngine/Common/DerivedDataCache/Buckets/LegacyTEXTURE/64/d1/8833389a18eae674600afdf10623276e37ff.udd" 5132
"C:/Users/emanu/AppData/Local/UnrealEngine/Common/DerivedDataCache/Buckets/LegacyTEXTURE/7c/fb/e37027219dea279898004226c8aab52ed8ca.udd" 5133
"C:/Users/emanu/AppData/Local/UnrealEngine/Common/DerivedDataCache/Buckets/LegacyTEXTURE/eb/6d/ca36a6022cf917abc433ed9c95c9ac5767af.udd" 5134
"C:/Users/emanu/AppData/Local/UnrealEngine/Common/DerivedDataCache/Buckets/LegacyTEXTURE/d6/b7/31542f6382f0da4c4e9411a640ccf82d0f43.udd" 5135
"C:/Users/emanu/AppData/Local/UnrealEngine/Common/DerivedDataCache/Buckets/LegacyTEXTURE/2d/e2/3cfa5a5d5cbc217ba21a3ce9c7f65c081ac5.udd" 5136
"C:/Users/emanu/AppData/Local/UnrealEngine/Common/DerivedDataCache/Buckets/LegacyTEXTURE/6e/2a/0cca87bdbe1d4b27347b1669c30a0ead3b58.udd" 5137
"C:/Users/emanu/AppData/Local/UnrealEngine/Common/DerivedDataCache/Buckets/LegacyTEXTURE/77/cf/4ac45099359c443ce3328c05366370dbb4dd.udd" 5138
"C:/Users/emanu/AppData/Local/UnrealEngine/Common/DerivedDataCache/Content/9e/3b/e5c6fe86520d8072169c17ee83ad984b73ed.udd" 5139
"C:/Users/emanu/AppData/Local/UnrealEngine/Common/DerivedDataCache/Buckets/LegacyTEXTURE/34/31/8d76705a7ae7a6bf620a79de696f2d0cb5c3.udd" 5140
"C:/Users/emanu/AppData/Local/UnrealEngine/Common/DerivedDataCache/Buckets/LegacyTEXTURE/48/0c/cfd6d77712658b457c631ec2cdecb768035c.udd" 5141
"C:/Users/emanu/AppData/Local/UnrealEngine/Common/DerivedDataCache/Buckets/LegacyTEXTURE/bc/15/bd143a64f7b57d2eddf10928a64e75e1fbe2.udd" 5142
"C:/Users/emanu/AppData/Local/UnrealEngine/Common/DerivedDataCache/Buckets/LegacyTEXTURE/52/8b/b1ff7360eb6e9158faf6e2e7ec35d695db0d.udd" 5143
"C:/Users/emanu/AppData/Local/UnrealEngine/Common/DerivedDataCache/Buckets/LegacyTEXTURE/9d/ec/d761e49c3a3f2c5b0f404782e346559be3dc.udd" 5144
"C:/Users/emanu/AppData/Local/UnrealEngine/Common/DerivedDataCache/Content/fb/32/e88c42d4d5d7d654fd74b97621005fe2bb74.udd" 5145
"C:/Users/emanu/AppData/Local/UnrealEngine/Common/DerivedDataCache/Buckets/LegacyTEXTURE/b9/5d/5d63bdcb6e65cd5f8e548548cb23d8940b4a.udd" 5146
"C:/Users/emanu/AppData/Local/UnrealEngine/Common/DerivedDataCache/Buckets/LegacyTEXTURE/00/7c/3e6d3d2eac5792752c5077a117dcfcb0fcf1.udd" 5147
"C:/Users/emanu/AppData/Local/UnrealEngine/Common/DerivedDataCache/Buckets/LegacyTEXTURE/50/b3/1245ba4ea405e1511eb78ff694eb83b6294b.udd" 5148
"C:/Users/emanu/AppData/Local/UnrealEngine/Common/DerivedDataCache/Buckets/LegacyTEXTURE/b6/10/d05f084be3be39a9b157daef40d0222eb72b.udd" 5149
"C:/Users/emanu/AppData/Local/UnrealEngine/Common/DerivedDataCache/Buckets/LegacyTEXTURE/03/2c/ba8b1baf9e3077950b1bbe5d847adcf88b7a.udd" 5150
"C:/Users/emanu/AppData/Local/UnrealEngine/Common/DerivedDataCache/Buckets/LegacyTEXTURE/0a/8f/51ec261d029db9b1f41bd3c1c73cc438f42a.udd" 5151
"C:/Users/emanu/AppData/Local/UnrealEngine/Common/DerivedDataCache/Buckets/LegacyTEXTURE/03/cc/36f5fd35a5e90bb817637022b846f55c9add.udd" 5152
"C:/Users/emanu/AppData/Local/UnrealEngine/Common/DerivedDataCache/Buckets/LegacyTEXTURE/e5/af/a4193ffc1ac047b4fa71d8cf0ea95629fc72.udd" 5153
"C:/Users/emanu/AppData/Local/UnrealEngine/Common/DerivedDataCache/Content/cd/12/f280b7a2f6327adb4f8c4502735f774cdbb8.udd" 5154
"C:/Users/emanu/AppData/Local/UnrealEngine/Common/DerivedDataCache/Buckets/LegacyTEXTURE/6c/ae/26aeb9ac3fb5bd3a473fa6ac4e4ed5b09206.udd" 5155
"C:/Users/emanu/AppData/Local/UnrealEngine/Common/DerivedDataCache/Buckets/LegacyTEXTURE/fb/51/0732e4b9af234346cb2c1a2b54cee64caab1.udd" 5156
"C:/Users/emanu/AppData/Local/UnrealEngine/Common/DerivedDataCache/Buckets/LegacyTEXTURE/c9/9f/67bf739c46c14ec53c41334e3c202d3be340.udd" 5157
"C:/Users/emanu/AppData/Local/UnrealEngine/Common/DerivedDataCache/Buckets/LegacyTEXTURE/8d/76/085ec554639ef231d0c859f2a7a884264031.udd" 5158
"C:/Users/emanu/AppData/Local/UnrealEngine/Common/DerivedDataCache/Buckets/LegacyTEXTURE/71/6f/a47a043d6027cd6cffe2235cae8152fb82a7.udd" 5159
"C:/Users/emanu/AppData/Local/UnrealEngine/Common/DerivedDataCache/Buckets/LegacyTEXTURE/d8/d8/38ad420dd616253bc8a2e1a4d689aab379f1.udd" 5160
"C:/Users/emanu/AppData/Local/UnrealEngine/Common/DerivedDataCache/Buckets/LegacyTEXTURE/5e/f9/fa615fc5299cf6ffddebeb0e5ca313b63a16.udd" 5161
"C:/Users/emanu/AppData/Local/UnrealEngine/Common/DerivedDataCache/Buckets/LegacyTEXTURE/5b/da/a33ca33107a0c0a7932d36a1003580ff0026.udd" 5162
"C:/Users/emanu/AppData/Local/UnrealEngine/Common/DerivedDataCache/Buckets/LegacyTEXTURE/15/5b/843ae48fdeedcf10680afc43f820b273d597.udd" 5163
"C:/Users/emanu/AppData/Local/UnrealEngine/Common/DerivedDataCache/Buckets/LegacyTEXTURE/41/e9/3289305db0c220216ee843232df40b4639c7.udd" 5164
"C:/Users/emanu/AppData/Local/UnrealEngine/Common/DerivedDataCache/Buckets/LegacyTEXTURE/28/23/8876294106bb231eeab000ea8568b01700c5.udd" 5165
"C:/Users/emanu/AppData/Local/UnrealEngine/Common/DerivedDataCache/Buckets/LegacyTEXTURE/11/4a/dc6b48caee9e5d5daf4f0339d09399de7bc0.udd" 5166
"C:/Users/emanu/AppData/Local/UnrealEngine/Common/DerivedDataCache/Buckets/LegacyTEXTURE/57/aa/66c0cc8e361aca42599b3622e0dbaf4412b6.udd" 5167
"C:/Users/emanu/AppData/Local/UnrealEngine/Common/DerivedDataCache/Buckets/LegacyTEXTURE/d4/99/f17f117d24d267edbe62076a5a1e84b4ae18.udd" 5168
"C:/Users/emanu/AppData/Local/UnrealEngine/Common/DerivedDataCache/Buckets/LegacyTEXTURE/f7/fd/d7981ae5579b00ea602e7987fa917a7c6e3f.udd" 5169
"C:/Users/emanu/AppData/Local/UnrealEngine/Common/DerivedDataCache/Buckets/LegacyTEXTURE/07/6f/1484e632d7180acaeae7128a669d19ddd34e.udd" 5170
"C:/Users/emanu/AppData/Local/UnrealEngine/Common/DerivedDataCache/Buckets/LegacyTEXTURE/c6/c1/01d5c59925da1dbd2af9e3aef2864705cfe6.udd" 5171
"C:/Users/emanu/AppData/Local/UnrealEngine/Common/DerivedDataCache/Buckets/LegacyTEXTURE/da/80/171ff58fe129086e5a7d21d8ddf502186870.udd" 5172
"C:/Users/emanu/AppData/Local/UnrealEngine/Common/DerivedDataCache/Buckets/LegacyTEXTURE/b4/d9/2825fc77f501d5c6adab09c46b5af64469cf.udd" 5173
"C:/Users/emanu/AppData/Local/UnrealEngine/Common/DerivedDataCache/Buckets/LegacyTEXTURE/1c/a2/9ec912336573a0a22de3f0cc9ffcc0cd393a.udd" 5174
"C:/Users/emanu/AppData/Local/UnrealEngine/Common/DerivedDataCache/Buckets/LegacyTEXTURE/61/b5/727302e88510ccb4a1b91a607533399c7c7c.udd" 5175
"C:/Users/emanu/AppData/Local/UnrealEngine/Common/DerivedDataCache/Buckets/LegacyTEXTURE/38/ed/b0a8523b2a0152424bc6632462e798ec66b2.udd" 5176
"C:/Users/emanu/AppData/Local/UnrealEngine/Common/DerivedDataCache/Buckets/LegacyTEXTURE/1d/ee/9234d227c1e547ec195750c3b47b2e02529c.udd" 5177
"C:/Users/emanu/AppData/Local/UnrealEngine/Common/DerivedDataCache/Buckets/LegacyTEXTURE/53/78/d044a3f48fefa24a2bee2a0d287555e47578.udd" 5178
"C:/Users/emanu/AppData/Local/UnrealEngine/Common/DerivedDataCache/Buckets/LegacyTEXTURE/81/fc/baa04423a72b7d786f8886f363898dfd80c6.udd" 5179
"C:/Users/emanu/AppData/Local/UnrealEngine/Common/DerivedDataCache/Buckets/LegacyTEXTURE/7b/c3/b6bd9fc11bd826bead8ba780386dc8218364.udd" 5180
"C:/Users/emanu/AppData/Local/UnrealEngine/Common/DerivedDataCache/Buckets/LegacyTEXTURE/0f/3d/1c259753e643ff9ab6c8664f905940c168af.udd" 5181
"C:/Users/emanu/AppData/Local/UnrealEngine/Common/DerivedDataCache/Buckets/LegacyTEXTURE/76/1d/6201277f6d98290f0d59ebc73d7198e933d5.udd" 5182
"C:/Users/emanu/AppData/Local/UnrealEngine/Common/DerivedDataCache/Buckets/LegacyTEXTURE/13/c1/2e60b082fbd2d1c331da0b2bd6d7d6250371.udd" 5183
"C:/Users/emanu/AppData/Local/UnrealEngine/Common/DerivedDataCache/Content/da/3a/b23037f2d7c796a2371bccb731b7ed9b07d2.udd" 5184
"C:/Users/emanu/AppData/Local/UnrealEngine/Common/DerivedDataCache/Buckets/LegacyTEXTURE/31/8b/ecf97802886adc065cf03e5189d898485786.udd" 5185
"C:/Users/emanu/AppData/Local/UnrealEngine/Common/DerivedDataCache/Buckets/LegacyTEXTURE/f5/dd/ab10a15e660b727eb15d64e3571ffa57f7c7.udd" 5186
"C:/Users/emanu/AppData/Local/UnrealEngine/Common/DerivedDataCache/Buckets/LegacyTEXTURE/69/7e/d3189f3b677ef18bb3ca1537a786619d09b7.udd" 5187
"C:/Users/emanu/AppData/Local/UnrealEngine/Common/DerivedDataCache/Buckets/LegacyTEXTURE/1d/52/d78896a660bf91b3ef5675852f16f3ce1e13.udd" 5188
"C:/Users/emanu/AppData/Local/UnrealEngine/Common/DerivedDataCache/Buckets/LegacyTEXTURE/1f/b3/fe9d68adfdefbe4eea89903028d69ff88c78.udd" 5189
"C:/Users/emanu/AppData/Local/UnrealEngine/Common/DerivedDataCache/Buckets/LegacyTEXTURE/98/99/15636eb596fd79b8d6980b5c8eaad77cbbda.udd" 5190
"C:/Users/emanu/AppData/Local/UnrealEngine/Common/DerivedDataCache/Content/09/b4/57be333352a188698a9beaa950bdfc712322.udd" 5191
"C:/Users/emanu/AppData/Local/UnrealEngine/Common/DerivedDataCache/Buckets/LegacyTEXTURE/ea/35/d02dfbbe6eaba18b84ebc2557d2f0b53a89b.udd" 5192
"C:/Users/emanu/AppData/Local/UnrealEngine/Common/DerivedDataCache/Buckets/LegacyTEXTURE/67/9b/d266af87604850260c4f48f86be43e5de669.udd" 5193
"C:/Users/emanu/AppData/Local/UnrealEngine/Common/DerivedDataCache/Buckets/LegacyTEXTURE/90/91/fa6aa4fafb0c0e46f3e5839722eb89cb82cf.udd" 5194
"C:/Users/emanu/AppData/Local/UnrealEngine/Common/DerivedDataCache/Buckets/LegacyTEXTURE/2e/e3/591362e087a9891a5fc995820aa124224fbc.udd" 5195
"C:/Users/emanu/AppData/Local/UnrealEngine/Common/DerivedDataCache/Buckets/LegacyTEXTURE/93/b6/f6c024a87bf2a88ec9943e01dcc0643c48c8.udd" 5196
"C:/Users/emanu/AppData/Local/UnrealEngine/Common/DerivedDataCache/Buckets/LegacyTEXTURE/3e/7c/58ef68806e88811bb15adef53aeb7fef9c9f.udd" 5197
"C:/Users/emanu/AppData/Local/UnrealEngine/Common/DerivedDataCache/Buckets/LegacyTEXTURE/f9/af/c59f43a7a3446b30c251a0c4bb651187410e.udd" 5198
"C:/Users/emanu/AppData/Local/UnrealEngine/Common/DerivedDataCache/Content/f2/67/09a583f968ac7e3ada2ac8d81b1ccb03ac28.udd" 5199
"C:/Users/emanu/AppData/Local/UnrealEngine/Common/DerivedDataCache/Buckets/LegacyTEXTURE/26/a3/7056555fbf0049d96cfc1884102f2db1da2a.udd" 5200
"C:/Users/emanu/AppData/Local/UnrealEngine/Common/DerivedDataCache/Buckets/LegacyTEXTURE/96/af/6f2a79d301860664727fc033df2264bbd97a.udd" 5201
"C:/Users/emanu/AppData/Local/UnrealEngine/Common/DerivedDataCache/Buckets/LegacyTEXTURE/0c/ce/5e85767fe5a0e7ef55897994f12ab94cdca1.udd" 5202
"C:/Users/emanu/AppData/Local/UnrealEngine/Common/DerivedDataCache/Buckets/LegacyTEXTURE/79/88/0c993096527e9b860e19bced4bb2706a04db.udd" 5203
"C:/Users/emanu/AppData/Local/UnrealEngine/Common/DerivedDataCache/Buckets/LegacyTEXTURE/9c/15/3438d4f730e11b5b663ce06f1092080cecfc.udd" 5204
"C:/Users/emanu/AppData/Local/UnrealEngine/Common/DerivedDataCache/Buckets/LegacyTEXTURE/d3/bf/9d2392cc2e555f10507e3bd77ce5d79c015a.udd" 5205
"C:/Users/emanu/AppData/Local/UnrealEngine/Common/DerivedDataCache/Buckets/LegacyTEXTURE/20/4e/1032f0ec4f8933608e9cdd7b79bfbaf1ed69.udd" 5206
"C:/Users/emanu/AppData/Local/UnrealEngine/Common/DerivedDataCache/Content/f9/4e/e1e302ae72bf2c7839f2e61c5cba68e95563.udd" 5207
"C:/Users/emanu/AppData/Local/UnrealEngine/Common/DerivedDataCache/Buckets/LegacyTEXTURE/5d/e0/288943412cff764fa9d0a20152e11d750b5d.udd" 5208
"C:/Users/emanu/AppData/Local/UnrealEngine/Common/DerivedDataCache/Buckets/LegacyTEXTURE/d6/69/181ead769c9d10abc96a8ea1743e78dc8955.udd" 5209
"C:/Users/emanu/AppData/Local/UnrealEngine/Common/DerivedDataCache/Buckets/LegacyTEXTURE/8e/d5/c36ae079645f468db5eb88293a89e4bede05.udd" 5210
"C:/Users/emanu/AppData/Local/UnrealEngine/Common/DerivedDataCache/Buckets/LegacyTEXTURE/0c/33/8a93db1c5de47cd05afb06af781db3909754.udd" 5211
"C:/Users/emanu/AppData/Local/UnrealEngine/Common/DerivedDataCache/Buckets/LegacyTEXTURE/0d/4f/5d15d68025c0034d80a40082e66fda79089f.udd" 5212
"C:/Users/emanu/AppData/Local/UnrealEngine/Common/DerivedDataCache/Buckets/LegacyTEXTURE/21/a1/23530ff0e86d5086b68312a1d1aa9f058b61.udd" 5213
"C:/Users/emanu/AppData/Local/UnrealEngine/Common/DerivedDataCache/Buckets/LegacyTEXTURE/b7/47/59e0ee00ee6b698529f08ac087e129ecb9e7.udd" 5214
"C:/Users/emanu/AppData/Local/UnrealEngine/Common/DerivedDataCache/Buckets/LegacyTEXTURE/1d/d8/237fe0e87c7399414f172490e60b22755a23.udd" 5215
"C:/Users/emanu/AppData/Local/UnrealEngine/Common/DerivedDataCache/Buckets/LegacyTEXTURE/e2/c8/d0fcf05abd51d556011eba5bd18d32a734a8.udd" 5216
"C:/Users/emanu/AppData/Local/UnrealEngine/Common/DerivedDataCache/Buckets/LegacyTEXTURE/83/57/19ca4c455328436593ed886d25c6435fca05.udd" 5217
"C:/Users/emanu/AppData/Local/UnrealEngine/Common/DerivedDataCache/Buckets/LegacyTEXTURE/70/e2/f6256355d93bc740e8c38128e01eb9a8b12d.udd" 5218
"C:/Users/emanu/AppData/Local/UnrealEngine/Common/DerivedDataCache/Buckets/LegacyTEXTURE/ce/b4/fbabbf6d1b3d41dd4bc9647532889152fd52.udd" 5219
"C:/Users/emanu/AppData/Local/UnrealEngine/Common/DerivedDataCache/Buckets/LegacyTEXTURE/f5/ba/b1dea1de88cc58eb2edd538179cdadb6f83e.udd" 5220
"C:/Users/emanu/AppData/Local/UnrealEngine/Common/DerivedDataCache/Buckets/LegacyTEXTURE/46/71/75b9d8922dfb32a41fe6ceec50a26ec67fe3.udd" 5221
"C:/Users/emanu/AppData/Local/UnrealEngine/Common/DerivedDataCache/Buckets/LegacyTEXTURE/e5/42/235f0ee8bfea612a3b0ea6a4d5fdb3b9c022.udd" 5222
"C:/Users/emanu/AppData/Local/UnrealEngine/Common/DerivedDataCache/Buckets/LegacyTEXTURE/2b/fa/20793f1945e2a94bf3fd06be2ea3fb1400ff.udd" 5223
"C:/Users/emanu/AppData/Local/UnrealEngine/Common/DerivedDataCache/Buckets/LegacyTEXTURE/1f/7b/789ab4fc115fd112c0553c76d234abb7d143.udd" 5224
"C:/Users/emanu/AppData/Local/UnrealEngine/Common/DerivedDataCache/Buckets/LegacyTEXTURE/c5/d3/1011973ead06ffeddf1753f04a1d188e2792.udd" 5225
"C:/Users/emanu/AppData/Local/UnrealEngine/Common/DerivedDataCache/Content/67/59/8604bb3df080466d7024f4eedf40834bf380.udd" 5226
"C:/Users/emanu/AppData/Local/UnrealEngine/Common/DerivedDataCache/Buckets/LegacyTEXTURE/2b/f5/f2f666fa6d7f41cace15423c13121b2808bc.udd" 5227
"C:/Users/emanu/AppData/Local/UnrealEngine/Common/DerivedDataCache/Buckets/LegacyTEXTURE/7c/bc/e2e996bf47ff9e859c2dbc9a77a0e57ebb22.udd" 5228
"C:/Users/emanu/AppData/Local/UnrealEngine/Common/DerivedDataCache/Buckets/LegacyTEXTURE/b4/d0/14c090d1cf239d916b7780c914ec2d748285.udd" 5229
"C:/Users/emanu/AppData/Local/UnrealEngine/Common/DerivedDataCache/Buckets/LegacyTEXTURE/95/bf/4fb683e96baaa5cb59408af8c72e2a676223.udd" 5230
"C:/Users/emanu/AppData/Local/UnrealEngine/Common/DerivedDataCache/Buckets/LegacyTEXTURE/a2/c7/91661704095422178a3361ae4a58329f8b1b.udd" 5231
"C:/Users/emanu/AppData/Local/UnrealEngine/Common/DerivedDataCache/Buckets/LegacyTEXTURE/9d/20/1347e755d6103e54a780ed2a832c7f958bca.udd" 5232
"C:/Users/emanu/AppData/Local/UnrealEngine/Common/DerivedDataCache/Buckets/LegacyTEXTURE/10/b1/169c587257d5b2fb0a7fe9ae82d8664e9ffa.udd" 5233
"C:/Users/emanu/AppData/Local/UnrealEngine/Common/DerivedDataCache/Buckets/LegacyTEXTURE/1d/8f/1e69bdfebb750cd76d8d0a3eef6f646263e8.udd" 5234
"C:/Users/emanu/AppData/Local/UnrealEngine/Common/DerivedDataCache/Buckets/LegacyTEXTURE/eb/38/fbad65f688b9df6dd6fc4dd5594a8190f81b.udd" 5235
"C:/Users/emanu/AppData/Local/UnrealEngine/Common/DerivedDataCache/Buckets/LegacyTEXTURE/93/db/c6a0205ab2ff228d795e195ee4e418d971d5.udd" 5236
"C:/Users/emanu/AppData/Local/UnrealEngine/Common/DerivedDataCache/Buckets/LegacyTEXTURE/57/95/1d733ee388ebee2eb34843df0b4cfe4245e0.udd" 5237
"C:/Users/emanu/AppData/Local/UnrealEngine/Common/DerivedDataCache/Buckets/LegacyTEXTURE/8c/fb/6a1ae4bbcb6c95f20740d0c4d742878b0ab1.udd" 5238
"C:/Users/emanu/AppData/Local/UnrealEngine/Common/DerivedDataCache/Buckets/LegacyTEXTURE/2e/d4/c793c3f803af0d05bee7a45b67a2ff52e6ce.udd" 5239
"C:/Users/emanu/AppData/Local/UnrealEngine/Common/DerivedDataCache/Buckets/LegacyTEXTURE/ce/88/155ed241a12678b7d70662bf5edf40c24681.udd" 5240
"C:/Users/emanu/AppData/Local/UnrealEngine/Common/DerivedDataCache/Content/32/9f/b4b3e283d04b939e0a03bd6a91c0d03a9aeb.udd" 5241
"C:/Users/emanu/AppData/Local/UnrealEngine/Common/DerivedDataCache/Content/20/97/bc2c49f051ca254774d686d0614e1c4a2162.udd" 5242
"C:/Users/emanu/AppData/Local/UnrealEngine/Common/DerivedDataCache/Buckets/LegacyTEXTURE/6d/d7/1bc9f05dbf97a7f0a70a702d16c97bf1b6d9.udd" 5243
"C:/Users/emanu/AppData/Local/UnrealEngine/Common/DerivedDataCache/Buckets/LegacyTEXTURE/a1/77/d5da7525e01bc3aee09324368298b5bdf159.udd" 5244
"C:/Users/emanu/AppData/Local/UnrealEngine/Common/DerivedDataCache/Buckets/LegacyTEXTURE/9a/fd/00c31829669987c6d3a218434f118d18d9b2.udd" 5245
"C:/Users/emanu/AppData/Local/UnrealEngine/Common/DerivedDataCache/Buckets/LegacyTEXTURE/00/6b/1711f51f7b85ed4527cbcf6b9a35f52aa042.udd" 5246
"C:/Users/emanu/AppData/Local/UnrealEngine/Common/DerivedDataCache/Buckets/LegacyTEXTURE/4b/24/dce6c16931acb43fe3b0e1f60f484939a3f0.udd" 5247
"C:/Users/emanu/AppData/Local/UnrealEngine/Common/DerivedDataCache/Buckets/LegacyTEXTURE/d2/b1/a9e0c2a88f47dbe772860eff5cbf84c3e8a7.udd" 5248
"C:/Users/emanu/AppData/Local/UnrealEngine/Common/DerivedDataCache/Buckets/LegacyTEXTURE/25/18/d9b7c61e4ab4968ecfbae11898a57956039f.udd" 5249
"C:/Users/emanu/AppData/Local/UnrealEngine/Common/DerivedDataCache/Buckets/LegacyTEXTURE/92/0c/539e62da4b3cf3a147c80da38aab211ecacc.udd" 5250
"C:/Users/emanu/AppData/Local/UnrealEngine/Common/DerivedDataCache/Buckets/LegacyTEXTURE/22/48/6ceca742bde58fc815a46e4782f90c86210c.udd" 5251
"C:/Users/emanu/AppData/Local/UnrealEngine/Common/DerivedDataCache/Buckets/LegacyTEXTURE/3b/6e/dd1bd164d3ea043c36208e38a29b5d87d0dd.udd" 5252
"C:/Users/emanu/AppData/Local/UnrealEngine/Common/DerivedDataCache/Buckets/LegacyTEXTURE/3b/a9/56629dd5234cdb9cdad190e0c26ffe3bffa5.udd" 5253
"C:/Users/emanu/AppData/Local/UnrealEngine/Common/DerivedDataCache/Buckets/LegacyTEXTURE/11/70/ce1587e9d1267ad0f94bcfb73798f03879b4.udd" 5254
"C:/Users/emanu/AppData/Local/UnrealEngine/Common/DerivedDataCache/Buckets/LegacyTEXTURE/14/49/b1442178f2d10ab272d1eeb155abd2d08768.udd" 5255
"C:/Users/emanu/AppData/Local/UnrealEngine/Common/DerivedDataCache/Buckets/LegacyTEXTURE/82/65/d27d347a11ddb3a1dfd7396d26dff454ed99.udd" 5256
"C:/Users/emanu/AppData/Local/UnrealEngine/Common/DerivedDataCache/Content/27/7a/65d269bf1d381ba3887d77b0034e39c3fa60.udd" 5257
"C:/Users/emanu/AppData/Local/UnrealEngine/Common/DerivedDataCache/Content/ca/58/41ffd6acdb5558d27700ad528e8478410f9a.udd" 5258
"C:/Users/emanu/AppData/Local/UnrealEngine/Common/DerivedDataCache/Buckets/LegacyTEXTURE/61/94/7ffc59f1141cfdf6b815b9fc513e9066430d.udd" 5259
"C:/Users/emanu/AppData/Local/UnrealEngine/Common/DerivedDataCache/Buckets/LegacyTEXTURE/a5/fb/c78c1fb919a976b35079efb99ea2fb17db3d.udd" 5260
"C:/Users/emanu/AppData/Local/UnrealEngine/Common/DerivedDataCache/Buckets/LegacyTEXTURE/72/66/1380616691125b2358a71c5245347daca08f.udd" 5261
"C:/Users/emanu/AppData/Local/UnrealEngine/Common/DerivedDataCache/Content/80/83/8ab586ff3cb3627b1a1707807cb118dbc79a.udd" 5262
"C:/Users/emanu/AppData/Local/UnrealEngine/Common/DerivedDataCache/Buckets/LegacyTEXTURE/d5/25/dfe72bc48d44d050feb41adee863a8a73e06.udd" 5263
"C:/Users/emanu/AppData/Local/UnrealEngine/Common/DerivedDataCache/Buckets/LegacyTEXTURE/bd/af/dfc660174ce9d209dd7ea305631a59640d78.udd" 5264
"C:/Users/emanu/AppData/Local/UnrealEngine/Common/DerivedDataCache/Buckets/LegacyTEXTURE/2f/62/ce86dba38fdb0c803109b2a37e8effca19d4.udd" 5265
"C:/Users/emanu/AppData/Local/UnrealEngine/Common/DerivedDataCache/Buckets/LegacyTEXTURE/62/33/1b63488f530cc8f533a4bfc5829d9f340fcc.udd" 5266
"C:/Users/emanu/AppData/Local/UnrealEngine/Common/DerivedDataCache/Buckets/LegacyTEXTURE/09/2c/1e737072f35a367ea87fff1e1515a351b05a.udd" 5267
"C:/Users/emanu/AppData/Local/UnrealEngine/Common/DerivedDataCache/Buckets/LegacyTEXTURE/53/1b/677611f4111f8dd4a4ca47b5a03a1b3bd862.udd" 5268
"C:/Users/emanu/AppData/Local/UnrealEngine/Common/DerivedDataCache/Buckets/LegacyTEXTURE/a3/8d/9a5634930890347a010477626ef8b8ee411d.udd" 5269
"C:/Users/emanu/AppData/Local/UnrealEngine/Common/DerivedDataCache/Buckets/LegacyTEXTURE/4f/c3/45089dd8a8c0fe0ae254e211124fd836f233.udd" 5270
"C:/Users/emanu/AppData/Local/UnrealEngine/Common/DerivedDataCache/Buckets/LegacyTEXTURE/2c/43/c4016619de7192910a8afe9607168f15831f.udd" 5271
"C:/Users/emanu/AppData/Local/UnrealEngine/Common/DerivedDataCache/Content/9d/c6/833785739ccc75467343875542b5ad63538e.udd" 5272
"C:/Users/emanu/AppData/Local/UnrealEngine/Common/DerivedDataCache/Buckets/LegacyTEXTURE/66/e6/05007736355fc85082d27fe7fdd11c6c3625.udd" 5273
"C:/Users/emanu/AppData/Local/UnrealEngine/Common/DerivedDataCache/Buckets/LegacyTEXTURE/01/6c/a46bdd649a6d167aa8ee942dbf005fd295d8.udd" 5274
"C:/Users/emanu/AppData/Local/UnrealEngine/Common/DerivedDataCache/Buckets/LegacyTEXTURE/8e/75/e618140d5e5a8fd2e2377d4a90644655e635.udd" 5275
"C:/Users/emanu/AppData/Local/UnrealEngine/Common/DerivedDataCache/Content/4d/c9/391fd7fab94e754e9f36d4c4b2371b9afbcc.udd" 5276
"C:/Users/emanu/AppData/Local/UnrealEngine/Common/DerivedDataCache/Content/2b/11/712a630d479047d37af8141676f67ded7400.udd" 5277
"C:/Users/emanu/AppData/Local/UnrealEngine/Common/DerivedDataCache/Buckets/LegacyTEXTURE/04/9c/4e51f62128b937651fd82a43dbfe98ee2b54.udd" 5278
"C:/Users/emanu/AppData/Local/UnrealEngine/Common/DerivedDataCache/Buckets/LegacyTEXTURE/58/fc/4c0aa4d2dd73810cf69f241ce36eae420673.udd" 5279
"C:/Users/emanu/AppData/Local/UnrealEngine/Common/DerivedDataCache/Buckets/LegacyTEXTURE/b9/a8/f835c72da415f2f3eeed9b1abd0331757b3e.udd" 5280
"C:/Users/emanu/AppData/Local/UnrealEngine/Common/DerivedDataCache/Buckets/LegacyTEXTURE/ab/65/acccb7fb7205ebd57314b7247cbde65e708f.udd" 5281
"C:/Users/emanu/AppData/Local/UnrealEngine/Common/DerivedDataCache/Buckets/LegacyTEXTURE/0d/2f/a1cc3e6a3b698e62ebf7ed3d9d84bed12870.udd" 5282
"C:/Users/emanu/AppData/Local/UnrealEngine/Common/DerivedDataCache/Buckets/LegacyTEXTURE/29/59/7bb16def75a73ef44fbaca1ec7a59b64b269.udd" 5283
"C:/Users/emanu/AppData/Local/UnrealEngine/Common/DerivedDataCache/Buckets/LegacyTEXTURE/be/70/e2d2b87e9b046f5720339d0bd48614143f10.udd" 5284
"C:/Users/emanu/AppData/Local/UnrealEngine/Common/DerivedDataCache/Buckets/LegacyTEXTURE/7e/19/889cf7ad8e1a7bf5fdf63f341d8292a5eaff.udd" 5285
"C:/Users/emanu/AppData/Local/UnrealEngine/Common/DerivedDataCache/Buckets/LegacyTEXTURE/fd/46/226ebcf21884483dc675bf96bb98569d2b16.udd" 5286
"C:/Users/emanu/AppData/Local/UnrealEngine/Common/DerivedDataCache/Buckets/LegacyTEXTURE/ab/b1/21f650e63e1209777f9c84c493d222943e19.udd" 5287
"C:/Users/emanu/AppData/Local/UnrealEngine/Common/DerivedDataCache/Buckets/LegacyTEXTURE/fa/70/1cea4e3bbd42983522ee310f0e0fd8118383.udd" 5288
"C:/Users/emanu/AppData/Local/UnrealEngine/Common/DerivedDataCache/Buckets/LegacyTEXTURE/ed/8e/b8ae46d69aabd2ad4f376f724e16920e25fb.udd" 5289
"C:/Users/emanu/AppData/Local/UnrealEngine/Common/DerivedDataCache/Content/d3/52/9e4a9a88b08fa486c9a8b950e2003b9c5f0f.udd" 5290
"C:/Users/emanu/AppData/Local/UnrealEngine/Common/DerivedDataCache/Buckets/LegacyTEXTURE/85/84/f771949f2ef38690da90794ecb9d6cb4074e.udd" 5291
"C:/Users/emanu/AppData/Local/UnrealEngine/Common/DerivedDataCache/Buckets/LegacyTEXTURE/64/ba/30a8dbb7f4b0c8d08cca46984120c55c8c59.udd" 5292
"C:/Users/emanu/AppData/Local/UnrealEngine/Common/DerivedDataCache/Content/f1/c5/20b4592dc729a75eaea8fe6670ae57ee6a44.udd" 5293
"C:/Users/emanu/AppData/Local/UnrealEngine/Common/DerivedDataCache/Buckets/LegacyTEXTURE/9a/6a/7e2418b3c8349f3d8f924343cd5312aedb4d.udd" 5294
"C:/Users/emanu/AppData/Local/UnrealEngine/Common/DerivedDataCache/Buckets/LegacyTEXTURE/fc/f9/ffee1a957837d700f567ec1d341e98cabada.udd" 5295
"C:/Users/emanu/AppData/Local/UnrealEngine/Common/DerivedDataCache/Buckets/LegacyTEXTURE/79/8a/de93c7a478ffee6cf94dfd6d30d8f2a4654f.udd" 5296
"C:/Users/emanu/AppData/Local/UnrealEngine/Common/DerivedDataCache/Buckets/LegacyTEXTURE/23/a9/3b883c4e13c96b0a854346f5e1a2c12d067a.udd" 5297
"C:/Users/emanu/AppData/Local/UnrealEngine/Common/DerivedDataCache/Buckets/LegacyTEXTURE/21/1d/8eb6d508c178cf690de98f5715c203440939.udd" 5298
"C:/Users/emanu/AppData/Local/UnrealEngine/Common/DerivedDataCache/Buckets/LegacyTEXTURE/99/c4/4b854780446d884d6ddebd5432b27eb06a29.udd" 5299
"C:/Users/emanu/AppData/Local/UnrealEngine/Common/DerivedDataCache/Buckets/LegacyTEXTURE/7b/99/1bf1cc101925141e89880f8eb2e9aad3cc05.udd" 5300
"C:/Users/emanu/AppData/Local/UnrealEngine/Common/DerivedDataCache/Buckets/LegacyTEXTURE/51/2f/46def94c8c1a4b33bdb3ae2cda27282e9e23.udd" 5301
"C:/Users/emanu/AppData/Local/UnrealEngine/Common/DerivedDataCache/Buckets/LegacyTEXTURE/05/1c/527cc2810c5b652a3e33a18bbe1697b9c5ef.udd" 5302
"C:/Users/emanu/AppData/Local/UnrealEngine/Common/DerivedDataCache/Buckets/LegacyTEXTURE/36/5a/77b3c9e422b31491a3fd4290c642bc7d3b34.udd" 5303
"C:/Users/emanu/AppData/Local/UnrealEngine/Common/DerivedDataCache/Buckets/LegacyTEXTURE/99/d0/6b9712408b8feaed030def6e8d5b43bcc10f.udd" 5304
"C:/Users/emanu/AppData/Local/UnrealEngine/Common/DerivedDataCache/Buckets/LegacyTEXTURE/16/ed/b0b46783046ba84158fc31f39b32e8143fff.udd" 5305
"C:/Users/emanu/AppData/Local/UnrealEngine/Common/DerivedDataCache/Buckets/LegacyTEXTURE/a0/ae/254965faf8bac3fdbe50f146bc668b18d169.udd" 5306
"C:/Users/emanu/AppData/Local/UnrealEngine/Common/DerivedDataCache/Content/fb/ca/3b19a03cdb16239b72005881d013f6beb5b4.udd" 5307
"C:/Users/emanu/AppData/Local/UnrealEngine/Common/DerivedDataCache/Content/51/bc/86b327185d55f13ade1b94dcc382fe1bd253.udd" 5308
"C:/Users/emanu/AppData/Local/UnrealEngine/Common/DerivedDataCache/Buckets/LegacyTEXTURE/37/3e/e64bb0900eb32e3f67f0ae11bb92902f6ae6.udd" 5309
"C:/Users/emanu/AppData/Local/UnrealEngine/Common/DerivedDataCache/Buckets/LegacyTEXTURE/c7/fc/719c0e13de88d47f3c998c7fd86fbce36aa9.udd" 5310
"C:/Users/emanu/AppData/Local/UnrealEngine/Common/DerivedDataCache/Buckets/LegacyTEXTURE/22/2d/02213793ba6195ac7d022b131efb6c8f9bc3.udd" 5311
"C:/Users/emanu/AppData/Local/UnrealEngine/Common/DerivedDataCache/Buckets/LegacyTEXTURE/4f/14/16adc2fc71ac958dffe062c1bcbf48f75dfc.udd" 5312
"C:/Users/emanu/AppData/Local/UnrealEngine/Common/DerivedDataCache/Buckets/LegacyTEXTURE/eb/c1/f43b134bd276a8e3f76a279e6bf6b7c26ba7.udd" 5313
"C:/Users/emanu/AppData/Local/UnrealEngine/Common/DerivedDataCache/Buckets/LegacyTEXTURE/35/be/033de4c9f5ffd29738fd403ade729e8f5967.udd" 5314
"C:/Users/emanu/AppData/Local/UnrealEngine/Common/DerivedDataCache/Buckets/LegacyTEXTURE/ea/be/2d022fd10a3a666351173d1a8833d6d4f487.udd" 5315
"C:/Users/emanu/AppData/Local/UnrealEngine/Common/DerivedDataCache/Buckets/LegacyTEXTURE/4a/17/214983aef7de1aab9a3be28f9d995bcf8484.udd" 5316
"C:/Users/emanu/AppData/Local/UnrealEngine/Common/DerivedDataCache/Buckets/LegacyTEXTURE/41/d9/074a2e59238fd3a275d166b8a7c482fdc203.udd" 5317
"C:/Users/emanu/AppData/Local/UnrealEngine/Common/DerivedDataCache/Buckets/LegacyTEXTURE/cc/7e/99fdc30a3a6be70e62216a233c60a63e2296.udd" 5318
"C:/Users/emanu/AppData/Local/UnrealEngine/Common/DerivedDataCache/Buckets/LegacyTEXTURE/2a/6b/26e4c0fefe02c2513af06b004215590f1942.udd" 5319
"C:/Users/emanu/AppData/Local/UnrealEngine/Common/DerivedDataCache/Buckets/LegacyTEXTURE/4d/de/a26334be4d3616b5173f78dd9c50f15a5285.udd" 5320
"C:/Users/emanu/AppData/Local/UnrealEngine/Common/DerivedDataCache/Buckets/LegacyTEXTURE/f0/27/f96665c2bd726474248e1b7126670f40540e.udd" 5321
"C:/Users/emanu/AppData/Local/UnrealEngine/Common/DerivedDataCache/Buckets/LegacyTEXTURE/41/81/8db45af1a438a71d580f94ff0d8ebac86d98.udd" 5322
"C:/Users/emanu/AppData/Local/UnrealEngine/Common/DerivedDataCache/Buckets/LegacyTEXTURE/bc/37/b73afb2a94fb5eef72f1a9b677771592021b.udd" 5323
"C:/Users/emanu/AppData/Local/UnrealEngine/Common/DerivedDataCache/Buckets/LegacyTEXTURE/56/d4/a30370559d00cacca93d33b93e76f1305ad3.udd" 5324
"C:/Users/emanu/AppData/Local/UnrealEngine/Common/DerivedDataCache/Content/e9/1f/026d845a3b7d972941e4bf5dc567f5a78b85.udd" 5325
"C:/Users/emanu/AppData/Local/UnrealEngine/Common/DerivedDataCache/Buckets/LegacyTEXTURE/11/11/f94f434ee609384ff25285bd4586f7823ebc.udd" 5326
"C:/Users/emanu/AppData/Local/UnrealEngine/Common/DerivedDataCache/Buckets/LegacyTEXTURE/ad/35/18ee049fa4e3007b2f11cb69d9fbd71dda72.udd" 5327
"C:/Users/emanu/AppData/Local/UnrealEngine/Common/DerivedDataCache/Buckets/LegacyTEXTURE/81/a9/6e22fde38276798c73dcd7ca33d3e82e1099.udd" 5328
"C:/Users/emanu/AppData/Local/UnrealEngine/Common/DerivedDataCache/Buckets/LegacyTEXTURE/ab/24/003604448546783841b468760552acd817bd.udd" 5329
"C:/Users/emanu/AppData/Local/UnrealEngine/Common/DerivedDataCache/Buckets/LegacyTEXTURE/d8/aa/b43b3575db02328c99f1df12e603c4177e8d.udd" 5330
"C:/Users/emanu/AppData/Local/UnrealEngine/Common/DerivedDataCache/Buckets/LegacyTEXTURE/aa/02/692536081155bf561593dca2167e21ba19f7.udd" 5331
"C:/Users/emanu/AppData/Local/UnrealEngine/Common/DerivedDataCache/Buckets/LegacyTEXTURE/04/41/cd28974abc6446b4a22a34b0248f33831a12.udd" 5332
"C:/Users/emanu/AppData/Local/UnrealEngine/Common/DerivedDataCache/Buckets/LegacyTEXTURE/42/47/fbe40363f6b3602648fb7a43086d50ca9d80.udd" 5333
"C:/Users/emanu/AppData/Local/UnrealEngine/Common/DerivedDataCache/Buckets/LegacyTEXTURE/05/2e/69222e942d6a6d74b82df569d605898ef1a2.udd" 5334
"C:/Users/emanu/AppData/Local/UnrealEngine/Common/DerivedDataCache/Content/f9/0b/614923a3c109e3479f282fe2c7b6ba02402e.udd" 5335
"C:/Users/emanu/AppData/Local/UnrealEngine/Common/DerivedDataCache/Buckets/LegacyTEXTURE/0c/19/caba7a463189ffca0d70d82eebf914820c6d.udd" 5336
"C:/Users/emanu/AppData/Local/UnrealEngine/Common/DerivedDataCache/Buckets/LegacyTEXTURE/c8/4a/1a05491466747a91b41f426df3f4ed2dda4a.udd" 5337
"C:/Users/emanu/AppData/Local/UnrealEngine/Common/DerivedDataCache/Buckets/LegacyTEXTURE/29/89/34bad32c349954cbed93de3d9fe1204f660b.udd" 5338
"C:/Users/emanu/AppData/Local/UnrealEngine/Common/DerivedDataCache/Buckets/LegacyTEXTURE/90/a7/b3acf9403f679f008fc14d896dff2f054c95.udd" 5339
"C:/Users/emanu/AppData/Local/UnrealEngine/Common/DerivedDataCache/Content/dd/5f/02c84439d99e346aeb6d7538aad0f1b2d3e8.udd" 5340
"C:/Users/emanu/AppData/Local/UnrealEngine/Common/DerivedDataCache/Buckets/LegacyTEXTURE/a8/00/8bb2d6f6c02993be407dfc55356d09b8942e.udd" 5341
"C:/Users/emanu/AppData/Local/UnrealEngine/Common/DerivedDataCache/Buckets/LegacyTEXTURE/cc/db/b6c09e8fe65290508f26d2743d81efc800d8.udd" 5342
"C:/Users/emanu/AppData/Local/UnrealEngine/Common/DerivedDataCache/Buckets/LegacyTEXTURE/31/bc/199ab867cf238e33e2c283972fede8302836.udd" 5343
"C:/Users/emanu/AppData/Local/UnrealEngine/Common/DerivedDataCache/Buckets/LegacyTEXTURE/df/58/33ee0472b6603664b7b521b378afff52303d.udd" 5344
"C:/Users/emanu/AppData/Local/UnrealEngine/Common/DerivedDataCache/Buckets/LegacyTEXTURE/87/01/888922d46c7b798ec5d8ac2c2f3b10e3bb81.udd" 5345
"C:/Users/emanu/AppData/Local/UnrealEngine/Common/DerivedDataCache/Buckets/LegacyTEXTURE/5a/93/bad2ab7743adfc6bc7286379c76c755f9342.udd" 5346
"C:/Users/emanu/AppData/Local/UnrealEngine/Common/DerivedDataCache/Buckets/LegacyTEXTURE/68/59/0fb68339d2d623eb03b2482aceeaa3aa5ffe.udd" 5347
"C:/Users/emanu/AppData/Local/UnrealEngine/Common/DerivedDataCache/Buckets/LegacyTEXTURE/cf/9e/523dcb8cc8c40713afe4ac06371d7a99e8f6.udd" 5348
"C:/Users/emanu/AppData/Local/UnrealEngine/Common/DerivedDataCache/Buckets/LegacyTEXTURE/75/2f/549924d11051cf07005ee5a889d18b6217b7.udd" 5349
"C:/Users/emanu/AppData/Local/UnrealEngine/Common/DerivedDataCache/Buckets/LegacyTEXTURE/b8/a6/841a3c56aedba1ff76e5fdc715db8211f0fb.udd" 5350
"C:/Users/emanu/AppData/Local/UnrealEngine/Common/DerivedDataCache/Buckets/LegacyTEXTURE/1c/01/bc1700fed43b898cfcb34a1f4d9aa3312e22.udd" 5351
"C:/Users/emanu/AppData/Local/UnrealEngine/Common/DerivedDataCache/Buckets/LegacyTEXTURE/7e/71/fa47e7ba43ee3a063e1065836f4c9d910c0a.udd" 5352
"C:/Users/emanu/AppData/Local/UnrealEngine/Common/DerivedDataCache/Content/48/2a/292b84417f535739e5995c2171ec6b7d8ea5.udd" 5353
"C:/Users/emanu/AppData/Local/UnrealEngine/Common/DerivedDataCache/Buckets/LegacyTEXTURE/09/4f/a518a8e8abede4a8ee2336dc88ffd8d6b821.udd" 5354
"C:/Users/emanu/AppData/Local/UnrealEngine/Common/DerivedDataCache/Buckets/LegacyTEXTURE/14/07/729ac773047ed49ea35f83c29c9068bada47.udd" 5355
"C:/Users/emanu/AppData/Local/UnrealEngine/Common/DerivedDataCache/Content/5e/fa/ed41e90acdeaba399f29448bd3c12d40cab2.udd" 5356
"C:/Users/emanu/AppData/Local/UnrealEngine/Common/DerivedDataCache/Buckets/LegacyTEXTURE/1d/6f/c46be05ddc299a0892cfdad61982008c06fa.udd" 5357
"C:/Users/emanu/AppData/Local/UnrealEngine/Common/DerivedDataCache/Buckets/LegacyTEXTURE/6b/cf/c5876f5c7de3e2d06d845d6d6b94bbbe808f.udd" 5358
"C:/Users/emanu/AppData/Local/UnrealEngine/Common/DerivedDataCache/Buckets/LegacyTEXTURE/10/17/9dfd54c08879ae44d2d0b12408ab054f4dc2.udd" 5359
"C:/Users/emanu/AppData/Local/UnrealEngine/Common/DerivedDataCache/Buckets/LegacyTEXTURE/4e/c7/28aa8c9ee60e74b754ac285f79add0e1e8b7.udd" 5360
"C:/Users/emanu/AppData/Local/UnrealEngine/Common/DerivedDataCache/Buckets/LegacyTEXTURE/ba/27/f1d6d90dd79181bcde2e28919c2cec10bd71.udd" 5361
"C:/Users/emanu/AppData/Local/UnrealEngine/Common/DerivedDataCache/Buckets/LegacyTEXTURE/2b/61/434a7095701307076dca02f9963ccb99576f.udd" 5362
"C:/Users/emanu/AppData/Local/UnrealEngine/Common/DerivedDataCache/Buckets/LegacyTEXTURE/35/ff/4e41e371a4c70b310f0df7aff5a8008836c7.udd" 5363
"C:/Users/emanu/AppData/Local/UnrealEngine/Common/DerivedDataCache/Buckets/LegacyTEXTURE/c7/69/dd9f4f69de31bc730844360c22f4b7dfe80d.udd" 5364
"C:/Users/emanu/AppData/Local/UnrealEngine/Common/DerivedDataCache/Buckets/LegacyTEXTURE/3d/4e/9d5af406512426ff70c91add4caf1c773d00.udd" 5365
"C:/Users/emanu/AppData/Local/UnrealEngine/Common/DerivedDataCache/Buckets/LegacyTEXTURE/ad/2d/1c939c1e200ffb6b5dda0f94cdc75b348e21.udd" 5366
"C:/Users/emanu/AppData/Local/UnrealEngine/Common/DerivedDataCache/Buckets/LegacyTEXTURE/70/45/a45c4ed9b8c7a3e41a22e1088d783f3a4069.udd" 5367
"C:/Users/emanu/AppData/Local/UnrealEngine/Common/DerivedDataCache/Content/ca/0b/8aa89458ac3eafb57e78fb15bacaa5b4e164.udd" 5368
"C:/Users/emanu/AppData/Local/UnrealEngine/Common/DerivedDataCache/Buckets/LegacyTEXTURE/ed/96/6054c1746c9ebbd633047941e405fb67c3c5.udd" 5369
"C:/Users/emanu/AppData/Local/UnrealEngine/Common/DerivedDataCache/Buckets/LegacyTEXTURE/60/b7/a29bb1ae17693ab12d07e22bf19599a2f657.udd" 5370
"C:/Users/emanu/AppData/Local/UnrealEngine/Common/DerivedDataCache/Buckets/LegacyTEXTURE/ff/92/29c2deed6bba44c25753cd608e6a670de813.udd" 5371
"C:/Users/emanu/AppData/Local/UnrealEngine/Common/DerivedDataCache/Buckets/LegacyTEXTURE/9c/58/96c12d2ef90ccbcc197b89d4bf3e24b45549.udd" 5372
"C:/Users/emanu/AppData/Local/UnrealEngine/Common/DerivedDataCache/Buckets/LegacyTEXTURE/a5/de/45f6c3601491ba08e480ca2b201ac3bda171.udd" 5373
"C:/Users/emanu/AppData/Local/UnrealEngine/Common/DerivedDataCache/Buckets/LegacyTEXTURE/19/fa/1ec67f61eb02894c9179a5ac3b146dd4b4a4.udd" 5374
"C:/Users/emanu/AppData/Local/UnrealEngine/Common/DerivedDataCache/Buckets/LegacyTEXTURE/26/f5/1c15e9d958598579782f205579b644dfc2f9.udd" 5375
"C:/Users/emanu/AppData/Local/UnrealEngine/Common/DerivedDataCache/Buckets/LegacyTEXTURE/90/0e/055808a18589b72de77caaac25a578b8bca7.udd" 5376
"C:/Users/emanu/AppData/Local/UnrealEngine/Common/DerivedDataCache/Buckets/LegacyTEXTURE/76/f4/b18bb2c83f22ee57efc0d9dc6b2c8379a052.udd" 5377
"C:/Users/emanu/AppData/Local/UnrealEngine/Common/DerivedDataCache/Buckets/LegacyTEXTURE/34/5f/c3b4d09af08b6778d5ffd0b6d402bdf11fe5.udd" 5378
"C:/Users/emanu/AppData/Local/UnrealEngine/Common/DerivedDataCache/Buckets/LegacyTEXTURE/ec/5f/a41e5b7b0ac591b64acd9bbead463f8ecc5d.udd" 5379
"C:/Users/emanu/AppData/Local/UnrealEngine/Common/DerivedDataCache/Buckets/LegacyTEXTURE/d3/17/d9c05f928420ee17f2ad4c1865d03e0edf19.udd" 5380
"C:/Users/emanu/AppData/Local/UnrealEngine/Common/DerivedDataCache/Buckets/LegacyTEXTURE/cc/65/1cefa0a0a1c7d465bb9b34a30aa75bf7b22e.udd" 5381
"C:/Users/emanu/AppData/Local/UnrealEngine/Common/DerivedDataCache/Buckets/LegacyTEXTURE/87/7e/0d49565c85aa49ec621bdfe9fef385d7cb7c.udd" 5382
"C:/Users/emanu/AppData/Local/UnrealEngine/Common/DerivedDataCache/Buckets/LegacyTEXTURE/57/83/c9e68101a701968416939d94f68da015a027.udd" 5383
"C:/Users/emanu/AppData/Local/UnrealEngine/Common/DerivedDataCache/Buckets/LegacyTEXTURE/7f/f6/76456c5aa051338637803607fbd7a4b2edb4.udd" 5384
"C:/Users/emanu/AppData/Local/UnrealEngine/Common/DerivedDataCache/Buckets/LegacyTEXTURE/06/32/e14f1159de7b218e4320102c5bc9b197f83a.udd" 5385
"C:/Users/emanu/AppData/Local/UnrealEngine/Common/DerivedDataCache/Buckets/LegacyTEXTURE/8f/54/b5f3c9313eda9eb81f0b690a55027614aed2.udd" 5386
"C:/Users/emanu/AppData/Local/UnrealEngine/Common/DerivedDataCache/Buckets/LegacyTEXTURE/b3/3a/cb91eebeef959829fda9cfff86f45eb999fd.udd" 5387
"C:/Users/emanu/AppData/Local/UnrealEngine/Common/DerivedDataCache/Buckets/LegacyTEXTURE/8e/6a/1499f6543f6333b831903dcbc414ccb027b0.udd" 5388
"C:/Users/emanu/AppData/Local/UnrealEngine/Common/DerivedDataCache/Buckets/LegacyTEXTURE/ed/a4/aa7d1889e5a38811d19543efe3328931b658.udd" 5389
"C:/Users/emanu/AppData/Local/UnrealEngine/Common/DerivedDataCache/Buckets/LegacyTEXTURE/36/87/dcddee63dcb347047516d4539611bfbe0b12.udd" 5390
"C:/Users/emanu/AppData/Local/UnrealEngine/Common/DerivedDataCache/Buckets/LegacyTEXTURE/6c/40/09d687c8f655274d18d1f326a9cd4b2f3c40.udd" 5391
"C:/Users/emanu/AppData/Local/UnrealEngine/Common/DerivedDataCache/Buckets/LegacyTEXTURE/db/36/8c827c210c18d99b923de444bc021c1a65ca.udd" 5392
"C:/Users/emanu/AppData/Local/UnrealEngine/Common/DerivedDataCache/Buckets/LegacyTEXTURE/a0/a8/ef4bc1b89434ef05f530d950f0a4d16e0b9c.udd" 5393
"C:/Users/emanu/AppData/Local/UnrealEngine/Common/DerivedDataCache/Buckets/LegacyTEXTURE/c9/e2/d662e8793e48aa0153e4027fe6ea2904484a.udd" 5394
"C:/Users/emanu/AppData/Local/UnrealEngine/Common/DerivedDataCache/Content/c9/13/0f0cdc011659e28f282fe646a6402b9b8334.udd" 5395
"C:/Users/emanu/AppData/Local/UnrealEngine/Common/DerivedDataCache/Buckets/LegacyTEXTURE/12/4d/d386be87451331622d548a64cfc64b45da5c.udd" 5396
"C:/Users/emanu/AppData/Local/UnrealEngine/Common/DerivedDataCache/Buckets/LegacyTEXTURE/36/d6/287aed27f8ac16b9180d4d6bb9579ab9e43f.udd" 5397
"C:/Users/emanu/AppData/Local/UnrealEngine/Common/DerivedDataCache/Buckets/LegacyTEXTURE/f6/87/8536a19985a3158418a6f2bfcb3d12ab7085.udd" 5398
"C:/Users/emanu/AppData/Local/UnrealEngine/Common/DerivedDataCache/Buckets/LegacyTEXTURE/d9/31/e19bc3c1a3676dd105a3409af1e16c00bee5.udd" 5399
"C:/Users/emanu/AppData/Local/UnrealEngine/Common/DerivedDataCache/Buckets/LegacyTEXTURE/84/5a/88dae3f0c9e3b66cfba35c9b3f9b0de5f101.udd" 5400
"C:/Users/emanu/AppData/Local/UnrealEngine/Common/DerivedDataCache/Buckets/LegacyTEXTURE/ea/14/aa4a01459181479378cfbee1e38432d4053a.udd" 5401
"C:/Users/emanu/AppData/Local/UnrealEngine/Common/DerivedDataCache/Buckets/LegacyTEXTURE/dc/f0/0ef0295f3df2ff927b1df1588a73ebc8cb23.udd" 5402
"C:/Users/emanu/AppData/Local/UnrealEngine/Common/DerivedDataCache/Buckets/LegacyTEXTURE/a6/3a/da98230e78db7ca1d25233319301f51ce6e7.udd" 5403
"C:/Users/emanu/AppData/Local/UnrealEngine/Common/DerivedDataCache/Buckets/LegacyTEXTURE/9f/5b/501bdec5c586c8b903ef1c0c2ec0409846c6.udd" 5404
"C:/Users/emanu/AppData/Local/UnrealEngine/Common/DerivedDataCache/Buckets/LegacyTEXTURE/bd/5d/5bcb179dcf194f0a7d475f4248d0a9974186.udd" 5405
"C:/Users/emanu/AppData/Local/UnrealEngine/Common/DerivedDataCache/Buckets/LegacyTEXTURE/a9/d6/a71a4a9db12b80a0b669aa98057a87fa8218.udd" 5406
"C:/Users/emanu/AppData/Local/UnrealEngine/Common/DerivedDataCache/Content/ea/32/499b3ea77192c96791e8c8e5e7f96f1005cf.udd" 5407
"C:/Users/emanu/AppData/Local/UnrealEngine/Common/DerivedDataCache/Content/2e/65/3d32128e390eebb87b3665321f656032414b.udd" 5408
"C:/Users/emanu/AppData/Local/UnrealEngine/Common/DerivedDataCache/Buckets/LegacyTEXTURE/d5/01/d20aec6f652c6b4b5b2bcb9aa5bcc3a6d02a.udd" 5409
"C:/Users/emanu/AppData/Local/UnrealEngine/Common/DerivedDataCache/Buckets/LegacyTEXTURE/57/51/e8606498af42dd533ac927cddaa803147021.udd" 5410
"C:/Users/emanu/AppData/Local/UnrealEngine/Common/DerivedDataCache/Content/3e/74/dc24a5dd637cc594deb31918a48fef6c6d1c.udd" 5411
"C:/Users/emanu/AppData/Local/UnrealEngine/Common/DerivedDataCache/Content/3d/87/d4fdcc94703e58ed94a089176a63929cf3bc.udd" 5412
"C:/Users/emanu/AppData/Local/UnrealEngine/Common/DerivedDataCache/Buckets/LegacyTEXTURE/7a/95/55f534b79dbdd98e53ce44652e903d2e9b2f.udd" 5413
"C:/Users/emanu/AppData/Local/UnrealEngine/Common/DerivedDataCache/Buckets/LegacyTEXTURE/a9/45/25f3faa39b3ffe3156a1be855f4ec10bbdc0.udd" 5414
"C:/Users/emanu/AppData/Local/UnrealEngine/Common/DerivedDataCache/Buckets/LegacyTEXTURE/04/3f/07cd083afb7727260ab22214ec7fd8b89e7f.udd" 5415
"C:/Users/emanu/AppData/Local/UnrealEngine/Common/DerivedDataCache/Buckets/LegacyTEXTURE/87/73/8f9b2f16b80ff3fe7129ff25cd0561cd8a70.udd" 5416
"C:/Users/emanu/AppData/Local/UnrealEngine/Common/DerivedDataCache/Buckets/LegacyTEXTURE/54/68/e1c8c696253810af7fb7a878abdb3ee55fc2.udd" 5417
"C:/Users/emanu/AppData/Local/UnrealEngine/Common/DerivedDataCache/Buckets/LegacyTEXTURE/4c/47/020850a05138ab4e159b9f579ea885ba0267.udd" 5418
"C:/Users/emanu/AppData/Local/UnrealEngine/Common/DerivedDataCache/Buckets/LegacyTEXTURE/75/46/5890d1f45e20e7467a30863e769d122655c5.udd" 5419
"C:/Users/emanu/AppData/Local/UnrealEngine/Common/DerivedDataCache/Buckets/LegacyTEXTURE/01/ec/324dd326bcecb18bbc094cb8d081464d77d1.udd" 5420
"C:/Users/emanu/AppData/Local/UnrealEngine/Common/DerivedDataCache/Buckets/LegacyTEXTURE/87/95/ff45d1f4c65939e9b4e03249c043149d99fe.udd" 5421
"C:/Users/emanu/AppData/Local/UnrealEngine/Common/DerivedDataCache/Buckets/LegacyTEXTURE/db/4d/392e76cecfc66d57050c87bdd30c232bc80f.udd" 5422
"C:/Users/emanu/AppData/Local/UnrealEngine/Common/DerivedDataCache/Buckets/LegacyTEXTURE/58/3d/2ffd596936fcf0a705ee04f7a81d31c68ff6.udd" 5423
"C:/Users/emanu/AppData/Local/UnrealEngine/Common/DerivedDataCache/Buckets/LegacyTEXTURE/91/80/07d68ab3072d63759b142b99e09eff39daec.udd" 5424
"C:/Users/emanu/AppData/Local/UnrealEngine/Common/DerivedDataCache/Content/d6/cc/b6031f3a196aa8eb0714354118e2ef383637.udd" 5425
"C:/Users/emanu/AppData/Local/UnrealEngine/Common/DerivedDataCache/Buckets/LegacyTEXTURE/a6/9d/bc4e1039664e0329cf746053f70a8ca969ff.udd" 5426
"C:/Users/emanu/AppData/Local/UnrealEngine/Common/DerivedDataCache/Buckets/LegacyTEXTURE/aa/99/3b25d1bf6b65aa552e5b33e1a4671c8b4109.udd" 5427
"C:/Users/emanu/AppData/Local/UnrealEngine/Common/DerivedDataCache/Buckets/LegacyTEXTURE/f4/fb/dbf549fb0cc8adb73c3d9f5f68d499f6c183.udd" 5428
"C:/Users/emanu/AppData/Local/UnrealEngine/Common/DerivedDataCache/Buckets/LegacyTEXTURE/6f/b2/bde1e759bf097ae9cd73b2dbb88ba784e1dd.udd" 5429
"C:/Users/emanu/AppData/Local/UnrealEngine/Common/DerivedDataCache/Buckets/LegacyTEXTURE/cf/59/3bc85a6a7559498006a7fe5afbde248332ea.udd" 5430
"C:/Users/emanu/AppData/Local/UnrealEngine/Common/DerivedDataCache/Buckets/LegacyTEXTURE/2c/28/5212a42c0fc3da497df10942f5b409af2365.udd" 5431
"C:/Users/emanu/AppData/Local/UnrealEngine/Common/DerivedDataCache/Buckets/LegacyTEXTURE/ab/75/16afbc9f5ae7cae7df64b8bcfd3d49e64cda.udd" 5432
"C:/Users/emanu/AppData/Local/UnrealEngine/Common/DerivedDataCache/Buckets/LegacyTEXTURE/43/9d/675b0cb34ec1075df3722f472fb6c0d397dd.udd" 5433
"C:/Users/emanu/AppData/Local/UnrealEngine/Common/DerivedDataCache/Buckets/LegacyTEXTURE/d0/9d/1c99534323a0fbea1ad5b73c4419483beee2.udd" 5434
"C:/Users/emanu/AppData/Local/UnrealEngine/Common/DerivedDataCache/Buckets/LegacyTEXTURE/80/28/c35b8a150a2ffbdf8efaccdd3e188517f346.udd" 5435
"C:/Users/emanu/AppData/Local/UnrealEngine/Common/DerivedDataCache/Buckets/LegacyTEXTURE/25/92/92b94291fb128a35dae939830c0bcfad7fb4.udd" 5436
"C:/Users/emanu/AppData/Local/UnrealEngine/Common/DerivedDataCache/Buckets/LegacyTEXTURE/f7/cd/313f427eb5bdf4a320bd4f54185ae69b4b4c.udd" 5437
"C:/Users/emanu/AppData/Local/UnrealEngine/Common/DerivedDataCache/Buckets/LegacyTEXTURE/f0/03/43bdaf53eb075f3e78b344fe7bf6bed57f02.udd" 5438
"C:/Users/emanu/AppData/Local/UnrealEngine/Common/DerivedDataCache/Buckets/LegacyTEXTURE/2a/41/6f45d571da33c32d6a3c18bb3db4c328771d.udd" 5439
"C:/Users/emanu/AppData/Local/UnrealEngine/Common/DerivedDataCache/Buckets/LegacyTEXTURE/1d/64/568e3882eeb91180dbc507df0ae6462f5d66.udd" 5440
"C:/Users/emanu/AppData/Local/UnrealEngine/Common/DerivedDataCache/Buckets/LegacyTEXTURE/f7/c6/2a052b0f4ee9dd6b4c59f9c618a83389232e.udd" 5441
"C:/Users/emanu/AppData/Local/UnrealEngine/Common/DerivedDataCache/Content/91/63/f63cb4efc68c68bb3cb47a25c471e3ccfd00.udd" 5442
"C:/Users/emanu/AppData/Local/UnrealEngine/Common/DerivedDataCache/Buckets/LegacyTEXTURE/74/c5/a03ed0897c81291d77a4a014351d88945cb1.udd" 5443
"C:/Users/emanu/AppData/Local/UnrealEngine/Common/DerivedDataCache/Buckets/LegacyTEXTURE/63/6f/e765df1d532a2f8733df7a434f093d9f21c1.udd" 5444
"C:/Users/emanu/AppData/Local/UnrealEngine/Common/DerivedDataCache/Buckets/LegacyTEXTURE/95/ad/6545704185bfd29b90c43b4a184579bd2d73.udd" 5445
"C:/Users/emanu/AppData/Local/UnrealEngine/Common/DerivedDataCache/Buckets/LegacyTEXTURE/b4/cd/784add015f464bae45a6fcdb91b520b65eb0.udd" 5446
"C:/Users/emanu/AppData/Local/UnrealEngine/Common/DerivedDataCache/Buckets/LegacyTEXTURE/10/b7/f5aebd044f22ccf90613e1cdee28e3b8ee6e.udd" 5447
"C:/Users/emanu/AppData/Local/UnrealEngine/Common/DerivedDataCache/Buckets/LegacyTEXTURE/ff/73/2df03f58a42ec63c96bb273353efdf91358c.udd" 5448
"C:/Users/emanu/AppData/Local/UnrealEngine/Common/DerivedDataCache/Buckets/LegacyTEXTURE/0a/ce/509e910a4dc9af94380fdc5f143a76c71ba1.udd" 5449
"C:/Users/emanu/AppData/Local/UnrealEngine/Common/DerivedDataCache/Buckets/LegacyTEXTURE/d5/ce/8af6ca1d9ecdc4e4955058a03b213de070c5.udd" 5450
"C:/Users/emanu/AppData/Local/UnrealEngine/Common/DerivedDataCache/Buckets/LegacyTEXTURE/9f/b9/d8f296034b95c434d7b7cb65777485850a74.udd" 5451
"C:/Users/emanu/AppData/Local/UnrealEngine/Common/DerivedDataCache/Buckets/LegacyTEXTURE/0d/4f/5a0fcb3717b0fdaf47448b82a76633dd0b67.udd" 5452
"C:/Users/emanu/AppData/Local/UnrealEngine/Common/DerivedDataCache/Buckets/LegacyTEXTURE/8d/b6/5b05b7abe0770dac79df0433032063f03150.udd" 5453
"C:/Users/emanu/AppData/Local/UnrealEngine/Common/DerivedDataCache/Buckets/LegacyTEXTURE/84/e9/aace9672861616cede3d5aa43a47aab3b20c.udd" 5454
"C:/Users/emanu/AppData/Local/UnrealEngine/Common/DerivedDataCache/Buckets/LegacyTEXTURE/17/04/4bfe3e34072d4958176c94ed0278290d3b55.udd" 5455
"C:/Users/emanu/AppData/Local/UnrealEngine/Common/DerivedDataCache/Buckets/LegacyTEXTURE/17/75/96b3a0cd053c3dbb592caca72bab43bf4e31.udd" 5456
"C:/Users/emanu/AppData/Local/UnrealEngine/Common/DerivedDataCache/Buckets/LegacyTEXTURE/d8/47/a881dae2ca9af248d3e9aa91bb92cee1b575.udd" 5457
"C:/Users/emanu/AppData/Local/UnrealEngine/Common/DerivedDataCache/Buckets/LegacyTEXTURE/85/9a/c2e971f6fa611e93f005f393e5619fcfdabc.udd" 5458
"C:/Users/emanu/AppData/Local/UnrealEngine/Common/DerivedDataCache/Buckets/LegacyTEXTURE/83/7a/392b4c8d32870fcf60499669b76eaf4f0e99.udd" 5459
"C:/Users/emanu/AppData/Local/UnrealEngine/Common/DerivedDataCache/Buckets/LegacyTEXTURE/86/24/abc0d1712fd0010876122055304bd3c47563.udd" 5460
"C:/Users/emanu/AppData/Local/UnrealEngine/Common/DerivedDataCache/Buckets/LegacyTEXTURE/89/0c/677e67cea448f23b6267a3fa286d75b85e34.udd" 5461
"C:/Users/emanu/AppData/Local/UnrealEngine/Common/DerivedDataCache/Buckets/LegacyTEXTURE/ef/dc/401eaf4a6956008ee4f177d5d7661b2fb7ce.udd" 5462
"C:/Users/emanu/AppData/Local/UnrealEngine/Common/DerivedDataCache/Buckets/LegacyTEXTURE/54/e1/a757830526e1b7f9d1840664f2a5bc15a8f1.udd" 5463
"C:/Users/emanu/AppData/Local/UnrealEngine/Common/DerivedDataCache/Buckets/LegacyTEXTURE/04/a6/da26672df894d5cd8f1ffc7cc17503c01222.udd" 5464
"C:/Users/emanu/AppData/Local/UnrealEngine/Common/DerivedDataCache/Buckets/LegacyTEXTURE/a7/2d/8e6ca31fa14ca7b730fb796e12a1060e84e6.udd" 5465
"C:/Users/emanu/AppData/Local/UnrealEngine/Common/DerivedDataCache/Content/d4/7e/ee597164e06930c499a3eaf27979c62f42fb.udd" 5466
"C:/Users/emanu/AppData/Local/UnrealEngine/Common/DerivedDataCache/Buckets/LegacyTEXTURE/28/10/014e49e80a692c40a9f3d829dcd8fcd89e10.udd" 5467
"C:/Users/emanu/AppData/Local/UnrealEngine/Common/DerivedDataCache/Buckets/LegacyTEXTURE/52/48/1334fe2a96aa9af9c2b8c240bd3f982a3239.udd" 5468
"C:/Users/emanu/AppData/Local/UnrealEngine/Common/DerivedDataCache/Buckets/LegacyTEXTURE/36/90/50833ef04f8c64ef4302b9252186ae319a7b.udd" 5469
"C:/Users/emanu/AppData/Local/UnrealEngine/Common/DerivedDataCache/Buckets/LegacyTEXTURE/83/8c/60fd05d3b88436679f29b31d291c4e73c5ea.udd" 5470
"C:/Users/emanu/AppData/Local/UnrealEngine/Common/DerivedDataCache/Buckets/LegacyTEXTURE/77/0b/8b63c173af2ecf7b62add98f5dcaa212fd53.udd" 5471
"C:/Users/emanu/AppData/Local/UnrealEngine/Common/DerivedDataCache/Content/4c/84/523a1d699c1476045da007c349fefe52266d.udd" 5472
"C:/Users/emanu/AppData/Local/UnrealEngine/Common/DerivedDataCache/Buckets/LegacyTEXTURE/ef/60/28774a7d7608c17e5b75b38860063a698da2.udd" 5473
"C:/Users/emanu/AppData/Local/UnrealEngine/Common/DerivedDataCache/Buckets/LegacyTEXTURE/4d/46/75ad46d7d9f9356425423f7b405edd7e7ccc.udd" 5474
"C:/Users/emanu/AppData/Local/UnrealEngine/Common/DerivedDataCache/Buckets/LegacyTEXTURE/28/bf/fff66e6ed14ef0f47d54c4cd32aa313dbec7.udd" 5475
"C:/Users/emanu/AppData/Local/UnrealEngine/Common/DerivedDataCache/Buckets/LegacyTEXTURE/62/48/f28055e849f0c20ac7d4db3329e96f87a142.udd" 5476
"C:/Users/emanu/AppData/Local/UnrealEngine/Common/DerivedDataCache/Buckets/LegacyTEXTURE/da/f0/b8a97f1a825f0a1bd8f0f4ca1214e98d9e6e.udd" 5477
"C:/Users/emanu/AppData/Local/UnrealEngine/Common/DerivedDataCache/Buckets/LegacyTEXTURE/7a/ff/6e98a425e5a6a7e932ad03c2e3ad39fb4479.udd" 5478
"C:/Users/emanu/AppData/Local/UnrealEngine/Common/DerivedDataCache/Buckets/LegacyTEXTURE/14/a4/62b4bdc00b93e9cae842cbc9ead77f5ea9f8.udd" 5479
"C:/Users/emanu/AppData/Local/UnrealEngine/Common/DerivedDataCache/Buckets/LegacyTEXTURE/ef/f3/f25d9673ce3fa95885dd3557223e08a985ce.udd" 5480
"C:/Users/emanu/AppData/Local/UnrealEngine/Common/DerivedDataCache/Buckets/LegacyTEXTURE/70/45/3a3dc6ed63c8b290c8a2a7733cda659489f5.udd" 5481
"C:/Users/emanu/AppData/Local/UnrealEngine/Common/DerivedDataCache/Content/b2/a0/37ab043b225e926c66c734c1519c22d3269c.udd" 5482
"C:/Users/emanu/AppData/Local/UnrealEngine/Common/DerivedDataCache/Buckets/LegacyTEXTURE/80/a6/657d32d3c980f8c736335c7d233fe119f950.udd" 5483
"C:/Users/emanu/AppData/Local/UnrealEngine/Common/DerivedDataCache/Buckets/LegacyTEXTURE/e7/e7/45c76cc5f393d61c7d00d101eaf709a71ac0.udd" 5484
"C:/Users/emanu/AppData/Local/UnrealEngine/Common/DerivedDataCache/Buckets/LegacyTEXTURE/c0/a3/e123d0ec1d7f8a69a27b96e369a7dd230bd7.udd" 5485
"C:/Users/emanu/AppData/Local/UnrealEngine/Common/DerivedDataCache/Buckets/LegacyTEXTURE/7c/7a/7e62e7910e1df2b7555ab6d72a5b8c1f6b2f.udd" 5486
"C:/Users/emanu/AppData/Local/UnrealEngine/Common/DerivedDataCache/Buckets/LegacyTEXTURE/ad/eb/cb2fbf67af5d26198f0bbce4f0e1ea55a341.udd" 5487
"C:/Users/emanu/AppData/Local/UnrealEngine/Common/DerivedDataCache/Content/0e/e4/8176531894ea1f25e07fd30e809d570ec488.udd" 5488
"C:/Users/emanu/AppData/Local/UnrealEngine/Common/DerivedDataCache/Buckets/LegacyTEXTURE/5c/a5/b82b128f1379e2f3cb8959d302f4077ee860.udd" 5489
"C:/Users/emanu/AppData/Local/UnrealEngine/Common/DerivedDataCache/Buckets/LegacyTEXTURE/9f/12/4d528a525600eb81433beb7447dc58b73629.udd" 5490
"C:/Users/emanu/AppData/Local/UnrealEngine/Common/DerivedDataCache/Buckets/LegacyTEXTURE/4f/2a/54c97101ab38f70c438925c4c3f96a163301.udd" 5491
"C:/Users/emanu/AppData/Local/UnrealEngine/Common/DerivedDataCache/Buckets/LegacyTEXTURE/11/c4/397d841e69da00569586aba6cc3e70ebf887.udd" 5492
"C:/Users/emanu/AppData/Local/UnrealEngine/Common/DerivedDataCache/Buckets/LegacyTEXTURE/64/86/f9c3bfc9845892eb2c28081877a5e559bcb4.udd" 5493
"C:/Users/emanu/AppData/Local/UnrealEngine/Common/DerivedDataCache/Buckets/LegacyTEXTURE/33/2c/3ce60547337f1dbd1284536398c7510164fc.udd" 5494
"C:/Users/emanu/AppData/Local/UnrealEngine/Common/DerivedDataCache/Buckets/LegacyTEXTURE/d8/b5/b78ca230c2d0a5af52940fe310c171198c0d.udd" 5495
"C:/Users/emanu/AppData/Local/UnrealEngine/Common/DerivedDataCache/Buckets/LegacyTEXTURE/dd/a8/803fd39a6473e6122383159293756710f63f.udd" 5496
"C:/Users/emanu/AppData/Local/UnrealEngine/Common/DerivedDataCache/Content/dd/fc/77e6a22459fee061061b0eb19be5fe912fab.udd" 5497
"C:/Users/emanu/AppData/Local/UnrealEngine/Common/DerivedDataCache/Buckets/LegacyTEXTURE/52/ea/9a53c397ebffb95f547265087f92ab81195f.udd" 5498
"C:/Users/emanu/AppData/Local/UnrealEngine/Common/DerivedDataCache/Buckets/LegacyTEXTURE/2f/ed/c44cd4ac008328cde2f4319b9955bbf56385.udd" 5499
"C:/Users/emanu/AppData/Local/UnrealEngine/Common/DerivedDataCache/Buckets/LegacyTEXTURE/80/e9/f17df6cdc911084d92ffd99dc2c7e11e7e4e.udd" 5500
"C:/Users/emanu/AppData/Local/UnrealEngine/Common/DerivedDataCache/Buckets/LegacyTEXTURE/a6/4c/355ecdedbfa9e4147c54631a37073bceceec.udd" 5501
"C:/Users/emanu/AppData/Local/UnrealEngine/Common/DerivedDataCache/Buckets/LegacyTEXTURE/5c/24/60c917d5a00974775ee2bdd803344878e9cf.udd" 5502
"C:/Users/emanu/AppData/Local/UnrealEngine/Common/DerivedDataCache/Buckets/LegacyTEXTURE/39/04/18674b894f6ca4a7fe74af78cbe555d44e40.udd" 5503
"C:/Users/emanu/AppData/Local/UnrealEngine/Common/DerivedDataCache/Buckets/LegacyTEXTURE/10/47/2ae43a502df756e8abb90fb7677bd1b87f81.udd" 5504
"C:/Users/emanu/AppData/Local/UnrealEngine/Common/DerivedDataCache/Buckets/LegacyTEXTURE/52/3f/5e39eabc7632408206c6d17f72ea6536e0d2.udd" 5505
"C:/Users/emanu/AppData/Local/UnrealEngine/Common/DerivedDataCache/Buckets/LegacyTEXTURE/dd/58/5b247e4ffc620b00cf224e6c276034fe1bbb.udd" 5506
"C:/Users/emanu/AppData/Local/UnrealEngine/Common/DerivedDataCache/Buckets/LegacyTEXTURE/ef/0f/a1472ff9b481cb830e4be040baf210355243.udd" 5507
"C:/Users/emanu/AppData/Local/UnrealEngine/Common/DerivedDataCache/Buckets/LegacyTEXTURE/41/61/6bec8c73a1846204d8981b0b8ef7f9af5269.udd" 5508
"C:/Users/emanu/AppData/Local/UnrealEngine/Common/DerivedDataCache/Buckets/LegacyTEXTURE/a9/e9/53940c8c1f081648cbc7897739a92f6eb76f.udd" 5509
"C:/Users/emanu/AppData/Local/UnrealEngine/Common/DerivedDataCache/Buckets/LegacyTEXTURE/7c/79/17c78082f3d0a1c583165fdd7a4308e6219b.udd" 5510
"C:/Users/emanu/AppData/Local/UnrealEngine/Common/DerivedDataCache/Content/20/51/15bc4efe80e30f6ba1c00bfda389f834a23c.udd" 5511
"C:/Users/emanu/AppData/Local/UnrealEngine/Common/DerivedDataCache/Buckets/LegacyTEXTURE/a2/b1/564056e10ef11a080a5beaf74293102e9c80.udd" 5512
"C:/Users/emanu/AppData/Local/UnrealEngine/Common/DerivedDataCache/Buckets/LegacyTEXTURE/09/7d/441c5685a8beb00e1bfd3e6ac8e98e28472c.udd" 5513
"C:/Users/emanu/AppData/Local/UnrealEngine/Common/DerivedDataCache/Buckets/LegacyTEXTURE/53/ac/fb543c550fe215ecf1fc9f51d73bf87c674d.udd" 5514
"C:/Users/emanu/AppData/Local/UnrealEngine/Common/DerivedDataCache/Buckets/LegacyTEXTURE/49/dc/39d3ff628d60580a0d3cf9a38f028a732e85.udd" 5515
"C:/Users/emanu/AppData/Local/UnrealEngine/Common/DerivedDataCache/Buckets/LegacyTEXTURE/02/22/156b09c61dd7ee0a7e47ac4a6904631c50bc.udd" 5516
"C:/Users/emanu/AppData/Local/UnrealEngine/Common/DerivedDataCache/Buckets/LegacyTEXTURE/41/ab/89e5e65269bc9c85361abb39161b86f20e95.udd" 5517
"C:/Users/emanu/AppData/Local/UnrealEngine/Common/DerivedDataCache/Buckets/LegacyTEXTURE/79/b2/89f6d3fc5bf1605e855a8cf5ac041b681086.udd" 5518
"C:/Users/emanu/AppData/Local/UnrealEngine/Common/DerivedDataCache/Buckets/LegacyTEXTURE/28/a5/941171730d00bd1255b94901c06d8155c119.udd" 5519
"C:/Users/emanu/AppData/Local/UnrealEngine/Common/DerivedDataCache/Buckets/LegacyTEXTURE/79/9a/b1479979d698383fc1986acd622f833ffeca.udd" 5520
"C:/Users/emanu/AppData/Local/UnrealEngine/Common/DerivedDataCache/Buckets/LegacyTEXTURE/eb/4d/a0c2b156e94f58b07733224c945c921eea36.udd" 5521
"C:/Users/emanu/AppData/Local/UnrealEngine/Common/DerivedDataCache/Buckets/LegacyTEXTURE/46/92/7a6e8454fe2b3b7b728668f0d5bd1239e009.udd" 5522
"C:/Users/emanu/AppData/Local/UnrealEngine/Common/DerivedDataCache/Buckets/LegacyTEXTURE/bd/62/44f3ca6e0165e36f73a7c7fb76a538ab1331.udd" 5523
"C:/Users/emanu/AppData/Local/UnrealEngine/Common/DerivedDataCache/Buckets/LegacyTEXTURE/ed/40/57714f5e0dd16ae6806f6c34effb7769b43a.udd" 5524
"C:/Users/emanu/AppData/Local/UnrealEngine/Common/DerivedDataCache/Buckets/LegacyTEXTURE/f6/26/ff577c59355ee2e33ebf8aee751e1427fcdb.udd" 5525
"C:/Users/emanu/AppData/Local/UnrealEngine/Common/DerivedDataCache/Buckets/LegacyTEXTURE/e4/2e/51dcc4fd1d6f6ed921cfaeca584bed484d71.udd" 5526
"C:/Users/emanu/AppData/Local/UnrealEngine/Common/DerivedDataCache/Buckets/LegacyTEXTURE/e7/1f/608af3a957fc8f8e788c8732193110a18bb0.udd" 5527
"C:/Users/emanu/AppData/Local/UnrealEngine/Common/DerivedDataCache/Buckets/LegacyTEXTURE/84/4a/d852fd14a9a75ce30e517c4a63cb58dcf790.udd" 5528
"C:/Users/emanu/AppData/Local/UnrealEngine/Common/DerivedDataCache/Buckets/LegacyTEXTURE/14/09/00e53a2dc27ded59b21d7f3409126dcbb22c.udd" 5529
"C:/Users/emanu/AppData/Local/UnrealEngine/Common/DerivedDataCache/Buckets/LegacyTEXTURE/07/3f/bd2a653cffb4e16dabd12e99780202cd3b41.udd" 5530
"C:/Users/emanu/AppData/Local/UnrealEngine/Common/DerivedDataCache/Buckets/LegacyTEXTURE/42/d7/5b6890ed4b989dca436eb0c25ed360efc048.udd" 5531
"C:/Users/emanu/AppData/Local/UnrealEngine/Common/DerivedDataCache/Buckets/LegacyTEXTURE/bf/c4/ab74fbda005ce0f49048a6bdb5f698b02c1b.udd" 5532
"C:/Users/emanu/AppData/Local/UnrealEngine/Common/DerivedDataCache/Buckets/LegacyTEXTURE/b5/ec/9d9d3eceb101e6a3c31948039d4f2840eb0b.udd" 5533
"C:/Users/emanu/AppData/Local/UnrealEngine/Common/DerivedDataCache/Buckets/LegacyTEXTURE/c1/26/5dc032b9a40e056762880afe0178a62d006a.udd" 5534
"C:/Users/emanu/AppData/Local/UnrealEngine/Common/DerivedDataCache/Content/3b/8c/5844cb080b59aaefb1d2c5de7ef4ecd46329.udd" 5535
"C:/Users/emanu/AppData/Local/UnrealEngine/Common/DerivedDataCache/Buckets/LegacyTEXTURE/1a/05/eae3225df988acab12983d15ebdbb5ec361b.udd" 5536
"C:/Users/emanu/AppData/Local/UnrealEngine/Common/DerivedDataCache/Buckets/LegacyTEXTURE/ba/55/19f5eb6d522aa848308895f2781151c79cc7.udd" 5537
"C:/Users/emanu/AppData/Local/UnrealEngine/Common/DerivedDataCache/Buckets/LegacyTEXTURE/c6/9d/d9d95afafcbe89dcef791efd91bf96001065.udd" 5538
"C:/Users/emanu/AppData/Local/UnrealEngine/Common/DerivedDataCache/Buckets/LegacyTEXTURE/e7/66/3de1f2a4efb38297d24b9037dcc33fcb0e47.udd" 5539
"C:/Users/emanu/AppData/Local/UnrealEngine/Common/DerivedDataCache/Content/59/b1/249c54ab1abc803726db1158b0aabcd24456.udd" 5540
"C:/Users/emanu/AppData/Local/UnrealEngine/Common/DerivedDataCache/Buckets/LegacyTEXTURE/61/16/049a79b44d06f602063bdeb679f467711d4f.udd" 5541
"C:/Users/emanu/AppData/Local/UnrealEngine/Common/DerivedDataCache/Buckets/LegacyTEXTURE/14/8d/25587c32cbcf88e0faa441cab93ba961ec4b.udd" 5542
"C:/Users/emanu/AppData/Local/UnrealEngine/Common/DerivedDataCache/Buckets/LegacyTEXTURE/e3/02/8005c4621c1ee027205d255aa97d4f6db521.udd" 5543
"C:/Users/emanu/AppData/Local/UnrealEngine/Common/DerivedDataCache/Buckets/LegacyTEXTURE/43/32/484b02c5d712821735bb14fddb6aea320dfa.udd" 5544
"C:/Users/emanu/AppData/Local/UnrealEngine/Common/DerivedDataCache/Buckets/LegacyTEXTURE/e4/18/c3b3c6feed0f161a22a41128d9674d245732.udd" 5545
"C:/Users/emanu/AppData/Local/UnrealEngine/Common/DerivedDataCache/Buckets/LegacyTEXTURE/d9/a7/4d00a216a690a1e50c454128dddd62498f89.udd" 5546
"C:/Users/emanu/AppData/Local/UnrealEngine/Common/DerivedDataCache/Buckets/LegacyTEXTURE/f0/79/01fe843cb9c00240f34380853c90ea6f820b.udd" 5547
"C:/Users/emanu/AppData/Local/UnrealEngine/Common/DerivedDataCache/Buckets/LegacyTEXTURE/06/68/10a5e646e927d4ed42343fbc975959bc561a.udd" 5548
"C:/Users/emanu/AppData/Local/UnrealEngine/Common/DerivedDataCache/Buckets/LegacyTEXTURE/87/f8/6dcd1b63ee47b5ee55ae4c76f66978e13dce.udd" 5549
"C:/Users/emanu/AppData/Local/UnrealEngine/Common/DerivedDataCache/Buckets/LegacyTEXTURE/5b/7d/4996ec3454ce83d68d8398d5612edbfaa7a6.udd" 5550
"C:/Users/emanu/AppData/Local/UnrealEngine/Common/DerivedDataCache/Content/b8/5b/c64e07abe6ec8ab06911eb22a94b75d61891.udd" 5551
"C:/Users/emanu/AppData/Local/UnrealEngine/Common/DerivedDataCache/Buckets/LegacyTEXTURE/0b/cf/01961f6a37e2b9461438de48dc470ec9301c.udd" 5552
"C:/Users/emanu/AppData/Local/UnrealEngine/Common/DerivedDataCache/Buckets/LegacyTEXTURE/28/40/3d277beeb2d620411049d189ddf335f8554e.udd" 5553
"C:/Users/emanu/AppData/Local/UnrealEngine/Common/DerivedDataCache/Buckets/LegacyTEXTURE/89/e6/9064eb4295e41c6c83051627f0f82ead219f.udd" 5554
"C:/Users/emanu/AppData/Local/UnrealEngine/Common/DerivedDataCache/Buckets/LegacyTEXTURE/e2/75/7e2523a1a4ff17845a7512c61a56f0e2994e.udd" 5555
"C:/Users/emanu/AppData/Local/UnrealEngine/Common/DerivedDataCache/Buckets/LegacyTEXTURE/34/bc/632ebbcc5b05e5b4d1554a08f528d73f1ca9.udd" 5556
"C:/Users/emanu/AppData/Local/UnrealEngine/Common/DerivedDataCache/Buckets/LegacyTEXTURE/66/c7/5dab18316900e4dd1b06081f5a3069d91b30.udd" 5557
"C:/Users/emanu/AppData/Local/UnrealEngine/Common/DerivedDataCache/Content/75/79/1b6bae074bdba25fdb9f0899548fea20b346.udd" 5558
"C:/Users/emanu/AppData/Local/UnrealEngine/Common/DerivedDataCache/Buckets/LegacyTEXTURE/82/cb/00b446037cc0f4526d5ccb43c6bc915ca745.udd" 5559
"C:/Users/emanu/AppData/Local/UnrealEngine/Common/DerivedDataCache/Buckets/LegacyTEXTURE/0f/a9/4eb1b0b8f348e15e25cc84ccfffa9d0b5b0f.udd" 5560
"C:/Users/emanu/AppData/Local/UnrealEngine/Common/DerivedDataCache/Buckets/LegacyTEXTURE/ab/5a/24131b6c38b0a0f785c99c61e24900abf66e.udd" 5561
"C:/Users/emanu/AppData/Local/UnrealEngine/Common/DerivedDataCache/Buckets/LegacyTEXTURE/b8/df/386be16dea3c4a6118bb4f5ce1133e10f2ef.udd" 5562
"C:/Users/emanu/AppData/Local/UnrealEngine/Common/DerivedDataCache/Buckets/LegacyTEXTURE/23/32/28452fa942fb2efc84149fe62c0c111c63d6.udd" 5563
"C:/Users/emanu/AppData/Local/UnrealEngine/Common/DerivedDataCache/Buckets/LegacyTEXTURE/02/07/f090755df3efcc8a13a02c7cac07fb90a731.udd" 5564
"C:/Users/emanu/AppData/Local/UnrealEngine/Common/DerivedDataCache/Buckets/LegacyTEXTURE/b0/aa/8b9943b5670af539ecad48811d49c98e15d4.udd" 5565
"C:/Users/emanu/AppData/Local/UnrealEngine/Common/DerivedDataCache/Buckets/LegacyTEXTURE/9d/b3/edf10adfe8c9afb1b438e5794e67b9760db3.udd" 5566
"C:/Users/emanu/AppData/Local/UnrealEngine/Common/DerivedDataCache/Content/34/ad/963859767792eb6ab2ea8b1463d46d810080.udd" 5567
"C:/Users/emanu/AppData/Local/UnrealEngine/Common/DerivedDataCache/Buckets/LegacyTEXTURE/09/a8/d96bceab76cc689f4bed777c6e7b7de390a2.udd" 5568
"C:/Users/emanu/AppData/Local/UnrealEngine/Common/DerivedDataCache/Buckets/LegacyTEXTURE/b7/ab/0f3296aff1eed9bade316973b690a6e0a6fb.udd" 5569
"C:/Users/emanu/AppData/Local/UnrealEngine/Common/DerivedDataCache/Buckets/LegacyTEXTURE/69/d8/0548bf7b4cb9a3f7eae06eda0b119a9d3fc3.udd" 5570
"C:/Users/emanu/AppData/Local/UnrealEngine/Common/DerivedDataCache/Buckets/LegacyTEXTURE/59/4f/a371587b79f16eb0c29bdd371288a8617312.udd" 5571
"C:/Users/emanu/AppData/Local/UnrealEngine/Common/DerivedDataCache/Buckets/LegacyTEXTURE/24/3a/368ab7d44960c6c8d2f841c4d980bcfba9e2.udd" 5572
"C:/Users/emanu/AppData/Local/UnrealEngine/Common/DerivedDataCache/Buckets/LegacyTEXTURE/ef/56/4a24e07ff22913d32fbc96ed8bda206bd37d.udd" 5573
"C:/Users/emanu/AppData/Local/UnrealEngine/Common/DerivedDataCache/Buckets/LegacyTEXTURE/41/f9/b92e33ab0c854d121fb4f6e07b255d7430fc.udd" 5574
"C:/Users/emanu/AppData/Local/UnrealEngine/Common/DerivedDataCache/Buckets/LegacyTEXTURE/f6/9a/02e92ee1195190959cc42d9c4cc5a0f9237b.udd" 5575
"C:/Users/emanu/AppData/Local/UnrealEngine/Common/DerivedDataCache/Buckets/LegacyTEXTURE/9a/82/c7fc7f86ac7ac503076c01c916ed8d9b67b1.udd" 5576
"C:/Users/emanu/AppData/Local/UnrealEngine/Common/DerivedDataCache/Buckets/LegacyTEXTURE/df/cb/f0cd3daf1c1e4fdc8d9b05bf7f280ccd82a7.udd" 5577
"C:/Users/emanu/AppData/Local/UnrealEngine/Common/DerivedDataCache/Buckets/LegacyTEXTURE/43/ec/6e69556749be6768bb189e0d03e55b77a129.udd" 5578
"C:/Users/emanu/AppData/Local/UnrealEngine/Common/DerivedDataCache/Buckets/LegacyTEXTURE/bb/03/42e540f6ee0cc268ed23449afc961f704d7d.udd" 5579
"C:/Users/emanu/AppData/Local/UnrealEngine/Common/DerivedDataCache/Buckets/LegacyTEXTURE/18/00/afa04a828803816f008d98476373d8a3ee23.udd" 5580
"C:/Users/emanu/AppData/Local/UnrealEngine/Common/DerivedDataCache/Buckets/LegacyTEXTURE/6f/42/c668439e05dcecaf06e907932bf78d754b41.udd" 5581
"C:/Users/emanu/AppData/Local/UnrealEngine/Common/DerivedDataCache/Buckets/LegacyTEXTURE/d6/47/21f4883fee358284f26792c97b632afd42cb.udd" 5582
"C:/Users/emanu/AppData/Local/UnrealEngine/Common/DerivedDataCache/Buckets/LegacyTEXTURE/26/e2/05c4c66b1aa5baf5352f189fd914d75123d6.udd" 5583
"C:/Users/emanu/AppData/Local/UnrealEngine/Common/DerivedDataCache/Buckets/LegacyTEXTURE/a9/77/b83218af39962dd031f8b65e11621a077ed2.udd" 5584
"C:/Users/emanu/AppData/Local/UnrealEngine/Common/DerivedDataCache/Buckets/LegacyTEXTURE/8c/f9/5ba49be2480788f4f5e97ea319056fb44ac8.udd" 5585
"C:/Users/emanu/AppData/Local/UnrealEngine/Common/DerivedDataCache/Buckets/LegacyTEXTURE/bb/b7/335861cb68863cfbbdd77f1104d7c6b07f01.udd" 5586
"C:/Users/emanu/AppData/Local/UnrealEngine/Common/DerivedDataCache/Buckets/LegacyTEXTURE/aa/70/bf2cd61fe1f48c6fdf2c3fc79e939d93eaaf.udd" 5587
"C:/Users/emanu/AppData/Local/UnrealEngine/Common/DerivedDataCache/Buckets/LegacyTEXTURE/91/99/adda8e32d1a4ebeaa2e26098ce1de4c6efdc.udd" 5588
"C:/Users/emanu/AppData/Local/UnrealEngine/Common/DerivedDataCache/Buckets/LegacyTEXTURE/5a/e5/d093cdb7687f5434961f3513d891643eaf89.udd" 5589
"C:/Users/emanu/AppData/Local/UnrealEngine/Common/DerivedDataCache/Buckets/LegacyTEXTURE/60/09/4453a105cadab02287432e4857e40f41d651.udd" 5590
"C:/Users/emanu/AppData/Local/UnrealEngine/Common/DerivedDataCache/Buckets/LegacyTEXTURE/98/ab/d5d64bcffee832eeef9bcd31df5941244c1f.udd" 5591
"C:/Users/emanu/AppData/Local/UnrealEngine/Common/DerivedDataCache/Buckets/LegacyTEXTURE/f9/1e/e8f11a652ab6c063f619d83adc7d1fa7b1da.udd" 5592
"C:/Users/emanu/AppData/Local/UnrealEngine/Common/DerivedDataCache/Buckets/LegacyTEXTURE/61/bb/d18836a6c811afeaec0bddd2397104d4ba9f.udd" 5593
"C:/Users/emanu/AppData/Local/UnrealEngine/Common/DerivedDataCache/Buckets/LegacyTEXTURE/be/97/373de5ce47f828a8ebc41070ab2bf8ad4e2b.udd" 5594
"C:/Users/emanu/AppData/Local/UnrealEngine/Common/DerivedDataCache/Buckets/LegacyTEXTURE/6d/55/c59453e83b5a09c1bafb23f3f18ee2d3059f.udd" 5595
"C:/Users/emanu/AppData/Local/UnrealEngine/Common/DerivedDataCache/Buckets/LegacyTEXTURE/5e/af/83c4d6e6cdb3cc602313d8a6c11a2246908c.udd" 5596
"C:/Users/emanu/AppData/Local/UnrealEngine/Common/DerivedDataCache/Buckets/LegacyTEXTURE/c2/48/59ba91b5a03de64689f581c1e53a6e41cca6.udd" 5597
"C:/Users/emanu/AppData/Local/UnrealEngine/Common/DerivedDataCache/Buckets/LegacyTEXTURE/fd/60/403ac23be29ec3e39bbcd0557372706ec949.udd" 5598
"C:/Users/emanu/AppData/Local/UnrealEngine/Common/DerivedDataCache/Buckets/LegacyTEXTURE/69/8f/c88d8e95bab7b89a4a9e2bb498e31ebfdb76.udd" 5599
"C:/Users/emanu/AppData/Local/UnrealEngine/Common/DerivedDataCache/Buckets/LegacyTEXTURE/7d/e0/5f52794b46a48e09bf4c7987a777d029859d.udd" 5600
"C:/Users/emanu/AppData/Local/UnrealEngine/Common/DerivedDataCache/Content/b8/8f/9229cec6ca365719eae65a49d1f545dd7495.udd" 5601
"C:/Users/emanu/AppData/Local/UnrealEngine/Common/DerivedDataCache/Buckets/LegacyTEXTURE/5a/f4/0b6f34793967839050ded5be99c8310c5eb4.udd" 5602
"C:/Users/emanu/AppData/Local/UnrealEngine/Common/DerivedDataCache/Buckets/LegacyTEXTURE/8c/95/f3b4565f739af920c8a16e88819102caea0a.udd" 5603
"C:/Users/emanu/AppData/Local/UnrealEngine/Common/DerivedDataCache/Content/22/39/45c3391da3f4c203545f91bf556e2d40a3ce.udd" 5604
"C:/Users/emanu/AppData/Local/UnrealEngine/Common/DerivedDataCache/Buckets/LegacyTEXTURE/76/6e/8ac44738b677de47b37d1da4fd6b93e2cd02.udd" 5605
"C:/Users/emanu/AppData/Local/UnrealEngine/Common/DerivedDataCache/Content/5c/55/476251a4b46457ad8e6f553ada8d4fd6f5db.udd" 5606
"C:/Users/emanu/AppData/Local/UnrealEngine/Common/DerivedDataCache/Buckets/LegacyTEXTURE/57/6f/3398d166b3748bea38e6a8ecbd826fdc1df2.udd" 5607
"C:/Users/emanu/AppData/Local/UnrealEngine/Common/DerivedDataCache/Buckets/LegacyTEXTURE/4e/44/be426cf5667927d53de00122c44b3d74a540.udd" 5608
"C:/Users/emanu/AppData/Local/UnrealEngine/Common/DerivedDataCache/Buckets/LegacyTEXTURE/c0/42/4b120ab04050b46e6fecfc34bbc65fa7e23d.udd" 5609
"C:/Users/emanu/AppData/Local/UnrealEngine/Common/DerivedDataCache/Content/14/bf/f6afadcaaa452bc394381ee3dc0a6b037301.udd" 5610
"C:/Users/emanu/AppData/Local/UnrealEngine/Common/DerivedDataCache/Buckets/LegacyTEXTURE/14/f6/08c1fbed6bfca751fee7529ef72bc1f111f9.udd" 5611
"C:/Users/emanu/AppData/Local/UnrealEngine/Common/DerivedDataCache/Buckets/LegacyTEXTURE/38/a6/e562b16289a40b9698ffd3526d29632de856.udd" 5612
"C:/Users/emanu/AppData/Local/UnrealEngine/Common/DerivedDataCache/Buckets/LegacyTEXTURE/9e/44/83a786abee028715c4c90e6b326cc1ae6b8f.udd" 5613
"C:/Users/emanu/AppData/Local/UnrealEngine/Common/DerivedDataCache/Buckets/LegacyTEXTURE/e2/9d/eebcbcec91b6fa218f106451019c0eda7130.udd" 5614
"C:/Users/emanu/AppData/Local/UnrealEngine/Common/DerivedDataCache/Buckets/LegacyTEXTURE/ca/21/c88451d84d0d678ea4c96560781af32d2f09.udd" 5615
"C:/Users/emanu/AppData/Local/UnrealEngine/Common/DerivedDataCache/Buckets/LegacyTEXTURE/68/b0/90989870dcfcb7d288498190a2569bfc3f5e.udd" 5616
"C:/Users/emanu/AppData/Local/UnrealEngine/Common/DerivedDataCache/Buckets/LegacyTEXTURE/47/aa/7d8224ec3f127c073758dfddf46853bd75ea.udd" 5617
"C:/Users/emanu/AppData/Local/UnrealEngine/Common/DerivedDataCache/Buckets/LegacyTEXTURE/86/3f/52427ed8087f545ddc8a9f4a1c80704be0ce.udd" 5618
"C:/Users/emanu/AppData/Local/UnrealEngine/Common/DerivedDataCache/Buckets/LegacyTEXTURE/ea/a3/32952f3fc6b41d106576c64c59a6b815d300.udd" 5619
"C:/Users/emanu/AppData/Local/UnrealEngine/Common/DerivedDataCache/Buckets/LegacyTEXTURE/65/ec/b6d142e09f25d012e0f1d1e33aa354f91994.udd" 5620
"C:/Users/emanu/AppData/Local/UnrealEngine/Common/DerivedDataCache/Content/7c/c3/bb40986915355aef1d1a0d5f652e1125e798.udd" 5621
"C:/Users/emanu/AppData/Local/UnrealEngine/Common/DerivedDataCache/Buckets/LegacyTEXTURE/3e/05/988353354adfa43d1e89eba4a92df36f50eb.udd" 5622
"C:/Users/emanu/AppData/Local/UnrealEngine/Common/DerivedDataCache/Buckets/LegacyTEXTURE/82/38/904db6eafbe9edcf751b493b6da9459b09cf.udd" 5623
"C:/Users/emanu/AppData/Local/UnrealEngine/Common/DerivedDataCache/Content/e8/19/8c89d078f095272b2fa508b704cc5696b0ce.udd" 5624
"C:/Users/emanu/AppData/Local/UnrealEngine/Common/DerivedDataCache/Buckets/LegacyTEXTURE/95/79/afada5e5b7b92ab2f3d16b67ada47eda049d.udd" 5625
"C:/Users/emanu/AppData/Local/UnrealEngine/Common/DerivedDataCache/Buckets/LegacyTEXTURE/c9/97/de0e0203a954f9a6abdc9ff2da3ab8cbac23.udd" 5626
"C:/Users/emanu/AppData/Local/UnrealEngine/Common/DerivedDataCache/Buckets/LegacyTEXTURE/3a/1a/d133d02f9d0f999486b19b6f46d2fbd17fa1.udd" 5627
"C:/Users/emanu/AppData/Local/UnrealEngine/Common/DerivedDataCache/Buckets/LegacyTEXTURE/65/58/8e5db2ec52c86efaa53f5b8ed71385bb2843.udd" 5628
"C:/Users/emanu/AppData/Local/UnrealEngine/Common/DerivedDataCache/Content/36/8f/8bd7b5d46f5b33e9259a050a90a74edcfd36.udd" 5629
"C:/Users/emanu/AppData/Local/UnrealEngine/Common/DerivedDataCache/Buckets/LegacyTEXTURE/8e/14/a9f31e298421e0393b4a97c90f7cf2b7f51e.udd" 5630
"C:/Users/emanu/AppData/Local/UnrealEngine/Common/DerivedDataCache/Buckets/LegacyTEXTURE/41/8d/1e4a895d650ec9f87fa9d36029e02add1c52.udd" 5631
"C:/Users/emanu/AppData/Local/UnrealEngine/Common/DerivedDataCache/Buckets/LegacyTEXTURE/8f/ae/959bcefd16f26c5b1ddab37d0a904ad32d44.udd" 5632
"C:/Users/emanu/AppData/Local/UnrealEngine/Common/DerivedDataCache/Buckets/LegacyTEXTURE/2f/a8/07b6caa20e6bdbf4c5e264affdaf98222a36.udd" 5633
"C:/Users/emanu/AppData/Local/UnrealEngine/Common/DerivedDataCache/Buckets/LegacyTEXTURE/bb/b0/8f519fc2e119534d0df4901854a02b4865e7.udd" 5634
"C:/Users/emanu/AppData/Local/UnrealEngine/Common/DerivedDataCache/Buckets/LegacyTEXTURE/6b/83/21058bb48ea7d20d5d01208ff8630cd7e9fa.udd" 5635
"C:/Users/emanu/AppData/Local/UnrealEngine/Common/DerivedDataCache/Buckets/LegacyTEXTURE/93/3e/1ab8c2db660c12fdeca659fd88d912fca28a.udd" 5636
"C:/Users/emanu/AppData/Local/UnrealEngine/Common/DerivedDataCache/Buckets/LegacyTEXTURE/38/12/5e5c44fb0b54d95b2a39957e17a803a7621a.udd" 5637
"C:/Users/emanu/AppData/Local/UnrealEngine/Common/DerivedDataCache/Buckets/LegacyTEXTURE/06/3d/4b3a3297416fe461272b95bbeb88d94ade8b.udd" 5638
"C:/Users/emanu/AppData/Local/UnrealEngine/Common/DerivedDataCache/Content/a6/a0/0fb629ec65fbc33afebedebc9bef6dbdd52a.udd" 5639
"C:/Users/emanu/AppData/Local/UnrealEngine/Common/DerivedDataCache/Buckets/LegacyTEXTURE/35/ae/3a4febfaad037dda1475730bbb4fbb6aa639.udd" 5640
"C:/Users/emanu/AppData/Local/UnrealEngine/Common/DerivedDataCache/Content/49/43/21ae20e1923d8ab9e46016efb0675305461a.udd" 5641
"C:/Users/emanu/AppData/Local/UnrealEngine/Common/DerivedDataCache/Buckets/LegacyTEXTURE/b5/58/7cad995768352016f1f00e12a4fcf237f714.udd" 5642
"C:/Users/emanu/AppData/Local/UnrealEngine/Common/DerivedDataCache/Buckets/LegacyTEXTURE/14/08/affe646b25a8b636bdc32a73a02e6ce90fe7.udd" 5643
"C:/Users/emanu/AppData/Local/UnrealEngine/Common/DerivedDataCache/Buckets/LegacyTEXTURE/d5/b6/431d6fbedaa7800b607acc00e4a4b3637bdb.udd" 5644
"C:/Users/emanu/AppData/Local/UnrealEngine/Common/DerivedDataCache/Buckets/LegacyTEXTURE/9f/74/b6d2aca5c29f48dbe173126f9f58294f8600.udd" 5645
"C:/Users/emanu/AppData/Local/UnrealEngine/Common/DerivedDataCache/Buckets/LegacyTEXTURE/ec/48/34932cc928de6f8c55a3d404fbe264bd39d1.udd" 5646
"C:/Users/emanu/AppData/Local/UnrealEngine/Common/DerivedDataCache/Buckets/LegacyTEXTURE/75/5c/ea7c8e4b058c95e7e70fb477967d7c512faa.udd" 5647
"C:/Users/emanu/AppData/Local/UnrealEngine/Common/DerivedDataCache/Buckets/LegacyTEXTURE/7a/f2/b215113264d9d9d054aae461620a4ed4b07d.udd" 5648
"C:/Users/emanu/AppData/Local/UnrealEngine/Common/DerivedDataCache/Content/30/8d/76118ddb5d1f483d6da3bf96143bf8c42f8a.udd" 5649
"C:/Users/emanu/AppData/Local/UnrealEngine/Common/DerivedDataCache/Buckets/LegacyTEXTURE/20/02/61a0658223a202cccdf8c6f4ce8d901fb8f0.udd" 5650
"C:/Users/emanu/AppData/Local/UnrealEngine/Common/DerivedDataCache/Buckets/LegacyTEXTURE/22/27/a4b26fc5b22d3d95eb758b492d8926900176.udd" 5651
"C:/Users/emanu/AppData/Local/UnrealEngine/Common/DerivedDataCache/Buckets/LegacyTEXTURE/35/ff/d42d88e298e7ee49199973a8f179bcf7b292.udd" 5652
"C:/Users/emanu/AppData/Local/UnrealEngine/Common/DerivedDataCache/Buckets/LegacyTEXTURE/ad/e4/2d19e7fb6cc731e00f2e51fc5c8a3588a224.udd" 5653
"C:/Users/emanu/AppData/Local/UnrealEngine/Common/DerivedDataCache/Buckets/LegacyTEXTURE/be/f7/8e2f7353128d3244d25d1fcf1959409f9635.udd" 5654
"C:/Users/emanu/AppData/Local/UnrealEngine/Common/DerivedDataCache/Buckets/LegacyTEXTURE/4e/08/234961767353fa1c807ee6a3dbd1a9fa3a24.udd" 5655
"C:/Users/emanu/AppData/Local/UnrealEngine/Common/DerivedDataCache/Buckets/LegacyTEXTURE/88/da/19b0485b1f15e51b67b7a6e784c460c9b523.udd" 5656
"C:/Users/emanu/AppData/Local/UnrealEngine/Common/DerivedDataCache/Buckets/LegacyTEXTURE/68/a4/416f408e49a3105995ff7895402f0c0e3de0.udd" 5657
"C:/Users/emanu/AppData/Local/UnrealEngine/Common/DerivedDataCache/Buckets/LegacyTEXTURE/7b/8e/816844006323e0570a425081be5c68db026a.udd" 5658
"C:/Users/emanu/AppData/Local/UnrealEngine/Common/DerivedDataCache/Buckets/LegacyTEXTURE/1f/c1/7046b29706c28c93c4b82c5631720a0428e5.udd" 5659
"C:/Users/emanu/AppData/Local/UnrealEngine/Common/DerivedDataCache/Buckets/LegacyTEXTURE/d7/50/4042883ac283b08e26bc2dc24474e7b4dbc4.udd" 5660
"C:/Users/emanu/AppData/Local/UnrealEngine/Common/DerivedDataCache/Buckets/LegacyTEXTURE/77/5a/91da549c3d496f2ed8b53001d7db7b29dff8.udd" 5661
"C:/Users/emanu/AppData/Local/UnrealEngine/Common/DerivedDataCache/Buckets/LegacyTEXTURE/22/be/eaa7848c4c559443044f76f7bde6a68e9ee2.udd" 5662
"C:/Users/emanu/AppData/Local/UnrealEngine/Common/DerivedDataCache/Buckets/LegacyTEXTURE/34/e3/ff1f09f5ede62415cd38e858a2fcc800378e.udd" 5663
"C:/Users/emanu/AppData/Local/UnrealEngine/Common/DerivedDataCache/Buckets/LegacyTEXTURE/3a/74/a3de4cbc3b46fb264777a18f961832f270ac.udd" 5664
"C:/Users/emanu/AppData/Local/UnrealEngine/Common/DerivedDataCache/Buckets/LegacyTEXTURE/8e/01/bba865d83ad0899710a65c1c62fcf3c1ce34.udd" 5665
"C:/Users/emanu/AppData/Local/UnrealEngine/Common/DerivedDataCache/Buckets/LegacyTEXTURE/92/bc/1b99999f3e6c05d4e2452c1b85c29ab05c36.udd" 5666
"C:/Users/emanu/AppData/Local/UnrealEngine/Common/DerivedDataCache/Buckets/LegacyTEXTURE/91/42/aee9af8c023a381b683f5174a3f42df351f1.udd" 5667
"C:/Users/emanu/AppData/Local/UnrealEngine/Common/DerivedDataCache/Buckets/LegacyTEXTURE/d2/31/ddfb44c2fd98e9b37a1c1ee44be6ba17fd1f.udd" 5668
"C:/Users/emanu/AppData/Local/UnrealEngine/Common/DerivedDataCache/Buckets/LegacyTEXTURE/03/a3/28395fddd64acf601d04b9b9039c604986d8.udd" 5669
"C:/Users/emanu/AppData/Local/UnrealEngine/Common/DerivedDataCache/Buckets/LegacyTEXTURE/03/2c/c0576b69150c51b22a2cf210dc37081bb3c8.udd" 5670
"C:/Users/emanu/AppData/Local/UnrealEngine/Common/DerivedDataCache/Buckets/LegacyTEXTURE/e2/8f/efb8beef08999d60f0037c105684b8e3d8a2.udd" 5671
"C:/Users/emanu/AppData/Local/UnrealEngine/Common/DerivedDataCache/Buckets/LegacyTEXTURE/15/51/847de5a7b09cc431611a5c05ff63a0960266.udd" 5672
"C:/Users/emanu/AppData/Local/UnrealEngine/Common/DerivedDataCache/Buckets/LegacyTEXTURE/cd/47/c3c22a67822d1bf559c211972ac7d3e8b4fb.udd" 5673
"C:/Users/emanu/AppData/Local/UnrealEngine/Common/DerivedDataCache/Buckets/LegacyTEXTURE/52/ee/6f77a8f20dac8ebd4397ed2040b178af930f.udd" 5674
"C:/Users/emanu/AppData/Local/UnrealEngine/Common/DerivedDataCache/Buckets/LegacyTEXTURE/51/c3/6e8ffaca5426c5abb3a744a098c7975de679.udd" 5675
"C:/Users/emanu/AppData/Local/UnrealEngine/Common/DerivedDataCache/Buckets/LegacyTEXTURE/5f/ca/1f25c37f6a9516eba6c01968d062445e6d97.udd" 5676
"C:/Users/emanu/AppData/Local/UnrealEngine/Common/DerivedDataCache/Buckets/LegacyTEXTURE/bd/d8/35c30d0e4fe5bfa7613acc41088d364cf01e.udd" 5677
"C:/Users/emanu/AppData/Local/UnrealEngine/Common/DerivedDataCache/Buckets/LegacyTEXTURE/90/31/8170af917e1cf8d89ffa1b6e551b339744ad.udd" 5678
"C:/Users/emanu/AppData/Local/UnrealEngine/Common/DerivedDataCache/Buckets/LegacyTEXTURE/3a/4d/8b542452d0b4a90638515b402c23d241b8a3.udd" 5679
"C:/Users/emanu/AppData/Local/UnrealEngine/Common/DerivedDataCache/Buckets/LegacyTEXTURE/e7/42/c1bb6d9d3eb8c90dd8f0ed08f720ecf9cde8.udd" 5680
"C:/Users/emanu/AppData/Local/UnrealEngine/Common/DerivedDataCache/Buckets/LegacyTEXTURE/50/e7/b9a85d3b5a29b1476c41975d8d9da2b4d0b4.udd" 5681
"C:/Users/emanu/AppData/Local/UnrealEngine/Common/DerivedDataCache/Content/7e/20/f32867ad207f9496ffb29d894d42e746c1f7.udd" 5682
"C:/Users/emanu/AppData/Local/UnrealEngine/Common/DerivedDataCache/Buckets/LegacyTEXTURE/55/55/25384b063dc39c7a7eba2dd297909d23edd3.udd" 5683
"C:/Users/emanu/AppData/Local/UnrealEngine/Common/DerivedDataCache/Content/de/4c/cca094e1e4563509bc29d85136090fb90b05.udd" 5684
"C:/Users/emanu/AppData/Local/UnrealEngine/Common/DerivedDataCache/Buckets/LegacyTEXTURE/8e/1f/8ef9925f2bc1048be0116ffe474cab557e88.udd" 5685
"C:/Users/emanu/AppData/Local/UnrealEngine/Common/DerivedDataCache/Buckets/LegacyTEXTURE/f3/80/028f7f55292cad4803752b4b3392532a942b.udd" 5686
"C:/Users/emanu/AppData/Local/UnrealEngine/Common/DerivedDataCache/Buckets/LegacyTEXTURE/a0/c7/d58de251a284a6acdee95432c7a95d529a01.udd" 5687
"C:/Users/emanu/AppData/Local/UnrealEngine/Common/DerivedDataCache/Buckets/LegacyTEXTURE/78/a2/c5f170bfce4d4f35d73843a4052fa2a33758.udd" 5688
"C:/Users/emanu/AppData/Local/UnrealEngine/Common/DerivedDataCache/Buckets/LegacyTEXTURE/58/72/070fc461ae45930ebdd38b8c7bfd52aab797.udd" 5689
"C:/Users/emanu/AppData/Local/UnrealEngine/Common/DerivedDataCache/Buckets/LegacyTEXTURE/57/e3/b44cc2ca28884e972805f8b6bfb789bf3451.udd" 5690
"C:/Users/emanu/AppData/Local/UnrealEngine/Common/DerivedDataCache/Buckets/LegacyTEXTURE/e1/97/2caca668767e877f910fa31a663a28297f86.udd" 5691
"C:/Users/emanu/AppData/Local/UnrealEngine/Common/DerivedDataCache/Content/65/18/0023e4f23c66ad22084c79acc998cd558bb5.udd" 5692
"C:/Users/emanu/AppData/Local/UnrealEngine/Common/DerivedDataCache/Buckets/LegacyTEXTURE/26/fe/da28c241758716bfbb08c8f885446cb0d413.udd" 5693
"C:/Users/emanu/AppData/Local/UnrealEngine/Common/DerivedDataCache/Content/e5/52/ee1fd712e24b947af20216cd6817a4c3dbce.udd" 5694
"C:/Users/emanu/AppData/Local/UnrealEngine/Common/DerivedDataCache/Buckets/LegacyTEXTURE/57/23/88a53bdac662e0bf058ec93517d622ab1e02.udd" 5695
"C:/Users/emanu/AppData/Local/UnrealEngine/Common/DerivedDataCache/Buckets/LegacyTEXTURE/29/8d/a567a650a041f306241bcb069908e7550bd2.udd" 5696
"C:/Users/emanu/AppData/Local/UnrealEngine/Common/DerivedDataCache/Buckets/LegacyTEXTURE/47/59/1c035bc8cfc2bbc8aab942683ea1710c7eae.udd" 5697
"C:/Users/emanu/AppData/Local/UnrealEngine/Common/DerivedDataCache/Buckets/LegacyTEXTURE/90/27/29565b6d1f627ad5528c19dbcb87567be1b7.udd" 5698
"C:/Users/emanu/AppData/Local/UnrealEngine/Common/DerivedDataCache/Buckets/LegacyTEXTURE/ef/40/bf8c8a716f839f116e371d44903bbb93c1b2.udd" 5699
"C:/Users/emanu/AppData/Local/UnrealEngine/Common/DerivedDataCache/Buckets/LegacyTEXTURE/5b/14/a25f4334553650ff1809056a9d8e4a3fa967.udd" 5700
"C:/Users/emanu/AppData/Local/UnrealEngine/Common/DerivedDataCache/Buckets/LegacyTEXTURE/de/b5/f91f3d7381e65547f2359a6f53b52c690963.udd" 5701
"C:/Users/emanu/AppData/Local/UnrealEngine/Common/DerivedDataCache/Content/b8/6d/d8c637f72583e9db036702851b25d949662d.udd" 5702
"C:/Users/emanu/AppData/Local/UnrealEngine/Common/DerivedDataCache/Buckets/LegacyTEXTURE/3e/5d/0ce4a10bc9df1fccef9be6ad65b864d627c9.udd" 5703
"C:/Users/emanu/AppData/Local/UnrealEngine/Common/DerivedDataCache/Content/29/c7/dfd82e5c6d846df0811fd92ec3200619f64b.udd" 5704
"C:/Users/emanu/AppData/Local/UnrealEngine/Common/DerivedDataCache/Buckets/LegacyTEXTURE/9d/b4/48b4ec5f1b2403b77e1266ed8b73c44d3c68.udd" 5705
"C:/Users/emanu/AppData/Local/UnrealEngine/Common/DerivedDataCache/Buckets/LegacyTEXTURE/b0/18/78f524f05c668e9ae1c7ee4b69156b6e92c1.udd" 5706
"C:/Users/emanu/AppData/Local/UnrealEngine/Common/DerivedDataCache/Buckets/LegacyTEXTURE/c4/81/df8e15d5874194f1dc163e5b28d949647049.udd" 5707
"C:/Users/emanu/AppData/Local/UnrealEngine/Common/DerivedDataCache/Buckets/LegacyTEXTURE/9f/fe/0d6bca79d7da5c07c0b671c6b5d154c3fefe.udd" 5708
"C:/Users/emanu/AppData/Local/UnrealEngine/Common/DerivedDataCache/Buckets/LegacyTEXTURE/83/39/a712c9b6a6131b9d57bff312b72c2d5ea3cc.udd" 5709
"C:/Users/emanu/AppData/Local/UnrealEngine/Common/DerivedDataCache/Buckets/LegacyTEXTURE/8a/2e/95ba3adb8328c8a9d7a253fbb5df03ad7c50.udd" 5710
"C:/Users/emanu/AppData/Local/UnrealEngine/Common/DerivedDataCache/Buckets/LegacyTEXTURE/97/47/fdc6e10b30b9ba1cac23aa9040b6aa41dfe0.udd" 5711
"C:/Users/emanu/AppData/Local/UnrealEngine/Common/DerivedDataCache/Content/65/4a/1e643d89b70796e9d5fcbc315af60f84079f.udd" 5712
"C:/Users/emanu/AppData/Local/UnrealEngine/Common/DerivedDataCache/Buckets/LegacyTEXTURE/b4/cb/5efa3d8e17bb55181e063e4447bf2ce8356c.udd" 5713
"C:/Users/emanu/AppData/Local/UnrealEngine/Common/DerivedDataCache/Buckets/LegacyTEXTURE/5a/2f/a0dea0141d77aebf89e504a23aa9090dce04.udd" 5714
"C:/Users/emanu/AppData/Local/UnrealEngine/Common/DerivedDataCache/Buckets/LegacyTEXTURE/bb/9b/4c5824bdaa7606ad3f1871f61666dc4252a2.udd" 5715
"C:/Users/emanu/AppData/Local/UnrealEngine/Common/DerivedDataCache/Buckets/LegacyTEXTURE/a0/5d/548a2b9110db95a8947e38c0ce10ff8658d4.udd" 5716
"C:/Users/emanu/AppData/Local/UnrealEngine/Common/DerivedDataCache/Buckets/LegacyTEXTURE/f3/b3/996577c8847ffe8cb23f6ea8714544133ab9.udd" 5717
"C:/Users/emanu/AppData/Local/UnrealEngine/Common/DerivedDataCache/Buckets/LegacyTEXTURE/a5/a9/add76dfd4cffde51cbfcfaccb4876765b15a.udd" 5718
"C:/Users/emanu/AppData/Local/UnrealEngine/Common/DerivedDataCache/Buckets/LegacyTEXTURE/b6/e9/07aea969566a372e4243811259c9694e441c.udd" 5719
"C:/Users/emanu/AppData/Local/UnrealEngine/Common/DerivedDataCache/Buckets/LegacyTEXTURE/47/a7/583a7ac0091063022464a8c04f7927f032ea.udd" 5720
"C:/Users/emanu/AppData/Local/UnrealEngine/Common/DerivedDataCache/Buckets/LegacyTEXTURE/1e/2b/823603b90d510a2a67992a5cc5e0ecc1e868.udd" 5721
"C:/Users/emanu/AppData/Local/UnrealEngine/Common/DerivedDataCache/Buckets/LegacyTEXTURE/0a/42/db4c19c39b41f466d0a741ed16c06a87d205.udd" 5722
"C:/Users/emanu/AppData/Local/UnrealEngine/Common/DerivedDataCache/Buckets/LegacyTEXTURE/b2/6a/b154d54fd3aa93f41a41add7aee19e8d56bd.udd" 5723
"C:/Users/emanu/AppData/Local/UnrealEngine/Common/DerivedDataCache/Buckets/LegacyTEXTURE/03/61/7930284103446778ee470dade8344aa2cb6a.udd" 5724
"C:/Users/emanu/AppData/Local/UnrealEngine/Common/DerivedDataCache/Buckets/LegacyTEXTURE/c0/63/b9ea633e883bdb5a6f6acfa645a844efa244.udd" 5725
"C:/Users/emanu/AppData/Local/UnrealEngine/Common/DerivedDataCache/Buckets/LegacyTEXTURE/55/12/4b4eca5cbe3630c6a552005ed9a661807096.udd" 5726
"C:/Users/emanu/AppData/Local/UnrealEngine/Common/DerivedDataCache/Buckets/LegacyTEXTURE/23/a9/3bf8d6bd3511128fdfb3b2ad585b226236fe.udd" 5727
"C:/Users/emanu/AppData/Local/UnrealEngine/Common/DerivedDataCache/Buckets/LegacyTEXTURE/7e/0f/ab68f5cb72f44971df0c8e040655cf3641f5.udd" 5728
"C:/Users/emanu/AppData/Local/UnrealEngine/Common/DerivedDataCache/Buckets/LegacyTEXTURE/2b/a8/9852117ce5cf1ccd7f82a3b1362dfdb126e9.udd" 5729
"C:/Users/emanu/AppData/Local/UnrealEngine/Common/DerivedDataCache/Buckets/LegacyTEXTURE/b9/c1/0a34eb3666c95682791d737b701a25b5e394.udd" 5730
"C:/Users/emanu/AppData/Local/UnrealEngine/Common/DerivedDataCache/Buckets/LegacyTEXTURE/36/09/b14bdc2e05b337c0eaa7eb29308be2b8ade9.udd" 5731
"C:/Users/emanu/AppData/Local/UnrealEngine/Common/DerivedDataCache/Buckets/LegacyTEXTURE/c2/59/336bfec1702ba38eb48df155de79918f47e5.udd" 5732
"C:/Users/emanu/AppData/Local/UnrealEngine/Common/DerivedDataCache/Buckets/LegacyTEXTURE/3c/de/9a2509cdb3d5a797aa512a188f977dfdb85a.udd" 5733
"C:/Users/emanu/AppData/Local/UnrealEngine/Common/DerivedDataCache/Buckets/LegacyTEXTURE/01/ff/633d93632131709dc3dfec8035689a8043f9.udd" 5734
"C:/Users/emanu/AppData/Local/UnrealEngine/Common/DerivedDataCache/Buckets/LegacyTEXTURE/3b/a8/4c7d5570d041ecc17481d6f73770d1cd9be9.udd" 5735
"C:/Users/emanu/AppData/Local/UnrealEngine/Common/DerivedDataCache/Buckets/LegacyTEXTURE/da/75/cf9a1f2a16abf0607a5e19ce4d7713b5ee16.udd" 5736
"C:/Users/emanu/AppData/Local/UnrealEngine/Common/DerivedDataCache/Buckets/LegacyTEXTURE/5b/88/c305760414539f141f6d20c4ffbe8df8e25d.udd" 5737
"C:/Users/emanu/AppData/Local/UnrealEngine/Common/DerivedDataCache/Buckets/LegacyTEXTURE/81/c3/5f0356172113a9afe7c9f6dd3e046ce65a8a.udd" 5738
"C:/Users/emanu/AppData/Local/UnrealEngine/Common/DerivedDataCache/Buckets/LegacyTEXTURE/b9/e6/e871ee631a57233f77c28de1324ec1901891.udd" 5739
"C:/Users/emanu/AppData/Local/UnrealEngine/Common/DerivedDataCache/Buckets/LegacyTEXTURE/28/69/141c5bb82cb3cfb027d56e269be4d07f571f.udd" 5740
"C:/Users/emanu/AppData/Local/UnrealEngine/Common/DerivedDataCache/Buckets/LegacyTEXTURE/dd/3e/e1b03ee454c63a3768f770c2528408bf0896.udd" 5741
"C:/Users/emanu/AppData/Local/UnrealEngine/Common/DerivedDataCache/Buckets/LegacyTEXTURE/70/a8/2efcd187b5e9a0f6aaf3d341135550c05be3.udd" 5742
"C:/Users/emanu/AppData/Local/UnrealEngine/Common/DerivedDataCache/Buckets/LegacyTEXTURE/70/08/5906a080351f7dde9670de9b34638a76ef9f.udd" 5743
"C:/Users/emanu/AppData/Local/UnrealEngine/Common/DerivedDataCache/Buckets/LegacyTEXTURE/5e/d9/0ef591d60031389c0a1d480e9f1b48e4e2e8.udd" 5744
"C:/Users/emanu/AppData/Local/UnrealEngine/Common/DerivedDataCache/Buckets/LegacyTEXTURE/1f/cd/97ef2efeefcf56b81d1de572ddd12d2cd73b.udd" 5745
"C:/Users/emanu/AppData/Local/UnrealEngine/Common/DerivedDataCache/Buckets/LegacyTEXTURE/21/b5/82b1a034e76aeab7db84ba59d72828e93d4e.udd" 5746
"C:/Users/emanu/AppData/Local/UnrealEngine/Common/DerivedDataCache/Buckets/LegacyTEXTURE/22/ca/4c72e6c26836734dd6725375b36274d8547d.udd" 5747
"C:/Users/emanu/AppData/Local/UnrealEngine/Common/DerivedDataCache/Buckets/LegacyTEXTURE/fe/3a/dc14630d89b35b1803c3793a6a953fd1810c.udd" 5748
"C:/Users/emanu/AppData/Local/UnrealEngine/Common/DerivedDataCache/Buckets/LegacyTEXTURE/38/9d/9adba33015603f4352503781bb948529d9c4.udd" 5749
"C:/Users/emanu/AppData/Local/UnrealEngine/Common/DerivedDataCache/Buckets/LegacyTEXTURE/1e/de/99c67488f621e03a432aceff1578aafe68aa.udd" 5750
"C:/Users/emanu/AppData/Local/UnrealEngine/Common/DerivedDataCache/Buckets/LegacyTEXTURE/a9/43/9936b0c83ad3592123a34713f894f3c0ea30.udd" 5751
"C:/Users/emanu/AppData/Local/UnrealEngine/Common/DerivedDataCache/Buckets/LegacyTEXTURE/fb/8e/e0ed5cd183fea12c275234bce307ed2a6637.udd" 5752
"C:/Users/emanu/AppData/Local/UnrealEngine/Common/DerivedDataCache/Buckets/LegacyTEXTURE/8d/66/6663dd54ae02e074736bf582797006b7114e.udd" 5753
"C:/Users/emanu/AppData/Local/UnrealEngine/Common/DerivedDataCache/Buckets/LegacyTEXTURE/9a/1d/0a80c6ff32beeef82e3a9b7872414d6ad9d2.udd" 5754
"C:/Users/emanu/AppData/Local/UnrealEngine/Common/DerivedDataCache/Buckets/LegacyTEXTURE/bf/27/151f368320501b10c4eb156fa8533de5ccf4.udd" 5755
"C:/Users/emanu/AppData/Local/UnrealEngine/Common/DerivedDataCache/Buckets/LegacyTEXTURE/d0/6d/69f2f375234cf3c1a5fb6c097f1a95ccc018.udd" 5756
"C:/Users/emanu/AppData/Local/UnrealEngine/Common/DerivedDataCache/Buckets/LegacyTEXTURE/aa/d0/3e3b5d77f73746b5985c20ac7cbe59c7c942.udd" 5757
"C:/Users/emanu/AppData/Local/UnrealEngine/Common/DerivedDataCache/Buckets/LegacyTEXTURE/30/66/16983ee07c54229b34990e55aadfde6d9bbd.udd" 5758
"C:/Users/emanu/AppData/Local/UnrealEngine/Common/DerivedDataCache/Buckets/LegacyTEXTURE/25/29/87fac8bd61ea62ef2a177adc241c953a20b6.udd" 5759
"C:/Users/emanu/AppData/Local/UnrealEngine/Common/DerivedDataCache/Buckets/LegacyTEXTURE/aa/ad/ece106d9a7ad25ea2416a3ddece3cc175c06.udd" 5760
"C:/Users/emanu/AppData/Local/UnrealEngine/Common/DerivedDataCache/Buckets/LegacyTEXTURE/fd/39/667fd773461c3c621c8b1b62623c3e33eb8b.udd" 5761
"C:/Users/emanu/AppData/Local/UnrealEngine/Common/DerivedDataCache/Buckets/LegacyTEXTURE/4a/7a/d5a5e8daab547a06d360270b8d7926d89c6e.udd" 5762
"C:/Users/emanu/AppData/Local/UnrealEngine/Common/DerivedDataCache/Buckets/LegacyTEXTURE/2c/12/eb572889cbc7d456116407233103a7ba094d.udd" 5763
"C:/Users/emanu/AppData/Local/UnrealEngine/Common/DerivedDataCache/Buckets/LegacyTEXTURE/95/98/4403dd9bbe51511ce83075b9bdb45b06be94.udd" 5764
"C:/Users/emanu/AppData/Local/UnrealEngine/Common/DerivedDataCache/Buckets/LegacyTEXTURE/a4/af/0d75c43c56fcd5820de5ec01032d23a8fb25.udd" 5765
"C:/Users/emanu/AppData/Local/UnrealEngine/Common/DerivedDataCache/Buckets/LegacyTEXTURE/21/5b/c6b3bb19a6b6f6c0be10cc8064374f39733c.udd" 5766
"C:/Users/emanu/AppData/Local/UnrealEngine/Common/DerivedDataCache/Buckets/LegacyTEXTURE/50/e4/da5119fb1d939fae26e655772da6bb6e0778.udd" 5767
"C:/Users/emanu/AppData/Local/UnrealEngine/Common/DerivedDataCache/Buckets/LegacyTEXTURE/c0/f0/e54d097421268c95c8ca783b2a126acd10ac.udd" 5768
"C:/Users/emanu/AppData/Local/UnrealEngine/Common/DerivedDataCache/Buckets/LegacyTEXTURE/03/d3/28eb79c25401fe6bdf8e1903a408985cb290.udd" 5769
"C:/Users/emanu/AppData/Local/UnrealEngine/Common/DerivedDataCache/Buckets/LegacyTEXTURE/f1/d9/4da75531c6bebe339815ed0fcc8492246976.udd" 5770
"C:/Users/emanu/AppData/Local/UnrealEngine/Common/DerivedDataCache/Buckets/LegacyTEXTURE/44/24/f90bb20b2cfed27417d93242fcc90adecdcf.udd" 5771
"C:/Users/emanu/AppData/Local/UnrealEngine/Common/DerivedDataCache/Buckets/LegacyTEXTURE/54/d9/2c4398e1033189e2b5bc5de8734f542d9c70.udd" 5772
"C:/Users/emanu/AppData/Local/UnrealEngine/Common/DerivedDataCache/Buckets/LegacyTEXTURE/1c/43/ae622ad834577be66c63e0bf015e9f571d54.udd" 5773
"C:/Users/emanu/AppData/Local/UnrealEngine/Common/DerivedDataCache/Buckets/LegacyTEXTURE/c3/01/0dcd74ef38d0c8c503127da1155ef10ceeba.udd" 5774
"C:/Users/emanu/AppData/Local/UnrealEngine/Common/DerivedDataCache/Buckets/LegacyTEXTURE/54/28/25765550bc86c2de61a581c1faed76cb91ca.udd" 5775
"C:/Users/emanu/AppData/Local/UnrealEngine/Common/DerivedDataCache/Buckets/LegacyTEXTURE/dc/5e/6dc2556c0a4c3ef972cc093803994df69e44.udd" 5776
"C:/Users/emanu/AppData/Local/UnrealEngine/Common/DerivedDataCache/Buckets/LegacyTEXTURE/bd/44/f5e02de7fa0246aabd8841ebb330ecc13b0c.udd" 5777
"C:/Users/emanu/AppData/Local/UnrealEngine/Common/DerivedDataCache/Buckets/LegacyTEXTURE/42/a1/784cf378f86f07dcfd7dc2a8312e32dbd2cb.udd" 5778
"C:/Users/emanu/AppData/Local/UnrealEngine/Common/DerivedDataCache/Buckets/LegacyTEXTURE/19/3f/7c1436fc5c694ac6ff97eac158d3c2c0a762.udd" 5779
"C:/Users/emanu/AppData/Local/UnrealEngine/Common/DerivedDataCache/Buckets/LegacyTEXTURE/76/5c/aed17533373739760ef580b0b1babc6b92b8.udd" 5780
"C:/Users/emanu/AppData/Local/UnrealEngine/Common/DerivedDataCache/Buckets/LegacyTEXTURE/69/40/93b6ebf1e821aa7de3d93d2869a4c630f89c.udd" 5781
"C:/Users/emanu/AppData/Local/UnrealEngine/Common/DerivedDataCache/Buckets/LegacyTEXTURE/ca/b0/39a7455ec47e5d7af5185d36674469ae2d0f.udd" 5782
"C:/Users/emanu/AppData/Local/UnrealEngine/Common/DerivedDataCache/Buckets/LegacyTEXTURE/0e/b0/9527663f576dd9e6b95f1f322d541e4b3349.udd" 5783
"C:/Users/emanu/AppData/Local/UnrealEngine/Common/DerivedDataCache/Buckets/LegacyTEXTURE/da/8f/b23a140d231b5c0718cdbaa97527a722e708.udd" 5784
"C:/Users/emanu/AppData/Local/UnrealEngine/Common/DerivedDataCache/Buckets/LegacyTEXTURE/ab/e0/278c36b6760097df3cedf52eae9322e3ea3b.udd" 5785
"C:/Users/emanu/AppData/Local/UnrealEngine/Common/DerivedDataCache/Buckets/LegacyTEXTURE/8e/02/d0f0c07dd8a509e4ea189922854c470466bd.udd" 5786
"C:/Users/emanu/AppData/Local/UnrealEngine/Common/DerivedDataCache/Buckets/LegacyTEXTURE/ff/ec/1ddf18b30d615a08c3295ee2786e8e272103.udd" 5787
"C:/Users/emanu/AppData/Local/UnrealEngine/Common/DerivedDataCache/Buckets/LegacyTEXTURE/16/89/26d9061961701ff2f1a0004cc6f2857bd3df.udd" 5788
"C:/Users/emanu/AppData/Local/UnrealEngine/Common/DerivedDataCache/Buckets/LegacyTEXTURE/29/f1/52808fca2bef4b960926547d54543f74115c.udd" 5789
"C:/Users/emanu/AppData/Local/UnrealEngine/Common/DerivedDataCache/Buckets/LegacyTEXTURE/fe/5f/750e02e420108b1203c319c2e1edbc904dcb.udd" 5790
"C:/Users/emanu/AppData/Local/UnrealEngine/Common/DerivedDataCache/Buckets/LegacyTEXTURE/d1/63/914ed433b979c7a7c502467155948d1c2f8d.udd" 5791
"C:/Users/emanu/AppData/Local/UnrealEngine/Common/DerivedDataCache/Buckets/LegacyTEXTURE/4a/02/5c6604f7d7b1eee9e0edb4013f98e89cc216.udd" 5792
"C:/Users/emanu/AppData/Local/UnrealEngine/Common/DerivedDataCache/Buckets/LegacyTEXTURE/be/1b/12d8b8bd20fdf1a74f358c76381003ed3108.udd" 5793
"C:/Users/emanu/AppData/Local/UnrealEngine/Common/DerivedDataCache/Buckets/LegacyTEXTURE/4a/de/1baacd37c6616be3f12e7a9bf5e5193ab473.udd" 5794
"C:/Users/emanu/AppData/Local/UnrealEngine/Common/DerivedDataCache/Buckets/LegacyTEXTURE/69/bc/45aa795f87b1043cac76aca92cec426fb096.udd" 5795
"C:/Users/emanu/AppData/Local/UnrealEngine/Common/DerivedDataCache/Buckets/LegacyTEXTURE/3a/3c/a0a1c63d49fd8c2371e4c2bc5c37b1d55192.udd" 5796
"C:/Users/emanu/AppData/Local/UnrealEngine/Common/DerivedDataCache/Buckets/LegacyTEXTURE/5b/66/bb3d5115c32f779ba4c4831f06872cf0f1d6.udd" 5797
"C:/Users/emanu/AppData/Local/UnrealEngine/Common/DerivedDataCache/Buckets/LegacyTEXTURE/d4/45/852a21fc79c7472e113f837942fc197a6c54.udd" 5798
"C:/Users/emanu/AppData/Local/UnrealEngine/Common/DerivedDataCache/Buckets/LegacyTEXTURE/61/bb/23383d2f4eb48bb673ae79104278700f33a2.udd" 5799
"C:/Users/emanu/AppData/Local/UnrealEngine/Common/DerivedDataCache/Buckets/LegacyTEXTURE/9d/f7/2b4e88c5b90dc2c49c8e5176e0285697f245.udd" 5800
"C:/Users/emanu/AppData/Local/UnrealEngine/Common/DerivedDataCache/Buckets/LegacyTEXTURE/d7/fb/4265e1be2b61d8d3af06956ef7f8635fc700.udd" 5801
"C:/Users/emanu/AppData/Local/UnrealEngine/Common/DerivedDataCache/Buckets/LegacyTEXTURE/37/78/58fa8d05d50ca5efcbaeae25d8939ae4887d.udd" 5802
"C:/Users/emanu/AppData/Local/UnrealEngine/Common/DerivedDataCache/Buckets/LegacyTEXTURE/de/72/879b71670c128eb9a8e28c19c36712001234.udd" 5803
"C:/Users/emanu/AppData/Local/UnrealEngine/Common/DerivedDataCache/Buckets/LegacyTEXTURE/e6/60/9a8cdb9b278edafbbcda3a379321e917d0e6.udd" 5804
"C:/Users/emanu/AppData/Local/UnrealEngine/Common/DerivedDataCache/Buckets/LegacyTEXTURE/c6/81/a032d0aa0f75c428e56cfc151f7151d348de.udd" 5805
"C:/Users/emanu/AppData/Local/UnrealEngine/Common/DerivedDataCache/Buckets/LegacyTEXTURE/02/4a/599b5a3722d221f965214c94c9f656316b0f.udd" 5806
"C:/Users/emanu/AppData/Local/UnrealEngine/Common/DerivedDataCache/Buckets/LegacyTEXTURE/03/a5/a09b2f8225b9cd5936a0e9fad57b35ecd82e.udd" 5807
"C:/Users/emanu/AppData/Local/UnrealEngine/Common/DerivedDataCache/Buckets/LegacyTEXTURE/2e/e0/eda82ad2ad0d4002def8059690df713135e5.udd" 5808
"C:/Users/emanu/AppData/Local/UnrealEngine/Common/DerivedDataCache/Buckets/LegacyTEXTURE/58/cb/c8b6ceabe3eaa5833a0d824827fd76472d22.udd" 5809
"C:/Users/emanu/AppData/Local/UnrealEngine/Common/DerivedDataCache/Buckets/LegacyTEXTURE/52/1e/5f546cda7a172b576b86d5d2c3198118e497.udd" 5810
"C:/Users/emanu/AppData/Local/UnrealEngine/Common/DerivedDataCache/Buckets/LegacyTEXTURE/13/d1/c242e646165e8a327873e1f25fe1d34ea786.udd" 5811
"C:/Users/emanu/AppData/Local/UnrealEngine/Common/DerivedDataCache/Buckets/LegacyTEXTURE/9e/25/fcea2fd2a25874eea38d6c0a3199d4f87e95.udd" 5812
"C:/Users/emanu/AppData/Local/UnrealEngine/Common/DerivedDataCache/Buckets/LegacyTEXTURE/9d/1b/904654562f6bb1c88dad3345be0e12e74914.udd" 5813
"C:/Users/emanu/AppData/Local/UnrealEngine/Common/DerivedDataCache/Buckets/LegacyTEXTURE/f1/50/31cec01ef05e31821027c2cc350fafa3ccaf.udd" 5814
"C:/Users/emanu/AppData/Local/UnrealEngine/Common/DerivedDataCache/Buckets/LegacyTEXTURE/14/c3/3d734cd25e90362d8c97bcabc170a6f5e192.udd" 5815
"C:/Users/emanu/AppData/Local/UnrealEngine/Common/DerivedDataCache/Buckets/LegacyTEXTURE/2d/70/7119ff98dab4ddeaeff03375770e9aa09771.udd" 5816
"C:/Users/emanu/AppData/Local/UnrealEngine/Common/DerivedDataCache/Buckets/LegacyTEXTURE/b0/f4/270bab3be1aa393d72fc625d3ddd529cd026.udd" 5817
"C:/Users/emanu/AppData/Local/UnrealEngine/Common/DerivedDataCache/Buckets/LegacyTEXTURE/9b/3b/990a69ef0b555284e07528a3c385bf90f3c6.udd" 5818
"C:/Users/emanu/AppData/Local/UnrealEngine/Common/DerivedDataCache/Buckets/LegacyTEXTURE/9b/11/b3e6425b1419b667255f652c83b6bc16bdbe.udd" 5819
"C:/Users/emanu/AppData/Local/UnrealEngine/Common/DerivedDataCache/Buckets/LegacyTEXTURE/d4/e3/026f50ab989e93256955749c69418ecea849.udd" 5820
"C:/Users/emanu/AppData/Local/UnrealEngine/Common/DerivedDataCache/Buckets/LegacyTEXTURE/57/42/69964e4f975a05ccd73a600f54fe7685b75b.udd" 5821
"C:/Users/emanu/AppData/Local/UnrealEngine/Common/DerivedDataCache/Buckets/LegacyTEXTURE/ae/c9/b2a3c8339cbf81d7dbbd12bd7745cc8cbe9a.udd" 5822
"C:/Users/emanu/AppData/Local/UnrealEngine/Common/DerivedDataCache/Buckets/LegacyTEXTURE/28/e4/4e62a4a5fe5424258a4593ec6dd893d14d44.udd" 5823
"C:/Users/emanu/AppData/Local/UnrealEngine/Common/DerivedDataCache/Buckets/LegacyTEXTURE/81/88/2afd2c91fd1475b0c7f0aaf732e931790806.udd" 5824
"C:/Users/emanu/AppData/Local/UnrealEngine/Common/DerivedDataCache/Buckets/LegacyTEXTURE/ba/db/a2841b25fb553cd23670a7c9eaf1a51d8887.udd" 5825
"C:/Users/emanu/AppData/Local/UnrealEngine/Common/DerivedDataCache/Buckets/LegacyTEXTURE/97/ea/7d3b98099d7ad5d2714f580312cff5b1f203.udd" 5826
"C:/Users/emanu/AppData/Local/UnrealEngine/Common/DerivedDataCache/Buckets/LegacyTEXTURE/44/8c/d7caf2675004791cae945b45ec180270cbeb.udd" 5827
"C:/Users/emanu/AppData/Local/UnrealEngine/Common/DerivedDataCache/Buckets/LegacyTEXTURE/12/9d/643aaf2cb712c2edb72c32139ae293d6ed90.udd" 5828
"C:/Users/emanu/AppData/Local/UnrealEngine/Common/DerivedDataCache/Buckets/LegacyTEXTURE/a3/fc/c3f1a35361be9134e21066fc6d8f4c7b0724.udd" 5829
"C:/Users/emanu/AppData/Local/UnrealEngine/Common/DerivedDataCache/Buckets/LegacyTEXTURE/6f/c4/322ea1cb15679d16b6dbc01719b80bff856c.udd" 5830
"C:/Users/emanu/AppData/Local/UnrealEngine/Common/DerivedDataCache/Buckets/LegacyTEXTURE/a6/74/ac42c45bb7a4baa810fa76f2ffd00e25540a.udd" 5831
"C:/Users/emanu/AppData/Local/UnrealEngine/Common/DerivedDataCache/Buckets/LegacyTEXTURE/9e/f5/9d58c5f0ee4f61f70f33d9efe82723dee546.udd" 5832
"C:/Users/emanu/AppData/Local/UnrealEngine/Common/DerivedDataCache/Buckets/LegacyTEXTURE/79/27/4b80cf55938fa0c2b33a54ba44ff42a213fd.udd" 5833
"C:/Users/emanu/AppData/Local/UnrealEngine/Common/DerivedDataCache/Buckets/LegacyTEXTURE/21/76/e339716d6e283dd175d93b1430ecb4888ad6.udd" 5834
"C:/Users/emanu/AppData/Local/UnrealEngine/Common/DerivedDataCache/Buckets/LegacyTEXTURE/7a/f2/cb4e6ec821f0d5b3014d66fc613d80f4d7fd.udd" 5835
"C:/Users/emanu/AppData/Local/UnrealEngine/Common/DerivedDataCache/Buckets/LegacyTEXTURE/2a/97/18f84b9cf3a3b929ddb7960ee7ec695b10c2.udd" 5836
"C:/Users/emanu/AppData/Local/UnrealEngine/Common/DerivedDataCache/Buckets/LegacyTEXTURE/13/fa/eb1af53c2b3a5882add46b894ee8812756e1.udd" 5837
"C:/Users/emanu/AppData/Local/UnrealEngine/Common/DerivedDataCache/Buckets/LegacyTEXTURE/47/a3/1a753affcc8d1601b37da1c86a88e7fb25e0.udd" 5838
"C:/Users/emanu/AppData/Local/UnrealEngine/Common/DerivedDataCache/Buckets/LegacyTEXTURE/13/4f/4915921f1cdf6d3f09c4cdc1d9b185820758.udd" 5839
"C:/Users/emanu/AppData/Local/UnrealEngine/Common/DerivedDataCache/Buckets/LegacyTEXTURE/15/e1/3e328e6656e3a81c7e147706ee716ec0c76f.udd" 5840
"C:/Users/emanu/AppData/Local/UnrealEngine/Common/DerivedDataCache/Buckets/LegacyTEXTURE/5c/ad/e8dc2c62dc5a5bd9e22232e140b2973e57bb.udd" 5841
"C:/Users/emanu/AppData/Local/UnrealEngine/Common/DerivedDataCache/Buckets/LegacyTEXTURE/4d/f2/8c18c7e7385f2b5321a5e274a202b0cd1793.udd" 5842
"C:/Users/emanu/AppData/Local/UnrealEngine/Common/DerivedDataCache/Buckets/LegacyTEXTURE/e4/e6/373e0adeda3d28a0cbf319f19c4ae23622d4.udd" 5843
"C:/Users/emanu/AppData/Local/UnrealEngine/Common/DerivedDataCache/Buckets/LegacyTEXTURE/6f/ce/302da1a0ce774449428669ad2a8831ff58d7.udd" 5844
"C:/Users/emanu/AppData/Local/UnrealEngine/Common/DerivedDataCache/Buckets/LegacyTEXTURE/17/20/f7e20e340993b3dc2c07fe9291930d318f4c.udd" 5845
"C:/Users/emanu/AppData/Local/UnrealEngine/Common/DerivedDataCache/Buckets/LegacyTEXTURE/6b/03/5f4f006e5c1846db4efbb71e45015122ef6a.udd" 5846
"C:/Users/emanu/AppData/Local/UnrealEngine/Common/DerivedDataCache/Buckets/LegacyTEXTURE/8a/2c/ea5d9fefbe8b0e52ff910bb1fa591d24eb7e.udd" 5847
"C:/Users/emanu/AppData/Local/UnrealEngine/Common/DerivedDataCache/Buckets/LegacyTEXTURE/bf/06/8efd18bcb53e22a4a9a876d72cbec1434127.udd" 5848
"C:/Users/emanu/AppData/Local/UnrealEngine/Common/DerivedDataCache/Buckets/LegacyTEXTURE/b4/00/11e92e49e5b463b8e033d6e051db96935a4e.udd" 5849
"C:/Users/emanu/AppData/Local/UnrealEngine/Common/DerivedDataCache/Buckets/LegacyTEXTURE/cb/a7/3d3f68a4d3b569914e88095b2a20d09bd713.udd" 5850
"C:/Users/emanu/AppData/Local/UnrealEngine/Common/DerivedDataCache/Buckets/LegacyTEXTURE/10/b8/1312fe17f6eabf6f07a7b41debbda4974b02.udd" 5851
"C:/Users/emanu/AppData/Local/UnrealEngine/Common/DerivedDataCache/Buckets/LegacyTEXTURE/ea/24/82f0c7e49b310a93287d1ad9047c1d2612f9.udd" 5852
"C:/Users/emanu/AppData/Local/UnrealEngine/Common/DerivedDataCache/Buckets/LegacyTEXTURE/d4/dc/ee1661da780cc39a0528cf7aca96e2aee327.udd" 5853
"C:/Users/emanu/AppData/Local/UnrealEngine/Common/DerivedDataCache/Buckets/LegacyTEXTURE/ee/84/665a5b3c77233893870af49a79c80e278727.udd" 5854
"C:/Users/emanu/AppData/Local/UnrealEngine/Common/DerivedDataCache/Buckets/LegacyTEXTURE/35/44/b49276c4dc71e6fb0473de227a96cd2254ba.udd" 5855
"C:/Users/emanu/AppData/Local/UnrealEngine/Common/DerivedDataCache/Buckets/LegacyTEXTURE/d5/b9/cdaf41f7a555ba834953d859d917b16f79b1.udd" 5856
"C:/Users/emanu/AppData/Local/UnrealEngine/Common/DerivedDataCache/Buckets/LegacyTEXTURE/be/44/6170c2c9c98db0d1543626d19d998baf0b36.udd" 5857
"C:/Users/emanu/AppData/Local/UnrealEngine/Common/DerivedDataCache/Buckets/LegacyTEXTURE/19/48/5d937a007f48378f5c90fe940f4072be01b9.udd" 5858
"C:/Users/emanu/AppData/Local/UnrealEngine/Common/DerivedDataCache/Buckets/LegacyTEXTURE/d1/a8/bf5ac736f03457cd114d7fafa52e8bdabf2c.udd" 5859
"C:/Users/emanu/AppData/Local/UnrealEngine/Common/DerivedDataCache/Buckets/LegacyTEXTURE/12/ae/855be386c2a382b8e0cf03b42de854095681.udd" 5860
"C:/Users/emanu/AppData/Local/UnrealEngine/Common/DerivedDataCache/Buckets/LegacyTEXTURE/50/a5/53419c22a9c1acd5256cb398b6b87f4945bc.udd" 5861
"C:/Users/emanu/AppData/Local/UnrealEngine/Common/DerivedDataCache/Buckets/LegacyTEXTURE/1b/ef/cc0e2dde354a4171422f3f249ac9670e326d.udd" 5862
"C:/Users/emanu/AppData/Local/UnrealEngine/Common/DerivedDataCache/Buckets/LegacyTEXTURE/5f/08/4b6e5a17a51119f255f2008da25c98152d5c.udd" 5863
"C:/Users/emanu/AppData/Local/UnrealEngine/Common/DerivedDataCache/Buckets/LegacyTEXTURE/ff/b9/4e4ad6167eb4d841fc02351a99b51bc257b5.udd" 5864
"C:/Users/emanu/AppData/Local/UnrealEngine/Common/DerivedDataCache/Buckets/LegacyTEXTURE/f9/d6/e8e952ad25bbb6ac3219e34ee90993c9ca3f.udd" 5865
"C:/Users/emanu/AppData/Local/UnrealEngine/Common/DerivedDataCache/Buckets/LegacyTEXTURE/2a/24/f10890303abbd6fd2d479379d034fb5cac66.udd" 5866
"C:/Users/emanu/AppData/Local/UnrealEngine/Common/DerivedDataCache/Buckets/LegacyTEXTURE/02/97/1377d7c8aa1ef22091cde9347fa166e21298.udd" 5867
"C:/Users/emanu/AppData/Local/UnrealEngine/Common/DerivedDataCache/Buckets/LegacyTEXTURE/fe/ca/22a913efb726b665d650840dce6659879e7c.udd" 5868
"C:/Users/emanu/AppData/Local/UnrealEngine/Common/DerivedDataCache/Buckets/LegacyTEXTURE/7f/e3/08bf1c32709d951161ac832589fcbf042b83.udd" 5869
"C:/Users/emanu/AppData/Local/UnrealEngine/Common/DerivedDataCache/Buckets/LegacyTEXTURE/b9/d9/1fe150a4e400143d06f343ee9089d17ea057.udd" 5870
"C:/Users/emanu/AppData/Local/UnrealEngine/Common/DerivedDataCache/Buckets/LegacyTEXTURE/56/26/a1306c3c7a12013e761d792c773a7b620ad8.udd" 5871
"C:/Users/emanu/AppData/Local/UnrealEngine/Common/DerivedDataCache/Buckets/LegacyTEXTURE/b6/ef/881390634202b941fef77722cebf105df955.udd" 5872
"C:/Users/emanu/AppData/Local/UnrealEngine/Common/DerivedDataCache/Buckets/LegacyTEXTURE/08/93/a079bab6368d3db870cb99d34dde2f09e5e9.udd" 5873
"C:/Users/emanu/AppData/Local/UnrealEngine/Common/DerivedDataCache/Buckets/LegacyTEXTURE/c8/f8/98d5bde6e419f3cf88c54ef03f91071d8077.udd" 5874
"C:/Users/emanu/AppData/Local/UnrealEngine/Common/DerivedDataCache/Buckets/LegacyTEXTURE/40/e3/be2fb001b1547721be29d347ec7c4545966a.udd" 5875
"C:/Users/emanu/AppData/Local/UnrealEngine/Common/DerivedDataCache/Buckets/LegacyTEXTURE/38/b1/c47f0b533896fd40b0d31a726dc73a1d0bf9.udd" 5876
"C:/Users/emanu/AppData/Local/UnrealEngine/Common/DerivedDataCache/Buckets/LegacyTEXTURE/1b/5b/f6494501b586f210bbded63865dade9f2fe3.udd" 5877
"C:/Users/emanu/AppData/Local/UnrealEngine/Common/DerivedDataCache/Buckets/LegacyTEXTURE/b7/df/6502cd33e52e6cd9e065caef74b393ee52e2.udd" 5878
"C:/Users/emanu/AppData/Local/UnrealEngine/Common/DerivedDataCache/Buckets/LegacyTEXTURE/4d/ce/684eea895425d004a7d9624abf512586f620.udd" 5879
"C:/Users/emanu/AppData/Local/UnrealEngine/Common/DerivedDataCache/Buckets/LegacyTEXTURE/7f/86/f2e237ecc764fa2dbae7b9f5d962cfbb95e7.udd" 5880
"C:/Users/emanu/AppData/Local/UnrealEngine/Common/DerivedDataCache/Buckets/LegacyTEXTURE/ef/47/93408302c899f118c9fdd0da398e5b99ea8f.udd" 5881
"C:/Users/emanu/AppData/Local/UnrealEngine/Common/DerivedDataCache/Buckets/LegacyTEXTURE/51/d8/50055bf46bd36997187c8d6dbd772b6f1685.udd" 5882
"C:/Users/emanu/AppData/Local/UnrealEngine/Common/DerivedDataCache/Buckets/LegacyTEXTURE/61/d8/17752248ea4318ba9445ab40c8a7d348e524.udd" 5883
"C:/Users/emanu/AppData/Local/UnrealEngine/Common/DerivedDataCache/Buckets/LegacyTEXTURE/59/c1/c4b1e58a391f8e55cfc1d43ee2f96738399c.udd" 5884
"C:/Users/emanu/AppData/Local/UnrealEngine/Common/DerivedDataCache/Buckets/LegacyTEXTURE/33/55/0602d37c815bbbd66987b32992d65b0b87b7.udd" 5885
"C:/Users/emanu/AppData/Local/UnrealEngine/Common/DerivedDataCache/Buckets/LegacyTEXTURE/23/25/233e9fd5544c967860240d0d9e60b9e006e6.udd" 5886
"C:/Users/emanu/AppData/Local/UnrealEngine/Common/DerivedDataCache/Buckets/LegacyTEXTURE/c2/4a/dd4cac47cde61770667360a6f29952931f7b.udd" 5887
"C:/Users/emanu/AppData/Local/UnrealEngine/Common/DerivedDataCache/Buckets/LegacyTEXTURE/0e/ee/cec00f068718453af7f1cb9a25e4fcda3158.udd" 5888
"C:/Users/emanu/AppData/Local/UnrealEngine/Common/DerivedDataCache/Buckets/LegacyTEXTURE/f8/20/2a64ba40ede04071a7c0dedfeb54545ff4d6.udd" 5889
"C:/Users/emanu/AppData/Local/UnrealEngine/Common/DerivedDataCache/Buckets/LegacyTEXTURE/11/13/7bc908624ea269cd782ad3f13b306e819b53.udd" 5890
"C:/Users/emanu/AppData/Local/UnrealEngine/Common/DerivedDataCache/Buckets/LegacyTEXTURE/23/39/f87bc32d53a698728fd66a27cf18c09a55df.udd" 5891
"C:/Users/emanu/AppData/Local/UnrealEngine/Common/DerivedDataCache/Buckets/LegacyTEXTURE/31/29/500a7e073e5ff584b25e5f06ba20682e8b8d.udd" 5892
"C:/Users/emanu/AppData/Local/UnrealEngine/Common/DerivedDataCache/Buckets/LegacyTEXTURE/50/49/d2531f1db9dc090650eb64143101ef2f35ef.udd" 5893
"C:/Users/emanu/AppData/Local/UnrealEngine/Common/DerivedDataCache/Buckets/LegacyTEXTURE/56/f4/50ebe0dce15c6830ae8a148de0f0bce4297a.udd" 5894
"C:/Users/emanu/AppData/Local/UnrealEngine/Common/DerivedDataCache/Buckets/LegacyTEXTURE/d4/fe/b3293b944de322e1a3929d0342b37642a952.udd" 5895
"C:/Users/emanu/AppData/Local/UnrealEngine/Common/DerivedDataCache/Buckets/LegacyTEXTURE/e4/00/06140b4fa4b010195d1ae05f5ffbe70570c8.udd" 5896
"C:/Users/emanu/AppData/Local/UnrealEngine/Common/DerivedDataCache/Buckets/LegacyTEXTURE/71/8e/7394bd4ca37e296f9013c4bef0bb4cd2b88c.udd" 5897
"C:/Users/emanu/AppData/Local/UnrealEngine/Common/DerivedDataCache/Buckets/LegacyTEXTURE/05/12/e12e35ac834daaa596858b63f920e42def8a.udd" 5898
"C:/Users/emanu/AppData/Local/UnrealEngine/Common/DerivedDataCache/Buckets/LegacyTEXTURE/6a/d1/195e0d657bb66be5781d2d4e372cd72624de.udd" 5899
"C:/Users/emanu/AppData/Local/UnrealEngine/Common/DerivedDataCache/Buckets/LegacyTEXTURE/8b/88/e6981f7b2033eeb0737759cd4b673553b341.udd" 5900
"C:/Users/emanu/AppData/Local/UnrealEngine/Common/DerivedDataCache/Buckets/LegacyTEXTURE/f2/b9/066e865b6f50ea2267add5ce0150d5236301.udd" 5901
"C:/Users/emanu/AppData/Local/UnrealEngine/Common/DerivedDataCache/Buckets/LegacyTEXTURE/5c/57/d771f0f0fcfcb4879521d7a406d61ee719d1.udd" 5902
"C:/Users/emanu/AppData/Local/UnrealEngine/Common/DerivedDataCache/Buckets/LegacyTEXTURE/bd/06/089dbacc7a6020c0c75dcbd0b445e922a81d.udd" 5903
"C:/Users/emanu/AppData/Local/UnrealEngine/Common/DerivedDataCache/Buckets/LegacyTEXTURE/0f/3d/72da9a0a2b0f719ccabec10d8f4909e7b97f.udd" 5904
"C:/Users/emanu/AppData/Local/UnrealEngine/Common/DerivedDataCache/Buckets/LegacyTEXTURE/f8/8d/2d46e7f18c8e7deb70dd2785795252fcae71.udd" 5905
"C:/Users/emanu/AppData/Local/UnrealEngine/Common/DerivedDataCache/Buckets/LegacyTEXTURE/1e/3b/bde057a757e9692a892b450596b4cf34a96e.udd" 5906
"C:/Users/emanu/AppData/Local/UnrealEngine/Common/DerivedDataCache/Buckets/LegacyTEXTURE/19/e3/c4243fa70ffb0fb6c9ef338b65d686de2efd.udd" 5907
"C:/Users/emanu/AppData/Local/UnrealEngine/Common/DerivedDataCache/Buckets/LegacyTEXTURE/77/35/a95702d7b72a73536f4d76afa15c015b3965.udd" 5908
"C:/Users/emanu/AppData/Local/UnrealEngine/Common/DerivedDataCache/Buckets/LegacyTEXTURE/c5/75/94dac608a2e6767fb2b7a8554710ef2294a0.udd" 5909
"C:/Users/emanu/AppData/Local/UnrealEngine/Common/DerivedDataCache/Buckets/LegacyTEXTURE/94/f8/ebad29a7b56654c11bcd9bed180da8f0ee2f.udd" 5910
"C:/Users/emanu/AppData/Local/UnrealEngine/Common/DerivedDataCache/Buckets/LegacyTEXTURE/6c/d9/2347d6e8df275a395fae5b5761a355952953.udd" 5911
"C:/Users/emanu/AppData/Local/UnrealEngine/Common/DerivedDataCache/Buckets/LegacyTEXTURE/91/13/557207add4718e42d7f30ad42d8d9b6f1dc4.udd" 5912
"C:/Users/emanu/AppData/Local/UnrealEngine/Common/DerivedDataCache/Buckets/LegacyTEXTURE/05/77/2fff858b82d7e314af51948f858c3e8f946e.udd" 5913
"C:/Users/emanu/AppData/Local/UnrealEngine/Common/DerivedDataCache/Buckets/LegacyTEXTURE/ee/79/765d8396d34da2ad112696b0202ed305e817.udd" 5914
"C:/Users/emanu/AppData/Local/UnrealEngine/Common/DerivedDataCache/Buckets/LegacyTEXTURE/5c/03/a07ec1d50467895670f67acac4b4264aa031.udd" 5915
"C:/Users/emanu/AppData/Local/UnrealEngine/Common/DerivedDataCache/Buckets/LegacyTEXTURE/f0/14/039c209aa0498793bf251391a9c8b3ad0b47.udd" 5916
"C:/Users/emanu/AppData/Local/UnrealEngine/Common/DerivedDataCache/Buckets/LegacyTEXTURE/ca/54/960b28bd6d689fa1384af6a50bffa349e80f.udd" 5917
"C:/Users/emanu/AppData/Local/UnrealEngine/Common/DerivedDataCache/Buckets/LegacyTEXTURE/c5/e0/11a4b2afb599f5cd4a955070315e6d14bf34.udd" 5918
"C:/Users/emanu/AppData/Local/UnrealEngine/Common/DerivedDataCache/Buckets/LegacyTEXTURE/93/c1/9130d8bda865c71393a249e9e37af240ce4b.udd" 5919
"C:/Users/emanu/AppData/Local/UnrealEngine/Common/DerivedDataCache/Buckets/LegacyTEXTURE/5a/7f/2a211d898f9f5d62a053e086724ae8404d64.udd" 5920
"C:/Users/emanu/AppData/Local/UnrealEngine/Common/DerivedDataCache/Buckets/LegacyTEXTURE/3e/5a/eb164c7f62e1225a4d18d9b1ce24488725f4.udd" 5921
"C:/Users/emanu/AppData/Local/UnrealEngine/Common/DerivedDataCache/Buckets/LegacyTEXTURE/c1/7f/bbfe86d4bb8f135825894d0de35429598992.udd" 5922
"C:/Users/emanu/AppData/Local/UnrealEngine/Common/DerivedDataCache/Buckets/LegacyTEXTURE/39/6c/2081b3bc9cc930173d073ba8a3da711d54b7.udd" 5923
"C:/Users/emanu/AppData/Local/UnrealEngine/Common/DerivedDataCache/Buckets/LegacyTEXTURE/0c/df/e82ff427c91e99936bce9da0f1b8f29f4bad.udd" 5924
"C:/Users/emanu/AppData/Local/UnrealEngine/Common/DerivedDataCache/Buckets/LegacyTEXTURE/27/8c/b862dfa063432069fa923c63229024382eb0.udd" 5925
"C:/Users/emanu/AppData/Local/UnrealEngine/Common/DerivedDataCache/Buckets/LegacyTEXTURE/78/a6/a7bbe145735247250f7a0244e9ef9e41733f.udd" 5926
"C:/Users/emanu/AppData/Local/UnrealEngine/Common/DerivedDataCache/Buckets/LegacyTEXTURE/12/c9/344bb987373b5f5b1ff6cf9d46ee448d990e.udd" 5927
"C:/Users/emanu/AppData/Local/UnrealEngine/Common/DerivedDataCache/Buckets/LegacyTEXTURE/5e/26/3cd3775839ddb970764cd56761bb7a463773.udd" 5928
"C:/Users/emanu/AppData/Local/UnrealEngine/Common/DerivedDataCache/Buckets/LegacyTEXTURE/ac/4f/e1aca38b9e5b3b7ccc68e1cf5b9843ec9038.udd" 5929
"C:/Users/emanu/AppData/Local/UnrealEngine/Common/DerivedDataCache/Buckets/LegacyTEXTURE/e3/1a/b3eb02ae6be7331a2263da3444580dc61b3c.udd" 5930
"C:/Users/emanu/AppData/Local/UnrealEngine/Common/DerivedDataCache/Buckets/LegacyTEXTURE/dc/9d/dff421ee6ae5acb436249be1510f99b70c5f.udd" 5931
"C:/Users/emanu/AppData/Local/UnrealEngine/Common/DerivedDataCache/Buckets/LegacyTEXTURE/8c/36/c89e81408467b7715e203381fc9269f3058c.udd" 5932
"C:/Users/emanu/AppData/Local/UnrealEngine/Common/DerivedDataCache/Buckets/LegacyTEXTURE/92/c3/f7fb58b53a6ac03b82bd46d512708629548b.udd" 5933
"C:/Users/emanu/AppData/Local/UnrealEngine/Common/DerivedDataCache/Buckets/LegacyTEXTURE/62/5f/704ea2bf26c472a23a57239e4f70893eb919.udd" 5934
"C:/Users/emanu/AppData/Local/UnrealEngine/Common/DerivedDataCache/Buckets/LegacyTEXTURE/1e/b5/659220f7b433a126bd647574fbe918a3b999.udd" 5935
"C:/Users/emanu/AppData/Local/UnrealEngine/Common/DerivedDataCache/Buckets/LegacyTEXTURE/23/80/43f4c32ef9942ec56432eb5a080d03106dc2.udd" 5936
"C:/Users/emanu/AppData/Local/UnrealEngine/Common/DerivedDataCache/Buckets/LegacyTEXTURE/b1/fd/b6f5d79dcd684bd5e1c5046bc413a44205f5.udd" 5937
"C:/Users/emanu/AppData/Local/UnrealEngine/Common/DerivedDataCache/Buckets/LegacyTEXTURE/11/49/741c124339b580efb3dc98e3a527203666cc.udd" 5938
"C:/Users/emanu/AppData/Local/UnrealEngine/Common/DerivedDataCache/Buckets/LegacyTEXTURE/6c/ed/efb213a4909d44c73f4a6f31fdf45dc34723.udd" 5939
"C:/Users/emanu/AppData/Local/UnrealEngine/Common/DerivedDataCache/Buckets/LegacyTEXTURE/34/df/94b9abd3bb837c64c88fd2eaba1c17a49589.udd" 5940
"C:/Users/emanu/AppData/Local/UnrealEngine/Common/DerivedDataCache/Buckets/LegacyTEXTURE/46/23/42841e5232193c3af22a0f3073b2367a9392.udd" 5941
"C:/Users/emanu/AppData/Local/UnrealEngine/Common/DerivedDataCache/Buckets/LegacyTEXTURE/e9/9b/c78d306e1495539d4d1e5c8a953421cebf1f.udd" 5942
"C:/Users/emanu/AppData/Local/UnrealEngine/Common/DerivedDataCache/Buckets/LegacyTEXTURE/43/9d/1f1b84854922135c63eeaf87d45435d75f5e.udd" 5943
"C:/Users/emanu/AppData/Local/UnrealEngine/Common/DerivedDataCache/Buckets/LegacyTEXTURE/8b/f3/fb483dfc38bc701e0b5299fba3e2e9df20e3.udd" 5944
"C:/Users/emanu/AppData/Local/UnrealEngine/Common/DerivedDataCache/Buckets/LegacyTEXTURE/80/90/767830def08cd57d2faa7815999a1fd60db6.udd" 5945
"C:/Users/emanu/AppData/Local/UnrealEngine/Common/DerivedDataCache/Buckets/LegacyTEXTURE/c0/f6/b66130ad1971544443711b59d1c996abdf8a.udd" 5946
"C:/Users/emanu/AppData/Local/UnrealEngine/Common/DerivedDataCache/Buckets/LegacyTEXTURE/d1/5d/5f011ab77319e67bc8565184b4e305bbe859.udd" 5947
"C:/Users/emanu/AppData/Local/UnrealEngine/Common/DerivedDataCache/Content/f1/22/54d2601f16008c1657fcd976846832525e90.udd" 5948
"C:/Users/emanu/AppData/Local/UnrealEngine/Common/DerivedDataCache/Buckets/LegacyTEXTURE/8a/88/304accf3b306f34d1d3951c9df969f63dc54.udd" 5949
"C:/Users/emanu/AppData/Local/UnrealEngine/Common/DerivedDataCache/Buckets/LegacyTEXTURE/b5/9f/aa8c18e36e281cbcfabef460118212f632d4.udd" 5950
"C:/Users/emanu/AppData/Local/UnrealEngine/Common/DerivedDataCache/Buckets/LegacyTEXTURE/68/02/eb7d33667f8cdbc326292ea7aac888364b9c.udd" 5951
"C:/Users/emanu/AppData/Local/UnrealEngine/Common/DerivedDataCache/Buckets/LegacyTEXTURE/98/54/fa90ab11ebed60e0c0509a1216911ca1b647.udd" 5952
"C:/Users/emanu/AppData/Local/UnrealEngine/Common/DerivedDataCache/Buckets/LegacyTEXTURE/8f/a5/9235f8684c51d6e49eac242f6a9508961009.udd" 5953
"C:/Users/emanu/AppData/Local/UnrealEngine/Common/DerivedDataCache/Buckets/LegacyTEXTURE/8e/fa/5e37c05cd95b98cedefca74c1f8542d9e1b2.udd" 5954
"C:/Users/emanu/AppData/Local/UnrealEngine/Common/DerivedDataCache/Buckets/LegacyTEXTURE/b1/68/c50cc4963fe54dae5623f7be9b871e85c175.udd" 5955
"C:/Users/emanu/AppData/Local/UnrealEngine/Common/DerivedDataCache/Buckets/LegacyTEXTURE/ab/ed/9846f46c150c7d75b8136eb4ebbc6bed784b.udd" 5956
"C:/Users/emanu/AppData/Local/UnrealEngine/Common/DerivedDataCache/Buckets/LegacyTEXTURE/26/35/6e427fd6b6229f60ad73980786142d34f2a1.udd" 5957
"C:/Users/emanu/AppData/Local/UnrealEngine/Common/DerivedDataCache/Buckets/LegacyTEXTURE/41/ec/fb52586a9941b956360014aaf27aac4f394e.udd" 5958
"C:/Users/emanu/AppData/Local/UnrealEngine/Common/DerivedDataCache/Buckets/LegacyTEXTURE/85/ae/c148a59a8c7b52a4b70c17326310371f7d05.udd" 5959
"C:/Users/emanu/AppData/Local/UnrealEngine/Common/DerivedDataCache/Buckets/LegacyTEXTURE/74/5c/c4a7176729cc07d22bc51e01d10bc3e6d26f.udd" 5960
"C:/Users/emanu/AppData/Local/UnrealEngine/Common/DerivedDataCache/Buckets/LegacyTEXTURE/1c/25/00694e9b87c72f42e1c8030e271454a9b845.udd" 5961
"C:/Users/emanu/AppData/Local/UnrealEngine/Common/DerivedDataCache/Buckets/LegacyTEXTURE/58/ee/8e5c458563c9f886ca4812a45fefc65e2646.udd" 5962
"C:/Users/emanu/AppData/Local/UnrealEngine/Common/DerivedDataCache/Buckets/LegacyTEXTURE/61/05/a1a7f2084f68342d18f122f21740c18c6d4f.udd" 5963
"C:/Users/emanu/AppData/Local/UnrealEngine/Common/DerivedDataCache/Buckets/LegacyTEXTURE/83/db/63598f5d8b135d1208f4b4a75bc7910d592a.udd" 5964
"C:/Users/emanu/AppData/Local/UnrealEngine/Common/DerivedDataCache/Buckets/LegacyTEXTURE/5a/f7/487948b1aa212842772947d43c462fcc27d9.udd" 5965
"C:/Users/emanu/AppData/Local/UnrealEngine/Common/DerivedDataCache/Buckets/LegacyTEXTURE/74/36/1a349bdca44657cc89261cb56dccbb593e88.udd" 5966
"C:/Users/emanu/AppData/Local/UnrealEngine/Common/DerivedDataCache/Buckets/LegacyTEXTURE/c8/2c/ceae39e5c634983afcbc01bc7511ee60362a.udd" 5967
"C:/Users/emanu/AppData/Local/UnrealEngine/Common/DerivedDataCache/Buckets/LegacyTEXTURE/8d/10/ef5f2033eea72a67aa0c5fa1a068a0fa1062.udd" 5968
"C:/Users/emanu/AppData/Local/UnrealEngine/Common/DerivedDataCache/Buckets/LegacyTEXTURE/3f/aa/e086abe60b10d5cea01cdfb27c719490c236.udd" 5969
"C:/Users/emanu/AppData/Local/UnrealEngine/Common/DerivedDataCache/Buckets/LegacyTEXTURE/3c/2b/b6c29ec2b7b2005123b54b4820dca809b45f.udd" 5970
"C:/Users/emanu/AppData/Local/UnrealEngine/Common/DerivedDataCache/Buckets/LegacyTEXTURE/9b/0b/8055c45e40416025324206915577515939ab.udd" 5971
"C:/Users/emanu/AppData/Local/UnrealEngine/Common/DerivedDataCache/Buckets/LegacyTEXTURE/77/55/e59cb42023a829466b25418986365f14b8fa.udd" 5972
"C:/Users/emanu/AppData/Local/UnrealEngine/Common/DerivedDataCache/Buckets/LegacyTEXTURE/29/fb/0206fea3c3edd527fd175efac532002bbce7.udd" 5973
"C:/Users/emanu/AppData/Local/UnrealEngine/Common/DerivedDataCache/Buckets/LegacyTEXTURE/f5/ef/db0a4f54577c2d79acdab9e0ec88c2a1899f.udd" 5974
"C:/Users/emanu/AppData/Local/UnrealEngine/Common/DerivedDataCache/Buckets/LegacyTEXTURE/a6/15/014c68439cd83f0195c11f70959e4c9cc8d8.udd" 5975
"C:/Users/emanu/AppData/Local/UnrealEngine/Common/DerivedDataCache/Buckets/LegacyTEXTURE/b4/ab/b682973a9dd8d447115158e2bc96ed71179d.udd" 5976
"C:/Users/emanu/AppData/Local/UnrealEngine/Common/DerivedDataCache/Buckets/LegacyTEXTURE/eb/70/e385176a1af539a307b28220ac679ce8b0f0.udd" 5977
"C:/Users/emanu/AppData/Local/UnrealEngine/Common/DerivedDataCache/Buckets/LegacyTEXTURE/ef/68/c2cb04bee35a69a76b117c0b2a11e4928e85.udd" 5978
"C:/Users/emanu/AppData/Local/UnrealEngine/Common/DerivedDataCache/Buckets/LegacyTEXTURE/4a/f5/3b5c0b8fd558904c94d906fe4066388c7c48.udd" 5979
"C:/Users/emanu/AppData/Local/UnrealEngine/Common/DerivedDataCache/Buckets/LegacyTEXTURE/91/78/ac7ec91c80e1a2ceec64a2662aef777d6f34.udd" 5980
"C:/Users/emanu/AppData/Local/UnrealEngine/Common/DerivedDataCache/Buckets/LegacyTEXTURE/f8/83/9ae2d4343aed7abdbfa8d9233d1d5e8e280c.udd" 5981
"C:/Users/emanu/AppData/Local/UnrealEngine/Common/DerivedDataCache/Buckets/LegacyTEXTURE/fd/e8/b12c5b7679928eac08ffabe03d0e2e8f5491.udd" 5982
"C:/Users/emanu/AppData/Local/UnrealEngine/Common/DerivedDataCache/Buckets/LegacyTEXTURE/9e/c6/16d25032f8a36c0f370fe36a2e526395bcb1.udd" 5983
"C:/Users/emanu/AppData/Local/UnrealEngine/Common/DerivedDataCache/Buckets/LegacyTEXTURE/f1/39/6a2d1b00277eab3fbf92335a0046edf463d8.udd" 5984
"C:/Users/emanu/AppData/Local/UnrealEngine/Common/DerivedDataCache/Buckets/LegacyTEXTURE/3a/df/d1034ad94f8b147348edeb3cc9c4a8d969d4.udd" 5985
"C:/Users/emanu/AppData/Local/UnrealEngine/Common/DerivedDataCache/Buckets/LegacyTEXTURE/ec/d6/ffb39c02eaf6617463fd601ed66cc0bf8c49.udd" 5986
"C:/Users/emanu/AppData/Local/UnrealEngine/Common/DerivedDataCache/Buckets/LegacyTEXTURE/f7/58/3f3066469755ead3a8d76e8c7e0b17cb01a6.udd" 5987
"C:/Users/emanu/AppData/Local/UnrealEngine/Common/DerivedDataCache/Buckets/LegacyTEXTURE/28/a7/00a5868061aa57c8556dc75e46f5a6ebb784.udd" 5988
"C:/Users/emanu/AppData/Local/UnrealEngine/Common/DerivedDataCache/Buckets/LegacyTEXTURE/e4/e6/e9db162b6bf6cd0c55c51940decae45e7c38.udd" 5989
"C:/Users/emanu/AppData/Local/UnrealEngine/Common/DerivedDataCache/Buckets/LegacyTEXTURE/2b/4c/65690b4676c1933ed1091135a897ebdb5a6f.udd" 5990
"C:/Users/emanu/AppData/Local/UnrealEngine/Common/DerivedDataCache/Buckets/LegacyTEXTURE/a9/ae/ed4796d7e2f6adc75c0fa88436c233f0c0d3.udd" 5991
"C:/Users/emanu/AppData/Local/UnrealEngine/Common/DerivedDataCache/Buckets/LegacyTEXTURE/b3/00/066c68cda2a2eb4fb0fd529df730ea4f46f0.udd" 5992
"C:/Users/emanu/AppData/Local/UnrealEngine/Common/DerivedDataCache/Buckets/LegacyTEXTURE/65/b3/d4c3ee52da78b940cd55cc08ece04300c073.udd" 5993
"C:/Users/emanu/AppData/Local/UnrealEngine/Common/DerivedDataCache/Buckets/LegacyTEXTURE/28/ac/8063a3e5a200d73950f168799b3f142d889c.udd" 5994
"C:/Users/emanu/AppData/Local/UnrealEngine/Common/DerivedDataCache/Buckets/LegacyTEXTURE/b2/24/c4d365a2f2e923bedb7890d836eb19986701.udd" 5995
"C:/Users/emanu/AppData/Local/UnrealEngine/Common/DerivedDataCache/Buckets/LegacyTEXTURE/44/9e/6083589f38505303ac02f6748d0102b4ef91.udd" 5996
"C:/Users/emanu/AppData/Local/UnrealEngine/Common/DerivedDataCache/Buckets/LegacyTEXTURE/8d/11/686f178c79867525f857dc65ac12cdd70a9b.udd" 5997
"C:/Users/emanu/AppData/Local/UnrealEngine/Common/DerivedDataCache/Buckets/LegacyTEXTURE/0e/2d/2204fcefbac1594a2bb7ab016044bd556b33.udd" 5998
"C:/Users/emanu/AppData/Local/UnrealEngine/Common/DerivedDataCache/Buckets/LegacyTEXTURE/73/0b/13adac473bdc190ec30cf7fe9f93e2e32b5f.udd" 5999
"C:/Users/emanu/AppData/Local/UnrealEngine/Common/DerivedDataCache/Buckets/LegacyTEXTURE/35/e5/28a59abaaa0acf95bcfeaafe943b1a956865.udd" 6000
"C:/Users/emanu/AppData/Local/UnrealEngine/Common/DerivedDataCache/Buckets/LegacyTEXTURE/ae/4c/bc83597419a51481c17afcc324052ce7f1f1.udd" 6001
"C:/Users/emanu/AppData/Local/UnrealEngine/Common/DerivedDataCache/Buckets/LegacyTEXTURE/7b/15/05cacb16d568fdcde21a0a754033cd9e5817.udd" 6002
"C:/Users/emanu/AppData/Local/UnrealEngine/Common/DerivedDataCache/Buckets/LegacyTEXTURE/6f/d4/3ccf33f045433f1c727eb4fac4a8c352d673.udd" 6003
"C:/Users/emanu/AppData/Local/UnrealEngine/Common/DerivedDataCache/Buckets/LegacyTEXTURE/b4/26/500c96bc2c1fe178075902e04c7fe69a8efc.udd" 6004
"C:/Users/emanu/AppData/Local/UnrealEngine/Common/DerivedDataCache/Buckets/LegacyTEXTURE/67/8b/925b17a932649f13294dd8039c81364fad9d.udd" 6005
"C:/Users/emanu/AppData/Local/UnrealEngine/Common/DerivedDataCache/Buckets/LegacyTEXTURE/2d/7f/3a9993710af8f8f3c95933851fc51c8124ca.udd" 6006
"C:/Users/emanu/AppData/Local/UnrealEngine/Common/DerivedDataCache/Buckets/LegacyTEXTURE/18/f4/08392d4d965cd4def7195e216b3142561094.udd" 6007
"C:/Users/emanu/AppData/Local/UnrealEngine/Common/DerivedDataCache/Buckets/LegacyTEXTURE/e3/e5/b780f1da68bd5cdb0583ea61ca2117bca51d.udd" 6008
"C:/Users/emanu/AppData/Local/UnrealEngine/Common/DerivedDataCache/Buckets/LegacyTEXTURE/8f/87/00c511c53cf1ff4134a5a20a1d1f54158143.udd" 6009
"C:/Users/emanu/AppData/Local/UnrealEngine/Common/DerivedDataCache/Buckets/LegacyTEXTURE/4c/f5/d2ffeb92a5caac2e302c217e34c0c79ed0f9.udd" 6010
"C:/Users/emanu/AppData/Local/UnrealEngine/Common/DerivedDataCache/Buckets/LegacyTEXTURE/d0/f5/7054a80e949772ebae0f5dc19cecb0a36388.udd" 6011
"C:/Users/emanu/AppData/Local/UnrealEngine/Common/DerivedDataCache/Buckets/LegacyTEXTURE/45/1a/c079ba4962aeba5a38171f458d65c9f7238d.udd" 6012
"C:/Users/emanu/AppData/Local/UnrealEngine/Common/DerivedDataCache/Buckets/LegacyTEXTURE/ca/f6/8e6286ee150b791efcb0fd04d75ef59d5f57.udd" 6013
"C:/Users/emanu/AppData/Local/UnrealEngine/Common/DerivedDataCache/Buckets/LegacyTEXTURE/cf/ab/9c7cc8c1748e811e0ec733cfa295b02d0f4e.udd" 6014
"C:/Users/emanu/AppData/Local/UnrealEngine/Common/DerivedDataCache/Buckets/LegacyTEXTURE/0c/f4/336d185c875d94bb3455d59dcbfe6312af41.udd" 6015
"C:/Users/emanu/AppData/Local/UnrealEngine/Common/DerivedDataCache/Buckets/LegacyTEXTURE/a9/c4/f6dcd655ed1537e0a3f2907320604a6e659c.udd" 6016
"C:/Users/emanu/AppData/Local/UnrealEngine/Common/DerivedDataCache/Buckets/LegacyTEXTURE/b2/e8/88e4276a01dce1bd532df5e9dbb70a05b7f6.udd" 6017
"C:/Users/emanu/AppData/Local/UnrealEngine/Common/DerivedDataCache/Buckets/LegacyTEXTURE/bf/a2/33ab9ccae10d90e36a467d2033198623933e.udd" 6018
"C:/Users/emanu/AppData/Local/UnrealEngine/Common/DerivedDataCache/Buckets/LegacyTEXTURE/d0/61/fe5a1de3b56a9ee24c8b9a97980840cfefb5.udd" 6019
"C:/Users/emanu/AppData/Local/UnrealEngine/Common/DerivedDataCache/Buckets/LegacyTEXTURE/ff/53/9854d53b66fbe9cb83bf2c287eafd45ebfc8.udd" 6020
"C:/Users/emanu/AppData/Local/UnrealEngine/Common/DerivedDataCache/Buckets/LegacyTEXTURE/55/75/00f85d4cf7149e7a90f12692127b9d9df306.udd" 6021
"C:/Users/emanu/AppData/Local/UnrealEngine/Common/DerivedDataCache/Buckets/LegacyTEXTURE/2f/eb/3f5dabd64f363046ab17d1f37f127147eada.udd" 6022
"C:/Users/emanu/AppData/Local/UnrealEngine/Common/DerivedDataCache/Buckets/LegacyTEXTURE/26/d7/30e125684fdad0ee2b6b6b2093b0deb9a9c4.udd" 6023
"C:/Users/emanu/AppData/Local/UnrealEngine/Common/DerivedDataCache/Buckets/LegacyTEXTURE/a6/dc/3bc0a6b0f9c2524e10abcfbbeffad0c60021.udd" 6024
"C:/Users/emanu/AppData/Local/UnrealEngine/Common/DerivedDataCache/Buckets/LegacyTEXTURE/d9/95/c49408521d71bf81e1e7498dbccf62434139.udd" 6025
"C:/Users/emanu/AppData/Local/UnrealEngine/Common/DerivedDataCache/Buckets/LegacyTEXTURE/7f/64/b3168785d4a2331bad45230deab106b85eb5.udd" 6026
"C:/Users/emanu/AppData/Local/UnrealEngine/Common/DerivedDataCache/Buckets/LegacyTEXTURE/38/3e/0e57fbf2aa7a5ebded534efbc57370b3b76b.udd" 6027
"C:/Users/emanu/AppData/Local/UnrealEngine/Common/DerivedDataCache/Buckets/LegacyTEXTURE/46/2d/3cf8fc71c03a364d1a6e63feaf35a0acbbd9.udd" 6028
"C:/Users/emanu/AppData/Local/UnrealEngine/Common/DerivedDataCache/Buckets/LegacyTEXTURE/58/37/787f7309c1ef75e1c9d919184b1724c2345d.udd" 6029
"C:/Users/emanu/AppData/Local/UnrealEngine/Common/DerivedDataCache/Buckets/LegacyTEXTURE/b4/fd/71243600d755884b25486172f4cad48bc263.udd" 6030
"C:/Users/emanu/AppData/Local/UnrealEngine/Common/DerivedDataCache/Buckets/LegacyTEXTURE/3a/9d/9e28b692d229a4f314c64ae937621644e01f.udd" 6031
"C:/Users/emanu/AppData/Local/UnrealEngine/Common/DerivedDataCache/Buckets/LegacyTEXTURE/11/ea/bab68c641f6fe8c3ffc82d8ada0622888e96.udd" 6032
"C:/Users/emanu/AppData/Local/UnrealEngine/Common/DerivedDataCache/Buckets/LegacyTEXTURE/a7/e8/87a858b21e80b1b6c2efc7ef9b4c8872f316.udd" 6033
"C:/Users/emanu/AppData/Local/UnrealEngine/Common/DerivedDataCache/Buckets/LegacyTEXTURE/bd/fe/567100b33d1d80421cfc18a2fa8a8f838437.udd" 6034
"C:/Users/emanu/AppData/Local/UnrealEngine/Common/DerivedDataCache/Buckets/LegacyTEXTURE/d8/5c/edc39ec98e2a7929feaac855efa78b879f8c.udd" 6035
"C:/Users/emanu/AppData/Local/UnrealEngine/Common/DerivedDataCache/Buckets/LegacyTEXTURE/2c/65/f9e179acccbe0b1d7cee6a79975c85d281a7.udd" 6036
"C:/Users/emanu/AppData/Local/UnrealEngine/Common/DerivedDataCache/Buckets/LegacyTEXTURE/31/5c/c64de0cb607422e07ad4ed5db9106299585f.udd" 6037
"C:/Users/emanu/AppData/Local/UnrealEngine/Common/DerivedDataCache/Buckets/LegacyTEXTURE/5f/fe/932d7b48c29a56521382ab73f403f995b590.udd" 6038
"C:/Users/emanu/AppData/Local/UnrealEngine/Common/DerivedDataCache/Buckets/LegacyTEXTURE/65/75/c37e7fd2f834debfce4f55f81510148bcc44.udd" 6039
"C:/Users/emanu/AppData/Local/UnrealEngine/Common/DerivedDataCache/Buckets/LegacyTEXTURE/5a/c0/be1e991dbf27cb4bcdd35e07a6d7288e71c6.udd" 6040
"C:/Users/emanu/AppData/Local/UnrealEngine/Common/DerivedDataCache/Buckets/LegacyTEXTURE/ee/5b/55f18d8093bd62d1ce8c10a10f32e9572395.udd" 6041
"C:/Users/emanu/AppData/Local/UnrealEngine/Common/DerivedDataCache/Buckets/LegacyTEXTURE/fa/15/be0fda083cb37fbd5671a00cefd7b491644a.udd" 6042
"C:/Users/emanu/AppData/Local/UnrealEngine/Common/DerivedDataCache/Buckets/LegacyTEXTURE/4d/f1/e740057837ebf32b8674fa65d5aafde2ad4e.udd" 6043
"C:/Users/emanu/AppData/Local/UnrealEngine/Common/DerivedDataCache/Buckets/LegacyTEXTURE/91/29/64cd75b540e8fd5db533b3acee1fcb29ff70.udd" 6044
"C:/Users/emanu/AppData/Local/UnrealEngine/Common/DerivedDataCache/Buckets/LegacyTEXTURE/1d/2b/60979e6bcfaa26a1def2cc920f448baf3944.udd" 6045
"C:/Users/emanu/AppData/Local/UnrealEngine/Common/DerivedDataCache/Buckets/LegacyTEXTURE/30/66/ae96c8b9c4fa036f37753c4f4f704f092c0f.udd" 6046
"C:/Users/emanu/AppData/Local/UnrealEngine/Common/DerivedDataCache/Buckets/LegacyTEXTURE/d2/42/46ce8a87d20f7210a0b8a9c90981398dcd6f.udd" 6047
"C:/Users/emanu/AppData/Local/UnrealEngine/Common/DerivedDataCache/Buckets/LegacyTEXTURE/f8/99/de1cf5f17c5df66f2c147f8903c4289950d2.udd" 6048
"C:/Users/emanu/AppData/Local/UnrealEngine/Common/DerivedDataCache/Buckets/LegacyTEXTURE/59/b6/2b676caab6ab3174b4262882e36cf991af13.udd" 6049
"C:/Users/emanu/AppData/Local/UnrealEngine/Common/DerivedDataCache/Buckets/LegacyTEXTURE/b6/05/7ccb71bb75373245af03f8f1b505c40d4bae.udd" 6050
"C:/Users/emanu/AppData/Local/UnrealEngine/Common/DerivedDataCache/Buckets/LegacyTEXTURE/98/7d/61a53b91aed5060493f5d73a89ccb7686ade.udd" 6051
"C:/Users/emanu/AppData/Local/UnrealEngine/Common/DerivedDataCache/Buckets/LegacyTEXTURE/57/c1/4754f262ee08e4e5e2b0fc6062fdc822cb2a.udd" 6052
"C:/Users/emanu/AppData/Local/UnrealEngine/Common/DerivedDataCache/Buckets/LegacyTEXTURE/cf/6c/9a5b67eeb2c4d2e4e76c1f50a1af96fa6d6b.udd" 6053
"C:/Users/emanu/AppData/Local/UnrealEngine/Common/DerivedDataCache/Buckets/LegacyTEXTURE/fd/06/40325721a4574607ae653e7903cadad54e4a.udd" 6054
"C:/Users/emanu/AppData/Local/UnrealEngine/Common/DerivedDataCache/Buckets/LegacyTEXTURE/15/9f/46b3593ace8b4cc06926c7d43adc938947d0.udd" 6055
"C:/Users/emanu/AppData/Local/UnrealEngine/Common/DerivedDataCache/Buckets/LegacyTEXTURE/cc/6c/ba594dba1fb7aa1e7c16a1b6141b7db64306.udd" 6056
"C:/Users/emanu/AppData/Local/UnrealEngine/Common/DerivedDataCache/Buckets/LegacyTEXTURE/8b/d3/d536c2bc2c1c9b27b25d3d72c9c2bbd6d261.udd" 6057
"C:/Users/emanu/AppData/Local/UnrealEngine/Common/DerivedDataCache/Buckets/LegacyTEXTURE/e1/d8/c078a38a03ff6b9f53123f4b85ba6e169f07.udd" 6058
"C:/Users/emanu/AppData/Local/UnrealEngine/Common/DerivedDataCache/Buckets/LegacyTEXTURE/58/97/8c492d61e6d1c9fce0996cf7fb7729cce596.udd" 6059
"C:/Users/emanu/AppData/Local/UnrealEngine/Common/DerivedDataCache/Buckets/LegacyTEXTURE/b4/36/97f06a795352943c0f1246e8d0e249fa5188.udd" 6060
"C:/Users/emanu/AppData/Local/UnrealEngine/Common/DerivedDataCache/Buckets/LegacyTEXTURE/8f/ae/51797d2e7aec6265ac47c662ec75864e1e37.udd" 6061
"C:/Users/emanu/AppData/Local/UnrealEngine/Common/DerivedDataCache/Buckets/LegacyTEXTURE/7a/f1/6914ec4e778f01d0a8c202e6012ddbcb2bde.udd" 6062
"C:/Users/emanu/AppData/Local/UnrealEngine/Common/DerivedDataCache/Buckets/LegacyTEXTURE/01/63/330e45c5ca3c90adf5e4ea37fbfe65c3327f.udd" 6063
"C:/Users/emanu/AppData/Local/UnrealEngine/Common/DerivedDataCache/Buckets/LegacyTEXTURE/51/ab/2d237e9426882e809b5a4a6e572b3c9be89e.udd" 6064
"C:/Users/emanu/AppData/Local/UnrealEngine/Common/DerivedDataCache/Buckets/LegacyTEXTURE/ad/c6/b290c22caddf119fc3d2893846c50af64886.udd" 6065
"C:/Users/emanu/AppData/Local/UnrealEngine/Common/DerivedDataCache/Buckets/LegacyTEXTURE/2e/93/43562f1ee94fd9167fbfdd8ed7526c50329f.udd" 6066
"C:/Users/emanu/AppData/Local/UnrealEngine/Common/DerivedDataCache/Buckets/LegacyTEXTURE/61/c9/8ada61de27a736ebbc90083c1802ca2d8609.udd" 6067
"C:/Users/emanu/AppData/Local/UnrealEngine/Common/DerivedDataCache/Buckets/LegacyTEXTURE/a6/40/d45ce0ff4dda5e06adfdefe1109e8a369334.udd" 6068
"C:/Users/emanu/AppData/Local/UnrealEngine/Common/DerivedDataCache/Buckets/LegacyTEXTURE/63/8e/0a673dd6d7a4a1995a887531e53070c3abf9.udd" 6069
"C:/Users/emanu/AppData/Local/UnrealEngine/Common/DerivedDataCache/Buckets/LegacyTEXTURE/f2/bf/ed9f4270a61e79fee8ffe7ae64ebf10015bc.udd" 6070
"C:/Users/emanu/AppData/Local/UnrealEngine/Common/DerivedDataCache/Buckets/LegacyTEXTURE/00/7a/7cf778311a91a732cd8bb0ace47d2cb7e1e6.udd" 6071
"C:/Users/emanu/AppData/Local/UnrealEngine/Common/DerivedDataCache/Buckets/LegacyTEXTURE/89/0c/842f38d07a8f79a3ca05f353eeab98f944d0.udd" 6072
"C:/Users/emanu/AppData/Local/UnrealEngine/Common/DerivedDataCache/Buckets/LegacyTEXTURE/a9/44/6f7eaf04f49aa5bfe61d6554eeabed94bbdf.udd" 6073
"C:/Users/emanu/AppData/Local/UnrealEngine/Common/DerivedDataCache/Buckets/LegacyTEXTURE/63/c6/94a2bf7d362eb768787c9df3e07f7e818e94.udd" 6074
"C:/Users/emanu/AppData/Local/UnrealEngine/Common/DerivedDataCache/Buckets/LegacyTEXTURE/13/40/966c1452ebbeeffe8ab39e161084b4a5eb6a.udd" 6075
"C:/Users/emanu/AppData/Local/UnrealEngine/Common/DerivedDataCache/Buckets/LegacyTEXTURE/b1/49/098a62d3d66d79744358f0e13500f5171d06.udd" 6076
"C:/Users/emanu/AppData/Local/UnrealEngine/Common/DerivedDataCache/Buckets/LegacyTEXTURE/2e/65/c0a78686e5acf61d49c0ed120626eeabe6f9.udd" 6077
"C:/Users/emanu/AppData/Local/UnrealEngine/Common/DerivedDataCache/Buckets/LegacyTEXTURE/b9/4e/94dfe7dc7724099399e3295851ecd48ae49b.udd" 6078
"C:/Users/emanu/AppData/Local/UnrealEngine/Common/DerivedDataCache/Buckets/LegacyTEXTURE/8c/96/c2b826002cee453308fed9d26ed9ad3df09a.udd" 6079
"C:/Users/emanu/AppData/Local/UnrealEngine/Common/DerivedDataCache/Buckets/LegacyTEXTURE/f1/7c/ecad95f4e62b0126ae68b6aab36191089084.udd" 6080
"C:/Users/emanu/AppData/Local/UnrealEngine/Common/DerivedDataCache/Buckets/LegacyTEXTURE/82/29/87984d4d299ebbfbf3f1bf05b3fab6e7ef82.udd" 6081
"C:/Users/emanu/AppData/Local/UnrealEngine/Common/DerivedDataCache/Buckets/LegacyTEXTURE/a2/73/ec8a54a3777d9ca316205c4ae7b7bbdaf2ce.udd" 6082
"C:/Users/emanu/AppData/Local/UnrealEngine/Common/DerivedDataCache/Buckets/LegacyTEXTURE/f2/b6/148f3b76522cbd55140a00f391833b748023.udd" 6083
"C:/Users/emanu/AppData/Local/UnrealEngine/Common/DerivedDataCache/Buckets/LegacyTEXTURE/77/c4/783b38e409b0be173f632b3e5296c84b4e8c.udd" 6084
"C:/Users/emanu/AppData/Local/UnrealEngine/Common/DerivedDataCache/Buckets/LegacyTEXTURE/3d/e0/751b8e87ff98cb2f28474c772a31dfa8d7ae.udd" 6085
"C:/Users/emanu/AppData/Local/UnrealEngine/Common/DerivedDataCache/Buckets/LegacyTEXTURE/64/b2/f6feeb4be43506254a56ddeeb0e5cafdf1e8.udd" 6086
"C:/Users/emanu/AppData/Local/UnrealEngine/Common/DerivedDataCache/Buckets/LegacyTEXTURE/e7/22/cbce887759bf8b4bcd39fef2ad0d51f3d801.udd" 6087
"C:/Users/emanu/AppData/Local/UnrealEngine/Common/DerivedDataCache/Buckets/LegacyTEXTURE/92/e3/8d62459ef0948ec586c02e7c5ebf3c7c1b6c.udd" 6088
"C:/Users/emanu/AppData/Local/UnrealEngine/Common/DerivedDataCache/Buckets/LegacyTEXTURE/64/e3/465404bdd5e47e220c2376534ef75923d6a5.udd" 6089
"C:/Users/emanu/AppData/Local/UnrealEngine/Common/DerivedDataCache/Buckets/LegacyTEXTURE/f3/f7/3866e310d847c28d4443f7fc7a334f655eca.udd" 6090
"C:/Users/emanu/AppData/Local/UnrealEngine/Common/DerivedDataCache/Buckets/LegacyTEXTURE/1f/bd/4338d315dc88cc6375379eca077e2b4123da.udd" 6091
"C:/Users/emanu/AppData/Local/UnrealEngine/Common/DerivedDataCache/Buckets/LegacyTEXTURE/a5/f6/506be69b10895503f872afb4bb3bef730011.udd" 6092
"C:/Users/emanu/AppData/Local/UnrealEngine/Common/DerivedDataCache/Buckets/LegacyTEXTURE/e5/e2/e961615ea7ccecaccb7eb653e4caa5ec578c.udd" 6093
"C:/Users/emanu/AppData/Local/UnrealEngine/Common/DerivedDataCache/Buckets/LegacyTEXTURE/88/d0/9bdfdc7b72bb24f61ceff955d4c5c0370343.udd" 6094
"C:/Users/emanu/AppData/Local/UnrealEngine/Common/DerivedDataCache/Buckets/LegacyTEXTURE/22/1d/dcc1aef6d00978bff8a93d4030c8023a3068.udd" 6095
"C:/Users/emanu/AppData/Local/UnrealEngine/Common/DerivedDataCache/Buckets/LegacyTEXTURE/91/fa/d02aa3be0e823de1a878589d560ffa3ab1ac.udd" 6096
"C:/Users/emanu/AppData/Local/UnrealEngine/Common/DerivedDataCache/Buckets/LegacyTEXTURE/a9/0c/ea89b644b94fb2249243516b0653a666ec12.udd" 6097
"C:/Users/emanu/AppData/Local/UnrealEngine/Common/DerivedDataCache/Buckets/LegacyTEXTURE/8e/90/6d5a47ab69724b910fa17cff6c232bcc2a97.udd" 6098
"C:/Users/emanu/AppData/Local/UnrealEngine/Common/DerivedDataCache/Buckets/LegacyTEXTURE/e5/c5/f1f58029391ef939b22a4386a10b3f55e2aa.udd" 6099
"C:/Users/emanu/AppData/Local/UnrealEngine/Common/DerivedDataCache/Buckets/LegacyTEXTURE/21/9e/38dfde782e8661034c75e0f96ea488399a02.udd" 6100
"C:/Users/emanu/AppData/Local/UnrealEngine/Common/DerivedDataCache/Buckets/LegacyTEXTURE/8a/20/b7abf5963c97374bfd15b782ae873052c1a8.udd" 6101
"C:/Users/emanu/AppData/Local/UnrealEngine/Common/DerivedDataCache/Buckets/LegacyTEXTURE/78/0f/aab51ea0e8f4c1942535be6d4620a8c80b2a.udd" 6102
"C:/Users/emanu/AppData/Local/UnrealEngine/Common/DerivedDataCache/Buckets/LegacyTEXTURE/93/2c/dac73787eae23bf72662a50dff401b1cf156.udd" 6103
"C:/Users/emanu/AppData/Local/UnrealEngine/Common/DerivedDataCache/Buckets/LegacyTEXTURE/78/be/57fc4313cebbe859cedd979fe3f43d03f7f0.udd" 6104
"C:/Users/emanu/AppData/Local/UnrealEngine/Common/DerivedDataCache/Buckets/LegacyTEXTURE/6a/78/036e773fd734d0afafc4fcdd867165ce0ac2.udd" 6105
"C:/Users/emanu/AppData/Local/UnrealEngine/Common/DerivedDataCache/Buckets/LegacyTEXTURE/e9/91/5feeff0282dbfb327868685bcfcae9630236.udd" 6106
"C:/Users/emanu/AppData/Local/UnrealEngine/Common/DerivedDataCache/Buckets/LegacyTEXTURE/73/e7/8eb36c19552fac5d19e4c08d62f3b3f99075.udd" 6107
"C:/Users/emanu/AppData/Local/UnrealEngine/Common/DerivedDataCache/Buckets/LegacyTEXTURE/6e/cd/3f19a6e6c92c0919dc78b1909d7e5d1ab4bb.udd" 6108
"C:/Users/emanu/AppData/Local/UnrealEngine/Common/DerivedDataCache/Content/d0/ef/7279d2f6b1f48163a44a2ac8342457a56c4d.udd" 6109
"C:/Users/emanu/AppData/Local/UnrealEngine/Common/DerivedDataCache/Buckets/LegacyTEXTURE/2b/63/5b0326c0edb6ec86ae9ec48e5b980cb9f719.udd" 6110
"C:/Users/emanu/AppData/Local/UnrealEngine/Common/DerivedDataCache/Buckets/LegacyTEXTURE/01/b8/40da5e2cc8506ca766eea5bcde6bd9184ea9.udd" 6111
"C:/Users/emanu/AppData/Local/UnrealEngine/Common/DerivedDataCache/Buckets/LegacyTEXTURE/b6/a8/30d65b9ebf5187c91f6fd00f52c2df27154f.udd" 6112
"C:/Users/emanu/AppData/Local/UnrealEngine/Common/DerivedDataCache/Buckets/LegacyTEXTURE/b0/af/330117a665e8fe3576c5df2b03e75cc8f72c.udd" 6113
"C:/Users/emanu/AppData/Local/UnrealEngine/Common/DerivedDataCache/Buckets/LegacyTEXTURE/91/4c/e38c5cbea60654b19fd95b44b393e49c54fe.udd" 6114
"C:/Users/emanu/AppData/Local/UnrealEngine/Common/DerivedDataCache/Buckets/LegacyTEXTURE/42/1f/c7c468bf73159c2eb4cac1fb35546ce9c4a3.udd" 6115
"C:/Users/emanu/AppData/Local/UnrealEngine/Common/DerivedDataCache/Buckets/LegacyTEXTURE/62/84/31e3e3cdfc4b7629ade87c77cf810d2e5dee.udd" 6116
"C:/Users/emanu/AppData/Local/UnrealEngine/Common/DerivedDataCache/Buckets/LegacyTEXTURE/c2/32/0eb483d0d35eb84ca01e218f716111bce00d.udd" 6117
"C:/Users/emanu/AppData/Local/UnrealEngine/Common/DerivedDataCache/Buckets/LegacyTEXTURE/75/af/27fa92afb5a79b46f2cc205115f5d2c85ac7.udd" 6118
"C:/Users/emanu/AppData/Local/UnrealEngine/Common/DerivedDataCache/Buckets/LegacyTEXTURE/51/fc/e62f7d5bb51d405ccfd23a4cefc35dbd9fec.udd" 6119
"C:/Users/emanu/AppData/Local/UnrealEngine/Common/DerivedDataCache/Buckets/LegacyTEXTURE/29/20/18c34025fddc93f25b60fc98122eef154f94.udd" 6120
"C:/Users/emanu/AppData/Local/UnrealEngine/Common/DerivedDataCache/Buckets/LegacyTEXTURE/0d/ef/2f3ad44b65711bb03b553acc7b02a52fe2fc.udd" 6121
"C:/Users/emanu/AppData/Local/UnrealEngine/Common/DerivedDataCache/Buckets/LegacyTEXTURE/42/59/15aac1360b02a540658ea1aeeaae4a870a0c.udd" 6122
"C:/Users/emanu/AppData/Local/UnrealEngine/Common/DerivedDataCache/Buckets/LegacyTEXTURE/4d/cd/c750c97ae1ddecadfacb195563d083aaadb4.udd" 6123
"C:/Users/emanu/AppData/Local/UnrealEngine/Common/DerivedDataCache/Buckets/LegacyTEXTURE/fb/18/f09b0258bc53db43f2a47189b2b028b9bdb9.udd" 6124
"C:/Users/emanu/AppData/Local/UnrealEngine/Common/DerivedDataCache/Buckets/LegacyTEXTURE/b9/4e/48145d25e94cef55e4974fec1b5a8f3c5b0d.udd" 6125
"C:/Users/emanu/AppData/Local/UnrealEngine/Common/DerivedDataCache/Buckets/LegacyTEXTURE/1c/12/4135be8978d1e98e63354a8ef59351b33e3a.udd" 6126
"C:/Users/emanu/AppData/Local/UnrealEngine/Common/DerivedDataCache/Buckets/LegacyTEXTURE/44/2f/2d66044256011e4bfe8c2e4fa39c5c243949.udd" 6127
"C:/Users/emanu/AppData/Local/UnrealEngine/Common/DerivedDataCache/Buckets/LegacyTEXTURE/34/83/1f69ec0f8605596d738a05bc5e0830eb183c.udd" 6128
"C:/Users/emanu/AppData/Local/UnrealEngine/Common/DerivedDataCache/Buckets/LegacyTEXTURE/05/df/a24893b187dedbb5f96a9ee27acb0fa86cc9.udd" 6129
"C:/Users/emanu/AppData/Local/UnrealEngine/Common/DerivedDataCache/Buckets/LegacyTEXTURE/9e/85/d6e9e4963554672ab22161c927d4b959bd7f.udd" 6130
"C:/Users/emanu/AppData/Local/UnrealEngine/Common/DerivedDataCache/Buckets/LegacyTEXTURE/93/b9/a4cbf0dd4b9ebecfe5420398fe600b05a61b.udd" 6131
"C:/Users/emanu/AppData/Local/UnrealEngine/Common/DerivedDataCache/Buckets/LegacyTEXTURE/c1/f2/ba8ae4e6d01e8a8406d9a79950f6e1da53ba.udd" 6132
"C:/Users/emanu/AppData/Local/UnrealEngine/Common/DerivedDataCache/Buckets/LegacyTEXTURE/76/82/9e0c3c2effec7b3ac51a3ee5bb84d1e944e8.udd" 6133
"C:/Users/emanu/AppData/Local/UnrealEngine/Common/DerivedDataCache/Buckets/LegacyTEXTURE/3e/7d/38772241e27e7dfdbaf0042431180ade54b7.udd" 6134
"C:/Users/emanu/AppData/Local/UnrealEngine/Common/DerivedDataCache/Buckets/LegacyTEXTURE/ee/be/753c584833eccd4fb28657b2315ec7c054c3.udd" 6135
"C:/Users/emanu/AppData/Local/UnrealEngine/Common/DerivedDataCache/Buckets/LegacyTEXTURE/cb/cd/168df39a9af4cb4a295e47d29fa96864ab2c.udd" 6136
"C:/Users/emanu/AppData/Local/UnrealEngine/Common/DerivedDataCache/Buckets/LegacyTEXTURE/a8/f3/9ff44e77591da8da43fd4f6c921c99af1d43.udd" 6137
"C:/Users/emanu/AppData/Local/UnrealEngine/Common/DerivedDataCache/Buckets/LegacyTEXTURE/76/0e/9263a82f64ebf690c93c99ee3ff157c1fa0f.udd" 6138
"C:/Users/emanu/AppData/Local/UnrealEngine/Common/DerivedDataCache/Buckets/LegacyTEXTURE/54/e0/3198b6d049ee77fd7ae4354e2396dda262cf.udd" 6139
"C:/Users/emanu/AppData/Local/UnrealEngine/Common/DerivedDataCache/Buckets/LegacyTEXTURE/39/95/304bf122fcdd020d5623323862df0797e355.udd" 6140
"C:/Users/emanu/AppData/Local/UnrealEngine/Common/DerivedDataCache/Buckets/LegacyTEXTURE/f7/32/0574627c3ff93795fbfe46722f69d0ce06ff.udd" 6141
"C:/Users/emanu/AppData/Local/UnrealEngine/Common/DerivedDataCache/Buckets/LegacyTEXTURE/5b/4a/31e2cf95d2e25e83e8e832ccefaec46b9277.udd" 6142
"C:/Users/emanu/AppData/Local/UnrealEngine/Common/DerivedDataCache/Buckets/LegacyTEXTURE/c1/04/395cb98c16dc23c26bdbc010c1f678f505b1.udd" 6143
"C:/Users/emanu/AppData/Local/UnrealEngine/Common/DerivedDataCache/Buckets/LegacyTEXTURE/b2/da/15d0fbbe1d9bd5c28179c3d74e5ad74854ce.udd" 6144
"C:/Users/emanu/AppData/Local/UnrealEngine/Common/DerivedDataCache/Buckets/LegacyTEXTURE/5b/7e/dd3ac1a5769a3aaefa2b41382bb51f2204f0.udd" 6145
"C:/Users/emanu/AppData/Local/UnrealEngine/Common/DerivedDataCache/Buckets/LegacyTEXTURE/65/1f/3d1af73b8b161335caa5c82f3b82d9db2135.udd" 6146
"C:/Users/emanu/AppData/Local/UnrealEngine/Common/DerivedDataCache/Buckets/LegacyTEXTURE/1e/c8/451a5232ae52f6ea1bff4063838c1e2d7117.udd" 6147
"C:/Users/emanu/AppData/Local/UnrealEngine/Common/DerivedDataCache/Buckets/LegacyTEXTURE/50/4d/7139a4d808fed38bf6f8ce5bf0549ea7e0c7.udd" 6148
"C:/Users/emanu/AppData/Local/UnrealEngine/Common/DerivedDataCache/Buckets/LegacyTEXTURE/3c/0b/858c3395c664a5afe86b03fa79b18961116b.udd" 6149
"C:/Users/emanu/AppData/Local/UnrealEngine/Common/DerivedDataCache/Buckets/LegacyTEXTURE/d5/ae/eca7b669722d167faacd70414e866ffaba71.udd" 6150
"C:/Users/emanu/AppData/Local/UnrealEngine/Common/DerivedDataCache/Buckets/LegacyTEXTURE/f3/c9/897b036cf3ae6d007ed5c4207d1c47f7a721.udd" 6151
"C:/Users/emanu/AppData/Local/UnrealEngine/Common/DerivedDataCache/Buckets/LegacyTEXTURE/a3/93/41f51807358268fe913f65e09be1fa7206a8.udd" 6152
"C:/Users/emanu/AppData/Local/UnrealEngine/Common/DerivedDataCache/Buckets/LegacyTEXTURE/e7/39/228c7803f8f1b3f104d5a363b9fd075df072.udd" 6153
"C:/Users/emanu/AppData/Local/UnrealEngine/Common/DerivedDataCache/Buckets/LegacyTEXTURE/03/3e/fedb931e886d9f634d95478744f17c46e76b.udd" 6154
"C:/Users/emanu/AppData/Local/UnrealEngine/Common/DerivedDataCache/Buckets/LegacyTEXTURE/83/55/966746ed9e6b3620c73abc2287cfd01ec388.udd" 6155
"C:/Users/emanu/AppData/Local/UnrealEngine/Common/DerivedDataCache/Buckets/LegacyTEXTURE/89/dd/cc1e514bb50d209b2883de29124689ae824e.udd" 6156
"C:/Users/emanu/AppData/Local/UnrealEngine/Common/DerivedDataCache/Buckets/LegacyTEXTURE/33/5e/3e02f204c206b3cc6156ddc9d8456720cd3b.udd" 6157
"C:/Users/emanu/AppData/Local/UnrealEngine/Common/DerivedDataCache/Buckets/LegacyTEXTURE/05/79/417334689c3eb7fb141dbeaadb004733bd90.udd" 6158
"C:/Users/emanu/AppData/Local/UnrealEngine/Common/DerivedDataCache/Buckets/LegacyTEXTURE/cf/20/9d5af6c64806efc95518217c2d6d84d342f4.udd" 6159
"C:/Users/emanu/AppData/Local/UnrealEngine/Common/DerivedDataCache/Buckets/LegacyTEXTURE/45/51/543a45fa55ad3cdf24a2793aecf142b3b0d5.udd" 6160
"C:/Users/emanu/AppData/Local/UnrealEngine/Common/DerivedDataCache/Buckets/LegacyTEXTURE/a9/83/ae0ca66d5d59dbaaa9823737a957a603bd74.udd" 6161
"C:/Users/emanu/AppData/Local/UnrealEngine/Common/DerivedDataCache/Buckets/LegacyTEXTURE/5a/8e/772e53e76191d2df5cc7f70eef1def36d936.udd" 6162
"C:/Users/emanu/AppData/Local/UnrealEngine/Common/DerivedDataCache/Buckets/LegacyTEXTURE/48/09/d5627a7850ab3ddb447555dd0a00db6952d7.udd" 6163
"C:/Users/emanu/AppData/Local/UnrealEngine/Common/DerivedDataCache/Buckets/LegacyTEXTURE/c3/62/da35c92ec146b58ebc275f0ef974aa5010d6.udd" 6164
"C:/Users/emanu/AppData/Local/UnrealEngine/Common/DerivedDataCache/Buckets/LegacyTEXTURE/9d/de/7f669191efc403cd65bd0d6501f32969f8de.udd" 6165
"C:/Users/emanu/AppData/Local/UnrealEngine/Common/DerivedDataCache/Buckets/LegacyTEXTURE/11/7a/72d1265c8c8e96c0f533b714b50f363debe2.udd" 6166
"C:/Users/emanu/AppData/Local/UnrealEngine/Common/DerivedDataCache/Buckets/LegacyTEXTURE/1a/52/6c435b498bcc255f768e19c27f4a14e9a0d6.udd" 6167
"C:/Users/emanu/AppData/Local/UnrealEngine/Common/DerivedDataCache/Content/81/09/096fb9fee7a31456ee9e3b87c4c0ff5a07e0.udd" 6168
"C:/Users/emanu/AppData/Local/UnrealEngine/Common/DerivedDataCache/Buckets/LegacyTEXTURE/0f/aa/8b2343dfeaa1eafa4f0e80efe9a1d35eed60.udd" 6169
"C:/Users/emanu/AppData/Local/UnrealEngine/Common/DerivedDataCache/Buckets/LegacyTEXTURE/87/02/19950f25b72478cd58fc2a1ee495d2055c63.udd" 6170
"C:/Users/emanu/AppData/Local/UnrealEngine/Common/DerivedDataCache/Buckets/LegacyTEXTURE/dd/3f/6f0809edfe4a2610ef79ccc4e9c4a7987066.udd" 6171
"C:/Users/emanu/AppData/Local/UnrealEngine/Common/DerivedDataCache/Buckets/LegacyTEXTURE/c2/a4/7d08edb9049111ca9ca2b211f5d8a3f3adc4.udd" 6172
"C:/Users/emanu/AppData/Local/UnrealEngine/Common/DerivedDataCache/Buckets/LegacyTEXTURE/75/0d/adf52f0decc48de6021739a2ed0680f704c7.udd" 6173
"C:/Users/emanu/AppData/Local/UnrealEngine/Common/DerivedDataCache/Buckets/LegacyTEXTURE/23/7c/cba6532eee79409b846a8b86219e541c0a89.udd" 6174
"C:/Users/emanu/AppData/Local/UnrealEngine/Common/DerivedDataCache/Buckets/LegacyTEXTURE/d7/eb/79d4d11b3661edad59b737a01af269040822.udd" 6175
"C:/Users/emanu/AppData/Local/UnrealEngine/Common/DerivedDataCache/Buckets/LegacyTEXTURE/8f/06/d98d25cb51e17aa2fa48ce4bf47696cae7b6.udd" 6176
"C:/Users/emanu/AppData/Local/UnrealEngine/Common/DerivedDataCache/Buckets/LegacyTEXTURE/29/99/fbb47a1ee431c15ad3a0b245ed7ebfc9d7f5.udd" 6177
"C:/Users/emanu/AppData/Local/UnrealEngine/Common/DerivedDataCache/Buckets/LegacyTEXTURE/0a/f1/2f16aae1a2f64414f2eee41d94384a18cb82.udd" 6178
"C:/Users/emanu/AppData/Local/UnrealEngine/Common/DerivedDataCache/Buckets/LegacyTEXTURE/1f/fe/0d25e4fb008edbd6ca8e532f782b565319da.udd" 6179
"C:/Users/emanu/AppData/Local/UnrealEngine/Common/DerivedDataCache/Buckets/LegacyTEXTURE/15/78/f346210cbc10eccb6c3c1553549d4882a36c.udd" 6180
"C:/Users/emanu/AppData/Local/UnrealEngine/Common/DerivedDataCache/Buckets/LegacyTEXTURE/c0/13/b9bc5ed19ef0f8d212952a4edf7637a060de.udd" 6181
"C:/Users/emanu/AppData/Local/UnrealEngine/Common/DerivedDataCache/Buckets/LegacyTEXTURE/a3/ef/ee4607237fdd56c50d8b2cfd5271b4cd9af3.udd" 6182
"C:/Users/emanu/AppData/Local/UnrealEngine/Common/DerivedDataCache/Buckets/LegacyTEXTURE/94/8c/c67dbb438d40f52ca4564788300f3b0d39ac.udd" 6183
"C:/Users/emanu/AppData/Local/UnrealEngine/Common/DerivedDataCache/Buckets/LegacyTEXTURE/43/81/fb7c415646fe12f9121e038b094080c6193d.udd" 6184
"C:/Users/emanu/AppData/Local/UnrealEngine/Common/DerivedDataCache/Buckets/LegacyTEXTURE/24/3f/833b7e6f353fa6bcabbeb38739dd2e34e30d.udd" 6185
"C:/Users/emanu/AppData/Local/UnrealEngine/Common/DerivedDataCache/Buckets/LegacyTEXTURE/0e/27/55b9260e2782800e71beaab457f879c41ca8.udd" 6186
"C:/Users/emanu/AppData/Local/UnrealEngine/Common/DerivedDataCache/Buckets/LegacyTEXTURE/2b/17/db1eadec6bdba7a15e7e66b24a9f4a235b00.udd" 6187
"C:/Users/emanu/AppData/Local/UnrealEngine/Common/DerivedDataCache/Buckets/LegacyTEXTURE/b5/c7/ccc5eb79d6c0a31410247d7ce9fc88c137a6.udd" 6188
"C:/Users/emanu/AppData/Local/UnrealEngine/Common/DerivedDataCache/Buckets/LegacyTEXTURE/b7/84/4f3bed33fc3437c1427799276ce61c4779a7.udd" 6189
"C:/Users/emanu/AppData/Local/UnrealEngine/Common/DerivedDataCache/Buckets/LegacyTEXTURE/e7/c8/0ed7661153a95a6cea7615bd120200629aa0.udd" 6190
"C:/Users/emanu/AppData/Local/UnrealEngine/Common/DerivedDataCache/Buckets/LegacyTEXTURE/bc/97/33011b00f64e8c46a56c967de11fb21163e6.udd" 6191
"C:/Users/emanu/AppData/Local/UnrealEngine/Common/DerivedDataCache/Buckets/LegacyTEXTURE/93/fb/6016e6563518ac6c8bc11f2b016739ad3606.udd" 6192
"C:/Users/emanu/AppData/Local/UnrealEngine/Common/DerivedDataCache/Buckets/LegacyTEXTURE/52/90/9087df1937277762e4649a86aa0d82090366.udd" 6193
"C:/Users/emanu/AppData/Local/UnrealEngine/Common/DerivedDataCache/Buckets/LegacyTEXTURE/d2/1a/56695f508bf218848226830f98b2354ad59c.udd" 6194
"C:/Users/emanu/AppData/Local/UnrealEngine/Common/DerivedDataCache/Buckets/LegacyTEXTURE/36/34/1c2c5ff7e0e1432ef39556febce211f6ab5c.udd" 6195
"C:/Users/emanu/AppData/Local/UnrealEngine/Common/DerivedDataCache/Content/af/30/fb76243830a9553d0c41e7fadcfcc323f945.udd" 6196
"C:/Users/emanu/AppData/Local/UnrealEngine/Common/DerivedDataCache/Content/f5/4c/3f1488685a1f9666266d63f35719f3678c51.udd" 6197
"C:/Users/emanu/AppData/Local/UnrealEngine/Common/DerivedDataCache/Buckets/LegacyTEXTURE/9a/7c/4f6ee4c1456851fcf5c2439c5c09dcb5dcc5.udd" 6198
"C:/Users/emanu/AppData/Local/UnrealEngine/Common/DerivedDataCache/Buckets/LegacyTEXTURE/b2/51/b5c737a1ada8879c96593e126ccaecc0e1b5.udd" 6199
"C:/Users/emanu/AppData/Local/UnrealEngine/Common/DerivedDataCache/Buckets/LegacyTEXTURE/6d/c7/912930c22f04904c712df0ea51bf7cf6c2b0.udd" 6200
"C:/Users/emanu/AppData/Local/UnrealEngine/Common/DerivedDataCache/Buckets/LegacyTEXTURE/a3/0b/6a6a1556642a9c41eb966b746b924c21c945.udd" 6201
"C:/Users/emanu/AppData/Local/UnrealEngine/Common/DerivedDataCache/Buckets/LegacyTEXTURE/74/8d/9d095530f80b44b3308306745645fe8de124.udd" 6202
"C:/Users/emanu/AppData/Local/UnrealEngine/Common/DerivedDataCache/Buckets/LegacyTEXTURE/48/d2/b4fb93037f0f5d5d700dc3e96e6d7b1e65fe.udd" 6203
"C:/Users/emanu/AppData/Local/UnrealEngine/Common/DerivedDataCache/Buckets/LegacyTEXTURE/15/c6/2c12c1e1aa1dcd4010436a7ee91e23a50389.udd" 6204
"C:/Users/emanu/AppData/Local/UnrealEngine/Common/DerivedDataCache/Buckets/LegacyTEXTURE/91/9b/1b848c5830406d69ab60e12130c8bd315087.udd" 6205
"C:/Users/emanu/AppData/Local/UnrealEngine/Common/DerivedDataCache/Buckets/LegacyTEXTURE/28/76/089425c6238b5618609841a8ff56e9fd6880.udd" 6206
"C:/Users/emanu/AppData/Local/UnrealEngine/Common/DerivedDataCache/Buckets/LegacyTEXTURE/52/09/81eff75d8c7a3d149f88eb37c13f1fcca503.udd" 6207
"C:/Users/emanu/AppData/Local/UnrealEngine/Common/DerivedDataCache/Buckets/LegacyTEXTURE/e8/0f/e26036e1742947b444e3867069f1224b1ed9.udd" 6208
"C:/Users/emanu/AppData/Local/UnrealEngine/Common/DerivedDataCache/Buckets/LegacyTEXTURE/77/17/a0cc63885ba85d92395802a29baf549d5f74.udd" 6209
"C:/Users/emanu/AppData/Local/UnrealEngine/Common/DerivedDataCache/Buckets/LegacyTEXTURE/51/64/87251291affb6c7353059832ed62bec08ccd.udd" 6210
"C:/Users/emanu/AppData/Local/UnrealEngine/Common/DerivedDataCache/Content/44/0e/c134dc7b84b117dd449c326c6914d5bc952e.udd" 6211
"C:/Users/emanu/AppData/Local/UnrealEngine/Common/DerivedDataCache/Buckets/LegacyTEXTURE/d2/0f/600737811027ea63c8a90a9e1bcb922dc900.udd" 6212
"C:/Users/emanu/AppData/Local/UnrealEngine/Common/DerivedDataCache/Buckets/LegacyTEXTURE/73/f4/e815f1c07cbf0f86d54b8c1a7fd56f51abde.udd" 6213
"C:/Users/emanu/AppData/Local/UnrealEngine/Common/DerivedDataCache/Content/a3/26/dc978dfa66e03d73e7fda4a610d474967b41.udd" 6214
"C:/Users/emanu/AppData/Local/UnrealEngine/Common/DerivedDataCache/Content/94/d0/4b0a24d6d4df2d1775957750fe52d6ac845b.udd" 6215
"C:/Users/emanu/AppData/Local/UnrealEngine/Common/DerivedDataCache/Buckets/LegacyTEXTURE/61/d6/b03ce44bab53dcf1053061c7c53ed445ed84.udd" 6216
"C:/Users/emanu/AppData/Local/UnrealEngine/Common/DerivedDataCache/Buckets/LegacyTEXTURE/1f/3f/cf9704242765e38b765778b5c6dc2206d011.udd" 6217
"C:/Users/emanu/AppData/Local/UnrealEngine/Common/DerivedDataCache/Buckets/LegacyTEXTURE/1e/60/610a677c2b18284d846da8b2e506badfe5f5.udd" 6218
"C:/Users/emanu/AppData/Local/UnrealEngine/Common/DerivedDataCache/Buckets/LegacyTEXTURE/4b/38/718a401132be84e97a28f3265443082f3c2a.udd" 6219
"C:/Users/emanu/AppData/Local/UnrealEngine/Common/DerivedDataCache/Buckets/LegacyTEXTURE/52/00/b7bc4b78921375516f1b3c8ba0c93e3719ad.udd" 6220
"C:/Users/emanu/AppData/Local/UnrealEngine/Common/DerivedDataCache/Buckets/LegacyTEXTURE/b7/a5/63e38940b7f798e318978a325ac205591915.udd" 6221
"C:/Users/emanu/AppData/Local/UnrealEngine/Common/DerivedDataCache/Buckets/LegacyTEXTURE/15/ee/b47d16b2eee5905cf53ca335fcf8cd2d9cfa.udd" 6222
"C:/Users/emanu/AppData/Local/UnrealEngine/Common/DerivedDataCache/Buckets/LegacyTEXTURE/a0/9c/b871cd09d494805193df9c7ad425f3fa2d69.udd" 6223
"C:/Users/emanu/AppData/Local/UnrealEngine/Common/DerivedDataCache/Buckets/LegacyTEXTURE/3f/97/42d1ab05ea34360b15e0433ea90e9ddf8037.udd" 6224
"C:/Users/emanu/AppData/Local/UnrealEngine/Common/DerivedDataCache/Buckets/LegacyTEXTURE/e4/4b/191521ffe50cba1080da81f2bb4a22f61ec8.udd" 6225
"C:/Users/emanu/AppData/Local/UnrealEngine/Common/DerivedDataCache/Buckets/LegacyTEXTURE/d2/7c/10a5b6bb88417cdb4f8307865782928616c4.udd" 6226
"C:/Users/emanu/AppData/Local/UnrealEngine/Common/DerivedDataCache/Buckets/LegacyTEXTURE/ae/3c/f68b9972496b0eefef56146f0e93c3c43252.udd" 6227
"C:/Users/emanu/AppData/Local/UnrealEngine/Common/DerivedDataCache/Buckets/LegacyTEXTURE/22/16/f7db7b1302914b8b0b5a64bdb97ce61625b9.udd" 6228
"C:/Users/emanu/AppData/Local/UnrealEngine/Common/DerivedDataCache/Buckets/LegacyTEXTURE/e0/5c/05e9439f74200b4df32401272c61c8306105.udd" 6229
"C:/Users/emanu/AppData/Local/UnrealEngine/Common/DerivedDataCache/Buckets/LegacyTEXTURE/b9/6b/237b6a05cd455794c463ef65dd15b169ac81.udd" 6230
"C:/Users/emanu/AppData/Local/UnrealEngine/Common/DerivedDataCache/Buckets/LegacyTEXTURE/00/42/7f60a2bc5abf4729a1d5e3bfe60c68e27acd.udd" 6231
"C:/Users/emanu/AppData/Local/UnrealEngine/Common/DerivedDataCache/Buckets/LegacyTEXTURE/d1/ed/2d0e81c24f6ad89cdb8b2359c08cc64099fc.udd" 6232
"C:/Users/emanu/AppData/Local/UnrealEngine/Common/DerivedDataCache/Buckets/LegacyTEXTURE/17/5d/35c3eeaa3988b7642b28e0e2c15108b74ce3.udd" 6233
"C:/Users/emanu/AppData/Local/UnrealEngine/Common/DerivedDataCache/Buckets/LegacyTEXTURE/63/3f/2adf2b2c459b5335d14eddd298a774ad883b.udd" 6234
"C:/Users/emanu/AppData/Local/UnrealEngine/Common/DerivedDataCache/Buckets/LegacyTEXTURE/b2/8d/223178e9ff61057e3f9d449a4654f3547087.udd" 6235
"C:/Users/emanu/AppData/Local/UnrealEngine/Common/DerivedDataCache/Buckets/LegacyTEXTURE/9b/25/b7831d8fef35111b5985365100ddfec2c8a2.udd" 6236
"C:/Users/emanu/AppData/Local/UnrealEngine/Common/DerivedDataCache/Buckets/LegacyTEXTURE/fb/ef/582f1585c187c35a63ff409467e949dc0f8e.udd" 6237
"C:/Users/emanu/AppData/Local/UnrealEngine/Common/DerivedDataCache/Buckets/LegacyTEXTURE/1e/09/c6edcd4a93f60ed4f581c378825d8d3d3138.udd" 6238
"C:/Users/emanu/AppData/Local/UnrealEngine/Common/DerivedDataCache/Buckets/LegacyTEXTURE/07/d1/ce1368029c7ff5d82db643ca5adbdd4367da.udd" 6239
"C:/Users/emanu/AppData/Local/UnrealEngine/Common/DerivedDataCache/Buckets/LegacyTEXTURE/4e/df/34a45da48751edaeb0e4e964d2cc1e9d1613.udd" 6240
"C:/Users/emanu/AppData/Local/UnrealEngine/Common/DerivedDataCache/Buckets/LegacyTEXTURE/e0/17/2bccec870812182ff3c7f67fb03f5c0b87d3.udd" 6241
"C:/Users/emanu/AppData/Local/UnrealEngine/Common/DerivedDataCache/Content/41/37/51bc0cb6a7cf7798eea968eb41b22a186b24.udd" 6242
"C:/Users/emanu/AppData/Local/UnrealEngine/Common/DerivedDataCache/Buckets/LegacyTEXTURE/55/46/ca62fb42fafd8faa563a4e2834585c343d99.udd" 6243
"C:/Users/emanu/AppData/Local/UnrealEngine/Common/DerivedDataCache/Buckets/LegacyTEXTURE/48/79/5f16943518c32cf85bcc0f6643236af51162.udd" 6244
"C:/Users/emanu/AppData/Local/UnrealEngine/Common/DerivedDataCache/Buckets/LegacyTEXTURE/17/c8/839f558b627980c30972d85de5c1edc4b69a.udd" 6245
"C:/Users/emanu/AppData/Local/UnrealEngine/Common/DerivedDataCache/Buckets/LegacyTEXTURE/b3/e7/e9e79b55c22ad055a7978857683c9b4c4715.udd" 6246
"C:/Users/emanu/AppData/Local/UnrealEngine/Common/DerivedDataCache/Buckets/LegacyTEXTURE/f5/33/428e8991625750b7db9476d5a87fa2fe5daf.udd" 6247
"C:/Users/emanu/AppData/Local/UnrealEngine/Common/DerivedDataCache/Buckets/LegacyTEXTURE/09/df/15771d2b48517d10165d5f9b6ed89137724f.udd" 6248
"C:/Users/emanu/AppData/Local/UnrealEngine/Common/DerivedDataCache/Buckets/LegacyTEXTURE/60/20/3fa7f10043e0f264c1669be20bc84adfa060.udd" 6249
"C:/Users/emanu/AppData/Local/UnrealEngine/Common/DerivedDataCache/Buckets/LegacyTEXTURE/2f/75/d3a907b0f4be074133a9f23b6af0b7f66859.udd" 6250
"C:/Users/emanu/AppData/Local/UnrealEngine/Common/DerivedDataCache/Buckets/LegacyTEXTURE/48/56/6514547e02ff4281c1f0cb719f5a6957f395.udd" 6251
"C:/Users/emanu/AppData/Local/UnrealEngine/Common/DerivedDataCache/Buckets/LegacyTEXTURE/a6/ac/13220efcfbaa4f420af26a1bc1e13be0336f.udd" 6252
"C:/Users/emanu/AppData/Local/UnrealEngine/Common/DerivedDataCache/Buckets/LegacyTEXTURE/00/7d/197da3da624595bd9d34133e9d7c91482b1b.udd" 6253
"C:/Users/emanu/AppData/Local/UnrealEngine/Common/DerivedDataCache/Buckets/LegacyTEXTURE/d7/4a/f2544142aec475744146b37ce110789355ee.udd" 6254
"C:/Users/emanu/AppData/Local/UnrealEngine/Common/DerivedDataCache/Buckets/LegacyTEXTURE/07/61/a460dab9f70a4e8ea708cb536f3aa55248ab.udd" 6255
"C:/Users/emanu/AppData/Local/UnrealEngine/Common/DerivedDataCache/Buckets/LegacyTEXTURE/7f/3e/8e6c6cdd96b00bafa8947f0aa1cfdffb87d7.udd" 6256
"C:/Users/emanu/AppData/Local/UnrealEngine/Common/DerivedDataCache/Buckets/LegacyTEXTURE/58/bb/e39c55b36a31bc08425934e7a6093ded2118.udd" 6257
"C:/Users/emanu/AppData/Local/UnrealEngine/Common/DerivedDataCache/Content/9b/4d/468cd8aacb7cfdbdd930a732ff98c4fbfbc2.udd" 6258
"C:/Users/emanu/AppData/Local/UnrealEngine/Common/DerivedDataCache/Buckets/LegacyTEXTURE/f2/69/9eed2e9398bc8e7edf6ec69b38bbb4794670.udd" 6259
"C:/Users/emanu/AppData/Local/UnrealEngine/Common/DerivedDataCache/Buckets/LegacyTEXTURE/76/df/01462120e63bfbc7408983d199799349c8e1.udd" 6260
"C:/Users/emanu/AppData/Local/UnrealEngine/Common/DerivedDataCache/Buckets/LegacyTEXTURE/43/0e/28f735913d5515d682fa5690f4bda02864cf.udd" 6261
"C:/Users/emanu/AppData/Local/UnrealEngine/Common/DerivedDataCache/Buckets/LegacyTEXTURE/23/79/1239fae3233069a7672431795834e01b8125.udd" 6262
"C:/Users/emanu/AppData/Local/UnrealEngine/Common/DerivedDataCache/Buckets/LegacyTEXTURE/a5/da/5b29fc1f35d2572c06b0e3b3dc5243243669.udd" 6263
"C:/Users/emanu/AppData/Local/UnrealEngine/Common/DerivedDataCache/Buckets/LegacyTEXTURE/bb/1f/7b1486b4af6f471c60b436bc3a0d06454476.udd" 6264
"C:/Users/emanu/AppData/Local/UnrealEngine/Common/DerivedDataCache/Buckets/LegacyTEXTURE/fa/88/f65941eb5b849f1e52f1c697c0582bea774f.udd" 6265
"C:/Users/emanu/AppData/Local/UnrealEngine/Common/DerivedDataCache/Buckets/LegacyTEXTURE/a7/5c/d781ddb8378c2d869f4b3673d6cb4c43151d.udd" 6266
"C:/Users/emanu/AppData/Local/UnrealEngine/Common/DerivedDataCache/Buckets/LegacyTEXTURE/ee/dc/cdaff896c516fdb8432ba8d0bb8b8c79a7c2.udd" 6267
"C:/Users/emanu/AppData/Local/UnrealEngine/Common/DerivedDataCache/Buckets/LegacyTEXTURE/96/fd/831cab3216e026220ea50e660c1b28ef4254.udd" 6268
"C:/Users/emanu/AppData/Local/UnrealEngine/Common/DerivedDataCache/Buckets/LegacyTEXTURE/e9/a7/02d4a1a26da69a371f045b52239636e69ee5.udd" 6269
"C:/Users/emanu/AppData/Local/UnrealEngine/Common/DerivedDataCache/Buckets/LegacyTEXTURE/71/df/980e60e99affc7ba97208609bc80a5a13496.udd" 6270
"C:/Users/emanu/AppData/Local/UnrealEngine/Common/DerivedDataCache/Content/d4/63/2a47723cd756f90de90e7aac6dac3ec56df9.udd" 6271
"C:/Users/emanu/AppData/Local/UnrealEngine/Common/DerivedDataCache/Buckets/LegacyTEXTURE/7f/07/824032a4c4d99e2d1a4aacc86e01ed6d939b.udd" 6272
"C:/Users/emanu/AppData/Local/UnrealEngine/Common/DerivedDataCache/Buckets/LegacyTEXTURE/ec/02/80e5d2061d90745c4235f1ba9dddc4a14a3b.udd" 6273
"C:/Users/emanu/AppData/Local/UnrealEngine/Common/DerivedDataCache/Buckets/LegacyTEXTURE/40/f4/0cfe392b0536a105711cc865ae4062430f01.udd" 6274
"C:/Users/emanu/AppData/Local/UnrealEngine/Common/DerivedDataCache/Content/a6/56/887d83de7f183fe01985faddaaab585870f9.udd" 6275
"C:/Users/emanu/AppData/Local/UnrealEngine/Common/DerivedDataCache/Buckets/LegacyTEXTURE/b6/f6/2466c869fa4ee673b84222c6b5d47473ffe4.udd" 6276
"C:/Users/emanu/AppData/Local/UnrealEngine/Common/DerivedDataCache/Buckets/LegacyTEXTURE/90/c1/3a3fa472e26701998499f959950c99bab8a9.udd" 6277
"C:/Users/emanu/AppData/Local/UnrealEngine/Common/DerivedDataCache/Buckets/LegacyTEXTURE/e1/2d/a4bab631cca5de3c83f4ef30463e3beef6d0.udd" 6278
"C:/Users/emanu/AppData/Local/UnrealEngine/Common/DerivedDataCache/Buckets/LegacyTEXTURE/d4/d3/04b685f7d4ce7023595df0e7c9606569ff02.udd" 6279
"C:/Users/emanu/AppData/Local/UnrealEngine/Common/DerivedDataCache/Buckets/LegacyTEXTURE/f1/b9/9753a7bfb53d8a6884068f73076b9d3bb504.udd" 6280
"C:/Users/emanu/AppData/Local/UnrealEngine/Common/DerivedDataCache/Buckets/LegacyTEXTURE/28/1e/86113834d980c0a21d1fb18c778f8ff50a4c.udd" 6281
"C:/Users/emanu/AppData/Local/UnrealEngine/Common/DerivedDataCache/Buckets/LegacyTEXTURE/75/62/06350c0c1e6c5eaae148ccd10005193c5365.udd" 6282
"C:/Users/emanu/AppData/Local/UnrealEngine/Common/DerivedDataCache/Buckets/LegacyTEXTURE/b2/71/c6dbfde19d3ba345696c862375d39bf8008b.udd" 6283
"C:/Users/emanu/AppData/Local/UnrealEngine/Common/DerivedDataCache/Buckets/LegacyTEXTURE/c5/a0/cbddaca20c46233a1a1968d81ec44b6d5bee.udd" 6284
"C:/Users/emanu/AppData/Local/UnrealEngine/Common/DerivedDataCache/Buckets/LegacyTEXTURE/9a/91/5b74583e3bf9822c4a575b28fe0b9e2fbfc2.udd" 6285
"C:/Users/emanu/AppData/Local/UnrealEngine/Common/DerivedDataCache/Content/c9/9c/2b62eed48f47c6d4fd44ac7d26e4960ed662.udd" 6286
"C:/Users/emanu/AppData/Local/UnrealEngine/Common/DerivedDataCache/Buckets/LegacyTEXTURE/4d/bb/0543fa4b0d1db35343b5595aa7c1f5de297b.udd" 6287
"C:/Users/emanu/AppData/Local/UnrealEngine/Common/DerivedDataCache/Buckets/LegacyTEXTURE/66/51/c849e91f5a19a00d6c53115f8e041a851c1c.udd" 6288
"C:/Users/emanu/AppData/Local/UnrealEngine/Common/DerivedDataCache/Buckets/LegacyTEXTURE/6a/5d/eb1a142e772e33f70fee1b36a2c250c039b4.udd" 6289
"C:/Users/emanu/AppData/Local/UnrealEngine/Common/DerivedDataCache/Buckets/LegacyTEXTURE/68/43/53b2c18e18f3de32b7ac530f38f80c7b6557.udd" 6290
"C:/Users/emanu/AppData/Local/UnrealEngine/Common/DerivedDataCache/Buckets/LegacyTEXTURE/69/86/2a6df10b5115d0d9be83f5f0e72c75a5702c.udd" 6291
"C:/Users/emanu/AppData/Local/UnrealEngine/Common/DerivedDataCache/Buckets/LegacyTEXTURE/fb/34/d3058dab91d24532f7dac48b5d87ca79d6f0.udd" 6292
"C:/Users/emanu/AppData/Local/UnrealEngine/Common/DerivedDataCache/Buckets/LegacyTEXTURE/8b/b7/3f24c1c6dc744d6f094019e1283e95df9280.udd" 6293
"C:/Users/emanu/AppData/Local/UnrealEngine/Common/DerivedDataCache/Buckets/LegacyTEXTURE/4e/49/ad6fc1e7c5c727db01034a9d3942c1be710a.udd" 6294
"C:/Users/emanu/AppData/Local/UnrealEngine/Common/DerivedDataCache/Buckets/LegacyTEXTURE/d9/33/895d98eb7d89469ca38e0f64df34cccac19e.udd" 6295
"C:/Users/emanu/AppData/Local/UnrealEngine/Common/DerivedDataCache/Buckets/LegacyTEXTURE/32/c5/6cf161113887f4f18319d2cbd2f28d47e77a.udd" 6296
"C:/Users/emanu/AppData/Local/UnrealEngine/Common/DerivedDataCache/Buckets/LegacyTEXTURE/fc/56/615f0e2ce51da7f65e2b2a599cd57d478adf.udd" 6297
"C:/Users/emanu/AppData/Local/UnrealEngine/Common/DerivedDataCache/Buckets/LegacyTEXTURE/a6/dc/32f81470d6e7792dc3666ca19c0b7f4e0f60.udd" 6298
"C:/Users/emanu/AppData/Local/UnrealEngine/Common/DerivedDataCache/Buckets/LegacyTEXTURE/3a/36/eb25b42b93da93455352a5c4fb5b0b65f227.udd" 6299
"C:/Users/emanu/AppData/Local/UnrealEngine/Common/DerivedDataCache/Buckets/LegacyTEXTURE/d5/6c/c118c34d2fade20cde30f2c28bf507ea6bba.udd" 6300
"C:/Users/emanu/AppData/Local/UnrealEngine/Common/DerivedDataCache/Buckets/LegacyTEXTURE/42/33/6336b17cefe1b0ebf0ad78c76f11c8a8d192.udd" 6301
"C:/Users/emanu/AppData/Local/UnrealEngine/Common/DerivedDataCache/Buckets/LegacyTEXTURE/da/0b/967d6b032cc081e8e244c54716bd8fe404bb.udd" 6302
"C:/Users/emanu/AppData/Local/UnrealEngine/Common/DerivedDataCache/Buckets/LegacyTEXTURE/25/b9/2a62c44da3179f552b8c1a01d06895e58ee5.udd" 6303
"C:/Users/emanu/AppData/Local/UnrealEngine/Common/DerivedDataCache/Buckets/LegacyTEXTURE/67/08/56d7b555cafc86d61c0b2584b52c3bf67950.udd" 6304
"C:/Users/emanu/AppData/Local/UnrealEngine/Common/DerivedDataCache/Buckets/LegacyTEXTURE/d9/2e/65ad3513ed0cb15376ea48c0ea11a42c3689.udd" 6305
"C:/Users/emanu/AppData/Local/UnrealEngine/Common/DerivedDataCache/Buckets/LegacyTEXTURE/f8/86/58a0758c6e3030e6e178fd824a194266e5b0.udd" 6306
"C:/Users/emanu/AppData/Local/UnrealEngine/Common/DerivedDataCache/Buckets/LegacyTEXTURE/00/f9/99eb2dd077826f75514cfab91c00a32817a4.udd" 6307
"C:/Users/emanu/AppData/Local/UnrealEngine/Common/DerivedDataCache/Buckets/LegacyTEXTURE/9f/fa/217f71a892017396eee878b000ac11b05978.udd" 6308
"C:/Users/emanu/AppData/Local/UnrealEngine/Common/DerivedDataCache/Buckets/LegacyTEXTURE/72/54/d2d31b6d39968ee72492a42bedfcd81f5604.udd" 6309
"C:/Users/emanu/AppData/Local/UnrealEngine/Common/DerivedDataCache/Buckets/LegacyTEXTURE/b9/b4/a3ff0e7e6e61f0d56507e590e531aba99c54.udd" 6310
"C:/Users/emanu/AppData/Local/UnrealEngine/Common/DerivedDataCache/Buckets/LegacyTEXTURE/50/a0/e617f8cf3fe7f7347d9b430a6bb4ebd7ce93.udd" 6311
"C:/Users/emanu/AppData/Local/UnrealEngine/Common/DerivedDataCache/Buckets/LegacyTEXTURE/c4/67/3f3f95a00248563d005f102af5e330545358.udd" 6312
"C:/Users/emanu/AppData/Local/UnrealEngine/Common/DerivedDataCache/Buckets/LegacyTEXTURE/75/4e/d6b1dfb5b2312987f19a8541908a25f2be6e.udd" 6313
"C:/Users/emanu/AppData/Local/UnrealEngine/Common/DerivedDataCache/Buckets/LegacyTEXTURE/d1/c9/c6146e5512a2923120cfa42fdd6a416b8187.udd" 6314
"C:/Users/emanu/AppData/Local/UnrealEngine/Common/DerivedDataCache/Buckets/LegacyTEXTURE/38/0d/42a98cff6533b363689d8338bcefccf2b28e.udd" 6315
"C:/Users/emanu/AppData/Local/UnrealEngine/Common/DerivedDataCache/Buckets/LegacyTEXTURE/8d/9a/cc6b29ff07a747ffb2ef552be9e957af3108.udd" 6316
"C:/Users/emanu/AppData/Local/UnrealEngine/Common/DerivedDataCache/Buckets/LegacyTEXTURE/2a/c0/78757b351210d3e7aa11a9ba695585ad5680.udd" 6317
"C:/Users/emanu/AppData/Local/UnrealEngine/Common/DerivedDataCache/Buckets/LegacyTEXTURE/08/d3/03c0a6f6d1ecd4b694aef7a7c92fb6215eb0.udd" 6318
"C:/Users/emanu/AppData/Local/UnrealEngine/Common/DerivedDataCache/Buckets/LegacyTEXTURE/1b/85/0a54980f0da2e21a0fba3632ee033c4e95d0.udd" 6319
"C:/Users/emanu/AppData/Local/UnrealEngine/Common/DerivedDataCache/Buckets/LegacyTEXTURE/13/37/fcd1f3018b81c71938f7e316ec6fbed3f4e3.udd" 6320
"C:/Users/emanu/AppData/Local/UnrealEngine/Common/DerivedDataCache/Buckets/LegacyTEXTURE/a5/b5/9db9ff0d3be6a404212a304b24fa978bf97b.udd" 6321
"C:/Users/emanu/AppData/Local/UnrealEngine/Common/DerivedDataCache/Buckets/LegacyTEXTURE/cf/f2/cd4d6e410430806c64a1c9d6ed853c4c85cc.udd" 6322
"C:/Users/emanu/AppData/Local/UnrealEngine/Common/DerivedDataCache/Buckets/LegacyTEXTURE/5b/73/d062373197e41a79e6920ffbdd38293c3f06.udd" 6323
"C:/Users/emanu/AppData/Local/UnrealEngine/Common/DerivedDataCache/Buckets/LegacyTEXTURE/05/09/446fcb22040047a17bfd5220485586a7e93b.udd" 6324
"C:/Users/emanu/AppData/Local/UnrealEngine/Common/DerivedDataCache/Buckets/LegacyTEXTURE/4e/b7/945addbb298080e0e1f6454f0007eb20709f.udd" 6325
"C:/Users/emanu/AppData/Local/UnrealEngine/Common/DerivedDataCache/Buckets/LegacyTEXTURE/ba/8b/0e5855eb85b94055a64e6ee9e115d2435361.udd" 6326
"C:/Users/emanu/AppData/Local/UnrealEngine/Common/DerivedDataCache/Buckets/LegacyTEXTURE/96/10/e552a086054429e5c79b6e9e825bd79a4a7f.udd" 6327
"C:/Users/emanu/AppData/Local/UnrealEngine/Common/DerivedDataCache/Buckets/LegacyTEXTURE/c0/d7/0fb34e54d97dfae2e53012f6497ab767c56e.udd" 6328
"C:/Users/emanu/AppData/Local/UnrealEngine/Common/DerivedDataCache/Buckets/LegacyTEXTURE/36/4f/b61d3217450ad5608d2b89bed5a3bc316916.udd" 6329
"C:/Users/emanu/AppData/Local/UnrealEngine/Common/DerivedDataCache/Buckets/LegacyTEXTURE/fc/ff/064d9aa88862a138a3dbf97651f6bb082d04.udd" 6330
"C:/Users/emanu/AppData/Local/UnrealEngine/Common/DerivedDataCache/Buckets/LegacyTEXTURE/93/1a/ac6778d805ab2a139af7c8413f726cb826c9.udd" 6331
"C:/Users/emanu/AppData/Local/UnrealEngine/Common/DerivedDataCache/Buckets/LegacyTEXTURE/d5/e0/9428c89a5e657dddd4d23f4a8e856dc0eb2e.udd" 6332
"C:/Users/emanu/AppData/Local/UnrealEngine/Common/DerivedDataCache/Buckets/LegacyTEXTURE/43/88/d867ef71d9750d315182d1b55bd2d485311d.udd" 6333
"C:/Users/emanu/AppData/Local/UnrealEngine/Common/DerivedDataCache/Buckets/LegacyTEXTURE/ba/98/e011ccfb06e1453dfa70604afa72e3cdef43.udd" 6334
"C:/Users/emanu/AppData/Local/UnrealEngine/Common/DerivedDataCache/Buckets/LegacyTEXTURE/ac/ce/89924dd8e564ec18ba0df157fe94af7bb083.udd" 6335
"C:/Users/emanu/AppData/Local/UnrealEngine/Common/DerivedDataCache/Buckets/LegacyTEXTURE/b6/a2/84fea9e957eef70c5660720f031ddd32c4e3.udd" 6336
"C:/Users/emanu/AppData/Local/UnrealEngine/Common/DerivedDataCache/Buckets/LegacyTEXTURE/a0/7e/8e916379d9a255e0998d10cd950b4b7f0752.udd" 6337
"C:/Users/emanu/AppData/Local/UnrealEngine/Common/DerivedDataCache/Buckets/LegacyTEXTURE/c4/d3/632275d479f1c19721f4450e92d93fa5dce4.udd" 6338
"C:/Users/emanu/AppData/Local/UnrealEngine/Common/DerivedDataCache/Buckets/LegacyTEXTURE/41/fd/4590229186b93fb14e33e96f8c174f24d0f1.udd" 6339
"C:/Users/emanu/AppData/Local/UnrealEngine/Common/DerivedDataCache/Buckets/LegacyTEXTURE/7d/f1/62d737778b8c5786c84a2ec3798d448ab007.udd" 6340
"C:/Users/emanu/AppData/Local/UnrealEngine/Common/DerivedDataCache/Buckets/LegacyTEXTURE/41/25/fd3f4e5eb03817dd1d468d0f1502b9635b6d.udd" 6341
"C:/Users/emanu/AppData/Local/UnrealEngine/Common/DerivedDataCache/Buckets/LegacyTEXTURE/1f/96/443351d680002b93162355ffd1796471606c.udd" 6342
"C:/Users/emanu/AppData/Local/UnrealEngine/Common/DerivedDataCache/Buckets/LegacyTEXTURE/74/f0/d04ed5f5eb315286d9c0d8ba0e8957647e80.udd" 6343
"C:/Users/emanu/AppData/Local/UnrealEngine/Common/DerivedDataCache/Buckets/LegacyTEXTURE/55/b7/d0dbc742ad5e28fe34d86b670ccdcee3c01b.udd" 6344
"C:/Users/emanu/AppData/Local/UnrealEngine/Common/DerivedDataCache/Buckets/LegacyTEXTURE/99/cf/d83e55765864470c1e5d5ff899f6428b68ff.udd" 6345
"C:/Users/emanu/AppData/Local/UnrealEngine/Common/DerivedDataCache/Buckets/LegacyTEXTURE/8e/a0/e4735e3025d4f7500f744355ad3bcfb8480b.udd" 6346
"C:/Users/emanu/AppData/Local/UnrealEngine/Common/DerivedDataCache/Buckets/LegacyTEXTURE/46/08/9cd5ebb490e35760a346bbfe913aa7b33588.udd" 6347
"C:/Users/emanu/AppData/Local/UnrealEngine/Common/DerivedDataCache/Buckets/LegacyTEXTURE/0d/72/c08a3c790577f9bae387ca4bf365d60da162.udd" 6348
"C:/Users/emanu/AppData/Local/UnrealEngine/Common/DerivedDataCache/Buckets/LegacyTEXTURE/09/a1/f87feb700ee1e3040bad92cf6f69c7d3c363.udd" 6349
"C:/Users/emanu/AppData/Local/UnrealEngine/Common/DerivedDataCache/Buckets/LegacyTEXTURE/5e/46/04d8826b4982812f81ea19b30cd8fc0a16c1.udd" 6350
"C:/Users/emanu/AppData/Local/UnrealEngine/Common/DerivedDataCache/Buckets/LegacyTEXTURE/e8/27/1b412e32e1a5612641bcf8563cc2f8702ff7.udd" 6351
"C:/Users/emanu/AppData/Local/UnrealEngine/Common/DerivedDataCache/Buckets/LegacyTEXTURE/72/da/641acc2844b65226174c2a526b6a5e4ceb87.udd" 6352
"C:/Users/emanu/AppData/Local/UnrealEngine/Common/DerivedDataCache/Buckets/LegacyTEXTURE/ba/2c/0a2f7bdc04a054b65c7dfcb1cc702136c843.udd" 6353
"C:/Users/emanu/AppData/Local/UnrealEngine/Common/DerivedDataCache/Buckets/LegacyTEXTURE/6f/eb/5a21806e1f71ca38ab0de018d7b90105f049.udd" 6354
"C:/Users/emanu/AppData/Local/UnrealEngine/Common/DerivedDataCache/Buckets/LegacyTEXTURE/77/f3/1ae2a4cd666c9877a710ad2933daf9aba1ab.udd" 6355
"C:/Users/emanu/AppData/Local/UnrealEngine/Common/DerivedDataCache/Buckets/LegacyTEXTURE/87/c3/308c908100c836922e7baf96ec362a1179f1.udd" 6356
"C:/Users/emanu/AppData/Local/UnrealEngine/Common/DerivedDataCache/Buckets/LegacyTEXTURE/a2/d9/89829f84f63dc712b5d83c0de7b71194e554.udd" 6357
"C:/Users/emanu/AppData/Local/UnrealEngine/Common/DerivedDataCache/Buckets/LegacyTEXTURE/15/48/af697066a1a479b3310c492d91d5cd8f75fb.udd" 6358
"C:/Users/emanu/AppData/Local/UnrealEngine/Common/DerivedDataCache/Buckets/LegacyTEXTURE/fb/f0/fb3332a166d3ffed2b42634bc9a3f44230b6.udd" 6359
"C:/Users/emanu/AppData/Local/UnrealEngine/Common/DerivedDataCache/Buckets/LegacyTEXTURE/94/d9/6cc877c75905e0c6764f9ca0498d67cb00ac.udd" 6360
"C:/Users/emanu/AppData/Local/UnrealEngine/Common/DerivedDataCache/Buckets/LegacyTEXTURE/95/92/66fe20f5f1f330e20d600b504d023fcb9e74.udd" 6361
"C:/Users/emanu/AppData/Local/UnrealEngine/Common/DerivedDataCache/Buckets/LegacyTEXTURE/b9/40/d23badb3afb58d09f37d49736e70b5c50813.udd" 6362
"C:/Users/emanu/AppData/Local/UnrealEngine/Common/DerivedDataCache/Buckets/LegacyTEXTURE/6c/e3/694cf44587ea7c8bc433357cfc2994f8a584.udd" 6363
"C:/Users/emanu/AppData/Local/UnrealEngine/Common/DerivedDataCache/Buckets/LegacyTEXTURE/94/f1/3baf1830206532d7bd790924b758b579674a.udd" 6364
"C:/Users/emanu/AppData/Local/UnrealEngine/Common/DerivedDataCache/Buckets/LegacyTEXTURE/24/cf/b9cf443617682407b6328b8787245ae9b453.udd" 6365
"C:/Users/emanu/AppData/Local/UnrealEngine/Common/DerivedDataCache/Buckets/LegacyTEXTURE/a1/04/c70fe61120c86ce065b187f77b8f254e7121.udd" 6366
"C:/Users/emanu/AppData/Local/UnrealEngine/Common/DerivedDataCache/Buckets/LegacyTEXTURE/52/d6/f284432fc0992fffd298b8eb05919b7b4ebc.udd" 6367
"C:/Users/emanu/AppData/Local/UnrealEngine/Common/DerivedDataCache/Buckets/LegacyTEXTURE/4f/27/f3ac943d5bc508e58c40d466d688bea75594.udd" 6368
"C:/Users/emanu/AppData/Local/UnrealEngine/Common/DerivedDataCache/Buckets/LegacyTEXTURE/c0/38/6fb09be5dca6e0f303f48454c553bef47f57.udd" 6369
"C:/Users/emanu/AppData/Local/UnrealEngine/Common/DerivedDataCache/Buckets/LegacyTEXTURE/c3/0d/92fec017f39e451187acac7940be8700589d.udd" 6370
"C:/Users/emanu/AppData/Local/UnrealEngine/Common/DerivedDataCache/Buckets/LegacyTEXTURE/22/27/4cbcd1c8e38c83f72180e06bdd9d9e2ae75f.udd" 6371
"C:/Users/emanu/AppData/Local/UnrealEngine/Common/DerivedDataCache/Buckets/LegacyTEXTURE/eb/71/5e655aaab27382335b2df81c5a5ec2fdc119.udd" 6372
"C:/Users/emanu/AppData/Local/UnrealEngine/Common/DerivedDataCache/Buckets/LegacyTEXTURE/bc/30/cc4777b26d584a0e00202415b7d135766f5e.udd" 6373
"C:/Users/emanu/AppData/Local/UnrealEngine/Common/DerivedDataCache/Buckets/LegacyTEXTURE/2c/aa/07547de6d02ee4843204a2a42e31cbe54967.udd" 6374
"C:/Users/emanu/AppData/Local/UnrealEngine/Common/DerivedDataCache/Buckets/LegacyTEXTURE/a8/75/a3721f50c3140277216692c9d5ca718ebb94.udd" 6375
"C:/Users/emanu/AppData/Local/UnrealEngine/Common/DerivedDataCache/Buckets/LegacyTEXTURE/08/ca/ae3579d86be980a9b944f43af8b73d73f0ae.udd" 6376
"C:/Users/emanu/AppData/Local/UnrealEngine/Common/DerivedDataCache/Buckets/LegacyTEXTURE/31/2c/a5a73173bed6deeec4388ba251aa791184f5.udd" 6377
"C:/Users/emanu/AppData/Local/UnrealEngine/Common/DerivedDataCache/Buckets/LegacyTEXTURE/cb/d4/95893e1c858bb7d1b3c4b54ad7bf042768e0.udd" 6378
"C:/Users/emanu/AppData/Local/UnrealEngine/Common/DerivedDataCache/Buckets/LegacyTEXTURE/25/ea/eb47e638f52149477b250b1f6d325a3136bd.udd" 6379
"C:/Users/emanu/AppData/Local/UnrealEngine/Common/DerivedDataCache/Buckets/LegacyTEXTURE/82/2f/a692ccd7168b3eb86d2cb458f5a20d81513e.udd" 6380
"C:/Users/emanu/AppData/Local/UnrealEngine/Common/DerivedDataCache/Buckets/LegacyTEXTURE/a6/0f/037311c5d8ad4a3628821dac3ba559096966.udd" 6381
"C:/Users/emanu/AppData/Local/UnrealEngine/Common/DerivedDataCache/Buckets/LegacyTEXTURE/0e/4b/1ffcbcbdfab0a87c2e99593ae3a471c1af1f.udd" 6382
"C:/Users/emanu/AppData/Local/UnrealEngine/Common/DerivedDataCache/Buckets/LegacyTEXTURE/cd/e1/1b24895ccaf62367a2f3d0432cb131b87716.udd" 6383
"C:/Users/emanu/AppData/Local/UnrealEngine/Common/DerivedDataCache/Buckets/LegacyTEXTURE/79/ba/698c2236c71d560585a9ee5f24adfaabd1ba.udd" 6384
"C:/Users/emanu/AppData/Local/UnrealEngine/Common/DerivedDataCache/Buckets/LegacyTEXTURE/79/a1/b5693986ff23ffdecd3a78e1e2e6bb6c8c26.udd" 6385
"C:/Users/emanu/AppData/Local/UnrealEngine/Common/DerivedDataCache/Buckets/LegacyTEXTURE/04/5f/21489be80c2d4dc471f7a1fcb06014261c95.udd" 6386
"C:/Users/emanu/AppData/Local/UnrealEngine/Common/DerivedDataCache/Buckets/LegacyTEXTURE/03/12/13aeb8c02a21d0c6cdc5d0c0c0d60ced76f7.udd" 6387
"C:/Users/emanu/AppData/Local/UnrealEngine/Common/DerivedDataCache/Buckets/LegacyTEXTURE/70/fc/bb9dffa61a9a0d9ad948cec77d03178319fa.udd" 6388
"C:/Users/emanu/AppData/Local/UnrealEngine/Common/DerivedDataCache/Buckets/LegacyTEXTURE/2e/87/a9fb38a51346dda727b81259e88daf2659f4.udd" 6389
"C:/Users/emanu/AppData/Local/UnrealEngine/Common/DerivedDataCache/Buckets/LegacyTEXTURE/cd/8a/77f03e2c99b029b42c87bf5f499868f96f9a.udd" 6390
"C:/Users/emanu/AppData/Local/UnrealEngine/Common/DerivedDataCache/Buckets/LegacyTEXTURE/8b/23/2ae2f2d0ee599a17667495e0de7a15835557.udd" 6391
"C:/Users/emanu/AppData/Local/UnrealEngine/Common/DerivedDataCache/Buckets/LegacyTEXTURE/ca/7f/5415433e2c3d190856394486ff4e337f8a29.udd" 6392
"C:/Users/emanu/AppData/Local/UnrealEngine/Common/DerivedDataCache/Buckets/LegacyTEXTURE/5a/90/e780aa509e01dd023bf544551f6d0b6f7873.udd" 6393
"C:/Users/emanu/AppData/Local/UnrealEngine/Common/DerivedDataCache/Buckets/LegacyTEXTURE/95/93/0bd040bd65416f15562dd908c358451bb644.udd" 6394
"C:/Users/emanu/AppData/Local/UnrealEngine/Common/DerivedDataCache/Buckets/LegacyTEXTURE/a7/83/9eaf247c0f6ca555d784562be91ebac344c0.udd" 6395
"C:/Users/emanu/AppData/Local/UnrealEngine/Common/DerivedDataCache/Buckets/LegacyTEXTURE/ac/56/63b42a6880d4152af30ebd42d8f30a499ac5.udd" 6396
"C:/Users/emanu/AppData/Local/UnrealEngine/Common/DerivedDataCache/Buckets/LegacyTEXTURE/3d/a6/d2eabd6b462f23ee7612bf87894dd5a5cd15.udd" 6397
"C:/Users/emanu/AppData/Local/UnrealEngine/Common/DerivedDataCache/Buckets/LegacyTEXTURE/ad/61/87d643c964a4e5c937928f867c3b03e38bcf.udd" 6398
"C:/Users/emanu/AppData/Local/UnrealEngine/Common/DerivedDataCache/Buckets/LegacyTEXTURE/7b/7b/9a5ad1e0e3b3944df750cb1df2290c08679e.udd" 6399
"C:/Users/emanu/AppData/Local/UnrealEngine/Common/DerivedDataCache/Buckets/LegacyTEXTURE/2e/49/6e6f65814e40321899e56b9a6b491c43330e.udd" 6400
"C:/Users/emanu/AppData/Local/UnrealEngine/Common/DerivedDataCache/Buckets/LegacyTEXTURE/43/3e/8e31b617b1c7e8c586c9b3f08bcf0c74d5d8.udd" 6401
"C:/Users/emanu/AppData/Local/UnrealEngine/Common/DerivedDataCache/Buckets/LegacyTEXTURE/18/74/8a1865913f837044ccf31a90ca794a03f966.udd" 6402
"C:/Users/emanu/AppData/Local/UnrealEngine/Common/DerivedDataCache/Buckets/LegacyTEXTURE/b9/50/ada09c24f480329ab2a1c32b473c9127673b.udd" 6403
"C:/Users/emanu/AppData/Local/UnrealEngine/Common/DerivedDataCache/Buckets/LegacyTEXTURE/6f/cf/d8428346f045f9f5dfcd43de1c47cc91e759.udd" 6404
"C:/Users/emanu/AppData/Local/UnrealEngine/Common/DerivedDataCache/Buckets/LegacyTEXTURE/0a/d1/b3545219d3d192cb966b6671df533cb2da7b.udd" 6405
"C:/Users/emanu/AppData/Local/UnrealEngine/Common/DerivedDataCache/Buckets/LegacyTEXTURE/2c/71/3b19cfd805f1b3f7ae16e30d367706be733c.udd" 6406
"C:/Users/emanu/AppData/Local/UnrealEngine/Common/DerivedDataCache/Buckets/LegacyTEXTURE/11/62/fb24955ff6e9022ff3d0741a3d95a2fe68c4.udd" 6407
"C:/Users/emanu/AppData/Local/UnrealEngine/Common/DerivedDataCache/Buckets/LegacyTEXTURE/cb/dd/83a98d807a5f484682cc2196fc0878f5e551.udd" 6408
"C:/Users/emanu/AppData/Local/UnrealEngine/Common/DerivedDataCache/Buckets/LegacyTEXTURE/fb/90/1429c0d371a340ba50d01a329212624c723d.udd" 6409
"C:/Users/emanu/AppData/Local/UnrealEngine/Common/DerivedDataCache/Buckets/LegacyTEXTURE/83/21/dd23ec073a4cea7db1c11160c62de7042261.udd" 6410
"C:/Users/emanu/AppData/Local/UnrealEngine/Common/DerivedDataCache/Buckets/LegacyTEXTURE/85/96/6eb767f4d7023326c8d5865b69f66ec29a20.udd" 6411
"C:/Users/emanu/AppData/Local/UnrealEngine/Common/DerivedDataCache/Content/e0/0f/8d56697c436f79858a1260f4e998947bab60.udd" 6412
"C:/Users/emanu/AppData/Local/UnrealEngine/Common/DerivedDataCache/Buckets/LegacyTEXTURE/30/5d/3545fab0eff248c1b1f04854247a9e6821a5.udd" 6413
"C:/Users/emanu/AppData/Local/UnrealEngine/Common/DerivedDataCache/Buckets/LegacyTEXTURE/43/0e/1f8fe2733379206b62b9f7576068eb4cefdb.udd" 6414
"C:/Users/emanu/AppData/Local/UnrealEngine/Common/DerivedDataCache/Buckets/LegacyTEXTURE/59/a2/0115bb2bbcfe452ac2b84701ed166b681dad.udd" 6415
"C:/Users/emanu/AppData/Local/UnrealEngine/Common/DerivedDataCache/Buckets/LegacyTEXTURE/57/6e/ce20417ff71ce191c8c6a2a2ec82107fc48d.udd" 6416
"C:/Users/emanu/AppData/Local/UnrealEngine/Common/DerivedDataCache/Buckets/LegacyTEXTURE/ec/33/92ea992daa0f85166c587e44ed3659c730ad.udd" 6417
"C:/Users/emanu/AppData/Local/UnrealEngine/Common/DerivedDataCache/Buckets/LegacyTEXTURE/b9/83/d623ad96132ad4be9cb1044c960a929a7807.udd" 6418
"C:/Users/emanu/AppData/Local/UnrealEngine/Common/DerivedDataCache/Buckets/LegacyTEXTURE/2b/2e/a23877c6857b94b177afa1418c27434c0dbc.udd" 6419
"C:/Users/emanu/AppData/Local/UnrealEngine/Common/DerivedDataCache/Content/1e/18/34a24d959eb1471032e155349365e6c2dd70.udd" 6420
"C:/Users/emanu/AppData/Local/UnrealEngine/Common/DerivedDataCache/Buckets/LegacyTEXTURE/28/28/1cf2a5326239aeed9f9b6d9cd4dbd08e63b2.udd" 6421
"C:/Users/emanu/AppData/Local/UnrealEngine/Common/DerivedDataCache/Buckets/LegacyTEXTURE/c1/7e/81c5959658dfd7350afddeac566604ba42a7.udd" 6422
"C:/Users/emanu/AppData/Local/UnrealEngine/Common/DerivedDataCache/Buckets/LegacyTEXTURE/cc/b0/8e83c9c1d31600c566a608ded803e31fa91c.udd" 6423
"C:/Users/emanu/AppData/Local/UnrealEngine/Common/DerivedDataCache/Buckets/LegacyTEXTURE/90/8c/5d6a2da99971fcb33b7712b86159b94c7654.udd" 6424
"C:/Users/emanu/AppData/Local/UnrealEngine/Common/DerivedDataCache/Buckets/LegacyTEXTURE/44/e9/b71d562e5fe04e7f235496189451a7ea1178.udd" 6425
"C:/Users/emanu/AppData/Local/UnrealEngine/Common/DerivedDataCache/Buckets/LegacyTEXTURE/cd/74/16bd2eeb6d1ec69fb3df76e8db0012ab31df.udd" 6426
"C:/Users/emanu/AppData/Local/UnrealEngine/Common/DerivedDataCache/Buckets/LegacyTEXTURE/f3/a2/104209b86d1708d0c327d2838b0351146c30.udd" 6427
"C:/Users/emanu/AppData/Local/UnrealEngine/Common/DerivedDataCache/Content/81/41/453673b0ac91f97ac7de752714d4a40eb1b6.udd" 6428
"C:/Users/emanu/AppData/Local/UnrealEngine/Common/DerivedDataCache/Buckets/LegacyTEXTURE/28/5d/8a19ee43832029eb978713741058f5a4f42c.udd" 6429
"C:/Users/emanu/AppData/Local/UnrealEngine/Common/DerivedDataCache/Buckets/LegacyTEXTURE/c1/87/dcab78dfeb339e01a5d1decda8b227078678.udd" 6430
"C:/Users/emanu/AppData/Local/UnrealEngine/Common/DerivedDataCache/Buckets/LegacyTEXTURE/2a/84/d52cb101e131cb62ebc7dbafb75bd78931fa.udd" 6431
"C:/Users/emanu/AppData/Local/UnrealEngine/Common/DerivedDataCache/Buckets/LegacyTEXTURE/e5/e2/002cc3702a7bae963ff30ff9d4ab3b45832c.udd" 6432
"C:/Users/emanu/AppData/Local/UnrealEngine/Common/DerivedDataCache/Buckets/LegacyTEXTURE/99/1b/4c06c8de68f941f7a23df3fdc67d0834fd86.udd" 6433
"C:/Users/emanu/AppData/Local/UnrealEngine/Common/DerivedDataCache/Buckets/LegacyTEXTURE/73/a2/58d7afe2ad701bd82858d270eec1a350766d.udd" 6434
"C:/Users/emanu/AppData/Local/UnrealEngine/Common/DerivedDataCache/Buckets/LegacyTEXTURE/5c/f0/faadf31542d58c0ed01919d2e6a1d1d62876.udd" 6435
"C:/Users/emanu/AppData/Local/UnrealEngine/Common/DerivedDataCache/Content/7f/a1/629d29c86c5ad4a1f3570170678600320b36.udd" 6436
"C:/Users/emanu/AppData/Local/UnrealEngine/Common/DerivedDataCache/Buckets/LegacyTEXTURE/bb/e8/02941ce7e46380fbf9e67487366086079c64.udd" 6437
"C:/Users/emanu/AppData/Local/UnrealEngine/Common/DerivedDataCache/Buckets/LegacyTEXTURE/94/25/ebfd3d774488693c513841b51a5f29e5ba17.udd" 6438
"C:/Users/emanu/AppData/Local/UnrealEngine/Common/DerivedDataCache/Buckets/LegacyTEXTURE/d1/c5/95cae48872acc8755668f27ba00b98eb1cca.udd" 6439
"C:/Users/emanu/AppData/Local/UnrealEngine/Common/DerivedDataCache/Buckets/LegacyTEXTURE/d6/38/acda9385cffd26df579a7d336d6e7e685a8f.udd" 6440
"C:/Users/emanu/AppData/Local/UnrealEngine/Common/DerivedDataCache/Buckets/LegacyTEXTURE/15/5f/2ae5b8aa2b10b849a652cac55c3ff5306a05.udd" 6441
"C:/Users/emanu/AppData/Local/UnrealEngine/Common/DerivedDataCache/Buckets/LegacyTEXTURE/ae/ec/3608fa308fe56a450d7c379598f372176bb8.udd" 6442
"C:/Users/emanu/AppData/Local/UnrealEngine/Common/DerivedDataCache/Buckets/LegacyTEXTURE/b0/5f/90ac211d2f5cefa5a91edb97befb17f5cc4e.udd" 6443
"C:/Users/emanu/AppData/Local/UnrealEngine/Common/DerivedDataCache/Content/94/e1/5fc82191bea0f19548f847176cc14a8bd0e1.udd" 6444
"C:/Users/emanu/AppData/Local/UnrealEngine/Common/DerivedDataCache/Buckets/LegacyTEXTURE/80/d0/777986904f3a4c8e57cd0738ccc7ac796c78.udd" 6445
"C:/Users/emanu/AppData/Local/UnrealEngine/Common/DerivedDataCache/Buckets/LegacyTEXTURE/f9/c8/5e3b9d82eae1976a50b6b24432afa9ee59a8.udd" 6446
"C:/Users/emanu/AppData/Local/UnrealEngine/Common/DerivedDataCache/Buckets/LegacyTEXTURE/ff/27/d543b8513707d91b5db559d396327e0374b2.udd" 6447
"C:/Users/emanu/AppData/Local/UnrealEngine/Common/DerivedDataCache/Buckets/LegacyTEXTURE/d5/68/83b5c21dd237997cfe2bbd62776ef6cb2305.udd" 6448
"C:/Users/emanu/AppData/Local/UnrealEngine/Common/DerivedDataCache/Buckets/LegacyTEXTURE/8b/50/127cedead6d63e5091c8be7a4dcba1ee9741.udd" 6449
"C:/Users/emanu/AppData/Local/UnrealEngine/Common/DerivedDataCache/Buckets/LegacyTEXTURE/73/68/29f9245040a25b1af0156fe30db4462aa262.udd" 6450
"C:/Users/emanu/AppData/Local/UnrealEngine/Common/DerivedDataCache/Buckets/LegacyTEXTURE/ac/bb/0f768f4c6f8b625ca7a50be961681510888f.udd" 6451
"C:/Users/emanu/AppData/Local/UnrealEngine/Common/DerivedDataCache/Content/19/b8/d413633f44200d5685fc0399d67b33ebf94d.udd" 6452
"C:/Users/emanu/AppData/Local/UnrealEngine/Common/DerivedDataCache/Buckets/LegacyTEXTURE/3f/5d/6eb1d9d36b294e40f678ab4a2207fd725236.udd" 6453
"C:/Users/emanu/AppData/Local/UnrealEngine/Common/DerivedDataCache/Buckets/LegacyTEXTURE/43/a5/abf217dfd76c451b0a3a1da03ede5cc0d971.udd" 6454
"C:/Users/emanu/AppData/Local/UnrealEngine/Common/DerivedDataCache/Buckets/LegacyTEXTURE/d4/f5/d955000719a28ae850ab90c500298732417e.udd" 6455
"C:/Users/emanu/AppData/Local/UnrealEngine/Common/DerivedDataCache/Buckets/LegacyTEXTURE/4a/f7/f126abb71e8593963a532386d783180817a5.udd" 6456
"C:/Users/emanu/AppData/Local/UnrealEngine/Common/DerivedDataCache/Buckets/LegacyTEXTURE/c3/88/e9d8e0bc25a2506109c81047f7c8029be891.udd" 6457
"C:/Users/emanu/AppData/Local/UnrealEngine/Common/DerivedDataCache/Buckets/LegacyTEXTURE/6d/d8/29e42697ad4ec559a340477b3b7e4e124bef.udd" 6458
"C:/Users/emanu/AppData/Local/UnrealEngine/Common/DerivedDataCache/Buckets/LegacyTEXTURE/ad/2b/0c210423b56cea913eb32d96041ee12c77db.udd" 6459
"C:/Users/emanu/AppData/Local/UnrealEngine/Common/DerivedDataCache/Content/70/01/87baab91283e5cd93cc5dce86eb5efd5fa89.udd" 6460
"C:/Users/emanu/AppData/Local/UnrealEngine/Common/DerivedDataCache/Buckets/LegacyTEXTURE/54/de/6079637be290077e85abd1736812fcb85cb0.udd" 6461
"C:/Users/emanu/AppData/Local/UnrealEngine/Common/DerivedDataCache/Buckets/LegacyTEXTURE/4c/da/cbb1883f04c14eed8ce317481cd9709bbb5f.udd" 6462
"C:/Users/emanu/AppData/Local/UnrealEngine/Common/DerivedDataCache/Buckets/LegacyTEXTURE/21/57/744153e3b7e0160fc875c07793054bc2fb71.udd" 6463
"C:/Users/emanu/AppData/Local/UnrealEngine/Common/DerivedDataCache/Buckets/LegacyTEXTURE/e5/24/29425b33be1fafa20302a3e167de8c50467a.udd" 6464
"C:/Users/emanu/AppData/Local/UnrealEngine/Common/DerivedDataCache/Buckets/LegacyTEXTURE/15/6f/b820769fae79f2975946fd1ed594404bd6cc.udd" 6465
"C:/Users/emanu/AppData/Local/UnrealEngine/Common/DerivedDataCache/Buckets/LegacyTEXTURE/50/0d/17a72d01b04a89bcb8aab46ca3673a8a3e97.udd" 6466
"C:/Users/emanu/AppData/Local/UnrealEngine/Common/DerivedDataCache/Buckets/LegacyTEXTURE/7c/88/d4eb9ff0f3a6afa17d421987fc77ab264801.udd" 6467
"C:/Users/emanu/AppData/Local/UnrealEngine/Common/DerivedDataCache/Content/7a/7d/aaa02895996b6ede64a0c4f486be809ff50d.udd" 6468
"C:/Users/emanu/AppData/Local/UnrealEngine/Common/DerivedDataCache/Buckets/LegacyTEXTURE/7f/bf/295924d5ead1a4ee6cee797026bd02c00029.udd" 6469
"C:/Users/emanu/AppData/Local/UnrealEngine/Common/DerivedDataCache/Content/dd/83/f3b14917d5b1c553bfb3d78c67e89fc6138c.udd" 6470
"C:/Users/emanu/AppData/Local/UnrealEngine/Common/DerivedDataCache/Buckets/LegacyTEXTURE/84/e6/38c9393612e52b0ca55a99c05d9b7954ba07.udd" 6471
"C:/Users/emanu/AppData/Local/UnrealEngine/Common/DerivedDataCache/Buckets/LegacyTEXTURE/a0/b0/a1d5ba357b6cd827095d55176db0cb2a3fdc.udd" 6472
"C:/Users/emanu/AppData/Local/UnrealEngine/Common/DerivedDataCache/Buckets/LegacyTEXTURE/51/26/cf73d34730e589549d0dd1a3d49aea1c8338.udd" 6473
"C:/Users/emanu/AppData/Local/UnrealEngine/Common/DerivedDataCache/Buckets/LegacyTEXTURE/dd/ac/16b65389ed64ac08af51dbbe1987c69a0e6c.udd" 6474
"C:/Users/emanu/AppData/Local/UnrealEngine/Common/DerivedDataCache/Buckets/LegacyTEXTURE/42/ee/c44e406de79c212e7638d5a3dcd3146ea259.udd" 6475
"C:/Users/emanu/AppData/Local/UnrealEngine/Common/DerivedDataCache/Buckets/LegacyTEXTURE/5a/f9/9f4352e001aa2073f32ab0e099921340d1e9.udd" 6476
"C:/Users/emanu/AppData/Local/UnrealEngine/Common/DerivedDataCache/Content/d7/f0/40b9419707429df954f7fbcff63a869c4615.udd" 6477
"C:/Users/emanu/AppData/Local/UnrealEngine/Common/DerivedDataCache/Buckets/LegacyTEXTURE/c8/c1/16d981e7ccad487792219485849e17b543b3.udd" 6478
"C:/Users/emanu/AppData/Local/UnrealEngine/Common/DerivedDataCache/Content/fb/f9/c58406a5f0f6de415b756918e1cbf943123b.udd" 6479
"C:/Users/emanu/AppData/Local/UnrealEngine/Common/DerivedDataCache/Buckets/LegacyTEXTURE/4c/26/b4b352517c4025fc81eff6dba11374bb476a.udd" 6480
"C:/Users/emanu/AppData/Local/UnrealEngine/Common/DerivedDataCache/Buckets/LegacyTEXTURE/5e/85/23288297f34fc7632f7f2b4f2e65d8d96d43.udd" 6481
"C:/Users/emanu/AppData/Local/UnrealEngine/Common/DerivedDataCache/Buckets/LegacyTEXTURE/c1/b4/4e766bad49e8bd5849f9af1045bf88a76fc9.udd" 6482
"C:/Users/emanu/AppData/Local/UnrealEngine/Common/DerivedDataCache/Buckets/LegacyTEXTURE/64/9b/8122ef7fb87bc79198e63b55d94786e212fb.udd" 6483
"C:/Users/emanu/AppData/Local/UnrealEngine/Common/DerivedDataCache/Buckets/LegacyTEXTURE/fa/74/70d194dcbfc0e2fb47a86275e452f33b1072.udd" 6484
"C:/Users/emanu/AppData/Local/UnrealEngine/Common/DerivedDataCache/Buckets/LegacyTEXTURE/65/5d/3aa896f0f835275442d12e47ec1d077d3855.udd" 6485
"C:/Users/emanu/AppData/Local/UnrealEngine/Common/DerivedDataCache/Content/c0/5f/716ce3e36b79c62b04b152e0a4d5122ea876.udd" 6486
"C:/Users/emanu/AppData/Local/UnrealEngine/Common/DerivedDataCache/Buckets/LegacyTEXTURE/45/7b/7ff1b7a85077b3b5d2d9db0329cff6c5d5a0.udd" 6487
"C:/Users/emanu/AppData/Local/UnrealEngine/Common/DerivedDataCache/Buckets/LegacyTEXTURE/c4/5b/8ccb7b31a6147c04390e1efdafb3009c1d4e.udd" 6488
"C:/Users/emanu/AppData/Local/UnrealEngine/Common/DerivedDataCache/Buckets/LegacyTEXTURE/c0/46/67760f8c4871db970a2eafba2b59bcfeeea0.udd" 6489
"C:/Users/emanu/AppData/Local/UnrealEngine/Common/DerivedDataCache/Buckets/LegacyTEXTURE/d6/de/8972bd78ef7b06c2afc8c2885425617db9b8.udd" 6490
"C:/Users/emanu/AppData/Local/UnrealEngine/Common/DerivedDataCache/Buckets/LegacyTEXTURE/d6/94/41070e05c2b98279202c114c28767be7c07b.udd" 6491
"C:/Users/emanu/AppData/Local/UnrealEngine/Common/DerivedDataCache/Buckets/LegacyTEXTURE/e4/7c/3d2f08bc4336eeac95b077e0fff09986a9cd.udd" 6492
"C:/Users/emanu/AppData/Local/UnrealEngine/Common/DerivedDataCache/Buckets/LegacyTEXTURE/51/39/8283dbd60220fbc14269a9b049c34f1b120b.udd" 6493
"C:/Users/emanu/AppData/Local/UnrealEngine/Common/DerivedDataCache/Content/3a/f5/71ab6d19560a0ae578f5174a9d20f400a5e7.udd" 6494
"C:/Users/emanu/AppData/Local/UnrealEngine/Common/DerivedDataCache/Buckets/LegacyTEXTURE/d6/b7/4876e211b827efa1c842700f23bfee220a04.udd" 6495
"C:/Users/emanu/AppData/Local/UnrealEngine/Common/DerivedDataCache/Buckets/LegacyTEXTURE/e0/f1/0f71613cbfce7b51bfb12a235f37c00304d4.udd" 6496
"C:/Users/emanu/AppData/Local/UnrealEngine/Common/DerivedDataCache/Buckets/LegacyTEXTURE/6b/51/af7e46f82f73d2f5b4f1b0847c59ecce1e43.udd" 6497
"C:/Users/emanu/AppData/Local/UnrealEngine/Common/DerivedDataCache/Buckets/LegacyTEXTURE/8e/ab/b47576c611049ee283c02d492bbb4b3b9388.udd" 6498
"C:/Users/emanu/AppData/Local/UnrealEngine/Common/DerivedDataCache/Buckets/LegacyTEXTURE/10/63/bbdb7540407d85d89cd839f8bc3a97bc52e7.udd" 6499
"C:/Users/emanu/AppData/Local/UnrealEngine/Common/DerivedDataCache/Buckets/LegacyTEXTURE/42/b5/9d63e1b9fe3c6c0b510d8fb6c162c5d43dd0.udd" 6500
"C:/Users/emanu/AppData/Local/UnrealEngine/Common/DerivedDataCache/Buckets/LegacyTEXTURE/48/ac/4a4904f99fd86f7b35ef4856fdb115b603d4.udd" 6501
"C:/Users/emanu/AppData/Local/UnrealEngine/Common/DerivedDataCache/Content/d4/c9/201fa7aa463efa1822925dfbb526f1a63fb2.udd" 6502
"C:/Users/emanu/AppData/Local/UnrealEngine/Common/DerivedDataCache/Buckets/LegacyTEXTURE/21/f5/721416dd643390b11d9952a2bbb6fd4f7883.udd" 6503
"C:/Users/emanu/AppData/Local/UnrealEngine/Common/DerivedDataCache/Buckets/LegacyTEXTURE/41/66/1199dac333e53a70d2c33c8672a7bba39442.udd" 6504
"C:/Users/emanu/AppData/Local/UnrealEngine/Common/DerivedDataCache/Buckets/LegacyTEXTURE/59/72/82a90630da28eb8668d788ab3d540c81fc95.udd" 6505
"C:/Users/emanu/AppData/Local/UnrealEngine/Common/DerivedDataCache/Buckets/LegacyTEXTURE/9e/cd/53cfffb153d20a1c9b10d6366739b51655a9.udd" 6506
"C:/Users/emanu/AppData/Local/UnrealEngine/Common/DerivedDataCache/Buckets/LegacyTEXTURE/39/7a/404b80f7da8c3a3083ac064f5a71479d554a.udd" 6507
"C:/Users/emanu/AppData/Local/UnrealEngine/Common/DerivedDataCache/Buckets/LegacyTEXTURE/e4/7e/0461135538b56c6ecad44489710ab6e75c89.udd" 6508
"C:/Users/emanu/AppData/Local/UnrealEngine/Common/DerivedDataCache/Buckets/LegacyTEXTURE/e5/36/d784c84fd4198eaf12f2c6cd0c78ee071d8b.udd" 6509
"C:/Users/emanu/AppData/Local/UnrealEngine/Common/DerivedDataCache/Content/92/8a/5bfc00fd1e47b9c80f5aaccfa19864c107be.udd" 6510
"C:/Users/emanu/AppData/Local/UnrealEngine/Common/DerivedDataCache/Buckets/LegacyTEXTURE/c9/39/b7fb74aa298e9153a1b4ee6f761fb7f7c112.udd" 6511
"C:/Users/emanu/AppData/Local/UnrealEngine/Common/DerivedDataCache/Buckets/LegacyTEXTURE/ae/85/3369375d4d1e0d076fd316d0d2c352983ec3.udd" 6512
"C:/Users/emanu/AppData/Local/UnrealEngine/Common/DerivedDataCache/Buckets/LegacyTEXTURE/d5/39/d5d75367bd4fee313b79a4af28c54447b602.udd" 6513
"C:/Users/emanu/AppData/Local/UnrealEngine/Common/DerivedDataCache/Buckets/LegacyTEXTURE/e2/84/9bec5bf9f1a6f9bdb28358267744e153d5d5.udd" 6514
"C:/Users/emanu/AppData/Local/UnrealEngine/Common/DerivedDataCache/Buckets/LegacyTEXTURE/b9/3b/9e0d920821ef8b27570376cedcf7278add1a.udd" 6515
"C:/Users/emanu/AppData/Local/UnrealEngine/Common/DerivedDataCache/Buckets/LegacyTEXTURE/71/ba/0206f31ed959e58b4aa18ec94737d384e202.udd" 6516
"C:/Users/emanu/AppData/Local/UnrealEngine/Common/DerivedDataCache/Buckets/LegacyTEXTURE/98/c1/2e65a6ae6c5e37e929544a29aae5481a99f3.udd" 6517
"C:/Users/emanu/AppData/Local/UnrealEngine/Common/DerivedDataCache/Content/70/2e/1f59c93aa1a438fcb018924c5c24b31502fc.udd" 6518
"C:/Users/emanu/AppData/Local/UnrealEngine/Common/DerivedDataCache/Buckets/LegacyTEXTURE/12/0f/08778665356891d8af33be5e9208588c5185.udd" 6519
"C:/Users/emanu/AppData/Local/UnrealEngine/Common/DerivedDataCache/Buckets/LegacyTEXTURE/5c/3f/51c39899517795dafc935901947991e1e76d.udd" 6520
"C:/Users/emanu/AppData/Local/UnrealEngine/Common/DerivedDataCache/Buckets/LegacyTEXTURE/9b/a4/d053de7f9ec2a73e38bf534f49a9ba64cdf1.udd" 6521
"C:/Users/emanu/AppData/Local/UnrealEngine/Common/DerivedDataCache/Buckets/LegacyTEXTURE/f9/d5/3dde16f5179d0f7fbf2b6f2ea63208701694.udd" 6522
"C:/Users/emanu/AppData/Local/UnrealEngine/Common/DerivedDataCache/Buckets/LegacyTEXTURE/43/fe/e1f5a572369b7f8e1d910caf8ca42bd0bec3.udd" 6523
"C:/Users/emanu/AppData/Local/UnrealEngine/Common/DerivedDataCache/Buckets/LegacyTEXTURE/37/bb/e7d36a97660489ad09404d68fd5c3e4ff82c.udd" 6524
"C:/Users/emanu/AppData/Local/UnrealEngine/Common/DerivedDataCache/Buckets/LegacyTEXTURE/e7/51/5cf4635aed3666febc9cdcba1c1f06ce86f8.udd" 6525
"C:/Users/emanu/AppData/Local/UnrealEngine/Common/DerivedDataCache/Content/b6/a6/1f0645a0457a077ba9f77c88569a7cdcebc9.udd" 6526
"C:/Users/emanu/AppData/Local/UnrealEngine/Common/DerivedDataCache/Buckets/LegacyTEXTURE/c0/27/77778e15f8be32fe8c7f2ab75a50a74d6a32.udd" 6527
"C:/Users/emanu/AppData/Local/UnrealEngine/Common/DerivedDataCache/Buckets/LegacyTEXTURE/b4/e9/3862b3d16777083d7aaf6262289403584073.udd" 6528
"C:/Users/emanu/AppData/Local/UnrealEngine/Common/DerivedDataCache/Buckets/LegacyTEXTURE/7d/55/c82525db2edecbcfdaab55475067000b7a56.udd" 6529
"C:/Users/emanu/AppData/Local/UnrealEngine/Common/DerivedDataCache/Buckets/LegacyTEXTURE/37/7f/ab3f4433be4bebc6c0000a9b04b7a5b71f2f.udd" 6530
"C:/Users/emanu/AppData/Local/UnrealEngine/Common/DerivedDataCache/Buckets/LegacyTEXTURE/d0/cc/3b34097c3c6a8703f72a28b19aea95e76fd3.udd" 6531
"C:/Users/emanu/AppData/Local/UnrealEngine/Common/DerivedDataCache/Buckets/LegacyTEXTURE/23/e3/ce749681bf6689884cddf0b15d0ecca86fa6.udd" 6532
"C:/Users/emanu/AppData/Local/UnrealEngine/Common/DerivedDataCache/Buckets/LegacyTEXTURE/f1/7c/668af0fa621ca1611a7de6058e28284b2198.udd" 6533
"C:/Users/emanu/AppData/Local/UnrealEngine/Common/DerivedDataCache/Content/b8/19/e0977d834448f8ba860797511dc9241503d0.udd" 6534
"C:/Users/emanu/AppData/Local/UnrealEngine/Common/DerivedDataCache/Buckets/LegacyTEXTURE/df/21/78fd53e4c444dd21ea42a559398b5c92e449.udd" 6535
"C:/Users/emanu/AppData/Local/UnrealEngine/Common/DerivedDataCache/Buckets/LegacyTEXTURE/f1/75/0fddc2de8c482ae99972a026f044458cf7bd.udd" 6536
"C:/Users/emanu/AppData/Local/UnrealEngine/Common/DerivedDataCache/Buckets/LegacyTEXTURE/e5/7c/24f999e30f616235489d3991996030738387.udd" 6537
"C:/Users/emanu/AppData/Local/UnrealEngine/Common/DerivedDataCache/Buckets/LegacyTEXTURE/26/9b/7e189ec71e650d35fcd40285382ba5336bf4.udd" 6538
"C:/Users/emanu/AppData/Local/UnrealEngine/Common/DerivedDataCache/Buckets/LegacyTEXTURE/59/b3/6593f12116488fc60aad1444886afa7881c1.udd" 6539
"C:/Users/emanu/AppData/Local/UnrealEngine/Common/DerivedDataCache/Buckets/LegacyTEXTURE/d1/1f/0adba97e2713cb102012310765b9b47ac36e.udd" 6540
"C:/Users/emanu/AppData/Local/UnrealEngine/Common/DerivedDataCache/Buckets/LegacyTEXTURE/03/9a/902af11ccd9334ba7d8c3b427cd0c759afed.udd" 6541
"C:/Users/emanu/AppData/Local/UnrealEngine/Common/DerivedDataCache/Content/cd/3d/ef56479fcfd9f40830236830105a6e64df69.udd" 6542
"C:/Users/emanu/AppData/Local/UnrealEngine/Common/DerivedDataCache/Buckets/LegacyTEXTURE/61/8c/bda62a558ebda9b93f73b318c92aefe6f7a3.udd" 6543
"C:/Users/emanu/AppData/Local/UnrealEngine/Common/DerivedDataCache/Buckets/LegacyTEXTURE/48/b6/76f422195d3e2c0ea0e8adf35c210e07a768.udd" 6544
"C:/Users/emanu/AppData/Local/UnrealEngine/Common/DerivedDataCache/Buckets/LegacyTEXTURE/82/82/cbf6040528143a57bb12c54b5c2d251b7193.udd" 6545
"C:/Users/emanu/AppData/Local/UnrealEngine/Common/DerivedDataCache/Buckets/LegacyTEXTURE/73/0d/6e0b0b7ad2bb9380e684d78c7a379135afd6.udd" 6546
"C:/Users/emanu/AppData/Local/UnrealEngine/Common/DerivedDataCache/Buckets/LegacyTEXTURE/8c/57/6795cc75c9ceac4df483c9be8c3dd0e8057e.udd" 6547
"C:/Users/emanu/AppData/Local/UnrealEngine/Common/DerivedDataCache/Buckets/LegacyTEXTURE/1a/18/0f272765f9e421aff127fcc9a8d7c002ea45.udd" 6548
"C:/Users/emanu/AppData/Local/UnrealEngine/Common/DerivedDataCache/Buckets/LegacyTEXTURE/4d/cb/418c5a9a275f1a987065c2e4caa95c6193ad.udd" 6549
"C:/Users/emanu/AppData/Local/UnrealEngine/Common/DerivedDataCache/Content/dc/24/8300dfb1b70bef44c28e42fccd4f1225d9fc.udd" 6550
"C:/Users/emanu/AppData/Local/UnrealEngine/Common/DerivedDataCache/Buckets/LegacyTEXTURE/16/53/9a5a68bdcebc74f8b84b16a109fac30e0284.udd" 6551
"C:/Users/emanu/AppData/Local/UnrealEngine/Common/DerivedDataCache/Content/7b/02/7f2fbbf3b064ae609017cd1dfed3c0ae4526.udd" 6552
"C:/Users/emanu/AppData/Local/UnrealEngine/Common/DerivedDataCache/Buckets/LegacyTEXTURE/ec/96/2c8dc3505ba0665dfafdd240e2c864b51074.udd" 6553
"C:/Users/emanu/AppData/Local/UnrealEngine/Common/DerivedDataCache/Buckets/LegacyTEXTURE/00/b4/083f01304dd9035a8f0b23ba6c35ba9a173a.udd" 6554
"C:/Users/emanu/AppData/Local/UnrealEngine/Common/DerivedDataCache/Buckets/LegacyTEXTURE/33/aa/3096857906b569977e4c6dc1443337fbebb8.udd" 6555
"C:/Users/emanu/AppData/Local/UnrealEngine/Common/DerivedDataCache/Buckets/LegacyTEXTURE/02/82/35a6623d9c51a40d112aae95941d54fa3930.udd" 6556
"C:/Users/emanu/AppData/Local/UnrealEngine/Common/DerivedDataCache/Buckets/LegacyTEXTURE/34/0a/824768e547c9972575387360ba90b83edab9.udd" 6557
"C:/Users/emanu/AppData/Local/UnrealEngine/Common/DerivedDataCache/Buckets/LegacyTEXTURE/f8/7b/0f73ab360c8e64951ac7cf70c1dd47630859.udd" 6558
"C:/Users/emanu/AppData/Local/UnrealEngine/Common/DerivedDataCache/Buckets/LegacyTEXTURE/7b/00/46fe91d6db86eb266b1f46eccb2af4f71890.udd" 6559
"C:/Users/emanu/AppData/Local/UnrealEngine/Common/DerivedDataCache/Buckets/LegacyTEXTURE/2e/db/50b55b49dd75677653a499f8a0d3c654119e.udd" 6560
"C:/Users/emanu/AppData/Local/UnrealEngine/Common/DerivedDataCache/Buckets/LegacyTEXTURE/c2/e0/22eaab0713432a3778e43ff20335e928d8ce.udd" 6561
"C:/Users/emanu/AppData/Local/UnrealEngine/Common/DerivedDataCache/Buckets/LegacyTEXTURE/5b/67/44377853f45c72ef4e493d67c3adda02cd62.udd" 6562
"C:/Users/emanu/AppData/Local/UnrealEngine/Common/DerivedDataCache/Buckets/LegacyTEXTURE/84/ad/ffa0269ccc6adef155587618d334e1ea02e7.udd" 6563
"C:/Users/emanu/AppData/Local/UnrealEngine/Common/DerivedDataCache/Buckets/LegacyTEXTURE/7f/9a/25224d6a690829bc9bc8ec99fbefcd8c4369.udd" 6564
"C:/Users/emanu/AppData/Local/UnrealEngine/Common/DerivedDataCache/Buckets/LegacyTEXTURE/b5/3a/47829ae5e5bdc7278b41c4de51abf5c41465.udd" 6565
"C:/Users/emanu/AppData/Local/UnrealEngine/Common/DerivedDataCache/Buckets/LegacyTEXTURE/a3/65/2e55e48607995438e4999b0ab6a4f6982ca0.udd" 6566
"C:/Users/emanu/AppData/Local/UnrealEngine/Common/DerivedDataCache/Buckets/LegacyTEXTURE/eb/54/895586edde92e8e2f452e287ba3f33852875.udd" 6567
"C:/Users/emanu/AppData/Local/UnrealEngine/Common/DerivedDataCache/Buckets/LegacyTEXTURE/c2/c8/315c4c850dda8cdc9e35c0ab9af6ef89bc29.udd" 6568
"C:/Users/emanu/AppData/Local/UnrealEngine/Common/DerivedDataCache/Buckets/LegacyTEXTURE/dc/36/4054ac168f7ceedce2ee036125b8bd15d065.udd" 6569
"C:/Users/emanu/AppData/Local/UnrealEngine/Common/DerivedDataCache/Buckets/LegacyTEXTURE/3e/5e/180e6a0f1d445ff7ede6aaa2ad9f094cb037.udd" 6570
"C:/Users/emanu/AppData/Local/UnrealEngine/Common/DerivedDataCache/Buckets/LegacyTEXTURE/7d/96/3680396a5831a2f4c8a1053f94a5a606c8dd.udd" 6571
"C:/Users/emanu/AppData/Local/UnrealEngine/Common/DerivedDataCache/Buckets/LegacyTEXTURE/c1/8f/7031cce36fb35f923f845fab96a8927c86a5.udd" 6572
"C:/Users/emanu/AppData/Local/UnrealEngine/Common/DerivedDataCache/Buckets/LegacyTEXTURE/3f/a6/bbcbd2bf836ca571224d5e9089995d34d68c.udd" 6573
"C:/Users/emanu/AppData/Local/UnrealEngine/Common/DerivedDataCache/Buckets/LegacyTEXTURE/0d/46/cdbfd84e67e1640efb06b3e47e40c5dadf4e.udd" 6574
"C:/Users/emanu/AppData/Local/UnrealEngine/Common/DerivedDataCache/Buckets/LegacyTEXTURE/83/3c/e3991a48bdc8e635cbe4482c7ac2e5ab39bb.udd" 6575
"C:/Users/emanu/AppData/Local/UnrealEngine/Common/DerivedDataCache/Buckets/LegacyTEXTURE/16/28/302fea6564c9b0abf3faa7eb69ad858e3be2.udd" 6576
"C:/Users/emanu/AppData/Local/UnrealEngine/Common/DerivedDataCache/Buckets/LegacyTEXTURE/0e/f6/6c2ee3b3e0c521e34b10c692c20d499ae902.udd" 6577
"C:/Users/emanu/AppData/Local/UnrealEngine/Common/DerivedDataCache/Buckets/LegacyTEXTURE/0d/e2/45e5b162da03d4067ab9bb2f815f273be51f.udd" 6578
"C:/Users/emanu/AppData/Local/UnrealEngine/Common/DerivedDataCache/Buckets/LegacyTEXTURE/18/2b/b232f94d28126f9f00e699a4c8dd927b53ff.udd" 6579
"C:/Users/emanu/AppData/Local/UnrealEngine/Common/DerivedDataCache/Content/e2/4d/5abf5da1977fcfbde0f5b51f68d1cefded2e.udd" 6580
"C:/Users/emanu/AppData/Local/UnrealEngine/Common/DerivedDataCache/Buckets/LegacyTEXTURE/53/d9/00cf051bf4785ae7a5ba1467ab8e2dfd0f93.udd" 6581
"C:/Users/emanu/AppData/Local/UnrealEngine/Common/DerivedDataCache/Buckets/LegacyTEXTURE/29/ef/83f3d6b08bfe0116d49227e206d471d26625.udd" 6582
"C:/Users/emanu/AppData/Local/UnrealEngine/Common/DerivedDataCache/Buckets/LegacyTEXTURE/d4/63/efd60ce82a1d207dfbdd0e9314debdc125ea.udd" 6583
"C:/Users/emanu/AppData/Local/UnrealEngine/Common/DerivedDataCache/Buckets/LegacyTEXTURE/86/a9/3b5f53ef455f9fd489dc58704b500e4d05e6.udd" 6584
"C:/Users/emanu/AppData/Local/UnrealEngine/Common/DerivedDataCache/Buckets/LegacyTEXTURE/a3/61/298f240389a4ba2e7de6c77845a46ee3f837.udd" 6585
"C:/Users/emanu/AppData/Local/UnrealEngine/Common/DerivedDataCache/Buckets/LegacyTEXTURE/a8/fa/7a6a057160d1413bdfd9c0d0d0d8f0deab26.udd" 6586
"C:/Users/emanu/AppData/Local/UnrealEngine/Common/DerivedDataCache/Buckets/LegacyTEXTURE/8f/68/12171276ab9248bf2253a5df18ea958f0bf8.udd" 6587
"C:/Users/emanu/AppData/Local/UnrealEngine/Common/DerivedDataCache/Content/4b/ca/b99c53980f7d28783df31b4b560929583050.udd" 6588
"C:/Users/emanu/AppData/Local/UnrealEngine/Common/DerivedDataCache/Buckets/LegacyTEXTURE/6a/af/ebb16e67ac31775933870ab8657a3af6a7cb.udd" 6589
"C:/Users/emanu/AppData/Local/UnrealEngine/Common/DerivedDataCache/Buckets/LegacyTEXTURE/82/7a/913946a34890f300a1cdd30935bcb3cd101d.udd" 6590
"C:/Users/emanu/AppData/Local/UnrealEngine/Common/DerivedDataCache/Buckets/LegacyTEXTURE/74/f1/2b4e20da272179e2353fa0498addb44802b9.udd" 6591
"C:/Users/emanu/AppData/Local/UnrealEngine/Common/DerivedDataCache/Buckets/LegacyTEXTURE/77/c9/d1d936a0e17c550d73313cb107fce99ced37.udd" 6592
"C:/Users/emanu/AppData/Local/UnrealEngine/Common/DerivedDataCache/Buckets/LegacyTEXTURE/7c/8d/62dbd19e6998bad71878e49d813dbb604bc8.udd" 6593
"C:/Users/emanu/AppData/Local/UnrealEngine/Common/DerivedDataCache/Buckets/LegacyTEXTURE/4c/04/17a2407076bdd2d5c1bba27c11de98ad8f5e.udd" 6594
"C:/Users/emanu/AppData/Local/UnrealEngine/Common/DerivedDataCache/Buckets/LegacyTEXTURE/97/9e/42bf8b57fcd46b1376c1dac781bf7e23cddb.udd" 6595
"C:/Users/emanu/AppData/Local/UnrealEngine/Common/DerivedDataCache/Content/1e/11/e00cae6e3a87306572d1b9c4566fbe78d00b.udd" 6596
"C:/Users/emanu/AppData/Local/UnrealEngine/Common/DerivedDataCache/Buckets/LegacyTEXTURE/db/d0/d3a7a76b3fe0ae58869deb27028c1fdcec8f.udd" 6597
"C:/Users/emanu/AppData/Local/UnrealEngine/Common/DerivedDataCache/Buckets/LegacyTEXTURE/aa/6c/a41f00305743fbd6bd4bb8f51d1daf159f1f.udd" 6598
"C:/Users/emanu/AppData/Local/UnrealEngine/Common/DerivedDataCache/Buckets/LegacyTEXTURE/98/91/ef62d418d11a7366197a31408a1900bdf572.udd" 6599
"C:/Users/emanu/AppData/Local/UnrealEngine/Common/DerivedDataCache/Buckets/LegacyTEXTURE/38/ed/6174fed7ce55dbf6df25c239e51050349d44.udd" 6600
"C:/Users/emanu/AppData/Local/UnrealEngine/Common/DerivedDataCache/Buckets/LegacyTEXTURE/98/d7/9718973fd3f5fc147355982655cd18269997.udd" 6601
"C:/Users/emanu/AppData/Local/UnrealEngine/Common/DerivedDataCache/Buckets/LegacyTEXTURE/62/a2/6a64522b281566147ed1ddc41b7bdf2b2fb9.udd" 6602
"C:/Users/emanu/AppData/Local/UnrealEngine/Common/DerivedDataCache/Buckets/LegacyTEXTURE/0f/62/0b22fdc90592855804c0e9610743d167ebb2.udd" 6603
"C:/Users/emanu/AppData/Local/UnrealEngine/Common/DerivedDataCache/Buckets/LegacyTEXTURE/7f/66/72c723278abfcc0b4b96b4fa1dccab31e36d.udd" 6604
"C:/Users/emanu/AppData/Local/UnrealEngine/Common/DerivedDataCache/Buckets/LegacyTEXTURE/b8/c7/ab52d27eaac5f6e47f1e9a15687178e4e5ee.udd" 6605
"C:/Users/emanu/AppData/Local/UnrealEngine/Common/DerivedDataCache/Buckets/LegacyTEXTURE/56/f8/f3bd4996ecae902a42e8668d0c2f362db5ec.udd" 6606
"C:/Users/emanu/AppData/Local/UnrealEngine/Common/DerivedDataCache/Buckets/LegacyTEXTURE/9d/d1/7bbdca5e50bbbda354174a41281d0c285021.udd" 6607
"C:/Users/emanu/AppData/Local/UnrealEngine/Common/DerivedDataCache/Buckets/LegacyTEXTURE/29/da/87691c22310c98a6474c8e370c2d9a667e92.udd" 6608
"C:/Users/emanu/AppData/Local/UnrealEngine/Common/DerivedDataCache/Buckets/LegacyTEXTURE/c0/75/9bca6d215ed5248780e7fb9ef3ea93b2399c.udd" 6609
"C:/Users/emanu/AppData/Local/UnrealEngine/Common/DerivedDataCache/Buckets/LegacyTEXTURE/75/81/0db3a2a59510ce87963c272a5f9d93d17db9.udd" 6610
"C:/Users/emanu/AppData/Local/UnrealEngine/Common/DerivedDataCache/Buckets/LegacyTEXTURE/5b/c2/e2b07575a5e20f0f3e3dfa64dbf55c4fff12.udd" 6611
"C:/Users/emanu/AppData/Local/UnrealEngine/Common/DerivedDataCache/Buckets/LegacyTEXTURE/67/be/7fd7d3998e2634151252d604e726e6ad38bb.udd" 6612
"C:/Users/emanu/AppData/Local/UnrealEngine/Common/DerivedDataCache/Buckets/LegacyTEXTURE/45/17/26fb9226bb8b67f1bbd082295d60cdda7468.udd" 6613
"C:/Users/emanu/AppData/Local/UnrealEngine/Common/DerivedDataCache/Buckets/LegacyTEXTURE/f1/28/00e39723db6ceba7df40a05c376911d9bd03.udd" 6614
"C:/Users/emanu/AppData/Local/UnrealEngine/Common/DerivedDataCache/Buckets/LegacyTEXTURE/5e/8c/a07dc053c4625d1c6afe06975889218fe2ed.udd" 6615
"C:/Users/emanu/AppData/Local/UnrealEngine/Common/DerivedDataCache/Buckets/LegacyTEXTURE/1c/71/f1aab9fdc6d04d98c3bb4a459f2f8d7c0ae9.udd" 6616
"C:/Users/emanu/AppData/Local/UnrealEngine/Common/DerivedDataCache/Buckets/LegacyTEXTURE/99/f2/d987ef828a7cd71e3543ec658e6af49d0e9d.udd" 6617
"C:/Users/emanu/AppData/Local/UnrealEngine/Common/DerivedDataCache/Buckets/LegacyTEXTURE/44/1b/ef9995f3fd30f43cf88832a74b21a58264df.udd" 6618
"C:/Users/emanu/AppData/Local/UnrealEngine/Common/DerivedDataCache/Buckets/LegacyTEXTURE/f1/67/2abf969c7990edcb9c3be70dc16ad498582d.udd" 6619
"C:/Users/emanu/AppData/Local/UnrealEngine/Common/DerivedDataCache/Buckets/LegacyTEXTURE/7f/3a/f5fd2bcecdee221a16c205330686f4cdb890.udd" 6620
"C:/Users/emanu/AppData/Local/UnrealEngine/Common/DerivedDataCache/Buckets/LegacyTEXTURE/4e/f2/5231fb6207f680c8617be243f3db1ba276cc.udd" 6621
"C:/Users/emanu/AppData/Local/UnrealEngine/Common/DerivedDataCache/Buckets/LegacyTEXTURE/6c/98/810b0813bf6d6c2bb618dc6932fb5a6c0c16.udd" 6622
"C:/Users/emanu/AppData/Local/UnrealEngine/Common/DerivedDataCache/Buckets/LegacyTEXTURE/e9/62/afef6023aad5c829e4967a4506a2073210e9.udd" 6623
"C:/Users/emanu/AppData/Local/UnrealEngine/Common/DerivedDataCache/Buckets/LegacyTEXTURE/03/11/fc583d6f50f890b09825840a41d91e58fba7.udd" 6624
"C:/Users/emanu/AppData/Local/UnrealEngine/Common/DerivedDataCache/Buckets/LegacyTEXTURE/b7/b7/66d3708cd50c49e2e6f0dd55de1846cd36a2.udd" 6625
"C:/Users/emanu/AppData/Local/UnrealEngine/Common/DerivedDataCache/Buckets/LegacyTEXTURE/53/a1/3d55fb9386785c0c0f1289769c1b659badde.udd" 6626
"C:/Users/emanu/AppData/Local/UnrealEngine/Common/DerivedDataCache/Buckets/LegacyTEXTURE/d8/dd/d286b04d33131c109b0cbfc65249aabfef3a.udd" 6627
"C:/Users/emanu/AppData/Local/UnrealEngine/Common/DerivedDataCache/Buckets/LegacyTEXTURE/5d/c6/d73a98e37212d0bbda5badc1c71b7eafba17.udd" 6628
"C:/Users/emanu/AppData/Local/UnrealEngine/Common/DerivedDataCache/Buckets/LegacyTEXTURE/bf/9d/70c7f3f7cd5d1f338391d73a0e227b6b905e.udd" 6629
"C:/Users/emanu/AppData/Local/UnrealEngine/Common/DerivedDataCache/Buckets/LegacyTEXTURE/2d/07/95cf65623c42354b89427bf3795998ea01bc.udd" 6630
"C:/Users/emanu/AppData/Local/UnrealEngine/Common/DerivedDataCache/Buckets/LegacyTEXTURE/96/1e/2664383d37649edba65392008482a5d9fb0d.udd" 6631
"C:/Users/emanu/AppData/Local/UnrealEngine/Common/DerivedDataCache/Buckets/LegacyTEXTURE/aa/58/4984ec3a825c415a130a7678f9812324d008.udd" 6632
"C:/Users/emanu/AppData/Local/UnrealEngine/Common/DerivedDataCache/Buckets/LegacyTEXTURE/1f/09/ba0dd4cb9035125bcfb9d7e6910201641273.udd" 6633
"C:/Users/emanu/AppData/Local/UnrealEngine/Common/DerivedDataCache/Buckets/LegacyTEXTURE/c1/3d/c5f976c9847584fe961ab755962b2f1c459f.udd" 6634
"C:/Users/emanu/AppData/Local/UnrealEngine/Common/DerivedDataCache/Buckets/LegacyTEXTURE/0e/67/9ac21f3c59d7fed504c361ff5125cb2332f8.udd" 6635
"C:/Users/emanu/AppData/Local/UnrealEngine/Common/DerivedDataCache/Buckets/LegacyTEXTURE/d6/13/ca733e76e1f32ca632f8b2c3647ac3416800.udd" 6636
"C:/Users/emanu/AppData/Local/UnrealEngine/Common/DerivedDataCache/Buckets/LegacyTEXTURE/0c/1f/2ca1f845714de8d1015b10d007a34489fb35.udd" 6637
"C:/Users/emanu/AppData/Local/UnrealEngine/Common/DerivedDataCache/Buckets/LegacyTEXTURE/69/36/086f8bad6821fe69ceec5617ab726e913026.udd" 6638
"C:/Users/emanu/AppData/Local/UnrealEngine/Common/DerivedDataCache/Buckets/LegacyTEXTURE/ef/f6/24599b97f6c186f1355e7e4f79e06561f044.udd" 6639
"C:/Users/emanu/AppData/Local/UnrealEngine/Common/DerivedDataCache/Buckets/LegacyTEXTURE/f3/cf/b48b14c69531ca9f104ef0ad0ae16ae63a39.udd" 6640
"C:/Users/emanu/AppData/Local/UnrealEngine/Common/DerivedDataCache/Buckets/LegacyTEXTURE/15/4b/a1c8c48136c73f4b020f5418e4c1cae75bcf.udd" 6641
"C:/Users/emanu/AppData/Local/UnrealEngine/Common/DerivedDataCache/Buckets/LegacyTEXTURE/29/b8/4d116e81fb0f577ace068739e87324489c8d.udd" 6642
"C:/Users/emanu/AppData/Local/UnrealEngine/Common/DerivedDataCache/Buckets/LegacyTEXTURE/69/ac/86e085011d47a7cb43a49359dfccebb16464.udd" 6643
"C:/Users/emanu/AppData/Local/UnrealEngine/Common/DerivedDataCache/Buckets/LegacyTEXTURE/c7/45/70cd996d07113971cf51d21d9ec74170d650.udd" 6644
"C:/Users/emanu/AppData/Local/UnrealEngine/Common/DerivedDataCache/Buckets/LegacyTEXTURE/47/b7/8ca9c760d21c609c4219a35dcb90cc207171.udd" 6645
"C:/Users/emanu/AppData/Local/UnrealEngine/Common/DerivedDataCache/Buckets/LegacyTEXTURE/f7/89/7dd475079444cc7285c2108a917282856851.udd" 6646
"C:/Users/emanu/AppData/Local/UnrealEngine/Common/DerivedDataCache/Buckets/LegacyTEXTURE/b5/41/f4881489fd3187fd528363b23c7207861169.udd" 6647
"C:/Users/emanu/AppData/Local/UnrealEngine/Common/DerivedDataCache/Buckets/LegacyTEXTURE/77/2d/63e34fa59100b1ce14baa6db0b1307f971a9.udd" 6648
"C:/Users/emanu/AppData/Local/UnrealEngine/Common/DerivedDataCache/Buckets/LegacyTEXTURE/fa/b5/f771e411dc74844c741437c99b2d96d1b80c.udd" 6649
"C:/Users/emanu/AppData/Local/UnrealEngine/Common/DerivedDataCache/Buckets/LegacyTEXTURE/77/75/d09f2b4d3870ddf58ab38ecd079b22af5da7.udd" 6650
"C:/Users/emanu/AppData/Local/UnrealEngine/Common/DerivedDataCache/Buckets/LegacyTEXTURE/76/3b/7ecf10798c55f7a203cb34441bebed0be4f2.udd" 6651
"C:/Users/emanu/AppData/Local/UnrealEngine/Common/DerivedDataCache/Buckets/LegacyTEXTURE/93/f7/20a4f8c170bca91b16f988a1331a5942b26a.udd" 6652
"C:/Users/emanu/AppData/Local/UnrealEngine/Common/DerivedDataCache/Buckets/LegacyTEXTURE/02/a5/f7ee8ef226f009fac017461dba9f242b9ca8.udd" 6653
"C:/Users/emanu/AppData/Local/UnrealEngine/Common/DerivedDataCache/Buckets/LegacyTEXTURE/21/df/7382745b820a8f8a6d1606e2d80e9fdc08bf.udd" 6654
"C:/Users/emanu/AppData/Local/UnrealEngine/Common/DerivedDataCache/Buckets/LegacyTEXTURE/43/b3/001832894e0fe71c1a5ea9d08f42d9a8632d.udd" 6655
"C:/Users/emanu/AppData/Local/UnrealEngine/Common/DerivedDataCache/Buckets/LegacyTEXTURE/28/89/aaaf66eab3bab8a083a10fc0217b0934fe2e.udd" 6656
"C:/Users/emanu/AppData/Local/UnrealEngine/Common/DerivedDataCache/Buckets/LegacyTEXTURE/7f/b2/ff0ea35cb4d18cf8845e9f4df527d61fbefb.udd" 6657
"C:/Users/emanu/AppData/Local/UnrealEngine/Common/DerivedDataCache/Buckets/LegacyTEXTURE/5e/03/f061229573eeaac15f8bc95b5efeb583a970.udd" 6658
"C:/Users/emanu/AppData/Local/UnrealEngine/Common/DerivedDataCache/Buckets/LegacyTEXTURE/48/4a/068f27d33d1a3b21ab66e8a1ec9d635ad087.udd" 6659
"C:/Users/emanu/AppData/Local/UnrealEngine/Common/DerivedDataCache/Buckets/LegacyTEXTURE/2b/6a/fd46db4d90886e1723bc3b87ad57aacfcc01.udd" 6660
"C:/Users/emanu/AppData/Local/UnrealEngine/Common/DerivedDataCache/Buckets/LegacyTEXTURE/69/9b/d52ea492268fcaf10fbfbe9cf577c21cb2dd.udd" 6661
"C:/Users/emanu/AppData/Local/UnrealEngine/Common/DerivedDataCache/Buckets/LegacyTEXTURE/81/a6/610021efa1f102b357e6f08a0561e5020c38.udd" 6662
"C:/Users/emanu/AppData/Local/UnrealEngine/Common/DerivedDataCache/Buckets/LegacyTEXTURE/f4/dd/dcc110e8ba8bd18d7c3769607b27dc5543c1.udd" 6663
"C:/Users/emanu/AppData/Local/UnrealEngine/Common/DerivedDataCache/Buckets/LegacyTEXTURE/6b/65/7f16455b770cb8bf47e295832e5f5e1ae008.udd" 6664
"C:/Users/emanu/AppData/Local/UnrealEngine/Common/DerivedDataCache/Buckets/LegacyTEXTURE/c6/4a/ca20235ef54c2b202468f07476e4e4911aff.udd" 6665
"C:/Users/emanu/AppData/Local/UnrealEngine/Common/DerivedDataCache/Buckets/LegacyTEXTURE/98/74/fbb5e79923b3d1b2f239b1d7f180674fbc68.udd" 6666
"C:/Users/emanu/AppData/Local/UnrealEngine/Common/DerivedDataCache/Buckets/LegacyTEXTURE/7c/8f/d032b8eb233009a19eea13180aabb7dd1fa6.udd" 6667
"C:/Users/emanu/AppData/Local/UnrealEngine/Common/DerivedDataCache/Buckets/LegacyTEXTURE/4f/9f/c06934ae7f77fed4cb9d4baae97fa7129770.udd" 6668
"C:/Users/emanu/AppData/Local/UnrealEngine/Common/DerivedDataCache/Buckets/LegacyTEXTURE/87/0d/1c9a48d30f66630969de8c546a9bc4294c3e.udd" 6669
"C:/Users/emanu/AppData/Local/UnrealEngine/Common/DerivedDataCache/Buckets/LegacyTEXTURE/fb/6f/f86bd56844663cc0bbcfbea0339495af2bf7.udd" 6670
"C:/Users/emanu/AppData/Local/UnrealEngine/Common/DerivedDataCache/Buckets/LegacyTEXTURE/11/16/f75d154dbadc82e133b554460e2ebf5e4ad4.udd" 6671
"C:/Users/emanu/AppData/Local/UnrealEngine/Common/DerivedDataCache/Buckets/LegacyTEXTURE/1f/12/7f73f97caea2db8f24b4404c257036107a83.udd" 6672
"C:/Users/emanu/AppData/Local/UnrealEngine/Common/DerivedDataCache/Buckets/LegacyTEXTURE/4c/b7/f958046201166d79c4ea915ed970e4727e75.udd" 6673
"C:/Users/emanu/AppData/Local/UnrealEngine/Common/DerivedDataCache/Buckets/LegacyTEXTURE/e6/46/78904a874427ea54f6117eafc91336469fff.udd" 6674
"C:/Users/emanu/AppData/Local/UnrealEngine/Common/DerivedDataCache/Buckets/LegacyTEXTURE/b2/ab/c5287f9cefae6648700da62bb48af37aa689.udd" 6675
"C:/Users/emanu/AppData/Local/UnrealEngine/Common/DerivedDataCache/Buckets/LegacyTEXTURE/90/61/12d15fa05ced02e6a4841dd707a0e583f291.udd" 6676
"C:/Users/emanu/AppData/Local/UnrealEngine/Common/DerivedDataCache/Buckets/LegacyTEXTURE/87/1e/6817518b4c952a07831e0e84f0e02c63aa17.udd" 6677
"C:/Users/emanu/AppData/Local/UnrealEngine/Common/DerivedDataCache/Buckets/LegacyTEXTURE/d1/d3/dd000457d007758bb325d5dc351692d26f68.udd" 6678
"C:/Users/emanu/AppData/Local/UnrealEngine/Common/DerivedDataCache/Buckets/LegacyTEXTURE/a0/ae/a767a24d02128ab70c469eddc622158a30f3.udd" 6679
"C:/Users/emanu/AppData/Local/UnrealEngine/Common/DerivedDataCache/Buckets/LegacyTEXTURE/d8/8d/8aca1864dc75f8e498b17979fb653bf0c731.udd" 6680
"C:/Users/emanu/AppData/Local/UnrealEngine/Common/DerivedDataCache/Buckets/LegacyTEXTURE/66/f5/89637601693b5f2a13dc2736439a60606834.udd" 6681
"C:/Users/emanu/AppData/Local/UnrealEngine/Common/DerivedDataCache/Buckets/LegacyTEXTURE/47/15/e81af7854f67b809f44398e5e8e5ad3fb0b9.udd" 6682
"C:/Users/emanu/AppData/Local/UnrealEngine/Common/DerivedDataCache/Buckets/LegacyTEXTURE/24/32/4eddfef456799a0aff4c3f406b76dddc181c.udd" 6683
"C:/Users/emanu/AppData/Local/UnrealEngine/Common/DerivedDataCache/Buckets/LegacyTEXTURE/7c/a9/a6a3c522614ad5eb5a056ba10718cc88425b.udd" 6684
"C:/Users/emanu/AppData/Local/UnrealEngine/Common/DerivedDataCache/Buckets/LegacyTEXTURE/ea/7f/8e4ce30ca0b097017c7ba3179e3a4d56b970.udd" 6685
"C:/Users/emanu/AppData/Local/UnrealEngine/Common/DerivedDataCache/Buckets/LegacyTEXTURE/d2/be/76849dc2da30073edd99950e48ca43cd65bc.udd" 6686
"C:/Users/emanu/AppData/Local/UnrealEngine/Common/DerivedDataCache/Buckets/LegacyTEXTURE/55/39/1ab2b442d948696bb04d1ad8a1e03b0aed4e.udd" 6687
"C:/Users/emanu/AppData/Local/UnrealEngine/Common/DerivedDataCache/Buckets/LegacyTEXTURE/13/3c/a049b929bdfdadb74e474fd165d1c167b249.udd" 6688
"C:/Users/emanu/AppData/Local/UnrealEngine/Common/DerivedDataCache/Buckets/LegacyTEXTURE/39/53/75d09246c2b2d1357d75307f613295389e0f.udd" 6689
"C:/Users/emanu/AppData/Local/UnrealEngine/Common/DerivedDataCache/Buckets/LegacyTEXTURE/fa/e4/acce8b2a5c8a0d009d4d2ef14a324bb9a0c3.udd" 6690
"C:/Users/emanu/AppData/Local/UnrealEngine/Common/DerivedDataCache/Buckets/LegacyTEXTURE/07/9e/5b3a192df43fb561cb96722fe33b0ea1d3af.udd" 6691
"C:/Users/emanu/AppData/Local/UnrealEngine/Common/DerivedDataCache/Buckets/LegacyTEXTURE/33/93/1ac2dc8935b1760da9a1224191565502bd3b.udd" 6692
"C:/Users/emanu/AppData/Local/UnrealEngine/Common/DerivedDataCache/Buckets/LegacyTEXTURE/2b/ce/c707a679b91cbbaa6c0dd9b86ce99dac184b.udd" 6693
"C:/Users/emanu/AppData/Local/UnrealEngine/Common/DerivedDataCache/Buckets/LegacyTEXTURE/ab/82/0f8dca82439eb569cc153e9f875fc19bb7b9.udd" 6694
"C:/Users/emanu/AppData/Local/UnrealEngine/Common/DerivedDataCache/Buckets/LegacyTEXTURE/6d/90/da62727f712c619e2a13b5f2513e9fe0cab0.udd" 6695
"C:/Users/emanu/AppData/Local/UnrealEngine/Common/DerivedDataCache/Buckets/LegacyTEXTURE/ea/89/f6fcd905d978885ec23725a98067d7795448.udd" 6696
"C:/Users/emanu/AppData/Local/UnrealEngine/Common/DerivedDataCache/Buckets/LegacyTEXTURE/e8/fb/1f8ccf9e7d339d25249d8a49d626b400dd56.udd" 6697
"C:/Users/emanu/AppData/Local/UnrealEngine/Common/DerivedDataCache/Buckets/LegacyTEXTURE/5d/2e/1428cd2e45e5d7e9538c30c63d9d3eb23886.udd" 6698
"C:/Users/emanu/AppData/Local/UnrealEngine/Common/DerivedDataCache/Buckets/LegacyTEXTURE/9a/f7/7fd2a99ace8c7964d12f7267dd21fc5a70d5.udd" 6699
"C:/Users/emanu/AppData/Local/UnrealEngine/Common/DerivedDataCache/Buckets/LegacyTEXTURE/53/76/a85ac183a562f1e8cb2f4990f25308a1d945.udd" 6700
"C:/Users/emanu/AppData/Local/UnrealEngine/Common/DerivedDataCache/Buckets/LegacyTEXTURE/38/fd/33a2e1e1252cc36bd40f7bb376156ad1d51e.udd" 6701
"C:/Users/emanu/AppData/Local/UnrealEngine/Common/DerivedDataCache/Buckets/LegacyTEXTURE/bf/76/c2a3a14af92a2c04249a4e128899735a8d31.udd" 6702
"C:/Users/emanu/AppData/Local/UnrealEngine/Common/DerivedDataCache/Buckets/LegacyTEXTURE/e3/55/5663b709aa7a14cc6bfd33b0c09e5da95d9e.udd" 6703
"C:/Users/emanu/AppData/Local/UnrealEngine/Common/DerivedDataCache/Buckets/LegacyTEXTURE/1d/1e/d228cce9f165cfafeb2c51f11fc7e5efcd9c.udd" 6704
"C:/Users/emanu/AppData/Local/UnrealEngine/Common/DerivedDataCache/Buckets/LegacyTEXTURE/2f/8f/a7cd0a43de44b824854a9756e361297eb8c7.udd" 6705
"C:/Users/emanu/AppData/Local/UnrealEngine/Common/DerivedDataCache/Buckets/LegacyTEXTURE/af/7f/559b3314883b22b903bb3c76a89e0010205e.udd" 6706
"C:/Users/emanu/AppData/Local/UnrealEngine/Common/DerivedDataCache/Buckets/LegacyTEXTURE/b5/f7/997a5f6870eb214465e6442e19310f0d8994.udd" 6707
"C:/Users/emanu/AppData/Local/UnrealEngine/Common/DerivedDataCache/Buckets/LegacyTEXTURE/13/6b/9c56a234e0da94e16c9a65fc6ce74be3cc19.udd" 6708
"C:/Users/emanu/AppData/Local/UnrealEngine/Common/DerivedDataCache/Buckets/LegacyTEXTURE/93/02/f477d8200b9516829ea75ac7601ef5a8ca0f.udd" 6709
"C:/Users/emanu/AppData/Local/UnrealEngine/Common/DerivedDataCache/Buckets/LegacyTEXTURE/b6/7d/673a20b75dcd290253c9d0d6b9538ff84e75.udd" 6710
"C:/Users/emanu/AppData/Local/UnrealEngine/Common/DerivedDataCache/Buckets/LegacyTEXTURE/a3/6e/f390f07ee8b9d0631be2481e80a4cd244a6f.udd" 6711
"C:/Users/emanu/AppData/Local/UnrealEngine/Common/DerivedDataCache/Buckets/LegacyTEXTURE/f3/6e/f3794799cc30f5cb91077cb09ee9283bcec5.udd" 6712
"C:/Users/emanu/AppData/Local/UnrealEngine/Common/DerivedDataCache/Buckets/LegacyTEXTURE/4d/b2/825f877d48beb423d927e55c74de9e68b5d4.udd" 6713
"C:/Users/emanu/AppData/Local/UnrealEngine/Common/DerivedDataCache/Buckets/LegacyTEXTURE/3a/38/3c69a076e5442b086938fcdd07b1e2991c8f.udd" 6714
"C:/Users/emanu/AppData/Local/UnrealEngine/Common/DerivedDataCache/Buckets/LegacyTEXTURE/81/e7/467754726b675f1e51766da30dbfd1fbfe8f.udd" 6715
"C:/Users/emanu/AppData/Local/UnrealEngine/Common/DerivedDataCache/Buckets/LegacyTEXTURE/dc/53/7eab725272d7e8c125a39da4e3e01cfaab85.udd" 6716
"C:/Users/emanu/AppData/Local/UnrealEngine/Common/DerivedDataCache/Buckets/LegacyTEXTURE/d4/9f/8e136fb8e01d1dc24c16a7044926c634d6a9.udd" 6717
"C:/Users/emanu/AppData/Local/UnrealEngine/Common/DerivedDataCache/Buckets/LegacyTEXTURE/c9/36/91589ffdb4eb44843bda934e41140d6aafb9.udd" 6718
"C:/Users/emanu/AppData/Local/UnrealEngine/Common/DerivedDataCache/Buckets/LegacyTEXTURE/48/a1/cca138ab75aae9504a0a4c8efa4b1610ec4c.udd" 6719
"C:/Users/emanu/AppData/Local/UnrealEngine/Common/DerivedDataCache/Buckets/LegacyTEXTURE/23/68/b2caaab25f6a97aa62238657bd6fb474ba98.udd" 6720
"C:/Users/emanu/AppData/Local/UnrealEngine/Common/DerivedDataCache/Buckets/LegacyTEXTURE/e9/3c/065dca85191306a0ff8b818f90ba5b7e003c.udd" 6721
"C:/Users/emanu/AppData/Local/UnrealEngine/Common/DerivedDataCache/Buckets/LegacyTEXTURE/11/3f/bce0f0c04d9b8ae8782666d98158d24705cb.udd" 6722
"C:/Users/emanu/AppData/Local/UnrealEngine/Common/DerivedDataCache/Buckets/LegacyTEXTURE/ee/ce/adb8dffdb7512676950a76ccd841bbf8e692.udd" 6723
"C:/Users/emanu/AppData/Local/UnrealEngine/Common/DerivedDataCache/Buckets/LegacyTEXTURE/ee/87/dca94384b053583a8d3bfe003f783cc3fb1f.udd" 6724
"C:/Users/emanu/AppData/Local/UnrealEngine/Common/DerivedDataCache/Buckets/LegacyTEXTURE/2d/db/f2ab588bd6fde87016af3523c52383a79bee.udd" 6725
"C:/Users/emanu/AppData/Local/UnrealEngine/Common/DerivedDataCache/Buckets/LegacyTEXTURE/d7/2a/4493ef9922386206118a9cca7271e891b620.udd" 6726
"C:/Users/emanu/AppData/Local/UnrealEngine/Common/DerivedDataCache/Buckets/LegacyTEXTURE/d0/ad/13a96581f10d9e1a7434282d76ead4494da9.udd" 6727
"C:/Users/emanu/AppData/Local/UnrealEngine/Common/DerivedDataCache/Buckets/LegacyTEXTURE/c3/31/6424a674ca89984f65000b26e6e929a49488.udd" 6728
"C:/Users/emanu/AppData/Local/UnrealEngine/Common/DerivedDataCache/Buckets/LegacyTEXTURE/b3/7e/1525490067a0131ade48c60f68058efb8f24.udd" 6729
"C:/Users/emanu/AppData/Local/UnrealEngine/Common/DerivedDataCache/Buckets/LegacyTEXTURE/80/06/585e92602693b06ac8bef466e7b1574ebc98.udd" 6730
"C:/Users/emanu/AppData/Local/UnrealEngine/Common/DerivedDataCache/Buckets/LegacyTEXTURE/28/b4/d67f28839410ddbbabbc652933c896cbb363.udd" 6731
"C:/Users/emanu/AppData/Local/UnrealEngine/Common/DerivedDataCache/Buckets/LegacyTEXTURE/ff/2a/848200b0fe16be164fb3a1edde923a3b30c9.udd" 6732
"C:/Users/emanu/AppData/Local/UnrealEngine/Common/DerivedDataCache/Buckets/LegacyTEXTURE/7a/27/2f1ef9024479babc79acaea7df740c3d9a9d.udd" 6733
"C:/Users/emanu/AppData/Local/UnrealEngine/Common/DerivedDataCache/Buckets/LegacyTEXTURE/af/9d/95480f3e5ca5e1c4f5e5006353c60e9a9f9e.udd" 6734
"C:/Users/emanu/AppData/Local/UnrealEngine/Common/DerivedDataCache/Buckets/LegacyTEXTURE/71/0d/a3913a879ed76cdfa2cca3cd9a41d986ecf1.udd" 6735
"C:/Users/emanu/AppData/Local/UnrealEngine/Common/DerivedDataCache/Buckets/LegacyTEXTURE/b3/5f/6789bc6a4e8e07e3fe1602e8ce64addda582.udd" 6736
"C:/Users/emanu/AppData/Local/UnrealEngine/Common/DerivedDataCache/Buckets/LegacyTEXTURE/1f/e6/cc35ecd26ec104b04e8a2138a22426d93ff5.udd" 6737
"C:/Users/emanu/AppData/Local/UnrealEngine/Common/DerivedDataCache/Buckets/LegacyTEXTURE/b7/20/d4fde3312939c8af6a3ae463793a287fa389.udd" 6738
"C:/Users/emanu/AppData/Local/UnrealEngine/Common/DerivedDataCache/Buckets/LegacyTEXTURE/73/54/bf8559a782296dca87b859767c0f804aaf56.udd" 6739
"C:/Users/emanu/AppData/Local/UnrealEngine/Common/DerivedDataCache/Buckets/LegacyTEXTURE/10/a6/931cacbf3fe5ee4d4467cde87010e0d8fc13.udd" 6740
"C:/Users/emanu/AppData/Local/UnrealEngine/Common/DerivedDataCache/Buckets/LegacyTEXTURE/c9/22/ec0f0ca53c1f461c673a6b00306338cc826f.udd" 6741
"C:/Users/emanu/AppData/Local/UnrealEngine/Common/DerivedDataCache/Buckets/LegacyTEXTURE/f2/cf/f14fa8ce55147742386babba16b44a5c958b.udd" 6742
"C:/Users/emanu/AppData/Local/UnrealEngine/Common/DerivedDataCache/Buckets/LegacyTEXTURE/f8/54/db45bc959e5c31bd0ed35a284855f412809a.udd" 6743
"C:/Users/emanu/AppData/Local/UnrealEngine/Common/DerivedDataCache/Buckets/LegacyTEXTURE/a1/c8/ee69ce4ad338bd6877b4d0649873867f2d24.udd" 6744
"C:/Users/emanu/AppData/Local/UnrealEngine/Common/DerivedDataCache/Buckets/LegacyTEXTURE/fb/ed/73916204ff7931f682cf7d135ca2d2303949.udd" 6745
"C:/Users/emanu/AppData/Local/UnrealEngine/Common/DerivedDataCache/Buckets/LegacyTEXTURE/9c/05/ace5a67f52d7e863da3fde2f67c83b654b5e.udd" 6746
"C:/Users/emanu/AppData/Local/UnrealEngine/Common/DerivedDataCache/Buckets/LegacyTEXTURE/08/c8/af81e97cad4d67cb80680d7a30da7f524cbd.udd" 6747
"C:/Users/emanu/AppData/Local/UnrealEngine/Common/DerivedDataCache/Content/4a/bf/53355bd7ea4929a7ef0a193262f64e3360d5.udd" 6748
"C:/Users/emanu/AppData/Local/UnrealEngine/Common/DerivedDataCache/Buckets/LegacyTEXTURE/ce/ec/d8335bcd19f3c29c3b05b17c3042c9ad1d33.udd" 6749
"C:/Users/emanu/AppData/Local/UnrealEngine/Common/DerivedDataCache/Buckets/LegacyTEXTURE/2a/2a/9b4acf6df9d39104af4aa19bfea2b2fef629.udd" 6750
"C:/Users/emanu/AppData/Local/UnrealEngine/Common/DerivedDataCache/Buckets/LegacyTEXTURE/dc/de/4e2fb7b30552a91e1278a0da457fe7853306.udd" 6751
"C:/Users/emanu/AppData/Local/UnrealEngine/Common/DerivedDataCache/Buckets/LegacyTEXTURE/fc/e0/84b1efb2477bb547e16c72dc3a10ad7f19f3.udd" 6752
"C:/Users/emanu/AppData/Local/UnrealEngine/Common/DerivedDataCache/Buckets/LegacyTEXTURE/09/32/3d1646167fefa61109b81adc6a65cdedd24c.udd" 6753
"C:/Users/emanu/AppData/Local/UnrealEngine/Common/DerivedDataCache/Buckets/LegacyTEXTURE/a7/2c/bb2ec448b656cc6db3391db6037bd1d61f40.udd" 6754
"C:/Users/emanu/AppData/Local/UnrealEngine/Common/DerivedDataCache/Buckets/LegacyTEXTURE/f0/ab/95b4bffa70dfaeac7c4e4f613cfc7ed2272e.udd" 6755
"C:/Users/emanu/AppData/Local/UnrealEngine/Common/DerivedDataCache/Buckets/LegacyTEXTURE/fe/cc/eff2b3dd9d31f322aebfdc1c58cd08ca906c.udd" 6756
"C:/Users/emanu/AppData/Local/UnrealEngine/Common/DerivedDataCache/Buckets/LegacyTEXTURE/0b/a5/d9567b455a7208fe8e48690ad727f66b0fcc.udd" 6757
"C:/Users/emanu/AppData/Local/UnrealEngine/Common/DerivedDataCache/Buckets/LegacyTEXTURE/a0/74/594e3a743ff7faf2a359cbfd85b4bb558672.udd" 6758
"C:/Users/emanu/AppData/Local/UnrealEngine/Common/DerivedDataCache/Buckets/LegacyTEXTURE/25/e7/0c4869897c8e8c8f232f8a19bfa5fff1aeb9.udd" 6759
"C:/Users/emanu/AppData/Local/UnrealEngine/Common/DerivedDataCache/Buckets/LegacyTEXTURE/de/6d/a15d4b1a128dbbe4955b553393ea364fe276.udd" 6760
"C:/Users/emanu/AppData/Local/UnrealEngine/Common/DerivedDataCache/Content/e1/b8/7cc7742a053b2764ad6f79ff648f870beb64.udd" 6761
"C:/Users/emanu/AppData/Local/UnrealEngine/Common/DerivedDataCache/Content/e4/9a/4604967812731a85e3f7d56988bb51c3bb77.udd" 6762
"C:/Users/emanu/AppData/Local/UnrealEngine/Common/DerivedDataCache/Buckets/LegacyTEXTURE/e8/99/bc98e5fa3e92d48130f5c69d9b693fb63f14.udd" 6763
"C:/Users/emanu/AppData/Local/UnrealEngine/Common/DerivedDataCache/Buckets/LegacyTEXTURE/a0/c1/7904feb761d2974e594c9df95608bc4abbe1.udd" 6764
"C:/Users/emanu/AppData/Local/UnrealEngine/Common/DerivedDataCache/Buckets/LegacyTEXTURE/b3/bc/0dd185a9a2905725094335ad75b7fba00ab4.udd" 6765
"C:/Users/emanu/AppData/Local/UnrealEngine/Common/DerivedDataCache/Buckets/LegacyTEXTURE/a9/9a/ad91e3c6174f502610760d5a3f75f62a82e2.udd" 6766
"C:/Users/emanu/AppData/Local/UnrealEngine/Common/DerivedDataCache/Buckets/LegacyTEXTURE/ae/f4/e61b4898236e11474a7ab521130bf6b2eb1d.udd" 6767
"C:/Users/emanu/AppData/Local/UnrealEngine/Common/DerivedDataCache/Buckets/LegacyTEXTURE/79/9c/6ecaec0946c1db5ba7d1e861c1e270403802.udd" 6768
"C:/Users/emanu/AppData/Local/UnrealEngine/Common/DerivedDataCache/Buckets/LegacyTEXTURE/36/9c/2d009738c5f5d11a51b24a93cec2f8dd7043.udd" 6769
"C:/Users/emanu/AppData/Local/UnrealEngine/Common/DerivedDataCache/Buckets/LegacyTEXTURE/a7/ee/daeb7d1f367ce8d130432ce8a59a74736490.udd" 6770
"C:/Users/emanu/AppData/Local/UnrealEngine/Common/DerivedDataCache/Buckets/LegacyTEXTURE/96/92/1e10033fa4f6172e8984cbc10c3c0fc95da5.udd" 6771
"C:/Users/emanu/AppData/Local/UnrealEngine/Common/DerivedDataCache/Buckets/LegacyTEXTURE/53/a6/a6cb064324df9c20ad729f4be5a5897eb996.udd" 6772
"C:/Users/emanu/AppData/Local/UnrealEngine/Common/DerivedDataCache/Buckets/LegacyTEXTURE/f5/ab/c6a6ad2ad47c885cc460924628c006d65451.udd" 6773
"C:/Users/emanu/AppData/Local/UnrealEngine/Common/DerivedDataCache/Buckets/LegacyTEXTURE/16/30/b355f1ba7e4d7b998cbed830208ecde17902.udd" 6774
"C:/Users/emanu/AppData/Local/UnrealEngine/Common/DerivedDataCache/Buckets/LegacyTEXTURE/a0/22/258b66c683e7e888aa4582ba7f137ffa32dd.udd" 6775
"C:/Users/emanu/AppData/Local/UnrealEngine/Common/DerivedDataCache/Buckets/LegacyTEXTURE/87/51/9fd15c4b7ff7bc07b785a940d76f39222381.udd" 6776
"C:/Users/emanu/AppData/Local/UnrealEngine/Common/DerivedDataCache/Content/6f/45/a2315e7a696898b3f473877c37c8f1d71d4b.udd" 6777
"C:/Users/emanu/AppData/Local/UnrealEngine/Common/DerivedDataCache/Content/0a/34/c492cf8753eff90ab6783cd0c2c7b1ac735c.udd" 6778
"C:/Users/emanu/AppData/Local/UnrealEngine/Common/DerivedDataCache/Buckets/LegacyTEXTURE/ec/a0/a9363254a52a4a7ea2e0ee5b0e48f37ac125.udd" 6779
"C:/Users/emanu/AppData/Local/UnrealEngine/Common/DerivedDataCache/Buckets/LegacyTEXTURE/a7/3b/4cec6316db54c0b693bdf12892ab418fa3d1.udd" 6780
"C:/Users/emanu/AppData/Local/UnrealEngine/Common/DerivedDataCache/Buckets/LegacyTEXTURE/03/36/d24137620cec3db5c53abd3ee7882c68750f.udd" 6781
"C:/Users/emanu/AppData/Local/UnrealEngine/Common/DerivedDataCache/Buckets/LegacyTEXTURE/4a/92/6bee2dcffb83633c6aebdedf61085a3991ff.udd" 6782
"C:/Users/emanu/AppData/Local/UnrealEngine/Common/DerivedDataCache/Buckets/LegacyTEXTURE/b7/32/a48e053a7638011f158ffa56588a677f0b5d.udd" 6783
"C:/Users/emanu/AppData/Local/UnrealEngine/Common/DerivedDataCache/Buckets/LegacyTEXTURE/e4/f5/055939939a19a11d235008688cede601ff6d.udd" 6784
"C:/Users/emanu/AppData/Local/UnrealEngine/Common/DerivedDataCache/Buckets/LegacyTEXTURE/eb/a7/4c884c2728b9ba0fb86b3593f6902b351022.udd" 6785
"C:/Users/emanu/AppData/Local/UnrealEngine/Common/DerivedDataCache/Buckets/LegacyTEXTURE/1b/db/5c56082583bcc66fdf141d6dbbcac587084b.udd" 6786
"C:/Users/emanu/AppData/Local/UnrealEngine/Common/DerivedDataCache/Buckets/LegacyTEXTURE/a5/34/0f418fbecf667ba66149a068921bc057482c.udd" 6787
"C:/Users/emanu/AppData/Local/UnrealEngine/Common/DerivedDataCache/Buckets/LegacyTEXTURE/e1/69/ceac635cf8022b7dbd44763245525252690e.udd" 6788
"C:/Users/emanu/AppData/Local/UnrealEngine/Common/DerivedDataCache/Buckets/LegacyTEXTURE/31/b1/407a40fb14e9cdb0b73f583343a6e3c0cc7b.udd" 6789
"C:/Users/emanu/AppData/Local/UnrealEngine/Common/DerivedDataCache/Buckets/LegacyTEXTURE/9e/ed/52cccca6662d547820b9a806d35b40fcda14.udd" 6790
"C:/Users/emanu/AppData/Local/UnrealEngine/Common/DerivedDataCache/Buckets/LegacyTEXTURE/1a/63/505f53e8da02c8999a3eb1543fd1fb160664.udd" 6791
"C:/Users/emanu/AppData/Local/UnrealEngine/Common/DerivedDataCache/Buckets/LegacyTEXTURE/6c/70/7e76cee6ad0709e8186913e7ac89a09136be.udd" 6792
"C:/Users/emanu/AppData/Local/UnrealEngine/Common/DerivedDataCache/Buckets/LegacyTEXTURE/da/be/a2dcda33bc7b95ed489fe9aa577e6c71e93f.udd" 6793
"C:/Users/emanu/AppData/Local/UnrealEngine/Common/DerivedDataCache/Buckets/LegacyTEXTURE/e9/d3/df3cc61e165c34f351944ef60b424175adfc.udd" 6794
"C:/Users/emanu/AppData/Local/UnrealEngine/Common/DerivedDataCache/Buckets/LegacyTEXTURE/08/eb/97fb6c233a7cc0e67c39d3a55148640491ae.udd" 6795
"C:/Users/emanu/AppData/Local/UnrealEngine/Common/DerivedDataCache/Buckets/LegacyTEXTURE/52/19/d4f795968550d27b43dbbb7b3893e9334232.udd" 6796
"C:/Users/emanu/AppData/Local/UnrealEngine/Common/DerivedDataCache/Buckets/LegacyTEXTURE/df/c2/048b46388d7d5f642958594c3d8761a845fa.udd" 6797
"C:/Users/emanu/AppData/Local/UnrealEngine/Common/DerivedDataCache/Buckets/LegacyTEXTURE/d4/17/993d8903687b7dacfad1b34ff9fca6cd9b6c.udd" 6798
"C:/Users/emanu/AppData/Local/UnrealEngine/Common/DerivedDataCache/Buckets/LegacyTEXTURE/21/17/393211533ef75dd56907927ef63a1c9db49e.udd" 6799
"C:/Users/emanu/AppData/Local/UnrealEngine/Common/DerivedDataCache/Buckets/LegacyTEXTURE/0a/f9/9b02fd0eb10ee2b4562f0e9bcd1c72abd045.udd" 6800
"C:/Users/emanu/AppData/Local/UnrealEngine/Common/DerivedDataCache/Buckets/LegacyTEXTURE/83/60/4d2848037a81831c8fedd94d3633c701614a.udd" 6801
"C:/Users/emanu/AppData/Local/UnrealEngine/Common/DerivedDataCache/Buckets/LegacyTEXTURE/a7/b5/c80b5c4a470a31964a370d545c22ceabf692.udd" 6802
"C:/Users/emanu/AppData/Local/UnrealEngine/Common/DerivedDataCache/Buckets/LegacyTEXTURE/d9/92/9d7a1d130bdb23993e45f30e1cb652d3eb5e.udd" 6803
"C:/Users/emanu/AppData/Local/UnrealEngine/Common/DerivedDataCache/Buckets/LegacyTEXTURE/10/dd/19753d935dfc6771e41625d50fbe5d66eebb.udd" 6804
"C:/Users/emanu/AppData/Local/UnrealEngine/Common/DerivedDataCache/Buckets/LegacyTEXTURE/1a/62/dc30eeafd013e9ea9ccd446b2a64b1b94138.udd" 6805
"C:/Users/emanu/AppData/Local/UnrealEngine/Common/DerivedDataCache/Buckets/LegacyTEXTURE/c7/8d/27dfc645aa7ad9bd3cb0b384654bf9252621.udd" 6806
"C:/Users/emanu/AppData/Local/UnrealEngine/Common/DerivedDataCache/Buckets/LegacyTEXTURE/32/47/ff1e9ca56db851044ee0acd3f05595d399f3.udd" 6807
"C:/Users/emanu/AppData/Local/UnrealEngine/Common/DerivedDataCache/Buckets/LegacyTEXTURE/52/7d/8a3790277b4a460519a70636711f487e0c74.udd" 6808
"C:/Users/emanu/AppData/Local/UnrealEngine/Common/DerivedDataCache/Buckets/LegacyTEXTURE/da/fc/aa09990204f7b483e36ec653733a6e0b17f2.udd" 6809
"C:/Users/emanu/AppData/Local/UnrealEngine/Common/DerivedDataCache/Buckets/LegacyTEXTURE/d2/72/a9bc5f1fee046306e847ee4bf793fabfc080.udd" 6810
"C:/Users/emanu/AppData/Local/UnrealEngine/Common/DerivedDataCache/Buckets/LegacyTEXTURE/3b/3d/ce19c60fbc2ec812ad0bb5697caf9c88961c.udd" 6811
"C:/Users/emanu/AppData/Local/UnrealEngine/Common/DerivedDataCache/Buckets/LegacyTEXTURE/e7/f9/c2b25acce329655836d59b0b58a7ed2de909.udd" 6812
"C:/Users/emanu/AppData/Local/UnrealEngine/Common/DerivedDataCache/Content/af/d4/48a2b29e974ea29940387eea551a3f77e8f6.udd" 6813
"C:/Users/emanu/AppData/Local/UnrealEngine/Common/DerivedDataCache/Buckets/LegacyTEXTURE/d4/6e/45463046187ee522b4618cd2b95012ada141.udd" 6814
"C:/Users/emanu/AppData/Local/UnrealEngine/Common/DerivedDataCache/Buckets/LegacyTEXTURE/75/ed/ae3a6d702a97e8932ce1109ef7c4ceb9225b.udd" 6815
"C:/Users/emanu/AppData/Local/UnrealEngine/Common/DerivedDataCache/Buckets/LegacyTEXTURE/c2/04/f59d83486b4f661c5fad824d62c5f9398359.udd" 6816
"C:/Users/emanu/AppData/Local/UnrealEngine/Common/DerivedDataCache/Buckets/LegacyTEXTURE/55/4f/ef8b7874c13cf71ee4698a15384433a44021.udd" 6817
"C:/Users/emanu/AppData/Local/UnrealEngine/Common/DerivedDataCache/Buckets/LegacyTEXTURE/7a/74/6b840babd6dd63dbfd3e25d8c9f3d834da2a.udd" 6818
"C:/Users/emanu/AppData/Local/UnrealEngine/Common/DerivedDataCache/Buckets/LegacyTEXTURE/0b/d0/597e69b47e0d037d7038e00432fd5a67694f.udd" 6819
"C:/Users/emanu/AppData/Local/UnrealEngine/Common/DerivedDataCache/Buckets/LegacyTEXTURE/25/bd/81d19a28aac84cf019ea3d8d2e970979fb3a.udd" 6820
"C:/Users/emanu/AppData/Local/UnrealEngine/Common/DerivedDataCache/Buckets/LegacyTEXTURE/10/d8/5ffebbcec9af75c73974f26b181216ffc861.udd" 6821
"C:/Users/emanu/AppData/Local/UnrealEngine/Common/DerivedDataCache/Buckets/LegacyTEXTURE/fc/87/bd327daf88e658943cfba1ed1ef602241e7f.udd" 6822
"C:/Users/emanu/AppData/Local/UnrealEngine/Common/DerivedDataCache/Buckets/LegacyTEXTURE/7c/a7/2bece51c995b194a52dfb1699eee555edebe.udd" 6823
"C:/Users/emanu/AppData/Local/UnrealEngine/Common/DerivedDataCache/Buckets/LegacyTEXTURE/60/0d/0fd744b6cb6451da77576234cf14b4222ecb.udd" 6824
"C:/Users/emanu/AppData/Local/UnrealEngine/Common/DerivedDataCache/Buckets/LegacyTEXTURE/51/d6/d6a3051ab9e56dbea85dc03c056fc82831e8.udd" 6825
"C:/Users/emanu/AppData/Local/UnrealEngine/Common/DerivedDataCache/Buckets/LegacyTEXTURE/e0/a2/9032bb99af0944b8af3dfff02fba052c33df.udd" 6826
"C:/Users/emanu/AppData/Local/UnrealEngine/Common/DerivedDataCache/Content/e1/12/fde429b699ccf2df89d2b11ff6e158f10646.udd" 6827
"C:/Users/emanu/AppData/Local/UnrealEngine/Common/DerivedDataCache/Buckets/LegacyTEXTURE/d2/b3/810a364abf706ba4dcdefe967307cc75ed60.udd" 6828
"C:/Users/emanu/AppData/Local/UnrealEngine/Common/DerivedDataCache/Buckets/LegacyTEXTURE/21/f4/6c21668b157eb97116f6e3e1eed577e494aa.udd" 6829
"C:/Users/emanu/AppData/Local/UnrealEngine/Common/DerivedDataCache/Buckets/LegacyTEXTURE/e0/23/ec7f6749ea5fc18ef39693a1b8220a6fadbe.udd" 6830
"C:/Users/emanu/AppData/Local/UnrealEngine/Common/DerivedDataCache/Content/af/fe/db3d21e6c5de2b0b16c5fb02d9ef47102930.udd" 6831
"C:/Users/emanu/AppData/Local/UnrealEngine/Common/DerivedDataCache/Buckets/LegacyTEXTURE/b5/bc/4a15127ebe1b67d10a2306c2ae5840c6f20b.udd" 6832
"C:/Users/emanu/AppData/Local/UnrealEngine/Common/DerivedDataCache/Buckets/LegacyTEXTURE/05/2c/91a056a9b7f4c81e932aba55249461fe722f.udd" 6833
"C:/Users/emanu/AppData/Local/UnrealEngine/Common/DerivedDataCache/Buckets/LegacyTEXTURE/78/b9/721a4d5cd4a7c7108ab4a6579db980343ffd.udd" 6834
"C:/Users/emanu/AppData/Local/UnrealEngine/Common/DerivedDataCache/Buckets/LegacyTEXTURE/53/35/ad9561833c88df39e1ad1ca0fe594099d895.udd" 6835
"C:/Users/emanu/AppData/Local/UnrealEngine/Common/DerivedDataCache/Buckets/LegacyTEXTURE/2f/ca/24d99bfadc755247cee51779e5c843c0ec18.udd" 6836
"C:/Users/emanu/AppData/Local/UnrealEngine/Common/DerivedDataCache/Buckets/LegacyTEXTURE/b6/d0/84fdf23afe752a655bb2d3ae299dfa19b50f.udd" 6837
"C:/Users/emanu/AppData/Local/UnrealEngine/Common/DerivedDataCache/Buckets/LegacyTEXTURE/cd/dc/91fd8ef3c2f2393e5e5bc8609c4b9d8f9854.udd" 6838
"C:/Users/emanu/AppData/Local/UnrealEngine/Common/DerivedDataCache/Buckets/LegacyTEXTURE/79/8b/f978c3ed3861130338b72d22cd6b34ed14eb.udd" 6839
"C:/Users/emanu/AppData/Local/UnrealEngine/Common/DerivedDataCache/Buckets/LegacyTEXTURE/93/ba/23cb893fcb0ccd2cf29d2ede5a4adb103a29.udd" 6840
"C:/Users/emanu/AppData/Local/UnrealEngine/Common/DerivedDataCache/Buckets/LegacyTEXTURE/b1/64/53e009591c861efedfb259f7d2894278339c.udd" 6841
"C:/Users/emanu/AppData/Local/UnrealEngine/Common/DerivedDataCache/Buckets/LegacyTEXTURE/a9/d0/4fa43323fab4d4b4ac961f3ab32846c49e06.udd" 6842
"C:/Users/emanu/AppData/Local/UnrealEngine/Common/DerivedDataCache/Buckets/LegacyTEXTURE/75/ef/5ad48cdf760cb97685dcbb8352032fa65139.udd" 6843
"C:/Users/emanu/AppData/Local/UnrealEngine/Common/DerivedDataCache/Buckets/LegacyTEXTURE/6d/c1/a837aa70589d908a39bd1b4820e9e48e84de.udd" 6844
"C:/Users/emanu/AppData/Local/UnrealEngine/Common/DerivedDataCache/Buckets/LegacyTEXTURE/fa/fd/ac64f4646be2c5a3f8e79ff2a7bd06410cc6.udd" 6845
"C:/Users/emanu/AppData/Local/UnrealEngine/Common/DerivedDataCache/Buckets/LegacyTEXTURE/90/dd/f1b6499fc1d2b2870fe825201affe9f5fe53.udd" 6846
"C:/Users/emanu/AppData/Local/UnrealEngine/Common/DerivedDataCache/Buckets/LegacyTEXTURE/bb/6c/090c21a74c5262537ba9f2e622a9fdb5ba2a.udd" 6847
"C:/Users/emanu/AppData/Local/UnrealEngine/Common/DerivedDataCache/Buckets/LegacyTEXTURE/70/66/3aad6ccd7280d2c320fe7875a105d36b9bb2.udd" 6848
"C:/Users/emanu/AppData/Local/UnrealEngine/Common/DerivedDataCache/Buckets/LegacyTEXTURE/8e/47/4f0d8004b7dc600909351f2693d687464929.udd" 6849
"C:/Users/emanu/AppData/Local/UnrealEngine/Common/DerivedDataCache/Buckets/LegacyTEXTURE/41/a8/92d8ec64897f1c1dd8ff272549b48f0e5098.udd" 6850
"C:/Users/emanu/AppData/Local/UnrealEngine/Common/DerivedDataCache/Buckets/LegacyTEXTURE/69/73/054d1f57087fc13f94c996f3ba17400eba48.udd" 6851
"C:/Users/emanu/AppData/Local/UnrealEngine/Common/DerivedDataCache/Buckets/LegacyTEXTURE/53/b8/eb91140505dcf80bfe754d5951f6673997a6.udd" 6852
"C:/Users/emanu/AppData/Local/UnrealEngine/Common/DerivedDataCache/Buckets/LegacyTEXTURE/ae/82/973eda92a04c8dc67964060178d9d596630b.udd" 6853
"C:/Users/emanu/AppData/Local/UnrealEngine/Common/DerivedDataCache/Buckets/LegacyTEXTURE/e7/9a/6d6781ad3481daa13f821ada8a8bc9d3b55a.udd" 6854
"C:/Users/emanu/AppData/Local/UnrealEngine/Common/DerivedDataCache/Buckets/LegacyTEXTURE/fd/f1/f6047a77b5fb8d5e393e33560d99025c9832.udd" 6855
"C:/Users/emanu/AppData/Local/UnrealEngine/Common/DerivedDataCache/Buckets/LegacyTEXTURE/f9/46/dbf85fdd63af41e57fa9d0b47d509288e7c6.udd" 6856
"C:/Users/emanu/AppData/Local/UnrealEngine/Common/DerivedDataCache/Buckets/LegacyTEXTURE/c0/33/f86ea1e0bc0cd1868683550b9214ffbe0451.udd" 6857
"C:/Users/emanu/AppData/Local/UnrealEngine/Common/DerivedDataCache/Buckets/LegacyTEXTURE/33/88/c7fdca6ea6d9826351c4b6416c5e5754c8b4.udd" 6858
"C:/Users/emanu/AppData/Local/UnrealEngine/Common/DerivedDataCache/Buckets/LegacyTEXTURE/ec/63/56f00487fe0c0d709d87a63a508f9581e28a.udd" 6859
"C:/Users/emanu/AppData/Local/UnrealEngine/Common/DerivedDataCache/Buckets/LegacyTEXTURE/2c/34/eee4c25bb2595512f6c645acd29bf63a4bfc.udd" 6860
"C:/Users/emanu/AppData/Local/UnrealEngine/Common/DerivedDataCache/Buckets/LegacyTEXTURE/3f/ee/a64825d5bdd2487696759c7b0fcd07f1a9e3.udd" 6861
"C:/Users/emanu/AppData/Local/UnrealEngine/Common/DerivedDataCache/Buckets/LegacyTEXTURE/35/b9/b8134fa6e32784b4047aa15997aa0652ddc1.udd" 6862
"C:/Users/emanu/AppData/Local/UnrealEngine/Common/DerivedDataCache/Buckets/LegacyTEXTURE/f7/c7/0512f1d68d2594a45c3824329534cad2993f.udd" 6863
"C:/Users/emanu/AppData/Local/UnrealEngine/Common/DerivedDataCache/Buckets/LegacyTEXTURE/3d/f8/ebd5b2c6c87855c269184dc2858c94af6c29.udd" 6864
"C:/Users/emanu/AppData/Local/UnrealEngine/Common/DerivedDataCache/Buckets/LegacyTEXTURE/35/cc/8d11bda41a1b0006a3903821f4169410b728.udd" 6865
"C:/Users/emanu/AppData/Local/UnrealEngine/Common/DerivedDataCache/Buckets/LegacyTEXTURE/98/be/c07a38ef513fd31f829cf70c82ef1657a279.udd" 6866
"C:/Users/emanu/AppData/Local/UnrealEngine/Common/DerivedDataCache/Buckets/LegacyTEXTURE/94/e8/107092d15710de28ccfc22650c5ec71d9950.udd" 6867
"C:/Users/emanu/AppData/Local/UnrealEngine/Common/DerivedDataCache/Buckets/LegacyTEXTURE/38/d1/03ac0d9bbb1f24425cbfb31bdd86892dc719.udd" 6868
"C:/Users/emanu/AppData/Local/UnrealEngine/Common/DerivedDataCache/Buckets/LegacyTEXTURE/37/17/ce480de6babfe1d756fd2f7bd3ba671d6aa2.udd" 6869
"C:/Users/emanu/AppData/Local/UnrealEngine/Common/DerivedDataCache/Buckets/LegacyTEXTURE/fb/55/77b3a1889aadfb072ae7dfc9b8ddba5e19f0.udd" 6870
"C:/Users/emanu/AppData/Local/UnrealEngine/Common/DerivedDataCache/Buckets/LegacyTEXTURE/36/79/3432d7b6a9313f03a9b845640f0ba4a0ea40.udd" 6871
"C:/Users/emanu/AppData/Local/UnrealEngine/Common/DerivedDataCache/Buckets/LegacyTEXTURE/12/b7/f7e96ab4a0ea11d5aeb32bc34f23d10f2762.udd" 6872
"C:/Users/emanu/AppData/Local/UnrealEngine/Common/DerivedDataCache/Buckets/LegacyTEXTURE/a9/1c/b0deda77d9c23df1af39d69f3ce9be59a185.udd" 6873
"C:/Users/emanu/AppData/Local/UnrealEngine/Common/DerivedDataCache/Buckets/LegacyTEXTURE/e9/b4/ac26e45cf5e68b9293ecaa3e58f806e91995.udd" 6874
"C:/Users/emanu/AppData/Local/UnrealEngine/Common/DerivedDataCache/Buckets/LegacyTEXTURE/99/3b/57bee6dc771a88b99ea61a520aba30e3241b.udd" 6875
"C:/Users/emanu/AppData/Local/UnrealEngine/Common/DerivedDataCache/Buckets/LegacyTEXTURE/5e/a8/ce97bbdda2e1dc66140e0f4ab8155d3da505.udd" 6876
"C:/Users/emanu/AppData/Local/UnrealEngine/Common/DerivedDataCache/Buckets/LegacyTEXTURE/4f/18/44b6c675463840a8534ba4707ef12497831f.udd" 6877
"C:/Users/emanu/AppData/Local/UnrealEngine/Common/DerivedDataCache/Buckets/LegacyTEXTURE/f0/39/f0575facf3723a3ba33d4b34e7bb6c8a3344.udd" 6878
"C:/Users/emanu/AppData/Local/UnrealEngine/Common/DerivedDataCache/Buckets/LegacyTEXTURE/1b/bf/47b11fd4fe3d30fa9fd752787c98aba04a2d.udd" 6879
"C:/Users/emanu/AppData/Local/UnrealEngine/Common/DerivedDataCache/Buckets/LegacyTEXTURE/8f/69/efe77d8fb0ff6933c65ba0e23bfc95e02915.udd" 6880
"C:/Users/emanu/AppData/Local/UnrealEngine/Common/DerivedDataCache/Buckets/LegacyTEXTURE/e9/95/eaec16aef2bc4372aa7d32c27b225d50c939.udd" 6881
"C:/Users/emanu/AppData/Local/UnrealEngine/Common/DerivedDataCache/Buckets/LegacyTEXTURE/79/90/66c1d33e241395e49d669aaced4e888d7ff5.udd" 6882
"C:/Users/emanu/AppData/Local/UnrealEngine/Common/DerivedDataCache/Buckets/LegacyTEXTURE/d9/f8/d158c205d00e215bdeb7f428740c198a5ed4.udd" 6883
"C:/Users/emanu/AppData/Local/UnrealEngine/Common/DerivedDataCache/Buckets/LegacyTEXTURE/33/3b/9baa8908e92afcb76558d8b920eea68ed797.udd" 6884
"C:/Users/emanu/AppData/Local/UnrealEngine/Common/DerivedDataCache/Buckets/LegacyTEXTURE/ec/d0/24a2ef018360322955082ea7f748cda264bb.udd" 6885
"C:/Users/emanu/AppData/Local/UnrealEngine/Common/DerivedDataCache/Buckets/LegacyTEXTURE/bb/7d/d2d18f72b23f6574ac1245458cfff8bab8de.udd" 6886
"C:/Users/emanu/AppData/Local/UnrealEngine/Common/DerivedDataCache/Buckets/LegacyTEXTURE/50/31/22313efc227b6bfe99cbb20b32b697afcde5.udd" 6887
"C:/Users/emanu/AppData/Local/UnrealEngine/Common/DerivedDataCache/Buckets/LegacyTEXTURE/47/89/3a17a8ff8a8302e2a67682e5a83c602470ed.udd" 6888
"C:/Users/emanu/AppData/Local/UnrealEngine/Common/DerivedDataCache/Buckets/LegacyTEXTURE/d6/9f/803748d005af95603f8ad6b880ddd180fb3f.udd" 6889
"C:/Users/emanu/AppData/Local/UnrealEngine/Common/DerivedDataCache/Buckets/LegacyTEXTURE/3e/24/9fd2c1ac16734c546a22bd9b8dbe9b024d46.udd" 6890
"C:/Users/emanu/AppData/Local/UnrealEngine/Common/DerivedDataCache/Buckets/LegacyTEXTURE/33/ce/c058c99f83f3e09fb1b93d5813200fca640d.udd" 6891
"C:/Users/emanu/AppData/Local/UnrealEngine/Common/DerivedDataCache/Buckets/LegacyTEXTURE/a7/0d/ad3f970c41f5e12cb998f18f2f9f896f060b.udd" 6892
"C:/Users/emanu/AppData/Local/UnrealEngine/Common/DerivedDataCache/Buckets/LegacyTEXTURE/04/b0/5815141790a2b70da27683c20961ee5d03f8.udd" 6893
"C:/Users/emanu/AppData/Local/UnrealEngine/Common/DerivedDataCache/Buckets/LegacyTEXTURE/03/a3/5718290b72b6d43e9e4226113f104fe33ff4.udd" 6894
"C:/Users/emanu/AppData/Local/UnrealEngine/Common/DerivedDataCache/Buckets/LegacyTEXTURE/7c/48/5008ec9565f22833e150f2ca0058aaf012cf.udd" 6895
"C:/Users/emanu/AppData/Local/UnrealEngine/Common/DerivedDataCache/Buckets/LegacyTEXTURE/99/30/fc2463563d92e81fa369877563a80b63efca.udd" 6896
"C:/Users/emanu/AppData/Local/UnrealEngine/Common/DerivedDataCache/Buckets/LegacyTEXTURE/ee/d8/917be3616d60bb0a909d4d40d8826569564d.udd" 6897
"C:/Users/emanu/AppData/Local/UnrealEngine/Common/DerivedDataCache/Buckets/LegacyTEXTURE/9a/1c/220f56d5d606c5ef8b10091a0a6ea19466b3.udd" 6898
"C:/Users/emanu/AppData/Local/UnrealEngine/Common/DerivedDataCache/Buckets/LegacyTEXTURE/18/34/249db8f5d33a3b55aa6f7ba4db8452f592a1.udd" 6899
"C:/Users/emanu/AppData/Local/UnrealEngine/Common/DerivedDataCache/Buckets/LegacyTEXTURE/83/a1/b5d0b46aa39d45f61878389aa5e9170728a8.udd" 6900
"C:/Users/emanu/AppData/Local/UnrealEngine/Common/DerivedDataCache/Buckets/LegacyTEXTURE/46/a9/fed75edacaa736dbf444772698fe97834b7e.udd" 6901
"C:/Users/emanu/AppData/Local/UnrealEngine/Common/DerivedDataCache/Buckets/LegacyTEXTURE/d5/0d/7c41c89c8fe8a509669d5e3892729cfc9964.udd" 6902
"C:/Users/emanu/AppData/Local/UnrealEngine/Common/DerivedDataCache/Buckets/LegacyTEXTURE/fb/98/6d5e3e5faa874f31626de8efed8189bf18a4.udd" 6903
"C:/Users/emanu/AppData/Local/UnrealEngine/Common/DerivedDataCache/Buckets/LegacyTEXTURE/c1/7e/412e9bd47461db277a3de614a08e9d6a455c.udd" 6904
"C:/Users/emanu/AppData/Local/UnrealEngine/Common/DerivedDataCache/Buckets/LegacyTEXTURE/1d/d8/14f147f1a69cd643a20c1b528b3dda305ef9.udd" 6905
"C:/Users/emanu/AppData/Local/UnrealEngine/Common/DerivedDataCache/Buckets/LegacyTEXTURE/21/cc/9bb1532e0848371677bfad9d87e3cc5ef41f.udd" 6906
"C:/Users/emanu/AppData/Local/UnrealEngine/Common/DerivedDataCache/Buckets/LegacyTEXTURE/1a/14/352e4457e0e34d301bda6363e9e4a17d2d1e.udd" 6907
"C:/Users/emanu/AppData/Local/UnrealEngine/Common/DerivedDataCache/Buckets/LegacyTEXTURE/68/c2/6cadeda04809d48f60cd2d40ce93e2d7c1f9.udd" 6908
"C:/Users/emanu/AppData/Local/UnrealEngine/Common/DerivedDataCache/Buckets/LegacyTEXTURE/97/c4/3651ff83aa6f9413d95a9361a6c8e220702c.udd" 6909
"C:/Users/emanu/AppData/Local/UnrealEngine/Common/DerivedDataCache/Buckets/LegacyTEXTURE/5e/3f/2014b535514d65ad566b2e41ca2c2f4855b7.udd" 6910
"C:/Users/emanu/AppData/Local/UnrealEngine/Common/DerivedDataCache/Buckets/LegacyTEXTURE/ce/36/959472b20a312414acd728b9ad04d4684c0c.udd" 6911
"C:/Users/emanu/AppData/Local/UnrealEngine/Common/DerivedDataCache/Buckets/LegacyTEXTURE/22/a6/c48333bcdf5ce0c4bd460b6d17b69d2bc357.udd" 6912
"C:/Users/emanu/AppData/Local/UnrealEngine/Common/DerivedDataCache/Buckets/LegacyTEXTURE/21/42/fc872057016285f05a524b3ac43116522a8b.udd" 6913
"C:/Users/emanu/AppData/Local/UnrealEngine/Common/DerivedDataCache/Buckets/LegacyTEXTURE/2c/0e/c006a4db927398f16e237bc62ba3c8d01c24.udd" 6914
"C:/Users/emanu/AppData/Local/UnrealEngine/Common/DerivedDataCache/Content/bc/ef/e3c481d8ff2ed6327e0b0a49eb36941979ae.udd" 6915
"C:/Users/emanu/AppData/Local/UnrealEngine/Common/DerivedDataCache/Buckets/LegacyTEXTURE/10/19/6dd5239063fabd34ffad908db8e6157bce93.udd" 6916
"C:/Users/emanu/AppData/Local/UnrealEngine/Common/DerivedDataCache/Content/08/82/f4683d9a4193f4372ff7efe80b4c67bc3d8d.udd" 6917
"C:/Users/emanu/AppData/Local/UnrealEngine/Common/DerivedDataCache/Buckets/LegacyTEXTURE/63/be/166482c5e17414a2b095846309c505bd5e17.udd" 6918
"C:/Users/emanu/AppData/Local/UnrealEngine/Common/DerivedDataCache/Content/6f/08/36f956cd87042998bacab4565dd447490bf2.udd" 6919
"C:/Users/emanu/AppData/Local/UnrealEngine/Common/DerivedDataCache/Buckets/LegacyTEXTURE/52/06/4b322a85b34f72683cc9c22041ea2d97dd1e.udd" 6920
"C:/Users/emanu/AppData/Local/UnrealEngine/Common/DerivedDataCache/Buckets/LegacyTEXTURE/ac/df/e0da8e5bcbc10999ed7fac0168e8061332bd.udd" 6921
"C:/Users/emanu/AppData/Local/UnrealEngine/Common/DerivedDataCache/Buckets/LegacyTEXTURE/5b/b8/317459c98240927e052256bbcf4c87648e5a.udd" 6922
"C:/Users/emanu/AppData/Local/UnrealEngine/Common/DerivedDataCache/Content/2d/e4/67d7cd30e0c1fded67da9a49c86eb66a0368.udd" 6923
"C:/Users/emanu/AppData/Local/UnrealEngine/Common/DerivedDataCache/Buckets/LegacyTEXTURE/4b/76/263f1ebea138ce3b00f9428f7f6e9711d446.udd" 6924
"C:/Users/emanu/AppData/Local/UnrealEngine/Common/DerivedDataCache/Buckets/LegacyTEXTURE/c7/21/8676638bf846d7d566619951e786da9c8b41.udd" 6925
"C:/Users/emanu/AppData/Local/UnrealEngine/Common/DerivedDataCache/Buckets/LegacyTEXTURE/aa/3c/fc004fa260351aa93af5a4e29945c7987b76.udd" 6926
"C:/Users/emanu/AppData/Local/UnrealEngine/Common/DerivedDataCache/Content/03/48/b396fd35e4f2edc628937002bebb0db60a43.udd" 6927
"C:/Users/emanu/AppData/Local/UnrealEngine/Common/DerivedDataCache/Buckets/LegacyTEXTURE/bb/15/df56e38a2fe8ffa66f7f1cd84f368755d558.udd" 6928
"C:/Users/emanu/AppData/Local/UnrealEngine/Common/DerivedDataCache/Buckets/LegacyTEXTURE/b5/80/3937e141cabbc146ce959d4dd0d275e51d48.udd" 6929
"C:/Users/emanu/AppData/Local/UnrealEngine/Common/DerivedDataCache/Buckets/LegacyTEXTURE/76/ee/71c870ba0860b140398830d7804156f87b43.udd" 6930
"C:/Users/emanu/AppData/Local/UnrealEngine/Common/DerivedDataCache/Buckets/LegacyTEXTURE/bd/99/9bac433d565b9f56828faff07c54afacc637.udd" 6931
"C:/Users/emanu/AppData/Local/UnrealEngine/Common/DerivedDataCache/Content/6c/94/9fccf6f317b899efae3d961a9ffd3fbc431a.udd" 6932
"C:/Users/emanu/AppData/Local/UnrealEngine/Common/DerivedDataCache/Buckets/LegacyTEXTURE/1d/6f/c4d9c3e358739f7ffa1ba2d484ef934635e5.udd" 6933
"C:/Users/emanu/AppData/Local/UnrealEngine/Common/DerivedDataCache/Buckets/LegacyTEXTURE/ed/9a/bedc2c31619615b3b78b18819a99270acd5a.udd" 6934
"C:/Users/emanu/AppData/Local/UnrealEngine/Common/DerivedDataCache/Buckets/LegacyTEXTURE/1e/96/5ce4d1041ec5c85b9c17715ad1c2938f45e1.udd" 6935
"C:/Users/emanu/AppData/Local/UnrealEngine/Common/DerivedDataCache/Content/9f/68/8fa36425672e13d44cc616a856dcc3901abe.udd" 6936
"C:/Users/emanu/AppData/Local/UnrealEngine/Common/DerivedDataCache/Buckets/LegacyTEXTURE/81/c5/21c384cd0abf805e7bba2cd774b8001f5997.udd" 6937
"C:/Users/emanu/AppData/Local/UnrealEngine/Common/DerivedDataCache/Content/04/95/1c8890b3fb4850e465e429206806be1b8a3b.udd" 6938
"C:/Users/emanu/AppData/Local/UnrealEngine/Common/DerivedDataCache/Buckets/LegacyTEXTURE/24/a9/a85b0139b49d1926e2a274fe93478f3ae0e1.udd" 6939
"C:/Users/emanu/AppData/Local/UnrealEngine/Common/DerivedDataCache/Buckets/LegacyTEXTURE/de/f3/89c747f1d0e6cc3411ab81a2939055089f25.udd" 6940
"C:/Users/emanu/AppData/Local/UnrealEngine/Common/DerivedDataCache/Buckets/LegacyTEXTURE/ec/db/80fd1ce95c5d4062b8a5a3aa3c66ea155c57.udd" 6941
"C:/Users/emanu/AppData/Local/UnrealEngine/Common/DerivedDataCache/Buckets/LegacyTEXTURE/37/00/f2ddf0255ef0bdc4b51beed50777d4487ebf.udd" 6942
"C:/Users/emanu/AppData/Local/UnrealEngine/Common/DerivedDataCache/Buckets/LegacyTEXTURE/a7/17/ee8a6083b73a166fc8be47cfd10bf5954b8a.udd" 6943
"C:/Users/emanu/AppData/Local/UnrealEngine/Common/DerivedDataCache/Buckets/LegacyTEXTURE/27/f6/ad6aa2aea13559bb6a19f814e3da830c036b.udd" 6944
"C:/Users/emanu/AppData/Local/UnrealEngine/Common/DerivedDataCache/Content/d9/d1/0bde7d4bd6cd72ddc9cf53908b9f6a861fe7.udd" 6945
"C:/Users/emanu/AppData/Local/UnrealEngine/Common/DerivedDataCache/Buckets/LegacyTEXTURE/6d/05/03ae0063101a90e42f3f3e58bc652b408d16.udd" 6946
"C:/Users/emanu/AppData/Local/UnrealEngine/Common/DerivedDataCache/Buckets/LegacyTEXTURE/5c/c7/f98b048a0ad8c0695a86eba1639ed2cb2183.udd" 6947
"C:/Users/emanu/AppData/Local/UnrealEngine/Common/DerivedDataCache/Buckets/LegacyTEXTURE/64/43/90d6ad39c047b73c58b1bf071c8df9632ef7.udd" 6948
"C:/Users/emanu/AppData/Local/UnrealEngine/Common/DerivedDataCache/Buckets/LegacyTEXTURE/3d/8f/a1816e2e07da532d18480c7932ad44aef83a.udd" 6949
"C:/Users/emanu/AppData/Local/UnrealEngine/Common/DerivedDataCache/Buckets/LegacyTEXTURE/af/23/41ca81507ca6bf3109222f480d044d783502.udd" 6950
"C:/Users/emanu/AppData/Local/UnrealEngine/Common/DerivedDataCache/Buckets/LegacyTEXTURE/f3/5b/507b9deda9d4b25f3c7d71d69b6a45548da5.udd" 6951
"C:/Users/emanu/AppData/Local/UnrealEngine/Common/DerivedDataCache/Buckets/LegacyTEXTURE/f2/ad/6c187f871b947ff011798cd6738930a8752c.udd" 6952
"C:/Users/emanu/AppData/Local/UnrealEngine/Common/DerivedDataCache/Content/8a/04/7468684a24817d64c62eb55b5f3188b4d8fe.udd" 6953
"C:/Users/emanu/AppData/Local/UnrealEngine/Common/DerivedDataCache/Buckets/LegacyTEXTURE/9e/43/e5dc5381c5dbf60f55d2a5fb3444502f2131.udd" 6954
"C:/Users/emanu/AppData/Local/UnrealEngine/Common/DerivedDataCache/Buckets/LegacyTEXTURE/01/a1/917b56c45a881564ee8d806e66f2d811af80.udd" 6955
"C:/Users/emanu/AppData/Local/UnrealEngine/Common/DerivedDataCache/Buckets/LegacyTEXTURE/62/74/9ec27126404c40745130026a30960f27d37d.udd" 6956
"C:/Users/emanu/AppData/Local/UnrealEngine/Common/DerivedDataCache/Buckets/LegacyTEXTURE/fd/48/03962d15497759d58fbebca8cd6ec72d9aa2.udd" 6957
"C:/Users/emanu/AppData/Local/UnrealEngine/Common/DerivedDataCache/Buckets/LegacyTEXTURE/8a/03/002e1ce0766b5e780d152d1303f6ef08e621.udd" 6958
"C:/Users/emanu/AppData/Local/UnrealEngine/Common/DerivedDataCache/Buckets/LegacyTEXTURE/27/50/ed56f3e7f64082f403d8de904fc2cc672a56.udd" 6959
"C:/Users/emanu/AppData/Local/UnrealEngine/Common/DerivedDataCache/Content/c9/d9/c96654c3572526a6e497d12027f6b4ed7345.udd" 6960
"C:/Users/emanu/AppData/Local/UnrealEngine/Common/DerivedDataCache/Buckets/LegacyTEXTURE/36/47/a416c8260e074b9c301c6c35cebd6327517d.udd" 6961
"C:/Users/emanu/AppData/Local/UnrealEngine/Common/DerivedDataCache/Buckets/LegacyTEXTURE/11/a7/87afda8cd63aee81f9602469b78005364ee6.udd" 6962
"C:/Users/emanu/AppData/Local/UnrealEngine/Common/DerivedDataCache/Buckets/LegacyTEXTURE/6f/60/098ef093103e1fb5c14e766bfab5eb0197a7.udd" 6963
"C:/Users/emanu/AppData/Local/UnrealEngine/Common/DerivedDataCache/Buckets/LegacyTEXTURE/d3/f4/0089cda9a2acd7b5effc3489c25a0a777ce6.udd" 6964
"C:/Users/emanu/AppData/Local/UnrealEngine/Common/DerivedDataCache/Buckets/LegacyTEXTURE/13/c5/c1492ea166cb37740e35377fb48f3c1b67b4.udd" 6965
"C:/Users/emanu/AppData/Local/UnrealEngine/Common/DerivedDataCache/Buckets/LegacyTEXTURE/3b/1a/d78d233e01926d911cbffca5dc5c5b66ce34.udd" 6966
"C:/Users/emanu/AppData/Local/UnrealEngine/Common/DerivedDataCache/Buckets/LegacyTEXTURE/e2/a6/564ff0c68ee04a4afd7be2b06cbb48ec4f42.udd" 6967
"C:/Users/emanu/AppData/Local/UnrealEngine/Common/DerivedDataCache/Content/ff/c7/463dd46e9a2cbbfb4a1b9416ac5c4c5939ca.udd" 6968
"C:/Users/emanu/AppData/Local/UnrealEngine/Common/DerivedDataCache/Buckets/LegacyTEXTURE/fa/f4/6fbe2d659fd0d98bd12f7324a31c33c3affb.udd" 6969
"C:/Users/emanu/AppData/Local/UnrealEngine/Common/DerivedDataCache/Buckets/LegacyTEXTURE/6a/c1/4d5e168952da91fde14522cdd71535ce6bc4.udd" 6970
"C:/Users/emanu/AppData/Local/UnrealEngine/Common/DerivedDataCache/Buckets/LegacyTEXTURE/3b/86/4402ea277e29f19a1110584eab23fd63f329.udd" 6971
"C:/Users/emanu/AppData/Local/UnrealEngine/Common/DerivedDataCache/Buckets/LegacyTEXTURE/66/cc/b68ff0198a7af2e4c9b44d3f5ae36cd36bd5.udd" 6972
"C:/Users/emanu/AppData/Local/UnrealEngine/Common/DerivedDataCache/Buckets/LegacyTEXTURE/a4/8a/da9d79b1058d7aa6c4bf982210996b8a5bea.udd" 6973
"C:/Users/emanu/AppData/Local/UnrealEngine/Common/DerivedDataCache/Buckets/LegacyTEXTURE/8f/95/8df850e59f04b313f26ea61dd7854232c99d.udd" 6974
"C:/Users/emanu/AppData/Local/UnrealEngine/Common/DerivedDataCache/Buckets/LegacyTEXTURE/0f/2d/b6109f6428b069ced38d5053e5bdb216c2c0.udd" 6975
"C:/Users/emanu/AppData/Local/UnrealEngine/Common/DerivedDataCache/Content/62/35/ffca5890bb55d971bd485558d83d548d1567.udd" 6976
"C:/Users/emanu/AppData/Local/UnrealEngine/Common/DerivedDataCache/Buckets/LegacyTEXTURE/7f/ca/a9fa71cd455cb164f6b02a7a45f7e439c556.udd" 6977
"C:/Users/emanu/AppData/Local/UnrealEngine/Common/DerivedDataCache/Buckets/LegacyTEXTURE/45/bb/ceb62ddfb759d5675b6984cd9377ca48fed7.udd" 6978
"C:/Users/emanu/AppData/Local/UnrealEngine/Common/DerivedDataCache/Buckets/LegacyTEXTURE/3b/92/004379c903aaabc052ea96f5ec09cf4ec5f5.udd" 6979
"C:/Users/emanu/AppData/Local/UnrealEngine/Common/DerivedDataCache/Buckets/LegacyTEXTURE/14/53/81f1a90eaee0dca3b9e2b619f6a379775835.udd" 6980
"C:/Users/emanu/AppData/Local/UnrealEngine/Common/DerivedDataCache/Buckets/LegacyTEXTURE/c9/f0/42db4d9afc3b936aa6855c2eac8fe589983d.udd" 6981
"C:/Users/emanu/AppData/Local/UnrealEngine/Common/DerivedDataCache/Content/c6/40/d320dfa34963198b13d9805c71933379b9b8.udd" 6982
"C:/Users/emanu/AppData/Local/UnrealEngine/Common/DerivedDataCache/Content/69/2d/cae2d75c2324771620ce3ec969af6db4e678.udd" 6983
"C:/Users/emanu/AppData/Local/UnrealEngine/Common/DerivedDataCache/Buckets/LegacyTEXTURE/ee/bb/2434dd97b581f0bf53ffe1c1685e57f30669.udd" 6984
"C:/Users/emanu/AppData/Local/UnrealEngine/Common/DerivedDataCache/Buckets/LegacyTEXTURE/a6/db/a98f1b66bacf13be532b166a64a46c791b7a.udd" 6985
"C:/Users/emanu/AppData/Local/UnrealEngine/Common/DerivedDataCache/Buckets/LegacyTEXTURE/ba/9f/7ecbe86cc1b9b165ca8621db8f4810ad4010.udd" 6986
"C:/Users/emanu/AppData/Local/UnrealEngine/Common/DerivedDataCache/Content/8b/e5/6fed2571ad8c64d10f907b0b1a8034e771e1.udd" 6987
"C:/Users/emanu/AppData/Local/UnrealEngine/Common/DerivedDataCache/Buckets/LegacyTEXTURE/c3/dd/7034953b2314899e4762514dc6c75429377d.udd" 6988
"C:/Users/emanu/AppData/Local/UnrealEngine/Common/DerivedDataCache/Buckets/LegacyTEXTURE/6b/79/cbe8650dc7381ee1d8ac4383b3f3a39ace5a.udd" 6989
"C:/Users/emanu/AppData/Local/UnrealEngine/Common/DerivedDataCache/Buckets/LegacyTEXTURE/11/bb/71a3535a5ac63e336943fd4f6f6556f0bc07.udd" 6990
"C:/Users/emanu/AppData/Local/UnrealEngine/Common/DerivedDataCache/Buckets/LegacyTEXTURE/3a/3b/00f598da655779a2f215f71d66c0a4d84870.udd" 6991
"C:/Users/emanu/AppData/Local/UnrealEngine/Common/DerivedDataCache/Buckets/LegacyTEXTURE/1a/83/49dfd35ed4a1a0bd5bfdf60b1f0c05eab7ca.udd" 6992
"C:/Users/emanu/AppData/Local/UnrealEngine/Common/DerivedDataCache/Buckets/LegacyTEXTURE/e7/25/a9550947538dcbec31126c160f256b4ba0d9.udd" 6993
"C:/Users/emanu/AppData/Local/UnrealEngine/Common/DerivedDataCache/Buckets/LegacyTEXTURE/b1/40/6112a856e826cd1bd46f75f265ad1b49237d.udd" 6994
"C:/Users/emanu/AppData/Local/UnrealEngine/Common/DerivedDataCache/Buckets/LegacyTEXTURE/ed/fc/a88af2d38e2db9bfe59de94492f3757ef7a6.udd" 6995
"C:/Users/emanu/AppData/Local/UnrealEngine/Common/DerivedDataCache/Buckets/LegacyTEXTURE/63/11/b7cd13a64574cbbdb2764ece3044ca96bdb1.udd" 6996
"C:/Users/emanu/AppData/Local/UnrealEngine/Common/DerivedDataCache/Buckets/LegacyTEXTURE/38/44/014de7f34a57fdef21d715b08d777ffd76e4.udd" 6997
"C:/Users/emanu/AppData/Local/UnrealEngine/Common/DerivedDataCache/Buckets/LegacyTEXTURE/7e/06/f2423bc0722ccb414b72fb82f07990033767.udd" 6998
"C:/Users/emanu/AppData/Local/UnrealEngine/Common/DerivedDataCache/Buckets/LegacyTEXTURE/7b/ba/55e625959e9113da35bd7cc041da792e5b34.udd" 6999
"C:/Users/emanu/AppData/Local/UnrealEngine/Common/DerivedDataCache/Buckets/LegacyTEXTURE/2a/1a/8918830249ddf36db8c41fe1ee14a93d76a6.udd" 7000
"C:/Users/emanu/AppData/Local/UnrealEngine/Common/DerivedDataCache/Buckets/LegacyTEXTURE/73/d3/2488c079237d4f6dc1258e3c8cfa796db6d7.udd" 7001
"C:/Users/emanu/AppData/Local/UnrealEngine/Common/DerivedDataCache/Buckets/LegacyTEXTURE/61/1c/81148e027db8feda3a381dbb62878417813b.udd" 7002
"C:/Users/emanu/AppData/Local/UnrealEngine/Common/DerivedDataCache/Buckets/LegacyTEXTURE/e2/32/0a70760a421f20a08902a36eb2185ec35c5a.udd" 7003
"C:/Users/emanu/AppData/Local/UnrealEngine/Common/DerivedDataCache/Buckets/LegacyTEXTURE/db/db/4c8d17306e3ed3d863cacf331de740945e2f.udd" 7004
"C:/Users/emanu/AppData/Local/UnrealEngine/Common/DerivedDataCache/Buckets/LegacyTEXTURE/1a/40/88f0756cb0bd57abeddf9a86c8cc05e24b31.udd" 7005
"C:/Users/emanu/AppData/Local/UnrealEngine/Common/DerivedDataCache/Buckets/LegacyTEXTURE/cf/54/9479f7b8e537f36f9c2943a200928255bafa.udd" 7006
"C:/Users/emanu/AppData/Local/UnrealEngine/Common/DerivedDataCache/Buckets/LegacyTEXTURE/99/89/97f1d1c7acfa3b262899fa081aae23bf4c03.udd" 7007
"C:/Users/emanu/AppData/Local/UnrealEngine/Common/DerivedDataCache/Buckets/LegacyTEXTURE/6f/b6/09aafa0ae2899c59631ee6bbea1199e4230e.udd" 7008
"C:/Users/emanu/AppData/Local/UnrealEngine/Common/DerivedDataCache/Buckets/LegacyTEXTURE/f4/4d/2a793260b37bdc74bbc2aceca8767d79a1da.udd" 7009
"C:/Users/emanu/AppData/Local/UnrealEngine/Common/DerivedDataCache/Buckets/LegacyTEXTURE/81/8a/06d7699b9e671ec08693af0df2691d5666cc.udd" 7010
"C:/Users/emanu/AppData/Local/UnrealEngine/Common/DerivedDataCache/Buckets/LegacyTEXTURE/bb/29/75008902cb139aec73ad4054e5f45558cef6.udd" 7011
"C:/Users/emanu/AppData/Local/UnrealEngine/Common/DerivedDataCache/Buckets/LegacyTEXTURE/9a/da/d3841177ecf451247669be58e82be62aed06.udd" 7012
"C:/Users/emanu/AppData/Local/UnrealEngine/Common/DerivedDataCache/Buckets/LegacyTEXTURE/c0/3e/0dafc477d8e4bfb760077f8a2fea24da1f36.udd" 7013
"C:/Users/emanu/AppData/Local/UnrealEngine/Common/DerivedDataCache/Buckets/LegacyTEXTURE/9d/81/c1a0f712e51d56f724e14dc7ad86c4bb1b9d.udd" 7014
"C:/Users/emanu/AppData/Local/UnrealEngine/Common/DerivedDataCache/Buckets/LegacyTEXTURE/dd/56/7bc91f9a95028c466c6541e87df15ceab744.udd" 7015
"C:/Users/emanu/AppData/Local/UnrealEngine/Common/DerivedDataCache/Buckets/LegacyTEXTURE/68/7a/40734376b7f3e460a37348b718fd187ac550.udd" 7016
"C:/Users/emanu/AppData/Local/UnrealEngine/Common/DerivedDataCache/Buckets/LegacyTEXTURE/cc/d8/fae0fa214f8c382e3ae73b9875e5d3435b22.udd" 7017
"C:/Users/emanu/AppData/Local/UnrealEngine/Common/DerivedDataCache/Buckets/LegacyTEXTURE/a6/ae/4bb9c121892e3fb33e3e882d31bc30a4981e.udd" 7018
"C:/Users/emanu/AppData/Local/UnrealEngine/Common/DerivedDataCache/Buckets/LegacyTEXTURE/6d/de/f92b5ed4922427263a9b9e08d1e71bfa5954.udd" 7019
"C:/Users/emanu/AppData/Local/UnrealEngine/Common/DerivedDataCache/Buckets/LegacyTEXTURE/17/38/c90913be0252b8ba832370a2a9fa6941cc8f.udd" 7020
"C:/Users/emanu/AppData/Local/UnrealEngine/Common/DerivedDataCache/Buckets/LegacyTEXTURE/99/b9/6325548d0b99f2c07d494793c2c65e8cae77.udd" 7021
"C:/Users/emanu/AppData/Local/UnrealEngine/Common/DerivedDataCache/Buckets/LegacyTEXTURE/8d/2e/83ca6fdfe4850244c43c73d28a938a406382.udd" 7022
"C:/Users/emanu/AppData/Local/UnrealEngine/Common/DerivedDataCache/Buckets/LegacyTEXTURE/34/fd/4f4df2a5b24f035865eabd85598e49a60199.udd" 7023
"C:/Users/emanu/AppData/Local/UnrealEngine/Common/DerivedDataCache/Buckets/LegacyTEXTURE/d7/69/7eb13649a5d7ac34742f2beaaeed6dd5bf21.udd" 7024
"C:/Users/emanu/AppData/Local/UnrealEngine/Common/DerivedDataCache/Buckets/LegacyTEXTURE/c6/2f/b3258454020ff273ab6f8b36a1a410816974.udd" 7025
"C:/Users/emanu/AppData/Local/UnrealEngine/Common/DerivedDataCache/Buckets/LegacyTEXTURE/60/13/e87002d93608aa03d0569cba596729483c4a.udd" 7026
"C:/Users/emanu/AppData/Local/UnrealEngine/Common/DerivedDataCache/Buckets/LegacyTEXTURE/46/f3/e2a174be701d6d1a0d5d7527862add18573f.udd" 7027
"C:/Users/emanu/AppData/Local/UnrealEngine/Common/DerivedDataCache/Buckets/LegacyTEXTURE/44/4c/db34d9dd0bcbf6b850e6969c64a25b1098ff.udd" 7028
"C:/Users/emanu/AppData/Local/UnrealEngine/Common/DerivedDataCache/Buckets/LegacyTEXTURE/da/fa/27c4a07a7da6728e7044637d62b618a8e2d4.udd" 7029
"C:/Users/emanu/AppData/Local/UnrealEngine/Common/DerivedDataCache/Buckets/LegacyTEXTURE/20/75/c10c623a9c8f285a13b6777fc3d7645600c0.udd" 7030
"C:/Users/emanu/AppData/Local/UnrealEngine/Common/DerivedDataCache/Buckets/LegacyTEXTURE/93/f1/b42cf72ef729a1998951442105dc7a48ddfb.udd" 7031
"C:/Users/emanu/AppData/Local/UnrealEngine/Common/DerivedDataCache/Buckets/LegacyTEXTURE/32/90/d1fb89c985c64ede67fd98e179d6dacbb836.udd" 7032
"C:/Users/emanu/AppData/Local/UnrealEngine/Common/DerivedDataCache/Buckets/LegacyTEXTURE/f5/3e/2f25ef86af97f48ddd46009de811ca045c89.udd" 7033
"C:/Users/emanu/AppData/Local/UnrealEngine/Common/DerivedDataCache/Buckets/LegacyTEXTURE/23/6a/ebe81df154f73d5c17fdaf4970548e34bf4f.udd" 7034
"C:/Users/emanu/AppData/Local/UnrealEngine/Common/DerivedDataCache/Buckets/LegacyTEXTURE/27/a0/4eae7195fdf0b9ae1d6a2061a84027f7fc1c.udd" 7035
"C:/Users/emanu/AppData/Local/UnrealEngine/Common/DerivedDataCache/Buckets/LegacyTEXTURE/2d/af/ce6e3945eb05e13dc872790d534547657dd3.udd" 7036
"C:/Users/emanu/AppData/Local/UnrealEngine/Common/DerivedDataCache/Buckets/LegacyTEXTURE/5e/86/55ef215359a4279ae0502bd90e18cc72b0d1.udd" 7037
"C:/Users/emanu/AppData/Local/UnrealEngine/Common/DerivedDataCache/Buckets/LegacyTEXTURE/aa/13/eea60f706cce901901a623e917387f0672df.udd" 7038
"C:/Users/emanu/AppData/Local/UnrealEngine/Common/DerivedDataCache/Buckets/LegacyTEXTURE/fd/29/e53520b712a67783c56ee79d10ce0b84da85.udd" 7039
"C:/Users/emanu/AppData/Local/UnrealEngine/Common/DerivedDataCache/Buckets/LegacyTEXTURE/4e/8c/cd821f84bcc8dbba112a47866cd837c6313b.udd" 7040
"C:/Users/emanu/AppData/Local/UnrealEngine/Common/DerivedDataCache/Buckets/LegacyTEXTURE/79/7a/d9643b8846b9c68550fd8c8f3c2c1ae41601.udd" 7041
"C:/Users/emanu/AppData/Local/UnrealEngine/Common/DerivedDataCache/Buckets/LegacyTEXTURE/31/15/cf630b59a79261b87c135c0de0f34a86d375.udd" 7042
"C:/Users/emanu/AppData/Local/UnrealEngine/Common/DerivedDataCache/Buckets/LegacyTEXTURE/f5/a0/e5510feafc9fcb6226787c97d588c778834e.udd" 7043
"C:/Users/emanu/AppData/Local/UnrealEngine/Common/DerivedDataCache/Buckets/LegacyTEXTURE/f2/5f/b350d5c8b4589b078de1e45545d53e1a075f.udd" 7044
"C:/Users/emanu/AppData/Local/UnrealEngine/Common/DerivedDataCache/Buckets/LegacyTEXTURE/d6/b3/9dafe2f8be790664f192b922247fa800ac95.udd" 7045
"C:/Users/emanu/AppData/Local/UnrealEngine/Common/DerivedDataCache/Buckets/LegacyTEXTURE/c3/a4/8c083224784cc3ef501dc3eb827167ca5311.udd" 7046
"C:/Users/emanu/AppData/Local/UnrealEngine/Common/DerivedDataCache/Buckets/LegacyTEXTURE/c2/e4/dfd5ee734adf9c9f65ee7284f297b962a69c.udd" 7047
"C:/Users/emanu/AppData/Local/UnrealEngine/Common/DerivedDataCache/Buckets/LegacyTEXTURE/d7/c0/0b0bf3802b499181bd3424006e647aaba11f.udd" 7048
"C:/Users/emanu/AppData/Local/UnrealEngine/Common/DerivedDataCache/Buckets/LegacyTEXTURE/25/6b/64155b57a590b99bd851bfca7cd8dc8cfb3b.udd" 7049
"C:/Users/emanu/AppData/Local/UnrealEngine/Common/DerivedDataCache/Buckets/LegacyTEXTURE/6a/74/7ad4e803f15b23333758837f3d0f0b9d2225.udd" 7050
"C:/Users/emanu/AppData/Local/UnrealEngine/Common/DerivedDataCache/Buckets/LegacyTEXTURE/a3/5e/5b1a147e8ba580d3422ecfe9a9d00f252740.udd" 7051
"C:/Users/emanu/AppData/Local/UnrealEngine/Common/DerivedDataCache/Buckets/LegacyTEXTURE/8d/ac/27eeb73fe7852d9f7da86b477260386c91ee.udd" 7052
"C:/Users/emanu/AppData/Local/UnrealEngine/Common/DerivedDataCache/Buckets/LegacyTEXTURE/37/af/3d10e45c28c6bf78cc3fb28c09123340c6fe.udd" 7053
"C:/Users/emanu/AppData/Local/UnrealEngine/Common/DerivedDataCache/Buckets/LegacyTEXTURE/1e/91/6b1258ef7aaf47c7ab47a0e8defaf16a6fcf.udd" 7054
"C:/Users/emanu/AppData/Local/UnrealEngine/Common/DerivedDataCache/Buckets/LegacyTEXTURE/17/ab/fb5b610b49dbdb40bc830089137c68d545a6.udd" 7055
"C:/Users/emanu/AppData/Local/UnrealEngine/Common/DerivedDataCache/Buckets/LegacyTEXTURE/96/f3/8c3bc43af665810ba35307d84089fb9cca95.udd" 7056
"C:/Users/emanu/AppData/Local/UnrealEngine/Common/DerivedDataCache/Buckets/LegacyTEXTURE/46/8c/95a53a7ca2df4b4c77e9b083a54012137de4.udd" 7057
"C:/Users/emanu/AppData/Local/UnrealEngine/Common/DerivedDataCache/Buckets/LegacyTEXTURE/88/8d/6ad5f2bbd2f405379982a27b7dfb0e3ef260.udd" 7058
"C:/Users/emanu/AppData/Local/UnrealEngine/Common/DerivedDataCache/Buckets/LegacyTEXTURE/18/63/33215ee46be5d86e086f04fcda15129c291e.udd" 7059
"C:/Users/emanu/AppData/Local/UnrealEngine/Common/DerivedDataCache/Buckets/LegacyTEXTURE/c6/a4/96ff64d87d73d5c23acbd8101881eb4066ed.udd" 7060
"C:/Users/emanu/AppData/Local/UnrealEngine/Common/DerivedDataCache/Buckets/LegacyTEXTURE/81/43/b49a8df011a25dfab0bfb5ab0d53e0c9ff07.udd" 7061
"C:/Users/emanu/AppData/Local/UnrealEngine/Common/DerivedDataCache/Buckets/LegacyTEXTURE/5b/54/2006f770804a88b7ebeed30c2ac83fb829f6.udd" 7062
"C:/Users/emanu/AppData/Local/UnrealEngine/Common/DerivedDataCache/Buckets/LegacyTEXTURE/90/13/6bb927b0b5193f9ad48def7849a703fe6249.udd" 7063
"C:/Users/emanu/AppData/Local/UnrealEngine/Common/DerivedDataCache/Buckets/LegacyTEXTURE/40/92/68441aeeb4190b22932f954ae1356817ebfe.udd" 7064
"C:/Users/emanu/AppData/Local/UnrealEngine/Common/DerivedDataCache/Buckets/LegacyTEXTURE/90/bd/645d50ced9e3cb637ccc68f5863ddbc21899.udd" 7065
"C:/Users/emanu/AppData/Local/UnrealEngine/Common/DerivedDataCache/Buckets/LegacyTEXTURE/a2/a5/c620c145f7e8866f82bf33fed4d98b775de6.udd" 7066
"C:/Users/emanu/AppData/Local/UnrealEngine/Common/DerivedDataCache/Buckets/LegacyTEXTURE/93/a3/8e50b61f085721089de4b82bf53b52652c8d.udd" 7067
"C:/Users/emanu/AppData/Local/UnrealEngine/Common/DerivedDataCache/Buckets/LegacyTEXTURE/9a/e2/f769fea2b7a410f0481a7f805dcac8f0ff8a.udd" 7068
"C:/Users/emanu/AppData/Local/UnrealEngine/Common/DerivedDataCache/Buckets/LegacyTEXTURE/bc/f8/3409b9b63d223c93c97d48ff3dbb6ef9534d.udd" 7069
"C:/Users/emanu/AppData/Local/UnrealEngine/Common/DerivedDataCache/Buckets/LegacyTEXTURE/be/21/e1830eb4a6d1a8c18ccfbd3514df48e217b8.udd" 7070
"C:/Users/emanu/AppData/Local/UnrealEngine/Common/DerivedDataCache/Buckets/LegacyTEXTURE/bf/ad/c728ab899ab7de31e75713c9a5cc53b0d719.udd" 7071
"C:/Users/emanu/AppData/Local/UnrealEngine/Common/DerivedDataCache/Buckets/LegacyTEXTURE/16/d1/b8ab6c572f60b507c2adb2fa8f6867454a1e.udd" 7072
"C:/Users/emanu/AppData/Local/UnrealEngine/Common/DerivedDataCache/Buckets/LegacyTEXTURE/bb/76/d70f72ef0a43457bb762167ba4c761430eeb.udd" 7073
"C:/Users/emanu/AppData/Local/UnrealEngine/Common/DerivedDataCache/Buckets/LegacyTEXTURE/94/92/13df5ec2acd29dbd30cd34069779e0f44c40.udd" 7074
"C:/Users/emanu/AppData/Local/UnrealEngine/Common/DerivedDataCache/Buckets/LegacyTEXTURE/e0/34/0939de5b6c9cac29d3060297b21fca9968dc.udd" 7075
"C:/Users/emanu/AppData/Local/UnrealEngine/Common/DerivedDataCache/Buckets/LegacyTEXTURE/1e/68/b3b6cab9872834a73037573537d66fe9584b.udd" 7076
"C:/Users/emanu/AppData/Local/UnrealEngine/Common/DerivedDataCache/Buckets/LegacyTEXTURE/c1/bb/7d5a0e39ceaab0b7641e8e712e47182cbf6e.udd" 7077
"C:/Users/emanu/AppData/Local/UnrealEngine/Common/DerivedDataCache/Buckets/LegacyTEXTURE/3b/76/4b244e1e64bdfd2d8085881f9cd9dd258ef6.udd" 7078
"C:/Users/emanu/AppData/Local/UnrealEngine/Common/DerivedDataCache/Buckets/LegacyTEXTURE/cc/e9/5c9438abde8920c843eeddef07d07cc09225.udd" 7079
"C:/Users/emanu/AppData/Local/UnrealEngine/Common/DerivedDataCache/Buckets/LegacyTEXTURE/91/7a/420fab1ba8692003ac0c641ac0732b2323b9.udd" 7080
"C:/Users/emanu/AppData/Local/UnrealEngine/Common/DerivedDataCache/Buckets/LegacyTEXTURE/c3/45/b1957c890d7f97b02012e691e1cd0edc0fe2.udd" 7081
"C:/Users/emanu/AppData/Local/UnrealEngine/Common/DerivedDataCache/Buckets/LegacyTEXTURE/94/43/e8acff0e2f84e0c8c21851832cf2809eb15e.udd" 7082
"C:/Users/emanu/AppData/Local/UnrealEngine/Common/DerivedDataCache/Buckets/LegacyTEXTURE/c3/c0/c693f423770d2477baad8a2239e43ba80c9a.udd" 7083
"C:/Users/emanu/AppData/Local/UnrealEngine/Common/DerivedDataCache/Buckets/LegacyTEXTURE/1d/8e/04c39695da35b16f5922deda87e5d6d0005e.udd" 7084
"C:/Users/emanu/AppData/Local/UnrealEngine/Common/DerivedDataCache/Buckets/LegacyTEXTURE/41/1f/f2482c7d6517951270e69af5a6a2dec1b6ea.udd" 7085
"C:/Users/emanu/AppData/Local/UnrealEngine/Common/DerivedDataCache/Buckets/LegacyTEXTURE/48/dd/a65e0fa45acf9ff484ad5417424fd9d5dc12.udd" 7086
"C:/Users/emanu/AppData/Local/UnrealEngine/Common/DerivedDataCache/Buckets/LegacyTEXTURE/9f/09/b89802fad9b94c744449ba40e6e4c069c0d2.udd" 7087
"C:/Users/emanu/AppData/Local/UnrealEngine/Common/DerivedDataCache/Buckets/LegacyTEXTURE/19/0c/1ae8708230cd6f61ee3ca8ab4ddb9996f29b.udd" 7088
"C:/Users/emanu/AppData/Local/UnrealEngine/Common/DerivedDataCache/Buckets/LegacyTEXTURE/e7/84/794ab224303c3cb6c5de32c0c8fab933c7cb.udd" 7089
"C:/Users/emanu/AppData/Local/UnrealEngine/Common/DerivedDataCache/Buckets/LegacyTEXTURE/c3/08/ad39aa1a59463823963f987fd7fe85b0ccc1.udd" 7090
"C:/Users/emanu/AppData/Local/UnrealEngine/Common/DerivedDataCache/Buckets/LegacyTEXTURE/9a/b2/c612ffb5941ab6df6a3e389333bfe29f5dd0.udd" 7091
"C:/Users/emanu/AppData/Local/UnrealEngine/Common/DerivedDataCache/Buckets/LegacyTEXTURE/3c/52/ac138270ad81263ca2018ec7f2dd97f3560a.udd" 7092
"C:/Users/emanu/AppData/Local/UnrealEngine/Common/DerivedDataCache/Buckets/LegacyTEXTURE/18/5c/415ec671983f648da26af28a8e05897989f9.udd" 7093
"C:/Users/emanu/AppData/Local/UnrealEngine/Common/DerivedDataCache/Buckets/LegacyTEXTURE/c8/05/98a36bb2008f1f2499a8a2e08ce54e637570.udd" 7094
"C:/Users/emanu/AppData/Local/UnrealEngine/Common/DerivedDataCache/Content/f1/7e/b72c36f48862ae790903f96ef445888a475a.udd" 7095
"C:/Users/emanu/AppData/Local/UnrealEngine/Common/DerivedDataCache/Buckets/LegacyTEXTURE/c2/41/577a307e0d24460764044dc277d82abc1735.udd" 7096
"C:/Users/emanu/AppData/Local/UnrealEngine/Common/DerivedDataCache/Buckets/LegacyTEXTURE/22/78/b21cff5849098f7fdf238039f2835765ade7.udd" 7097
"C:/Users/emanu/AppData/Local/UnrealEngine/Common/DerivedDataCache/Buckets/LegacyTEXTURE/fb/76/6d1e1427378c7202a28ee8f65f30ca04ee13.udd" 7098
"C:/Users/emanu/AppData/Local/UnrealEngine/Common/DerivedDataCache/Buckets/LegacyTEXTURE/27/5f/2df9fdd88f662c81958a8579fdac7dddd462.udd" 7099
"C:/Users/emanu/AppData/Local/UnrealEngine/Common/DerivedDataCache/Buckets/LegacyTEXTURE/eb/da/27f1e07ae10f53c108a2828fc57ccf343500.udd" 7100
"C:/Users/emanu/AppData/Local/UnrealEngine/Common/DerivedDataCache/Content/9f/a9/8366780ad1761412ae75a0feea475831cefe.udd" 7101
"C:/Users/emanu/AppData/Local/UnrealEngine/Common/DerivedDataCache/Buckets/LegacyTEXTURE/25/f3/40cdb10727523fb5973e029cdd8ee3f5f067.udd" 7102
"C:/Users/emanu/AppData/Local/UnrealEngine/Common/DerivedDataCache/Buckets/LegacyTEXTURE/bc/2c/7c40945ce2ba316effecd7f3e570bcc0e9bd.udd" 7103
"C:/Users/emanu/AppData/Local/UnrealEngine/Common/DerivedDataCache/Content/06/b5/c577329f265eca143bde239a49040e397688.udd" 7104
"C:/Users/emanu/AppData/Local/UnrealEngine/Common/DerivedDataCache/Buckets/LegacyTEXTURE/05/00/df86a1c2dc8c8713d99f4992d4207b88a34e.udd" 7105
"C:/Users/emanu/AppData/Local/UnrealEngine/Common/DerivedDataCache/Buckets/LegacyTEXTURE/ee/50/a3868177e7b07953b074dbb44c3b720d7535.udd" 7106
"C:/Users/emanu/AppData/Local/UnrealEngine/Common/DerivedDataCache/Buckets/LegacyTEXTURE/23/32/d850d3f49e96bc7f7391390643ffe33f447b.udd" 7107
"C:/Users/emanu/AppData/Local/UnrealEngine/Common/DerivedDataCache/Buckets/LegacyTEXTURE/1c/49/1c8ce53883af3a3dbb9661e8a8928c96d644.udd" 7108
"C:/Users/emanu/AppData/Local/UnrealEngine/Common/DerivedDataCache/Buckets/LegacyTEXTURE/d2/e6/849fcc5b028d2b4d524b5da01a71c94b6261.udd" 7109
"C:/Users/emanu/AppData/Local/UnrealEngine/Common/DerivedDataCache/Buckets/LegacyTEXTURE/c8/c4/99f5ed54839fdbbd95f607a1eef0e6ea582d.udd" 7110
"C:/Users/emanu/AppData/Local/UnrealEngine/Common/DerivedDataCache/Buckets/LegacyTEXTURE/a3/f2/0ee5bbc6e65f2f5682963d6cedf6678eefc7.udd" 7111
"C:/Users/emanu/AppData/Local/UnrealEngine/Common/DerivedDataCache/Content/75/e2/7799dba1fd26f2d2a6534093490debdd5d52.udd" 7112
"C:/Users/emanu/AppData/Local/UnrealEngine/Common/DerivedDataCache/Content/ce/bf/abe6e8d51aff3c9063a300eb9a1c020fcb72.udd" 7113
"C:/Users/emanu/AppData/Local/UnrealEngine/Common/DerivedDataCache/Buckets/LegacyTEXTURE/cc/b5/361b9c511c05d5b1db0f0723e89e6547d9db.udd" 7114
"C:/Users/emanu/AppData/Local/UnrealEngine/Common/DerivedDataCache/Buckets/LegacyTEXTURE/9f/a4/9f72d23025b1cdf9199b2b357fc85ffb5f00.udd" 7115
"C:/Users/emanu/AppData/Local/UnrealEngine/Common/DerivedDataCache/Buckets/LegacyTEXTURE/29/04/55cbdbbe5c4f3ed4bc0dab4fe47c3242fb16.udd" 7116
"C:/Users/emanu/AppData/Local/UnrealEngine/Common/DerivedDataCache/Buckets/LegacyTEXTURE/f3/1f/8c7e4bdaff5d106a17331ec3b9aa37ef5a0f.udd" 7117
"C:/Users/emanu/AppData/Local/UnrealEngine/Common/DerivedDataCache/Buckets/LegacyTEXTURE/d5/45/7ab9c01b9d01bdfec55364980ccea60231e3.udd" 7118
"C:/Users/emanu/AppData/Local/UnrealEngine/Common/DerivedDataCache/Content/eb/c2/c12f17b3518f6c369cb1f193c9954c316549.udd" 7119
"C:/Users/emanu/AppData/Local/UnrealEngine/Common/DerivedDataCache/Buckets/LegacyTEXTURE/03/d1/f6a48d716b5a861461a6e909d1c45f5af8a5.udd" 7120
"C:/Users/emanu/AppData/Local/UnrealEngine/Common/DerivedDataCache/Buckets/LegacyTEXTURE/ca/94/9f51f11d32d8ee3e3c3e0ea9bc7b9accb336.udd" 7121
"C:/Users/emanu/AppData/Local/UnrealEngine/Common/DerivedDataCache/Buckets/LegacyTEXTURE/4e/90/b0e7c10e68d3f441197172687d15e6d36da5.udd" 7122
"C:/Users/emanu/AppData/Local/UnrealEngine/Common/DerivedDataCache/Buckets/LegacyTEXTURE/62/11/c54441274c4c55331c9d3826162233b7e436.udd" 7123
"C:/Users/emanu/AppData/Local/UnrealEngine/Common/DerivedDataCache/Buckets/LegacyTEXTURE/92/bb/ddc9c711fabb3978129d387e68f3bb1880ef.udd" 7124
"C:/Users/emanu/AppData/Local/UnrealEngine/Common/DerivedDataCache/Buckets/LegacyTEXTURE/83/56/ce9b677a2f551646629f950e7361fff57f00.udd" 7125
"C:/Users/emanu/AppData/Local/UnrealEngine/Common/DerivedDataCache/Buckets/LegacyTEXTURE/13/fd/35edb2f8f68d0c5267b8ca7efc818012c85e.udd" 7126
"C:/Users/emanu/AppData/Local/UnrealEngine/Common/DerivedDataCache/Buckets/LegacyTEXTURE/77/de/ba124c5160a1215cf5524e033e388ce6d1f8.udd" 7127
"C:/Users/emanu/AppData/Local/UnrealEngine/Common/DerivedDataCache/Buckets/LegacyTEXTURE/8f/9a/bdb42773215e914c3345d8dc7b43443034c0.udd" 7128
"C:/Users/emanu/AppData/Local/UnrealEngine/Common/DerivedDataCache/Buckets/LegacyTEXTURE/38/c3/10f75836d3f40c3220a705d84b7f58f610c3.udd" 7129
"C:/Users/emanu/AppData/Local/UnrealEngine/Common/DerivedDataCache/Buckets/LegacyTEXTURE/20/0d/8b44daa83727fa3cf546e3f6ac1c6ea307bc.udd" 7130
"C:/Users/emanu/AppData/Local/UnrealEngine/Common/DerivedDataCache/Buckets/LegacyTEXTURE/2c/d0/7874bc680f2dc8fed55c1946f1609a94c124.udd" 7131
"C:/Users/emanu/AppData/Local/UnrealEngine/Common/DerivedDataCache/Buckets/LegacyTEXTURE/4f/25/a3464fd67cd8eebfe6644890f39e6945d887.udd" 7132
"C:/Users/emanu/AppData/Local/UnrealEngine/Common/DerivedDataCache/Buckets/LegacyTEXTURE/68/22/a40b702132dad9cc9b3b68155a83ca2e5fd5.udd" 7133
"C:/Users/emanu/AppData/Local/UnrealEngine/Common/DerivedDataCache/Content/46/a3/f995e339c28541e456fd48f30f4d87948f5b.udd" 7134
"C:/Users/emanu/AppData/Local/UnrealEngine/Common/DerivedDataCache/Buckets/LegacyTEXTURE/69/00/54821da45856acbcd65722c8adf652f60bc9.udd" 7135
"C:/Users/emanu/AppData/Local/UnrealEngine/Common/DerivedDataCache/Buckets/LegacyTEXTURE/82/3c/69e784bbbb2fdd13ab6a0731f7c9fd000db6.udd" 7136
"C:/Users/emanu/AppData/Local/UnrealEngine/Common/DerivedDataCache/Buckets/LegacyTEXTURE/28/3d/e9293d4def51c1f91e9455ee413725ed58c7.udd" 7137
"C:/Users/emanu/AppData/Local/UnrealEngine/Common/DerivedDataCache/Content/13/f0/ae610a1397f35aa540f56b84373b4b197c78.udd" 7138
"C:/Users/emanu/AppData/Local/UnrealEngine/Common/DerivedDataCache/Buckets/LegacyTEXTURE/83/dc/0107c6b64f34d639d46bfae7f1328b7585c8.udd" 7139
"C:/Users/emanu/AppData/Local/UnrealEngine/Common/DerivedDataCache/Buckets/LegacyTEXTURE/5f/10/86cc5ce2cba69463f7b628a63704d8d32ac5.udd" 7140
"C:/Users/emanu/AppData/Local/UnrealEngine/Common/DerivedDataCache/Buckets/LegacyTEXTURE/f3/16/fe315dcd463028a15d27e9af905bbe6af6c4.udd" 7141
"C:/Users/emanu/AppData/Local/UnrealEngine/Common/DerivedDataCache/Buckets/LegacyTEXTURE/ac/cd/eafa9dcb65d6d652691ff5551afb232d935d.udd" 7142
"C:/Users/emanu/AppData/Local/UnrealEngine/Common/DerivedDataCache/Buckets/LegacyTEXTURE/f9/23/939a1c7b88f3ef3b10f26868eca7d8fcf2b8.udd" 7143
"C:/Users/emanu/AppData/Local/UnrealEngine/Common/DerivedDataCache/Buckets/LegacyTEXTURE/e0/d8/88892307856f9b89666e381dd8bd6fa151c8.udd" 7144
"C:/Users/emanu/AppData/Local/UnrealEngine/Common/DerivedDataCache/Buckets/LegacyTEXTURE/3b/df/2edf805544969df608e69dbc23432653a77e.udd" 7145
"C:/Users/emanu/AppData/Local/UnrealEngine/Common/DerivedDataCache/Buckets/LegacyTEXTURE/22/7a/8b4a63bb4afc22924dcde36bacb0e8c55e16.udd" 7146
"C:/Users/emanu/AppData/Local/UnrealEngine/Common/DerivedDataCache/Buckets/LegacyTEXTURE/3d/5c/5428261104f1c929056208ea84879284a426.udd" 7147
"C:/Users/emanu/AppData/Local/UnrealEngine/Common/DerivedDataCache/Buckets/LegacyTEXTURE/70/69/a24541766e4246bf395d89b72d8fff43330f.udd" 7148
"C:/Users/emanu/AppData/Local/UnrealEngine/Common/DerivedDataCache/Buckets/LegacyTEXTURE/b3/01/f527c50a71c19ef1c23488024ef4622f32b7.udd" 7149
"C:/Users/emanu/AppData/Local/UnrealEngine/Common/DerivedDataCache/Content/1c/db/ff046cec7f1353550fd773006162c3dc4b71.udd" 7150
"C:/Users/emanu/AppData/Local/UnrealEngine/Common/DerivedDataCache/Buckets/LegacyTEXTURE/81/0c/5f39c84123df277c27494a5b42ceba800cd5.udd" 7151
"C:/Users/emanu/AppData/Local/UnrealEngine/Common/DerivedDataCache/Buckets/LegacyTEXTURE/b3/37/36943a78dd7051a61262a29c0c6db36bd980.udd" 7152
"C:/Users/emanu/AppData/Local/UnrealEngine/Common/DerivedDataCache/Buckets/LegacyTEXTURE/da/02/d6d9a6cb187ecfaf5770c3777fe25219fd3d.udd" 7153
"C:/Users/emanu/AppData/Local/UnrealEngine/Common/DerivedDataCache/Buckets/LegacyTEXTURE/be/76/f2217ac7db3b6d01003436ca5720e039eb66.udd" 7154
"C:/Users/emanu/AppData/Local/UnrealEngine/Common/DerivedDataCache/Buckets/LegacyTEXTURE/d4/1b/009226353e3821e86079b6e8ad9dd4bb1dc6.udd" 7155
"C:/Users/emanu/AppData/Local/UnrealEngine/Common/DerivedDataCache/Buckets/LegacyTEXTURE/71/5d/55b4dd03926141e9ac07cae79bd963f465c8.udd" 7156
"C:/Users/emanu/AppData/Local/UnrealEngine/Common/DerivedDataCache/Buckets/LegacyTEXTURE/82/8d/0d6cc271c6ac634596de79129f85ed3f562a.udd" 7157
"C:/Users/emanu/AppData/Local/UnrealEngine/Common/DerivedDataCache/Buckets/LegacyTEXTURE/eb/9b/196af9ab953d88678c5fd4e4d1752b94f8a2.udd" 7158
"C:/Users/emanu/AppData/Local/UnrealEngine/Common/DerivedDataCache/Buckets/LegacyTEXTURE/7c/6c/033e623ba840d91f366877ce792850e098fd.udd" 7159
"C:/Users/emanu/AppData/Local/UnrealEngine/Common/DerivedDataCache/Buckets/LegacyTEXTURE/8f/56/47a4c7a5419a453d43735fe79304ee6cca4e.udd" 7160
"C:/Users/emanu/AppData/Local/UnrealEngine/Common/DerivedDataCache/Buckets/LegacyTEXTURE/df/5c/d17209f9dc243dc4319e23edd83d5ca3ac20.udd" 7161
"C:/Users/emanu/AppData/Local/UnrealEngine/Common/DerivedDataCache/Buckets/LegacyTEXTURE/0f/0d/f0f54b4b4872bfa71a68a1e863e58187d0fa.udd" 7162
"C:/Users/emanu/AppData/Local/UnrealEngine/Common/DerivedDataCache/Buckets/LegacyTEXTURE/f1/bc/63f22c9aad4b6c2310cfce7122663eac3bca.udd" 7163
"C:/Users/emanu/AppData/Local/UnrealEngine/Common/DerivedDataCache/Buckets/LegacyTEXTURE/a9/20/eb969ad31ef8272a709aeea545f2fcb70d61.udd" 7164
"C:/Users/emanu/AppData/Local/UnrealEngine/Common/DerivedDataCache/Buckets/LegacyTEXTURE/4c/7d/1a97890f99f097134aec94e21cad0f44e5ef.udd" 7165
"C:/Users/emanu/AppData/Local/UnrealEngine/Common/DerivedDataCache/Buckets/LegacyTEXTURE/c9/7d/081c4245f33ab6789923127fced7bbb1c6ee.udd" 7166
"C:/Users/emanu/AppData/Local/UnrealEngine/Common/DerivedDataCache/Buckets/LegacyTEXTURE/58/12/5993491b011adc5ddb1d636e6aac197e46d7.udd" 7167
"C:/Users/emanu/AppData/Local/UnrealEngine/Common/DerivedDataCache/Buckets/LegacyTEXTURE/5c/81/5a28879d6cafa1c292e3297dc53eef2a450b.udd" 7168
"C:/Users/emanu/AppData/Local/UnrealEngine/Common/DerivedDataCache/Buckets/LegacyTEXTURE/d4/73/e9899cb021bcf56c75a4808127f0bedda697.udd" 7169
"C:/Users/emanu/AppData/Local/UnrealEngine/Common/DerivedDataCache/Buckets/LegacyTEXTURE/2c/32/69bcf706c49771dce3bfb92d2c943a7527ac.udd" 7170
"C:/Users/emanu/AppData/Local/UnrealEngine/Common/DerivedDataCache/Buckets/LegacyTEXTURE/d7/e4/40f674404c99abe1018a6402c79f13f3ae8e.udd" 7171
"C:/Users/emanu/AppData/Local/UnrealEngine/Common/DerivedDataCache/Buckets/LegacyTEXTURE/49/fe/394c3fea29a22c5e01e47a6dadda0cdabaf3.udd" 7172
"C:/Users/emanu/AppData/Local/UnrealEngine/Common/DerivedDataCache/Buckets/LegacyTEXTURE/18/00/d2a488f0523a57bc5ee1b96a8d6b61200e89.udd" 7173
"C:/Users/emanu/AppData/Local/UnrealEngine/Common/DerivedDataCache/Buckets/LegacyTEXTURE/ae/6f/fc311b4812403efab9d4eb3e073ee096762f.udd" 7174
"C:/Users/emanu/AppData/Local/UnrealEngine/Common/DerivedDataCache/Buckets/LegacyTEXTURE/f5/09/96f5b6ba97d34f00c4738a3d2cb901a9d1d2.udd" 7175
"C:/Users/emanu/AppData/Local/UnrealEngine/Common/DerivedDataCache/Buckets/LegacyTEXTURE/ec/82/a8ea7768778d7c926cf6c577164560c3708d.udd" 7176
"C:/Users/emanu/AppData/Local/UnrealEngine/Common/DerivedDataCache/Content/16/94/0ad468d15afd511f0a4679e2dc1b60047c14.udd" 7177
"C:/Users/emanu/AppData/Local/UnrealEngine/Common/DerivedDataCache/Buckets/LegacyTEXTURE/bc/f2/4a156b38e4704d59e0650e21af7ff9aec6f3.udd" 7178
"C:/Users/emanu/AppData/Local/UnrealEngine/Common/DerivedDataCache/Buckets/LegacyTEXTURE/ce/e1/43555a219010daae442f4e4ae83a7fa5472c.udd" 7179
"C:/Users/emanu/AppData/Local/UnrealEngine/Common/DerivedDataCache/Buckets/LegacyTEXTURE/08/c8/80c180ad4c57d318ba84129e92f82c992b0c.udd" 7180
"C:/Users/emanu/AppData/Local/UnrealEngine/Common/DerivedDataCache/Buckets/LegacyTEXTURE/39/79/89485fe505ce1706f9db6ec089786789dffb.udd" 7181
"C:/Users/emanu/AppData/Local/UnrealEngine/Common/DerivedDataCache/Buckets/LegacyTEXTURE/46/81/a162c28e2137a88da94d56aa788848517280.udd" 7182
"C:/Users/emanu/AppData/Local/UnrealEngine/Common/DerivedDataCache/Buckets/LegacyTEXTURE/cf/2e/5916df3b91c0661d65023481bd1f91b8dd84.udd" 7183
"C:/Users/emanu/AppData/Local/UnrealEngine/Common/DerivedDataCache/Content/a5/86/214b3d6b7331dddc746ed9d56fa0cf62b7f0.udd" 7184
"C:/Users/emanu/AppData/Local/UnrealEngine/Common/DerivedDataCache/Buckets/LegacyTEXTURE/eb/f2/fb6b5762738b9cafbbda08aa7bd0ecec7250.udd" 7185
"C:/Users/emanu/AppData/Local/UnrealEngine/Common/DerivedDataCache/Buckets/LegacyTEXTURE/bb/aa/a0bc65cbc05f69782000fdb74e234b5305a8.udd" 7186
"C:/Users/emanu/AppData/Local/UnrealEngine/Common/DerivedDataCache/Buckets/LegacyTEXTURE/ef/40/98a4dc965430ed570c3ce5e469473dfd6c3d.udd" 7187
"C:/Users/emanu/AppData/Local/UnrealEngine/Common/DerivedDataCache/Buckets/LegacyTEXTURE/91/1b/5fa058ff39f74f2b5b209e2ac26529938ad6.udd" 7188
"C:/Users/emanu/AppData/Local/UnrealEngine/Common/DerivedDataCache/Buckets/LegacyTEXTURE/f1/c5/614677771b08a0cb5a95c57bafcf08f903e6.udd" 7189
"C:/Users/emanu/AppData/Local/UnrealEngine/Common/DerivedDataCache/Buckets/LegacyTEXTURE/fb/c5/db672d56e02b8d16d08fd948db08f36a4196.udd" 7190
"C:/Users/emanu/AppData/Local/UnrealEngine/Common/DerivedDataCache/Buckets/LegacyTEXTURE/41/88/eae9f8776250b7bec03754c93d895a9e7809.udd" 7191
"C:/Users/emanu/AppData/Local/UnrealEngine/Common/DerivedDataCache/Content/54/a7/8eadaff843305f1487b15e2b6b0e0d77a1d5.udd" 7192
"C:/Users/emanu/AppData/Local/UnrealEngine/Common/DerivedDataCache/Buckets/LegacyTEXTURE/67/25/ec9f5492e764696d1035c80ca21587101a0f.udd" 7193
"C:/Users/emanu/AppData/Local/UnrealEngine/Common/DerivedDataCache/Buckets/LegacyTEXTURE/5a/bb/7374e3c266e07d6099eccc533391171b79cc.udd" 7194
"C:/Users/emanu/AppData/Local/UnrealEngine/Common/DerivedDataCache/Buckets/LegacyTEXTURE/24/fe/bae01ab1116f9cf1be0e0aa5269ca18c0532.udd" 7195
"C:/Users/emanu/AppData/Local/UnrealEngine/Common/DerivedDataCache/Buckets/LegacyTEXTURE/ac/c4/d9951b01599109283ef021fde9b3ec1dd84c.udd" 7196
"C:/Users/emanu/AppData/Local/UnrealEngine/Common/DerivedDataCache/Buckets/LegacyTEXTURE/a3/25/0fb172917d9dd816b2088366d0b267709a2e.udd" 7197
"C:/Users/emanu/AppData/Local/UnrealEngine/Common/DerivedDataCache/Buckets/LegacyTEXTURE/ae/6a/77e8b4374e1c97f2398fcdf154f4bc654537.udd" 7198
"C:/Users/emanu/AppData/Local/UnrealEngine/Common/DerivedDataCache/Buckets/LegacyTEXTURE/12/f6/67bee3cba98cdf13dbdd00254f2eedfc819a.udd" 7199
"C:/Users/emanu/AppData/Local/UnrealEngine/Common/DerivedDataCache/Content/f4/43/fb6c144f74a0ea12f4d5315b53819118d06c.udd" 7200
"C:/Users/emanu/AppData/Local/UnrealEngine/Common/DerivedDataCache/Buckets/LegacyTEXTURE/c5/22/8a20e0e1e480cb172cf713b19ff7e09d0c9a.udd" 7201
"C:/Users/emanu/AppData/Local/UnrealEngine/Common/DerivedDataCache/Buckets/LegacyTEXTURE/66/15/52cdf3a515d547f81b8c5852e34501b3aae7.udd" 7202
"C:/Users/emanu/AppData/Local/UnrealEngine/Common/DerivedDataCache/Buckets/LegacyTEXTURE/55/95/dc1199dcfa9f9853c8b657de12cde33e2fb3.udd" 7203
"C:/Users/emanu/AppData/Local/UnrealEngine/Common/DerivedDataCache/Buckets/LegacyTEXTURE/97/2c/bab2a95480c63f110daa6e1fd7c16c42bf47.udd" 7204
"C:/Users/emanu/AppData/Local/UnrealEngine/Common/DerivedDataCache/Buckets/LegacyTEXTURE/26/ad/79d1257d7cf92e6206689eb5531dc46ca990.udd" 7205
"C:/Users/emanu/AppData/Local/UnrealEngine/Common/DerivedDataCache/Buckets/LegacyTEXTURE/3c/75/0c5c7318f53d4450d2a7c81fd5800537b512.udd" 7206
"C:/Users/emanu/AppData/Local/UnrealEngine/Common/DerivedDataCache/Buckets/LegacyTEXTURE/dc/8a/254e991bbb8482fe3237ca4a27c14faa4c05.udd" 7207
"C:/Users/emanu/AppData/Local/UnrealEngine/Common/DerivedDataCache/Buckets/LegacyTEXTURE/9c/67/3d8ccb423370821b1990a8faecf7388978f7.udd" 7208
"C:/Users/emanu/AppData/Local/UnrealEngine/Common/DerivedDataCache/Buckets/LegacyTEXTURE/04/3e/3c65d9b350ceec506f8e8124874648128497.udd" 7209
"C:/Users/emanu/AppData/Local/UnrealEngine/Common/DerivedDataCache/Buckets/LegacyTEXTURE/73/0a/d01423d414f41e6937d139f81698203bed03.udd" 7210
"C:/Users/emanu/AppData/Local/UnrealEngine/Common/DerivedDataCache/Buckets/LegacyTEXTURE/a8/29/2fa7171a612c33d4677752efa6c17a5f0236.udd" 7211
"C:/Users/emanu/AppData/Local/UnrealEngine/Common/DerivedDataCache/Buckets/LegacyTEXTURE/05/c9/6b78f613cc0ed2f3c45a180c7f2221404485.udd" 7212
"C:/Users/emanu/AppData/Local/UnrealEngine/Common/DerivedDataCache/Buckets/LegacyTEXTURE/6a/83/4d55239246b1916bab04eb96d9b9c20b421a.udd" 7213
"C:/Users/emanu/AppData/Local/UnrealEngine/Common/DerivedDataCache/Buckets/LegacyTEXTURE/db/4e/44718c4c71df616aac0514c3e41c24209531.udd" 7214
"C:/Users/emanu/AppData/Local/UnrealEngine/Common/DerivedDataCache/Buckets/LegacyTEXTURE/6f/ad/c01c5fc15bdd02ef08df256c661b60607d8a.udd" 7215
"C:/Users/emanu/AppData/Local/UnrealEngine/Common/DerivedDataCache/Buckets/LegacyTEXTURE/9c/90/3673522628d8b23ce245d1d990c76133ff86.udd" 7216
"C:/Users/emanu/AppData/Local/UnrealEngine/Common/DerivedDataCache/Buckets/LegacyTEXTURE/60/1a/daf8b52c228439df6afda83e1542a8ac75bd.udd" 7217
"C:/Users/emanu/AppData/Local/UnrealEngine/Common/DerivedDataCache/Buckets/LegacyTEXTURE/aa/fa/b661a7aacaf9163a0653396cbb0e013527ec.udd" 7218
"C:/Users/emanu/AppData/Local/UnrealEngine/Common/DerivedDataCache/Buckets/LegacyTEXTURE/ac/ad/418cc21f600a83dfb4b4d9c974521a45387b.udd" 7219
"C:/Users/emanu/AppData/Local/UnrealEngine/Common/DerivedDataCache/Buckets/LegacyTEXTURE/15/34/b61500f867475aeb18bcb54d0401d7bbf336.udd" 7220
"C:/Users/emanu/AppData/Local/UnrealEngine/Common/DerivedDataCache/Buckets/LegacyTEXTURE/e2/b9/30f84103fd115e55c7fda98ecd245aea5935.udd" 7221
"C:/Users/emanu/AppData/Local/UnrealEngine/Common/DerivedDataCache/Buckets/LegacyTEXTURE/55/a5/95b03441c8e88d46c1dc684ff6dde6231826.udd" 7222
"C:/Users/emanu/AppData/Local/UnrealEngine/Common/DerivedDataCache/Content/cd/62/7621fa223a9a65e2753992f2997706199808.udd" 7223
"C:/Users/emanu/AppData/Local/UnrealEngine/Common/DerivedDataCache/Buckets/LegacyTEXTURE/98/f2/61a404f3d2941f89a39315b342aee954eefc.udd" 7224
"C:/Users/emanu/AppData/Local/UnrealEngine/Common/DerivedDataCache/Buckets/LegacyTEXTURE/8f/07/d133dfa1b057c454c7e56f9dd2f84973144a.udd" 7225
"C:/Users/emanu/AppData/Local/UnrealEngine/Common/DerivedDataCache/Buckets/LegacyTEXTURE/5d/2b/6a77618708de3047c8c79945af97a1262525.udd" 7226
"C:/Users/emanu/AppData/Local/UnrealEngine/Common/DerivedDataCache/Buckets/LegacyTEXTURE/e9/6e/684490b5ca4473ad6faf3f36ecfefaf492d2.udd" 7227
"C:/Users/emanu/AppData/Local/UnrealEngine/Common/DerivedDataCache/Buckets/LegacyTEXTURE/0b/6a/3358cfbea6a7fcfcffd3083892de3a5fa174.udd" 7228
"C:/Users/emanu/AppData/Local/UnrealEngine/Common/DerivedDataCache/Buckets/LegacyTEXTURE/25/94/52a05d6366d45f2e03487252bba6c8029464.udd" 7229
"C:/Users/emanu/AppData/Local/UnrealEngine/Common/DerivedDataCache/Buckets/LegacyTEXTURE/3d/f4/3b0043c40d4055a7fc735e1ebcd098764e0b.udd" 7230
"C:/Users/emanu/AppData/Local/UnrealEngine/Common/DerivedDataCache/Content/7f/5d/167d76294cede711188cc6a4ac562b95a94b.udd" 7231
"C:/Users/emanu/AppData/Local/UnrealEngine/Common/DerivedDataCache/Buckets/LegacyTEXTURE/84/51/bc1567b1a5b9d51a64f4f9629664923ab7c2.udd" 7232
"C:/Users/emanu/AppData/Local/UnrealEngine/Common/DerivedDataCache/Buckets/LegacyTEXTURE/90/b2/bfc7588fd59ac41c7b7aa7055a09abd5b3ca.udd" 7233
"C:/Users/emanu/AppData/Local/UnrealEngine/Common/DerivedDataCache/Buckets/LegacyTEXTURE/75/ab/29acb928e08d73d2083089d26f3b759d32be.udd" 7234
"C:/Users/emanu/AppData/Local/UnrealEngine/Common/DerivedDataCache/Buckets/LegacyTEXTURE/79/a3/81c0e2be1d365c78eba3a2e6ec78f1bb9671.udd" 7235
"C:/Users/emanu/AppData/Local/UnrealEngine/Common/DerivedDataCache/Buckets/LegacyTEXTURE/d3/a0/a664ba67ea5350ae4ea9059bfdc608f65913.udd" 7236
"C:/Users/emanu/AppData/Local/UnrealEngine/Common/DerivedDataCache/Buckets/LegacyTEXTURE/f6/b8/70e12ffb5f7bc8fde042bbed65b925ebe9b9.udd" 7237
"C:/Users/emanu/AppData/Local/UnrealEngine/Common/DerivedDataCache/Buckets/LegacyTEXTURE/3c/94/a58a2c4bdfe76d1ea5affc181952f6d54415.udd" 7238
"C:/Users/emanu/AppData/Local/UnrealEngine/Common/DerivedDataCache/Content/28/84/306b529feb1a8a51d15fb18aa309544a42d8.udd" 7239
"C:/Users/emanu/AppData/Local/UnrealEngine/Common/DerivedDataCache/Buckets/LegacyTEXTURE/03/1e/744ac08a4637adf154c48886d671c9dcb7b2.udd" 7240
"C:/Users/emanu/AppData/Local/UnrealEngine/Common/DerivedDataCache/Buckets/LegacyTEXTURE/d7/04/e96b2b249cfdd0408fb99db255812356806f.udd" 7241
"C:/Users/emanu/AppData/Local/UnrealEngine/Common/DerivedDataCache/Buckets/LegacyTEXTURE/dc/d9/309b80e4237e9d2a0f2f904e63cf310b8ae4.udd" 7242
"C:/Users/emanu/AppData/Local/UnrealEngine/Common/DerivedDataCache/Buckets/LegacyTEXTURE/b4/a5/eb569686666caca5ce022e288d58fa44565e.udd" 7243
"C:/Users/emanu/AppData/Local/UnrealEngine/Common/DerivedDataCache/Buckets/LegacyTEXTURE/ba/a6/623f12ee10393b7e26da972c11c097185f28.udd" 7244
"C:/Users/emanu/AppData/Local/UnrealEngine/Common/DerivedDataCache/Buckets/LegacyTEXTURE/cd/fa/be9bd74fc08a4c37f055bda4404acaed961e.udd" 7245
"C:/Users/emanu/AppData/Local/UnrealEngine/Common/DerivedDataCache/Buckets/LegacyTEXTURE/db/f2/6b7d13b553fd43323633f410ea6568edf61c.udd" 7246
"C:/Users/emanu/AppData/Local/UnrealEngine/Common/DerivedDataCache/Buckets/LegacyTEXTURE/a0/03/2d6b5159a7d9e408d91037702832cee1b78a.udd" 7247
"C:/Users/emanu/AppData/Local/UnrealEngine/Common/DerivedDataCache/Buckets/LegacyTEXTURE/05/f1/3fd28b9daba43f04a9e0951600453392f466.udd" 7248
"C:/Users/emanu/AppData/Local/UnrealEngine/Common/DerivedDataCache/Buckets/LegacyTEXTURE/85/63/9134cc7be48357061e6313341918c70f597b.udd" 7249
"C:/Users/emanu/AppData/Local/UnrealEngine/Common/DerivedDataCache/Buckets/LegacyTEXTURE/91/c9/9a6272801dbdd80d29e7c0406ca115ed97bd.udd" 7250
"C:/Users/emanu/AppData/Local/UnrealEngine/Common/DerivedDataCache/Content/5f/3a/08e17a9e1bd01fd4654d2c21dbd7e7ca0baf.udd" 7251
"C:/Users/emanu/AppData/Local/UnrealEngine/Common/DerivedDataCache/Buckets/LegacyTEXTURE/16/72/c85a6e8aa713f070b1d7cd1cb6e20b62a544.udd" 7252
"C:/Users/emanu/AppData/Local/UnrealEngine/Common/DerivedDataCache/Content/63/28/5c41b1243fa25f0b0244792fefa195448f61.udd" 7253
"C:/Users/emanu/AppData/Local/UnrealEngine/Common/DerivedDataCache/Buckets/LegacyTEXTURE/ca/34/89eff3b1c7d7a81c136f643d3b8de529169c.udd" 7254
"C:/Users/emanu/AppData/Local/UnrealEngine/Common/DerivedDataCache/Buckets/LegacyTEXTURE/6a/8f/9037a57cfcb9ca46c813aefba9296514a0de.udd" 7255
"C:/Users/emanu/AppData/Local/UnrealEngine/Common/DerivedDataCache/Buckets/LegacyTEXTURE/ee/eb/ddba4061cfaed3c18ab3d553f7b952da1928.udd" 7256
"C:/Users/emanu/AppData/Local/UnrealEngine/Common/DerivedDataCache/Buckets/LegacyTEXTURE/cd/56/0285ae8bb9382757c8ff0d409e9658f3a6f7.udd" 7257
"C:/Users/emanu/AppData/Local/UnrealEngine/Common/DerivedDataCache/Buckets/LegacyTEXTURE/18/ad/d935d4f4ac090d44e87369d0bfac7a373780.udd" 7258
"C:/Users/emanu/AppData/Local/UnrealEngine/Common/DerivedDataCache/Buckets/LegacyTEXTURE/f3/5c/13930fc5ed7cb2d1d05af0111f335cd94de5.udd" 7259
"C:/Users/emanu/AppData/Local/UnrealEngine/Common/DerivedDataCache/Buckets/LegacyTEXTURE/cd/1c/5aed9c5b9a0bfa98d92022b561a2a32cb586.udd" 7260
"C:/Users/emanu/AppData/Local/UnrealEngine/Common/DerivedDataCache/Content/08/cf/132530c32d9f65ca955cade303d4111ee955.udd" 7261
"C:/Users/emanu/AppData/Local/UnrealEngine/Common/DerivedDataCache/Buckets/LegacyTEXTURE/e7/58/49176b4a06a5ba97579d909a31e3d2c682a3.udd" 7262
"C:/Users/emanu/AppData/Local/UnrealEngine/Common/DerivedDataCache/Content/06/69/eac1c69a2d64e4c071dc769c4f485955bd60.udd" 7263
"C:/Users/emanu/AppData/Local/UnrealEngine/Common/DerivedDataCache/Buckets/LegacyTEXTURE/de/49/24f7fcbb6b5c19764ecd379d6bf499564cdf.udd" 7264
"C:/Users/emanu/AppData/Local/UnrealEngine/Common/DerivedDataCache/Buckets/LegacyTEXTURE/1d/9b/fe136055067e5ee427f25edba5476f3d356b.udd" 7265
"C:/Users/emanu/AppData/Local/UnrealEngine/Common/DerivedDataCache/Buckets/LegacyTEXTURE/c8/37/dda96c9e9cf7408c668bde376646724b752d.udd" 7266
"C:/Users/emanu/AppData/Local/UnrealEngine/Common/DerivedDataCache/Buckets/LegacyTEXTURE/05/98/77a1aebf955d42b90b5f1dba2c8e8818cd8c.udd" 7267
"C:/Users/emanu/AppData/Local/UnrealEngine/Common/DerivedDataCache/Buckets/LegacyTEXTURE/0e/30/b7d07dcd6a868fa2ab6ef7ccfd6d4258d194.udd" 7268
"C:/Users/emanu/AppData/Local/UnrealEngine/Common/DerivedDataCache/Buckets/LegacyTEXTURE/5f/5d/144d77787881d6ef8ca62ffca1e3e1f32584.udd" 7269
"C:/Users/emanu/AppData/Local/UnrealEngine/Common/DerivedDataCache/Buckets/LegacyTEXTURE/63/21/99d65fecd118c6cf93d97c859fc0da8f82e2.udd" 7270
"C:/Users/emanu/AppData/Local/UnrealEngine/Common/DerivedDataCache/Content/4b/59/072f48e68210a24d0d9df511903e529fee4c.udd" 7271
"C:/Users/emanu/AppData/Local/UnrealEngine/Common/DerivedDataCache/Buckets/LegacyTEXTURE/a5/7d/9335abbe1357b370ce57db17e162a057a6af.udd" 7272
"C:/Users/emanu/AppData/Local/UnrealEngine/Common/DerivedDataCache/Content/20/53/669c8d068a54e3abbdc8591f4aa4a7bfc764.udd" 7273
"C:/Users/emanu/AppData/Local/UnrealEngine/Common/DerivedDataCache/Buckets/LegacyTEXTURE/05/f6/57bb666af9f3ecc124fc4fe5e01035e29b5b.udd" 7274
"C:/Users/emanu/AppData/Local/UnrealEngine/Common/DerivedDataCache/Buckets/LegacyTEXTURE/f0/14/efaf99773248d0cfc0cf202fdb9970cb6f90.udd" 7275
"C:/Users/emanu/AppData/Local/UnrealEngine/Common/DerivedDataCache/Buckets/LegacyTEXTURE/53/33/ea7fc9c659b925fe5d135f0f0f922a8b896e.udd" 7276
"C:/Users/emanu/AppData/Local/UnrealEngine/Common/DerivedDataCache/Buckets/LegacyTEXTURE/9f/88/34d98037d9425db5645651c0e64a0d7b4bd2.udd" 7277
"C:/Users/emanu/AppData/Local/UnrealEngine/Common/DerivedDataCache/Buckets/LegacyTEXTURE/3b/0b/796b4b71b66c977c19dbb103adf66a4d8f09.udd" 7278
"C:/Users/emanu/AppData/Local/UnrealEngine/Common/DerivedDataCache/Buckets/LegacyTEXTURE/8d/d5/e902ba1667b93be2156ac2f095e3a095a65a.udd" 7279
"C:/Users/emanu/AppData/Local/UnrealEngine/Common/DerivedDataCache/Buckets/LegacyTEXTURE/8c/90/22838ce3969938842ecb427bfa0bfec6d0ea.udd" 7280
"C:/Users/emanu/AppData/Local/UnrealEngine/Common/DerivedDataCache/Content/df/ee/2b86941c8b9b02127e7f839dc560456a0566.udd" 7281
"C:/Users/emanu/AppData/Local/UnrealEngine/Common/DerivedDataCache/Buckets/LegacyTEXTURE/c1/e1/a96df8fc3641a83bb53a0fc496541db8ecc7.udd" 7282
"C:/Users/emanu/AppData/Local/UnrealEngine/Common/DerivedDataCache/Buckets/LegacyTEXTURE/2c/86/6bd6df4dc9c950739c74a68cff3caf3e2b19.udd" 7283
"C:/Users/emanu/AppData/Local/UnrealEngine/Common/DerivedDataCache/Buckets/LegacyTEXTURE/d5/a6/81a1a5d063f0b0d72eaac5ac76495251c0d2.udd" 7284
"C:/Users/emanu/AppData/Local/UnrealEngine/Common/DerivedDataCache/Buckets/LegacyTEXTURE/d3/a2/9669029686e7bcd17566b9a34b543108bc2b.udd" 7285
"C:/Users/emanu/AppData/Local/UnrealEngine/Common/DerivedDataCache/Buckets/LegacyTEXTURE/48/8e/4f7b099cc4eb8c2ee3d059635a6b6e1ee065.udd" 7286
"C:/Users/emanu/AppData/Local/UnrealEngine/Common/DerivedDataCache/Buckets/LegacyTEXTURE/21/d6/47a66b0575bed920c3915cf5ea7b40d4d43c.udd" 7287
"C:/Users/emanu/AppData/Local/UnrealEngine/Common/DerivedDataCache/Buckets/LegacyTEXTURE/00/cc/7ec4e6cea527777fcc8e8b4af26ab1c0b0de.udd" 7288
"C:/Users/emanu/AppData/Local/UnrealEngine/Common/DerivedDataCache/Buckets/LegacyTEXTURE/8f/cf/ea0c643545d15ef0b5975a7efa0ff8f461e0.udd" 7289
"C:/Users/emanu/AppData/Local/UnrealEngine/Common/DerivedDataCache/Buckets/LegacyTEXTURE/1b/37/03fd1d3748a5d35846024401c7630f78379f.udd" 7290
"C:/Users/emanu/AppData/Local/UnrealEngine/Common/DerivedDataCache/Buckets/LegacyTEXTURE/ad/ac/87a486dcbe13c694e3b49491a0bfa365d24e.udd" 7291
"C:/Users/emanu/AppData/Local/UnrealEngine/Common/DerivedDataCache/Buckets/LegacyTEXTURE/9d/16/07a2a39e5f16c7ccacc3e30e67f67dd3ddae.udd" 7292
"C:/Users/emanu/AppData/Local/UnrealEngine/Common/DerivedDataCache/Buckets/LegacyTEXTURE/2d/85/a4edf49e1dc207ec5a95b623413e47ee1375.udd" 7293
"C:/Users/emanu/AppData/Local/UnrealEngine/Common/DerivedDataCache/Buckets/LegacyTEXTURE/0c/83/1af7185e3354f02eee90c938a01aa11f65e9.udd" 7294
"C:/Users/emanu/AppData/Local/UnrealEngine/Common/DerivedDataCache/Buckets/LegacyTEXTURE/c1/dc/cdfb4530a23938baa4a61f95cc888f11266f.udd" 7295
"C:/Users/emanu/AppData/Local/UnrealEngine/Common/DerivedDataCache/Buckets/LegacyTEXTURE/21/14/80ca5479a6f09c4519878c63b69eb9de0d94.udd" 7296
"C:/Users/emanu/AppData/Local/UnrealEngine/Common/DerivedDataCache/Buckets/LegacyTEXTURE/28/90/5c66aac5311fd5d746420fa01cfb86704ae8.udd" 7297
"C:/Users/emanu/AppData/Local/UnrealEngine/Common/DerivedDataCache/Buckets/LegacyTEXTURE/ce/99/e95b1a02094bc516944527bb01626173197e.udd" 7298
"C:/Users/emanu/AppData/Local/UnrealEngine/Common/DerivedDataCache/Buckets/LegacyTEXTURE/d0/08/9ea1b0cd3c437227e30b7992dcbda7fb1f7f.udd" 7299
"C:/Users/emanu/AppData/Local/UnrealEngine/Common/DerivedDataCache/Buckets/LegacyTEXTURE/49/cb/051961d71d798dd87fb39613e9cbde1eeb55.udd" 7300
"C:/Users/emanu/AppData/Local/UnrealEngine/Common/DerivedDataCache/Buckets/LegacyTEXTURE/61/b4/2f27f0accd4c092adf9f87fc3903e6390861.udd" 7301
"C:/Users/emanu/AppData/Local/UnrealEngine/Common/DerivedDataCache/Buckets/LegacyTEXTURE/03/80/30d152fbf1e53a4b8efa74dd83980ab636ee.udd" 7302
"C:/Users/emanu/AppData/Local/UnrealEngine/Common/DerivedDataCache/Buckets/LegacyTEXTURE/34/cc/b9a45b9140ecaebb5594a0a2837a9e61712f.udd" 7303
"C:/Users/emanu/AppData/Local/UnrealEngine/Common/DerivedDataCache/Buckets/LegacyTEXTURE/28/f9/073861ba2a7a63aa6acf493dcd363073e433.udd" 7304
"C:/Users/emanu/AppData/Local/UnrealEngine/Common/DerivedDataCache/Buckets/LegacyTEXTURE/63/9e/c8a64ebc978cd3c96048bd5f14afe4c097f9.udd" 7305
"C:/Users/emanu/AppData/Local/UnrealEngine/Common/DerivedDataCache/Buckets/LegacyTEXTURE/79/d0/5ee18e6e8f996f28ebf1f56ce4c679fe02da.udd" 7306
"C:/Users/emanu/AppData/Local/UnrealEngine/Common/DerivedDataCache/Buckets/LegacyTEXTURE/a6/82/526c3fa980a23857dd07e3d96038eb9b954f.udd" 7307
"C:/Users/emanu/AppData/Local/UnrealEngine/Common/DerivedDataCache/Buckets/LegacyTEXTURE/5d/aa/9d556f0da3650554f3ff62dd64032a08a04b.udd" 7308
"C:/Users/emanu/AppData/Local/UnrealEngine/Common/DerivedDataCache/Buckets/LegacyTEXTURE/f1/d5/743d98eaa3fbc55c0bb12382e2e59b53e460.udd" 7309
"C:/Users/emanu/AppData/Local/UnrealEngine/Common/DerivedDataCache/Buckets/LegacyTEXTURE/a9/a6/1e29e44cb5c3f27511b6100e09e02d4bd69e.udd" 7310
"C:/Users/emanu/AppData/Local/UnrealEngine/Common/DerivedDataCache/Buckets/LegacyTEXTURE/bc/04/3b4f504cabe947d6183b536aedd3ccb5830a.udd" 7311
"C:/Users/emanu/AppData/Local/UnrealEngine/Common/DerivedDataCache/Buckets/LegacyTEXTURE/40/73/3d6f66cab8a61ec93ea676634dde6ddf733d.udd" 7312
"C:/Users/emanu/AppData/Local/UnrealEngine/Common/DerivedDataCache/Buckets/LegacyTEXTURE/c2/ea/7b55d6a3c7f54893f0aafce7c7e355e4a93f.udd" 7313
"C:/Users/emanu/AppData/Local/UnrealEngine/Common/DerivedDataCache/Buckets/LegacyTEXTURE/68/86/4655c7bfd350d97ec364f3498d974a74b492.udd" 7314
"C:/Users/emanu/AppData/Local/UnrealEngine/Common/DerivedDataCache/Buckets/LegacyTEXTURE/ed/3a/791e0728c4d0a296e50bf33c641a42bd2059.udd" 7315
"C:/Users/emanu/AppData/Local/UnrealEngine/Common/DerivedDataCache/Buckets/LegacyTEXTURE/5b/eb/755b5e801010d94b483e3e7a78ffc5861b4b.udd" 7316
"C:/Users/emanu/AppData/Local/UnrealEngine/Common/DerivedDataCache/Buckets/LegacyTEXTURE/5a/fe/75eaac40c6bebbfe36c6f5f52020d1024460.udd" 7317
"C:/Users/emanu/AppData/Local/UnrealEngine/Common/DerivedDataCache/Buckets/LegacyTEXTURE/54/ab/bc5f777ac15c043a8e131347bdf5e4013695.udd" 7318
"C:/Users/emanu/AppData/Local/UnrealEngine/Common/DerivedDataCache/Buckets/LegacyTEXTURE/66/6b/d4dcc5daaccb5a453c339ec41263e260bc26.udd" 7319
"C:/Users/emanu/AppData/Local/UnrealEngine/Common/DerivedDataCache/Buckets/LegacyTEXTURE/84/e7/892123f0ec1d8ae649529e5bd0815cee59a4.udd" 7320
"C:/Users/emanu/AppData/Local/UnrealEngine/Common/DerivedDataCache/Buckets/LegacyTEXTURE/1a/a7/17734d6153bf6d012ad1072ef36c07f26cc1.udd" 7321
"C:/Users/emanu/AppData/Local/UnrealEngine/Common/DerivedDataCache/Buckets/LegacyTEXTURE/9d/1f/ff7850316ba46cbd7c9199c30bde57c868c5.udd" 7322
"C:/Users/emanu/AppData/Local/UnrealEngine/Common/DerivedDataCache/Buckets/LegacyTEXTURE/a6/de/00cd4ec5ad1fa9845b12169b2fe8d7451fe8.udd" 7323
"C:/Users/emanu/AppData/Local/UnrealEngine/Common/DerivedDataCache/Buckets/LegacyTEXTURE/06/f5/a1c7e8d9b28e5f1fcb7e96a0e21fd7b23e28.udd" 7324
"C:/Users/emanu/AppData/Local/UnrealEngine/Common/DerivedDataCache/Buckets/LegacyTEXTURE/e9/60/08e64ccb0e326e6f0107644a0b522627645f.udd" 7325
"C:/Users/emanu/AppData/Local/UnrealEngine/Common/DerivedDataCache/Buckets/LegacyTEXTURE/72/4f/005c839577ea47828b45b36d0c5e4a21cefc.udd" 7326
"C:/Users/emanu/AppData/Local/UnrealEngine/Common/DerivedDataCache/Buckets/LegacyTEXTURE/cb/d6/b62d8c8fc2b5ecc7df1c707d9322d2c664bf.udd" 7327
"C:/Users/emanu/AppData/Local/UnrealEngine/Common/DerivedDataCache/Content/b2/2c/79ee493f2e429b7fd1cc3b4fc93a5110e2e7.udd" 7328
"C:/Users/emanu/AppData/Local/UnrealEngine/Common/DerivedDataCache/Buckets/LegacyTEXTURE/89/0d/865543cd0b149eb9584180634cd1347dfab0.udd" 7329
"C:/Users/emanu/AppData/Local/UnrealEngine/Common/DerivedDataCache/Buckets/LegacyTEXTURE/2d/48/99df871125f02865551d268b534864631cb9.udd" 7330
"C:/Users/emanu/AppData/Local/UnrealEngine/Common/DerivedDataCache/Buckets/LegacyTEXTURE/4b/e1/164203215b8f0792a8fb0be37370982f8677.udd" 7331
"C:/Users/emanu/AppData/Local/UnrealEngine/Common/DerivedDataCache/Buckets/LegacyTEXTURE/7c/1d/fcefad4d4fd5e459429b79fbb04f8c0745e9.udd" 7332
"C:/Users/emanu/AppData/Local/UnrealEngine/Common/DerivedDataCache/Buckets/LegacyTEXTURE/fa/b1/080b627b5ce95bdb388d870f51610866e76c.udd" 7333
"C:/Users/emanu/AppData/Local/UnrealEngine/Common/DerivedDataCache/Buckets/LegacyTEXTURE/87/0b/fbd2e0f6cbc12ec526538415ba1da250bc87.udd" 7334
"C:/Users/emanu/AppData/Local/UnrealEngine/Common/DerivedDataCache/Buckets/LegacyTEXTURE/81/2c/01ff09d10532733cff982e3c6df631e1f18a.udd" 7335
"C:/Users/emanu/AppData/Local/UnrealEngine/Common/DerivedDataCache/Buckets/LegacyTEXTURE/47/da/fd5811d813fcc63698df0bbceef1659a4bed.udd" 7336
"C:/Users/emanu/AppData/Local/UnrealEngine/Common/DerivedDataCache/Buckets/LegacyTEXTURE/32/c9/2a682ed907d73c074184e34e9531a52bbaff.udd" 7337
"C:/Users/emanu/AppData/Local/UnrealEngine/Common/DerivedDataCache/Buckets/LegacyTEXTURE/8d/81/9861b0b8eb4c99bb3feee70a8b3fc4814429.udd" 7338
"C:/Users/emanu/AppData/Local/UnrealEngine/Common/DerivedDataCache/Buckets/LegacyTEXTURE/03/89/f0e8b413a8430536e9de30471a29cb67cde3.udd" 7339
"C:/Users/emanu/AppData/Local/UnrealEngine/Common/DerivedDataCache/Buckets/LegacyTEXTURE/04/50/95fdc3c83a682b7f1993dc95ec34f6a103f2.udd" 7340
"C:/Users/emanu/AppData/Local/UnrealEngine/Common/DerivedDataCache/Buckets/LegacyTEXTURE/f7/03/e1d7f28445ee22f49cf1450f160879644b82.udd" 7341
"C:/Users/emanu/AppData/Local/UnrealEngine/Common/DerivedDataCache/Buckets/LegacyTEXTURE/8e/ed/83b043265d0323593aab5173238c223d9260.udd" 7342
"C:/Users/emanu/AppData/Local/UnrealEngine/Common/DerivedDataCache/Buckets/LegacyTEXTURE/5e/22/991d6314185b39dcc561120ebc91dd482397.udd" 7343
"C:/Users/emanu/AppData/Local/UnrealEngine/Common/DerivedDataCache/Buckets/LegacyTEXTURE/23/09/c848c7b141a1f8d2b64a8d64453d0e1d09e8.udd" 7344
"C:/Users/emanu/AppData/Local/UnrealEngine/Common/DerivedDataCache/Buckets/LegacyTEXTURE/d1/75/fb09672c06d9918c05989b4accfa9078fab8.udd" 7345
"C:/Users/emanu/AppData/Local/UnrealEngine/Common/DerivedDataCache/Buckets/LegacyTEXTURE/da/56/c655acbe7b505d6216872c3f883640f223e0.udd" 7346
"C:/Users/emanu/AppData/Local/UnrealEngine/Common/DerivedDataCache/Buckets/LegacyTEXTURE/3d/3f/e47e2e9f28fdab1122957edbc4c93d9cdb47.udd" 7347
"C:/Users/emanu/AppData/Local/UnrealEngine/Common/DerivedDataCache/Buckets/LegacyTEXTURE/aa/26/edc413dc93eeed9ce47ef331f3ea3fc215e8.udd" 7348
"C:/Users/emanu/AppData/Local/UnrealEngine/Common/DerivedDataCache/Buckets/LegacyTEXTURE/d6/7a/dca2f43f363ec6c4ff97dd4d873e51e2380e.udd" 7349
"C:/Users/emanu/AppData/Local/UnrealEngine/Common/DerivedDataCache/Content/c9/00/97de6a9d809dd7ffc39db6a6cd5ab5ac01db.udd" 7350
"C:/Users/emanu/AppData/Local/UnrealEngine/Common/DerivedDataCache/Buckets/LegacyTEXTURE/cf/12/31c637f32f23592a5fe2403250e5fbbb2300.udd" 7351
"C:/Users/emanu/AppData/Local/UnrealEngine/Common/DerivedDataCache/Buckets/LegacyTEXTURE/1a/29/ce3b5c5ad00349e19067d1072f77d403857b.udd" 7352
"C:/Users/emanu/AppData/Local/UnrealEngine/Common/DerivedDataCache/Buckets/LegacyTEXTURE/2a/03/ebc37cbdd1450803feb46269f44e30ed1a1f.udd" 7353
"C:/Users/emanu/AppData/Local/UnrealEngine/Common/DerivedDataCache/Buckets/LegacyTEXTURE/66/75/790568d583a46259f758e7531de9b916c98d.udd" 7354
"C:/Users/emanu/AppData/Local/UnrealEngine/Common/DerivedDataCache/Buckets/LegacyTEXTURE/57/e6/cde95f8d0c418515b92b9af0624967215beb.udd" 7355
"C:/Users/emanu/AppData/Local/UnrealEngine/Common/DerivedDataCache/Buckets/LegacyTEXTURE/8d/fd/6cae59bdbcdb23eee2e49fe9aa2ee2de7bcd.udd" 7356
"C:/Users/emanu/AppData/Local/UnrealEngine/Common/DerivedDataCache/Buckets/LegacyTEXTURE/da/e2/b64a3f04613e3eaf199cd636580faed38329.udd" 7357
"C:/Users/emanu/AppData/Local/UnrealEngine/Common/DerivedDataCache/Content/22/37/d21bff5686507d7c4cd606a830047839d737.udd" 7358
"C:/Users/emanu/AppData/Local/UnrealEngine/Common/DerivedDataCache/Buckets/LegacyTEXTURE/87/25/9ed2c6411690288a776039078aab0fcb5828.udd" 7359
"C:/Users/emanu/AppData/Local/UnrealEngine/Common/DerivedDataCache/Buckets/LegacyTEXTURE/76/61/db55c12f6b02facecfa378a6994206b858b3.udd" 7360
"C:/Users/emanu/AppData/Local/UnrealEngine/Common/DerivedDataCache/Buckets/LegacyTEXTURE/d1/aa/7df82112c5036f95c6c3cc982f7f7c971bbf.udd" 7361
"C:/Users/emanu/AppData/Local/UnrealEngine/Common/DerivedDataCache/Buckets/LegacyTEXTURE/12/35/24e6b37e4741fd0fe963b3dcd070d1d46ea9.udd" 7362
"C:/Users/emanu/AppData/Local/UnrealEngine/Common/DerivedDataCache/Buckets/LegacyTEXTURE/f4/f2/5dd277d56ddff01c031a8c4953a3747ee7ea.udd" 7363
"C:/Users/emanu/AppData/Local/UnrealEngine/Common/DerivedDataCache/Buckets/LegacyTEXTURE/43/9d/b49198c6c1e1fd483151d047b726b1a73299.udd" 7364
"C:/Users/emanu/AppData/Local/UnrealEngine/Common/DerivedDataCache/Buckets/LegacyTEXTURE/8e/e2/5e108089862149c56a9147cbf3c7f766646f.udd" 7365
"C:/Users/emanu/AppData/Local/UnrealEngine/Common/DerivedDataCache/Content/7a/c1/051babb33a3854df200a5a72422d7f8f7949.udd" 7366
"C:/Users/emanu/AppData/Local/UnrealEngine/Common/DerivedDataCache/Buckets/LegacyTEXTURE/6c/85/5aef928c0cc7965884ef879f95a716855a75.udd" 7367
"C:/Users/emanu/AppData/Local/UnrealEngine/Common/DerivedDataCache/Buckets/LegacyTEXTURE/c3/76/aedd9cdff9347e70e7f7dd33eaa4339033db.udd" 7368
"C:/Users/emanu/AppData/Local/UnrealEngine/Common/DerivedDataCache/Buckets/LegacyTEXTURE/ad/93/b0484303db978753d787173e78cb72519602.udd" 7369
"C:/Users/emanu/AppData/Local/UnrealEngine/Common/DerivedDataCache/Buckets/LegacyTEXTURE/27/ae/a5624092d93d269b33cd8a1ddd086e822d4e.udd" 7370
"C:/Users/emanu/AppData/Local/UnrealEngine/Common/DerivedDataCache/Buckets/LegacyTEXTURE/d3/63/d3c8387ddea1acdac70877dddc52945d70e6.udd" 7371
"C:/Users/emanu/AppData/Local/UnrealEngine/Common/DerivedDataCache/Buckets/LegacyTEXTURE/9a/8e/e68b7ff74a416d7b94051662d2b81963ea8e.udd" 7372
"C:/Users/emanu/AppData/Local/UnrealEngine/Common/DerivedDataCache/Buckets/LegacyTEXTURE/2e/15/a928c48905c029928e16d7b133dcc1bb263a.udd" 7373
"C:/Users/emanu/AppData/Local/UnrealEngine/Common/DerivedDataCache/Buckets/LegacyTEXTURE/eb/62/b10914999df095f590ddaa39dd8e655a9873.udd" 7374
"C:/Users/emanu/AppData/Local/UnrealEngine/Common/DerivedDataCache/Buckets/LegacyTEXTURE/3c/4f/759b2230eb97d280e18cc0ac698cf4fa15fc.udd" 7375
"C:/Users/emanu/AppData/Local/UnrealEngine/Common/DerivedDataCache/Buckets/LegacyTEXTURE/f3/6f/708b554e1fa4fd402f81d4b35adf5dde96fd.udd" 7376
"C:/Users/emanu/AppData/Local/UnrealEngine/Common/DerivedDataCache/Buckets/LegacyTEXTURE/8b/20/100cfe6182144f46b397b1b31e20acc294f5.udd" 7377
"C:/Users/emanu/AppData/Local/UnrealEngine/Common/DerivedDataCache/Buckets/LegacyTEXTURE/65/90/714cc844be6f45df8de455c310573531ab64.udd" 7378
"C:/Users/emanu/AppData/Local/UnrealEngine/Common/DerivedDataCache/Buckets/LegacyTEXTURE/e9/f4/283f38682fc5d3bb46425148d0afaecc065c.udd" 7379
"C:/Users/emanu/AppData/Local/UnrealEngine/Common/DerivedDataCache/Buckets/LegacyTEXTURE/51/8a/bafb12b50c8e1c2bdba9aa32cfda477bbb44.udd" 7380
"C:/Users/emanu/AppData/Local/UnrealEngine/Common/DerivedDataCache/Buckets/LegacyTEXTURE/f7/a3/e2680c1c2fcc5e943ba0382b3e289fbc703c.udd" 7381
"C:/Users/emanu/AppData/Local/UnrealEngine/Common/DerivedDataCache/Buckets/LegacyTEXTURE/1a/aa/11807ccfe69beb308377a6226ab5b6c59095.udd" 7382
"C:/Users/emanu/AppData/Local/UnrealEngine/Common/DerivedDataCache/Buckets/LegacyTEXTURE/87/bb/126e801858c2537dcc83e047f44c46578df9.udd" 7383
"C:/Users/emanu/AppData/Local/UnrealEngine/Common/DerivedDataCache/Buckets/LegacyTEXTURE/9a/8e/e8019d3bf067479d380637cb0ffccbb42789.udd" 7384
"C:/Users/emanu/AppData/Local/UnrealEngine/Common/DerivedDataCache/Buckets/LegacyTEXTURE/7c/c6/1eafeece2c2d220953e9e8a91c672879812b.udd" 7385
"C:/Users/emanu/AppData/Local/UnrealEngine/Common/DerivedDataCache/Buckets/LegacyTEXTURE/9d/18/73a76cd536c05d92258d4455f67ddadde497.udd" 7386
"C:/Users/emanu/AppData/Local/UnrealEngine/Common/DerivedDataCache/Buckets/LegacyTEXTURE/b7/5d/c48f323a3a3a1961f128fb48de35db4e1139.udd" 7387
"C:/Users/emanu/AppData/Local/UnrealEngine/Common/DerivedDataCache/Buckets/LegacyTEXTURE/54/33/433b32227d1abebfe387e8de90f8acf0eb37.udd" 7388
"C:/Users/emanu/AppData/Local/UnrealEngine/Common/DerivedDataCache/Buckets/LegacyTEXTURE/68/6e/e5cc36e08f070b31268071856d6a296338fc.udd" 7389
"C:/Users/emanu/AppData/Local/UnrealEngine/Common/DerivedDataCache/Buckets/LegacyTEXTURE/06/2f/a074ae97909ff5c20ac97ac82d9367c9c2f7.udd" 7390
"C:/Users/emanu/AppData/Local/UnrealEngine/Common/DerivedDataCache/Buckets/LegacyTEXTURE/c0/7a/e0dea9f8db3d7e4728716d8529b8828fa275.udd" 7391
"C:/Users/emanu/AppData/Local/UnrealEngine/Common/DerivedDataCache/Buckets/LegacyTEXTURE/69/3c/a9690a695451c99fcef054da053d8eaf98d3.udd" 7392
"C:/Users/emanu/AppData/Local/UnrealEngine/Common/DerivedDataCache/Buckets/LegacyTEXTURE/71/29/a83b5c455e1d849fce20d35e72a7ecd5ff41.udd" 7393
"C:/Users/emanu/AppData/Local/UnrealEngine/Common/DerivedDataCache/Buckets/LegacyTEXTURE/2b/bd/3f3f2d376da507e2447a01d0cceb265cb076.udd" 7394
"C:/Users/emanu/AppData/Local/UnrealEngine/Common/DerivedDataCache/Buckets/LegacyTEXTURE/67/b8/68267ddde6c442459c3ab2f5df182017ff5a.udd" 7395
"C:/Users/emanu/AppData/Local/UnrealEngine/Common/DerivedDataCache/Buckets/LegacyTEXTURE/df/0a/076c2f146ccdc63dc6b5da6703b547454b31.udd" 7396
"C:/Users/emanu/AppData/Local/UnrealEngine/Common/DerivedDataCache/Buckets/LegacyTEXTURE/de/45/14899ae79dc923808d60c75400c74ef984e0.udd" 7397
"C:/Users/emanu/AppData/Local/UnrealEngine/Common/DerivedDataCache/Buckets/LegacyTEXTURE/ed/ce/03310644649d018c21969f71c5e7370c3dc1.udd" 7398
"C:/Users/emanu/AppData/Local/UnrealEngine/Common/DerivedDataCache/Buckets/LegacyTEXTURE/d9/4e/cbfcddb835ef96151366ba9b2f574012d429.udd" 7399
"C:/Users/emanu/AppData/Local/UnrealEngine/Common/DerivedDataCache/Buckets/LegacyTEXTURE/de/44/16f36853e4e792c80ade3d8dd17c8c3834e1.udd" 7400
"C:/Users/emanu/AppData/Local/UnrealEngine/Common/DerivedDataCache/Buckets/LegacyTEXTURE/0b/cc/27ad9920c5bb297ca71d1b7d7e0eb9a4912a.udd" 7401
"C:/Users/emanu/AppData/Local/UnrealEngine/Common/DerivedDataCache/Buckets/LegacyTEXTURE/41/ff/b0fd27bb59f2cd87142e448b871d9a96c0d9.udd" 7402
"C:/Users/emanu/AppData/Local/UnrealEngine/Common/DerivedDataCache/Buckets/LegacyTEXTURE/29/77/b20e1e30dc93f12a620993ae805d7aa4dc37.udd" 7403
"C:/Users/emanu/AppData/Local/UnrealEngine/Common/DerivedDataCache/Buckets/LegacyTEXTURE/01/e5/4e14573517bce7c3afd9d1da57e5aba2349b.udd" 7404
"C:/Users/emanu/AppData/Local/UnrealEngine/Common/DerivedDataCache/Buckets/LegacyTEXTURE/9e/24/06badca29ce844cef7748c5bcf4f8155b449.udd" 7405
"C:/Users/emanu/AppData/Local/UnrealEngine/Common/DerivedDataCache/Buckets/LegacyTEXTURE/e7/98/87cfd5d40594c6a456f5824156916368f336.udd" 7406
"C:/Users/emanu/AppData/Local/UnrealEngine/Common/DerivedDataCache/Buckets/LegacyTEXTURE/2a/11/c0d08b4cfdcf374dafe26b6facf5d5ce461e.udd" 7407
"C:/Users/emanu/AppData/Local/UnrealEngine/Common/DerivedDataCache/Buckets/LegacyTEXTURE/0b/c5/0519a121985abc622cb5886dbdd32109e0b1.udd" 7408
"C:/Users/emanu/AppData/Local/UnrealEngine/Common/DerivedDataCache/Buckets/LegacyTEXTURE/d5/78/12408c27de7a7f04fc87f81d1367a8c63261.udd" 7409
"C:/Users/emanu/AppData/Local/UnrealEngine/Common/DerivedDataCache/Buckets/LegacyTEXTURE/b7/bd/b0c6a3312206bbaa97d5d6a911151161cd84.udd" 7410
"C:/Users/emanu/AppData/Local/UnrealEngine/Common/DerivedDataCache/Buckets/LegacyTEXTURE/50/15/dc86a9738067b274768d5f1af827b46c7393.udd" 7411
"C:/Users/emanu/AppData/Local/UnrealEngine/Common/DerivedDataCache/Buckets/LegacyTEXTURE/c5/fe/9822b9a276f7e7af4b90b27cc8d19de35af1.udd" 7412
"C:/Users/emanu/AppData/Local/UnrealEngine/Common/DerivedDataCache/Buckets/LegacyTEXTURE/1e/50/a878a4b5f7283d258fa0b500980e7a69e56a.udd" 7413
"C:/Users/emanu/AppData/Local/UnrealEngine/Common/DerivedDataCache/Buckets/LegacyTEXTURE/e3/3e/4e93ce8c3f220f135feee607a33520c062a9.udd" 7414
"C:/Users/emanu/AppData/Local/UnrealEngine/Common/DerivedDataCache/Buckets/LegacyTEXTURE/a4/26/a3f58651eabf8abd5f8bb427c87eba2126ec.udd" 7415
"C:/Users/emanu/AppData/Local/UnrealEngine/Common/DerivedDataCache/Buckets/LegacyTEXTURE/c1/44/18dfaad16d3a6cc8633dc66d7de12543eb7d.udd" 7416
"C:/Users/emanu/AppData/Local/UnrealEngine/Common/DerivedDataCache/Buckets/LegacyTEXTURE/75/17/7b1e9eb4c207398c305c7f8f90ca1659496b.udd" 7417
"C:/Users/emanu/AppData/Local/UnrealEngine/Common/DerivedDataCache/Buckets/LegacyTEXTURE/73/53/deedf2bd21cf4b7d41d8362e73d1e6c1aa70.udd" 7418
"C:/Users/emanu/AppData/Local/UnrealEngine/Common/DerivedDataCache/Buckets/LegacyTEXTURE/0a/3d/34b63b2fd78a139e4460e6b51f24898ac4bf.udd" 7419
"C:/Users/emanu/AppData/Local/UnrealEngine/Common/DerivedDataCache/Buckets/LegacyTEXTURE/d2/de/bb0470c48db009901dfc8311462a1f1e4314.udd" 7420
"C:/Users/emanu/AppData/Local/UnrealEngine/Common/DerivedDataCache/Buckets/LegacyTEXTURE/e1/13/edd71ac31a0d550e776689345dbefa44edc4.udd" 7421
"C:/Users/emanu/AppData/Local/UnrealEngine/Common/DerivedDataCache/Buckets/LegacyTEXTURE/6a/23/63a27af42e767131edd602600a95c3a70534.udd" 7422
"C:/Users/emanu/AppData/Local/UnrealEngine/Common/DerivedDataCache/Buckets/LegacyTEXTURE/bb/e7/bc808f601e34c484a90d605ec4a510b5eb7c.udd" 7423
"C:/Users/emanu/AppData/Local/UnrealEngine/Common/DerivedDataCache/Buckets/LegacyTEXTURE/e8/5f/86f1b18a1e2659dc80adb879653041450d82.udd" 7424
"C:/Users/emanu/AppData/Local/UnrealEngine/Common/DerivedDataCache/Buckets/LegacyTEXTURE/95/4e/46910d2ca7522fdcbffb262b11a710455975.udd" 7425
"C:/Users/emanu/AppData/Local/UnrealEngine/Common/DerivedDataCache/Buckets/LegacyTEXTURE/00/26/b7355f3a7230f75fcc2c16f95d2eb52034df.udd" 7426
"C:/Users/emanu/AppData/Local/UnrealEngine/Common/DerivedDataCache/Buckets/LegacyTEXTURE/31/7f/19cb7766255fe24625aadd184168ea91c922.udd" 7427
"C:/Users/emanu/AppData/Local/UnrealEngine/Common/DerivedDataCache/Buckets/LegacyTEXTURE/aa/05/bb2bfa093ffa69464b78648a356c139748bf.udd" 7428
"C:/Users/emanu/AppData/Local/UnrealEngine/Common/DerivedDataCache/Buckets/LegacyTEXTURE/67/e7/23ff885c909058fd20c964faf005e35300c7.udd" 7429
"C:/Users/emanu/AppData/Local/UnrealEngine/Common/DerivedDataCache/Buckets/LegacyTEXTURE/63/6e/391400c7e7a8efb328da47638775e97a3ea9.udd" 7430
"C:/Users/emanu/AppData/Local/UnrealEngine/Common/DerivedDataCache/Buckets/LegacyTEXTURE/e1/f6/b47da76e772d4ed30be88156f13b62895f69.udd" 7431
"C:/Users/emanu/AppData/Local/UnrealEngine/Common/DerivedDataCache/Buckets/LegacyTEXTURE/26/6c/ceccceb9d229e24412dc139bfcbcd25ebc62.udd" 7432
"C:/Users/emanu/AppData/Local/UnrealEngine/Common/DerivedDataCache/Buckets/LegacyTEXTURE/7b/61/86e8e64c89d192d84c8231ca2667fba86457.udd" 7433
"C:/Users/emanu/AppData/Local/UnrealEngine/Common/DerivedDataCache/Buckets/LegacyTEXTURE/4e/f0/68c305dee222a3a164f9be2bfb6c7b4c2739.udd" 7434
"C:/Users/emanu/AppData/Local/UnrealEngine/Common/DerivedDataCache/Buckets/LegacyTEXTURE/21/c9/e2b3f8bcc56a397a2e27cd9429ba6784440c.udd" 7435
"C:/Users/emanu/AppData/Local/UnrealEngine/Common/DerivedDataCache/Buckets/LegacyTEXTURE/bb/3b/eaa69928c924ab20a03d69ce4401ceb1ab40.udd" 7436
"C:/Users/emanu/AppData/Local/UnrealEngine/Common/DerivedDataCache/Buckets/LegacyTEXTURE/b1/4d/0549ca87de1de01a0defade5a4beca89f609.udd" 7437
"C:/Users/emanu/AppData/Local/UnrealEngine/Common/DerivedDataCache/Buckets/LegacyTEXTURE/17/00/6020ef7938df2ecf032d8acf66712e9c42f2.udd" 7438
"C:/Users/emanu/AppData/Local/UnrealEngine/Common/DerivedDataCache/Buckets/LegacyTEXTURE/f6/2c/60981d582e25baf6aef25d56855c8193f55a.udd" 7439
"C:/Users/emanu/AppData/Local/UnrealEngine/Common/DerivedDataCache/Buckets/LegacyTEXTURE/8a/07/4301c93edf4c684b413fd86551d74fae9b13.udd" 7440
"C:/Users/emanu/AppData/Local/UnrealEngine/Common/DerivedDataCache/Buckets/LegacyTEXTURE/cc/8b/2ac5318d2daa1f949a69fb0de20aaa0eeb3f.udd" 7441
"C:/Users/emanu/AppData/Local/UnrealEngine/Common/DerivedDataCache/Buckets/LegacyTEXTURE/2d/8a/7fcb1c9f52b8e0de35f072854419280c321e.udd" 7442
"C:/Users/emanu/AppData/Local/UnrealEngine/Common/DerivedDataCache/Buckets/LegacyTEXTURE/47/65/9f3baa503e956114a3c8ef9f1982165b74c3.udd" 7443
"C:/Users/emanu/AppData/Local/UnrealEngine/Common/DerivedDataCache/Buckets/LegacyTEXTURE/92/a2/78417dbcbfaf37e0271ef3ae2672027c1064.udd" 7444
"C:/Users/emanu/AppData/Local/UnrealEngine/Common/DerivedDataCache/Buckets/LegacyTEXTURE/f2/17/368d5c5349277e66b64d7cab8a7888390ce8.udd" 7445
"C:/Users/emanu/AppData/Local/UnrealEngine/Common/DerivedDataCache/Buckets/LegacyTEXTURE/a0/47/b3c254e23e543de136e6c026c05d172ce3e2.udd" 7446
"C:/Users/emanu/AppData/Local/UnrealEngine/Common/DerivedDataCache/Buckets/LegacyTEXTURE/e3/d1/16b9dda04a2aa9a0a75ca1c7d17c9e734a97.udd" 7447
"C:/Users/emanu/AppData/Local/UnrealEngine/Common/DerivedDataCache/Buckets/LegacyTEXTURE/77/c4/655b5af37d9899076d1d627280c4bfc82210.udd" 7448
"C:/Users/emanu/AppData/Local/UnrealEngine/Common/DerivedDataCache/Buckets/LegacyTEXTURE/e4/e5/e3f61e5b147257f4e2cb404c51b5f4d0979d.udd" 7449
"C:/Users/emanu/AppData/Local/UnrealEngine/Common/DerivedDataCache/Buckets/LegacyTEXTURE/a2/e3/08ea2fafb6622009d3c90b8c7e6603880a82.udd" 7450
"C:/Users/emanu/AppData/Local/UnrealEngine/Common/DerivedDataCache/Buckets/LegacyTEXTURE/ec/7c/9e5f90e011d441d388e779f485a86af0e666.udd" 7451
"C:/Users/emanu/AppData/Local/UnrealEngine/Common/DerivedDataCache/Buckets/LegacyTEXTURE/ba/3f/03c19b45522c2d475382cbd8168154476fe2.udd" 7452
"C:/Users/emanu/AppData/Local/UnrealEngine/Common/DerivedDataCache/Buckets/LegacyTEXTURE/81/59/ccf064eb9a5f9c7903f4765ff829503f04da.udd" 7453
"C:/Users/emanu/AppData/Local/UnrealEngine/Common/DerivedDataCache/Buckets/LegacyTEXTURE/c0/0e/e0ea23adb1d68b36d6003d7d9855e9f82f9b.udd" 7454
"C:/Users/emanu/AppData/Local/UnrealEngine/Common/DerivedDataCache/Buckets/LegacyTEXTURE/50/3e/da9f15e01f28b9ac96903cfaf61f95592941.udd" 7455
"C:/Users/emanu/AppData/Local/UnrealEngine/Common/DerivedDataCache/Buckets/LegacyTEXTURE/51/e9/abcb506632ce7abcac40d05004076b4f8d25.udd" 7456
"C:/Users/emanu/AppData/Local/UnrealEngine/Common/DerivedDataCache/Buckets/LegacyTEXTURE/08/28/ee1610db382e1f0aba6598c3bcbae9b08b93.udd" 7457
"C:/Users/emanu/AppData/Local/UnrealEngine/Common/DerivedDataCache/Buckets/LegacyTEXTURE/0a/8e/0b1b8f9af64d8fe5602f181c1c055dc6cdde.udd" 7458
"C:/Users/emanu/AppData/Local/UnrealEngine/Common/DerivedDataCache/Buckets/LegacyTEXTURE/22/58/0daee621861963ebdb8f47d74481f148e18d.udd" 7459
"C:/Users/emanu/AppData/Local/UnrealEngine/Common/DerivedDataCache/Buckets/LegacyTEXTURE/e0/8b/4155ad8469a4a76076281a96faa0e5e93eba.udd" 7460
"C:/Users/emanu/AppData/Local/UnrealEngine/Common/DerivedDataCache/Buckets/LegacyTEXTURE/7b/be/94fa249cc58948606a2c80103a26ed3f66e0.udd" 7461
"C:/Users/emanu/AppData/Local/UnrealEngine/Common/DerivedDataCache/Buckets/LegacyTEXTURE/1b/c4/2ac76927211cc53a48ceecc9c11eb7d25f91.udd" 7462
"C:/Users/emanu/AppData/Local/UnrealEngine/Common/DerivedDataCache/Buckets/LegacyTEXTURE/d8/4c/ed514531cf034dcb881f806d4e9d9af9790c.udd" 7463
"C:/Users/emanu/AppData/Local/UnrealEngine/Common/DerivedDataCache/Buckets/LegacyTEXTURE/8c/07/239f5703fd8cef07c2ba990a93e4acb8ca46.udd" 7464
"C:/Users/emanu/AppData/Local/UnrealEngine/Common/DerivedDataCache/Buckets/LegacyTEXTURE/ab/1a/bb21482d96891a4ca67d3e1ebbe4bebbac4b.udd" 7465
"C:/Users/emanu/AppData/Local/UnrealEngine/Common/DerivedDataCache/Buckets/LegacyTEXTURE/03/de/ec249487c86e2a7c64b78a1c26ec0ecef011.udd" 7466
"C:/Users/emanu/AppData/Local/UnrealEngine/Common/DerivedDataCache/Buckets/LegacyTEXTURE/82/3f/f3f532e133480b84f06a709af5a9064c8166.udd" 7467
"C:/Users/emanu/AppData/Local/UnrealEngine/Common/DerivedDataCache/Buckets/LegacyTEXTURE/e9/f0/d22d64e3c3b87596865f5febff871c03b4c7.udd" 7468
"C:/Users/emanu/AppData/Local/UnrealEngine/Common/DerivedDataCache/Buckets/LegacyTEXTURE/43/aa/bf73b471b9978dde942a80a2cf856d15d2d7.udd" 7469
"C:/Users/emanu/AppData/Local/UnrealEngine/Common/DerivedDataCache/Buckets/LegacyTEXTURE/ea/35/fe0bc4338ce60e6c3b185984ac58d1b47e4f.udd" 7470
"C:/Users/emanu/AppData/Local/UnrealEngine/Common/DerivedDataCache/Buckets/LegacyTEXTURE/40/43/65f11259a5a204d530e313052b52f78254c5.udd" 7471
"C:/Users/emanu/AppData/Local/UnrealEngine/Common/DerivedDataCache/Buckets/LegacyTEXTURE/c1/a2/cb2a5709deaae6d0cd89abb372e7a292edd5.udd" 7472
"C:/Users/emanu/AppData/Local/UnrealEngine/Common/DerivedDataCache/Buckets/LegacyTEXTURE/4c/ed/c0b06d5913a840a8171783b5b91d5caccb19.udd" 7473
"C:/Users/emanu/AppData/Local/UnrealEngine/Common/DerivedDataCache/Buckets/LegacyTEXTURE/15/c8/6fc6b4018a917bdab89868fdd4d6b1da7d68.udd" 7474
"C:/Users/emanu/AppData/Local/UnrealEngine/Common/DerivedDataCache/Buckets/LegacyTEXTURE/eb/3b/7b091f8aedbb32db7f6e434e16c8c04e1bc7.udd" 7475
"C:/Users/emanu/AppData/Local/UnrealEngine/Common/DerivedDataCache/Buckets/LegacyTEXTURE/de/c0/9254bd28b71fccc3942c0b41ed5f6bb043ad.udd" 7476
"C:/Users/emanu/AppData/Local/UnrealEngine/Common/DerivedDataCache/Buckets/LegacyTEXTURE/d2/26/360aabc6db083e00e8cbc8dd65011af1076d.udd" 7477
"C:/Users/emanu/AppData/Local/UnrealEngine/Common/DerivedDataCache/Buckets/LegacyTEXTURE/50/ba/869fb4629362559e655950ece9b648a89df2.udd" 7478
"C:/Users/emanu/AppData/Local/UnrealEngine/Common/DerivedDataCache/Buckets/LegacyTEXTURE/61/a8/4c16b4a1c04954bb070bfe2b1faa9bca25c7.udd" 7479
"C:/Users/emanu/AppData/Local/UnrealEngine/Common/DerivedDataCache/Buckets/LegacyTEXTURE/db/f9/d4e66e382f56c79cbab03a7832c4db3aee7e.udd" 7480
"C:/Users/emanu/AppData/Local/UnrealEngine/Common/DerivedDataCache/Buckets/LegacyTEXTURE/d6/0a/6396a93de1d726da6f17d532663700b18ae9.udd" 7481
"C:/Users/emanu/AppData/Local/UnrealEngine/Common/DerivedDataCache/Buckets/LegacyTEXTURE/23/87/a75236d82dce1a58a78ee75b60fcdd3524e8.udd" 7482
"C:/Users/emanu/AppData/Local/UnrealEngine/Common/DerivedDataCache/Buckets/LegacyTEXTURE/a2/86/79c173cd942320db6325988a31d18d55c3cf.udd" 7483
"C:/Users/emanu/AppData/Local/UnrealEngine/Common/DerivedDataCache/Buckets/LegacyTEXTURE/3b/3e/2d7777d43462520e799564dc9b79714faaec.udd" 7484
"C:/Users/emanu/AppData/Local/UnrealEngine/Common/DerivedDataCache/Buckets/LegacyTEXTURE/e1/23/722afdbb53ef72177c9ea739146a3805359e.udd" 7485
"C:/Users/emanu/AppData/Local/UnrealEngine/Common/DerivedDataCache/Buckets/LegacyTEXTURE/08/07/c93dc43ba970a7e0cc183769826f29e24c97.udd" 7486
"C:/Users/emanu/AppData/Local/UnrealEngine/Common/DerivedDataCache/Buckets/LegacyTEXTURE/38/57/b8814809ca11880d515e8ef865fba15fb9fa.udd" 7487
"C:/Users/emanu/AppData/Local/UnrealEngine/Common/DerivedDataCache/Buckets/LegacyTEXTURE/b4/ca/8ab7b4649c80198fa58b2f92bb018d8e0f9d.udd" 7488
"C:/Users/emanu/AppData/Local/UnrealEngine/Common/DerivedDataCache/Buckets/LegacyTEXTURE/8f/9d/1deae10b318db452a2f3aa5751dc436a172e.udd" 7489
"C:/Users/emanu/AppData/Local/UnrealEngine/Common/DerivedDataCache/Buckets/LegacyTEXTURE/9f/a2/0422a6da0471488c150e80cd6beee6d5ff6f.udd" 7490
"C:/Users/emanu/AppData/Local/UnrealEngine/Common/DerivedDataCache/Buckets/LegacyTEXTURE/70/44/3557ebb30dd695dcd9c04c068b41ac610ee7.udd" 7491
"C:/Users/emanu/AppData/Local/UnrealEngine/Common/DerivedDataCache/Buckets/LegacyTEXTURE/89/20/e2b139b0498bb86bdd389f10db19f8159acf.udd" 7492
"C:/Users/emanu/AppData/Local/UnrealEngine/Common/DerivedDataCache/Buckets/LegacyTEXTURE/0e/5c/1a40d921c6a964796f76677c7002ea1741a7.udd" 7493
"C:/Users/emanu/AppData/Local/UnrealEngine/Common/DerivedDataCache/Buckets/LegacyTEXTURE/3a/13/58d873d94f2d93d4e7f2142d48da07e79714.udd" 7494
"C:/Users/emanu/AppData/Local/UnrealEngine/Common/DerivedDataCache/Buckets/LegacyTEXTURE/77/e2/f7a3eeae42fdc6e854546a54077248ad3c91.udd" 7495
